node,emb_0,emb_1,emb_2,emb_3,emb_4,emb_5,emb_6,emb_7,emb_8,emb_9,emb_10,emb_11,emb_12,emb_13,emb_14,emb_15,emb_16,emb_17,emb_18,emb_19,emb_20,emb_21,emb_22,emb_23,emb_24,emb_25,emb_26,emb_27,emb_28,emb_29,emb_30,emb_31,emb_32,emb_33,emb_34,emb_35,emb_36,emb_37,emb_38,emb_39,emb_40,emb_41,emb_42,emb_43,emb_44,emb_45,emb_46,emb_47,emb_48,emb_49,emb_50,emb_51,emb_52,emb_53,emb_54,emb_55,emb_56,emb_57,emb_58,emb_59,emb_60,emb_61,emb_62,emb_63
alexandrium,-0.06289249658584595,-0.057850927114486694,0.25902414321899414,-0.005552495829761028,0.1957564800977707,-0.11873733997344971,0.024574922397732735,0.002177396323531866,-0.058591123670339584,-0.058697544038295746,-0.1483587771654129,-0.006070341449230909,-0.1314631998538971,-0.14725947380065918,-0.08049481362104416,-0.03485199064016342,0.05279785394668579,0.08804260194301605,-0.1652529537677765,0.12867537140846252,0.04958116263151169,-0.20082449913024902,-0.11997339129447937,-0.11500855535268784,0.229394793510437,-0.15126316249370575,-0.062071483582258224,0.06972409039735794,0.044808607548475266,0.06159767135977745,-0.15616972744464874,0.04314802587032318,-0.001803771941922605,-0.12040534615516663,0.030291259288787842,0.06083947420120239,0.239846870303154,-0.020111296325922012,0.022115198895335197,0.07284535467624664,0.10176670551300049,-0.06430026888847351,0.07590338587760925,0.13746602833271027,0.020849797874689102,0.13869285583496094,-0.1252056360244751,0.14800766110420227,0.022176822647452354,-0.048280660063028336,0.057074591517448425,0.06276339292526245,-0.03337913379073143,-0.021346786990761757,-0.21710950136184692,-0.1519511342048645,0.13481250405311584,-0.13617072999477386,-0.16846691071987152,0.012605912983417511,-0.038902416825294495,-0.047077812254428864,-0.015546631999313831,0.32934439182281494
dinoflagellate,0.010932939127087593,-0.12270938605070114,0.23009063303470612,0.11757265776395798,0.11675313860177994,-0.07243744283914566,-0.07719630002975464,-0.03605499491095543,-0.04808041825890541,-0.02048395574092865,-0.17575474083423615,0.06828650832176208,-0.11919321119785309,-0.11435338854789734,-0.08702243864536285,-0.05881889909505844,0.03230702131986618,0.08016987890005112,-0.1803913414478302,0.013916311785578728,0.042590830475091934,0.0036607757210731506,-0.16425204277038574,-0.1734466850757599,0.1810017228126526,-0.13249343633651733,-0.05064999684691429,0.15804728865623474,0.019244803115725517,0.05619058385491371,-0.0061759743839502335,-0.035224549472332,-0.016593584790825844,-0.02142968401312828,0.0787702426314354,0.0794641301035881,0.28031331300735474,-0.07073845714330673,-0.04175124317407608,-0.02406618371605873,0.07499608397483826,0.015613638795912266,0.15697477757930756,0.20347005128860474,0.0241734329611063,0.042060401290655136,-0.001543237827718258,-0.019115885719656944,0.005356485955417156,-0.22950293123722076,0.0845995619893074,0.09923763573169708,0.12052784115076065,-0.058101750910282135,-0.3015344738960266,-0.11543057858943939,0.18235048651695251,-0.06654049456119537,-0.055204156786203384,-0.19382888078689575,-0.018743349239230156,0.11093830317258835,0.05381503328680992,0.18567153811454773
saxitoxin,-0.030645068734884262,-0.0631975308060646,0.29893958568573,0.01874132826924324,0.059458520263433456,-0.1476912498474121,0.015117085538804531,-0.03485777974128723,-0.01729358732700348,-0.07026762515306473,-0.08991388231515884,0.004028553608804941,-0.12514585256576538,-0.043604835867881775,-0.23205065727233887,-0.04609058424830437,0.16291405260562897,0.15708167850971222,-0.26790666580200195,0.07616955786943436,0.019908977672457695,-0.10649830847978592,-0.029399631544947624,-0.1850515902042389,0.15693813562393188,-0.12286742031574249,0.030900195240974426,0.029682720080018044,0.053225453943014145,-0.07149405777454376,-0.0085678119212389,0.10211021453142166,-0.012651762925088406,-0.024894213303923607,0.07945068925619125,0.05529682710766792,0.10667456686496735,-0.12115581333637238,0.055437471717596054,-0.010453952476382256,0.0825338363647461,0.03986338526010513,0.05491233989596367,0.2176595777273178,-0.060803093016147614,0.1829688400030136,-0.11193180829286575,0.004827586468309164,0.13387703895568848,-0.06558870524168015,0.1877927929162979,0.14976122975349426,0.07735519111156464,-0.006960198283195496,-0.19047307968139648,-0.08012601733207703,0.13371333479881287,-0.010010335594415665,-0.033320412039756775,-0.11584443598985672,-0.05402230843901634,0.05487911030650139,0.04249262809753418,0.20146030187606812
paralytic_shellfish_poisoning,0.009169132448732853,-0.041160449385643005,0.24837327003479004,-0.044293005019426346,0.04453001171350479,-0.1523004174232483,0.04171137511730194,-0.09363025426864624,-0.09340424090623856,-0.09815578162670135,-0.11410162597894669,-0.05996757745742798,-0.13580136001110077,-0.14998571574687958,-0.058469776064157486,-0.07115605473518372,-0.0005311653949320316,0.0993681252002716,-0.3023648262023926,0.14008192718029022,-0.00177189358510077,-0.14646126329898834,-0.1814400553703308,-0.1430068016052246,0.16346043348312378,-0.09113065898418427,-0.07788553088903427,0.1375855803489685,0.07171444594860077,0.11381886899471283,-0.10992884635925293,0.0005960559356026351,0.09844930469989777,-0.16417384147644043,0.09845522791147232,0.05692378804087639,0.13927996158599854,-0.26907047629356384,-0.010091055184602737,-0.06869839876890182,-0.0565640963613987,-0.015256278216838837,0.16434423625469208,0.22693246603012085,0.00550189521163702,0.08526130020618439,-0.07859162986278534,0.07704794406890869,-0.04041425883769989,-0.08834882080554962,0.0760607197880745,0.15969444811344147,0.08170902729034424,-0.11695841699838638,-0.1874547004699707,-0.16939681768417358,0.1327684372663498,-0.05276770517230034,-0.03609770908951759,-0.042693451046943665,-0.06609727442264557,0.07248324900865555,-0.02942764386534691,0.1784370243549347
dinoflagellates,-0.059439972043037415,0.004035257268697023,0.1768641322851181,0.0959850326180458,0.04529622569680214,-0.06787756830453873,-0.009890034794807434,-0.13529391586780548,-0.06804169714450836,0.0401553250849247,-0.14099469780921936,0.08471964299678802,-0.15828780829906464,-0.0629718005657196,-0.14767928421497345,-0.07786834239959717,0.03889603912830353,0.11987350881099701,-0.18393194675445557,0.06344141066074371,-0.018930189311504364,-0.01817506179213524,-0.1799955815076828,-0.2567529082298279,0.1157359629869461,-0.15234825015068054,0.016272354871034622,0.08496300876140594,-0.02310575358569622,0.03943812847137451,-0.1484501212835312,0.08703263103961945,0.00662162946537137,-0.07511000335216522,0.13534881174564362,0.09865675866603851,0.2714235484600067,-0.08814975619316101,0.03449363633990288,-0.022089654579758644,0.005997670814394951,-0.02396121807396412,0.07538125663995743,0.14191403985023499,-0.10041943937540054,0.19390477240085602,-0.15491636097431183,0.04448257386684418,0.08592967689037323,-0.09433446079492569,0.010559068992733955,0.19253140687942505,0.022661207243800163,-0.05195662006735802,-0.14377473294734955,-0.039935775101184845,0.1643620729446411,-0.16230595111846924,-0.029586073011159897,-0.04671550542116165,0.0014206197811290622,0.12736022472381592,-0.052218902856111526,0.1928616613149643
paralytic_shellfish_toxins,-0.052254386246204376,-0.027935165911912918,0.16242794692516327,0.0510922409594059,0.09967848658561707,-0.07845371961593628,-0.03050578571856022,-0.08285323530435562,-0.09671782702207565,0.009072725661098957,-0.1503177434206009,0.053015854209661484,-0.21993398666381836,-0.06861423701047897,-0.1728592813014984,-0.055881187319755554,0.015091443434357643,0.10222511738538742,-0.24324020743370056,0.04882056638598442,0.04432469978928566,-0.02222462184727192,-0.1173398494720459,-0.17280793190002441,0.17461983859539032,-0.1601853370666504,0.03713081404566765,0.15109771490097046,-0.06984341144561768,0.050326429307460785,-0.08616151660680771,0.04421868547797203,0.08100926876068115,-0.09006009995937347,0.1610678881406784,0.1009751409292221,0.18139830231666565,-0.09539682418107986,0.04037993401288986,0.026839783415198326,0.01435905508697033,-0.008084281347692013,0.22404088079929352,0.13563509285449982,-0.071660116314888,0.18745777010917664,0.004890155047178268,-0.021089691668748856,0.10476067662239075,-0.06348740309476852,-0.03511657938361168,0.05628090351819992,0.07310452312231064,0.05175505951046944,-0.257438600063324,-0.12134870886802673,0.17550823092460632,-0.034829262644052505,-0.10434754937887192,-0.08413776010274887,-0.14835546910762787,0.055453501641750336,0.026054369285702705,0.22584757208824158
toxicity,-0.037221960723400116,-0.1254466325044632,0.3106900155544281,0.1315862387418747,0.013722398318350315,-0.14111503958702087,0.07897848635911942,-0.025597918778657913,0.01817954331636429,-0.07703857868909836,-0.11415543407201767,0.09181110560894012,-0.18522335588932037,0.026023564860224724,-0.16806891560554504,-0.03224105015397072,0.10364764928817749,0.13283860683441162,-0.10341757535934448,0.07491592317819595,0.0016808646032586694,-0.028733523562550545,-0.02991456165909767,-0.09860330075025558,0.24686338007450104,-0.14360876381397247,0.15830139815807343,0.05160052701830864,0.10228947550058365,-0.08907821029424667,-0.07475724816322327,0.09001351147890091,0.031089121475815773,-0.1282500922679901,0.03123972937464714,0.07833833992481232,0.2952274978160858,0.06662023812532425,0.08291150629520416,0.04041547700762749,-0.053014714270830154,-0.03434504568576813,0.16082198917865753,0.2486945390701294,-0.10845978558063507,0.09923195838928223,-0.14690066874027252,0.02913559600710869,0.11578624695539474,-0.1145918071269989,-0.018629278987646103,-0.0016369574004784226,0.016385581344366074,-0.01036871038377285,-0.17896637320518494,-0.09011669456958771,0.10583389550447464,-0.16980303823947906,-0.10592436045408249,-0.22120659053325653,0.03203672170639038,0.019833121448755264,-0.049049749970436096,0.2525233328342438
hplc,-0.0951351448893547,0.016501354053616524,0.3395032584667206,0.2351066619157791,0.09334712475538254,-0.05030796304345131,-0.020773716270923615,-0.0858733206987381,0.06614810228347778,-0.09386960417032242,0.047491405159235,0.08829813450574875,-0.21474826335906982,-0.13270050287246704,-0.12709948420524597,-0.12045446783304214,0.11853707581758499,0.16628342866897583,-0.293323278427124,0.021455250680446625,-0.06440320611000061,0.08424471318721771,-0.09780677407979965,-0.26939791440963745,0.14203469455242157,-0.11639037728309631,-0.00525261415168643,0.1517123430967331,0.057314880192279816,0.04026208072900772,-0.09817415475845337,0.015957627445459366,-0.08410365879535675,-0.05889597535133362,-0.05916960909962654,0.23971928656101227,0.25029295682907104,0.013732942752540112,-0.07442215085029602,-0.03439079225063324,0.05572917312383652,0.07034033536911011,0.1374651938676834,0.17251504957675934,0.060526251792907715,0.2094072550535202,-0.1781146377325058,0.1516849845647812,-0.07208985090255737,-0.06439065933227539,0.17667615413665771,0.01694619469344616,-0.04468001425266266,-0.07673092931509018,-0.0875612199306488,-0.1291816681623459,0.07931633293628693,-0.1417442262172699,-0.029004720970988274,-0.07382376492023468,-0.09065764397382736,0.033717080950737,0.016140423715114594,0.17953462898731232
bloom,-0.0526789166033268,-0.05031009018421173,0.26128414273262024,0.022317631170153618,0.05735153332352638,-0.19794940948486328,0.025529421865940094,0.014318807981908321,-0.1567610800266266,0.01826189085841179,-0.16053742170333862,0.07701168954372406,-0.10937170684337616,-0.08466479927301407,-0.10781175643205643,-0.10084839165210724,0.17183411121368408,0.20504112541675568,-0.20019029080867767,0.0770220160484314,0.02780117467045784,-0.09497629851102829,0.021936843171715736,-0.30206844210624695,0.011655280366539955,-0.3927661180496216,0.017095372080802917,0.14554636180400848,-0.04209431633353233,-0.13656538724899292,-0.11870979517698288,0.01920575462281704,0.029661724343895912,-0.10302355140447617,0.004597141407430172,0.05656883120536804,0.13773104548454285,-0.012604075483977795,-0.013931438326835632,-0.04677325114607811,-0.013749321922659874,-0.03599609434604645,0.23608507215976715,0.23876376450061798,-0.04641628637909889,0.13187706470489502,-0.058564331382513046,-0.00715840607881546,0.07595744729042053,-0.07615252584218979,-0.013236521743237972,-0.02177719958126545,0.024732450023293495,-0.04713680222630501,-0.19429537653923035,-0.08167963474988937,0.1401776671409607,-0.0921073630452156,-0.18105486035346985,-0.0014921174151822925,-0.06724848598241806,0.05867232382297516,-0.06997501850128174,0.14605581760406494
alexandrium_tamarense,0.05350581556558609,0.032840944826602936,0.2997635006904602,0.048908501863479614,0.04709462821483612,-0.10900700837373734,-0.02853773534297943,-0.135051429271698,-0.024148909375071526,-0.08771949261426926,-0.05723676458001137,-0.012482919730246067,-0.14209944009780884,-0.16318008303642273,-0.0928095206618309,0.05789060890674591,-0.03103310614824295,0.17467939853668213,-0.22888831794261932,0.09619351476430893,-0.105555459856987,-0.04771099239587784,-0.03582124039530754,-0.21747003495693207,0.159516379237175,-0.03897035866975784,-0.02466472238302231,0.0350998155772686,0.13728460669517517,-0.02938131056725979,-0.12621529400348663,0.1449972689151764,-0.016967305913567543,-0.0800660103559494,0.12538549304008484,0.15206927061080933,0.018848342821002007,-0.03965427726507187,0.016621777787804604,-0.04786068946123123,0.08186746388673782,-0.10979258269071579,-0.034713272005319595,0.09181628376245499,-0.014608397148549557,0.2333284467458725,-0.20668771862983704,0.06325046718120575,0.1029304787516594,-0.2212153524160385,0.044335223734378815,0.19800107181072235,0.07550341635942459,-0.018635986372828484,-0.18641358613967896,-0.16407105326652527,0.20706382393836975,-0.1730068027973175,-0.19937150180339813,-0.006875264924019575,-0.1450776606798172,0.02699976973235607,-0.2611790597438812,0.16835559904575348
gymnodinium,0.017246566712856293,0.18409331142902374,0.2107921987771988,0.15246790647506714,0.026979949325323105,-0.12429311871528625,0.13736389577388763,0.0839582085609436,-0.040698159486055374,-0.09030729532241821,-0.028063800185918808,-0.06196178123354912,-0.13591943681240082,0.09901352226734161,-0.20715224742889404,-0.10953675210475922,0.11318684369325638,0.1163753792643547,-0.3324757516384125,-0.04052582010626793,-0.05168747529387474,-0.02672673389315605,-0.16708214581012726,-0.10153259336948395,0.07286463677883148,0.009359710849821568,0.0885002389550209,0.2250475287437439,0.010559254325926304,-0.02168853022158146,0.009919505566358566,0.00754266232252121,0.06280029565095901,-0.15115398168563843,0.22163015604019165,0.14457669854164124,0.16843384504318237,-0.2021714746952057,0.010686955414712429,0.07952886074781418,0.026113560423254967,-0.15196916460990906,0.16911956667900085,0.33007124066352844,-0.01875094324350357,0.18165820837020874,0.053337544202804565,-0.058622170239686966,0.07094842195510864,0.0560404434800148,0.25024735927581787,0.22230370342731476,-0.07255157828330994,0.035450197756290436,-0.267511785030365,-0.156564861536026,0.12142984569072723,-0.19239193201065063,-0.0705631673336029,-0.23905907571315765,0.046483442187309265,0.07011547684669495,-0.000942995015066117,0.1365787237882614
gymnodinium_catenatum,-0.18210691213607788,0.0370224192738533,0.20646411180496216,0.140451580286026,0.07636233419179916,-0.10055014491081238,0.039355624467134476,-0.11767852306365967,0.03394864872097969,-0.07567498832941055,-0.11297257244586945,0.050795599818229675,-0.34670379757881165,-0.012168079614639282,-0.11102065443992615,-0.14749392867088318,0.07073166966438293,0.18688136339187622,-0.14021781086921692,-0.030151130631566048,0.004986367654055357,-0.1522027850151062,0.02320891246199608,-0.29188695549964905,0.25132885575294495,-0.045969005674123764,0.15647874772548676,0.1815585494041443,0.10008811950683594,-0.023534029722213745,-0.019852638244628906,0.004609963390976191,-0.04577675834298134,-0.09143662452697754,0.24007049202919006,0.16643452644348145,0.3258589804172516,-0.06419981271028519,0.012975942343473434,0.004243664443492889,0.14770276844501495,0.0022490601986646652,-0.018030056729912758,0.15125077962875366,-0.1166023537516594,0.16761046648025513,0.15949119627475739,-0.14739447832107544,-0.03689584508538246,0.042571064084768295,0.10504409670829773,0.17548389732837677,-0.0575193427503109,-0.13359680771827698,-0.2164386659860611,-0.09600227326154709,0.09007131308317184,0.07231271266937256,0.20000067353248596,-0.18823429942131042,-0.13365763425827026,0.12798188626766205,0.1305777132511139,0.23794414103031158
toxin_production,-0.12011644244194031,-0.07026560604572296,0.2786620557308197,0.13931751251220703,-0.005231677554547787,-0.014138449914753437,0.02394573763012886,0.022019710391759872,-0.10351833701133728,0.01690644584596157,-0.0325445756316185,0.060811303555965424,0.008932367898523808,-0.10666336119174957,-0.14082615077495575,-0.20735856890678406,-0.19071124494075775,0.063474640250206,-0.30014654994010925,0.22997969388961792,0.05448907986283302,-0.1494903415441513,-0.08581876009702682,-0.12774871289730072,0.1615673303604126,-0.09753395617008209,0.05502544716000557,0.11830584704875946,0.18063472211360931,-0.17008933424949646,-0.11171337962150574,0.06832412630319595,0.04006451368331909,-0.036658965051174164,0.02519853785634041,0.2318727672100067,0.32992327213287354,0.16061551868915558,0.011545361950993538,0.11326006799936295,0.044446107000112534,-0.22479143738746643,0.13829834759235382,0.16477175056934357,0.09236675500869751,0.12485350668430328,0.035323843359947205,-0.12930326163768768,0.20131301879882812,-0.13947118818759918,0.1594829112291336,0.1990749090909958,0.06834005564451218,0.05202583596110344,-0.14034263789653778,0.1288476139307022,0.091888926923275,-0.08495435118675232,-0.1055302545428276,-0.029841197654604912,-0.02003573812544346,-0.06208786740899086,-0.10018248111009598,0.18277916312217712
cyanobacteria,0.19018688797950745,-0.14700782299041748,0.29298529028892517,-0.010038288310170174,-0.093019038438797,-0.1772509664297104,-0.08349695056676865,-0.07105553895235062,-0.12405336648225784,-0.04734816029667854,-0.03906792029738426,-0.1498512178659439,-0.09348923712968826,-0.11092004925012589,-0.3386077582836151,-0.15951663255691528,0.1479537934064865,0.3960002064704895,-0.2652026414871216,0.13687363266944885,0.19439689815044403,-0.12000377476215363,-0.10180768370628357,0.026684213429689407,-0.18955963850021362,-0.291553258895874,-0.025226522237062454,-0.08115324378013611,-0.02311125211417675,0.09178412705659866,-0.2089155912399292,0.15781909227371216,0.09257805347442627,-0.010619054548442364,0.02223799005150795,0.19190742075443268,0.031168170273303986,-0.2664039134979248,0.2044256627559662,0.03255293890833855,-0.1491091549396515,-0.10455410927534103,-0.03316131979227066,0.11780541390180588,0.07628707587718964,0.211207315325737,-0.0876360610127449,-0.017128609120845795,-0.03762296214699745,-0.006958283483982086,0.362608402967453,0.1889851838350296,0.07904043048620224,-0.11955387890338898,-0.0550854355096817,0.04947174713015556,0.22242872416973114,-0.18243712186813354,0.029627686366438866,0.025788649916648865,-0.10501376539468765,0.06704431027173996,0.05844595283269882,0.19486004114151
alexandrium_minutum,0.06441093236207962,-0.08425949513912201,0.16955818235874176,0.06848334521055222,0.004591167904436588,-0.21300067007541656,0.03631756454706192,-0.021284572780132294,-0.11327916383743286,-0.09876634925603867,-0.14591099321842194,-0.05211327597498894,-0.2883182764053345,-0.15794257819652557,-0.1050107553601265,-0.14538119733333588,-0.13522487878799438,0.18173882365226746,-0.32343152165412903,0.28342148661613464,-0.08282724022865295,0.037982188165187836,-0.014246264472603798,-0.06595700234174728,0.29420286417007446,-0.0591571219265461,-0.09438447654247284,0.02924829162657261,0.17156855762004852,0.01247573085129261,-0.1097332090139389,-0.006345752160996199,-0.027591850608587265,-0.02758089266717434,0.010931568220257759,0.30249014496803284,0.18239466845989227,0.13790825009346008,0.04946935921907425,0.22984620928764343,-0.08026383072137833,0.03255331516265869,0.20083440840244293,0.13292653858661652,-0.01581047661602497,0.010520529001951218,0.0035758973099291325,0.02897035889327526,0.15041236579418182,-0.37090423703193665,0.02216716669499874,-0.07869525998830795,0.06877541542053223,-0.15912598371505737,-0.2059231400489807,-0.13411031663417816,0.09534808248281479,0.101100392639637,-0.00011351270222803578,-0.050075381994247437,-0.09073573350906372,-0.0016663058195263147,-0.12514622509479523,0.2130017876625061
gonyautoxin,-0.20751824975013733,-0.03975740820169449,0.24919334053993225,0.1442614197731018,0.07052317261695862,-0.10157271474599838,-0.026113184168934822,-0.11158183217048645,0.10810645669698715,-0.11443647742271423,-0.15424758195877075,0.0911765769124031,-0.17404483258724213,-0.20603425800800323,-0.20060332119464874,-0.059344206005334854,-0.0698363184928894,0.049759019166231155,-0.19959756731987,-0.02681272104382515,0.026186028495430946,-0.05260271206498146,-0.1531021147966385,-0.1306113600730896,0.2446773499250412,0.04369440674781799,0.1274927258491516,0.058460984379053116,0.1154656782746315,0.046248629689216614,-0.09766603261232376,0.10423954576253891,0.04691297933459282,0.01853860169649124,0.04280892759561539,0.11516853421926498,0.21826516091823578,-0.10344353318214417,-0.014346257783472538,-0.12698239088058472,-0.017998673021793365,0.04085041210055351,0.19654151797294617,0.16481424868106842,-0.08189958333969116,0.2933511734008789,0.04654541611671448,0.06929397583007812,0.19662240147590637,-0.09613612294197083,0.026266571134328842,0.1058259978890419,0.08238678425550461,-0.0329413004219532,-0.16576386988162994,-0.1056189015507698,0.07612855732440948,-0.129394069314003,-0.12775622308254242,-0.14996008574962616,-0.17198365926742554,-0.04760729894042015,-0.05633518472313881,0.1959512084722519
biosynthesis,0.24417415261268616,-0.16849257051944733,0.047753624618053436,0.033401455730199814,-0.15706099569797516,-0.1798892766237259,0.027595901861786842,-0.19740892946720123,-0.05565076693892479,-0.14192643761634827,-0.17078949511051178,0.0016756337136030197,0.012006539851427078,-0.051289383322000504,-0.3294571340084076,-0.018583184108138084,0.114310622215271,0.22230258584022522,-0.30637064576148987,0.06893197447061539,0.1628645360469818,-0.05606899410486221,-0.22804293036460876,-0.10031331330537796,0.059695225208997726,-0.11332649737596512,-0.05693037435412407,-0.024072248488664627,-0.11919098347425461,0.1309472769498825,-0.08783680200576782,0.1582074612379074,-0.07987867295742035,-0.015438590198755264,0.06727762520313263,-0.08976659923791885,0.13259810209274292,-0.15562616288661957,0.2002360224723816,0.14861589670181274,0.2103537768125534,-0.1474805623292923,0.04447948560118675,0.3502117991447449,-0.10499713569879532,0.08477754890918732,0.051402606070041656,-0.11700962483882904,0.20415332913398743,-0.1633405238389969,0.11377838253974915,0.035620708018541336,-0.06922402232885361,0.04568085819482803,-0.2240113466978073,0.09878610074520111,0.2823421359062195,0.059899527579545975,0.032949719578027725,-0.12140286713838577,-0.035490620881319046,0.10879316180944443,0.008521213196218014,0.3323076665401459
nutrient,-0.12379078567028046,-0.1429568976163864,0.19454336166381836,0.08949117362499237,0.07913374155759811,-0.04558902606368065,0.0027059530839323997,-0.04824738949537277,-0.0026200548745691776,0.23590821027755737,-0.09786926954984665,-0.027522845193743706,-0.10685467720031738,-0.04037090390920639,-0.013619190081954002,-0.14480243623256683,-0.07988923788070679,0.007270230911672115,-0.19226911664009094,0.37684276700019836,0.1361495703458786,-0.14913029968738556,-0.15433068573474884,-0.32464006543159485,0.17964622378349304,-0.22764883935451508,-0.010159171186387539,-0.048758894205093384,0.17066515982151031,-0.023112287744879723,-0.1451846957206726,0.16164563596248627,-0.24025161564350128,-0.2001688927412033,-0.002703571692109108,0.10534018278121948,0.27251365780830383,0.17954888939857483,0.14656226336956024,0.06093506142497063,0.22055749595165253,-0.06395979970693588,0.02886294201016426,0.12238451838493347,0.1346777081489563,-0.010136302560567856,-0.12464376538991928,-0.2773745656013489,0.27432677149772644,-0.08070075511932373,0.15923087298870087,0.11863889545202255,0.1468668282032013,0.0236587505787611,-0.19177931547164917,0.09256349503993988,0.16075173020362854,-0.1474049836397171,-0.2263699322938919,0.12890446186065674,0.1308954358100891,0.09425058960914612,-0.0995255559682846,0.22949619591236115
pyrodinium,-0.11300753802061081,0.16153369843959808,0.31062665581703186,0.023492131382226944,-0.09160369634628296,-0.008429104462265968,-0.028895152732729912,0.17300863564014435,0.12680824100971222,-0.09367027133703232,-0.042017705738544464,0.10712794959545135,-0.20500318706035614,-0.012089124880731106,-0.18545787036418915,-0.08503197878599167,0.3788541257381439,0.13345466554164886,-0.10184066742658615,0.042021285742521286,-0.06148375943303108,-0.34977805614471436,-0.2774057984352112,-0.22197996079921722,0.21716268360614777,-0.23272950947284698,0.21190650761127472,-0.10401680320501328,0.08270832896232605,0.2450030893087387,0.09290529042482376,0.06935285776853561,-0.03434929624199867,-0.03798004239797592,-0.13963639736175537,0.07816515117883682,0.28774723410606384,-0.09615585952997208,-0.16817329823970795,-0.018047988414764404,-0.11423490196466446,0.09031708538532257,0.05199786648154259,0.4312693476676941,-0.13025742769241333,0.23357398808002472,0.0943167582154274,0.055233269929885864,0.23120836913585663,-0.09916894137859344,0.2602596879005432,0.28348308801651,0.03288962319493294,-0.08086396008729935,-0.05108138173818588,-0.05503891780972481,-0.041494499891996384,0.12006210535764694,-0.06096195429563522,0.0879010483622551,0.0831366777420044,0.2645913064479828,-0.07721143960952759,0.07439900934696198
mouse_bioassay,-0.12615060806274414,0.00878150388598442,0.3059599995613098,-0.09777078032493591,0.021879086270928383,-0.2527329921722412,-0.043949492275714874,-0.06150292605161667,0.07653769105672836,0.003952897619456053,-0.22145532071590424,0.12982015311717987,-0.16312283277511597,-0.11080414056777954,-0.10731535404920578,-0.03495744988322258,0.08392129838466644,0.10446612536907196,-0.1914549171924591,-0.0030907790642231703,-0.07675162702798843,-0.1808064877986908,0.01014471985399723,-0.20453794300556183,0.05467723309993744,0.01639183796942234,-0.1268293708562851,0.16018763184547424,0.07784346491098404,-0.0792725458741188,0.07444905489683151,-0.05553518608212471,0.03658322989940643,-0.10812894999980927,0.06670435518026352,0.10189206153154373,0.20490442216396332,-0.1805511862039566,0.0023198046255856752,0.114801324903965,0.0017063082195818424,0.09414587914943695,0.20322859287261963,0.2950598895549774,-0.18460139632225037,0.28936806321144104,-0.0958985984325409,0.18667267262935638,0.09963924437761307,0.05996805801987648,0.024614522233605385,0.13237230479717255,0.04715455323457718,-0.15037591755390167,-0.2004626840353012,-0.2444354146718979,0.3638608455657959,-0.03797758370637894,0.01927134580910206,-0.1333882361650467,0.08268767595291138,0.07775373011827469,-0.1838093400001526,0.11334668099880219
sxta,-0.062384411692619324,-0.11573508381843567,0.06673288345336914,0.09898477047681808,-0.05102294310927391,-0.2604657709598541,-0.04043705016374588,-0.06266206502914429,-0.11382818222045898,0.07261664420366287,-0.23334264755249023,-0.17992271482944489,-0.04224931076169014,-0.14168338477611542,-0.1610821634531021,-0.134756401181221,0.05708000063896179,0.201255202293396,-0.25898391008377075,0.04073462262749672,0.26965659856796265,-0.22766520082950592,-0.025972016155719757,-0.12637117505073547,-0.02171587012708187,-0.36647871136665344,-0.1496041864156723,0.05259978398680687,-0.18359830975532532,0.158167764544487,-0.10901518911123276,0.1770114004611969,0.09953038394451141,0.06101899594068527,0.1499045044183731,-0.1558639258146286,0.17640875279903412,-0.2527983784675598,-0.028972560539841652,0.06913702189922333,-0.21985357999801636,-0.044379983097314835,0.1562000960111618,0.20953050255775452,-0.05584494024515152,0.03819860517978668,0.02159941755235195,-0.2730497121810913,0.16888077557086945,0.01806999184191227,0.17296679317951202,0.18739053606987,-0.08100933581590652,0.01778530888259411,-0.17509625852108002,0.05823598802089691,0.270116925239563,-0.16615451872348785,0.1847463846206665,0.08412565290927887,-0.13265538215637207,0.19765830039978027,0.25681281089782715,0.2918742895126343
gtx,-0.03742760792374611,-0.03362581878900528,0.3709423243999481,0.07853322476148605,0.04897885397076607,-0.07874099165201187,-0.005350638646632433,-0.03505576029419899,-0.024424433708190918,-0.07599030435085297,-0.09476245194673538,-0.002744850004091859,-0.09721288830041885,-0.17429156601428986,-0.1479460746049881,-0.20406697690486908,0.03186039999127388,0.1727907508611679,-0.21031087636947632,0.044654328376054764,0.10782617330551147,-0.23509979248046875,0.011972257867455482,0.0239269882440567,0.30829906463623047,0.06694083660840988,0.06444816291332245,0.08594754338264465,0.10320740193128586,-0.09084071218967438,-0.04942586272954941,0.01494421623647213,0.11730489879846573,0.005997855216264725,0.06743001192808151,0.09645114839076996,0.2555227279663086,0.05644524469971657,-0.03619447350502014,-0.03847571462392807,0.0443204902112484,-0.25346440076828003,0.09118229150772095,0.11266668140888214,0.018100852146744728,0.27948880195617676,0.03737643361091614,0.02590836025774479,0.03242683783173561,-0.08311896026134491,-0.0066353678703308105,0.027340758591890335,-0.0677386149764061,-0.03469770401716232,-0.26228800415992737,-0.04635326564311981,0.08590587228536606,-0.04199983924627304,-0.21791036427021027,-0.09199963510036469,-0.15332168340682983,-0.009157305583357811,-0.015231206081807613,0.31793713569641113
expression,-0.13107839226722717,-0.13467621803283691,0.037266865372657776,-0.026135927066206932,-0.08722978085279465,-0.1297387182712555,0.001017204369418323,-0.043668583035469055,-0.040632862597703934,-0.07217400521039963,-0.1860387772321701,-0.14481355249881744,-0.11700311303138733,-0.06653615832328796,-0.11030702292919159,0.11755973845720291,0.013281489722430706,0.18340910971164703,-0.10821700096130371,0.1799217313528061,0.12437066435813904,-0.029165295884013176,-0.17855148017406464,-0.25413134694099426,0.0767723098397255,-0.26776546239852905,0.0020889160223305225,-0.11476924270391464,-0.06614867597818375,0.24381539225578308,-0.21675311028957367,0.26665714383125305,0.13881921768188477,0.004792659543454647,0.11426188051700592,0.0970958024263382,0.15918336808681488,-0.19864290952682495,0.018142836168408394,0.32788601517677307,-0.024031350389122963,-0.15018756687641144,0.02133765257894993,0.004225199576467276,0.11773880571126938,-0.059549011290073395,-0.016170591115951538,-0.2132614403963089,0.3829183280467987,-0.03359682112932205,0.030928364023566246,0.1040831133723259,0.11640463024377823,-0.2141929417848587,-0.305884450674057,-0.2699340283870697,0.3842000663280487,-0.1195707768201828,0.10333511233329773,-0.17945317924022675,-0.02959197387099266,-0.06423580646514893,0.09105435758829117,0.2255694419145584
temperature,-0.12987098097801208,-0.09319436550140381,0.43274950981140137,0.07922787219285965,0.09104360640048981,-0.1599508672952652,0.18065880239009857,0.17050419747829437,-0.020777717232704163,-0.12346091121435165,0.06483586132526398,-0.05830155685544014,-0.020195839926600456,-0.13495711982250214,-0.07031191140413284,-0.19106897711753845,-0.015660401433706284,0.10022211819887161,-0.08130812644958496,0.2002878189086914,-0.03409257158637047,0.06496768444776535,-0.1623889058828354,-0.07532238215208054,0.39005035161972046,-0.1012769490480423,0.18699026107788086,-0.012597247958183289,0.18311990797519684,-0.09170503169298172,-0.032571032643318176,0.05162571743130684,-0.05998324602842331,-0.13830795884132385,0.0078018601052463055,0.2404562085866928,0.28821438550949097,0.03602809086441994,-0.10465024411678314,-0.20510233938694,0.2510521411895752,0.015092718414962292,0.15429092943668365,0.25736069679260254,-0.062485020607709885,-0.033492811024188995,-0.13562102615833282,0.009725104086101055,0.10829991102218628,-0.1852627694606781,0.021158605813980103,0.09541779011487961,0.03803705796599388,-0.10098598152399063,-0.27338165044784546,0.057922784239053726,0.009336564689874649,0.06780669838190079,-0.22595985233783722,-0.08681090921163559,0.0840112492442131,0.1335740089416504,0.029766352847218513,0.2547976076602936
pyrodinium_bahamense,-0.2389209121465683,-0.09189871698617935,0.4384988844394684,0.08102022856473923,0.11759734898805618,-0.13791246712207794,-0.19912481307983398,-0.0015334752388298512,-0.037490759044885635,0.15081250667572021,-0.09426063299179077,0.15851205587387085,-0.25318458676338196,-0.2127535045146942,-0.34904810786247253,0.011239608749747276,-0.03319655358791351,0.0472995899617672,-0.0683877095580101,-0.11118713766336441,-0.043442439287900925,0.07400307804346085,0.03618964925408363,0.03546705096960068,0.026411255821585655,-0.1591513305902481,0.009831693954765797,0.33502182364463806,0.1005779579281807,0.170329287648201,0.20952332019805908,0.12481587380170822,-0.08766768127679825,0.01560722105205059,-0.10119864344596863,0.10018766671419144,0.347391277551651,-0.02914123609662056,-0.1755639761686325,-0.11401151865720749,-0.025519026443362236,0.2885965406894684,0.02175644040107727,0.3883989751338959,0.006809116341173649,0.06363368779420853,0.04799715802073479,-0.16231907904148102,0.31191471219062805,-0.0543069951236248,0.162125825881958,0.014726725406944752,0.11785247176885605,-0.0762459859251976,-0.11134351789951324,-0.061909742653369904,0.009243658743798733,-0.20410463213920593,0.022388311102986336,-0.0615030899643898,0.08177374303340912,0.37128138542175293,0.06615705043077469,0.30657288432121277
alexandrium_fundyense,0.055524792522192,0.036066699773073196,0.23078018426895142,-0.07317319512367249,-0.014435906894505024,-0.052953410893678665,0.05412724241614342,0.04466111958026886,-0.14373838901519775,0.0969739481806755,-0.04438622295856476,-0.06400786340236664,0.019130434840917587,-0.06772898137569427,0.011100417003035545,-0.04303550720214844,0.04539589211344719,0.1756877452135086,-0.2526695728302002,0.2641298770904541,0.0673818364739418,0.03386195749044418,-0.1187966838479042,-0.286520779132843,0.08519218862056732,-0.2848756015300751,0.014069591648876667,-0.04450593888759613,0.14581617712974548,-0.2086542248725891,-0.12923669815063477,0.07691099494695663,-0.22239713370800018,-0.18212205171585083,0.14918895065784454,0.08929479867219925,0.019635839387774467,-0.11319324374198914,0.22917528450489044,-0.034607190638780594,0.1448965221643448,0.06643830984830856,0.16550865769386292,0.16110536456108093,-0.13688308000564575,0.04939155653119087,-0.03538215905427933,-0.09739293903112411,0.2696748375892639,-0.11095507442951202,-0.12414468824863434,-0.030994869768619537,-0.0010354069527238607,-0.18631863594055176,-0.3606068193912506,-0.012466885149478912,0.30451780557632446,-0.0810590386390686,0.023628465831279755,0.02811473421752453,0.021952757611870766,0.034952934831380844,0.011022346094250679,0.3349365293979645
light,-0.0703064575791359,-0.09753268957138062,0.2092614620923996,0.1575276255607605,-0.08957663178443909,-0.07227899134159088,0.016174642369151115,0.14330251514911652,0.07265284657478333,-0.05600859597325325,0.03241625428199768,0.14488935470581055,-0.01626114919781685,-0.2723303437232971,-0.06985343992710114,-0.1263103187084198,0.10609687864780426,0.02110106684267521,-0.11736391484737396,0.23968379199504852,0.1545497626066208,-0.13910870254039764,-0.127076655626297,-0.10077667981386185,0.20939931273460388,-0.23176614940166473,0.08412831276655197,0.043594881892204285,0.10280497372150421,-0.012787318788468838,-0.14734472334384918,0.07746581733226776,-0.10671728849411011,-0.04379649460315704,0.0002247050142614171,0.22641390562057495,0.2410081923007965,0.05122517794370651,0.06435573101043701,-0.13075688481330872,0.12548895180225372,-0.03834979981184006,0.18705059587955475,0.19374553859233856,-0.032330431044101715,0.07191263884305954,-0.0788469910621643,0.02152964659035206,0.2651301324367523,-0.16223494708538055,-0.043096285313367844,0.10896500200033188,0.15398120880126953,-0.1599396914243698,-0.27992144227027893,-0.0715918317437172,0.09610021859407425,-0.08497218042612076,-0.2339571863412857,-0.12328306585550308,0.10572701692581177,0.049557771533727646,-0.017272936180233955,0.17346759140491486
neosaxitoxin,-0.14112216234207153,-0.09402772784233093,0.44301295280456543,0.016193287447094917,0.2138429582118988,-0.014219770208001137,-0.18899038434028625,0.06427185237407684,0.2007797211408615,-0.21001935005187988,0.021268844604492188,0.0202779583632946,-0.09799086302518845,-0.11526716500520706,-0.10136980563402176,-0.1516202688217163,-0.006018001586198807,0.19769176840782166,-0.10482759773731232,-0.08966626971960068,0.15383724868297577,0.03407500684261322,-0.0870024561882019,-0.060668788850307465,0.2016153782606125,-0.013171638362109661,0.04273500293493271,0.1037602424621582,0.21413752436637878,0.015695249661803246,0.09386630356311798,0.17368824779987335,0.019077995792031288,-0.05455498397350311,-0.00455798814073205,0.09408552944660187,0.31171494722366333,-0.07061643153429031,-0.20456278324127197,0.05859052762389183,0.07293328642845154,-0.017322050407528877,0.040091920644044876,-0.04376738518476486,0.01983453705906868,0.26735618710517883,0.041985996067523956,0.12437736988067627,0.09906626492738724,-0.021027032285928726,0.12277412414550781,0.13830217719078064,-0.04770888388156891,-0.17856474220752716,-0.34924447536468506,-0.006592615507543087,0.2060297280550003,-0.055134568363428116,-0.17187581956386566,-0.08536801487207413,-0.12870405614376068,0.10836601257324219,-0.009054715745151043,0.24697889387607574
nitrogen,-0.05160447955131531,-0.10162372887134552,0.331805557012558,-0.11200236529111862,0.20426787436008453,-0.1867665946483612,0.07136920839548111,-0.0784289762377739,-0.15629902482032776,-0.11286033689975739,-0.011857116594910622,-0.11224077641963959,-0.23145721852779388,-0.1633821278810501,-0.11705059558153152,0.09535524994134903,-0.07280009984970093,0.2958909571170807,-0.11594487726688385,0.23857946693897247,0.0537264347076416,-0.09056908637285233,0.05111641436815262,-0.2295544296503067,0.08719237893819809,-0.26951688528060913,-0.07321639358997345,-0.17478442192077637,0.12219150364398956,-0.032256729900836945,-0.04584841802716255,0.2834833264350891,-0.07916589826345444,-0.12327978760004044,-0.17111337184906006,0.13131122291088104,0.1017533391714096,0.15347358584403992,0.047610245645046234,-0.1060493141412735,0.3520457148551941,-0.10186950862407684,0.020582500845193863,0.07144860923290253,0.3270949423313141,0.0642596185207367,-0.21669727563858032,-0.08720791339874268,0.2875943183898926,-0.1557229906320572,0.20438995957374573,0.04962165653705597,-0.013232343830168247,-0.013231487013399601,-0.25077396631240845,-0.05027345195412636,0.021324755623936653,-0.13631512224674225,-0.1795959174633026,0.02808975800871849,0.13528206944465637,-0.0006065529305487871,-0.2963343560695648,0.2733186185359955
alexandrium_catenella,-0.05358172580599785,0.07345470786094666,0.2340182662010193,0.16120919585227966,0.038683004677295685,-0.17093592882156372,-0.010077545419335365,-0.029310615733265877,-0.01346324011683464,0.06066643446683884,-0.05765421688556671,0.0042294408194720745,-0.17528191208839417,-0.12891046702861786,-0.07560700178146362,0.04703677445650101,0.15284109115600586,0.25519901514053345,-0.14558015763759613,0.09186780452728271,0.020567866042256355,0.24900853633880615,0.015954917296767235,-0.12288821488618851,0.1416245549917221,-0.2766815721988678,0.04822027310729027,0.045340150594711304,-0.07450113445520401,-0.1716732382774353,-0.01992497779428959,0.22883832454681396,-0.06473337858915329,-0.061794206500053406,0.12837369740009308,0.12174253910779953,0.1590508371591568,-0.06145491078495979,-0.005648186895996332,0.1685541719198227,0.01639694534242153,0.016249535605311394,0.07893422991037369,0.055519938468933105,-0.1465366780757904,0.11640077084302902,-0.12876033782958984,-0.18258076906204224,0.26611873507499695,-0.06998375803232193,0.03906507417559624,-0.1257578581571579,0.021776091307401657,-0.06580821424722672,-0.27862781286239624,-0.1419973373413086,0.18035170435905457,-0.12818293273448944,-0.1322089433670044,-0.08785109221935272,-0.04966394603252411,0.24446292221546173,-0.03673773631453514,0.2589448094367981
phylogenetic,0.04172337055206299,-0.017708847299218178,0.2397131770849228,-0.004634174983948469,0.02762797102332115,-0.08387346565723419,-0.03798230364918709,-0.09556971490383148,-0.13268055021762848,-0.12527358531951904,0.008680859580636024,-0.1146332249045372,0.1081840917468071,-0.05832165479660034,-0.261040598154068,-0.22957275807857513,0.08249786496162415,0.16558480262756348,-0.1881396323442459,0.034083567559719086,0.01635555364191532,-0.17522287368774414,-0.1467176079750061,-0.03323015943169594,0.1124550923705101,-0.23112498223781586,-0.18341493606567383,0.05769289284944534,-0.24375943839550018,0.0358964279294014,0.013229780830442905,0.08442079275846481,0.016339104622602463,-0.034202128648757935,0.20412707328796387,0.10334412008523941,0.23958514630794525,-0.15365780889987946,-0.06630953401327133,0.06453611701726913,0.055874694138765335,-0.04550667852163315,-0.0822783038020134,0.25739169120788574,-0.07597647607326508,0.0929918885231018,-0.0704166442155838,0.10900670289993286,0.08499529957771301,-0.1354885697364807,0.18716329336166382,0.33171144127845764,0.005933128297328949,0.03462335839867592,-0.12940722703933716,0.04012978821992874,0.1819583922624588,0.006878237705677748,-0.0382760651409626,-0.014126742258667946,-0.03460166975855827,0.08221340924501419,0.1361248940229416,0.32096561789512634
cyanobacterial,0.09157238155603409,-0.06542644649744034,0.24759237468242645,-0.054544877260923386,-0.0698867067694664,0.05919467657804489,-0.03440699353814125,-0.10441230982542038,-0.1313898116350174,-0.010853140614926815,-0.14353178441524506,-0.0834461897611618,-0.14724664390087128,-0.11697802692651749,-0.23508837819099426,-0.14748282730579376,0.09006169438362122,0.20198433101177216,-0.3356005549430847,0.13786934316158295,0.14621786773204803,-0.014872073195874691,-0.31173616647720337,-0.170782208442688,-0.06270994246006012,-0.3340226411819458,0.03376702591776848,-0.06125212088227272,-0.22558695077896118,0.1758333146572113,-0.21536125242710114,0.13484956324100494,0.1792694628238678,0.041012994945049286,-0.08702048659324646,-0.008820693008601665,0.2393805831670761,-0.35337531566619873,0.2517741620540619,0.13082675635814667,-0.030650410801172256,-0.06179998442530632,0.14457805454730988,0.1941528618335724,-0.14901110529899597,0.13028833270072937,-0.12723295390605927,-0.1364126354455948,0.005733853206038475,0.005001270677894354,0.1610715538263321,0.1660647839307785,-0.011979532428085804,-0.031356412917375565,-0.023890774697065353,0.0524589829146862,0.012798454612493515,0.1325191855430603,-0.07025375217199326,0.08782262355089188,-0.042071033269166946,0.1654723435640335,0.177262544631958,0.28484639525413513
regulation,-0.11234869062900543,0.04743972420692444,0.17291463911533356,-0.03281167522072792,-0.06045740097761154,0.02275249734520912,0.16140297055244446,-0.057650014758110046,-0.04517258703708649,-0.020571690052747726,0.06088540703058243,0.1331539899110794,0.0784684419631958,-0.24099254608154297,-0.20431600511074066,0.10527073591947556,0.05540161952376366,0.3093078136444092,-0.08017852157354355,0.30140018463134766,0.00694262096658349,0.14721210300922394,-0.18311715126037598,-0.10500086843967438,0.07014957070350647,-0.3800300359725952,-0.02819524146616459,0.04155455529689789,-0.18847215175628662,-0.03767647594213486,-0.05144909769296646,0.21896395087242126,-0.024276280775666237,-0.11574491858482361,-0.05727304145693779,0.24743597209453583,0.15371395647525787,0.1642686277627945,0.038015443831682205,0.06773355603218079,0.14655150473117828,-0.15232938528060913,0.06455172598361969,0.01621360145509243,0.01708357408642769,-0.017838120460510254,-0.11152106523513794,-0.152397021651268,0.2674216330051422,-0.1645355373620987,0.169895201921463,0.004655885975807905,0.20299415290355682,0.11176598072052002,-0.32452312111854553,-0.31845661997795105,0.1897161602973938,-0.10876357555389404,0.03227578476071358,-0.03901916369795799,0.03050931543111801,0.10282201319932938,-0.16806794703006744,0.3390081822872162
nitrate,-0.15246140956878662,0.030121659860014915,0.3940247893333435,0.058100104331970215,0.03322286903858185,-0.08330649882555008,0.09509395062923431,0.10788246244192123,-0.005339254159480333,0.062148239463567734,0.03868958353996277,-0.0011118556139990687,0.09472420811653137,-0.19705569744110107,-0.08250165730714798,-0.13157272338867188,-0.15426678955554962,0.0012297705980017781,-0.06651712954044342,0.15280723571777344,0.0742969810962677,0.00358411087654531,-0.19466452300548553,-0.0952683612704277,0.21559332311153412,-0.14909271895885468,0.045122284442186356,0.09241146594285965,0.18370398879051208,-0.026437576860189438,-0.1412915736436844,0.08164073526859283,-0.13570506870746613,-0.22516144812107086,-0.08226315677165985,0.30727335810661316,0.2960374653339386,0.2558830976486206,-0.10806885361671448,0.006484733894467354,0.23770467936992645,-0.06598594039678574,0.2236701250076294,0.2132149487733841,0.035463590174913406,0.004345047753304243,-0.07400913536548615,-0.04637974500656128,0.19299966096878052,-0.06599423289299011,0.03013569302856922,0.026874028146266937,0.08035317808389664,0.040751006454229355,-0.33520394563674927,-0.04332539811730385,0.2106308788061142,-0.08163772523403168,-0.41988539695739746,0.10635554045438766,0.14404110610485077,0.14348511397838593,-0.2619061768054962,0.2251225709915161
mass_spectrometry,-0.15269605815410614,-0.05905858054757118,0.4321061670780182,0.1532718986272812,0.010121247731149197,-0.2655952572822571,-0.004629051778465509,-0.03028002381324768,0.14412739872932434,-0.12102886289358139,-0.17280471324920654,0.03895474225282669,-0.26584839820861816,-0.09462539851665497,-0.28950434923171997,-0.30551669001579285,0.1394978165626526,0.17538776993751526,-0.10582448542118073,-0.06601949036121368,-0.19853650033473969,-0.03876975178718567,-0.004513759631663561,-0.21704645454883575,0.1346960812807083,0.04082765430212021,0.1357458233833313,-0.024629412218928337,0.265137642621994,0.1336020678281784,-0.28472885489463806,0.1600199192762375,0.09766992181539536,-0.09090444445610046,0.02968760021030903,0.1378512680530548,0.12434275448322296,-0.3851270079612732,0.04594900831580162,-0.13431492447853088,-0.18163850903511047,0.10126276314258575,0.14878959953784943,0.11375033855438232,0.022925755009055138,0.16340960562229156,-0.2001989632844925,0.12402056902647018,-0.06838908791542053,0.05225604772567749,0.030113182961940765,0.13887731730937958,0.020894816145300865,-0.051805876195430756,-0.006703390274196863,-0.12952153384685516,0.20232349634170532,-0.031516145914793015,-0.005941927898675203,-0.06556043028831482,-0.2971304655075073,-0.054108574986457825,-0.004209751263260841,0.27150681614875793
saxitoxin_biosynthesis,0.026750348508358,-0.11552903056144714,0.07176262140274048,0.15762580931186676,-0.03038046322762966,-0.09800050407648087,0.04700620099902153,-0.1856139898300171,-0.2613362967967987,-0.03474200889468193,-0.10325761139392853,-0.17526327073574066,0.01190163753926754,-0.21036233007907867,-0.2599336802959442,-0.3146800398826599,0.1680232584476471,0.29158803820610046,-0.2570344805717468,0.1092950701713562,0.05457629635930061,-0.1036594808101654,-0.26511186361312866,0.11959497630596161,0.19706547260284424,-0.13155174255371094,-0.050807155668735504,0.028645141050219536,-0.18852598965168,0.31310486793518066,-0.14775708317756653,0.0664268285036087,-0.041898585855960846,-0.01279544923454523,0.24210454523563385,0.05283394083380699,0.10016672313213348,-0.11363857239484787,-0.05078869313001633,-0.09919587522745132,-0.15318161249160767,-0.17235298454761505,-0.3267083764076233,0.30272912979125977,0.008681055158376694,0.10557553172111511,0.2996128797531128,-0.09782686829566956,0.13777360320091248,-0.2504196763038635,0.18052388727664948,0.11465218663215637,-0.05804462730884552,-0.002502628369256854,-0.21616965532302856,0.055964455008506775,-0.04035481438040733,-0.17606142163276672,-0.030377138406038284,0.06600623577833176,-0.11409879475831985,0.1956690400838852,0.16701559722423553,0.38438382744789124
evolution,0.09793354570865631,-0.024024490267038345,0.047497596591711044,-0.014751103706657887,-0.031783826649188995,0.04051440954208374,0.08045799285173416,-0.18810135126113892,0.011099165305495262,-0.1468634158372879,-0.026520585641264915,-0.02312214858829975,-0.08037456125020981,-0.12632660567760468,-0.1564709097146988,-0.09981732815504074,-0.09736306220293045,0.2014939785003662,-0.3809802830219269,0.22573667764663696,0.06625109165906906,0.06609445810317993,-0.36837390065193176,-0.18910428881645203,-0.02764919213950634,-0.2506692111492157,-0.11388575285673141,0.14094138145446777,-0.21457955241203308,0.16491279006004333,-0.06265246868133545,0.1250748634338379,-0.050654422491788864,0.06422629207372665,0.12099766731262207,0.12438169866800308,0.19362466037273407,-0.16561563313007355,0.06128993257880211,-0.0067609092220664024,0.057340893894433975,-0.11238621920347214,-0.032975874841213226,0.13806746900081635,-0.21653974056243896,0.1472606509923935,0.03177397698163986,-0.0221094973385334,0.16954459249973297,-0.15744584798812866,0.18777969479560852,0.28095462918281555,-0.011573891155421734,-0.06177733466029167,-0.15488114953041077,-0.14915119111537933,0.028021685779094696,-0.11144809424877167,0.24893803894519806,-0.02892336994409561,-0.048429153859615326,0.070794016122818,0.12713906168937683,0.30607369542121887
salinity,-0.14780376851558685,0.07017532736063004,0.40859755873680115,0.15287618339061737,-0.1249687597155571,0.04847709834575653,-0.07588676363229752,0.013355749659240246,-0.014678793027997017,-0.11899320036172867,-0.002562655135989189,-0.028400054201483727,-0.061615996062755585,-0.20044748485088348,-0.1487751007080078,0.021459847688674927,-0.17527391016483307,0.049118153750896454,-0.18375402688980103,0.05966101586818695,0.12962578237056732,-0.2177109718322754,-0.10046248883008957,-0.19620831310749054,0.26364439725875854,-0.052752505987882614,0.08355514705181122,0.053172722458839417,0.10827033966779709,0.04885426163673401,0.03317159041762352,0.09974692016839981,0.05652821063995361,-0.0071693360805511475,-0.19823797047138214,0.05701858922839165,0.25289469957351685,0.12949615716934204,-0.1281479448080063,-0.22784428298473358,0.13169221580028534,-0.13851425051689148,0.2250477820634842,0.3731527626514435,0.08451825380325317,0.15656766295433044,0.03889251500368118,-0.19568905234336853,0.3945777416229248,-0.14822551608085632,-0.06255083531141281,0.037478335201740265,-0.011876704171299934,-0.05161621421575546,-0.184635728597641,-0.019444946199655533,-0.026057390496134758,-0.02971092239022255,-0.3197193145751953,-0.0882323756814003,0.06610675156116486,0.10616788268089294,-0.15815304219722748,0.17461997270584106
harmful_algal_bloom,-0.2866842448711395,-0.059745170176029205,0.48951950669288635,-0.08252868801355362,0.1697443276643753,0.13272933661937714,-0.05065523833036423,-0.10736888647079468,-0.18841883540153503,-0.22130903601646423,-0.29401883482933044,0.11373813450336456,-0.11288201063871384,0.03284970670938492,-0.08896585553884506,0.11336863040924072,0.1647404581308365,-0.0595213919878006,-0.2042962908744812,0.2603937089443207,-0.02612282894551754,-0.10352905094623566,0.06629881262779236,-0.12993015348911285,0.16363383829593658,-0.049834344536066055,0.0021981424652040005,0.22110722959041595,0.08466994017362595,-0.18955589830875397,-0.041040610522031784,0.08198912441730499,-0.14079897105693817,-0.08784718066453934,0.040969740599393845,0.028591245412826538,0.11405952274799347,-0.07977058738470078,0.009181788191199303,-0.10052116215229034,-0.03112809918820858,0.07920872420072556,-0.19380052387714386,0.11927720904350281,-0.14929237961769104,0.19832438230514526,-0.17098158597946167,0.06950150430202484,0.19723378121852875,-0.003172007156535983,-0.0640435516834259,0.06786510348320007,-0.11644645035266876,-0.0418352447450161,-0.2558232247829437,-0.11961165815591812,0.32339388132095337,-0.1505386233329773,-0.051405809819698334,-0.07072225213050842,0.11953767389059067,0.168642058968544,-0.14919231832027435,0.2808706760406494
gene_expression,0.0006211935542523861,0.2316892296075821,-0.06717990338802338,0.1255175769329071,0.19350922107696533,-0.18073037266731262,0.06621190905570984,0.006963190622627735,-0.03852265328168869,-0.09254991263151169,0.059260062873363495,0.009137230925261974,-0.06454215198755264,-0.34379875659942627,0.11310932040214539,0.18548360466957092,0.2005711793899536,0.25945502519607544,-0.17132055759429932,0.20204949378967285,0.04936686158180237,0.25631675124168396,-0.32127469778060913,-0.09315069764852524,0.162994846701622,-0.46090561151504517,-0.055853016674518585,-0.06346475332975388,-0.15054044127464294,-0.11735717207193375,-0.16649797558784485,0.20784485340118408,0.010119136422872543,-0.03219892457127571,0.28253376483917236,0.23688927292823792,0.2273309975862503,-0.28641390800476074,0.05106193944811821,0.36146655678749084,0.030852947384119034,-0.12520000338554382,0.12763339281082153,-0.12664318084716797,0.018517401069402695,0.174494206905365,-0.03347962349653244,0.00017619291611481458,0.29147064685821533,-0.15726441144943237,0.225298210978508,0.12468816339969635,0.25813028216362,-0.2990366220474243,-0.24435576796531677,-0.2888631522655487,0.027218446135520935,-0.26328790187835693,0.049409329891204834,-0.21521314978599548,-0.010521071963012218,0.02294459193944931,-0.03405904397368431,0.15292222797870636
nutrients,-0.1480070799589157,0.026494113728404045,0.3142539858818054,0.007058450952172279,0.04482874646782875,-0.03835906833410263,0.10726939141750336,0.001186753623187542,-0.1485835611820221,-0.10182224214076996,-0.12049824744462967,0.021650703623890877,-0.08490146696567535,-0.17579226195812225,-0.10299722850322723,-0.021056722849607468,-0.0469684861600399,0.0965539738535881,-0.04530259221792221,0.25269967317581177,0.012253053486347198,-0.05772286653518677,-0.10160282999277115,-0.25821372866630554,0.20011557638645172,-0.2644845247268677,-0.02800200879573822,-0.056253306567668915,0.16202639043331146,-0.054065149277448654,-0.12822777032852173,0.10835285484790802,-0.11837875097990036,-0.1449974924325943,-0.1293354332447052,0.11376536637544632,0.10229115188121796,0.20514504611492157,0.07969766855239868,-0.16624926030635834,0.29007405042648315,-0.10587786883115768,0.08836209774017334,0.1967332661151886,0.1695316582918167,0.017927760258316994,0.01467421930283308,-0.2657870650291443,0.3851696252822876,-0.15007643401622772,0.19816423952579498,0.12776562571525574,0.008998574689030647,0.08344661444425583,-0.4055604040622711,-0.04150853678584099,-0.06879143416881561,-0.08705007284879684,-0.11629508435726166,0.08262347429990768,0.2023725062608719,0.09390804916620255,-0.2627507448196411,0.18986590206623077
phylogeny,0.2335510551929474,-0.09282748401165009,0.16376236081123352,-0.006874559447169304,-0.004189287777990103,-0.16077223420143127,0.04693273827433586,-0.11336897313594818,-0.019811203703284264,-0.09693950414657593,-0.27772098779678345,-0.15910270810127258,-0.11829017102718353,0.07106737792491913,-0.37687376141548157,0.02990809828042984,-0.03367932513356209,0.2045300304889679,-0.36274316906929016,0.08447001874446869,0.12726247310638428,-0.08191407471895218,0.020322728902101517,-0.08973370492458344,0.20112842321395874,-0.21487338840961456,0.05405023321509361,0.09918001294136047,-0.08363129198551178,0.03245997801423073,0.07019519060850143,0.13006995618343353,-0.09437648952007294,0.11979258060455322,0.2897149920463562,-0.1260717511177063,-0.009817484766244888,-0.19887946546077728,0.0759759247303009,0.027415437623858452,0.04983138293027878,0.052425481379032135,-0.23628145456314087,0.37037158012390137,-0.5086121559143066,0.30026334524154663,0.1488862931728363,-0.09114555269479752,0.30120617151260376,-0.23889309167861938,0.19078218936920166,0.17085428535938263,-0.028865300118923187,0.15936875343322754,-0.1424800008535385,0.09172473102807999,-0.08476357161998749,-0.12492400407791138,0.15720874071121216,0.0033571908716112375,-0.15527576208114624,0.14022453129291534,0.33778804540634155,0.40975692868232727
phosphorus,0.05017341673374176,0.052090615034103394,0.2425422966480255,-0.005889454390853643,0.22506816685199738,-0.37559831142425537,0.20636311173439026,0.017819441854953766,-0.2963121831417084,-0.07858080416917801,-0.3744664788246155,-0.26178207993507385,-0.028798511251807213,-0.0728112980723381,-0.12468082457780838,0.16629093885421753,-0.21866178512573242,0.03770868107676506,-0.1709447056055069,0.18466585874557495,0.24725253880023956,0.10114739090204239,-0.2006424218416214,-0.3721008896827698,0.21686111390590668,-0.3090088665485382,-0.22483129799365997,0.0441010408103466,0.12567055225372314,0.061634961515665054,-0.14879469573497772,-0.029717037454247475,-0.13186296820640564,-0.1986171156167984,-0.034661855548620224,0.1391943097114563,0.22273148596286774,0.14469210803508759,-0.16285642981529236,0.14679084718227386,0.18641498684883118,0.040332138538360596,0.17283019423484802,0.1982516497373581,0.3013096749782562,-0.12978839874267578,0.1563291698694229,-0.22001788020133972,0.04532279819250107,-0.2335093468427658,0.1435440331697464,-0.022434962913393974,-0.09492708742618561,-0.08334072679281235,-0.3690524101257324,0.11779502779245377,0.29703500866889954,-0.0868900939822197,-0.22385799884796143,0.2278357297182083,-0.09536175429821014,0.12784992158412933,-0.35244831442832947,-0.004808599594980478
phosphate,-0.06360878795385361,0.045592885464429855,0.2629043161869049,0.256618857383728,0.02900061570107937,-0.17008472979068756,0.12036824971437454,-0.09982291609048843,-0.025371216237545013,-0.11605646461248398,-0.13233110308647156,-0.22299325466156006,-0.10698176920413971,-0.28742995858192444,-0.08010098338127136,0.07030712068080902,-0.16423974931240082,0.13466529548168182,-0.16620266437530518,0.11620084196329117,0.19482864439487457,-0.011034026741981506,0.0187117550522089,-0.16060186922550201,0.33255133032798767,-0.0055009485222399235,-0.1086176410317421,-0.1248655915260315,0.0585993230342865,0.15698903799057007,-0.11053977906703949,0.09666141122579575,-0.1473296880722046,-0.0965762659907341,-0.06506703794002533,0.14481504261493683,0.148956298828125,0.3079206645488739,0.16285352408885956,0.026630841195583344,0.28691282868385315,-0.09177763015031815,-0.08912522345781326,0.263237863779068,0.16773423552513123,0.04460886865854263,-0.026232006028294563,-0.3210928440093994,0.17143595218658447,-0.1924833357334137,0.1591637283563614,0.018267272040247917,-0.09078758955001831,-0.07500342279672623,-0.2644551992416382,-0.019374309107661247,0.1952783167362213,-0.19546668231487274,-0.18517808616161346,0.01579923927783966,0.039008330553770065,0.12493297457695007,-0.17858582735061646,0.216875821352005
toxin_biosynthesis,0.09252563118934631,0.04447374492883682,0.1931985467672348,0.004011171404272318,0.11106391251087189,0.05507330968976021,0.022642379626631737,-0.059141725301742554,-0.14857198297977448,0.012651520781219006,-0.1723172664642334,-0.05810707435011864,-0.005200554616749287,-0.23160125315189362,-0.02777175046503544,-0.09751889109611511,-0.1359420120716095,0.28786978125572205,-0.3095329999923706,0.2591782212257385,0.14573819935321808,0.10885785520076752,-0.21697594225406647,-0.23082385957241058,0.06799723953008652,-0.2165919542312622,-0.07833098620176315,-0.10643566399812698,-0.10782133042812347,0.03575344383716583,-0.05547367036342621,0.012676616199314594,0.01876945048570633,0.013400187715888023,-0.0015824188012629747,0.04970715567469597,0.17907008528709412,-0.16330689191818237,0.15005958080291748,-0.010940918698906898,0.12069257348775864,-0.11582447588443756,-0.04514769837260246,0.007681909017264843,0.13454078137874603,0.1323283165693283,-0.03527265042066574,-0.14010293781757355,-0.027466490864753723,-0.36397331953048706,0.09380131959915161,0.21487130224704742,0.008180675096809864,-0.07616136968135834,-0.19505883753299713,0.18749262392520905,0.20383872091770172,-0.05622030422091484,-0.01691906899213791,0.02847880683839321,-0.10047443956136703,-0.03460090607404709,0.09547736495733261,0.3609573245048523
anabaena,-0.02705688402056694,0.08779241144657135,0.17698222398757935,-0.02195730246603489,-0.1553424447774887,-0.060332685708999634,-0.009680046699941158,-0.18018248677253723,-0.3192453980445862,-0.10168583691120148,-0.21477174758911133,-0.0455089807510376,0.03551927208900452,-0.14225444197654724,-0.3650346100330353,0.019258441403508186,-0.099879689514637,0.40492457151412964,-0.18914327025413513,-0.009288123808801174,0.06366902589797974,-0.09312764555215836,-0.24456161260604858,-0.03902381658554077,0.06469477713108063,-0.06488842517137527,0.19191360473632812,-0.039031002670526505,-0.2603136897087097,-0.014181490056216717,-0.3263520896434784,0.003721507266163826,0.23497696220874786,-0.0990140289068222,0.022542020305991173,0.25381752848625183,0.17580677568912506,-0.1874895840883255,0.15396833419799805,0.06886882334947586,-0.24485325813293457,-0.05776144191622734,0.11618638038635254,0.09985099732875824,-0.08494847267866135,0.35947105288505554,-0.015123597346246243,0.0390801727771759,-0.06048562377691269,-0.08181733638048172,0.039333514869213104,0.2519349455833435,-0.07836539298295975,-0.0707150399684906,0.06835559010505676,0.181504026055336,0.4403197169303894,-0.11973144114017487,-0.006289721932262182,-0.06980966031551361,-0.14585745334625244,0.1753365397453308,-0.058477144688367844,0.22706663608551025
lc_ms,-0.19849546253681183,-0.04128195345401764,0.5081974267959595,-0.02503882348537445,0.120033398270607,-0.10382752120494843,-0.5275975465774536,0.0017393296584486961,0.08970334380865097,-0.12192290276288986,-0.1114140972495079,0.10471648722887039,-0.30475232005119324,-0.3385913074016571,-0.17537915706634521,-0.12503840029239655,0.1667294055223465,0.19842006266117096,0.014442871324717999,-0.06638403981924057,-0.021045418456196785,-0.11530513316392899,0.09109422564506531,-0.17671647667884827,0.13441155850887299,-0.07186783105134964,-0.08930601924657822,-0.08786451816558838,0.09047152101993561,0.058414798229932785,-0.16467590630054474,-0.11578352004289627,0.18124891817569733,-0.108885258436203,-0.0667603388428688,0.28262245655059814,0.18937692046165466,-0.424072265625,-0.13472092151641846,0.2203429490327835,0.06525276601314545,0.0892719030380249,0.0506829097867012,0.17462095618247986,0.22745467722415924,0.3551464378833771,0.11242866516113281,0.22554560005664825,0.18114212155342102,0.16192547976970673,0.10653696954250336,0.023800212889909744,0.05086008086800575,0.02644176036119461,-0.1426544338464737,0.07459396123886108,0.09715074300765991,0.0123265590518713,-0.04178180173039436,-0.16760964691638947,-0.13057869672775269,-0.13530823588371277,0.16446322202682495,0.2531861960887909
alexandrium_ostenfeldii,0.18122178316116333,-0.025581559166312218,0.4496335983276367,0.05834208056330681,-0.2061654031276703,-0.0639740601181984,-0.015338761731982231,-0.04701872169971466,0.15640926361083984,-0.44446587562561035,-0.2480284869670868,0.1902172565460205,-0.07924462854862213,-0.18657159805297852,0.0021759376395493746,-0.3613043427467346,-0.008451090194284916,0.16459302604198456,-0.19303196668624878,0.041877370327711105,-0.12769858539104462,-0.07459688931703568,0.1259685605764389,-0.14863714575767517,0.16588401794433594,-0.025998493656516075,-0.24057172238826752,0.22032113373279572,0.26371070742607117,-0.1366882473230362,-0.04813343659043312,-0.23726867139339447,-0.07497670501470566,-0.06436870992183685,-0.1320355236530304,0.06546082347631454,0.1665981262922287,0.05285905674099922,0.2045862078666687,0.13021408021450043,-0.2187833935022354,-0.08738178014755249,0.2172444760799408,0.42092186212539673,-0.004647862631827593,0.0265685822814703,0.06874661147594452,0.05658511817455292,0.04177707061171532,-0.3909917175769806,-0.15812581777572632,-0.033029962331056595,-0.05516676977276802,-0.274709552526474,-0.24936039745807648,-0.16917912662029266,0.1388872265815735,0.058125585317611694,0.09693668782711029,-0.19490104913711548,-0.009411238133907318,-0.17693568766117096,-0.11507982015609741,0.2830919623374939
cyanobacterium,0.13260334730148315,0.126937136054039,0.4248450696468353,0.08312839269638062,-0.08167275041341782,0.00333880796097219,-0.47835567593574524,-0.0739111602306366,-0.07370521873235703,0.12451628595590591,-0.17818905413150787,0.033453818410634995,-0.2651156485080719,-0.2171698659658432,-0.35999611020088196,-0.02132743038237095,0.047413598746061325,0.13790026307106018,-0.09361711144447327,-0.16728167235851288,-0.05166906490921974,0.0031753010116517544,-0.03835773095488548,-0.26059800386428833,-0.019074730575084686,-0.2383286952972412,-0.08488992601633072,-0.12173096090555191,-0.15544208884239197,0.158358633518219,-0.28874269127845764,0.07004369795322418,0.18183018267154694,0.022938910871744156,0.035593245178461075,0.25325649976730347,0.1919442117214203,-0.35213494300842285,0.13679105043411255,0.32357317209243774,0.004213512875139713,0.05543056130409241,-0.017902586609125137,0.2267177402973175,0.08211299031972885,0.21756163239479065,-0.24656181037425995,-0.052738599479198456,0.06127704679965973,-0.015121846459805965,0.02169552631676197,0.20172303915023804,0.1663767397403717,0.03014165721833706,0.03953975811600685,-0.018436884507536888,0.21379266679286957,0.09428465366363525,-0.20852112770080566,0.054740291088819504,-0.16050288081169128,-0.02603304758667946,0.053694792091846466,0.17007970809936523
sxtg,0.15545207262039185,0.11952482908964157,0.1287597119808197,0.0648273155093193,-0.04960243031382561,0.10577840358018875,-0.03343245014548302,-0.03423628956079483,0.12752260267734528,0.040535181760787964,-0.27067452669143677,0.02340458706021309,0.012957483530044556,-0.07199043035507202,-0.014949144795536995,-0.18641676008701324,-0.0671696737408638,0.26532959938049316,-0.36650243401527405,0.25322744250297546,0.27474504709243774,0.12297426909208298,-0.2958722412586212,-0.1657802164554596,-0.19173896312713623,-0.1366967409849167,-0.19701433181762695,0.04203455522656441,-0.1345406025648117,-0.003116006264463067,0.12965382635593414,0.08107446879148483,-0.025204122066497803,0.012063019908964634,0.06596137583255768,-0.20366494357585907,0.2779410183429718,-0.43182024359703064,0.15828785300254822,0.006664368789643049,-0.06751338392496109,-0.1599445343017578,0.04885890334844589,0.026253068819642067,-0.1581447422504425,0.19371867179870605,0.11957228183746338,-0.2996322512626648,0.21649160981178284,-0.06943657994270325,0.22501309216022491,0.18855874240398407,-0.12293840944766998,0.0003624380624387413,-0.39577409625053406,0.010248860344290733,0.231423482298851,-0.10181499272584915,0.09675667434930801,-0.059461817145347595,0.07109052687883377,0.25249043107032776,0.027781084179878235,0.293166846036911
sxt_genes,0.17694875597953796,0.19046323001384735,0.2587878108024597,-0.05871565267443657,-0.11504802852869034,-0.02415010891854763,-0.0062755499966442585,-0.06300625205039978,-0.01304115355014801,0.061808012425899506,0.018394840881228447,-0.13778987526893616,-0.10899128019809723,-0.018197836354374886,-0.18414245545864105,-0.20751093327999115,0.06545019894838333,0.42128321528434753,-0.1751890629529953,-0.0018394974758848548,-0.005453911144286394,-0.10812874138355255,-0.09610553085803986,-0.0559040866792202,-0.04345836862921715,-0.1138104721903801,-0.1504659503698349,-0.14350108802318573,-0.029050210490822792,0.2882213592529297,0.14873315393924713,-0.0038875453174114227,-0.0848231092095375,-0.14079006016254425,0.10305123031139374,0.0822816789150238,0.07431857287883759,-0.16892261803150177,0.26255205273628235,-0.028765393421053886,-0.015576144680380821,0.023358481004834175,-0.07115598022937775,0.37438154220581055,0.0022950873244553804,0.1413048654794693,0.2038801610469818,-0.15969106554985046,0.12292566150426865,-0.12059386074542999,0.3315672278404236,0.2107323408126831,-0.06772399693727493,-0.06160173937678337,-0.26106351613998413,-0.0843934565782547,0.1513138711452484,-0.18847481906414032,0.34160834550857544,0.014288308098912239,0.03471822664141655,0.09094435721635818,0.197597935795784,0.49800872802734375
transcriptome,-0.011341197416186333,0.04807331785559654,0.17010588943958282,0.10985828936100006,-0.20868752896785736,0.2545432150363922,-0.11238910257816315,-0.029695171862840652,-0.19703581929206848,-0.04742279276251793,-0.19768044352531433,0.20629124343395233,0.10103453695774078,-0.27072063088417053,0.10140929371118546,0.07047863304615021,-0.0034109356347471476,0.20396417379379272,-0.149099200963974,0.51592618227005,0.2232813984155655,-0.06782534718513489,-0.1960984468460083,-0.1424243003129959,-0.12922456860542297,-0.5120605230331421,-0.023009397089481354,0.10578658431768417,-0.24739620089530945,-0.25593775510787964,-0.2145112305879593,0.06509029120206833,0.015083984471857548,0.019181786105036736,0.024676764383912086,0.22348281741142273,0.10092010349035263,-0.3231362998485565,0.03581445664167404,-0.15337516367435455,-0.18884775042533875,-0.24978677928447723,-0.008213846012949944,0.014173329807817936,-0.1331242322921753,0.12383171916007996,0.04348628222942352,-0.19242636859416962,0.23273909091949463,-0.20216837525367737,0.018568120896816254,0.05574481561779976,0.14524540305137634,0.0811367928981781,-0.24891942739486694,-0.09969533234834671,0.1830187290906906,-0.1594780534505844,-0.010440653190016747,-0.08451821655035019,0.00716110086068511,0.09541347622871399,-0.1123516783118248,0.2778112292289734
cylindrospermopsis,0.024784790351986885,0.25800853967666626,0.3765374720096588,0.2620971202850342,-0.09391151368618011,0.2515295147895813,-0.297549843788147,-0.04400413855910301,-0.21093665063381195,-0.10035669058561325,0.032772306352853775,-0.0072608632035553455,-0.11853809654712677,-0.22088490426540375,-0.3557952344417572,-0.05109953507781029,0.0397685244679451,0.37298712134361267,-0.2514410614967346,-0.0988030806183815,-0.17055077850818634,0.06073613464832306,-0.2511114478111267,-0.0926596075296402,0.05303750932216644,-0.24292346835136414,0.21495400369167328,-0.15269309282302856,-0.19553954899311066,0.12319345027208328,-0.43780481815338135,0.16797778010368347,0.14919744431972504,0.024638168513774872,-0.1940535306930542,0.3297726511955261,0.0808863490819931,-0.187974750995636,0.21033670008182526,0.220099538564682,-0.26572608947753906,0.03189605847001076,0.13342131674289703,0.03565404191613197,0.09442543983459473,0.18101108074188232,-0.29730674624443054,-0.12749086320400238,-0.0553290992975235,-0.16126501560211182,0.1411469280719757,0.26102492213249207,-0.04979371279478073,0.08738354593515396,0.23036505281925201,0.1759534329175949,0.3153955638408661,0.044539980590343475,0.06664673238992691,0.11878013610839844,-0.3407628536224365,0.1768198311328888,0.11873110383749008,0.3795190751552582
liquid_chromatography,0.035685598850250244,-0.053003668785095215,0.3140636384487152,0.207204669713974,-0.05407176539301872,-0.11363212019205093,-0.16937711834907532,-0.07445665448904037,0.0009512638789601624,0.035863421857357025,-0.14066889882087708,0.24715740978717804,-0.3771360516548157,0.049510348588228226,-0.276994913816452,0.03290599212050438,0.03742370381951332,0.009684520773589611,-0.3039996922016144,0.030064791440963745,0.0650826245546341,-0.15260779857635498,0.13247638940811157,-0.2227620631456375,0.1839555948972702,0.16816531121730804,-0.032977718859910965,0.20668505132198334,0.21138761937618256,0.06948063522577286,0.04543331637978554,0.013340609148144722,0.11811891198158264,0.05611370503902435,0.1353045105934143,0.27079734206199646,0.3143215477466583,-0.0944870337843895,-0.20218956470489502,0.0781695768237114,-0.04088316857814789,-0.044890373945236206,0.0403265543282032,0.1642574518918991,0.08662152290344238,0.348565936088562,-0.09428266435861588,0.25550180673599243,-0.016511771827936172,-0.1137571707367897,0.015596199780702591,0.06608197838068008,-0.009168971329927444,0.02757696434855461,-0.09623564779758453,-0.025153163820505142,0.28638356924057007,-0.1524118036031723,-0.08304735273122787,-0.31685009598731995,-0.164671391248703,-0.13902953267097473,-0.09816282987594604,0.18032890558242798
aphanizomenon,0.03197154030203819,-0.10769390314817429,0.4143120050430298,-0.03765743598341942,-0.0948905423283577,0.023828672245144844,-0.10249083489179611,-0.2690132260322571,-0.12337461858987808,0.06977952271699905,-0.12027529627084732,0.012379390187561512,-0.03516986221075058,-0.03308143466711044,-0.3799687325954437,-0.19980591535568237,0.21380190551280975,0.3492524325847626,-0.19478070735931396,-0.05204038694500923,0.0035652939695864916,-0.16766011714935303,-0.25259676575660706,-0.04473109543323517,-0.1092011108994484,-0.14909891784191132,0.21865734457969666,0.08299744129180908,-0.16491270065307617,0.06511324644088745,-0.3077726662158966,0.0009978266898542643,0.11466535925865173,-0.06551071256399155,-0.03575636446475983,0.24747218191623688,0.2362353652715683,-0.0847075954079628,0.19521208107471466,0.23191413283348083,-0.05725659057497978,-0.25953787565231323,-0.09435873478651047,0.33853161334991455,-0.09232891350984573,0.3468892276287079,0.033659927546978,-0.09996266663074493,-0.18943345546722412,0.22656826674938202,0.2243509143590927,0.2435351312160492,0.014061236754059792,-0.14494109153747559,0.12258227914571762,-0.018859025090932846,0.13400861620903015,-0.11202096939086914,-0.16259779036045074,0.12193169444799423,-0.040850311517715454,0.2016272395849228,0.05078874155879021,0.18140709400177002
elisa,-0.03335770592093468,0.025115445256233215,0.4455931782722473,-0.036471400409936905,-0.043024711310863495,-0.1265355944633484,-0.039431631565093994,-0.003938507754355669,-0.011129639111459255,0.010753379203379154,-0.05419377237558365,0.18677641451358795,-0.30508071184158325,0.05347967520356178,-0.2288854420185089,-0.1853727251291275,0.11008784919977188,0.14688369631767273,-0.2752327024936676,0.08995593339204788,-0.13679547607898712,-0.1704326719045639,-0.10687770694494247,-0.4024037718772888,0.06349598616361618,-0.09041599184274673,-0.018539397045969963,0.27807122468948364,0.2950618863105774,-0.08156607300043106,0.0448945127427578,-0.08448123931884766,0.18291793763637543,-0.0748792514204979,0.024522174149751663,0.13482530415058136,0.2791769504547119,-0.12019766867160797,-0.3577940762042999,-0.09152763336896896,-0.28901222348213196,0.00500315148383379,0.2435297966003418,0.20111149549484253,0.07198581099510193,0.09102299064397812,-0.06986414641141891,0.1455770581960678,0.09135977178812027,-0.11206985265016556,0.09006448090076447,0.11688558757305145,0.09499366581439972,-0.09277089685201645,-0.07345740497112274,-0.034617144614458084,0.17492172122001648,0.015165596269071102,0.28344324231147766,-0.10368276387453079,-0.2279626727104187,0.10472787171602249,-0.08231712877750397,-0.024250397458672523
climate,-0.01296531967818737,-0.06624498963356018,0.42039570212364197,-0.019299067556858063,0.2522982656955719,0.13540561497211456,-0.020913979038596153,0.025859471410512924,-0.005593633279204369,0.17129500210285187,-0.3395601809024811,-0.11754292249679565,-0.09450910240411758,0.08213452994823456,0.05290978029370308,-0.0069815609604120255,-0.11129298806190491,0.2829049825668335,-0.3505823016166687,0.34401074051856995,0.3594019412994385,-0.20529893040657043,-0.03632113337516785,-0.28628551959991455,-0.08073223382234573,-0.21146640181541443,0.05324341356754303,0.0841882973909378,0.06678204983472824,-0.14468614757061005,0.1864374876022339,0.04285132884979248,0.009307408705353737,-0.029067881405353546,-0.10412656515836716,-0.20844995975494385,0.27647316455841064,-0.30465075373649597,-0.0754135474562645,-0.2725474536418915,-0.12721645832061768,-0.05343848094344139,0.06504593044519424,-0.09767382591962814,0.22252902388572693,0.30281153321266174,-0.12982024252414703,-0.11319693922996521,-0.21378053724765778,-0.1089588925242424,0.18286262452602386,0.039613500237464905,-0.059703171253204346,0.012715727090835571,-0.272397518157959,0.07214502990245819,0.27765870094299316,-0.19609415531158447,-0.18866339325904846,0.05319187045097351,-0.06103835254907608,0.038587648421525955,0.008420374244451523,0.3011147379875183
transcriptomic,0.10824959725141525,0.03331909328699112,0.10284174978733063,-0.014970306307077408,-0.09524203091859818,-0.09577863663434982,-0.04272449016571045,0.02588942088186741,-0.1414724886417389,0.08427581191062927,0.13623277842998505,-0.2236623913049698,-0.1780044585466385,-0.12813693284988403,0.2718058228492737,0.21295076608657837,-0.11323879659175873,0.1418190747499466,-0.19535821676254272,0.251530259847641,0.1830826699733734,-0.03252532333135605,-0.1790793091058731,-0.22231456637382507,0.12590119242668152,-0.36419689655303955,-0.007893587462604046,0.02270297333598137,-0.1050339937210083,0.13260644674301147,-0.04635392501950264,0.22349989414215088,0.12510426342487335,-0.13839949667453766,0.058629073202610016,0.2562655806541443,0.18836495280265808,-0.1199173703789711,-0.17660188674926758,0.21574820578098297,0.15837207436561584,-0.2187541425228119,0.055122364312410355,0.11626136302947998,-0.059991125017404556,-0.11236733198165894,-0.27008840441703796,-0.13369952142238617,0.18546268343925476,-0.16784650087356567,-0.05598821863532066,0.10682856291532516,0.061702579259872437,-0.33153006434440613,-0.22660726308822632,-0.15750111639499664,0.29669642448425293,-0.1478993445634842,-0.19600464403629303,-0.15161247551441193,0.15024402737617493,0.24061597883701324,0.007385801523923874,0.30507296323776245
horizontal_gene_transfer,0.40841779112815857,0.029304636642336845,-0.021793710067868233,0.09867135435342789,-0.02729046531021595,-0.1447630375623703,0.13063845038414001,-0.22069460153579712,0.05483445152640343,-0.06172964721918106,-0.1336723119020462,0.15662673115730286,-0.25044941902160645,0.09088589251041412,-0.3741391897201538,-0.03276662901043892,-0.12131986767053604,0.22718627750873566,-0.19813299179077148,0.1391584873199463,0.24172820150852203,0.18202243745326996,-0.1997562050819397,-0.13329653441905975,-0.06568987667560577,-0.2771725654602051,-0.11812905222177505,0.09726652503013611,-0.3014080226421356,0.4024263918399811,0.11089769750833511,0.1690678596496582,-0.10197180509567261,0.09188435226678848,0.16042132675647736,0.1393672078847885,0.4293617308139801,-0.05847673490643501,0.13969941437244415,0.1163792535662651,0.17854954302310944,-0.11128827184438705,-0.21223704516887665,0.09906735271215439,-0.17883875966072083,0.2132466584444046,-0.10447768867015839,0.02144552581012249,-0.018503988161683083,-0.37163785099983215,0.18317897617816925,0.3912448585033417,-0.12615817785263062,0.03262922912836075,0.026730231940746307,0.30599555373191833,0.2262454777956009,-0.2900010049343109,0.23568320274353027,-0.0927811712026596,-0.013599265366792679,0.1423201560974121,0.06203512102365494,0.4651705324649811
warming,0.01993735134601593,0.16775156557559967,0.5062907338142395,0.048498157411813736,-0.0734502375125885,-0.10823120921850204,-0.1070481389760971,0.20824170112609863,0.2969471514225006,0.276493638753891,-0.10172194242477417,-0.12174344062805176,-0.011221586726605892,0.006373617332428694,0.003860546974465251,-0.11449654400348663,0.04893048107624054,0.15338121354579926,0.06406202912330627,0.04032515734434128,0.04489991068840027,-0.21487893164157867,-0.15916629135608673,-0.49335792660713196,0.18100953102111816,-0.34124308824539185,0.025546928867697716,-0.05262817069888115,0.04590166360139847,0.09710106253623962,0.060931384563446045,0.10648372024297714,-0.012324847280979156,-0.006294763647019863,-0.15937891602516174,-0.1656838059425354,0.18168826401233673,0.10555346310138702,-0.2596431076526642,-0.19144634902477264,0.041342150419950485,-0.19280388951301575,0.11447717249393463,0.35553601384162903,-0.08826791495084763,-0.10438086837530136,-0.03411586582660675,-0.49808576703071594,0.518865168094635,-0.04379230737686157,0.04214140772819519,-0.026000920683145523,0.1965339332818985,-0.08843458443880081,-0.21399836242198944,-0.3604239523410797,-0.09949794411659241,-0.18632233142852783,-0.3371097445487976,0.15118308365345,-0.028312422335147858,0.24278023838996887,0.12508831918239594,0.2991786301136017
alexandrium_tamiyavanichii,-0.06627391278743744,0.11469658464193344,0.3052012026309967,0.07571554183959961,0.03697863966226578,-0.19885215163230896,-0.07959455251693726,0.13269154727458954,0.094779834151268,-0.015863928943872452,0.11387326568365097,-0.04726943001151085,-0.036227378994226456,-0.34597811102867126,-0.010976801626384258,-0.11021400988101959,-0.14837190508842468,0.11433731764554977,-0.34178754687309265,0.01376182772219181,-0.07636701315641403,0.14655528962612152,-0.11725091189146042,-0.09883233159780502,0.15129868686199188,0.0012305007549002767,0.01529449038207531,0.22482818365097046,0.0984981507062912,-0.059718452394008636,0.05890059471130371,-0.005619960371404886,0.024793600663542747,-0.06378065049648285,0.18508896231651306,0.12803392112255096,0.22306427359580994,-0.21007324755191803,-0.12048210203647614,-0.006984058301895857,0.10241721570491791,-0.023068254813551903,0.06701362878084183,0.3348517417907715,-0.27541130781173706,0.11786014586687088,-0.07180379331111908,-0.092315174639225,0.18942570686340332,-0.11789847910404205,-0.045629698783159256,0.24441151320934296,0.029065566137433052,-0.31313201785087585,-0.15562108159065247,0.10295462608337402,0.1576744168996811,-0.12757086753845215,-0.07128142565488815,-0.010796642862260342,-0.03736133128404617,0.2019304782152176,0.07259408384561539,0.17043207585811615
lc_ms_ms,0.03926265239715576,0.09316433221101761,0.3952251374721527,0.3659123480319977,-0.22826379537582397,0.02727491408586502,-0.30902010202407837,0.14296481013298035,-0.030531398952007294,-0.14659951627254486,-0.07353522628545761,-0.061056237667798996,-0.3000461459159851,-0.12542253732681274,-0.39263877272605896,-0.23982399702072144,0.18779943883419037,0.044117096811532974,-0.09587737172842026,-0.10917260497808456,-0.10100861638784409,-0.1012294590473175,-0.11145778745412827,-0.1363266259431839,0.19699232280254364,0.1033206507563591,-0.03681587427854538,-0.11743909120559692,0.18816524744033813,0.31045401096343994,-0.2737337648868561,0.16771318018436432,0.17615830898284912,-0.0409146323800087,0.14521963894367218,0.23200750350952148,0.18972113728523254,-0.3713521659374237,-0.030109792947769165,0.1452191025018692,-0.3867024779319763,0.023616673424839973,-0.11587167531251907,0.057952046394348145,0.3565536439418793,-0.05526967719197273,-0.18200728297233582,-0.06353118270635605,0.07867211103439331,-0.14368438720703125,0.1031583696603775,0.3061452805995941,0.10300283133983612,0.062486737966537476,-0.15289632976055145,-0.07192870229482651,0.4793432950973511,0.129682719707489,-0.020666375756263733,-0.23092851042747498,-0.2915607690811157,0.016779877245426178,-0.07396221160888672,0.0699416771531105
irradiance,-0.19874845445156097,0.06851378083229065,0.26415562629699707,0.30401745438575745,-0.17556346952915192,0.040680449455976486,-0.04666487127542496,0.125289648771286,0.017776252701878548,-0.08152350038290024,0.11803244054317474,0.08882256597280502,-0.168845996260643,-0.27719584107398987,0.06234036013484001,0.1151229664683342,0.2560203969478607,0.15672144293785095,-0.3249639868736267,0.19839365780353546,0.13632802665233612,-0.3881535828113556,0.09477720409631729,-0.011183034628629684,0.2872476279735565,0.0052880155853927135,0.1422286033630371,0.1030181273818016,-0.0059676626697182655,0.09045804291963577,0.10799318552017212,0.008567794226109982,-0.09250881522893906,0.0393899604678154,-0.08198385685682297,0.24971051514148712,0.19287660717964172,0.23948051035404205,-0.07274194806814194,-0.07590223848819733,0.05546614155173302,-0.21670863032341003,-0.04265325888991356,0.38227662444114685,0.10543648153543472,0.18183071911334991,-0.12041589617729187,-0.1669740080833435,-0.10154008120298386,-0.16466891765594482,0.1549808531999588,0.07688037306070328,-0.09504561871290207,-0.15848323702812195,-0.24818484485149384,-0.24613189697265625,0.22121305763721466,-0.07140848785638809,-0.086539626121521,-0.13532917201519012,0.11262305825948715,0.0504540354013443,-0.10225370526313782,0.23360998928546906
transcription,-0.2975892424583435,-0.083521768450737,-0.07634422928094864,-0.027980739250779152,-0.04483558610081673,-0.008205856196582317,-0.12377339601516724,0.07558011263608932,-0.07467836886644363,-0.1932394653558731,-0.050783704966306686,-0.11024535447359085,-0.10196176916360855,-0.1848420351743698,0.009266934357583523,0.22329559922218323,0.011768169701099396,0.04541999474167824,-0.17036788165569305,0.3095444440841675,0.16169360280036926,-0.11888814717531204,-0.15954864025115967,-0.267533540725708,0.33800581097602844,-0.31321200728416443,-0.12670426070690155,0.13570019602775574,-0.12303756922483444,-0.10543189197778702,-0.18958087265491486,0.1730675995349884,0.04220285639166832,0.12816089391708374,0.37313908338546753,0.35084113478660583,0.1487351357936859,-0.12440356612205505,-0.3990369141101837,0.3663664162158966,0.00317260785959661,-0.0938950851559639,-0.20829074084758759,-0.13656699657440186,-0.1393936723470688,-0.0015980936586856842,0.032388534396886826,-0.019117362797260284,0.4855695962905884,-0.11343935132026672,0.1037706509232521,0.10571121424436569,0.1837073117494583,-0.06884928047657013,-0.4191282093524933,-0.2907700836658478,0.27433907985687256,-0.02086661569774151,0.2656467854976654,-0.2712029814720154,-0.0824093297123909,-0.04825207591056824,0.24286076426506042,0.23098790645599365
lyngbya,-0.03784077987074852,-0.1058960035443306,0.36084306240081787,-0.030918912962079048,-0.24155193567276,0.1857883334159851,-0.26096272468566895,-0.3242838680744171,-0.33461251854896545,-0.15589377284049988,-0.2960043251514435,0.06833647191524506,-0.15314339101314545,-0.1477295309305191,-0.39071446657180786,0.038324326276779175,0.04268993064761162,0.31356334686279297,-0.17697256803512573,-0.013267556205391884,-0.0068629952147603035,-0.11700420826673508,-0.2475011646747589,-0.056132178753614426,0.06357625126838684,-0.06701099127531052,0.3364183008670807,0.011340895667672157,-0.2947252690792084,0.012887733988463879,-0.3190157115459442,-0.09191551059484482,0.19659745693206787,-0.026381531730294228,-0.15327990055084229,0.2646358609199524,0.3329439163208008,-0.09838733822107315,0.3656141459941864,0.2443772852420807,-0.09922032058238983,-0.015252071432769299,0.0698620080947876,0.19119063019752502,-0.05464249104261398,0.292375385761261,-0.06230616942048073,-0.1709531843662262,-0.16016393899917603,-0.08892694115638733,0.007131320424377918,0.2751582860946655,0.079106405377388,-0.23201730847358704,0.16965824365615845,0.11825133860111237,0.40794482827186584,0.24410241842269897,-0.13408564031124115,-0.1810816079378128,0.003330603940412402,0.3349846303462982,-0.008584897965192795,0.008080831728875637
resting_cyst,-0.033938731998205185,0.070323646068573,0.40738922357559204,0.05017806589603424,0.23557189106941223,-0.10731060802936554,0.11015378683805466,-0.06768082827329636,-0.08050607144832611,-0.08032482117414474,-0.29865989089012146,-0.1510547697544098,-0.3097406327724457,0.19024968147277832,-0.014081088826060295,-0.2095271497964859,-0.04901699721813202,0.16042907536029816,-0.04490212723612785,0.018198346719145775,-0.12169569730758667,-0.10553237795829773,0.019727803766727448,-0.07047411054372787,0.2267431765794754,0.0006595746381208301,0.00909249484539032,0.18759192526340485,-0.015343808569014072,-0.05388795584440231,0.06377290189266205,-0.02297249250113964,0.09147293865680695,-0.13215266168117523,0.23302286863327026,-0.00925199780613184,0.3175733685493469,-0.08573425561189651,-0.023557880893349648,-0.09232836216688156,-0.15878809988498688,-0.06970616430044174,-0.033398307859897614,0.05842779576778412,-0.17908091843128204,0.1510973572731018,-0.1250186264514923,0.06708371639251709,-0.0938466414809227,-0.10276477038860321,-0.06619761884212494,0.20812729001045227,-0.2185341864824295,-0.04048540070652962,-0.21835868060588837,-0.17878226935863495,0.16051706671714783,-0.2583841383457184,-0.06133648008108139,-0.18874314427375793,-0.03795759007334709,0.127439484000206,0.07013968378305435,0.42784804105758667
sxtu,0.04774373397231102,0.11688447743654251,0.3316049575805664,0.30624452233314514,-0.3447614312171936,-0.003784922882914543,-0.5401744842529297,0.26470082998275757,0.007250578608363867,-0.13760651648044586,-0.1914464235305786,0.059727128595113754,-0.020791945978999138,-0.22225022315979004,-0.5436455011367798,-0.24844293296337128,0.012391048483550549,-0.012057553976774216,0.07402050495147705,-0.1845550239086151,0.00047840221668593585,-0.000963797967415303,-0.08434413373470306,-0.13255058228969574,0.12039672583341599,-0.022073721513152122,-0.14029334485530853,-0.06425248831510544,-0.027789484709501266,0.23183323442935944,-0.31537577509880066,0.00261271302588284,0.19817228615283966,-0.1012728363275528,0.1792011857032776,0.19924654066562653,0.16742593050003052,-0.47051531076431274,0.04725236818194389,0.27112361788749695,-0.2690926492214203,0.06305067986249924,-0.13874761760234833,0.26384565234184265,0.09097923338413239,0.023699302226305008,0.036432333290576935,-0.15524886548519135,0.33626821637153625,-0.06754772365093231,0.053094904869794846,0.41603657603263855,0.07883180677890778,0.3111251890659332,-0.18236491084098816,0.3357803523540497,0.48415231704711914,-0.01804380863904953,0.029524382203817368,-0.2067863643169403,-0.20102781057357788,0.022175295278429985,0.17639796435832977,0.23472623527050018
sxtb,0.36159759759902954,-0.05458339303731918,0.04038373753428459,0.13379383087158203,-0.11919699609279633,0.0690944492816925,0.1148279458284378,-0.013823552057147026,-0.20743899047374725,0.09701982885599136,-0.3076425790786743,-0.12335338443517685,-0.4294775426387787,-0.008523808792233467,-0.06560974568128586,-0.24421778321266174,-0.03014092519879341,0.43547263741493225,-0.2926793396472931,0.40079396963119507,0.40749427676200867,0.01997692510485649,-0.23167693614959717,-0.07987527549266815,-0.25558891892433167,-0.40770354866981506,0.13253502547740936,-0.21171124279499054,0.07491031289100647,0.08440884202718735,-0.05202384293079376,0.13276998698711395,0.027138518169522285,0.08374402672052383,-0.07386869937181473,-0.0810806155204773,0.3172619044780731,-0.39713960886001587,0.31160810589790344,-0.16343845427036285,-0.23677542805671692,-0.0954737439751625,0.08875363320112228,-0.09764879196882248,0.11050031334161758,0.22701437771320343,0.10846000909805298,-0.23813676834106445,0.29518774151802063,-0.25750651955604553,0.034132204949855804,0.015908315777778625,-0.2507847547531128,-0.400890588760376,-0.1778363287448883,0.18637435138225555,0.01647055894136429,-0.11046690493822098,-0.001337010064162314,-0.126930832862854,0.19171784818172455,0.1981024593114853,0.013299585320055485,0.24563059210777283
biosensor,-0.025529874488711357,-0.013797237537801266,0.31824615597724915,-0.05937798321247101,0.21883679926395416,-0.2798351049423218,0.06844455003738403,-0.09166780114173889,-0.11663588136434555,0.016999291256070137,-0.24135081470012665,-0.09376982599496841,0.01955050602555275,-0.034417469054460526,0.08690126985311508,-0.10933689028024673,0.21941787004470825,0.2853734493255615,-0.21377655863761902,-0.027623699977993965,-0.09155497699975967,-0.1551218032836914,-0.09790625423192978,-0.4095633924007416,0.2858673930168152,-0.17676004767417908,-0.07419400662183762,0.17142057418823242,0.0138385696336627,-0.2575823664665222,-0.05074850469827652,-0.03182195872068405,0.015482236631214619,-0.03634431213140488,0.2469739466905594,-0.23421387374401093,0.1059376671910286,0.019031908363103867,-0.22372151911258698,-0.09970180690288544,-0.10325358062982559,-0.20293425023555756,0.040009308606386185,0.15491008758544922,-0.05338768661022186,0.04142269864678383,-0.10730597376823425,-0.09731397032737732,-0.01338388491421938,-0.2348211258649826,-0.12367396056652069,0.026655321940779686,-0.01045022252947092,-0.2673897445201874,-0.2767932415008545,-0.240134596824646,0.20092372596263885,-0.10134708136320114,-0.10873274505138397,0.0839342325925827,-0.29875627160072327,0.09256705641746521,-0.0037073353305459023,0.16589654982089996
gene_duplication,-0.016273649409413338,0.061397671699523926,0.20365595817565918,-0.08299200236797333,-0.05091390013694763,0.17886973917484283,0.11433145403862,0.1505621075630188,-0.11443803459405899,-0.15521091222763062,-0.08696302026510239,0.17216120660305023,0.08355572819709778,-0.09701811522245407,-0.01748274266719818,-0.15079419314861298,0.36833837628364563,0.20056135952472687,0.01145221758633852,0.29656824469566345,0.2483849972486496,-0.015362001955509186,-0.17978818714618683,-0.11742017418146133,0.04882294312119484,-0.4879617691040039,-0.03417862951755524,-0.040729112923145294,-0.23569564521312714,0.07603369653224945,0.07324160635471344,-0.09828431159257889,-0.07164453715085983,0.08813576400279999,0.10394588857889175,0.12595854699611664,0.1760958880186081,-0.04368927702307701,0.04017683491110802,-0.37295210361480713,-0.012653345242142677,-0.15485434234142303,-0.09361167252063751,0.25001657009124756,-0.16962480545043945,0.09694705158472061,0.28086572885513306,-0.053189486265182495,0.2970172166824341,-0.36013197898864746,0.09835779666900635,0.19727331399917603,-0.021040797233581543,0.015697553753852844,-0.452617347240448,0.18812215328216553,0.0031588375568389893,-0.3204489052295685,0.23285943269729614,-0.1212993934750557,0.20733000338077545,0.1302758902311325,0.2363354116678238,0.476163387298584
secondary_metabolism,-0.26322439312934875,-0.0657052993774414,0.4586683213710785,-0.07576680928468704,-0.10951355844736099,0.02508433721959591,-0.0009502243483439088,0.004176239483058453,-0.17736651003360748,-0.2249584197998047,-0.06138772517442703,0.1450391560792923,-0.04379895702004433,-0.2541581988334656,-0.27212750911712646,0.1884203404188156,0.00266280397772789,0.07489954680204391,0.03282322362065315,0.09252696484327316,0.14538882672786713,-0.10033652931451797,-0.040670059621334076,-0.2063821405172348,0.08855253458023071,-0.38130927085876465,0.09993453323841095,0.08192219585180283,0.15205040574073792,0.04434124752879143,-0.10117942839860916,0.14239037036895752,-0.1374407559633255,0.03123287856578827,-0.2903556525707245,0.2497919350862503,0.12942734360694885,0.25141727924346924,-0.07435277104377747,-0.2840939462184906,0.2190479040145874,0.010648251511156559,0.15949353575706482,0.330748587846756,0.23275607824325562,0.03480226919054985,0.051452770829200745,-0.3117040991783142,0.5435228943824768,-0.11515574157238007,0.006126787979155779,-0.006129958666861057,0.060698121786117554,-0.18758489191532135,-0.2898685932159424,0.03352155536413193,0.06928656995296478,-0.04164270684123039,0.05336402356624603,0.03413867577910423,0.2147318571805954,0.2582990825176239,-0.2197035849094391,0.10981646925210953
nitrogen_limitation,0.0460989736020565,-0.06828610599040985,0.22841767966747284,-0.03371632844209671,0.15782639384269714,0.04744377359747887,-0.038082774728536606,-0.14751742780208588,-0.21822592616081238,0.11390255391597748,-0.335587739944458,0.08196589350700378,-0.22943560779094696,0.054221756756305695,0.12055602669715881,-0.13918977975845337,-0.011121351271867752,0.16315537691116333,-0.1255907118320465,0.5146065950393677,0.21178460121154785,-0.022608626633882523,-0.05916529893875122,-0.3225063383579254,-0.07887203991413116,-0.45514410734176636,-0.2185615599155426,-0.0997084453701973,0.15283559262752533,-0.1334889829158783,-0.14007419347763062,0.14636029303073883,-0.20375584065914154,-0.20215053856372833,-0.08298029750585556,0.08740104734897614,0.19869275391101837,-0.04394630342721939,0.056889042258262634,-0.0048049017786979675,-0.030872665345668793,-0.008159632794559002,0.029832832515239716,-0.2520560622215271,0.15930116176605225,0.04378735274076462,-0.06148088723421097,-0.04539858549833298,0.17702901363372803,-0.21466101706027985,-0.04941770061850548,-0.07866615802049637,-0.06524147093296051,-0.016463136300444603,-0.29530566930770874,0.0731143057346344,0.39993467926979065,-0.08283499628305435,-0.16807179152965546,0.13550901412963867,0.00361141306348145,0.06641052663326263,-0.35796424746513367,0.37413927912712097
polyketide_synthase,-0.034590497612953186,0.12025128304958344,0.1944647878408432,0.01892869733273983,0.06326612085103989,0.07602700591087341,-0.07788562774658203,-0.1620774269104004,-0.01247235108166933,-0.011736147105693817,-0.07168350368738174,0.049212511628866196,-0.08147339522838593,-0.021176962181925774,-0.08051110059022903,-0.03819239139556885,0.1792498528957367,0.2175108790397644,-0.1654980182647705,0.07413182407617569,0.010739416815340519,0.03644915297627449,-0.1449238806962967,-0.2938190996646881,0.13537432253360748,-0.12103526294231415,-0.07164590805768967,-0.01622644253075123,-0.13562531769275665,0.04577324166893959,-0.03182760998606682,0.1359335482120514,-0.06414139270782471,-0.11494468152523041,0.2780175507068634,0.11214374750852585,0.02238825336098671,-0.22712518274784088,0.07480015605688095,-0.013066533952951431,0.07721088826656342,-0.13439956307411194,-0.22939325869083405,0.14784912765026093,-0.05049239844083786,0.321147084236145,0.04202708229422569,-0.006861794274300337,0.11305603384971619,-0.03881355747580528,0.15821419656276703,0.09099122136831284,0.08360114693641663,0.07802913337945938,-0.40859875082969666,-0.2361373007297516,0.039084434509277344,-0.19469834864139557,-0.05769343301653862,-0.08041151612997055,-0.002147010527551174,-0.07792356610298157,-0.04735356569290161,0.3570348024368286
chemical_analysis,-0.01925043947994709,0.0854891985654831,0.3008502423763275,0.10091947019100189,0.09414807707071304,0.0035810561385005713,0.032297614961862564,-0.029990864917635918,-0.06231789290904999,-0.04620442911982536,-0.01787157729268074,0.05452838912606239,-0.16791529953479767,-0.008534155786037445,-0.1697196513414383,-0.14593330025672913,0.06589909642934799,0.1938449889421463,-0.3788119852542877,0.10209214687347412,0.006811493542045355,0.06754785776138306,-0.10137730091810226,-0.06508627533912659,0.06446763873100281,-0.07713638991117477,0.05990154668688774,0.2918243706226349,0.08001411706209183,-0.16875694692134857,0.06419974565505981,-0.02823510952293873,0.053745679557323456,-0.06111838296055794,0.1920665055513382,0.20611339807510376,0.2680048644542694,-0.11162199079990387,-0.11084329336881638,-0.007976030930876732,-0.032310787588357925,-0.08663154393434525,0.02438104711472988,0.0781153216958046,-0.020485134795308113,0.2715791165828705,0.05710722133517265,0.04623325169086456,-0.02206062152981758,-0.09860531240701675,0.22846266627311707,0.0991785079240799,0.055010680109262466,-0.03588490188121796,-0.27294281125068665,-0.1236521527171135,0.05717753618955612,-0.12249951809644699,0.022901393473148346,-0.17954985797405243,-0.0716126337647438,0.06234755739569664,0.02430524118244648,0.12217817455530167
sxtd,-0.15415947139263153,0.17677998542785645,0.3179808259010315,0.19426269829273224,-0.22946064174175262,0.01279615331441164,-0.5144941210746765,0.11501561105251312,-0.10708446055650711,-0.17272913455963135,-0.03531457111239433,-0.09160242974758148,-0.09590675681829453,-0.3099430799484253,-0.39105960726737976,-0.29455843567848206,0.4096737802028656,0.21554268896579742,0.06402920931577682,-0.17034749686717987,-0.1810862421989441,-0.04974209889769554,-0.2846545875072479,-0.28683990240097046,0.1899602711200714,-0.030629342421889305,-0.22873103618621826,-0.3106708526611328,-0.04432673379778862,0.2874695956707001,-0.5354810953140259,-0.08189758658409119,0.09799201786518097,-0.2387947142124176,0.12390546500682831,0.4337809979915619,-0.02699018269777298,-0.5124791264533997,-0.08601071685552597,0.20812726020812988,-0.4332551658153534,0.19274161756038666,-0.09661047905683517,0.11121354252099991,0.45308607816696167,0.020696653053164482,0.04429452493786812,0.159514382481575,0.21487993001937866,-0.008752400986850262,0.1515364944934845,0.13312658667564392,0.12832102179527283,0.06782221794128418,-0.2654387056827545,0.050137147307395935,0.5189512372016907,0.007775296922773123,0.06090983748435974,-0.16066420078277588,-0.25176802277565,-0.1004570722579956,0.032422974705696106,0.08830399066209793
phosphorus_limitation,-0.29119375348091125,0.05722368508577347,0.19750270247459412,0.16508065164089203,0.39713552594184875,-0.06735078990459442,0.10807309299707413,-0.020833583548665047,-0.017707588151097298,-0.09791167825460434,-0.3502580225467682,0.04198804870247841,-0.19978931546211243,-0.2949395477771759,0.06596352159976959,-0.14777740836143494,-0.06112231686711311,0.008923235349357128,-0.14114998281002045,0.38481462001800537,0.05591006577014923,0.09471879154443741,0.015796104446053505,-0.028442466631531715,0.3067869544029236,0.01888364553451538,-0.2125331163406372,-0.1006627157330513,0.2626791298389435,0.04914705455303192,-0.09882410615682602,0.05135275423526764,-0.32317695021629333,-0.18995924293994904,-0.049822982400655746,0.23468393087387085,0.2752354145050049,0.08958182483911514,0.11726287007331848,0.2107037454843521,0.36751601099967957,-0.017597366124391556,-0.15120278298854828,-0.050237830728292465,0.234450563788414,0.1525459587574005,0.15873104333877563,-0.11898577213287354,0.04464441165328026,-0.09456057846546173,0.3770422637462616,0.16903997957706451,-0.20945987105369568,0.17116110026836395,-0.517728328704834,0.08971703797578812,0.09172365814447403,-0.08963583409786224,-0.19530150294303894,0.19283249974250793,0.12455946207046509,0.05425228923559189,-0.3473984897136688,0.3407527506351471
planktothrix,-0.17625932395458221,0.01594887115061283,0.4235348701477051,0.04266980662941933,-0.04832882434129715,0.0958261713385582,-0.1769319772720337,-0.14159712195396423,-0.3199715316295624,-0.050637807697057724,-0.07594888657331467,0.09920237958431244,-0.08313041925430298,-0.18782415986061096,-0.48338064551353455,-0.042020924389362335,0.016700392588973045,0.42490535974502563,-0.17001289129257202,-0.21780410408973694,-0.2204081416130066,0.026523852720856667,-0.1051405668258667,0.07187841832637787,-0.07327242940664291,-0.25556209683418274,0.4598951041698456,0.24084961414337158,-0.2858385145664215,-0.09275811910629272,-0.28861919045448303,0.16974586248397827,0.17179438471794128,-0.015251416712999344,-0.10552030056715012,0.29005807638168335,0.31570589542388916,-0.017122909426689148,0.24936096370220184,0.23055967688560486,-0.1301543265581131,-0.04099656641483307,-0.022431926801800728,0.24243031442165375,-0.08218112587928772,0.2665981650352478,-0.11711786687374115,-0.27138060331344604,-0.044246941804885864,0.020859461277723312,0.10482218116521835,0.22941790521144867,0.05698093771934509,-0.22500713169574738,0.27551841735839844,0.034592822194099426,0.16936355829238892,0.024111784994602203,-0.11674591898918152,0.03512607514858246,-0.030692733824253082,0.3612982928752899,0.05432044714689255,0.23420147597789764
sxti,-0.0779971331357956,0.10439004749059677,0.15744157135486603,-0.04493189603090286,0.06461050361394882,0.1701814979314804,0.001952274818904698,-0.1368483603000641,0.037285663187503815,-0.13247568905353546,-0.13054490089416504,0.12642572820186615,0.03693457692861557,-0.1991506665945053,-0.25721871852874756,-0.05530257895588875,0.005205721594393253,0.2704465389251709,-0.21833424270153046,0.03741191327571869,-0.040675804018974304,0.08356665074825287,-0.3477058410644531,-0.04429030790925026,0.03696562722325325,-0.15700122714042664,-0.06246642768383026,-0.04573357105255127,-0.15093690156936646,0.21345871686935425,0.0568990558385849,0.08020419627428055,-0.14359979331493378,0.010069433599710464,0.004455956164747477,-0.013324354775249958,0.19411404430866241,-0.15425002574920654,0.2016034573316574,-0.15405990183353424,-0.12439578026533127,0.1619701385498047,0.02396376058459282,0.24129648506641388,-0.19354119896888733,0.40591534972190857,0.14157448709011078,0.0852581337094307,0.2697167992591858,-0.21692626178264618,0.22102218866348267,0.30172601342201233,-0.06953167915344238,0.02089519053697586,-0.19498266279697418,0.05204768478870392,0.04442357271909714,-0.24850796163082123,0.2331872582435608,0.16096201539039612,0.05955493450164795,0.20398539304733276,0.011306673288345337,0.3592403531074524
environmental_stress,-0.14254872500896454,-0.029793592169880867,0.4214460253715515,0.15127155184745789,0.0633605420589447,-0.02070777490735054,-0.0289609394967556,0.062126386910676956,0.10959351062774658,-0.06339611113071442,0.08410502225160599,0.027142245322465897,-0.10445357114076614,-0.19118832051753998,-0.16656522452831268,-0.05414113029837608,-0.1820434182882309,0.07031849026679993,-0.04625809192657471,0.017211677506566048,0.06239444762468338,-0.06525703519582748,0.0006710310699418187,-0.0202403012663126,0.2736179530620575,-0.015884894877672195,0.18879751861095428,-0.018362408503890038,0.28000959753990173,0.08431174606084824,-0.05573589727282524,0.2477951943874359,-0.05816221237182617,-0.03603107109665871,-0.11245492100715637,0.2240677922964096,0.24777598679065704,0.19344443082809448,0.019747652113437653,-0.1739666759967804,0.1693192571401596,-0.0602760873734951,0.11005818843841553,0.143563911318779,0.06638620793819427,0.2097756415605545,-0.1284627914428711,-0.078061543405056,0.3282466530799866,-0.1650158166885376,-0.04556133598089218,0.0591898076236248,0.122458316385746,-0.09481436759233475,-0.18704921007156372,-0.07249964773654938,0.04787590354681015,-0.14921452105045319,-0.352029025554657,-0.04902559891343117,0.04154184088110924,0.07282914966344833,-0.14909237623214722,0.3648073673248291
environmental_regulation,-0.10541839897632599,0.01633712649345398,0.17840421199798584,0.09429454058408737,-0.01888381503522396,-0.1212254986166954,0.06039849668741226,0.03181673586368561,-0.10197267681360245,-0.06345153599977493,0.17291082441806793,-0.07975409179925919,-0.12429735064506531,-0.24662061035633087,0.09209874272346497,0.0903918445110321,-0.09915449470281601,0.05191197246313095,-0.33712026476860046,0.15890124440193176,-0.04489423334598541,-0.16874375939369202,-0.03277304768562317,-0.23271964490413666,0.30313369631767273,-0.1264670342206955,0.03405720368027687,0.1693054735660553,0.15677191317081451,-0.17953898012638092,-0.11545511335134506,0.06782657653093338,-0.06177439168095589,-0.04623885825276375,0.14971138536930084,0.29421237111091614,0.17168377339839935,0.20764504373073578,-0.04041360691189766,0.09900112450122833,0.29825809597969055,-0.19099929928779602,0.13581998646259308,0.254177451133728,-0.046647556126117706,0.07856889069080353,-0.2085237205028534,-0.08415403962135315,0.2979821562767029,-0.13706210255622864,-0.03938492760062218,0.15857642889022827,0.08360717445611954,-0.3153243064880371,-0.20650924742221832,-0.13255761563777924,0.12872891128063202,-0.09343049675226212,-0.13333596289157867,-0.1580193042755127,0.11108113825321198,0.05712064355611801,-0.05296910181641579,0.08162133395671844
protoceratium,0.08426018059253693,0.14121028780937195,0.37080997228622437,0.08202503621578217,-0.1133822575211525,-0.047512881457805634,0.03558020666241646,0.21649424731731415,0.1894192099571228,-0.28829139471054077,-0.5346210598945618,0.030569644644856453,-0.043300021439790726,-0.39302122592926025,0.26306048035621643,-0.4144679307937622,-0.23019620776176453,0.02056657150387764,-0.1704186201095581,0.4486556947231293,-0.43028196692466736,-0.19426554441452026,0.36155396699905396,0.014791873283684254,0.3612385392189026,-0.0061651719734072685,-0.3849833607673645,0.26571232080459595,0.04712076112627983,-0.0844096913933754,-0.14298725128173828,-0.2097368985414505,-0.0351857990026474,0.035200536251068115,-0.07522494345903397,0.19957703351974487,0.3245392441749573,-0.04661291092634201,0.05271570384502411,0.5774189233779907,-0.5455507040023804,-0.21139952540397644,-0.18782901763916016,0.3407623767852783,-0.16842180490493774,-0.21901080012321472,-0.09470360726118088,0.0998840257525444,-0.0862920880317688,-0.720856785774231,-0.16939055919647217,0.010774201713502407,0.20014089345932007,-0.06816114485263824,-0.18621200323104858,-0.564697265625,-0.14954034984111786,-0.11347607523202896,-0.23806950449943542,-0.06427332758903503,0.16825300455093384,-0.34881284832954407,-0.05723670497536659,0.5983143448829651
protoceratium_reticulatum,0.08617401868104935,0.1660461723804474,0.6467218995094299,-0.03894112631678581,0.13522233068943024,-0.1432519108057022,0.016017472371459007,0.3240109086036682,0.17964713275432587,-0.3819510340690613,-0.4360240399837494,-0.044771261513233185,-0.024060074239969254,-0.2489163726568222,0.37515679001808167,-0.21266373991966248,-0.3368578255176544,-0.015222790651023388,-0.09745994210243225,0.4165423810482025,-0.3075573444366455,-0.13469666242599487,0.3575645089149475,-0.032377295196056366,0.4098092019557953,-0.10492338985204697,-0.4222690761089325,0.05163007602095604,0.1994434893131256,-0.07772121578454971,-0.009637521579861641,-0.26707369089126587,0.054013993591070175,-0.008054761216044426,-0.1685369610786438,0.1903088241815567,0.19144487380981445,-0.017791759222745895,0.2220437079668045,0.432190865278244,-0.34712934494018555,-0.06316531449556351,0.012149692513048649,0.36302006244659424,-0.18712203204631805,-0.14235037565231323,-0.34144318103790283,0.12534770369529724,-0.11194290965795517,-0.6271519064903259,-0.223710834980011,0.2004275619983673,0.1180272251367569,-0.10306379199028015,-0.1281491070985794,-0.3227252960205078,0.06863909959793091,-0.00554227689281106,-0.055416010320186615,-1.575052556290757e-05,0.011016621254384518,-0.4106723964214325,-0.023538144305348396,0.6883708834648132
alexandrium_leei,-0.014618503861129284,0.09106966853141785,0.19421234726905823,-0.08402745425701141,0.061212752014398575,0.03441602736711502,0.10068333894014359,-0.2241513878107071,-0.09233815222978592,-0.06378774344921112,-0.11757369339466095,-0.027514243498444557,0.0034557448234409094,-0.03206362575292587,-0.1782597154378891,-0.23312294483184814,0.19577008485794067,0.38812094926834106,-0.1864413619041443,-0.07592803239822388,-0.06955545395612717,0.0723017230629921,-0.3672046363353729,-0.14254099130630493,0.045399364084005356,-0.029177304357290268,-0.04303016513586044,-0.01940901018679142,-0.17196758091449738,0.11760500073432922,0.10499097406864166,-0.022842567414045334,-0.0885922834277153,-0.03960975632071495,0.17905673384666443,-0.07200411707162857,0.2713437080383301,-0.10780640691518784,0.09753434360027313,-0.18355423212051392,-0.1417921930551529,0.021574528887867928,0.02641667053103447,0.24313941597938538,-0.16682080924510956,0.3094277083873749,0.2091454565525055,0.07760471850633621,0.03980225324630737,-0.16115185618400574,0.07424155622720718,0.20742574334144592,-0.18897026777267456,-0.1301635056734085,-0.3327489495277405,-0.10621584951877594,0.12399742752313614,-0.14133700728416443,0.08428454399108887,0.020870214328169823,-0.03477254882454872,0.18321578204631805,0.002333406824618578,0.30565640330314636
scytonema,-0.15422801673412323,0.039258647710084915,0.12824243307113647,0.02757301926612854,-0.13695280253887177,0.0647660568356514,-0.03868025913834572,-0.19706355035305023,-0.14517652988433838,-0.20293384790420532,-0.19952772557735443,-0.06293656677007675,0.0005197349237278104,-0.045682404190301895,-0.33193445205688477,-0.16911031305789948,0.1094825267791748,0.26823270320892334,-0.07353779673576355,-0.022377436980605125,-0.1118386760354042,-0.04195611923933029,-0.31127840280532837,-0.4222486913204193,0.05670900642871857,-0.2122776061296463,0.013111600652337074,-0.20862416923046112,-0.2615540027618408,0.26455092430114746,-0.4671494960784912,0.20168571174144745,0.025605222210288048,-0.07502236217260361,0.12078991532325745,0.12406349182128906,0.002841406036168337,-0.348580926656723,0.1755361706018448,0.041809652000665665,-0.3373822569847107,0.0710412859916687,-0.06549239158630371,0.1257120668888092,-0.038127653300762177,0.28923121094703674,-0.13080962002277374,0.09607657045125961,0.1861950010061264,0.047624848783016205,0.06359372287988663,0.3893241286277771,-0.12921170890331268,-0.020837226882576942,-0.09992526471614838,-0.010869530029594898,0.2540891468524933,-0.11268053948879242,0.18229827284812927,0.1012859046459198,-0.11561910808086395,-0.021243512630462646,0.009053299203515053,0.21784022450447083
alexandrium_affine,-0.15181849896907806,0.07470251619815826,0.4236762821674347,0.1927611231803894,0.004443276673555374,-0.012799733318388462,-0.0322607085108757,0.09624069929122925,0.019462037831544876,0.029010027647018433,0.03327532857656479,0.06363868713378906,-0.19227635860443115,-0.16249646246433258,0.024777330458164215,0.04185868427157402,0.011657701805233955,0.13291040062904358,-0.22865475714206696,0.07550768554210663,0.14814504981040955,-0.10935205221176147,0.03792016580700874,-0.10955966264009476,0.25622767210006714,0.01650380715727806,0.09120472520589828,0.160431906580925,0.17683757841587067,0.008294922299683094,0.2202504575252533,0.10465528815984726,0.03494143858551979,-0.01004260778427124,-0.1143127903342247,0.04250366613268852,0.2407645434141159,0.10996861755847931,-0.2411477416753769,-0.25547894835472107,0.12755118310451508,-0.20125438272953033,0.22658373415470123,0.23047803342342377,0.1525033414363861,0.17098446190357208,-0.0762583464384079,-0.21016131341457367,0.12487930804491043,-0.11908946186304092,0.005493254400789738,-0.09833060204982758,-0.10575088858604431,-0.08975837379693985,-0.38439083099365234,-0.20751367509365082,0.12480069696903229,-0.09604503214359283,-0.23089481890201569,-0.10713145136833191,-0.018795708194375038,0.11248922348022461,-0.14902843534946442,0.26578009128570557
gene_loss,0.2752091884613037,-0.016674233600497246,0.15572772920131683,-0.15869514644145966,-0.03912797570228577,-0.19917014241218567,0.24102702736854553,-0.259622722864151,-0.06570103764533997,-0.013389495201408863,-0.11463489383459091,-0.10737544298171997,0.1503516435623169,0.08745049685239792,-0.3675910234451294,-0.18363980948925018,-0.27114078402519226,0.33519479632377625,-0.22170691192150116,0.26124781370162964,0.20681774616241455,-0.0416964516043663,-0.3500775992870331,-0.08314472436904907,-0.13815797865390778,-0.24413563311100006,-0.08508789539337158,0.05301888659596443,-0.21020300686359406,0.18445385992527008,0.0076556080020964146,0.09985653311014175,0.04272603616118431,-0.16155757009983063,0.08848803490400314,0.19043287634849548,0.24334806203842163,-0.03494337946176529,-0.09152629971504211,0.07855270057916641,0.18815772235393524,-0.30423280596733093,-0.3813258409500122,0.1674482822418213,-0.08029379695653915,0.18761630356311798,0.07765625417232513,0.053777534514665604,0.11291380971670151,-0.2176624834537506,0.3327018618583679,0.4520410895347595,0.03699500113725662,-0.056626975536346436,0.03941001370549202,0.17581422626972198,0.17675204575061798,-0.3394606113433838,-0.009864658117294312,0.042362749576568604,0.13123036921024323,0.10722909867763519,-0.09180869907140732,0.30323654413223267
bloom_dynamics,-0.10082143545150757,-0.02169911563396454,0.38221490383148193,0.0291614830493927,0.11051305383443832,0.026093345135450363,-0.12926217913627625,-0.05310764163732529,-0.10297835618257523,-0.04893726110458374,-0.13937759399414062,0.032379381358623505,-0.21917560696601868,-0.011028770357370377,-0.08304192870855331,0.04298285022377968,0.04630936309695244,0.15419049561023712,-0.2239285260438919,0.11299479752779007,0.015042104758322239,-0.11237110197544098,-0.008555076085031033,-0.28299832344055176,0.09258574992418289,-0.20390166342258453,0.0669221431016922,0.1511828601360321,0.0481848306953907,-0.12195418775081635,-0.05695908144116402,0.06156355142593384,-0.0035928559955209494,-0.03477141633629799,-0.004333715885877609,0.13220028579235077,0.15284056961536407,-0.1343565285205841,-0.09209765493869781,-0.0217429306358099,-0.0017208307981491089,0.06327439844608307,0.0422603115439415,0.1333104372024536,-0.05357064679265022,0.22214673459529877,-0.12247777730226517,-0.0004506068944465369,0.0660744309425354,-0.032600998878479004,0.08647547662258148,0.08872808516025543,-0.047553468495607376,-0.034633662551641464,-0.11511661857366562,-0.04043371602892876,0.17629511654376984,-0.034140195697546005,-0.041083503514528275,-0.0697939470410347,-0.08085570484399796,0.1618826538324356,-0.023410433903336525,0.17806871235370636
