dataset,document_id,year,taxon_scope,relevance_class,entity,entity_type,title
cyano_all,STX_DOC_000001,2024.0,cross_taxa,high_confidence_stx_biosynthesis,saxitoxin,TOXIN,Polyphyletic origin of saxitoxin biosynthesis genes in the marine dinoflagellate Alexandrium revealed by comparative transcriptomics.
cyano_all,STX_DOC_000001,2024.0,cross_taxa,high_confidence_stx_biosynthesis,stx,TOXIN,Polyphyletic origin of saxitoxin biosynthesis genes in the marine dinoflagellate Alexandrium revealed by comparative transcriptomics.
cyano_all,STX_DOC_000001,2024.0,cross_taxa,high_confidence_stx_biosynthesis,sxta,SXT_GENE,Polyphyletic origin of saxitoxin biosynthesis genes in the marine dinoflagellate Alexandrium revealed by comparative transcriptomics.
cyano_all,STX_DOC_000001,2024.0,cross_taxa,high_confidence_stx_biosynthesis,sxta4,SXT_GENE,Polyphyletic origin of saxitoxin biosynthesis genes in the marine dinoflagellate Alexandrium revealed by comparative transcriptomics.
cyano_all,STX_DOC_000001,2024.0,cross_taxa,high_confidence_stx_biosynthesis,sxtb,SXT_GENE,Polyphyletic origin of saxitoxin biosynthesis genes in the marine dinoflagellate Alexandrium revealed by comparative transcriptomics.
cyano_all,STX_DOC_000001,2024.0,cross_taxa,high_confidence_stx_biosynthesis,sxtd,SXT_GENE,Polyphyletic origin of saxitoxin biosynthesis genes in the marine dinoflagellate Alexandrium revealed by comparative transcriptomics.
cyano_all,STX_DOC_000001,2024.0,cross_taxa,high_confidence_stx_biosynthesis,sxtg,SXT_GENE,Polyphyletic origin of saxitoxin biosynthesis genes in the marine dinoflagellate Alexandrium revealed by comparative transcriptomics.
cyano_all,STX_DOC_000001,2024.0,cross_taxa,high_confidence_stx_biosynthesis,sxth,SXT_GENE,Polyphyletic origin of saxitoxin biosynthesis genes in the marine dinoflagellate Alexandrium revealed by comparative transcriptomics.
cyano_all,STX_DOC_000001,2024.0,cross_taxa,high_confidence_stx_biosynthesis,sxti,SXT_GENE,Polyphyletic origin of saxitoxin biosynthesis genes in the marine dinoflagellate Alexandrium revealed by comparative transcriptomics.
cyano_all,STX_DOC_000001,2024.0,cross_taxa,high_confidence_stx_biosynthesis,sxts,SXT_GENE,Polyphyletic origin of saxitoxin biosynthesis genes in the marine dinoflagellate Alexandrium revealed by comparative transcriptomics.
cyano_all,STX_DOC_000001,2024.0,cross_taxa,high_confidence_stx_biosynthesis,sxtu,SXT_GENE,Polyphyletic origin of saxitoxin biosynthesis genes in the marine dinoflagellate Alexandrium revealed by comparative transcriptomics.
cyano_all,STX_DOC_000001,2024.0,cross_taxa,high_confidence_stx_biosynthesis,sxt genes,SXT_GENE,Polyphyletic origin of saxitoxin biosynthesis genes in the marine dinoflagellate Alexandrium revealed by comparative transcriptomics.
cyano_all,STX_DOC_000001,2024.0,cross_taxa,high_confidence_stx_biosynthesis,saxitoxin biosynthesis genes,SXT_GENE,Polyphyletic origin of saxitoxin biosynthesis genes in the marine dinoflagellate Alexandrium revealed by comparative transcriptomics.
cyano_all,STX_DOC_000001,2024.0,cross_taxa,high_confidence_stx_biosynthesis,dinoflagellate,DINO_TAXON,Polyphyletic origin of saxitoxin biosynthesis genes in the marine dinoflagellate Alexandrium revealed by comparative transcriptomics.
cyano_all,STX_DOC_000001,2024.0,cross_taxa,high_confidence_stx_biosynthesis,dinoflagellates,DINO_TAXON,Polyphyletic origin of saxitoxin biosynthesis genes in the marine dinoflagellate Alexandrium revealed by comparative transcriptomics.
cyano_all,STX_DOC_000001,2024.0,cross_taxa,high_confidence_stx_biosynthesis,alexandrium,DINO_TAXON,Polyphyletic origin of saxitoxin biosynthesis genes in the marine dinoflagellate Alexandrium revealed by comparative transcriptomics.
cyano_all,STX_DOC_000001,2024.0,cross_taxa,high_confidence_stx_biosynthesis,cyanobacteria,CYANO_TAXON,Polyphyletic origin of saxitoxin biosynthesis genes in the marine dinoflagellate Alexandrium revealed by comparative transcriptomics.
cyano_all,STX_DOC_000001,2024.0,cross_taxa,high_confidence_stx_biosynthesis,biosynthesis,BIOLOGICAL_PROCESS,Polyphyletic origin of saxitoxin biosynthesis genes in the marine dinoflagellate Alexandrium revealed by comparative transcriptomics.
cyano_all,STX_DOC_000001,2024.0,cross_taxa,high_confidence_stx_biosynthesis,saxitoxin biosynthesis,BIOLOGICAL_PROCESS,Polyphyletic origin of saxitoxin biosynthesis genes in the marine dinoflagellate Alexandrium revealed by comparative transcriptomics.
cyano_all,STX_DOC_000001,2024.0,cross_taxa,high_confidence_stx_biosynthesis,expression,BIOLOGICAL_PROCESS,Polyphyletic origin of saxitoxin biosynthesis genes in the marine dinoflagellate Alexandrium revealed by comparative transcriptomics.
cyano_all,STX_DOC_000001,2024.0,cross_taxa,high_confidence_stx_biosynthesis,transcriptome,BIOLOGICAL_PROCESS,Polyphyletic origin of saxitoxin biosynthesis genes in the marine dinoflagellate Alexandrium revealed by comparative transcriptomics.
cyano_all,STX_DOC_000001,2024.0,cross_taxa,high_confidence_stx_biosynthesis,phylogeny,BIOLOGICAL_PROCESS,Polyphyletic origin of saxitoxin biosynthesis genes in the marine dinoflagellate Alexandrium revealed by comparative transcriptomics.
cyano_all,STX_DOC_000001,2024.0,cross_taxa,high_confidence_stx_biosynthesis,phylogenetic,BIOLOGICAL_PROCESS,Polyphyletic origin of saxitoxin biosynthesis genes in the marine dinoflagellate Alexandrium revealed by comparative transcriptomics.
cyano_all,STX_DOC_000001,2024.0,cross_taxa,high_confidence_stx_biosynthesis,horizontal gene transfer,BIOLOGICAL_PROCESS,Polyphyletic origin of saxitoxin biosynthesis genes in the marine dinoflagellate Alexandrium revealed by comparative transcriptomics.
cyano_all,STX_DOC_000002,2025.0,cross_taxa,high_confidence_stx_biosynthesis,saxitoxin,TOXIN,Transcriptomic comparison unveils saxitoxin biosynthesis genes in the marine dinoflagellate Gymnodinium catenatum.
cyano_all,STX_DOC_000002,2025.0,cross_taxa,high_confidence_stx_biosynthesis,stx,TOXIN,Transcriptomic comparison unveils saxitoxin biosynthesis genes in the marine dinoflagellate Gymnodinium catenatum.
cyano_all,STX_DOC_000002,2025.0,cross_taxa,high_confidence_stx_biosynthesis,paralytic shellfish poisoning,TOXIN,Transcriptomic comparison unveils saxitoxin biosynthesis genes in the marine dinoflagellate Gymnodinium catenatum.
cyano_all,STX_DOC_000002,2025.0,cross_taxa,high_confidence_stx_biosynthesis,sxta,SXT_GENE,Transcriptomic comparison unveils saxitoxin biosynthesis genes in the marine dinoflagellate Gymnodinium catenatum.
cyano_all,STX_DOC_000002,2025.0,cross_taxa,high_confidence_stx_biosynthesis,sxta4,SXT_GENE,Transcriptomic comparison unveils saxitoxin biosynthesis genes in the marine dinoflagellate Gymnodinium catenatum.
cyano_all,STX_DOC_000002,2025.0,cross_taxa,high_confidence_stx_biosynthesis,sxtb,SXT_GENE,Transcriptomic comparison unveils saxitoxin biosynthesis genes in the marine dinoflagellate Gymnodinium catenatum.
cyano_all,STX_DOC_000002,2025.0,cross_taxa,high_confidence_stx_biosynthesis,sxtg,SXT_GENE,Transcriptomic comparison unveils saxitoxin biosynthesis genes in the marine dinoflagellate Gymnodinium catenatum.
cyano_all,STX_DOC_000002,2025.0,cross_taxa,high_confidence_stx_biosynthesis,sxti,SXT_GENE,Transcriptomic comparison unveils saxitoxin biosynthesis genes in the marine dinoflagellate Gymnodinium catenatum.
cyano_all,STX_DOC_000002,2025.0,cross_taxa,high_confidence_stx_biosynthesis,sxts,SXT_GENE,Transcriptomic comparison unveils saxitoxin biosynthesis genes in the marine dinoflagellate Gymnodinium catenatum.
cyano_all,STX_DOC_000002,2025.0,cross_taxa,high_confidence_stx_biosynthesis,sxtu,SXT_GENE,Transcriptomic comparison unveils saxitoxin biosynthesis genes in the marine dinoflagellate Gymnodinium catenatum.
cyano_all,STX_DOC_000002,2025.0,cross_taxa,high_confidence_stx_biosynthesis,sxt genes,SXT_GENE,Transcriptomic comparison unveils saxitoxin biosynthesis genes in the marine dinoflagellate Gymnodinium catenatum.
cyano_all,STX_DOC_000002,2025.0,cross_taxa,high_confidence_stx_biosynthesis,saxitoxin biosynthesis genes,SXT_GENE,Transcriptomic comparison unveils saxitoxin biosynthesis genes in the marine dinoflagellate Gymnodinium catenatum.
cyano_all,STX_DOC_000002,2025.0,cross_taxa,high_confidence_stx_biosynthesis,dinoflagellate,DINO_TAXON,Transcriptomic comparison unveils saxitoxin biosynthesis genes in the marine dinoflagellate Gymnodinium catenatum.
cyano_all,STX_DOC_000002,2025.0,cross_taxa,high_confidence_stx_biosynthesis,dinoflagellates,DINO_TAXON,Transcriptomic comparison unveils saxitoxin biosynthesis genes in the marine dinoflagellate Gymnodinium catenatum.
cyano_all,STX_DOC_000002,2025.0,cross_taxa,high_confidence_stx_biosynthesis,alexandrium,DINO_TAXON,Transcriptomic comparison unveils saxitoxin biosynthesis genes in the marine dinoflagellate Gymnodinium catenatum.
cyano_all,STX_DOC_000002,2025.0,cross_taxa,high_confidence_stx_biosynthesis,gymnodinium,DINO_TAXON,Transcriptomic comparison unveils saxitoxin biosynthesis genes in the marine dinoflagellate Gymnodinium catenatum.
cyano_all,STX_DOC_000002,2025.0,cross_taxa,high_confidence_stx_biosynthesis,gymnodinium catenatum,DINO_TAXON,Transcriptomic comparison unveils saxitoxin biosynthesis genes in the marine dinoflagellate Gymnodinium catenatum.
cyano_all,STX_DOC_000002,2025.0,cross_taxa,high_confidence_stx_biosynthesis,cyanobacteria,CYANO_TAXON,Transcriptomic comparison unveils saxitoxin biosynthesis genes in the marine dinoflagellate Gymnodinium catenatum.
cyano_all,STX_DOC_000002,2025.0,cross_taxa,high_confidence_stx_biosynthesis,biosynthesis,BIOLOGICAL_PROCESS,Transcriptomic comparison unveils saxitoxin biosynthesis genes in the marine dinoflagellate Gymnodinium catenatum.
cyano_all,STX_DOC_000002,2025.0,cross_taxa,high_confidence_stx_biosynthesis,saxitoxin biosynthesis,BIOLOGICAL_PROCESS,Transcriptomic comparison unveils saxitoxin biosynthesis genes in the marine dinoflagellate Gymnodinium catenatum.
cyano_all,STX_DOC_000002,2025.0,cross_taxa,high_confidence_stx_biosynthesis,expression,BIOLOGICAL_PROCESS,Transcriptomic comparison unveils saxitoxin biosynthesis genes in the marine dinoflagellate Gymnodinium catenatum.
cyano_all,STX_DOC_000002,2025.0,cross_taxa,high_confidence_stx_biosynthesis,gene expression,BIOLOGICAL_PROCESS,Transcriptomic comparison unveils saxitoxin biosynthesis genes in the marine dinoflagellate Gymnodinium catenatum.
cyano_all,STX_DOC_000002,2025.0,cross_taxa,high_confidence_stx_biosynthesis,transcriptome,BIOLOGICAL_PROCESS,Transcriptomic comparison unveils saxitoxin biosynthesis genes in the marine dinoflagellate Gymnodinium catenatum.
cyano_all,STX_DOC_000002,2025.0,cross_taxa,high_confidence_stx_biosynthesis,transcriptomic,BIOLOGICAL_PROCESS,Transcriptomic comparison unveils saxitoxin biosynthesis genes in the marine dinoflagellate Gymnodinium catenatum.
cyano_all,STX_DOC_000002,2025.0,cross_taxa,high_confidence_stx_biosynthesis,phylogenetic,BIOLOGICAL_PROCESS,Transcriptomic comparison unveils saxitoxin biosynthesis genes in the marine dinoflagellate Gymnodinium catenatum.
cyano_all,STX_DOC_000004,2016.0,cross_taxa,high_confidence_stx_biosynthesis,saxitoxin,TOXIN,Gene expression in the biosynthesis of Paralytic Shellfish Poisoning (PSP) toxins in dinoflagellates: a mini review
cyano_all,STX_DOC_000004,2016.0,cross_taxa,high_confidence_stx_biosynthesis,stx,TOXIN,Gene expression in the biosynthesis of Paralytic Shellfish Poisoning (PSP) toxins in dinoflagellates: a mini review
cyano_all,STX_DOC_000004,2016.0,cross_taxa,high_confidence_stx_biosynthesis,paralytic shellfish poisoning,TOXIN,Gene expression in the biosynthesis of Paralytic Shellfish Poisoning (PSP) toxins in dinoflagellates: a mini review
cyano_all,STX_DOC_000004,2016.0,cross_taxa,high_confidence_stx_biosynthesis,sxta,SXT_GENE,Gene expression in the biosynthesis of Paralytic Shellfish Poisoning (PSP) toxins in dinoflagellates: a mini review
cyano_all,STX_DOC_000004,2016.0,cross_taxa,high_confidence_stx_biosynthesis,sxtb,SXT_GENE,Gene expression in the biosynthesis of Paralytic Shellfish Poisoning (PSP) toxins in dinoflagellates: a mini review
cyano_all,STX_DOC_000004,2016.0,cross_taxa,high_confidence_stx_biosynthesis,sxtd,SXT_GENE,Gene expression in the biosynthesis of Paralytic Shellfish Poisoning (PSP) toxins in dinoflagellates: a mini review
cyano_all,STX_DOC_000004,2016.0,cross_taxa,high_confidence_stx_biosynthesis,sxtg,SXT_GENE,Gene expression in the biosynthesis of Paralytic Shellfish Poisoning (PSP) toxins in dinoflagellates: a mini review
cyano_all,STX_DOC_000004,2016.0,cross_taxa,high_confidence_stx_biosynthesis,sxth,SXT_GENE,Gene expression in the biosynthesis of Paralytic Shellfish Poisoning (PSP) toxins in dinoflagellates: a mini review
cyano_all,STX_DOC_000004,2016.0,cross_taxa,high_confidence_stx_biosynthesis,sxti,SXT_GENE,Gene expression in the biosynthesis of Paralytic Shellfish Poisoning (PSP) toxins in dinoflagellates: a mini review
cyano_all,STX_DOC_000004,2016.0,cross_taxa,high_confidence_stx_biosynthesis,sxts,SXT_GENE,Gene expression in the biosynthesis of Paralytic Shellfish Poisoning (PSP) toxins in dinoflagellates: a mini review
cyano_all,STX_DOC_000004,2016.0,cross_taxa,high_confidence_stx_biosynthesis,sxtu,SXT_GENE,Gene expression in the biosynthesis of Paralytic Shellfish Poisoning (PSP) toxins in dinoflagellates: a mini review
cyano_all,STX_DOC_000004,2016.0,cross_taxa,high_confidence_stx_biosynthesis,dinoflagellate,DINO_TAXON,Gene expression in the biosynthesis of Paralytic Shellfish Poisoning (PSP) toxins in dinoflagellates: a mini review
cyano_all,STX_DOC_000004,2016.0,cross_taxa,high_confidence_stx_biosynthesis,dinoflagellates,DINO_TAXON,Gene expression in the biosynthesis of Paralytic Shellfish Poisoning (PSP) toxins in dinoflagellates: a mini review
cyano_all,STX_DOC_000004,2016.0,cross_taxa,high_confidence_stx_biosynthesis,alexandrium,DINO_TAXON,Gene expression in the biosynthesis of Paralytic Shellfish Poisoning (PSP) toxins in dinoflagellates: a mini review
cyano_all,STX_DOC_000004,2016.0,cross_taxa,high_confidence_stx_biosynthesis,cyanobacteria,CYANO_TAXON,Gene expression in the biosynthesis of Paralytic Shellfish Poisoning (PSP) toxins in dinoflagellates: a mini review
cyano_all,STX_DOC_000004,2016.0,cross_taxa,high_confidence_stx_biosynthesis,biosynthesis,BIOLOGICAL_PROCESS,Gene expression in the biosynthesis of Paralytic Shellfish Poisoning (PSP) toxins in dinoflagellates: a mini review
cyano_all,STX_DOC_000004,2016.0,cross_taxa,high_confidence_stx_biosynthesis,expression,BIOLOGICAL_PROCESS,Gene expression in the biosynthesis of Paralytic Shellfish Poisoning (PSP) toxins in dinoflagellates: a mini review
cyano_all,STX_DOC_000004,2016.0,cross_taxa,high_confidence_stx_biosynthesis,gene expression,BIOLOGICAL_PROCESS,Gene expression in the biosynthesis of Paralytic Shellfish Poisoning (PSP) toxins in dinoflagellates: a mini review
cyano_all,STX_DOC_000004,2016.0,cross_taxa,high_confidence_stx_biosynthesis,evolution,BIOLOGICAL_PROCESS,Gene expression in the biosynthesis of Paralytic Shellfish Poisoning (PSP) toxins in dinoflagellates: a mini review
cyano_all,STX_DOC_000004,2016.0,cross_taxa,high_confidence_stx_biosynthesis,horizontal gene transfer,BIOLOGICAL_PROCESS,Gene expression in the biosynthesis of Paralytic Shellfish Poisoning (PSP) toxins in dinoflagellates: a mini review
cyano_all,STX_DOC_000004,2016.0,cross_taxa,high_confidence_stx_biosynthesis,toxin production,BIOLOGICAL_PROCESS,Gene expression in the biosynthesis of Paralytic Shellfish Poisoning (PSP) toxins in dinoflagellates: a mini review
cyano_all,STX_DOC_000006,2015.0,cross_taxa,high_confidence_stx_biosynthesis,paralytic shellfish toxin,TOXIN,Quantification of Toxin Biosynthesis Genes In Cyanobacteria and Dinoflagellates - Genetic Factors as Predictors of Toxin Production in the Environment
cyano_all,STX_DOC_000006,2015.0,cross_taxa,high_confidence_stx_biosynthesis,paralytic shellfish toxins,TOXIN,Quantification of Toxin Biosynthesis Genes In Cyanobacteria and Dinoflagellates - Genetic Factors as Predictors of Toxin Production in the Environment
cyano_all,STX_DOC_000006,2015.0,cross_taxa,high_confidence_stx_biosynthesis,pst,TOXIN,Quantification of Toxin Biosynthesis Genes In Cyanobacteria and Dinoflagellates - Genetic Factors as Predictors of Toxin Production in the Environment
cyano_all,STX_DOC_000006,2015.0,cross_taxa,high_confidence_stx_biosynthesis,psts,TOXIN,Quantification of Toxin Biosynthesis Genes In Cyanobacteria and Dinoflagellates - Genetic Factors as Predictors of Toxin Production in the Environment
cyano_all,STX_DOC_000006,2015.0,cross_taxa,high_confidence_stx_biosynthesis,sxta,SXT_GENE,Quantification of Toxin Biosynthesis Genes In Cyanobacteria and Dinoflagellates - Genetic Factors as Predictors of Toxin Production in the Environment
cyano_all,STX_DOC_000006,2015.0,cross_taxa,high_confidence_stx_biosynthesis,sxta4,SXT_GENE,Quantification of Toxin Biosynthesis Genes In Cyanobacteria and Dinoflagellates - Genetic Factors as Predictors of Toxin Production in the Environment
cyano_all,STX_DOC_000006,2015.0,cross_taxa,high_confidence_stx_biosynthesis,sxtb,SXT_GENE,Quantification of Toxin Biosynthesis Genes In Cyanobacteria and Dinoflagellates - Genetic Factors as Predictors of Toxin Production in the Environment
cyano_all,STX_DOC_000006,2015.0,cross_taxa,high_confidence_stx_biosynthesis,sxtg,SXT_GENE,Quantification of Toxin Biosynthesis Genes In Cyanobacteria and Dinoflagellates - Genetic Factors as Predictors of Toxin Production in the Environment
cyano_all,STX_DOC_000006,2015.0,cross_taxa,high_confidence_stx_biosynthesis,dinoflagellate,DINO_TAXON,Quantification of Toxin Biosynthesis Genes In Cyanobacteria and Dinoflagellates - Genetic Factors as Predictors of Toxin Production in the Environment
cyano_all,STX_DOC_000006,2015.0,cross_taxa,high_confidence_stx_biosynthesis,dinoflagellates,DINO_TAXON,Quantification of Toxin Biosynthesis Genes In Cyanobacteria and Dinoflagellates - Genetic Factors as Predictors of Toxin Production in the Environment
cyano_all,STX_DOC_000006,2015.0,cross_taxa,high_confidence_stx_biosynthesis,cyanobacteria,CYANO_TAXON,Quantification of Toxin Biosynthesis Genes In Cyanobacteria and Dinoflagellates - Genetic Factors as Predictors of Toxin Production in the Environment
cyano_all,STX_DOC_000006,2015.0,cross_taxa,high_confidence_stx_biosynthesis,cyanobacterial,CYANO_TAXON,Quantification of Toxin Biosynthesis Genes In Cyanobacteria and Dinoflagellates - Genetic Factors as Predictors of Toxin Production in the Environment
cyano_all,STX_DOC_000006,2015.0,cross_taxa,high_confidence_stx_biosynthesis,nutrient,ENV_FACTOR,Quantification of Toxin Biosynthesis Genes In Cyanobacteria and Dinoflagellates - Genetic Factors as Predictors of Toxin Production in the Environment
cyano_all,STX_DOC_000006,2015.0,cross_taxa,high_confidence_stx_biosynthesis,climate,ENV_FACTOR,Quantification of Toxin Biosynthesis Genes In Cyanobacteria and Dinoflagellates - Genetic Factors as Predictors of Toxin Production in the Environment
cyano_all,STX_DOC_000006,2015.0,cross_taxa,high_confidence_stx_biosynthesis,bloom,ENV_FACTOR,Quantification of Toxin Biosynthesis Genes In Cyanobacteria and Dinoflagellates - Genetic Factors as Predictors of Toxin Production in the Environment
cyano_all,STX_DOC_000006,2015.0,cross_taxa,high_confidence_stx_biosynthesis,biosynthesis,BIOLOGICAL_PROCESS,Quantification of Toxin Biosynthesis Genes In Cyanobacteria and Dinoflagellates - Genetic Factors as Predictors of Toxin Production in the Environment
cyano_all,STX_DOC_000006,2015.0,cross_taxa,high_confidence_stx_biosynthesis,toxin biosynthesis,BIOLOGICAL_PROCESS,Quantification of Toxin Biosynthesis Genes In Cyanobacteria and Dinoflagellates - Genetic Factors as Predictors of Toxin Production in the Environment
cyano_all,STX_DOC_000006,2015.0,cross_taxa,high_confidence_stx_biosynthesis,toxin production,BIOLOGICAL_PROCESS,Quantification of Toxin Biosynthesis Genes In Cyanobacteria and Dinoflagellates - Genetic Factors as Predictors of Toxin Production in the Environment
cyano_all,STX_DOC_000007,2015.0,cross_taxa,high_confidence_stx_biosynthesis,saxitoxin,TOXIN,Transport of saxitoxin (stx) and its analogues in filamentous freshwater cyanobacteria
cyano_all,STX_DOC_000007,2015.0,cross_taxa,high_confidence_stx_biosynthesis,stx,TOXIN,Transport of saxitoxin (stx) and its analogues in filamentous freshwater cyanobacteria
cyano_all,STX_DOC_000007,2015.0,cross_taxa,high_confidence_stx_biosynthesis,pst,TOXIN,Transport of saxitoxin (stx) and its analogues in filamentous freshwater cyanobacteria
cyano_all,STX_DOC_000007,2015.0,cross_taxa,high_confidence_stx_biosynthesis,psts,TOXIN,Transport of saxitoxin (stx) and its analogues in filamentous freshwater cyanobacteria
cyano_all,STX_DOC_000007,2015.0,cross_taxa,high_confidence_stx_biosynthesis,paralytic shellfish poisoning,TOXIN,Transport of saxitoxin (stx) and its analogues in filamentous freshwater cyanobacteria
cyano_all,STX_DOC_000007,2015.0,cross_taxa,high_confidence_stx_biosynthesis,sxta,SXT_GENE,Transport of saxitoxin (stx) and its analogues in filamentous freshwater cyanobacteria
cyano_all,STX_DOC_000007,2015.0,cross_taxa,high_confidence_stx_biosynthesis,sxtd,SXT_GENE,Transport of saxitoxin (stx) and its analogues in filamentous freshwater cyanobacteria
cyano_all,STX_DOC_000007,2015.0,cross_taxa,high_confidence_stx_biosynthesis,sxtu,SXT_GENE,Transport of saxitoxin (stx) and its analogues in filamentous freshwater cyanobacteria
cyano_all,STX_DOC_000007,2015.0,cross_taxa,high_confidence_stx_biosynthesis,dinoflagellates,DINO_TAXON,Transport of saxitoxin (stx) and its analogues in filamentous freshwater cyanobacteria
cyano_all,STX_DOC_000007,2015.0,cross_taxa,high_confidence_stx_biosynthesis,cyanobacteria,CYANO_TAXON,Transport of saxitoxin (stx) and its analogues in filamentous freshwater cyanobacteria
cyano_all,STX_DOC_000007,2015.0,cross_taxa,high_confidence_stx_biosynthesis,cyanobacterium,CYANO_TAXON,Transport of saxitoxin (stx) and its analogues in filamentous freshwater cyanobacteria
cyano_all,STX_DOC_000007,2015.0,cross_taxa,high_confidence_stx_biosynthesis,cylindrospermopsis,CYANO_TAXON,Transport of saxitoxin (stx) and its analogues in filamentous freshwater cyanobacteria
cyano_all,STX_DOC_000007,2015.0,cross_taxa,high_confidence_stx_biosynthesis,expression,BIOLOGICAL_PROCESS,Transport of saxitoxin (stx) and its analogues in filamentous freshwater cyanobacteria
cyano_all,STX_DOC_000007,2015.0,cross_taxa,high_confidence_stx_biosynthesis,lc-ms,DETECTION_METHOD,Transport of saxitoxin (stx) and its analogues in filamentous freshwater cyanobacteria
cyano_all,STX_DOC_000007,2015.0,cross_taxa,high_confidence_stx_biosynthesis,lc-ms/ms,DETECTION_METHOD,Transport of saxitoxin (stx) and its analogues in filamentous freshwater cyanobacteria
cyano_all,STX_DOC_000007,2015.0,cross_taxa,high_confidence_stx_biosynthesis,mass spectrometry,DETECTION_METHOD,Transport of saxitoxin (stx) and its analogues in filamentous freshwater cyanobacteria
cyano_all,STX_DOC_000008,,cross_taxa,high_confidence_stx_biosynthesis,paralytic shellfish toxin,TOXIN,Paralytic Shellfish Toxin production in Alexandrium minutum (Dinophyceae): insights from omics integration using toxigenic and non-toxigenic recombinant progeny
cyano_all,STX_DOC_000008,,cross_taxa,high_confidence_stx_biosynthesis,paralytic shellfish toxins,TOXIN,Paralytic Shellfish Toxin production in Alexandrium minutum (Dinophyceae): insights from omics integration using toxigenic and non-toxigenic recombinant progeny
cyano_all,STX_DOC_000008,,cross_taxa,high_confidence_stx_biosynthesis,pst,TOXIN,Paralytic Shellfish Toxin production in Alexandrium minutum (Dinophyceae): insights from omics integration using toxigenic and non-toxigenic recombinant progeny
cyano_all,STX_DOC_000008,,cross_taxa,high_confidence_stx_biosynthesis,psts,TOXIN,Paralytic Shellfish Toxin production in Alexandrium minutum (Dinophyceae): insights from omics integration using toxigenic and non-toxigenic recombinant progeny
cyano_all,STX_DOC_000008,,cross_taxa,high_confidence_stx_biosynthesis,sxta4,SXT_GENE,Paralytic Shellfish Toxin production in Alexandrium minutum (Dinophyceae): insights from omics integration using toxigenic and non-toxigenic recombinant progeny
cyano_all,STX_DOC_000008,,cross_taxa,high_confidence_stx_biosynthesis,sxtg,SXT_GENE,Paralytic Shellfish Toxin production in Alexandrium minutum (Dinophyceae): insights from omics integration using toxigenic and non-toxigenic recombinant progeny
cyano_all,STX_DOC_000008,,cross_taxa,high_confidence_stx_biosynthesis,sxti,SXT_GENE,Paralytic Shellfish Toxin production in Alexandrium minutum (Dinophyceae): insights from omics integration using toxigenic and non-toxigenic recombinant progeny
cyano_all,STX_DOC_000008,,cross_taxa,high_confidence_stx_biosynthesis,sxts,SXT_GENE,Paralytic Shellfish Toxin production in Alexandrium minutum (Dinophyceae): insights from omics integration using toxigenic and non-toxigenic recombinant progeny
cyano_all,STX_DOC_000008,,cross_taxa,high_confidence_stx_biosynthesis,sxt genes,SXT_GENE,Paralytic Shellfish Toxin production in Alexandrium minutum (Dinophyceae): insights from omics integration using toxigenic and non-toxigenic recombinant progeny
cyano_all,STX_DOC_000008,,cross_taxa,high_confidence_stx_biosynthesis,dinoflagellate,DINO_TAXON,Paralytic Shellfish Toxin production in Alexandrium minutum (Dinophyceae): insights from omics integration using toxigenic and non-toxigenic recombinant progeny
cyano_all,STX_DOC_000008,,cross_taxa,high_confidence_stx_biosynthesis,dinoflagellates,DINO_TAXON,Paralytic Shellfish Toxin production in Alexandrium minutum (Dinophyceae): insights from omics integration using toxigenic and non-toxigenic recombinant progeny
cyano_all,STX_DOC_000008,,cross_taxa,high_confidence_stx_biosynthesis,alexandrium,DINO_TAXON,Paralytic Shellfish Toxin production in Alexandrium minutum (Dinophyceae): insights from omics integration using toxigenic and non-toxigenic recombinant progeny
cyano_all,STX_DOC_000008,,cross_taxa,high_confidence_stx_biosynthesis,alexandrium minutum,DINO_TAXON,Paralytic Shellfish Toxin production in Alexandrium minutum (Dinophyceae): insights from omics integration using toxigenic and non-toxigenic recombinant progeny
cyano_all,STX_DOC_000008,,cross_taxa,high_confidence_stx_biosynthesis,cyanobacteria,CYANO_TAXON,Paralytic Shellfish Toxin production in Alexandrium minutum (Dinophyceae): insights from omics integration using toxigenic and non-toxigenic recombinant progeny
cyano_all,STX_DOC_000008,,cross_taxa,high_confidence_stx_biosynthesis,cyanobacterial,CYANO_TAXON,Paralytic Shellfish Toxin production in Alexandrium minutum (Dinophyceae): insights from omics integration using toxigenic and non-toxigenic recombinant progeny
cyano_all,STX_DOC_000008,,cross_taxa,high_confidence_stx_biosynthesis,biosynthesis,BIOLOGICAL_PROCESS,Paralytic Shellfish Toxin production in Alexandrium minutum (Dinophyceae): insights from omics integration using toxigenic and non-toxigenic recombinant progeny
cyano_all,STX_DOC_000008,,cross_taxa,high_confidence_stx_biosynthesis,transcriptomic,BIOLOGICAL_PROCESS,Paralytic Shellfish Toxin production in Alexandrium minutum (Dinophyceae): insights from omics integration using toxigenic and non-toxigenic recombinant progeny
cyano_all,STX_DOC_000008,,cross_taxa,high_confidence_stx_biosynthesis,horizontal gene transfer,BIOLOGICAL_PROCESS,Paralytic Shellfish Toxin production in Alexandrium minutum (Dinophyceae): insights from omics integration using toxigenic and non-toxigenic recombinant progeny
cyano_all,STX_DOC_000008,,cross_taxa,high_confidence_stx_biosynthesis,toxin production,BIOLOGICAL_PROCESS,Paralytic Shellfish Toxin production in Alexandrium minutum (Dinophyceae): insights from omics integration using toxigenic and non-toxigenic recombinant progeny
cyano_all,STX_DOC_000009,2010.0,cross_taxa,high_confidence_stx_biosynthesis,saxitoxin,TOXIN,Neurotoxic alkaloids: saxitoxin and its analogs.
cyano_all,STX_DOC_000009,2010.0,cross_taxa,high_confidence_stx_biosynthesis,stx,TOXIN,Neurotoxic alkaloids: saxitoxin and its analogs.
cyano_all,STX_DOC_000009,2010.0,cross_taxa,high_confidence_stx_biosynthesis,paralytic shellfish toxins,TOXIN,Neurotoxic alkaloids: saxitoxin and its analogs.
cyano_all,STX_DOC_000009,2010.0,cross_taxa,high_confidence_stx_biosynthesis,pst,TOXIN,Neurotoxic alkaloids: saxitoxin and its analogs.
cyano_all,STX_DOC_000009,2010.0,cross_taxa,high_confidence_stx_biosynthesis,psts,TOXIN,Neurotoxic alkaloids: saxitoxin and its analogs.
cyano_all,STX_DOC_000009,2010.0,cross_taxa,high_confidence_stx_biosynthesis,paralytic shellfish poisoning,TOXIN,Neurotoxic alkaloids: saxitoxin and its analogs.
cyano_all,STX_DOC_000009,2010.0,cross_taxa,high_confidence_stx_biosynthesis,dinoflagellates,DINO_TAXON,Neurotoxic alkaloids: saxitoxin and its analogs.
cyano_all,STX_DOC_000009,2010.0,cross_taxa,high_confidence_stx_biosynthesis,alexandrium,DINO_TAXON,Neurotoxic alkaloids: saxitoxin and its analogs.
cyano_all,STX_DOC_000009,2010.0,cross_taxa,high_confidence_stx_biosynthesis,gymnodinium,DINO_TAXON,Neurotoxic alkaloids: saxitoxin and its analogs.
cyano_all,STX_DOC_000009,2010.0,cross_taxa,high_confidence_stx_biosynthesis,pyrodinium,DINO_TAXON,Neurotoxic alkaloids: saxitoxin and its analogs.
cyano_all,STX_DOC_000009,2010.0,cross_taxa,high_confidence_stx_biosynthesis,cyanobacteria,CYANO_TAXON,Neurotoxic alkaloids: saxitoxin and its analogs.
cyano_all,STX_DOC_000009,2010.0,cross_taxa,high_confidence_stx_biosynthesis,cyanobacterial,CYANO_TAXON,Neurotoxic alkaloids: saxitoxin and its analogs.
cyano_all,STX_DOC_000009,2010.0,cross_taxa,high_confidence_stx_biosynthesis,aphanizomenon,CYANO_TAXON,Neurotoxic alkaloids: saxitoxin and its analogs.
cyano_all,STX_DOC_000009,2010.0,cross_taxa,high_confidence_stx_biosynthesis,anabaena,CYANO_TAXON,Neurotoxic alkaloids: saxitoxin and its analogs.
cyano_all,STX_DOC_000009,2010.0,cross_taxa,high_confidence_stx_biosynthesis,cylindrospermopsis,CYANO_TAXON,Neurotoxic alkaloids: saxitoxin and its analogs.
cyano_all,STX_DOC_000009,2010.0,cross_taxa,high_confidence_stx_biosynthesis,lyngbya,CYANO_TAXON,Neurotoxic alkaloids: saxitoxin and its analogs.
cyano_all,STX_DOC_000009,2010.0,cross_taxa,high_confidence_stx_biosynthesis,planktothrix,CYANO_TAXON,Neurotoxic alkaloids: saxitoxin and its analogs.
cyano_all,STX_DOC_000009,2010.0,cross_taxa,high_confidence_stx_biosynthesis,toxicity,BIOLOGICAL_PROCESS,Neurotoxic alkaloids: saxitoxin and its analogs.
cyano_all,STX_DOC_000012,2016.0,cross_taxa,high_confidence_stx_biosynthesis,saxitoxin,TOXIN,Physiological and transcriptional responses to inorganic nutrition in a tropical Pacific strain of Alexandrium minutum: Implications for the saxitoxin genes and toxin production.
cyano_all,STX_DOC_000012,2016.0,cross_taxa,high_confidence_stx_biosynthesis,stx,TOXIN,Physiological and transcriptional responses to inorganic nutrition in a tropical Pacific strain of Alexandrium minutum: Implications for the saxitoxin genes and toxin production.
cyano_all,STX_DOC_000012,2016.0,cross_taxa,high_confidence_stx_biosynthesis,paralytic shellfish poisoning,TOXIN,Physiological and transcriptional responses to inorganic nutrition in a tropical Pacific strain of Alexandrium minutum: Implications for the saxitoxin genes and toxin production.
cyano_all,STX_DOC_000012,2016.0,cross_taxa,high_confidence_stx_biosynthesis,sxta,SXT_GENE,Physiological and transcriptional responses to inorganic nutrition in a tropical Pacific strain of Alexandrium minutum: Implications for the saxitoxin genes and toxin production.
cyano_all,STX_DOC_000012,2016.0,cross_taxa,high_confidence_stx_biosynthesis,sxta4,SXT_GENE,Physiological and transcriptional responses to inorganic nutrition in a tropical Pacific strain of Alexandrium minutum: Implications for the saxitoxin genes and toxin production.
cyano_all,STX_DOC_000012,2016.0,cross_taxa,high_confidence_stx_biosynthesis,sxtg,SXT_GENE,Physiological and transcriptional responses to inorganic nutrition in a tropical Pacific strain of Alexandrium minutum: Implications for the saxitoxin genes and toxin production.
cyano_all,STX_DOC_000012,2016.0,cross_taxa,high_confidence_stx_biosynthesis,sxti,SXT_GENE,Physiological and transcriptional responses to inorganic nutrition in a tropical Pacific strain of Alexandrium minutum: Implications for the saxitoxin genes and toxin production.
cyano_all,STX_DOC_000012,2016.0,cross_taxa,high_confidence_stx_biosynthesis,sxt genes,SXT_GENE,Physiological and transcriptional responses to inorganic nutrition in a tropical Pacific strain of Alexandrium minutum: Implications for the saxitoxin genes and toxin production.
cyano_all,STX_DOC_000012,2016.0,cross_taxa,high_confidence_stx_biosynthesis,dinoflagellates,DINO_TAXON,Physiological and transcriptional responses to inorganic nutrition in a tropical Pacific strain of Alexandrium minutum: Implications for the saxitoxin genes and toxin production.
cyano_all,STX_DOC_000012,2016.0,cross_taxa,high_confidence_stx_biosynthesis,alexandrium,DINO_TAXON,Physiological and transcriptional responses to inorganic nutrition in a tropical Pacific strain of Alexandrium minutum: Implications for the saxitoxin genes and toxin production.
cyano_all,STX_DOC_000012,2016.0,cross_taxa,high_confidence_stx_biosynthesis,alexandrium minutum,DINO_TAXON,Physiological and transcriptional responses to inorganic nutrition in a tropical Pacific strain of Alexandrium minutum: Implications for the saxitoxin genes and toxin production.
cyano_all,STX_DOC_000012,2016.0,cross_taxa,high_confidence_stx_biosynthesis,cyanobacteria,CYANO_TAXON,Physiological and transcriptional responses to inorganic nutrition in a tropical Pacific strain of Alexandrium minutum: Implications for the saxitoxin genes and toxin production.
cyano_all,STX_DOC_000012,2016.0,cross_taxa,high_confidence_stx_biosynthesis,nitrogen,ENV_FACTOR,Physiological and transcriptional responses to inorganic nutrition in a tropical Pacific strain of Alexandrium minutum: Implications for the saxitoxin genes and toxin production.
cyano_all,STX_DOC_000012,2016.0,cross_taxa,high_confidence_stx_biosynthesis,phosphorus,ENV_FACTOR,Physiological and transcriptional responses to inorganic nutrition in a tropical Pacific strain of Alexandrium minutum: Implications for the saxitoxin genes and toxin production.
cyano_all,STX_DOC_000012,2016.0,cross_taxa,high_confidence_stx_biosynthesis,nitrate,ENV_FACTOR,Physiological and transcriptional responses to inorganic nutrition in a tropical Pacific strain of Alexandrium minutum: Implications for the saxitoxin genes and toxin production.
cyano_all,STX_DOC_000012,2016.0,cross_taxa,high_confidence_stx_biosynthesis,biosynthesis,BIOLOGICAL_PROCESS,Physiological and transcriptional responses to inorganic nutrition in a tropical Pacific strain of Alexandrium minutum: Implications for the saxitoxin genes and toxin production.
cyano_all,STX_DOC_000012,2016.0,cross_taxa,high_confidence_stx_biosynthesis,expression,BIOLOGICAL_PROCESS,Physiological and transcriptional responses to inorganic nutrition in a tropical Pacific strain of Alexandrium minutum: Implications for the saxitoxin genes and toxin production.
cyano_all,STX_DOC_000012,2016.0,cross_taxa,high_confidence_stx_biosynthesis,transcriptomic,BIOLOGICAL_PROCESS,Physiological and transcriptional responses to inorganic nutrition in a tropical Pacific strain of Alexandrium minutum: Implications for the saxitoxin genes and toxin production.
cyano_all,STX_DOC_000012,2016.0,cross_taxa,high_confidence_stx_biosynthesis,toxin production,BIOLOGICAL_PROCESS,Physiological and transcriptional responses to inorganic nutrition in a tropical Pacific strain of Alexandrium minutum: Implications for the saxitoxin genes and toxin production.
cyano_all,STX_DOC_000014,2026.0,cross_taxa,high_confidence_stx_biosynthesis,saxitoxin,TOXIN,Transcriptomic insights into polyketides and toxin biosynthesis genes in freshwater dinoflagellates.
cyano_all,STX_DOC_000014,2026.0,cross_taxa,high_confidence_stx_biosynthesis,stx,TOXIN,Transcriptomic insights into polyketides and toxin biosynthesis genes in freshwater dinoflagellates.
cyano_all,STX_DOC_000014,2026.0,cross_taxa,high_confidence_stx_biosynthesis,sxta4,SXT_GENE,Transcriptomic insights into polyketides and toxin biosynthesis genes in freshwater dinoflagellates.
cyano_all,STX_DOC_000014,2026.0,cross_taxa,high_confidence_stx_biosynthesis,sxtd,SXT_GENE,Transcriptomic insights into polyketides and toxin biosynthesis genes in freshwater dinoflagellates.
cyano_all,STX_DOC_000014,2026.0,cross_taxa,high_confidence_stx_biosynthesis,sxth,SXT_GENE,Transcriptomic insights into polyketides and toxin biosynthesis genes in freshwater dinoflagellates.
cyano_all,STX_DOC_000014,2026.0,cross_taxa,high_confidence_stx_biosynthesis,sxti,SXT_GENE,Transcriptomic insights into polyketides and toxin biosynthesis genes in freshwater dinoflagellates.
cyano_all,STX_DOC_000014,2026.0,cross_taxa,high_confidence_stx_biosynthesis,sxts,SXT_GENE,Transcriptomic insights into polyketides and toxin biosynthesis genes in freshwater dinoflagellates.
cyano_all,STX_DOC_000014,2026.0,cross_taxa,high_confidence_stx_biosynthesis,sxtu,SXT_GENE,Transcriptomic insights into polyketides and toxin biosynthesis genes in freshwater dinoflagellates.
cyano_all,STX_DOC_000014,2026.0,cross_taxa,high_confidence_stx_biosynthesis,dinoflagellate,DINO_TAXON,Transcriptomic insights into polyketides and toxin biosynthesis genes in freshwater dinoflagellates.
cyano_all,STX_DOC_000014,2026.0,cross_taxa,high_confidence_stx_biosynthesis,dinoflagellates,DINO_TAXON,Transcriptomic insights into polyketides and toxin biosynthesis genes in freshwater dinoflagellates.
cyano_all,STX_DOC_000014,2026.0,cross_taxa,high_confidence_stx_biosynthesis,cyanobacteria,CYANO_TAXON,Transcriptomic insights into polyketides and toxin biosynthesis genes in freshwater dinoflagellates.
cyano_all,STX_DOC_000014,2026.0,cross_taxa,high_confidence_stx_biosynthesis,biosynthesis,BIOLOGICAL_PROCESS,Transcriptomic insights into polyketides and toxin biosynthesis genes in freshwater dinoflagellates.
cyano_all,STX_DOC_000014,2026.0,cross_taxa,high_confidence_stx_biosynthesis,toxin biosynthesis,BIOLOGICAL_PROCESS,Transcriptomic insights into polyketides and toxin biosynthesis genes in freshwater dinoflagellates.
cyano_all,STX_DOC_000014,2026.0,cross_taxa,high_confidence_stx_biosynthesis,transcriptome,BIOLOGICAL_PROCESS,Transcriptomic insights into polyketides and toxin biosynthesis genes in freshwater dinoflagellates.
cyano_all,STX_DOC_000014,2026.0,cross_taxa,high_confidence_stx_biosynthesis,transcriptomic,BIOLOGICAL_PROCESS,Transcriptomic insights into polyketides and toxin biosynthesis genes in freshwater dinoflagellates.
cyano_all,STX_DOC_000014,2026.0,cross_taxa,high_confidence_stx_biosynthesis,phylogenetic,BIOLOGICAL_PROCESS,Transcriptomic insights into polyketides and toxin biosynthesis genes in freshwater dinoflagellates.
cyano_all,STX_DOC_000015,2018.0,cyanobacteria,high_confidence_stx_biosynthesis,saxitoxin,TOXIN,"Cryptic diversity within the Scytonema complex: Characterization of the paralytic shellfish toxin producer Heterosyctonema crispum, and the establishment of the family Heteroscytonemataceae (Cyanobacteria/Nostocales)."
cyano_all,STX_DOC_000015,2018.0,cyanobacteria,high_confidence_stx_biosynthesis,stx,TOXIN,"Cryptic diversity within the Scytonema complex: Characterization of the paralytic shellfish toxin producer Heterosyctonema crispum, and the establishment of the family Heteroscytonemataceae (Cyanobacteria/Nostocales)."
cyano_all,STX_DOC_000015,2018.0,cyanobacteria,high_confidence_stx_biosynthesis,paralytic shellfish toxin,TOXIN,"Cryptic diversity within the Scytonema complex: Characterization of the paralytic shellfish toxin producer Heterosyctonema crispum, and the establishment of the family Heteroscytonemataceae (Cyanobacteria/Nostocales)."
cyano_all,STX_DOC_000015,2018.0,cyanobacteria,high_confidence_stx_biosynthesis,paralytic shellfish toxins,TOXIN,"Cryptic diversity within the Scytonema complex: Characterization of the paralytic shellfish toxin producer Heterosyctonema crispum, and the establishment of the family Heteroscytonemataceae (Cyanobacteria/Nostocales)."
cyano_all,STX_DOC_000015,2018.0,cyanobacteria,high_confidence_stx_biosynthesis,pst,TOXIN,"Cryptic diversity within the Scytonema complex: Characterization of the paralytic shellfish toxin producer Heterosyctonema crispum, and the establishment of the family Heteroscytonemataceae (Cyanobacteria/Nostocales)."
cyano_all,STX_DOC_000015,2018.0,cyanobacteria,high_confidence_stx_biosynthesis,psts,TOXIN,"Cryptic diversity within the Scytonema complex: Characterization of the paralytic shellfish toxin producer Heterosyctonema crispum, and the establishment of the family Heteroscytonemataceae (Cyanobacteria/Nostocales)."
cyano_all,STX_DOC_000015,2018.0,cyanobacteria,high_confidence_stx_biosynthesis,sxta,SXT_GENE,"Cryptic diversity within the Scytonema complex: Characterization of the paralytic shellfish toxin producer Heterosyctonema crispum, and the establishment of the family Heteroscytonemataceae (Cyanobacteria/Nostocales)."
cyano_all,STX_DOC_000015,2018.0,cyanobacteria,high_confidence_stx_biosynthesis,cyanobacteria,CYANO_TAXON,"Cryptic diversity within the Scytonema complex: Characterization of the paralytic shellfish toxin producer Heterosyctonema crispum, and the establishment of the family Heteroscytonemataceae (Cyanobacteria/Nostocales)."
cyano_all,STX_DOC_000015,2018.0,cyanobacteria,high_confidence_stx_biosynthesis,cyanobacterium,CYANO_TAXON,"Cryptic diversity within the Scytonema complex: Characterization of the paralytic shellfish toxin producer Heterosyctonema crispum, and the establishment of the family Heteroscytonemataceae (Cyanobacteria/Nostocales)."
cyano_all,STX_DOC_000015,2018.0,cyanobacteria,high_confidence_stx_biosynthesis,scytonema,CYANO_TAXON,"Cryptic diversity within the Scytonema complex: Characterization of the paralytic shellfish toxin producer Heterosyctonema crispum, and the establishment of the family Heteroscytonemataceae (Cyanobacteria/Nostocales)."
cyano_all,STX_DOC_000015,2018.0,cyanobacteria,high_confidence_stx_biosynthesis,phylogenetic,BIOLOGICAL_PROCESS,"Cryptic diversity within the Scytonema complex: Characterization of the paralytic shellfish toxin producer Heterosyctonema crispum, and the establishment of the family Heteroscytonemataceae (Cyanobacteria/Nostocales)."
cyano_all,STX_DOC_000015,2018.0,cyanobacteria,high_confidence_stx_biosynthesis,toxicity,BIOLOGICAL_PROCESS,"Cryptic diversity within the Scytonema complex: Characterization of the paralytic shellfish toxin producer Heterosyctonema crispum, and the establishment of the family Heteroscytonemataceae (Cyanobacteria/Nostocales)."
cyano_all,STX_DOC_000016,2018.0,cyanobacteria,high_confidence_stx_biosynthesis,saxitoxin,TOXIN,"Paralytic shellfish toxin producing Aphanizomenon gracile strains isolated from Lake Iznik, Turkey."
cyano_all,STX_DOC_000016,2018.0,cyanobacteria,high_confidence_stx_biosynthesis,stx,TOXIN,"Paralytic shellfish toxin producing Aphanizomenon gracile strains isolated from Lake Iznik, Turkey."
cyano_all,STX_DOC_000016,2018.0,cyanobacteria,high_confidence_stx_biosynthesis,neosaxitoxin,TOXIN,"Paralytic shellfish toxin producing Aphanizomenon gracile strains isolated from Lake Iznik, Turkey."
cyano_all,STX_DOC_000016,2018.0,cyanobacteria,high_confidence_stx_biosynthesis,gonyautoxin,TOXIN,"Paralytic shellfish toxin producing Aphanizomenon gracile strains isolated from Lake Iznik, Turkey."
cyano_all,STX_DOC_000016,2018.0,cyanobacteria,high_confidence_stx_biosynthesis,paralytic shellfish toxin,TOXIN,"Paralytic shellfish toxin producing Aphanizomenon gracile strains isolated from Lake Iznik, Turkey."
cyano_all,STX_DOC_000016,2018.0,cyanobacteria,high_confidence_stx_biosynthesis,pst,TOXIN,"Paralytic shellfish toxin producing Aphanizomenon gracile strains isolated from Lake Iznik, Turkey."
cyano_all,STX_DOC_000016,2018.0,cyanobacteria,high_confidence_stx_biosynthesis,sxta,SXT_GENE,"Paralytic shellfish toxin producing Aphanizomenon gracile strains isolated from Lake Iznik, Turkey."
cyano_all,STX_DOC_000016,2018.0,cyanobacteria,high_confidence_stx_biosynthesis,sxtg,SXT_GENE,"Paralytic shellfish toxin producing Aphanizomenon gracile strains isolated from Lake Iznik, Turkey."
cyano_all,STX_DOC_000016,2018.0,cyanobacteria,high_confidence_stx_biosynthesis,saxitoxin biosynthesis genes,SXT_GENE,"Paralytic shellfish toxin producing Aphanizomenon gracile strains isolated from Lake Iznik, Turkey."
cyano_all,STX_DOC_000016,2018.0,cyanobacteria,high_confidence_stx_biosynthesis,cyanobacteria,CYANO_TAXON,"Paralytic shellfish toxin producing Aphanizomenon gracile strains isolated from Lake Iznik, Turkey."
cyano_all,STX_DOC_000016,2018.0,cyanobacteria,high_confidence_stx_biosynthesis,aphanizomenon,CYANO_TAXON,"Paralytic shellfish toxin producing Aphanizomenon gracile strains isolated from Lake Iznik, Turkey."
cyano_all,STX_DOC_000016,2018.0,cyanobacteria,high_confidence_stx_biosynthesis,biosynthesis,BIOLOGICAL_PROCESS,"Paralytic shellfish toxin producing Aphanizomenon gracile strains isolated from Lake Iznik, Turkey."
cyano_all,STX_DOC_000016,2018.0,cyanobacteria,high_confidence_stx_biosynthesis,saxitoxin biosynthesis,BIOLOGICAL_PROCESS,"Paralytic shellfish toxin producing Aphanizomenon gracile strains isolated from Lake Iznik, Turkey."
cyano_all,STX_DOC_000016,2018.0,cyanobacteria,high_confidence_stx_biosynthesis,lc-ms,DETECTION_METHOD,"Paralytic shellfish toxin producing Aphanizomenon gracile strains isolated from Lake Iznik, Turkey."
cyano_all,STX_DOC_000016,2018.0,cyanobacteria,high_confidence_stx_biosynthesis,lc-ms/ms,DETECTION_METHOD,"Paralytic shellfish toxin producing Aphanizomenon gracile strains isolated from Lake Iznik, Turkey."
cyano_all,STX_DOC_000016,2018.0,cyanobacteria,high_confidence_stx_biosynthesis,mass spectrometry,DETECTION_METHOD,"Paralytic shellfish toxin producing Aphanizomenon gracile strains isolated from Lake Iznik, Turkey."
cyano_all,STX_DOC_000017,2017.0,cross_taxa,dinoflagellate_stx,saxitoxin,TOXIN,"Prevalence, Variability and Bioconcentration of Saxitoxin-Group in Different Marine Species Present in the Food Chain."
cyano_all,STX_DOC_000017,2017.0,cross_taxa,dinoflagellate_stx,stx,TOXIN,"Prevalence, Variability and Bioconcentration of Saxitoxin-Group in Different Marine Species Present in the Food Chain."
cyano_all,STX_DOC_000017,2017.0,cross_taxa,dinoflagellate_stx,neosaxitoxin,TOXIN,"Prevalence, Variability and Bioconcentration of Saxitoxin-Group in Different Marine Species Present in the Food Chain."
cyano_all,STX_DOC_000017,2017.0,cross_taxa,dinoflagellate_stx,gonyautoxin,TOXIN,"Prevalence, Variability and Bioconcentration of Saxitoxin-Group in Different Marine Species Present in the Food Chain."
cyano_all,STX_DOC_000017,2017.0,cross_taxa,dinoflagellate_stx,dinoflagellates,DINO_TAXON,"Prevalence, Variability and Bioconcentration of Saxitoxin-Group in Different Marine Species Present in the Food Chain."
cyano_all,STX_DOC_000017,2017.0,cross_taxa,dinoflagellate_stx,alexandrium,DINO_TAXON,"Prevalence, Variability and Bioconcentration of Saxitoxin-Group in Different Marine Species Present in the Food Chain."
cyano_all,STX_DOC_000017,2017.0,cross_taxa,dinoflagellate_stx,gymnodinium,DINO_TAXON,"Prevalence, Variability and Bioconcentration of Saxitoxin-Group in Different Marine Species Present in the Food Chain."
cyano_all,STX_DOC_000017,2017.0,cross_taxa,dinoflagellate_stx,pyrodinium,DINO_TAXON,"Prevalence, Variability and Bioconcentration of Saxitoxin-Group in Different Marine Species Present in the Food Chain."
cyano_all,STX_DOC_000017,2017.0,cross_taxa,dinoflagellate_stx,cyanobacteria,CYANO_TAXON,"Prevalence, Variability and Bioconcentration of Saxitoxin-Group in Different Marine Species Present in the Food Chain."
cyano_all,STX_DOC_000017,2017.0,cross_taxa,dinoflagellate_stx,toxicity,BIOLOGICAL_PROCESS,"Prevalence, Variability and Bioconcentration of Saxitoxin-Group in Different Marine Species Present in the Food Chain."
cyano_all,STX_DOC_000018,2017.0,cyanobacteria,high_confidence_stx_biosynthesis,saxitoxin,TOXIN,First report of cyanobacterial paralytic shellfish toxin biosynthesis genes and paralytic shellfish toxin production in Polish freshwater lakes
cyano_all,STX_DOC_000018,2017.0,cyanobacteria,high_confidence_stx_biosynthesis,paralytic shellfish toxin,TOXIN,First report of cyanobacterial paralytic shellfish toxin biosynthesis genes and paralytic shellfish toxin production in Polish freshwater lakes
cyano_all,STX_DOC_000018,2017.0,cyanobacteria,high_confidence_stx_biosynthesis,pst,TOXIN,First report of cyanobacterial paralytic shellfish toxin biosynthesis genes and paralytic shellfish toxin production in Polish freshwater lakes
cyano_all,STX_DOC_000018,2017.0,cyanobacteria,high_confidence_stx_biosynthesis,psts,TOXIN,First report of cyanobacterial paralytic shellfish toxin biosynthesis genes and paralytic shellfish toxin production in Polish freshwater lakes
cyano_all,STX_DOC_000018,2017.0,cyanobacteria,high_confidence_stx_biosynthesis,sxta,SXT_GENE,First report of cyanobacterial paralytic shellfish toxin biosynthesis genes and paralytic shellfish toxin production in Polish freshwater lakes
cyano_all,STX_DOC_000018,2017.0,cyanobacteria,high_confidence_stx_biosynthesis,sxtb,SXT_GENE,First report of cyanobacterial paralytic shellfish toxin biosynthesis genes and paralytic shellfish toxin production in Polish freshwater lakes
cyano_all,STX_DOC_000018,2017.0,cyanobacteria,high_confidence_stx_biosynthesis,sxtg,SXT_GENE,First report of cyanobacterial paralytic shellfish toxin biosynthesis genes and paralytic shellfish toxin production in Polish freshwater lakes
cyano_all,STX_DOC_000018,2017.0,cyanobacteria,high_confidence_stx_biosynthesis,sxts,SXT_GENE,First report of cyanobacterial paralytic shellfish toxin biosynthesis genes and paralytic shellfish toxin production in Polish freshwater lakes
cyano_all,STX_DOC_000018,2017.0,cyanobacteria,high_confidence_stx_biosynthesis,cyanobacteria,CYANO_TAXON,First report of cyanobacterial paralytic shellfish toxin biosynthesis genes and paralytic shellfish toxin production in Polish freshwater lakes
cyano_all,STX_DOC_000018,2017.0,cyanobacteria,high_confidence_stx_biosynthesis,cyanobacterial,CYANO_TAXON,First report of cyanobacterial paralytic shellfish toxin biosynthesis genes and paralytic shellfish toxin production in Polish freshwater lakes
cyano_all,STX_DOC_000018,2017.0,cyanobacteria,high_confidence_stx_biosynthesis,aphanizomenon,CYANO_TAXON,First report of cyanobacterial paralytic shellfish toxin biosynthesis genes and paralytic shellfish toxin production in Polish freshwater lakes
cyano_all,STX_DOC_000018,2017.0,cyanobacteria,high_confidence_stx_biosynthesis,cylindrospermopsis,CYANO_TAXON,First report of cyanobacterial paralytic shellfish toxin biosynthesis genes and paralytic shellfish toxin production in Polish freshwater lakes
cyano_all,STX_DOC_000018,2017.0,cyanobacteria,high_confidence_stx_biosynthesis,biosynthesis,BIOLOGICAL_PROCESS,First report of cyanobacterial paralytic shellfish toxin biosynthesis genes and paralytic shellfish toxin production in Polish freshwater lakes
cyano_all,STX_DOC_000018,2017.0,cyanobacteria,high_confidence_stx_biosynthesis,toxin biosynthesis,BIOLOGICAL_PROCESS,First report of cyanobacterial paralytic shellfish toxin biosynthesis genes and paralytic shellfish toxin production in Polish freshwater lakes
cyano_all,STX_DOC_000018,2017.0,cyanobacteria,high_confidence_stx_biosynthesis,toxin production,BIOLOGICAL_PROCESS,First report of cyanobacterial paralytic shellfish toxin biosynthesis genes and paralytic shellfish toxin production in Polish freshwater lakes
cyano_all,STX_DOC_000018,2017.0,cyanobacteria,high_confidence_stx_biosynthesis,hplc,DETECTION_METHOD,First report of cyanobacterial paralytic shellfish toxin biosynthesis genes and paralytic shellfish toxin production in Polish freshwater lakes
cyano_all,STX_DOC_000019,2017.0,cross_taxa,high_confidence_stx_biosynthesis,stx,TOXIN,Transcriptional and Physiological Responses of Genes Related to Nutrient Uptakes and Toxin Production of Alexandrium minutum (Dinophyceae) in Malaysia Waters
cyano_all,STX_DOC_000019,2017.0,cross_taxa,high_confidence_stx_biosynthesis,paralytic shellfish poisoning,TOXIN,Transcriptional and Physiological Responses of Genes Related to Nutrient Uptakes and Toxin Production of Alexandrium minutum (Dinophyceae) in Malaysia Waters
cyano_all,STX_DOC_000019,2017.0,cross_taxa,high_confidence_stx_biosynthesis,sxta,SXT_GENE,Transcriptional and Physiological Responses of Genes Related to Nutrient Uptakes and Toxin Production of Alexandrium minutum (Dinophyceae) in Malaysia Waters
cyano_all,STX_DOC_000019,2017.0,cross_taxa,high_confidence_stx_biosynthesis,sxta4,SXT_GENE,Transcriptional and Physiological Responses of Genes Related to Nutrient Uptakes and Toxin Production of Alexandrium minutum (Dinophyceae) in Malaysia Waters
cyano_all,STX_DOC_000019,2017.0,cross_taxa,high_confidence_stx_biosynthesis,sxtg,SXT_GENE,Transcriptional and Physiological Responses of Genes Related to Nutrient Uptakes and Toxin Production of Alexandrium minutum (Dinophyceae) in Malaysia Waters
cyano_all,STX_DOC_000019,2017.0,cross_taxa,high_confidence_stx_biosynthesis,sxti,SXT_GENE,Transcriptional and Physiological Responses of Genes Related to Nutrient Uptakes and Toxin Production of Alexandrium minutum (Dinophyceae) in Malaysia Waters
cyano_all,STX_DOC_000019,2017.0,cross_taxa,high_confidence_stx_biosynthesis,dinoflagellates,DINO_TAXON,Transcriptional and Physiological Responses of Genes Related to Nutrient Uptakes and Toxin Production of Alexandrium minutum (Dinophyceae) in Malaysia Waters
cyano_all,STX_DOC_000019,2017.0,cross_taxa,high_confidence_stx_biosynthesis,alexandrium,DINO_TAXON,Transcriptional and Physiological Responses of Genes Related to Nutrient Uptakes and Toxin Production of Alexandrium minutum (Dinophyceae) in Malaysia Waters
cyano_all,STX_DOC_000019,2017.0,cross_taxa,high_confidence_stx_biosynthesis,alexandrium minutum,DINO_TAXON,Transcriptional and Physiological Responses of Genes Related to Nutrient Uptakes and Toxin Production of Alexandrium minutum (Dinophyceae) in Malaysia Waters
cyano_all,STX_DOC_000019,2017.0,cross_taxa,high_confidence_stx_biosynthesis,cyanobacteria,CYANO_TAXON,Transcriptional and Physiological Responses of Genes Related to Nutrient Uptakes and Toxin Production of Alexandrium minutum (Dinophyceae) in Malaysia Waters
cyano_all,STX_DOC_000019,2017.0,cross_taxa,high_confidence_stx_biosynthesis,nitrogen,ENV_FACTOR,Transcriptional and Physiological Responses of Genes Related to Nutrient Uptakes and Toxin Production of Alexandrium minutum (Dinophyceae) in Malaysia Waters
cyano_all,STX_DOC_000019,2017.0,cross_taxa,high_confidence_stx_biosynthesis,phosphorus,ENV_FACTOR,Transcriptional and Physiological Responses of Genes Related to Nutrient Uptakes and Toxin Production of Alexandrium minutum (Dinophyceae) in Malaysia Waters
cyano_all,STX_DOC_000019,2017.0,cross_taxa,high_confidence_stx_biosynthesis,nitrate,ENV_FACTOR,Transcriptional and Physiological Responses of Genes Related to Nutrient Uptakes and Toxin Production of Alexandrium minutum (Dinophyceae) in Malaysia Waters
cyano_all,STX_DOC_000019,2017.0,cross_taxa,high_confidence_stx_biosynthesis,phosphate,ENV_FACTOR,Transcriptional and Physiological Responses of Genes Related to Nutrient Uptakes and Toxin Production of Alexandrium minutum (Dinophyceae) in Malaysia Waters
cyano_all,STX_DOC_000019,2017.0,cross_taxa,high_confidence_stx_biosynthesis,nutrient,ENV_FACTOR,Transcriptional and Physiological Responses of Genes Related to Nutrient Uptakes and Toxin Production of Alexandrium minutum (Dinophyceae) in Malaysia Waters
cyano_all,STX_DOC_000019,2017.0,cross_taxa,high_confidence_stx_biosynthesis,nutrients,ENV_FACTOR,Transcriptional and Physiological Responses of Genes Related to Nutrient Uptakes and Toxin Production of Alexandrium minutum (Dinophyceae) in Malaysia Waters
cyano_all,STX_DOC_000019,2017.0,cross_taxa,high_confidence_stx_biosynthesis,bloom,ENV_FACTOR,Transcriptional and Physiological Responses of Genes Related to Nutrient Uptakes and Toxin Production of Alexandrium minutum (Dinophyceae) in Malaysia Waters
cyano_all,STX_DOC_000019,2017.0,cross_taxa,high_confidence_stx_biosynthesis,biosynthesis,BIOLOGICAL_PROCESS,Transcriptional and Physiological Responses of Genes Related to Nutrient Uptakes and Toxin Production of Alexandrium minutum (Dinophyceae) in Malaysia Waters
cyano_all,STX_DOC_000019,2017.0,cross_taxa,high_confidence_stx_biosynthesis,regulation,BIOLOGICAL_PROCESS,Transcriptional and Physiological Responses of Genes Related to Nutrient Uptakes and Toxin Production of Alexandrium minutum (Dinophyceae) in Malaysia Waters
cyano_all,STX_DOC_000019,2017.0,cross_taxa,high_confidence_stx_biosynthesis,expression,BIOLOGICAL_PROCESS,Transcriptional and Physiological Responses of Genes Related to Nutrient Uptakes and Toxin Production of Alexandrium minutum (Dinophyceae) in Malaysia Waters
cyano_all,STX_DOC_000019,2017.0,cross_taxa,high_confidence_stx_biosynthesis,transcriptomic,BIOLOGICAL_PROCESS,Transcriptional and Physiological Responses of Genes Related to Nutrient Uptakes and Toxin Production of Alexandrium minutum (Dinophyceae) in Malaysia Waters
cyano_all,STX_DOC_000019,2017.0,cross_taxa,high_confidence_stx_biosynthesis,toxin production,BIOLOGICAL_PROCESS,Transcriptional and Physiological Responses of Genes Related to Nutrient Uptakes and Toxin Production of Alexandrium minutum (Dinophyceae) in Malaysia Waters
cyano_all,STX_DOC_000022,2012.0,cross_taxa,high_confidence_stx_biosynthesis,saxitoxin,TOXIN,"Molecular characterization of the its2 transcript and saxitoxin biosynthetic genes in two toxic dinoflagellates, alexandrium (dinophyceae) from Malaysia"
cyano_all,STX_DOC_000022,2012.0,cross_taxa,high_confidence_stx_biosynthesis,stx,TOXIN,"Molecular characterization of the its2 transcript and saxitoxin biosynthetic genes in two toxic dinoflagellates, alexandrium (dinophyceae) from Malaysia"
cyano_all,STX_DOC_000022,2012.0,cross_taxa,high_confidence_stx_biosynthesis,paralytic shellfish poisoning,TOXIN,"Molecular characterization of the its2 transcript and saxitoxin biosynthetic genes in two toxic dinoflagellates, alexandrium (dinophyceae) from Malaysia"
cyano_all,STX_DOC_000022,2012.0,cross_taxa,high_confidence_stx_biosynthesis,sxta,SXT_GENE,"Molecular characterization of the its2 transcript and saxitoxin biosynthetic genes in two toxic dinoflagellates, alexandrium (dinophyceae) from Malaysia"
cyano_all,STX_DOC_000022,2012.0,cross_taxa,high_confidence_stx_biosynthesis,sxta4,SXT_GENE,"Molecular characterization of the its2 transcript and saxitoxin biosynthetic genes in two toxic dinoflagellates, alexandrium (dinophyceae) from Malaysia"
cyano_all,STX_DOC_000022,2012.0,cross_taxa,high_confidence_stx_biosynthesis,sxti,SXT_GENE,"Molecular characterization of the its2 transcript and saxitoxin biosynthetic genes in two toxic dinoflagellates, alexandrium (dinophyceae) from Malaysia"
cyano_all,STX_DOC_000022,2012.0,cross_taxa,high_confidence_stx_biosynthesis,dinoflagellate,DINO_TAXON,"Molecular characterization of the its2 transcript and saxitoxin biosynthetic genes in two toxic dinoflagellates, alexandrium (dinophyceae) from Malaysia"
cyano_all,STX_DOC_000022,2012.0,cross_taxa,high_confidence_stx_biosynthesis,dinoflagellates,DINO_TAXON,"Molecular characterization of the its2 transcript and saxitoxin biosynthetic genes in two toxic dinoflagellates, alexandrium (dinophyceae) from Malaysia"
cyano_all,STX_DOC_000022,2012.0,cross_taxa,high_confidence_stx_biosynthesis,alexandrium,DINO_TAXON,"Molecular characterization of the its2 transcript and saxitoxin biosynthetic genes in two toxic dinoflagellates, alexandrium (dinophyceae) from Malaysia"
cyano_all,STX_DOC_000022,2012.0,cross_taxa,high_confidence_stx_biosynthesis,pyrodinium,DINO_TAXON,"Molecular characterization of the its2 transcript and saxitoxin biosynthetic genes in two toxic dinoflagellates, alexandrium (dinophyceae) from Malaysia"
cyano_all,STX_DOC_000022,2012.0,cross_taxa,high_confidence_stx_biosynthesis,pyrodinium bahamense,DINO_TAXON,"Molecular characterization of the its2 transcript and saxitoxin biosynthetic genes in two toxic dinoflagellates, alexandrium (dinophyceae) from Malaysia"
cyano_all,STX_DOC_000022,2012.0,cross_taxa,high_confidence_stx_biosynthesis,cyanobacteria,CYANO_TAXON,"Molecular characterization of the its2 transcript and saxitoxin biosynthetic genes in two toxic dinoflagellates, alexandrium (dinophyceae) from Malaysia"
cyano_all,STX_DOC_000022,2012.0,cross_taxa,high_confidence_stx_biosynthesis,cyanobacterial,CYANO_TAXON,"Molecular characterization of the its2 transcript and saxitoxin biosynthetic genes in two toxic dinoflagellates, alexandrium (dinophyceae) from Malaysia"
cyano_all,STX_DOC_000022,2012.0,cross_taxa,high_confidence_stx_biosynthesis,biosynthesis,BIOLOGICAL_PROCESS,"Molecular characterization of the its2 transcript and saxitoxin biosynthetic genes in two toxic dinoflagellates, alexandrium (dinophyceae) from Malaysia"
cyano_all,STX_DOC_000022,2012.0,cross_taxa,high_confidence_stx_biosynthesis,phylogeny,BIOLOGICAL_PROCESS,"Molecular characterization of the its2 transcript and saxitoxin biosynthetic genes in two toxic dinoflagellates, alexandrium (dinophyceae) from Malaysia"
cyano_all,STX_DOC_000022,2012.0,cross_taxa,high_confidence_stx_biosynthesis,phylogenetic,BIOLOGICAL_PROCESS,"Molecular characterization of the its2 transcript and saxitoxin biosynthetic genes in two toxic dinoflagellates, alexandrium (dinophyceae) from Malaysia"
cyano_all,STX_DOC_000026,2022.0,cross_taxa,high_confidence_stx_biosynthesis,saxitoxin,TOXIN,"CHARACTERIZATION OF THE SAXITOXIN BIOSYNTHETIC STARTING GENE, sxtA, IN THE TOXIC DINOFLAGELLATE, Pyrodinium bahamense var. compressum"
cyano_all,STX_DOC_000026,2022.0,cross_taxa,high_confidence_stx_biosynthesis,sxta,SXT_GENE,"CHARACTERIZATION OF THE SAXITOXIN BIOSYNTHETIC STARTING GENE, sxtA, IN THE TOXIC DINOFLAGELLATE, Pyrodinium bahamense var. compressum"
cyano_all,STX_DOC_000026,2022.0,cross_taxa,high_confidence_stx_biosynthesis,sxta4,SXT_GENE,"CHARACTERIZATION OF THE SAXITOXIN BIOSYNTHETIC STARTING GENE, sxtA, IN THE TOXIC DINOFLAGELLATE, Pyrodinium bahamense var. compressum"
cyano_all,STX_DOC_000026,2022.0,cross_taxa,high_confidence_stx_biosynthesis,dinoflagellate,DINO_TAXON,"CHARACTERIZATION OF THE SAXITOXIN BIOSYNTHETIC STARTING GENE, sxtA, IN THE TOXIC DINOFLAGELLATE, Pyrodinium bahamense var. compressum"
cyano_all,STX_DOC_000026,2022.0,cross_taxa,high_confidence_stx_biosynthesis,dinoflagellates,DINO_TAXON,"CHARACTERIZATION OF THE SAXITOXIN BIOSYNTHETIC STARTING GENE, sxtA, IN THE TOXIC DINOFLAGELLATE, Pyrodinium bahamense var. compressum"
cyano_all,STX_DOC_000026,2022.0,cross_taxa,high_confidence_stx_biosynthesis,alexandrium,DINO_TAXON,"CHARACTERIZATION OF THE SAXITOXIN BIOSYNTHETIC STARTING GENE, sxtA, IN THE TOXIC DINOFLAGELLATE, Pyrodinium bahamense var. compressum"
cyano_all,STX_DOC_000026,2022.0,cross_taxa,high_confidence_stx_biosynthesis,alexandrium tamarense,DINO_TAXON,"CHARACTERIZATION OF THE SAXITOXIN BIOSYNTHETIC STARTING GENE, sxtA, IN THE TOXIC DINOFLAGELLATE, Pyrodinium bahamense var. compressum"
cyano_all,STX_DOC_000026,2022.0,cross_taxa,high_confidence_stx_biosynthesis,alexandrium fundyense,DINO_TAXON,"CHARACTERIZATION OF THE SAXITOXIN BIOSYNTHETIC STARTING GENE, sxtA, IN THE TOXIC DINOFLAGELLATE, Pyrodinium bahamense var. compressum"
cyano_all,STX_DOC_000026,2022.0,cross_taxa,high_confidence_stx_biosynthesis,pyrodinium,DINO_TAXON,"CHARACTERIZATION OF THE SAXITOXIN BIOSYNTHETIC STARTING GENE, sxtA, IN THE TOXIC DINOFLAGELLATE, Pyrodinium bahamense var. compressum"
cyano_all,STX_DOC_000026,2022.0,cross_taxa,high_confidence_stx_biosynthesis,pyrodinium bahamense,DINO_TAXON,"CHARACTERIZATION OF THE SAXITOXIN BIOSYNTHETIC STARTING GENE, sxtA, IN THE TOXIC DINOFLAGELLATE, Pyrodinium bahamense var. compressum"
cyano_all,STX_DOC_000026,2022.0,cross_taxa,high_confidence_stx_biosynthesis,cyanobacteria,CYANO_TAXON,"CHARACTERIZATION OF THE SAXITOXIN BIOSYNTHETIC STARTING GENE, sxtA, IN THE TOXIC DINOFLAGELLATE, Pyrodinium bahamense var. compressum"
cyano_all,STX_DOC_000026,2022.0,cross_taxa,high_confidence_stx_biosynthesis,bloom,ENV_FACTOR,"CHARACTERIZATION OF THE SAXITOXIN BIOSYNTHETIC STARTING GENE, sxtA, IN THE TOXIC DINOFLAGELLATE, Pyrodinium bahamense var. compressum"
cyano_all,STX_DOC_000026,2022.0,cross_taxa,high_confidence_stx_biosynthesis,biosynthesis,BIOLOGICAL_PROCESS,"CHARACTERIZATION OF THE SAXITOXIN BIOSYNTHETIC STARTING GENE, sxtA, IN THE TOXIC DINOFLAGELLATE, Pyrodinium bahamense var. compressum"
cyano_all,STX_DOC_000026,2022.0,cross_taxa,high_confidence_stx_biosynthesis,saxitoxin biosynthesis,BIOLOGICAL_PROCESS,"CHARACTERIZATION OF THE SAXITOXIN BIOSYNTHETIC STARTING GENE, sxtA, IN THE TOXIC DINOFLAGELLATE, Pyrodinium bahamense var. compressum"
cyano_all,STX_DOC_000026,2022.0,cross_taxa,high_confidence_stx_biosynthesis,expression,BIOLOGICAL_PROCESS,"CHARACTERIZATION OF THE SAXITOXIN BIOSYNTHETIC STARTING GENE, sxtA, IN THE TOXIC DINOFLAGELLATE, Pyrodinium bahamense var. compressum"
cyano_all,STX_DOC_000031,2024.0,cyanobacteria,high_confidence_stx_biosynthesis,stx,TOXIN,First report of PST-producing Microseira wollei from China reveals its novel toxin profile.
cyano_all,STX_DOC_000031,2024.0,cyanobacteria,high_confidence_stx_biosynthesis,paralytic shellfish toxins,TOXIN,First report of PST-producing Microseira wollei from China reveals its novel toxin profile.
cyano_all,STX_DOC_000031,2024.0,cyanobacteria,high_confidence_stx_biosynthesis,pst,TOXIN,First report of PST-producing Microseira wollei from China reveals its novel toxin profile.
cyano_all,STX_DOC_000031,2024.0,cyanobacteria,high_confidence_stx_biosynthesis,sxta,SXT_GENE,First report of PST-producing Microseira wollei from China reveals its novel toxin profile.
cyano_all,STX_DOC_000031,2024.0,cyanobacteria,high_confidence_stx_biosynthesis,sxt gene,SXT_GENE,First report of PST-producing Microseira wollei from China reveals its novel toxin profile.
cyano_all,STX_DOC_000031,2024.0,cyanobacteria,high_confidence_stx_biosynthesis,sxt genes,SXT_GENE,First report of PST-producing Microseira wollei from China reveals its novel toxin profile.
cyano_all,STX_DOC_000031,2024.0,cyanobacteria,high_confidence_stx_biosynthesis,cyanobacteria,CYANO_TAXON,First report of PST-producing Microseira wollei from China reveals its novel toxin profile.
cyano_all,STX_DOC_000031,2024.0,cyanobacteria,high_confidence_stx_biosynthesis,cyanobacterium,CYANO_TAXON,First report of PST-producing Microseira wollei from China reveals its novel toxin profile.
cyano_all,STX_DOC_000031,2024.0,cyanobacteria,high_confidence_stx_biosynthesis,cyanobacterial,CYANO_TAXON,First report of PST-producing Microseira wollei from China reveals its novel toxin profile.
cyano_all,STX_DOC_000031,2024.0,cyanobacteria,high_confidence_stx_biosynthesis,bloom,ENV_FACTOR,First report of PST-producing Microseira wollei from China reveals its novel toxin profile.
cyano_all,STX_DOC_000031,2024.0,cyanobacteria,high_confidence_stx_biosynthesis,phylogenetic,BIOLOGICAL_PROCESS,First report of PST-producing Microseira wollei from China reveals its novel toxin profile.
cyano_all,STX_DOC_000033,2023.0,cross_taxa,high_confidence_stx_biosynthesis,stx,TOXIN,Saxitoxins-producing potential of the marine dinoflagellate Alexandrium affine and its environmental implications revealed by toxins and transcriptome profiling.
cyano_all,STX_DOC_000033,2023.0,cross_taxa,high_confidence_stx_biosynthesis,paralytic shellfish poisoning,TOXIN,Saxitoxins-producing potential of the marine dinoflagellate Alexandrium affine and its environmental implications revealed by toxins and transcriptome profiling.
cyano_all,STX_DOC_000033,2023.0,cross_taxa,high_confidence_stx_biosynthesis,sxta4,SXT_GENE,Saxitoxins-producing potential of the marine dinoflagellate Alexandrium affine and its environmental implications revealed by toxins and transcriptome profiling.
cyano_all,STX_DOC_000033,2023.0,cross_taxa,high_confidence_stx_biosynthesis,sxtg,SXT_GENE,Saxitoxins-producing potential of the marine dinoflagellate Alexandrium affine and its environmental implications revealed by toxins and transcriptome profiling.
cyano_all,STX_DOC_000033,2023.0,cross_taxa,high_confidence_stx_biosynthesis,sxt genes,SXT_GENE,Saxitoxins-producing potential of the marine dinoflagellate Alexandrium affine and its environmental implications revealed by toxins and transcriptome profiling.
cyano_all,STX_DOC_000033,2023.0,cross_taxa,high_confidence_stx_biosynthesis,dinoflagellate,DINO_TAXON,Saxitoxins-producing potential of the marine dinoflagellate Alexandrium affine and its environmental implications revealed by toxins and transcriptome profiling.
cyano_all,STX_DOC_000033,2023.0,cross_taxa,high_confidence_stx_biosynthesis,dinoflagellates,DINO_TAXON,Saxitoxins-producing potential of the marine dinoflagellate Alexandrium affine and its environmental implications revealed by toxins and transcriptome profiling.
cyano_all,STX_DOC_000033,2023.0,cross_taxa,high_confidence_stx_biosynthesis,alexandrium,DINO_TAXON,Saxitoxins-producing potential of the marine dinoflagellate Alexandrium affine and its environmental implications revealed by toxins and transcriptome profiling.
cyano_all,STX_DOC_000033,2023.0,cross_taxa,high_confidence_stx_biosynthesis,alexandrium affine,DINO_TAXON,Saxitoxins-producing potential of the marine dinoflagellate Alexandrium affine and its environmental implications revealed by toxins and transcriptome profiling.
cyano_all,STX_DOC_000033,2023.0,cross_taxa,high_confidence_stx_biosynthesis,cyanobacteria,CYANO_TAXON,Saxitoxins-producing potential of the marine dinoflagellate Alexandrium affine and its environmental implications revealed by toxins and transcriptome profiling.
cyano_all,STX_DOC_000033,2023.0,cross_taxa,high_confidence_stx_biosynthesis,temperature,ENV_FACTOR,Saxitoxins-producing potential of the marine dinoflagellate Alexandrium affine and its environmental implications revealed by toxins and transcriptome profiling.
cyano_all,STX_DOC_000033,2023.0,cross_taxa,high_confidence_stx_biosynthesis,nitrate,ENV_FACTOR,Saxitoxins-producing potential of the marine dinoflagellate Alexandrium affine and its environmental implications revealed by toxins and transcriptome profiling.
cyano_all,STX_DOC_000033,2023.0,cross_taxa,high_confidence_stx_biosynthesis,bloom,ENV_FACTOR,Saxitoxins-producing potential of the marine dinoflagellate Alexandrium affine and its environmental implications revealed by toxins and transcriptome profiling.
cyano_all,STX_DOC_000033,2023.0,cross_taxa,high_confidence_stx_biosynthesis,harmful algal bloom,ENV_FACTOR,Saxitoxins-producing potential of the marine dinoflagellate Alexandrium affine and its environmental implications revealed by toxins and transcriptome profiling.
cyano_all,STX_DOC_000033,2023.0,cross_taxa,high_confidence_stx_biosynthesis,biosynthesis,BIOLOGICAL_PROCESS,Saxitoxins-producing potential of the marine dinoflagellate Alexandrium affine and its environmental implications revealed by toxins and transcriptome profiling.
cyano_all,STX_DOC_000033,2023.0,cross_taxa,high_confidence_stx_biosynthesis,transcriptome,BIOLOGICAL_PROCESS,Saxitoxins-producing potential of the marine dinoflagellate Alexandrium affine and its environmental implications revealed by toxins and transcriptome profiling.
cyano_all,STX_DOC_000033,2023.0,cross_taxa,high_confidence_stx_biosynthesis,toxicity,BIOLOGICAL_PROCESS,Saxitoxins-producing potential of the marine dinoflagellate Alexandrium affine and its environmental implications revealed by toxins and transcriptome profiling.
cyano_all,STX_DOC_000034,2022.0,cross_taxa,high_confidence_stx_biosynthesis,saxitoxin,TOXIN,Unveiling the genomic structures and evolutionary events of the saxitoxin biosynthetic gene sxtA in the marine toxic dinoflagellate Alexandrium.
cyano_all,STX_DOC_000034,2022.0,cross_taxa,high_confidence_stx_biosynthesis,stx,TOXIN,Unveiling the genomic structures and evolutionary events of the saxitoxin biosynthetic gene sxtA in the marine toxic dinoflagellate Alexandrium.
cyano_all,STX_DOC_000034,2022.0,cross_taxa,high_confidence_stx_biosynthesis,paralytic shellfish poisoning,TOXIN,Unveiling the genomic structures and evolutionary events of the saxitoxin biosynthetic gene sxtA in the marine toxic dinoflagellate Alexandrium.
cyano_all,STX_DOC_000034,2022.0,cross_taxa,high_confidence_stx_biosynthesis,sxta,SXT_GENE,Unveiling the genomic structures and evolutionary events of the saxitoxin biosynthetic gene sxtA in the marine toxic dinoflagellate Alexandrium.
cyano_all,STX_DOC_000034,2022.0,cross_taxa,high_confidence_stx_biosynthesis,sxta4,SXT_GENE,Unveiling the genomic structures and evolutionary events of the saxitoxin biosynthetic gene sxtA in the marine toxic dinoflagellate Alexandrium.
cyano_all,STX_DOC_000034,2022.0,cross_taxa,high_confidence_stx_biosynthesis,dinoflagellate,DINO_TAXON,Unveiling the genomic structures and evolutionary events of the saxitoxin biosynthetic gene sxtA in the marine toxic dinoflagellate Alexandrium.
cyano_all,STX_DOC_000034,2022.0,cross_taxa,high_confidence_stx_biosynthesis,dinoflagellates,DINO_TAXON,Unveiling the genomic structures and evolutionary events of the saxitoxin biosynthetic gene sxtA in the marine toxic dinoflagellate Alexandrium.
cyano_all,STX_DOC_000034,2022.0,cross_taxa,high_confidence_stx_biosynthesis,alexandrium,DINO_TAXON,Unveiling the genomic structures and evolutionary events of the saxitoxin biosynthetic gene sxtA in the marine toxic dinoflagellate Alexandrium.
cyano_all,STX_DOC_000034,2022.0,cross_taxa,high_confidence_stx_biosynthesis,alexandrium catenella,DINO_TAXON,Unveiling the genomic structures and evolutionary events of the saxitoxin biosynthetic gene sxtA in the marine toxic dinoflagellate Alexandrium.
cyano_all,STX_DOC_000034,2022.0,cross_taxa,high_confidence_stx_biosynthesis,cyanobacteria,CYANO_TAXON,Unveiling the genomic structures and evolutionary events of the saxitoxin biosynthetic gene sxtA in the marine toxic dinoflagellate Alexandrium.
cyano_all,STX_DOC_000034,2022.0,cross_taxa,high_confidence_stx_biosynthesis,biosynthesis,BIOLOGICAL_PROCESS,Unveiling the genomic structures and evolutionary events of the saxitoxin biosynthetic gene sxtA in the marine toxic dinoflagellate Alexandrium.
cyano_all,STX_DOC_000034,2022.0,cross_taxa,high_confidence_stx_biosynthesis,toxin biosynthesis,BIOLOGICAL_PROCESS,Unveiling the genomic structures and evolutionary events of the saxitoxin biosynthetic gene sxtA in the marine toxic dinoflagellate Alexandrium.
cyano_all,STX_DOC_000034,2022.0,cross_taxa,high_confidence_stx_biosynthesis,phylogenetic,BIOLOGICAL_PROCESS,Unveiling the genomic structures and evolutionary events of the saxitoxin biosynthetic gene sxtA in the marine toxic dinoflagellate Alexandrium.
cyano_all,STX_DOC_000037,2024.0,cross_taxa,high_confidence_stx_biosynthesis,saxitoxin,TOXIN,"Synthesis and Identification of decarbamoyloxySaxitoxins in Toxic Microalgae and their Reactions with the Oxygenase, SxtT, Reveal Saxitoxin Biosynthesis."
cyano_all,STX_DOC_000037,2024.0,cross_taxa,high_confidence_stx_biosynthesis,stx,TOXIN,"Synthesis and Identification of decarbamoyloxySaxitoxins in Toxic Microalgae and their Reactions with the Oxygenase, SxtT, Reveal Saxitoxin Biosynthesis."
cyano_all,STX_DOC_000037,2024.0,cross_taxa,high_confidence_stx_biosynthesis,paralytic shellfish toxins,TOXIN,"Synthesis and Identification of decarbamoyloxySaxitoxins in Toxic Microalgae and their Reactions with the Oxygenase, SxtT, Reveal Saxitoxin Biosynthesis."
cyano_all,STX_DOC_000037,2024.0,cross_taxa,high_confidence_stx_biosynthesis,psts,TOXIN,"Synthesis and Identification of decarbamoyloxySaxitoxins in Toxic Microalgae and their Reactions with the Oxygenase, SxtT, Reveal Saxitoxin Biosynthesis."
cyano_all,STX_DOC_000037,2024.0,cross_taxa,high_confidence_stx_biosynthesis,dinoflagellate,DINO_TAXON,"Synthesis and Identification of decarbamoyloxySaxitoxins in Toxic Microalgae and their Reactions with the Oxygenase, SxtT, Reveal Saxitoxin Biosynthesis."
cyano_all,STX_DOC_000037,2024.0,cross_taxa,high_confidence_stx_biosynthesis,dinoflagellates,DINO_TAXON,"Synthesis and Identification of decarbamoyloxySaxitoxins in Toxic Microalgae and their Reactions with the Oxygenase, SxtT, Reveal Saxitoxin Biosynthesis."
cyano_all,STX_DOC_000037,2024.0,cross_taxa,high_confidence_stx_biosynthesis,alexandrium,DINO_TAXON,"Synthesis and Identification of decarbamoyloxySaxitoxins in Toxic Microalgae and their Reactions with the Oxygenase, SxtT, Reveal Saxitoxin Biosynthesis."
cyano_all,STX_DOC_000037,2024.0,cross_taxa,high_confidence_stx_biosynthesis,alexandrium catenella,DINO_TAXON,"Synthesis and Identification of decarbamoyloxySaxitoxins in Toxic Microalgae and their Reactions with the Oxygenase, SxtT, Reveal Saxitoxin Biosynthesis."
cyano_all,STX_DOC_000037,2024.0,cross_taxa,high_confidence_stx_biosynthesis,gymnodinium,DINO_TAXON,"Synthesis and Identification of decarbamoyloxySaxitoxins in Toxic Microalgae and their Reactions with the Oxygenase, SxtT, Reveal Saxitoxin Biosynthesis."
cyano_all,STX_DOC_000037,2024.0,cross_taxa,high_confidence_stx_biosynthesis,gymnodinium catenatum,DINO_TAXON,"Synthesis and Identification of decarbamoyloxySaxitoxins in Toxic Microalgae and their Reactions with the Oxygenase, SxtT, Reveal Saxitoxin Biosynthesis."
cyano_all,STX_DOC_000037,2024.0,cross_taxa,high_confidence_stx_biosynthesis,cyanobacteria,CYANO_TAXON,"Synthesis and Identification of decarbamoyloxySaxitoxins in Toxic Microalgae and their Reactions with the Oxygenase, SxtT, Reveal Saxitoxin Biosynthesis."
cyano_all,STX_DOC_000037,2024.0,cross_taxa,high_confidence_stx_biosynthesis,cyanobacterium,CYANO_TAXON,"Synthesis and Identification of decarbamoyloxySaxitoxins in Toxic Microalgae and their Reactions with the Oxygenase, SxtT, Reveal Saxitoxin Biosynthesis."
cyano_all,STX_DOC_000037,2024.0,cross_taxa,high_confidence_stx_biosynthesis,dolichospermum,CYANO_TAXON,"Synthesis and Identification of decarbamoyloxySaxitoxins in Toxic Microalgae and their Reactions with the Oxygenase, SxtT, Reveal Saxitoxin Biosynthesis."
cyano_all,STX_DOC_000037,2024.0,cross_taxa,high_confidence_stx_biosynthesis,biosynthesis,BIOLOGICAL_PROCESS,"Synthesis and Identification of decarbamoyloxySaxitoxins in Toxic Microalgae and their Reactions with the Oxygenase, SxtT, Reveal Saxitoxin Biosynthesis."
cyano_all,STX_DOC_000037,2024.0,cross_taxa,high_confidence_stx_biosynthesis,saxitoxin biosynthesis,BIOLOGICAL_PROCESS,"Synthesis and Identification of decarbamoyloxySaxitoxins in Toxic Microalgae and their Reactions with the Oxygenase, SxtT, Reveal Saxitoxin Biosynthesis."
cyano_all,STX_DOC_000039,2016.0,cyanobacteria,high_confidence_stx_biosynthesis,saxitoxin,TOXIN,"Variability in the sxt Gene Clusters of PSP Toxin Producing Aphanizomenon gracile Strains from Norway, Spain, Germany and North America"
cyano_all,STX_DOC_000039,2016.0,cyanobacteria,high_confidence_stx_biosynthesis,neosaxitoxin,TOXIN,"Variability in the sxt Gene Clusters of PSP Toxin Producing Aphanizomenon gracile Strains from Norway, Spain, Germany and North America"
cyano_all,STX_DOC_000039,2016.0,cyanobacteria,high_confidence_stx_biosynthesis,gonyautoxin,TOXIN,"Variability in the sxt Gene Clusters of PSP Toxin Producing Aphanizomenon gracile Strains from Norway, Spain, Germany and North America"
cyano_all,STX_DOC_000039,2016.0,cyanobacteria,high_confidence_stx_biosynthesis,paralytic shellfish poisoning,TOXIN,"Variability in the sxt Gene Clusters of PSP Toxin Producing Aphanizomenon gracile Strains from Norway, Spain, Germany and North America"
cyano_all,STX_DOC_000039,2016.0,cyanobacteria,high_confidence_stx_biosynthesis,sxta,SXT_GENE,"Variability in the sxt Gene Clusters of PSP Toxin Producing Aphanizomenon gracile Strains from Norway, Spain, Germany and North America"
cyano_all,STX_DOC_000039,2016.0,cyanobacteria,high_confidence_stx_biosynthesis,sxti,SXT_GENE,"Variability in the sxt Gene Clusters of PSP Toxin Producing Aphanizomenon gracile Strains from Norway, Spain, Germany and North America"
cyano_all,STX_DOC_000039,2016.0,cyanobacteria,high_confidence_stx_biosynthesis,sxt gene,SXT_GENE,"Variability in the sxt Gene Clusters of PSP Toxin Producing Aphanizomenon gracile Strains from Norway, Spain, Germany and North America"
cyano_all,STX_DOC_000039,2016.0,cyanobacteria,high_confidence_stx_biosynthesis,cyanobacterial,CYANO_TAXON,"Variability in the sxt Gene Clusters of PSP Toxin Producing Aphanizomenon gracile Strains from Norway, Spain, Germany and North America"
cyano_all,STX_DOC_000039,2016.0,cyanobacteria,high_confidence_stx_biosynthesis,aphanizomenon,CYANO_TAXON,"Variability in the sxt Gene Clusters of PSP Toxin Producing Aphanizomenon gracile Strains from Norway, Spain, Germany and North America"
cyano_all,STX_DOC_000039,2016.0,cyanobacteria,high_confidence_stx_biosynthesis,anabaena,CYANO_TAXON,"Variability in the sxt Gene Clusters of PSP Toxin Producing Aphanizomenon gracile Strains from Norway, Spain, Germany and North America"
cyano_all,STX_DOC_000039,2016.0,cyanobacteria,high_confidence_stx_biosynthesis,lyngbya,CYANO_TAXON,"Variability in the sxt Gene Clusters of PSP Toxin Producing Aphanizomenon gracile Strains from Norway, Spain, Germany and North America"
cyano_all,STX_DOC_000039,2016.0,cyanobacteria,high_confidence_stx_biosynthesis,scytonema,CYANO_TAXON,"Variability in the sxt Gene Clusters of PSP Toxin Producing Aphanizomenon gracile Strains from Norway, Spain, Germany and North America"
cyano_all,STX_DOC_000039,2016.0,cyanobacteria,high_confidence_stx_biosynthesis,phylogeny,BIOLOGICAL_PROCESS,"Variability in the sxt Gene Clusters of PSP Toxin Producing Aphanizomenon gracile Strains from Norway, Spain, Germany and North America"
cyano_all,STX_DOC_000039,2016.0,cyanobacteria,high_confidence_stx_biosynthesis,phylogenetic,BIOLOGICAL_PROCESS,"Variability in the sxt Gene Clusters of PSP Toxin Producing Aphanizomenon gracile Strains from Norway, Spain, Germany and North America"
cyano_all,STX_DOC_000039,2016.0,cyanobacteria,high_confidence_stx_biosynthesis,toxin production,BIOLOGICAL_PROCESS,"Variability in the sxt Gene Clusters of PSP Toxin Producing Aphanizomenon gracile Strains from Norway, Spain, Germany and North America"
cyano_all,STX_DOC_000039,2016.0,cyanobacteria,high_confidence_stx_biosynthesis,lc-ms,DETECTION_METHOD,"Variability in the sxt Gene Clusters of PSP Toxin Producing Aphanizomenon gracile Strains from Norway, Spain, Germany and North America"
cyano_all,STX_DOC_000040,2014.0,cross_taxa,high_confidence_stx_biosynthesis,paralytic shellfish toxins,TOXIN,Comparative Transcriptome Analysis of a Toxin-Producing Dinoflagellate Alexandrium catenella and Its Non-Toxic Mutant
cyano_all,STX_DOC_000040,2014.0,cross_taxa,high_confidence_stx_biosynthesis,pst,TOXIN,Comparative Transcriptome Analysis of a Toxin-Producing Dinoflagellate Alexandrium catenella and Its Non-Toxic Mutant
cyano_all,STX_DOC_000040,2014.0,cross_taxa,high_confidence_stx_biosynthesis,psts,TOXIN,Comparative Transcriptome Analysis of a Toxin-Producing Dinoflagellate Alexandrium catenella and Its Non-Toxic Mutant
cyano_all,STX_DOC_000040,2014.0,cross_taxa,high_confidence_stx_biosynthesis,sxta,SXT_GENE,Comparative Transcriptome Analysis of a Toxin-Producing Dinoflagellate Alexandrium catenella and Its Non-Toxic Mutant
cyano_all,STX_DOC_000040,2014.0,cross_taxa,high_confidence_stx_biosynthesis,sxt genes,SXT_GENE,Comparative Transcriptome Analysis of a Toxin-Producing Dinoflagellate Alexandrium catenella and Its Non-Toxic Mutant
cyano_all,STX_DOC_000040,2014.0,cross_taxa,high_confidence_stx_biosynthesis,dinoflagellate,DINO_TAXON,Comparative Transcriptome Analysis of a Toxin-Producing Dinoflagellate Alexandrium catenella and Its Non-Toxic Mutant
cyano_all,STX_DOC_000040,2014.0,cross_taxa,high_confidence_stx_biosynthesis,dinoflagellates,DINO_TAXON,Comparative Transcriptome Analysis of a Toxin-Producing Dinoflagellate Alexandrium catenella and Its Non-Toxic Mutant
cyano_all,STX_DOC_000040,2014.0,cross_taxa,high_confidence_stx_biosynthesis,alexandrium,DINO_TAXON,Comparative Transcriptome Analysis of a Toxin-Producing Dinoflagellate Alexandrium catenella and Its Non-Toxic Mutant
cyano_all,STX_DOC_000040,2014.0,cross_taxa,high_confidence_stx_biosynthesis,alexandrium catenella,DINO_TAXON,Comparative Transcriptome Analysis of a Toxin-Producing Dinoflagellate Alexandrium catenella and Its Non-Toxic Mutant
cyano_all,STX_DOC_000040,2014.0,cross_taxa,high_confidence_stx_biosynthesis,cyanobacteria,CYANO_TAXON,Comparative Transcriptome Analysis of a Toxin-Producing Dinoflagellate Alexandrium catenella and Its Non-Toxic Mutant
cyano_all,STX_DOC_000040,2014.0,cross_taxa,high_confidence_stx_biosynthesis,cyanobacterial,CYANO_TAXON,Comparative Transcriptome Analysis of a Toxin-Producing Dinoflagellate Alexandrium catenella and Its Non-Toxic Mutant
cyano_all,STX_DOC_000040,2014.0,cross_taxa,high_confidence_stx_biosynthesis,light,ENV_FACTOR,Comparative Transcriptome Analysis of a Toxin-Producing Dinoflagellate Alexandrium catenella and Its Non-Toxic Mutant
cyano_all,STX_DOC_000040,2014.0,cross_taxa,high_confidence_stx_biosynthesis,biosynthesis,BIOLOGICAL_PROCESS,Comparative Transcriptome Analysis of a Toxin-Producing Dinoflagellate Alexandrium catenella and Its Non-Toxic Mutant
cyano_all,STX_DOC_000040,2014.0,cross_taxa,high_confidence_stx_biosynthesis,toxin biosynthesis,BIOLOGICAL_PROCESS,Comparative Transcriptome Analysis of a Toxin-Producing Dinoflagellate Alexandrium catenella and Its Non-Toxic Mutant
cyano_all,STX_DOC_000040,2014.0,cross_taxa,high_confidence_stx_biosynthesis,expression,BIOLOGICAL_PROCESS,Comparative Transcriptome Analysis of a Toxin-Producing Dinoflagellate Alexandrium catenella and Its Non-Toxic Mutant
cyano_all,STX_DOC_000040,2014.0,cross_taxa,high_confidence_stx_biosynthesis,transcriptome,BIOLOGICAL_PROCESS,Comparative Transcriptome Analysis of a Toxin-Producing Dinoflagellate Alexandrium catenella and Its Non-Toxic Mutant
cyano_all,STX_DOC_000042,2018.0,cross_taxa,high_confidence_stx_biosynthesis,saxitoxin,TOXIN,Insertions within the Saxitoxin Biosynthetic Gene Cluster Result in Differential Toxin Profiles.
cyano_all,STX_DOC_000042,2018.0,cross_taxa,high_confidence_stx_biosynthesis,neosaxitoxin,TOXIN,Insertions within the Saxitoxin Biosynthetic Gene Cluster Result in Differential Toxin Profiles.
cyano_all,STX_DOC_000042,2018.0,cross_taxa,high_confidence_stx_biosynthesis,gonyautoxin,TOXIN,Insertions within the Saxitoxin Biosynthetic Gene Cluster Result in Differential Toxin Profiles.
cyano_all,STX_DOC_000042,2018.0,cross_taxa,high_confidence_stx_biosynthesis,paralytic shellfish toxin,TOXIN,Insertions within the Saxitoxin Biosynthetic Gene Cluster Result in Differential Toxin Profiles.
cyano_all,STX_DOC_000042,2018.0,cross_taxa,high_confidence_stx_biosynthesis,paralytic shellfish toxins,TOXIN,Insertions within the Saxitoxin Biosynthetic Gene Cluster Result in Differential Toxin Profiles.
cyano_all,STX_DOC_000042,2018.0,cross_taxa,high_confidence_stx_biosynthesis,sxt gene,SXT_GENE,Insertions within the Saxitoxin Biosynthetic Gene Cluster Result in Differential Toxin Profiles.
cyano_all,STX_DOC_000042,2018.0,cross_taxa,high_confidence_stx_biosynthesis,dinoflagellates,DINO_TAXON,Insertions within the Saxitoxin Biosynthetic Gene Cluster Result in Differential Toxin Profiles.
cyano_all,STX_DOC_000042,2018.0,cross_taxa,high_confidence_stx_biosynthesis,cyanobacteria,CYANO_TAXON,Insertions within the Saxitoxin Biosynthetic Gene Cluster Result in Differential Toxin Profiles.
cyano_all,STX_DOC_000042,2018.0,cross_taxa,high_confidence_stx_biosynthesis,scytonema,CYANO_TAXON,Insertions within the Saxitoxin Biosynthetic Gene Cluster Result in Differential Toxin Profiles.
cyano_all,STX_DOC_000042,2018.0,cross_taxa,high_confidence_stx_biosynthesis,biosynthesis,BIOLOGICAL_PROCESS,Insertions within the Saxitoxin Biosynthetic Gene Cluster Result in Differential Toxin Profiles.
cyano_all,STX_DOC_000042,2018.0,cross_taxa,high_confidence_stx_biosynthesis,toxin biosynthesis,BIOLOGICAL_PROCESS,Insertions within the Saxitoxin Biosynthetic Gene Cluster Result in Differential Toxin Profiles.
cyano_all,STX_DOC_000043,2010.0,cyanobacteria,high_confidence_stx_biosynthesis,saxitoxin,TOXIN,Paralytic shellfish poisoning toxin-producing cyanobacterium Aphanizomenon gracile in northeast Germany.
cyano_all,STX_DOC_000043,2010.0,cyanobacteria,high_confidence_stx_biosynthesis,stx,TOXIN,Paralytic shellfish poisoning toxin-producing cyanobacterium Aphanizomenon gracile in northeast Germany.
cyano_all,STX_DOC_000043,2010.0,cyanobacteria,high_confidence_stx_biosynthesis,neosaxitoxin,TOXIN,Paralytic shellfish poisoning toxin-producing cyanobacterium Aphanizomenon gracile in northeast Germany.
cyano_all,STX_DOC_000043,2010.0,cyanobacteria,high_confidence_stx_biosynthesis,gonyautoxin,TOXIN,Paralytic shellfish poisoning toxin-producing cyanobacterium Aphanizomenon gracile in northeast Germany.
cyano_all,STX_DOC_000043,2010.0,cyanobacteria,high_confidence_stx_biosynthesis,paralytic shellfish poisoning,TOXIN,Paralytic shellfish poisoning toxin-producing cyanobacterium Aphanizomenon gracile in northeast Germany.
cyano_all,STX_DOC_000043,2010.0,cyanobacteria,high_confidence_stx_biosynthesis,sxta,SXT_GENE,Paralytic shellfish poisoning toxin-producing cyanobacterium Aphanizomenon gracile in northeast Germany.
cyano_all,STX_DOC_000043,2010.0,cyanobacteria,high_confidence_stx_biosynthesis,cyanobacterium,CYANO_TAXON,Paralytic shellfish poisoning toxin-producing cyanobacterium Aphanizomenon gracile in northeast Germany.
cyano_all,STX_DOC_000043,2010.0,cyanobacteria,high_confidence_stx_biosynthesis,aphanizomenon,CYANO_TAXON,Paralytic shellfish poisoning toxin-producing cyanobacterium Aphanizomenon gracile in northeast Germany.
cyano_all,STX_DOC_000043,2010.0,cyanobacteria,high_confidence_stx_biosynthesis,anabaena,CYANO_TAXON,Paralytic shellfish poisoning toxin-producing cyanobacterium Aphanizomenon gracile in northeast Germany.
cyano_all,STX_DOC_000043,2010.0,cyanobacteria,high_confidence_stx_biosynthesis,cylindrospermopsis,CYANO_TAXON,Paralytic shellfish poisoning toxin-producing cyanobacterium Aphanizomenon gracile in northeast Germany.
cyano_all,STX_DOC_000043,2010.0,cyanobacteria,high_confidence_stx_biosynthesis,lc-ms,DETECTION_METHOD,Paralytic shellfish poisoning toxin-producing cyanobacterium Aphanizomenon gracile in northeast Germany.
cyano_all,STX_DOC_000043,2010.0,cyanobacteria,high_confidence_stx_biosynthesis,lc-ms/ms,DETECTION_METHOD,Paralytic shellfish poisoning toxin-producing cyanobacterium Aphanizomenon gracile in northeast Germany.
cyano_all,STX_DOC_000043,2010.0,cyanobacteria,high_confidence_stx_biosynthesis,mass spectrometry,DETECTION_METHOD,Paralytic shellfish poisoning toxin-producing cyanobacterium Aphanizomenon gracile in northeast Germany.
cyano_all,STX_DOC_000043,2010.0,cyanobacteria,high_confidence_stx_biosynthesis,elisa,DETECTION_METHOD,Paralytic shellfish poisoning toxin-producing cyanobacterium Aphanizomenon gracile in northeast Germany.
cyano_all,STX_DOC_000044,2023.0,cross_taxa,high_confidence_stx_biosynthesis,saxitoxin,TOXIN,Amplification of Genes Associated with Saxitoxin Biosynthesis in Bacteria Associated with Pyrodinium bahamense var. compressum Using Primers Designed from Other Saxitoxin-Producing Organisms
cyano_all,STX_DOC_000044,2023.0,cross_taxa,high_confidence_stx_biosynthesis,stx,TOXIN,Amplification of Genes Associated with Saxitoxin Biosynthesis in Bacteria Associated with Pyrodinium bahamense var. compressum Using Primers Designed from Other Saxitoxin-Producing Organisms
cyano_all,STX_DOC_000044,2023.0,cross_taxa,high_confidence_stx_biosynthesis,sxt genes,SXT_GENE,Amplification of Genes Associated with Saxitoxin Biosynthesis in Bacteria Associated with Pyrodinium bahamense var. compressum Using Primers Designed from Other Saxitoxin-Producing Organisms
cyano_all,STX_DOC_000044,2023.0,cross_taxa,high_confidence_stx_biosynthesis,dinoflagellate,DINO_TAXON,Amplification of Genes Associated with Saxitoxin Biosynthesis in Bacteria Associated with Pyrodinium bahamense var. compressum Using Primers Designed from Other Saxitoxin-Producing Organisms
cyano_all,STX_DOC_000044,2023.0,cross_taxa,high_confidence_stx_biosynthesis,dinoflagellates,DINO_TAXON,Amplification of Genes Associated with Saxitoxin Biosynthesis in Bacteria Associated with Pyrodinium bahamense var. compressum Using Primers Designed from Other Saxitoxin-Producing Organisms
cyano_all,STX_DOC_000044,2023.0,cross_taxa,high_confidence_stx_biosynthesis,alexandrium,DINO_TAXON,Amplification of Genes Associated with Saxitoxin Biosynthesis in Bacteria Associated with Pyrodinium bahamense var. compressum Using Primers Designed from Other Saxitoxin-Producing Organisms
cyano_all,STX_DOC_000044,2023.0,cross_taxa,high_confidence_stx_biosynthesis,alexandrium fundyense,DINO_TAXON,Amplification of Genes Associated with Saxitoxin Biosynthesis in Bacteria Associated with Pyrodinium bahamense var. compressum Using Primers Designed from Other Saxitoxin-Producing Organisms
cyano_all,STX_DOC_000044,2023.0,cross_taxa,high_confidence_stx_biosynthesis,pyrodinium,DINO_TAXON,Amplification of Genes Associated with Saxitoxin Biosynthesis in Bacteria Associated with Pyrodinium bahamense var. compressum Using Primers Designed from Other Saxitoxin-Producing Organisms
cyano_all,STX_DOC_000044,2023.0,cross_taxa,high_confidence_stx_biosynthesis,pyrodinium bahamense,DINO_TAXON,Amplification of Genes Associated with Saxitoxin Biosynthesis in Bacteria Associated with Pyrodinium bahamense var. compressum Using Primers Designed from Other Saxitoxin-Producing Organisms
cyano_all,STX_DOC_000044,2023.0,cross_taxa,high_confidence_stx_biosynthesis,cyanobacteria,CYANO_TAXON,Amplification of Genes Associated with Saxitoxin Biosynthesis in Bacteria Associated with Pyrodinium bahamense var. compressum Using Primers Designed from Other Saxitoxin-Producing Organisms
cyano_all,STX_DOC_000044,2023.0,cross_taxa,high_confidence_stx_biosynthesis,aphanizomenon,CYANO_TAXON,Amplification of Genes Associated with Saxitoxin Biosynthesis in Bacteria Associated with Pyrodinium bahamense var. compressum Using Primers Designed from Other Saxitoxin-Producing Organisms
cyano_all,STX_DOC_000044,2023.0,cross_taxa,high_confidence_stx_biosynthesis,anabaena,CYANO_TAXON,Amplification of Genes Associated with Saxitoxin Biosynthesis in Bacteria Associated with Pyrodinium bahamense var. compressum Using Primers Designed from Other Saxitoxin-Producing Organisms
cyano_all,STX_DOC_000044,2023.0,cross_taxa,high_confidence_stx_biosynthesis,biosynthesis,BIOLOGICAL_PROCESS,Amplification of Genes Associated with Saxitoxin Biosynthesis in Bacteria Associated with Pyrodinium bahamense var. compressum Using Primers Designed from Other Saxitoxin-Producing Organisms
cyano_all,STX_DOC_000044,2023.0,cross_taxa,high_confidence_stx_biosynthesis,saxitoxin biosynthesis,BIOLOGICAL_PROCESS,Amplification of Genes Associated with Saxitoxin Biosynthesis in Bacteria Associated with Pyrodinium bahamense var. compressum Using Primers Designed from Other Saxitoxin-Producing Organisms
cyano_all,STX_DOC_000046,2000.0,cyanobacteria,cyanobacteria_stx,saxitoxin,TOXIN,"Geographical patterns of occurrence and composition of saxitoxins in the cyanobacterial genus Anabaena (Nostocales, Cyanophyta) in Australia"
cyano_all,STX_DOC_000046,2000.0,cyanobacteria,cyanobacteria_stx,stx,TOXIN,"Geographical patterns of occurrence and composition of saxitoxins in the cyanobacterial genus Anabaena (Nostocales, Cyanophyta) in Australia"
cyano_all,STX_DOC_000046,2000.0,cyanobacteria,cyanobacteria_stx,gonyautoxin,TOXIN,"Geographical patterns of occurrence and composition of saxitoxins in the cyanobacterial genus Anabaena (Nostocales, Cyanophyta) in Australia"
cyano_all,STX_DOC_000046,2000.0,cyanobacteria,cyanobacteria_stx,cyanobacterial,CYANO_TAXON,"Geographical patterns of occurrence and composition of saxitoxins in the cyanobacterial genus Anabaena (Nostocales, Cyanophyta) in Australia"
cyano_all,STX_DOC_000046,2000.0,cyanobacteria,cyanobacteria_stx,anabaena,CYANO_TAXON,"Geographical patterns of occurrence and composition of saxitoxins in the cyanobacterial genus Anabaena (Nostocales, Cyanophyta) in Australia"
cyano_all,STX_DOC_000046,2000.0,cyanobacteria,cyanobacteria_stx,bloom,ENV_FACTOR,"Geographical patterns of occurrence and composition of saxitoxins in the cyanobacterial genus Anabaena (Nostocales, Cyanophyta) in Australia"
cyano_all,STX_DOC_000051,2014.0,cross_taxa,dinoflagellate_stx,saxitoxin,TOXIN,Removal of paralytic shellfish toxins by probiotic lactic acid bacteria.
cyano_all,STX_DOC_000051,2014.0,cross_taxa,dinoflagellate_stx,stx,TOXIN,Removal of paralytic shellfish toxins by probiotic lactic acid bacteria.
cyano_all,STX_DOC_000051,2014.0,cross_taxa,dinoflagellate_stx,neosaxitoxin,TOXIN,Removal of paralytic shellfish toxins by probiotic lactic acid bacteria.
cyano_all,STX_DOC_000051,2014.0,cross_taxa,dinoflagellate_stx,paralytic shellfish toxins,TOXIN,Removal of paralytic shellfish toxins by probiotic lactic acid bacteria.
cyano_all,STX_DOC_000051,2014.0,cross_taxa,dinoflagellate_stx,pst,TOXIN,Removal of paralytic shellfish toxins by probiotic lactic acid bacteria.
cyano_all,STX_DOC_000051,2014.0,cross_taxa,dinoflagellate_stx,psts,TOXIN,Removal of paralytic shellfish toxins by probiotic lactic acid bacteria.
cyano_all,STX_DOC_000051,2014.0,cross_taxa,dinoflagellate_stx,dinoflagellates,DINO_TAXON,Removal of paralytic shellfish toxins by probiotic lactic acid bacteria.
cyano_all,STX_DOC_000051,2014.0,cross_taxa,dinoflagellate_stx,cyanobacteria,CYANO_TAXON,Removal of paralytic shellfish toxins by probiotic lactic acid bacteria.
cyano_all,STX_DOC_000051,2014.0,cross_taxa,dinoflagellate_stx,hplc,DETECTION_METHOD,Removal of paralytic shellfish toxins by probiotic lactic acid bacteria.
cyano_all,STX_DOC_000052,2013.0,cross_taxa,high_confidence_stx_biosynthesis,saxitoxin,TOXIN,"Evolutionary acquisition and loss of saxitoxin biosynthesis in dinoflagellates: the second ""core"" gene, sxtG."
cyano_all,STX_DOC_000052,2013.0,cross_taxa,high_confidence_stx_biosynthesis,sxta,SXT_GENE,"Evolutionary acquisition and loss of saxitoxin biosynthesis in dinoflagellates: the second ""core"" gene, sxtG."
cyano_all,STX_DOC_000052,2013.0,cross_taxa,high_confidence_stx_biosynthesis,sxtg,SXT_GENE,"Evolutionary acquisition and loss of saxitoxin biosynthesis in dinoflagellates: the second ""core"" gene, sxtG."
cyano_all,STX_DOC_000052,2013.0,cross_taxa,high_confidence_stx_biosynthesis,dinoflagellate,DINO_TAXON,"Evolutionary acquisition and loss of saxitoxin biosynthesis in dinoflagellates: the second ""core"" gene, sxtG."
cyano_all,STX_DOC_000052,2013.0,cross_taxa,high_confidence_stx_biosynthesis,dinoflagellates,DINO_TAXON,"Evolutionary acquisition and loss of saxitoxin biosynthesis in dinoflagellates: the second ""core"" gene, sxtG."
cyano_all,STX_DOC_000052,2013.0,cross_taxa,high_confidence_stx_biosynthesis,alexandrium,DINO_TAXON,"Evolutionary acquisition and loss of saxitoxin biosynthesis in dinoflagellates: the second ""core"" gene, sxtG."
cyano_all,STX_DOC_000052,2013.0,cross_taxa,high_confidence_stx_biosynthesis,alexandrium minutum,DINO_TAXON,"Evolutionary acquisition and loss of saxitoxin biosynthesis in dinoflagellates: the second ""core"" gene, sxtG."
cyano_all,STX_DOC_000052,2013.0,cross_taxa,high_confidence_stx_biosynthesis,alexandrium fundyense,DINO_TAXON,"Evolutionary acquisition and loss of saxitoxin biosynthesis in dinoflagellates: the second ""core"" gene, sxtG."
cyano_all,STX_DOC_000052,2013.0,cross_taxa,high_confidence_stx_biosynthesis,gymnodinium,DINO_TAXON,"Evolutionary acquisition and loss of saxitoxin biosynthesis in dinoflagellates: the second ""core"" gene, sxtG."
cyano_all,STX_DOC_000052,2013.0,cross_taxa,high_confidence_stx_biosynthesis,gymnodinium catenatum,DINO_TAXON,"Evolutionary acquisition and loss of saxitoxin biosynthesis in dinoflagellates: the second ""core"" gene, sxtG."
cyano_all,STX_DOC_000052,2013.0,cross_taxa,high_confidence_stx_biosynthesis,cyanobacteria,CYANO_TAXON,"Evolutionary acquisition and loss of saxitoxin biosynthesis in dinoflagellates: the second ""core"" gene, sxtG."
cyano_all,STX_DOC_000052,2013.0,cross_taxa,high_confidence_stx_biosynthesis,biosynthesis,BIOLOGICAL_PROCESS,"Evolutionary acquisition and loss of saxitoxin biosynthesis in dinoflagellates: the second ""core"" gene, sxtG."
cyano_all,STX_DOC_000052,2013.0,cross_taxa,high_confidence_stx_biosynthesis,saxitoxin biosynthesis,BIOLOGICAL_PROCESS,"Evolutionary acquisition and loss of saxitoxin biosynthesis in dinoflagellates: the second ""core"" gene, sxtG."
cyano_all,STX_DOC_000052,2013.0,cross_taxa,high_confidence_stx_biosynthesis,phylogenetic,BIOLOGICAL_PROCESS,"Evolutionary acquisition and loss of saxitoxin biosynthesis in dinoflagellates: the second ""core"" gene, sxtG."
cyano_all,STX_DOC_000052,2013.0,cross_taxa,high_confidence_stx_biosynthesis,horizontal gene transfer,BIOLOGICAL_PROCESS,"Evolutionary acquisition and loss of saxitoxin biosynthesis in dinoflagellates: the second ""core"" gene, sxtG."
cyano_all,STX_DOC_000061,2009.0,cross_taxa,high_confidence_stx_biosynthesis,saxitoxin,TOXIN,Characterisation of the paralytic shellfish toxin biosynthesis gene clusters in Anabaena circinalis AWQC131C and Aphanizomenon sp. NH-5.
cyano_all,STX_DOC_000061,2009.0,cross_taxa,high_confidence_stx_biosynthesis,paralytic shellfish toxin,TOXIN,Characterisation of the paralytic shellfish toxin biosynthesis gene clusters in Anabaena circinalis AWQC131C and Aphanizomenon sp. NH-5.
cyano_all,STX_DOC_000061,2009.0,cross_taxa,high_confidence_stx_biosynthesis,paralytic shellfish toxins,TOXIN,Characterisation of the paralytic shellfish toxin biosynthesis gene clusters in Anabaena circinalis AWQC131C and Aphanizomenon sp. NH-5.
cyano_all,STX_DOC_000061,2009.0,cross_taxa,high_confidence_stx_biosynthesis,pst,TOXIN,Characterisation of the paralytic shellfish toxin biosynthesis gene clusters in Anabaena circinalis AWQC131C and Aphanizomenon sp. NH-5.
cyano_all,STX_DOC_000061,2009.0,cross_taxa,high_confidence_stx_biosynthesis,psts,TOXIN,Characterisation of the paralytic shellfish toxin biosynthesis gene clusters in Anabaena circinalis AWQC131C and Aphanizomenon sp. NH-5.
cyano_all,STX_DOC_000061,2009.0,cross_taxa,high_confidence_stx_biosynthesis,paralytic shellfish poisoning,TOXIN,Characterisation of the paralytic shellfish toxin biosynthesis gene clusters in Anabaena circinalis AWQC131C and Aphanizomenon sp. NH-5.
cyano_all,STX_DOC_000061,2009.0,cross_taxa,high_confidence_stx_biosynthesis,dinoflagellates,DINO_TAXON,Characterisation of the paralytic shellfish toxin biosynthesis gene clusters in Anabaena circinalis AWQC131C and Aphanizomenon sp. NH-5.
cyano_all,STX_DOC_000061,2009.0,cross_taxa,high_confidence_stx_biosynthesis,cyanobacteria,CYANO_TAXON,Characterisation of the paralytic shellfish toxin biosynthesis gene clusters in Anabaena circinalis AWQC131C and Aphanizomenon sp. NH-5.
cyano_all,STX_DOC_000061,2009.0,cross_taxa,high_confidence_stx_biosynthesis,aphanizomenon,CYANO_TAXON,Characterisation of the paralytic shellfish toxin biosynthesis gene clusters in Anabaena circinalis AWQC131C and Aphanizomenon sp. NH-5.
cyano_all,STX_DOC_000061,2009.0,cross_taxa,high_confidence_stx_biosynthesis,anabaena,CYANO_TAXON,Characterisation of the paralytic shellfish toxin biosynthesis gene clusters in Anabaena circinalis AWQC131C and Aphanizomenon sp. NH-5.
cyano_all,STX_DOC_000061,2009.0,cross_taxa,high_confidence_stx_biosynthesis,biosynthesis,BIOLOGICAL_PROCESS,Characterisation of the paralytic shellfish toxin biosynthesis gene clusters in Anabaena circinalis AWQC131C and Aphanizomenon sp. NH-5.
cyano_all,STX_DOC_000061,2009.0,cross_taxa,high_confidence_stx_biosynthesis,toxin biosynthesis,BIOLOGICAL_PROCESS,Characterisation of the paralytic shellfish toxin biosynthesis gene clusters in Anabaena circinalis AWQC131C and Aphanizomenon sp. NH-5.
cyano_all,STX_DOC_000061,2009.0,cross_taxa,high_confidence_stx_biosynthesis,evolution,BIOLOGICAL_PROCESS,Characterisation of the paralytic shellfish toxin biosynthesis gene clusters in Anabaena circinalis AWQC131C and Aphanizomenon sp. NH-5.
cyano_all,STX_DOC_000061,2009.0,cross_taxa,high_confidence_stx_biosynthesis,phylogeny,BIOLOGICAL_PROCESS,Characterisation of the paralytic shellfish toxin biosynthesis gene clusters in Anabaena circinalis AWQC131C and Aphanizomenon sp. NH-5.
cyano_all,STX_DOC_000061,2009.0,cross_taxa,high_confidence_stx_biosynthesis,phylogenetic,BIOLOGICAL_PROCESS,Characterisation of the paralytic shellfish toxin biosynthesis gene clusters in Anabaena circinalis AWQC131C and Aphanizomenon sp. NH-5.
cyano_all,STX_DOC_000061,2009.0,cross_taxa,high_confidence_stx_biosynthesis,horizontal gene transfer,BIOLOGICAL_PROCESS,Characterisation of the paralytic shellfish toxin biosynthesis gene clusters in Anabaena circinalis AWQC131C and Aphanizomenon sp. NH-5.
cyano_all,STX_DOC_000068,2013.0,cross_taxa,high_confidence_stx_biosynthesis,saxitoxin,TOXIN,Evolution of saxitoxin synthesis in cyanobacteria and dinoflagellates.
cyano_all,STX_DOC_000068,2013.0,cross_taxa,high_confidence_stx_biosynthesis,stx,TOXIN,Evolution of saxitoxin synthesis in cyanobacteria and dinoflagellates.
cyano_all,STX_DOC_000068,2013.0,cross_taxa,high_confidence_stx_biosynthesis,paralytic shellfish poisoning,TOXIN,Evolution of saxitoxin synthesis in cyanobacteria and dinoflagellates.
cyano_all,STX_DOC_000068,2013.0,cross_taxa,high_confidence_stx_biosynthesis,sxta,SXT_GENE,Evolution of saxitoxin synthesis in cyanobacteria and dinoflagellates.
cyano_all,STX_DOC_000068,2013.0,cross_taxa,high_confidence_stx_biosynthesis,sxtb,SXT_GENE,Evolution of saxitoxin synthesis in cyanobacteria and dinoflagellates.
cyano_all,STX_DOC_000068,2013.0,cross_taxa,high_confidence_stx_biosynthesis,sxtg,SXT_GENE,Evolution of saxitoxin synthesis in cyanobacteria and dinoflagellates.
cyano_all,STX_DOC_000068,2013.0,cross_taxa,high_confidence_stx_biosynthesis,dinoflagellate,DINO_TAXON,Evolution of saxitoxin synthesis in cyanobacteria and dinoflagellates.
cyano_all,STX_DOC_000068,2013.0,cross_taxa,high_confidence_stx_biosynthesis,dinoflagellates,DINO_TAXON,Evolution of saxitoxin synthesis in cyanobacteria and dinoflagellates.
cyano_all,STX_DOC_000068,2013.0,cross_taxa,high_confidence_stx_biosynthesis,cyanobacteria,CYANO_TAXON,Evolution of saxitoxin synthesis in cyanobacteria and dinoflagellates.
cyano_all,STX_DOC_000068,2013.0,cross_taxa,high_confidence_stx_biosynthesis,cyanobacterial,CYANO_TAXON,Evolution of saxitoxin synthesis in cyanobacteria and dinoflagellates.
cyano_all,STX_DOC_000068,2013.0,cross_taxa,high_confidence_stx_biosynthesis,transcriptome,BIOLOGICAL_PROCESS,Evolution of saxitoxin synthesis in cyanobacteria and dinoflagellates.
cyano_all,STX_DOC_000068,2013.0,cross_taxa,high_confidence_stx_biosynthesis,evolution,BIOLOGICAL_PROCESS,Evolution of saxitoxin synthesis in cyanobacteria and dinoflagellates.
cyano_all,STX_DOC_000069,2012.0,cyanobacteria,high_confidence_stx_biosynthesis,saxitoxin,TOXIN,"Survey of <i>Scytonema</i> (Cyanobacteria) and associated saxitoxins in the littoral zone of recreational lakes in Canterbury, New Zealand"
cyano_all,STX_DOC_000069,2012.0,cyanobacteria,high_confidence_stx_biosynthesis,neosaxitoxin,TOXIN,"Survey of <i>Scytonema</i> (Cyanobacteria) and associated saxitoxins in the littoral zone of recreational lakes in Canterbury, New Zealand"
cyano_all,STX_DOC_000069,2012.0,cyanobacteria,high_confidence_stx_biosynthesis,paralytic shellfish poisoning,TOXIN,"Survey of <i>Scytonema</i> (Cyanobacteria) and associated saxitoxins in the littoral zone of recreational lakes in Canterbury, New Zealand"
cyano_all,STX_DOC_000069,2012.0,cyanobacteria,high_confidence_stx_biosynthesis,sxta,SXT_GENE,"Survey of <i>Scytonema</i> (Cyanobacteria) and associated saxitoxins in the littoral zone of recreational lakes in Canterbury, New Zealand"
cyano_all,STX_DOC_000069,2012.0,cyanobacteria,high_confidence_stx_biosynthesis,cyanobacteria,CYANO_TAXON,"Survey of <i>Scytonema</i> (Cyanobacteria) and associated saxitoxins in the littoral zone of recreational lakes in Canterbury, New Zealand"
cyano_all,STX_DOC_000069,2012.0,cyanobacteria,high_confidence_stx_biosynthesis,cyanobacterial,CYANO_TAXON,"Survey of <i>Scytonema</i> (Cyanobacteria) and associated saxitoxins in the littoral zone of recreational lakes in Canterbury, New Zealand"
cyano_all,STX_DOC_000069,2012.0,cyanobacteria,high_confidence_stx_biosynthesis,scytonema,CYANO_TAXON,"Survey of <i>Scytonema</i> (Cyanobacteria) and associated saxitoxins in the littoral zone of recreational lakes in Canterbury, New Zealand"
cyano_all,STX_DOC_000069,2012.0,cyanobacteria,high_confidence_stx_biosynthesis,phylogeny,BIOLOGICAL_PROCESS,"Survey of <i>Scytonema</i> (Cyanobacteria) and associated saxitoxins in the littoral zone of recreational lakes in Canterbury, New Zealand"
cyano_all,STX_DOC_000069,2012.0,cyanobacteria,high_confidence_stx_biosynthesis,hplc,DETECTION_METHOD,"Survey of <i>Scytonema</i> (Cyanobacteria) and associated saxitoxins in the littoral zone of recreational lakes in Canterbury, New Zealand"
cyano_all,STX_DOC_000070,2012.0,cross_taxa,high_confidence_stx_biosynthesis,saxitoxin,TOXIN,"Characterization of the Saxitoxin Biosynthetic Starting Gene, sxta in the Toxic Dinoflagellate Alexandrium tamiyavanichii"
cyano_all,STX_DOC_000070,2012.0,cross_taxa,high_confidence_stx_biosynthesis,stx,TOXIN,"Characterization of the Saxitoxin Biosynthetic Starting Gene, sxta in the Toxic Dinoflagellate Alexandrium tamiyavanichii"
cyano_all,STX_DOC_000070,2012.0,cross_taxa,high_confidence_stx_biosynthesis,paralytic shellfish poisoning,TOXIN,"Characterization of the Saxitoxin Biosynthetic Starting Gene, sxta in the Toxic Dinoflagellate Alexandrium tamiyavanichii"
cyano_all,STX_DOC_000070,2012.0,cross_taxa,high_confidence_stx_biosynthesis,sxta,SXT_GENE,"Characterization of the Saxitoxin Biosynthetic Starting Gene, sxta in the Toxic Dinoflagellate Alexandrium tamiyavanichii"
cyano_all,STX_DOC_000070,2012.0,cross_taxa,high_confidence_stx_biosynthesis,sxta4,SXT_GENE,"Characterization of the Saxitoxin Biosynthetic Starting Gene, sxta in the Toxic Dinoflagellate Alexandrium tamiyavanichii"
cyano_all,STX_DOC_000070,2012.0,cross_taxa,high_confidence_stx_biosynthesis,dinoflagellate,DINO_TAXON,"Characterization of the Saxitoxin Biosynthetic Starting Gene, sxta in the Toxic Dinoflagellate Alexandrium tamiyavanichii"
cyano_all,STX_DOC_000070,2012.0,cross_taxa,high_confidence_stx_biosynthesis,dinoflagellates,DINO_TAXON,"Characterization of the Saxitoxin Biosynthetic Starting Gene, sxta in the Toxic Dinoflagellate Alexandrium tamiyavanichii"
cyano_all,STX_DOC_000070,2012.0,cross_taxa,high_confidence_stx_biosynthesis,alexandrium,DINO_TAXON,"Characterization of the Saxitoxin Biosynthetic Starting Gene, sxta in the Toxic Dinoflagellate Alexandrium tamiyavanichii"
cyano_all,STX_DOC_000070,2012.0,cross_taxa,high_confidence_stx_biosynthesis,alexandrium tamiyavanichii,DINO_TAXON,"Characterization of the Saxitoxin Biosynthetic Starting Gene, sxta in the Toxic Dinoflagellate Alexandrium tamiyavanichii"
cyano_all,STX_DOC_000070,2012.0,cross_taxa,high_confidence_stx_biosynthesis,cyanobacteria,CYANO_TAXON,"Characterization of the Saxitoxin Biosynthetic Starting Gene, sxta in the Toxic Dinoflagellate Alexandrium tamiyavanichii"
cyano_all,STX_DOC_000070,2012.0,cross_taxa,high_confidence_stx_biosynthesis,biosynthesis,BIOLOGICAL_PROCESS,"Characterization of the Saxitoxin Biosynthetic Starting Gene, sxta in the Toxic Dinoflagellate Alexandrium tamiyavanichii"
cyano_all,STX_DOC_000071,2010.0,cross_taxa,high_confidence_stx_biosynthesis,saxitoxin,TOXIN,Detection of saxitoxin-producing cyanobacteria and Anabaena circinalis in environmental water blooms by quantitative PCR.
cyano_all,STX_DOC_000071,2010.0,cross_taxa,high_confidence_stx_biosynthesis,stx,TOXIN,Detection of saxitoxin-producing cyanobacteria and Anabaena circinalis in environmental water blooms by quantitative PCR.
cyano_all,STX_DOC_000071,2010.0,cross_taxa,high_confidence_stx_biosynthesis,sxta,SXT_GENE,Detection of saxitoxin-producing cyanobacteria and Anabaena circinalis in environmental water blooms by quantitative PCR.
cyano_all,STX_DOC_000071,2010.0,cross_taxa,high_confidence_stx_biosynthesis,dinoflagellates,DINO_TAXON,Detection of saxitoxin-producing cyanobacteria and Anabaena circinalis in environmental water blooms by quantitative PCR.
cyano_all,STX_DOC_000071,2010.0,cross_taxa,high_confidence_stx_biosynthesis,cyanobacteria,CYANO_TAXON,Detection of saxitoxin-producing cyanobacteria and Anabaena circinalis in environmental water blooms by quantitative PCR.
cyano_all,STX_DOC_000071,2010.0,cross_taxa,high_confidence_stx_biosynthesis,cyanobacterial,CYANO_TAXON,Detection of saxitoxin-producing cyanobacteria and Anabaena circinalis in environmental water blooms by quantitative PCR.
cyano_all,STX_DOC_000071,2010.0,cross_taxa,high_confidence_stx_biosynthesis,aphanizomenon,CYANO_TAXON,Detection of saxitoxin-producing cyanobacteria and Anabaena circinalis in environmental water blooms by quantitative PCR.
cyano_all,STX_DOC_000071,2010.0,cross_taxa,high_confidence_stx_biosynthesis,anabaena,CYANO_TAXON,Detection of saxitoxin-producing cyanobacteria and Anabaena circinalis in environmental water blooms by quantitative PCR.
cyano_all,STX_DOC_000071,2010.0,cross_taxa,high_confidence_stx_biosynthesis,cylindrospermopsis,CYANO_TAXON,Detection of saxitoxin-producing cyanobacteria and Anabaena circinalis in environmental water blooms by quantitative PCR.
cyano_all,STX_DOC_000071,2010.0,cross_taxa,high_confidence_stx_biosynthesis,lyngbya,CYANO_TAXON,Detection of saxitoxin-producing cyanobacteria and Anabaena circinalis in environmental water blooms by quantitative PCR.
cyano_all,STX_DOC_000071,2010.0,cross_taxa,high_confidence_stx_biosynthesis,bloom,ENV_FACTOR,Detection of saxitoxin-producing cyanobacteria and Anabaena circinalis in environmental water blooms by quantitative PCR.
cyano_all,STX_DOC_000071,2010.0,cross_taxa,high_confidence_stx_biosynthesis,biosynthesis,BIOLOGICAL_PROCESS,Detection of saxitoxin-producing cyanobacteria and Anabaena circinalis in environmental water blooms by quantitative PCR.
cyano_all,STX_DOC_000071,2010.0,cross_taxa,high_confidence_stx_biosynthesis,hplc,DETECTION_METHOD,Detection of saxitoxin-producing cyanobacteria and Anabaena circinalis in environmental water blooms by quantitative PCR.
cyano_all,STX_DOC_000072,2009.0,cross_taxa,high_confidence_stx_biosynthesis,saxitoxin,TOXIN,Origin of saxitoxin biosynthetic genes in cyanobacteria.
cyano_all,STX_DOC_000072,2009.0,cross_taxa,high_confidence_stx_biosynthesis,stx,TOXIN,Origin of saxitoxin biosynthetic genes in cyanobacteria.
cyano_all,STX_DOC_000072,2009.0,cross_taxa,high_confidence_stx_biosynthesis,paralytic shellfish poisoning,TOXIN,Origin of saxitoxin biosynthetic genes in cyanobacteria.
cyano_all,STX_DOC_000072,2009.0,cross_taxa,high_confidence_stx_biosynthesis,sxta,SXT_GENE,Origin of saxitoxin biosynthetic genes in cyanobacteria.
cyano_all,STX_DOC_000072,2009.0,cross_taxa,high_confidence_stx_biosynthesis,dinoflagellate,DINO_TAXON,Origin of saxitoxin biosynthetic genes in cyanobacteria.
cyano_all,STX_DOC_000072,2009.0,cross_taxa,high_confidence_stx_biosynthesis,cyanobacteria,CYANO_TAXON,Origin of saxitoxin biosynthetic genes in cyanobacteria.
cyano_all,STX_DOC_000072,2009.0,cross_taxa,high_confidence_stx_biosynthesis,cyanobacterium,CYANO_TAXON,Origin of saxitoxin biosynthetic genes in cyanobacteria.
cyano_all,STX_DOC_000072,2009.0,cross_taxa,high_confidence_stx_biosynthesis,cyanobacterial,CYANO_TAXON,Origin of saxitoxin biosynthetic genes in cyanobacteria.
cyano_all,STX_DOC_000072,2009.0,cross_taxa,high_confidence_stx_biosynthesis,anabaena,CYANO_TAXON,Origin of saxitoxin biosynthetic genes in cyanobacteria.
cyano_all,STX_DOC_000072,2009.0,cross_taxa,high_confidence_stx_biosynthesis,cylindrospermopsis,CYANO_TAXON,Origin of saxitoxin biosynthetic genes in cyanobacteria.
cyano_all,STX_DOC_000072,2009.0,cross_taxa,high_confidence_stx_biosynthesis,biosynthesis,BIOLOGICAL_PROCESS,Origin of saxitoxin biosynthetic genes in cyanobacteria.
cyano_all,STX_DOC_000072,2009.0,cross_taxa,high_confidence_stx_biosynthesis,expression,BIOLOGICAL_PROCESS,Origin of saxitoxin biosynthetic genes in cyanobacteria.
cyano_all,STX_DOC_000075,2025.0,cyanobacteria,high_confidence_stx_biosynthesis,saxitoxin,TOXIN,Nutrient-driven regulation of saxitoxin gene expression and toxin production in Raphidiopsis raciborskii (Cyanobacteria).
cyano_all,STX_DOC_000075,2025.0,cyanobacteria,high_confidence_stx_biosynthesis,psts,TOXIN,Nutrient-driven regulation of saxitoxin gene expression and toxin production in Raphidiopsis raciborskii (Cyanobacteria).
cyano_all,STX_DOC_000075,2025.0,cyanobacteria,high_confidence_stx_biosynthesis,sxta4,SXT_GENE,Nutrient-driven regulation of saxitoxin gene expression and toxin production in Raphidiopsis raciborskii (Cyanobacteria).
cyano_all,STX_DOC_000075,2025.0,cyanobacteria,high_confidence_stx_biosynthesis,sxt gene,SXT_GENE,Nutrient-driven regulation of saxitoxin gene expression and toxin production in Raphidiopsis raciborskii (Cyanobacteria).
cyano_all,STX_DOC_000075,2025.0,cyanobacteria,high_confidence_stx_biosynthesis,cyanobacteria,CYANO_TAXON,Nutrient-driven regulation of saxitoxin gene expression and toxin production in Raphidiopsis raciborskii (Cyanobacteria).
cyano_all,STX_DOC_000075,2025.0,cyanobacteria,high_confidence_stx_biosynthesis,cyanobacterium,CYANO_TAXON,Nutrient-driven regulation of saxitoxin gene expression and toxin production in Raphidiopsis raciborskii (Cyanobacteria).
cyano_all,STX_DOC_000075,2025.0,cyanobacteria,high_confidence_stx_biosynthesis,cyanobacterial,CYANO_TAXON,Nutrient-driven regulation of saxitoxin gene expression and toxin production in Raphidiopsis raciborskii (Cyanobacteria).
cyano_all,STX_DOC_000075,2025.0,cyanobacteria,high_confidence_stx_biosynthesis,nitrogen,ENV_FACTOR,Nutrient-driven regulation of saxitoxin gene expression and toxin production in Raphidiopsis raciborskii (Cyanobacteria).
cyano_all,STX_DOC_000075,2025.0,cyanobacteria,high_confidence_stx_biosynthesis,phosphorus,ENV_FACTOR,Nutrient-driven regulation of saxitoxin gene expression and toxin production in Raphidiopsis raciborskii (Cyanobacteria).
cyano_all,STX_DOC_000075,2025.0,cyanobacteria,high_confidence_stx_biosynthesis,nutrient,ENV_FACTOR,Nutrient-driven regulation of saxitoxin gene expression and toxin production in Raphidiopsis raciborskii (Cyanobacteria).
cyano_all,STX_DOC_000075,2025.0,cyanobacteria,high_confidence_stx_biosynthesis,regulation,BIOLOGICAL_PROCESS,Nutrient-driven regulation of saxitoxin gene expression and toxin production in Raphidiopsis raciborskii (Cyanobacteria).
cyano_all,STX_DOC_000075,2025.0,cyanobacteria,high_confidence_stx_biosynthesis,expression,BIOLOGICAL_PROCESS,Nutrient-driven regulation of saxitoxin gene expression and toxin production in Raphidiopsis raciborskii (Cyanobacteria).
cyano_all,STX_DOC_000075,2025.0,cyanobacteria,high_confidence_stx_biosynthesis,gene expression,BIOLOGICAL_PROCESS,Nutrient-driven regulation of saxitoxin gene expression and toxin production in Raphidiopsis raciborskii (Cyanobacteria).
cyano_all,STX_DOC_000075,2025.0,cyanobacteria,high_confidence_stx_biosynthesis,transcription,BIOLOGICAL_PROCESS,Nutrient-driven regulation of saxitoxin gene expression and toxin production in Raphidiopsis raciborskii (Cyanobacteria).
cyano_all,STX_DOC_000075,2025.0,cyanobacteria,high_confidence_stx_biosynthesis,toxicity,BIOLOGICAL_PROCESS,Nutrient-driven regulation of saxitoxin gene expression and toxin production in Raphidiopsis raciborskii (Cyanobacteria).
cyano_all,STX_DOC_000075,2025.0,cyanobacteria,high_confidence_stx_biosynthesis,toxin production,BIOLOGICAL_PROCESS,Nutrient-driven regulation of saxitoxin gene expression and toxin production in Raphidiopsis raciborskii (Cyanobacteria).
cyano_all,STX_DOC_000075,2025.0,cyanobacteria,high_confidence_stx_biosynthesis,hplc,DETECTION_METHOD,Nutrient-driven regulation of saxitoxin gene expression and toxin production in Raphidiopsis raciborskii (Cyanobacteria).
cyano_all,STX_DOC_000076,2022.0,cross_taxa,high_confidence_stx_biosynthesis,saxitoxin,TOXIN,"Dataset of genome sequence, <i>de novo</i> assembly, and functional annotation of <i>Ruegeria</i> sp. (PBVC088), a marine bacterium associated with the toxin-producing harmful dinoflagellate, <i>Pyrodinium bahamense</i> var. <i>compressum</i>."
cyano_all,STX_DOC_000076,2022.0,cross_taxa,high_confidence_stx_biosynthesis,paralytic shellfish poisoning,TOXIN,"Dataset of genome sequence, <i>de novo</i> assembly, and functional annotation of <i>Ruegeria</i> sp. (PBVC088), a marine bacterium associated with the toxin-producing harmful dinoflagellate, <i>Pyrodinium bahamense</i> var. <i>compressum</i>."
cyano_all,STX_DOC_000076,2022.0,cross_taxa,high_confidence_stx_biosynthesis,saxitoxin biosynthesis genes,SXT_GENE,"Dataset of genome sequence, <i>de novo</i> assembly, and functional annotation of <i>Ruegeria</i> sp. (PBVC088), a marine bacterium associated with the toxin-producing harmful dinoflagellate, <i>Pyrodinium bahamense</i> var. <i>compressum</i>."
cyano_all,STX_DOC_000076,2022.0,cross_taxa,high_confidence_stx_biosynthesis,dinoflagellate,DINO_TAXON,"Dataset of genome sequence, <i>de novo</i> assembly, and functional annotation of <i>Ruegeria</i> sp. (PBVC088), a marine bacterium associated with the toxin-producing harmful dinoflagellate, <i>Pyrodinium bahamense</i> var. <i>compressum</i>."
cyano_all,STX_DOC_000076,2022.0,cross_taxa,high_confidence_stx_biosynthesis,dinoflagellates,DINO_TAXON,"Dataset of genome sequence, <i>de novo</i> assembly, and functional annotation of <i>Ruegeria</i> sp. (PBVC088), a marine bacterium associated with the toxin-producing harmful dinoflagellate, <i>Pyrodinium bahamense</i> var. <i>compressum</i>."
cyano_all,STX_DOC_000076,2022.0,cross_taxa,high_confidence_stx_biosynthesis,pyrodinium,DINO_TAXON,"Dataset of genome sequence, <i>de novo</i> assembly, and functional annotation of <i>Ruegeria</i> sp. (PBVC088), a marine bacterium associated with the toxin-producing harmful dinoflagellate, <i>Pyrodinium bahamense</i> var. <i>compressum</i>."
cyano_all,STX_DOC_000076,2022.0,cross_taxa,high_confidence_stx_biosynthesis,pyrodinium bahamense,DINO_TAXON,"Dataset of genome sequence, <i>de novo</i> assembly, and functional annotation of <i>Ruegeria</i> sp. (PBVC088), a marine bacterium associated with the toxin-producing harmful dinoflagellate, <i>Pyrodinium bahamense</i> var. <i>compressum</i>."
cyano_all,STX_DOC_000076,2022.0,cross_taxa,high_confidence_stx_biosynthesis,cyanobacteria,CYANO_TAXON,"Dataset of genome sequence, <i>de novo</i> assembly, and functional annotation of <i>Ruegeria</i> sp. (PBVC088), a marine bacterium associated with the toxin-producing harmful dinoflagellate, <i>Pyrodinium bahamense</i> var. <i>compressum</i>."
cyano_all,STX_DOC_000076,2022.0,cross_taxa,high_confidence_stx_biosynthesis,cylindrospermopsis,CYANO_TAXON,"Dataset of genome sequence, <i>de novo</i> assembly, and functional annotation of <i>Ruegeria</i> sp. (PBVC088), a marine bacterium associated with the toxin-producing harmful dinoflagellate, <i>Pyrodinium bahamense</i> var. <i>compressum</i>."
cyano_all,STX_DOC_000076,2022.0,cross_taxa,high_confidence_stx_biosynthesis,bloom,ENV_FACTOR,"Dataset of genome sequence, <i>de novo</i> assembly, and functional annotation of <i>Ruegeria</i> sp. (PBVC088), a marine bacterium associated with the toxin-producing harmful dinoflagellate, <i>Pyrodinium bahamense</i> var. <i>compressum</i>."
cyano_all,STX_DOC_000076,2022.0,cross_taxa,high_confidence_stx_biosynthesis,harmful algal bloom,ENV_FACTOR,"Dataset of genome sequence, <i>de novo</i> assembly, and functional annotation of <i>Ruegeria</i> sp. (PBVC088), a marine bacterium associated with the toxin-producing harmful dinoflagellate, <i>Pyrodinium bahamense</i> var. <i>compressum</i>."
cyano_all,STX_DOC_000076,2022.0,cross_taxa,high_confidence_stx_biosynthesis,biosynthesis,BIOLOGICAL_PROCESS,"Dataset of genome sequence, <i>de novo</i> assembly, and functional annotation of <i>Ruegeria</i> sp. (PBVC088), a marine bacterium associated with the toxin-producing harmful dinoflagellate, <i>Pyrodinium bahamense</i> var. <i>compressum</i>."
cyano_all,STX_DOC_000076,2022.0,cross_taxa,high_confidence_stx_biosynthesis,toxin biosynthesis,BIOLOGICAL_PROCESS,"Dataset of genome sequence, <i>de novo</i> assembly, and functional annotation of <i>Ruegeria</i> sp. (PBVC088), a marine bacterium associated with the toxin-producing harmful dinoflagellate, <i>Pyrodinium bahamense</i> var. <i>compressum</i>."
cyano_all,STX_DOC_000076,2022.0,cross_taxa,high_confidence_stx_biosynthesis,saxitoxin biosynthesis,BIOLOGICAL_PROCESS,"Dataset of genome sequence, <i>de novo</i> assembly, and functional annotation of <i>Ruegeria</i> sp. (PBVC088), a marine bacterium associated with the toxin-producing harmful dinoflagellate, <i>Pyrodinium bahamense</i> var. <i>compressum</i>."
cyano_all,STX_DOC_000076,2022.0,cross_taxa,high_confidence_stx_biosynthesis,toxin production,BIOLOGICAL_PROCESS,"Dataset of genome sequence, <i>de novo</i> assembly, and functional annotation of <i>Ruegeria</i> sp. (PBVC088), a marine bacterium associated with the toxin-producing harmful dinoflagellate, <i>Pyrodinium bahamense</i> var. <i>compressum</i>."
cyano_all,STX_DOC_000077,2022.0,cross_taxa,high_confidence_stx_biosynthesis,paralytic shellfish toxins,TOXIN,Genetic association of toxin production in the dinoflagellate <i>Alexandrium minutum</i>.
cyano_all,STX_DOC_000077,2022.0,cross_taxa,high_confidence_stx_biosynthesis,psts,TOXIN,Genetic association of toxin production in the dinoflagellate <i>Alexandrium minutum</i>.
cyano_all,STX_DOC_000077,2022.0,cross_taxa,high_confidence_stx_biosynthesis,sxtg,SXT_GENE,Genetic association of toxin production in the dinoflagellate <i>Alexandrium minutum</i>.
cyano_all,STX_DOC_000077,2022.0,cross_taxa,high_confidence_stx_biosynthesis,sxti,SXT_GENE,Genetic association of toxin production in the dinoflagellate <i>Alexandrium minutum</i>.
cyano_all,STX_DOC_000077,2022.0,cross_taxa,high_confidence_stx_biosynthesis,sxt genes,SXT_GENE,Genetic association of toxin production in the dinoflagellate <i>Alexandrium minutum</i>.
cyano_all,STX_DOC_000077,2022.0,cross_taxa,high_confidence_stx_biosynthesis,dinoflagellate,DINO_TAXON,Genetic association of toxin production in the dinoflagellate <i>Alexandrium minutum</i>.
cyano_all,STX_DOC_000077,2022.0,cross_taxa,high_confidence_stx_biosynthesis,dinoflagellates,DINO_TAXON,Genetic association of toxin production in the dinoflagellate <i>Alexandrium minutum</i>.
cyano_all,STX_DOC_000077,2022.0,cross_taxa,high_confidence_stx_biosynthesis,alexandrium,DINO_TAXON,Genetic association of toxin production in the dinoflagellate <i>Alexandrium minutum</i>.
cyano_all,STX_DOC_000077,2022.0,cross_taxa,high_confidence_stx_biosynthesis,alexandrium minutum,DINO_TAXON,Genetic association of toxin production in the dinoflagellate <i>Alexandrium minutum</i>.
cyano_all,STX_DOC_000077,2022.0,cross_taxa,high_confidence_stx_biosynthesis,cyanobacteria,CYANO_TAXON,Genetic association of toxin production in the dinoflagellate <i>Alexandrium minutum</i>.
cyano_all,STX_DOC_000077,2022.0,cross_taxa,high_confidence_stx_biosynthesis,expression,BIOLOGICAL_PROCESS,Genetic association of toxin production in the dinoflagellate <i>Alexandrium minutum</i>.
cyano_all,STX_DOC_000077,2022.0,cross_taxa,high_confidence_stx_biosynthesis,toxicity,BIOLOGICAL_PROCESS,Genetic association of toxin production in the dinoflagellate <i>Alexandrium minutum</i>.
cyano_all,STX_DOC_000077,2022.0,cross_taxa,high_confidence_stx_biosynthesis,toxin production,BIOLOGICAL_PROCESS,Genetic association of toxin production in the dinoflagellate <i>Alexandrium minutum</i>.
cyano_all,STX_DOC_000079,2014.0,cyanobacteria,high_confidence_stx_biosynthesis,saxitoxin,TOXIN,Phylogeography of cylindrospermopsin and paralytic shellfish toxin-producing nostocales cyanobacteria from mediterranean europe (Spain).
cyano_all,STX_DOC_000079,2014.0,cyanobacteria,high_confidence_stx_biosynthesis,neosaxitoxin,TOXIN,Phylogeography of cylindrospermopsin and paralytic shellfish toxin-producing nostocales cyanobacteria from mediterranean europe (Spain).
cyano_all,STX_DOC_000079,2014.0,cyanobacteria,high_confidence_stx_biosynthesis,paralytic shellfish toxin,TOXIN,Phylogeography of cylindrospermopsin and paralytic shellfish toxin-producing nostocales cyanobacteria from mediterranean europe (Spain).
cyano_all,STX_DOC_000079,2014.0,cyanobacteria,high_confidence_stx_biosynthesis,paralytic shellfish poisoning,TOXIN,Phylogeography of cylindrospermopsin and paralytic shellfish toxin-producing nostocales cyanobacteria from mediterranean europe (Spain).
cyano_all,STX_DOC_000079,2014.0,cyanobacteria,high_confidence_stx_biosynthesis,sxta,SXT_GENE,Phylogeography of cylindrospermopsin and paralytic shellfish toxin-producing nostocales cyanobacteria from mediterranean europe (Spain).
cyano_all,STX_DOC_000079,2014.0,cyanobacteria,high_confidence_stx_biosynthesis,cyanobacteria,CYANO_TAXON,Phylogeography of cylindrospermopsin and paralytic shellfish toxin-producing nostocales cyanobacteria from mediterranean europe (Spain).
cyano_all,STX_DOC_000079,2014.0,cyanobacteria,high_confidence_stx_biosynthesis,aphanizomenon,CYANO_TAXON,Phylogeography of cylindrospermopsin and paralytic shellfish toxin-producing nostocales cyanobacteria from mediterranean europe (Spain).
cyano_all,STX_DOC_000079,2014.0,cyanobacteria,high_confidence_stx_biosynthesis,anabaena,CYANO_TAXON,Phylogeography of cylindrospermopsin and paralytic shellfish toxin-producing nostocales cyanobacteria from mediterranean europe (Spain).
cyano_all,STX_DOC_000079,2014.0,cyanobacteria,high_confidence_stx_biosynthesis,cylindrospermopsis,CYANO_TAXON,Phylogeography of cylindrospermopsin and paralytic shellfish toxin-producing nostocales cyanobacteria from mediterranean europe (Spain).
cyano_all,STX_DOC_000079,2014.0,cyanobacteria,high_confidence_stx_biosynthesis,warming,ENV_FACTOR,Phylogeography of cylindrospermopsin and paralytic shellfish toxin-producing nostocales cyanobacteria from mediterranean europe (Spain).
cyano_all,STX_DOC_000079,2014.0,cyanobacteria,high_confidence_stx_biosynthesis,biosynthesis,BIOLOGICAL_PROCESS,Phylogeography of cylindrospermopsin and paralytic shellfish toxin-producing nostocales cyanobacteria from mediterranean europe (Spain).
cyano_all,STX_DOC_000079,2014.0,cyanobacteria,high_confidence_stx_biosynthesis,phylogenetic,BIOLOGICAL_PROCESS,Phylogeography of cylindrospermopsin and paralytic shellfish toxin-producing nostocales cyanobacteria from mediterranean europe (Spain).
cyano_all,STX_DOC_000080,2010.0,cross_taxa,dinoflagellate_stx,saxitoxin,TOXIN,Route of metabolization and detoxication of paralytic shellfish toxins in humans.
cyano_all,STX_DOC_000080,2010.0,cross_taxa,dinoflagellate_stx,stx,TOXIN,Route of metabolization and detoxication of paralytic shellfish toxins in humans.
cyano_all,STX_DOC_000080,2010.0,cross_taxa,dinoflagellate_stx,neosaxitoxin,TOXIN,Route of metabolization and detoxication of paralytic shellfish toxins in humans.
cyano_all,STX_DOC_000080,2010.0,cross_taxa,dinoflagellate_stx,gonyautoxin,TOXIN,Route of metabolization and detoxication of paralytic shellfish toxins in humans.
cyano_all,STX_DOC_000080,2010.0,cross_taxa,dinoflagellate_stx,paralytic shellfish toxins,TOXIN,Route of metabolization and detoxication of paralytic shellfish toxins in humans.
cyano_all,STX_DOC_000080,2010.0,cross_taxa,dinoflagellate_stx,pst,TOXIN,Route of metabolization and detoxication of paralytic shellfish toxins in humans.
cyano_all,STX_DOC_000080,2010.0,cross_taxa,dinoflagellate_stx,dinoflagellates,DINO_TAXON,Route of metabolization and detoxication of paralytic shellfish toxins in humans.
cyano_all,STX_DOC_000080,2010.0,cross_taxa,dinoflagellate_stx,cyanobacteria,CYANO_TAXON,Route of metabolization and detoxication of paralytic shellfish toxins in humans.
cyano_all,STX_DOC_000080,2010.0,cross_taxa,dinoflagellate_stx,hplc,DETECTION_METHOD,Route of metabolization and detoxication of paralytic shellfish toxins in humans.
cyano_all,STX_DOC_000082,2003.0,cross_taxa,dinoflagellate_stx,saxitoxin,TOXIN,PARALYTIC SHELLFISH TOXINS ARE RESTRICTED TO FEW SPECIES AMONG AUSTRALIA'S TAXONOMIC DIVERSITY OF CULTURED MICROALGAE<sup>1</sup>
cyano_all,STX_DOC_000082,2003.0,cross_taxa,dinoflagellate_stx,paralytic shellfish toxins,TOXIN,PARALYTIC SHELLFISH TOXINS ARE RESTRICTED TO FEW SPECIES AMONG AUSTRALIA'S TAXONOMIC DIVERSITY OF CULTURED MICROALGAE<sup>1</sup>
cyano_all,STX_DOC_000082,2003.0,cross_taxa,dinoflagellate_stx,pst,TOXIN,PARALYTIC SHELLFISH TOXINS ARE RESTRICTED TO FEW SPECIES AMONG AUSTRALIA'S TAXONOMIC DIVERSITY OF CULTURED MICROALGAE<sup>1</sup>
cyano_all,STX_DOC_000082,2003.0,cross_taxa,dinoflagellate_stx,psts,TOXIN,PARALYTIC SHELLFISH TOXINS ARE RESTRICTED TO FEW SPECIES AMONG AUSTRALIA'S TAXONOMIC DIVERSITY OF CULTURED MICROALGAE<sup>1</sup>
cyano_all,STX_DOC_000082,2003.0,cross_taxa,dinoflagellate_stx,dinoflagellates,DINO_TAXON,PARALYTIC SHELLFISH TOXINS ARE RESTRICTED TO FEW SPECIES AMONG AUSTRALIA'S TAXONOMIC DIVERSITY OF CULTURED MICROALGAE<sup>1</sup>
cyano_all,STX_DOC_000082,2003.0,cross_taxa,dinoflagellate_stx,alexandrium,DINO_TAXON,PARALYTIC SHELLFISH TOXINS ARE RESTRICTED TO FEW SPECIES AMONG AUSTRALIA'S TAXONOMIC DIVERSITY OF CULTURED MICROALGAE<sup>1</sup>
cyano_all,STX_DOC_000082,2003.0,cross_taxa,dinoflagellate_stx,alexandrium minutum,DINO_TAXON,PARALYTIC SHELLFISH TOXINS ARE RESTRICTED TO FEW SPECIES AMONG AUSTRALIA'S TAXONOMIC DIVERSITY OF CULTURED MICROALGAE<sup>1</sup>
cyano_all,STX_DOC_000082,2003.0,cross_taxa,dinoflagellate_stx,gymnodinium,DINO_TAXON,PARALYTIC SHELLFISH TOXINS ARE RESTRICTED TO FEW SPECIES AMONG AUSTRALIA'S TAXONOMIC DIVERSITY OF CULTURED MICROALGAE<sup>1</sup>
cyano_all,STX_DOC_000082,2003.0,cross_taxa,dinoflagellate_stx,gymnodinium catenatum,DINO_TAXON,PARALYTIC SHELLFISH TOXINS ARE RESTRICTED TO FEW SPECIES AMONG AUSTRALIA'S TAXONOMIC DIVERSITY OF CULTURED MICROALGAE<sup>1</sup>
cyano_all,STX_DOC_000082,2003.0,cross_taxa,dinoflagellate_stx,cyanobacteria,CYANO_TAXON,PARALYTIC SHELLFISH TOXINS ARE RESTRICTED TO FEW SPECIES AMONG AUSTRALIA'S TAXONOMIC DIVERSITY OF CULTURED MICROALGAE<sup>1</sup>
cyano_all,STX_DOC_000082,2003.0,cross_taxa,dinoflagellate_stx,cyanobacterium,CYANO_TAXON,PARALYTIC SHELLFISH TOXINS ARE RESTRICTED TO FEW SPECIES AMONG AUSTRALIA'S TAXONOMIC DIVERSITY OF CULTURED MICROALGAE<sup>1</sup>
cyano_all,STX_DOC_000082,2003.0,cross_taxa,dinoflagellate_stx,anabaena,CYANO_TAXON,PARALYTIC SHELLFISH TOXINS ARE RESTRICTED TO FEW SPECIES AMONG AUSTRALIA'S TAXONOMIC DIVERSITY OF CULTURED MICROALGAE<sup>1</sup>
cyano_all,STX_DOC_000085,2025.0,cyanobacteria,high_confidence_stx_biosynthesis,saxitoxin,TOXIN,Genomic Identification and Characterization of Saxitoxin Producing Cyanobacteria in Western Lake Erie Harmful Algal Blooms.
cyano_all,STX_DOC_000085,2025.0,cyanobacteria,high_confidence_stx_biosynthesis,stx,TOXIN,Genomic Identification and Characterization of Saxitoxin Producing Cyanobacteria in Western Lake Erie Harmful Algal Blooms.
cyano_all,STX_DOC_000085,2025.0,cyanobacteria,high_confidence_stx_biosynthesis,neosaxitoxin,TOXIN,Genomic Identification and Characterization of Saxitoxin Producing Cyanobacteria in Western Lake Erie Harmful Algal Blooms.
cyano_all,STX_DOC_000085,2025.0,cyanobacteria,high_confidence_stx_biosynthesis,sxta,SXT_GENE,Genomic Identification and Characterization of Saxitoxin Producing Cyanobacteria in Western Lake Erie Harmful Algal Blooms.
cyano_all,STX_DOC_000085,2025.0,cyanobacteria,high_confidence_stx_biosynthesis,sxt genes,SXT_GENE,Genomic Identification and Characterization of Saxitoxin Producing Cyanobacteria in Western Lake Erie Harmful Algal Blooms.
cyano_all,STX_DOC_000085,2025.0,cyanobacteria,high_confidence_stx_biosynthesis,cyanobacteria,CYANO_TAXON,Genomic Identification and Characterization of Saxitoxin Producing Cyanobacteria in Western Lake Erie Harmful Algal Blooms.
cyano_all,STX_DOC_000085,2025.0,cyanobacteria,high_confidence_stx_biosynthesis,dolichospermum,CYANO_TAXON,Genomic Identification and Characterization of Saxitoxin Producing Cyanobacteria in Western Lake Erie Harmful Algal Blooms.
cyano_all,STX_DOC_000085,2025.0,cyanobacteria,high_confidence_stx_biosynthesis,temperature,ENV_FACTOR,Genomic Identification and Characterization of Saxitoxin Producing Cyanobacteria in Western Lake Erie Harmful Algal Blooms.
cyano_all,STX_DOC_000085,2025.0,cyanobacteria,high_confidence_stx_biosynthesis,nitrogen,ENV_FACTOR,Genomic Identification and Characterization of Saxitoxin Producing Cyanobacteria in Western Lake Erie Harmful Algal Blooms.
cyano_all,STX_DOC_000085,2025.0,cyanobacteria,high_confidence_stx_biosynthesis,phosphorus,ENV_FACTOR,Genomic Identification and Characterization of Saxitoxin Producing Cyanobacteria in Western Lake Erie Harmful Algal Blooms.
cyano_all,STX_DOC_000085,2025.0,cyanobacteria,high_confidence_stx_biosynthesis,biosynthesis,BIOLOGICAL_PROCESS,Genomic Identification and Characterization of Saxitoxin Producing Cyanobacteria in Western Lake Erie Harmful Algal Blooms.
cyano_all,STX_DOC_000085,2025.0,cyanobacteria,high_confidence_stx_biosynthesis,expression,BIOLOGICAL_PROCESS,Genomic Identification and Characterization of Saxitoxin Producing Cyanobacteria in Western Lake Erie Harmful Algal Blooms.
cyano_all,STX_DOC_000085,2025.0,cyanobacteria,high_confidence_stx_biosynthesis,gene expression,BIOLOGICAL_PROCESS,Genomic Identification and Characterization of Saxitoxin Producing Cyanobacteria in Western Lake Erie Harmful Algal Blooms.
cyano_all,STX_DOC_000085,2025.0,cyanobacteria,high_confidence_stx_biosynthesis,horizontal gene transfer,BIOLOGICAL_PROCESS,Genomic Identification and Characterization of Saxitoxin Producing Cyanobacteria in Western Lake Erie Harmful Algal Blooms.
cyano_all,STX_DOC_000085,2025.0,cyanobacteria,high_confidence_stx_biosynthesis,gene loss,BIOLOGICAL_PROCESS,Genomic Identification and Characterization of Saxitoxin Producing Cyanobacteria in Western Lake Erie Harmful Algal Blooms.
cyano_all,STX_DOC_000090,2019.0,cross_taxa,high_confidence_stx_biosynthesis,saxitoxin,TOXIN,"Comparison of saxitoxin-genes expression and production profiles between Aphanizomenon gracile and Cuspidotrix issastchenkoi strains, isolated from freshwater reservoirs"
cyano_all,STX_DOC_000090,2019.0,cross_taxa,high_confidence_stx_biosynthesis,stx,TOXIN,"Comparison of saxitoxin-genes expression and production profiles between Aphanizomenon gracile and Cuspidotrix issastchenkoi strains, isolated from freshwater reservoirs"
cyano_all,STX_DOC_000090,2019.0,cross_taxa,high_confidence_stx_biosynthesis,sxta,SXT_GENE,"Comparison of saxitoxin-genes expression and production profiles between Aphanizomenon gracile and Cuspidotrix issastchenkoi strains, isolated from freshwater reservoirs"
cyano_all,STX_DOC_000090,2019.0,cross_taxa,high_confidence_stx_biosynthesis,sxt genes,SXT_GENE,"Comparison of saxitoxin-genes expression and production profiles between Aphanizomenon gracile and Cuspidotrix issastchenkoi strains, isolated from freshwater reservoirs"
cyano_all,STX_DOC_000090,2019.0,cross_taxa,high_confidence_stx_biosynthesis,dinoflagellates,DINO_TAXON,"Comparison of saxitoxin-genes expression and production profiles between Aphanizomenon gracile and Cuspidotrix issastchenkoi strains, isolated from freshwater reservoirs"
cyano_all,STX_DOC_000090,2019.0,cross_taxa,high_confidence_stx_biosynthesis,cyanobacteria,CYANO_TAXON,"Comparison of saxitoxin-genes expression and production profiles between Aphanizomenon gracile and Cuspidotrix issastchenkoi strains, isolated from freshwater reservoirs"
cyano_all,STX_DOC_000090,2019.0,cross_taxa,high_confidence_stx_biosynthesis,cyanobacterial,CYANO_TAXON,"Comparison of saxitoxin-genes expression and production profiles between Aphanizomenon gracile and Cuspidotrix issastchenkoi strains, isolated from freshwater reservoirs"
cyano_all,STX_DOC_000090,2019.0,cross_taxa,high_confidence_stx_biosynthesis,aphanizomenon,CYANO_TAXON,"Comparison of saxitoxin-genes expression and production profiles between Aphanizomenon gracile and Cuspidotrix issastchenkoi strains, isolated from freshwater reservoirs"
cyano_all,STX_DOC_000090,2019.0,cross_taxa,high_confidence_stx_biosynthesis,temperature,ENV_FACTOR,"Comparison of saxitoxin-genes expression and production profiles between Aphanizomenon gracile and Cuspidotrix issastchenkoi strains, isolated from freshwater reservoirs"
cyano_all,STX_DOC_000090,2019.0,cross_taxa,high_confidence_stx_biosynthesis,biosynthesis,BIOLOGICAL_PROCESS,"Comparison of saxitoxin-genes expression and production profiles between Aphanizomenon gracile and Cuspidotrix issastchenkoi strains, isolated from freshwater reservoirs"
cyano_all,STX_DOC_000090,2019.0,cross_taxa,high_confidence_stx_biosynthesis,regulation,BIOLOGICAL_PROCESS,"Comparison of saxitoxin-genes expression and production profiles between Aphanizomenon gracile and Cuspidotrix issastchenkoi strains, isolated from freshwater reservoirs"
cyano_all,STX_DOC_000090,2019.0,cross_taxa,high_confidence_stx_biosynthesis,expression,BIOLOGICAL_PROCESS,"Comparison of saxitoxin-genes expression and production profiles between Aphanizomenon gracile and Cuspidotrix issastchenkoi strains, isolated from freshwater reservoirs"
cyano_all,STX_DOC_000091,2018.0,cyanobacteria,high_confidence_stx_biosynthesis,saxitoxin,TOXIN,"Application of metagenome analysis to characterize the molecular diversity and saxitoxin-producing potentials of a cyanobacterial community: a case study in the North Han River, Korea"
cyano_all,STX_DOC_000091,2018.0,cyanobacteria,high_confidence_stx_biosynthesis,sxta,SXT_GENE,"Application of metagenome analysis to characterize the molecular diversity and saxitoxin-producing potentials of a cyanobacterial community: a case study in the North Han River, Korea"
cyano_all,STX_DOC_000091,2018.0,cyanobacteria,high_confidence_stx_biosynthesis,sxtg,SXT_GENE,"Application of metagenome analysis to characterize the molecular diversity and saxitoxin-producing potentials of a cyanobacterial community: a case study in the North Han River, Korea"
cyano_all,STX_DOC_000091,2018.0,cyanobacteria,high_confidence_stx_biosynthesis,cyanobacteria,CYANO_TAXON,"Application of metagenome analysis to characterize the molecular diversity and saxitoxin-producing potentials of a cyanobacterial community: a case study in the North Han River, Korea"
cyano_all,STX_DOC_000091,2018.0,cyanobacteria,high_confidence_stx_biosynthesis,cyanobacterial,CYANO_TAXON,"Application of metagenome analysis to characterize the molecular diversity and saxitoxin-producing potentials of a cyanobacterial community: a case study in the North Han River, Korea"
cyano_all,STX_DOC_000091,2018.0,cyanobacteria,high_confidence_stx_biosynthesis,aphanizomenon,CYANO_TAXON,"Application of metagenome analysis to characterize the molecular diversity and saxitoxin-producing potentials of a cyanobacterial community: a case study in the North Han River, Korea"
cyano_all,STX_DOC_000091,2018.0,cyanobacteria,high_confidence_stx_biosynthesis,dolichospermum,CYANO_TAXON,"Application of metagenome analysis to characterize the molecular diversity and saxitoxin-producing potentials of a cyanobacterial community: a case study in the North Han River, Korea"
cyano_all,STX_DOC_000091,2018.0,cyanobacteria,high_confidence_stx_biosynthesis,anabaena,CYANO_TAXON,"Application of metagenome analysis to characterize the molecular diversity and saxitoxin-producing potentials of a cyanobacterial community: a case study in the North Han River, Korea"
cyano_all,STX_DOC_000091,2018.0,cyanobacteria,high_confidence_stx_biosynthesis,cylindrospermopsis,CYANO_TAXON,"Application of metagenome analysis to characterize the molecular diversity and saxitoxin-producing potentials of a cyanobacterial community: a case study in the North Han River, Korea"
cyano_all,STX_DOC_000091,2018.0,cyanobacteria,high_confidence_stx_biosynthesis,lyngbya,CYANO_TAXON,"Application of metagenome analysis to characterize the molecular diversity and saxitoxin-producing potentials of a cyanobacterial community: a case study in the North Han River, Korea"
cyano_all,STX_DOC_000091,2018.0,cyanobacteria,high_confidence_stx_biosynthesis,scytonema,CYANO_TAXON,"Application of metagenome analysis to characterize the molecular diversity and saxitoxin-producing potentials of a cyanobacterial community: a case study in the North Han River, Korea"
cyano_all,STX_DOC_000091,2018.0,cyanobacteria,high_confidence_stx_biosynthesis,toxin production,BIOLOGICAL_PROCESS,"Application of metagenome analysis to characterize the molecular diversity and saxitoxin-producing potentials of a cyanobacterial community: a case study in the North Han River, Korea"
cyano_all,STX_DOC_000094,2011.0,cyanobacteria,cyanobacteria_stx,saxitoxin,TOXIN,First detection of cyanobacterial PSP (paralytic shellfish poisoning) toxins in Spanish freshwaters.
cyano_all,STX_DOC_000094,2011.0,cyanobacteria,cyanobacteria_stx,neosaxitoxin,TOXIN,First detection of cyanobacterial PSP (paralytic shellfish poisoning) toxins in Spanish freshwaters.
cyano_all,STX_DOC_000094,2011.0,cyanobacteria,cyanobacteria_stx,gonyautoxin,TOXIN,First detection of cyanobacterial PSP (paralytic shellfish poisoning) toxins in Spanish freshwaters.
cyano_all,STX_DOC_000094,2011.0,cyanobacteria,cyanobacteria_stx,paralytic shellfish toxins,TOXIN,First detection of cyanobacterial PSP (paralytic shellfish poisoning) toxins in Spanish freshwaters.
cyano_all,STX_DOC_000094,2011.0,cyanobacteria,cyanobacteria_stx,pst,TOXIN,First detection of cyanobacterial PSP (paralytic shellfish poisoning) toxins in Spanish freshwaters.
cyano_all,STX_DOC_000094,2011.0,cyanobacteria,cyanobacteria_stx,psts,TOXIN,First detection of cyanobacterial PSP (paralytic shellfish poisoning) toxins in Spanish freshwaters.
cyano_all,STX_DOC_000094,2011.0,cyanobacteria,cyanobacteria_stx,paralytic shellfish poisoning,TOXIN,First detection of cyanobacterial PSP (paralytic shellfish poisoning) toxins in Spanish freshwaters.
cyano_all,STX_DOC_000094,2011.0,cyanobacteria,cyanobacteria_stx,cyanobacteria,CYANO_TAXON,First detection of cyanobacterial PSP (paralytic shellfish poisoning) toxins in Spanish freshwaters.
cyano_all,STX_DOC_000094,2011.0,cyanobacteria,cyanobacteria_stx,cyanobacterial,CYANO_TAXON,First detection of cyanobacterial PSP (paralytic shellfish poisoning) toxins in Spanish freshwaters.
cyano_all,STX_DOC_000094,2011.0,cyanobacteria,cyanobacteria_stx,aphanizomenon,CYANO_TAXON,First detection of cyanobacterial PSP (paralytic shellfish poisoning) toxins in Spanish freshwaters.
cyano_all,STX_DOC_000094,2011.0,cyanobacteria,cyanobacteria_stx,mass spectrometry,DETECTION_METHOD,First detection of cyanobacterial PSP (paralytic shellfish poisoning) toxins in Spanish freshwaters.
cyano_all,STX_DOC_000097,2001.0,cyanobacteria,cyanobacteria_stx,saxitoxin,TOXIN,The purine degradation pathway: possible role in paralytic shellfish toxin metabolism in the cyanobacterium Planktothrix sp. FP1.
cyano_all,STX_DOC_000097,2001.0,cyanobacteria,cyanobacteria_stx,stx,TOXIN,The purine degradation pathway: possible role in paralytic shellfish toxin metabolism in the cyanobacterium Planktothrix sp. FP1.
cyano_all,STX_DOC_000097,2001.0,cyanobacteria,cyanobacteria_stx,paralytic shellfish toxin,TOXIN,The purine degradation pathway: possible role in paralytic shellfish toxin metabolism in the cyanobacterium Planktothrix sp. FP1.
cyano_all,STX_DOC_000097,2001.0,cyanobacteria,cyanobacteria_stx,paralytic shellfish toxins,TOXIN,The purine degradation pathway: possible role in paralytic shellfish toxin metabolism in the cyanobacterium Planktothrix sp. FP1.
cyano_all,STX_DOC_000097,2001.0,cyanobacteria,cyanobacteria_stx,pst,TOXIN,The purine degradation pathway: possible role in paralytic shellfish toxin metabolism in the cyanobacterium Planktothrix sp. FP1.
cyano_all,STX_DOC_000097,2001.0,cyanobacteria,cyanobacteria_stx,psts,TOXIN,The purine degradation pathway: possible role in paralytic shellfish toxin metabolism in the cyanobacterium Planktothrix sp. FP1.
cyano_all,STX_DOC_000097,2001.0,cyanobacteria,cyanobacteria_stx,cyanobacteria,CYANO_TAXON,The purine degradation pathway: possible role in paralytic shellfish toxin metabolism in the cyanobacterium Planktothrix sp. FP1.
cyano_all,STX_DOC_000097,2001.0,cyanobacteria,cyanobacteria_stx,cyanobacterium,CYANO_TAXON,The purine degradation pathway: possible role in paralytic shellfish toxin metabolism in the cyanobacterium Planktothrix sp. FP1.
cyano_all,STX_DOC_000097,2001.0,cyanobacteria,cyanobacteria_stx,cyanobacterial,CYANO_TAXON,The purine degradation pathway: possible role in paralytic shellfish toxin metabolism in the cyanobacterium Planktothrix sp. FP1.
cyano_all,STX_DOC_000097,2001.0,cyanobacteria,cyanobacteria_stx,planktothrix,CYANO_TAXON,The purine degradation pathway: possible role in paralytic shellfish toxin metabolism in the cyanobacterium Planktothrix sp. FP1.
cyano_all,STX_DOC_000097,2001.0,cyanobacteria,cyanobacteria_stx,nitrogen,ENV_FACTOR,The purine degradation pathway: possible role in paralytic shellfish toxin metabolism in the cyanobacterium Planktothrix sp. FP1.
cyano_all,STX_DOC_000104,2022.0,cross_taxa,dinoflagellate_stx,saxitoxin,TOXIN,First Identification of 12β-Deoxygonyautoxin 5 (12α-Gonyautoxinol 5) in the Cyanobacterium <i>Dolichospermum circinale</i> (TA04) and 12β-Deoxysaxitoxin (12α-Saxitoxinol) in <i>D. circinale</i> (TA04) and the Dinoflagellate <i>Alexandrium pacificum</i> (Group IV) (120518KureAC).
cyano_all,STX_DOC_000104,2022.0,cross_taxa,dinoflagellate_stx,gonyautoxin,TOXIN,First Identification of 12β-Deoxygonyautoxin 5 (12α-Gonyautoxinol 5) in the Cyanobacterium <i>Dolichospermum circinale</i> (TA04) and 12β-Deoxysaxitoxin (12α-Saxitoxinol) in <i>D. circinale</i> (TA04) and the Dinoflagellate <i>Alexandrium pacificum</i> (Group IV) (120518KureAC).
cyano_all,STX_DOC_000104,2022.0,cross_taxa,dinoflagellate_stx,paralytic shellfish toxins,TOXIN,First Identification of 12β-Deoxygonyautoxin 5 (12α-Gonyautoxinol 5) in the Cyanobacterium <i>Dolichospermum circinale</i> (TA04) and 12β-Deoxysaxitoxin (12α-Saxitoxinol) in <i>D. circinale</i> (TA04) and the Dinoflagellate <i>Alexandrium pacificum</i> (Group IV) (120518KureAC).
cyano_all,STX_DOC_000104,2022.0,cross_taxa,dinoflagellate_stx,psts,TOXIN,First Identification of 12β-Deoxygonyautoxin 5 (12α-Gonyautoxinol 5) in the Cyanobacterium <i>Dolichospermum circinale</i> (TA04) and 12β-Deoxysaxitoxin (12α-Saxitoxinol) in <i>D. circinale</i> (TA04) and the Dinoflagellate <i>Alexandrium pacificum</i> (Group IV) (120518KureAC).
cyano_all,STX_DOC_000104,2022.0,cross_taxa,dinoflagellate_stx,dinoflagellate,DINO_TAXON,First Identification of 12β-Deoxygonyautoxin 5 (12α-Gonyautoxinol 5) in the Cyanobacterium <i>Dolichospermum circinale</i> (TA04) and 12β-Deoxysaxitoxin (12α-Saxitoxinol) in <i>D. circinale</i> (TA04) and the Dinoflagellate <i>Alexandrium pacificum</i> (Group IV) (120518KureAC).
cyano_all,STX_DOC_000104,2022.0,cross_taxa,dinoflagellate_stx,dinoflagellates,DINO_TAXON,First Identification of 12β-Deoxygonyautoxin 5 (12α-Gonyautoxinol 5) in the Cyanobacterium <i>Dolichospermum circinale</i> (TA04) and 12β-Deoxysaxitoxin (12α-Saxitoxinol) in <i>D. circinale</i> (TA04) and the Dinoflagellate <i>Alexandrium pacificum</i> (Group IV) (120518KureAC).
cyano_all,STX_DOC_000104,2022.0,cross_taxa,dinoflagellate_stx,alexandrium,DINO_TAXON,First Identification of 12β-Deoxygonyautoxin 5 (12α-Gonyautoxinol 5) in the Cyanobacterium <i>Dolichospermum circinale</i> (TA04) and 12β-Deoxysaxitoxin (12α-Saxitoxinol) in <i>D. circinale</i> (TA04) and the Dinoflagellate <i>Alexandrium pacificum</i> (Group IV) (120518KureAC).
cyano_all,STX_DOC_000104,2022.0,cross_taxa,dinoflagellate_stx,alexandrium pacificum,DINO_TAXON,First Identification of 12β-Deoxygonyautoxin 5 (12α-Gonyautoxinol 5) in the Cyanobacterium <i>Dolichospermum circinale</i> (TA04) and 12β-Deoxysaxitoxin (12α-Saxitoxinol) in <i>D. circinale</i> (TA04) and the Dinoflagellate <i>Alexandrium pacificum</i> (Group IV) (120518KureAC).
cyano_all,STX_DOC_000104,2022.0,cross_taxa,dinoflagellate_stx,cyanobacteria,CYANO_TAXON,First Identification of 12β-Deoxygonyautoxin 5 (12α-Gonyautoxinol 5) in the Cyanobacterium <i>Dolichospermum circinale</i> (TA04) and 12β-Deoxysaxitoxin (12α-Saxitoxinol) in <i>D. circinale</i> (TA04) and the Dinoflagellate <i>Alexandrium pacificum</i> (Group IV) (120518KureAC).
cyano_all,STX_DOC_000104,2022.0,cross_taxa,dinoflagellate_stx,cyanobacterium,CYANO_TAXON,First Identification of 12β-Deoxygonyautoxin 5 (12α-Gonyautoxinol 5) in the Cyanobacterium <i>Dolichospermum circinale</i> (TA04) and 12β-Deoxysaxitoxin (12α-Saxitoxinol) in <i>D. circinale</i> (TA04) and the Dinoflagellate <i>Alexandrium pacificum</i> (Group IV) (120518KureAC).
cyano_all,STX_DOC_000104,2022.0,cross_taxa,dinoflagellate_stx,dolichospermum,CYANO_TAXON,First Identification of 12β-Deoxygonyautoxin 5 (12α-Gonyautoxinol 5) in the Cyanobacterium <i>Dolichospermum circinale</i> (TA04) and 12β-Deoxysaxitoxin (12α-Saxitoxinol) in <i>D. circinale</i> (TA04) and the Dinoflagellate <i>Alexandrium pacificum</i> (Group IV) (120518KureAC).
cyano_all,STX_DOC_000104,2022.0,cross_taxa,dinoflagellate_stx,lc-ms,DETECTION_METHOD,First Identification of 12β-Deoxygonyautoxin 5 (12α-Gonyautoxinol 5) in the Cyanobacterium <i>Dolichospermum circinale</i> (TA04) and 12β-Deoxysaxitoxin (12α-Saxitoxinol) in <i>D. circinale</i> (TA04) and the Dinoflagellate <i>Alexandrium pacificum</i> (Group IV) (120518KureAC).
cyano_all,STX_DOC_000104,2022.0,cross_taxa,dinoflagellate_stx,lc-ms/ms,DETECTION_METHOD,First Identification of 12β-Deoxygonyautoxin 5 (12α-Gonyautoxinol 5) in the Cyanobacterium <i>Dolichospermum circinale</i> (TA04) and 12β-Deoxysaxitoxin (12α-Saxitoxinol) in <i>D. circinale</i> (TA04) and the Dinoflagellate <i>Alexandrium pacificum</i> (Group IV) (120518KureAC).
cyano_all,STX_DOC_000109,2020.0,cyanobacteria,high_confidence_stx_biosynthesis,saxitoxin,TOXIN,Isolation and Characterization of <i>Cylindrospermopsis raciborskii</i> Strains from Finished Drinking Water.
cyano_all,STX_DOC_000109,2020.0,cyanobacteria,high_confidence_stx_biosynthesis,sxta,SXT_GENE,Isolation and Characterization of <i>Cylindrospermopsis raciborskii</i> Strains from Finished Drinking Water.
cyano_all,STX_DOC_000109,2020.0,cyanobacteria,high_confidence_stx_biosynthesis,sxta4,SXT_GENE,Isolation and Characterization of <i>Cylindrospermopsis raciborskii</i> Strains from Finished Drinking Water.
cyano_all,STX_DOC_000109,2020.0,cyanobacteria,high_confidence_stx_biosynthesis,sxtb,SXT_GENE,Isolation and Characterization of <i>Cylindrospermopsis raciborskii</i> Strains from Finished Drinking Water.
cyano_all,STX_DOC_000109,2020.0,cyanobacteria,high_confidence_stx_biosynthesis,sxti,SXT_GENE,Isolation and Characterization of <i>Cylindrospermopsis raciborskii</i> Strains from Finished Drinking Water.
cyano_all,STX_DOC_000109,2020.0,cyanobacteria,high_confidence_stx_biosynthesis,cyanobacteria,CYANO_TAXON,Isolation and Characterization of <i>Cylindrospermopsis raciborskii</i> Strains from Finished Drinking Water.
cyano_all,STX_DOC_000109,2020.0,cyanobacteria,high_confidence_stx_biosynthesis,cyanobacterial,CYANO_TAXON,Isolation and Characterization of <i>Cylindrospermopsis raciborskii</i> Strains from Finished Drinking Water.
cyano_all,STX_DOC_000109,2020.0,cyanobacteria,high_confidence_stx_biosynthesis,cylindrospermopsis,CYANO_TAXON,Isolation and Characterization of <i>Cylindrospermopsis raciborskii</i> Strains from Finished Drinking Water.
cyano_all,STX_DOC_000109,2020.0,cyanobacteria,high_confidence_stx_biosynthesis,bloom,ENV_FACTOR,Isolation and Characterization of <i>Cylindrospermopsis raciborskii</i> Strains from Finished Drinking Water.
cyano_all,STX_DOC_000109,2020.0,cyanobacteria,high_confidence_stx_biosynthesis,elisa,DETECTION_METHOD,Isolation and Characterization of <i>Cylindrospermopsis raciborskii</i> Strains from Finished Drinking Water.
cyano_all,STX_DOC_000113,2015.0,cross_taxa,high_confidence_stx_biosynthesis,paralytic shellfish toxins,TOXIN,Relationship of proteomic variation and toxin synthesis in the dinoflagellate Alexandrium tamarense CI01 under phosphorus and inorganic nitrogen limitation.
cyano_all,STX_DOC_000113,2015.0,cross_taxa,high_confidence_stx_biosynthesis,pst,TOXIN,Relationship of proteomic variation and toxin synthesis in the dinoflagellate Alexandrium tamarense CI01 under phosphorus and inorganic nitrogen limitation.
cyano_all,STX_DOC_000113,2015.0,cross_taxa,high_confidence_stx_biosynthesis,psts,TOXIN,Relationship of proteomic variation and toxin synthesis in the dinoflagellate Alexandrium tamarense CI01 under phosphorus and inorganic nitrogen limitation.
cyano_all,STX_DOC_000113,2015.0,cross_taxa,high_confidence_stx_biosynthesis,dinoflagellate,DINO_TAXON,Relationship of proteomic variation and toxin synthesis in the dinoflagellate Alexandrium tamarense CI01 under phosphorus and inorganic nitrogen limitation.
cyano_all,STX_DOC_000113,2015.0,cross_taxa,high_confidence_stx_biosynthesis,dinoflagellates,DINO_TAXON,Relationship of proteomic variation and toxin synthesis in the dinoflagellate Alexandrium tamarense CI01 under phosphorus and inorganic nitrogen limitation.
cyano_all,STX_DOC_000113,2015.0,cross_taxa,high_confidence_stx_biosynthesis,alexandrium,DINO_TAXON,Relationship of proteomic variation and toxin synthesis in the dinoflagellate Alexandrium tamarense CI01 under phosphorus and inorganic nitrogen limitation.
cyano_all,STX_DOC_000113,2015.0,cross_taxa,high_confidence_stx_biosynthesis,alexandrium tamarense,DINO_TAXON,Relationship of proteomic variation and toxin synthesis in the dinoflagellate Alexandrium tamarense CI01 under phosphorus and inorganic nitrogen limitation.
cyano_all,STX_DOC_000113,2015.0,cross_taxa,high_confidence_stx_biosynthesis,cyanobacteria,CYANO_TAXON,Relationship of proteomic variation and toxin synthesis in the dinoflagellate Alexandrium tamarense CI01 under phosphorus and inorganic nitrogen limitation.
cyano_all,STX_DOC_000113,2015.0,cross_taxa,high_confidence_stx_biosynthesis,nitrogen,ENV_FACTOR,Relationship of proteomic variation and toxin synthesis in the dinoflagellate Alexandrium tamarense CI01 under phosphorus and inorganic nitrogen limitation.
cyano_all,STX_DOC_000113,2015.0,cross_taxa,high_confidence_stx_biosynthesis,phosphorus,ENV_FACTOR,Relationship of proteomic variation and toxin synthesis in the dinoflagellate Alexandrium tamarense CI01 under phosphorus and inorganic nitrogen limitation.
cyano_all,STX_DOC_000113,2015.0,cross_taxa,high_confidence_stx_biosynthesis,nutrient,ENV_FACTOR,Relationship of proteomic variation and toxin synthesis in the dinoflagellate Alexandrium tamarense CI01 under phosphorus and inorganic nitrogen limitation.
cyano_all,STX_DOC_000113,2015.0,cross_taxa,high_confidence_stx_biosynthesis,biosynthesis,BIOLOGICAL_PROCESS,Relationship of proteomic variation and toxin synthesis in the dinoflagellate Alexandrium tamarense CI01 under phosphorus and inorganic nitrogen limitation.
cyano_all,STX_DOC_000113,2015.0,cross_taxa,high_confidence_stx_biosynthesis,toxin biosynthesis,BIOLOGICAL_PROCESS,Relationship of proteomic variation and toxin synthesis in the dinoflagellate Alexandrium tamarense CI01 under phosphorus and inorganic nitrogen limitation.
cyano_all,STX_DOC_000113,2015.0,cross_taxa,high_confidence_stx_biosynthesis,expression,BIOLOGICAL_PROCESS,Relationship of proteomic variation and toxin synthesis in the dinoflagellate Alexandrium tamarense CI01 under phosphorus and inorganic nitrogen limitation.
cyano_all,STX_DOC_000114,2012.0,cyanobacteria,high_confidence_stx_biosynthesis,saxitoxin,TOXIN,"Community composition, toxigenicity, and environmental conditions during a cyanobacterial bloom occurring along 1,100 kilometers of the Murray River."
cyano_all,STX_DOC_000114,2012.0,cyanobacteria,high_confidence_stx_biosynthesis,sxta,SXT_GENE,"Community composition, toxigenicity, and environmental conditions during a cyanobacterial bloom occurring along 1,100 kilometers of the Murray River."
cyano_all,STX_DOC_000114,2012.0,cyanobacteria,high_confidence_stx_biosynthesis,saxitoxin biosynthesis gene,SXT_GENE,"Community composition, toxigenicity, and environmental conditions during a cyanobacterial bloom occurring along 1,100 kilometers of the Murray River."
cyano_all,STX_DOC_000114,2012.0,cyanobacteria,high_confidence_stx_biosynthesis,cyanobacterial,CYANO_TAXON,"Community composition, toxigenicity, and environmental conditions during a cyanobacterial bloom occurring along 1,100 kilometers of the Murray River."
cyano_all,STX_DOC_000114,2012.0,cyanobacteria,high_confidence_stx_biosynthesis,anabaena,CYANO_TAXON,"Community composition, toxigenicity, and environmental conditions during a cyanobacterial bloom occurring along 1,100 kilometers of the Murray River."
cyano_all,STX_DOC_000114,2012.0,cyanobacteria,high_confidence_stx_biosynthesis,cylindrospermopsis,CYANO_TAXON,"Community composition, toxigenicity, and environmental conditions during a cyanobacterial bloom occurring along 1,100 kilometers of the Murray River."
cyano_all,STX_DOC_000114,2012.0,cyanobacteria,high_confidence_stx_biosynthesis,bloom,ENV_FACTOR,"Community composition, toxigenicity, and environmental conditions during a cyanobacterial bloom occurring along 1,100 kilometers of the Murray River."
cyano_all,STX_DOC_000114,2012.0,cyanobacteria,high_confidence_stx_biosynthesis,biosynthesis,BIOLOGICAL_PROCESS,"Community composition, toxigenicity, and environmental conditions during a cyanobacterial bloom occurring along 1,100 kilometers of the Murray River."
cyano_all,STX_DOC_000114,2012.0,cyanobacteria,high_confidence_stx_biosynthesis,toxin biosynthesis,BIOLOGICAL_PROCESS,"Community composition, toxigenicity, and environmental conditions during a cyanobacterial bloom occurring along 1,100 kilometers of the Murray River."
cyano_all,STX_DOC_000114,2012.0,cyanobacteria,high_confidence_stx_biosynthesis,saxitoxin biosynthesis,BIOLOGICAL_PROCESS,"Community composition, toxigenicity, and environmental conditions during a cyanobacterial bloom occurring along 1,100 kilometers of the Murray River."
cyano_all,STX_DOC_000114,2012.0,cyanobacteria,high_confidence_stx_biosynthesis,elisa,DETECTION_METHOD,"Community composition, toxigenicity, and environmental conditions during a cyanobacterial bloom occurring along 1,100 kilometers of the Murray River."
cyano_all,STX_DOC_000115,2010.0,cyanobacteria,high_confidence_stx_biosynthesis,stx,TOXIN,Reassessment of the toxin profile of Cylindrospermopsis raciborskii T3 and function of putative sulfotransferases in synthesis of sulfated and sulfonated PSP toxins.
cyano_all,STX_DOC_000115,2010.0,cyanobacteria,high_confidence_stx_biosynthesis,paralytic shellfish poisoning,TOXIN,Reassessment of the toxin profile of Cylindrospermopsis raciborskii T3 and function of putative sulfotransferases in synthesis of sulfated and sulfonated PSP toxins.
cyano_all,STX_DOC_000115,2010.0,cyanobacteria,high_confidence_stx_biosynthesis,sxt gene,SXT_GENE,Reassessment of the toxin profile of Cylindrospermopsis raciborskii T3 and function of putative sulfotransferases in synthesis of sulfated and sulfonated PSP toxins.
cyano_all,STX_DOC_000115,2010.0,cyanobacteria,high_confidence_stx_biosynthesis,sxt genes,SXT_GENE,Reassessment of the toxin profile of Cylindrospermopsis raciborskii T3 and function of putative sulfotransferases in synthesis of sulfated and sulfonated PSP toxins.
cyano_all,STX_DOC_000115,2010.0,cyanobacteria,high_confidence_stx_biosynthesis,cyanobacteria,CYANO_TAXON,Reassessment of the toxin profile of Cylindrospermopsis raciborskii T3 and function of putative sulfotransferases in synthesis of sulfated and sulfonated PSP toxins.
cyano_all,STX_DOC_000115,2010.0,cyanobacteria,high_confidence_stx_biosynthesis,cyanobacterium,CYANO_TAXON,Reassessment of the toxin profile of Cylindrospermopsis raciborskii T3 and function of putative sulfotransferases in synthesis of sulfated and sulfonated PSP toxins.
cyano_all,STX_DOC_000115,2010.0,cyanobacteria,high_confidence_stx_biosynthesis,cylindrospermopsis,CYANO_TAXON,Reassessment of the toxin profile of Cylindrospermopsis raciborskii T3 and function of putative sulfotransferases in synthesis of sulfated and sulfonated PSP toxins.
cyano_all,STX_DOC_000115,2010.0,cyanobacteria,high_confidence_stx_biosynthesis,lc-ms,DETECTION_METHOD,Reassessment of the toxin profile of Cylindrospermopsis raciborskii T3 and function of putative sulfotransferases in synthesis of sulfated and sulfonated PSP toxins.
cyano_all,STX_DOC_000115,2010.0,cyanobacteria,high_confidence_stx_biosynthesis,lc-ms/ms,DETECTION_METHOD,Reassessment of the toxin profile of Cylindrospermopsis raciborskii T3 and function of putative sulfotransferases in synthesis of sulfated and sulfonated PSP toxins.
cyano_all,STX_DOC_000115,2010.0,cyanobacteria,high_confidence_stx_biosynthesis,mass spectrometry,DETECTION_METHOD,Reassessment of the toxin profile of Cylindrospermopsis raciborskii T3 and function of putative sulfotransferases in synthesis of sulfated and sulfonated PSP toxins.
cyano_all,STX_DOC_000116,2009.0,cross_taxa,dinoflagellate_stx,saxitoxin,TOXIN,"Atypical profiles of paralytic shellfish poisoning toxins in shellfish from Luanda and Mussulo bays, Angola."
cyano_all,STX_DOC_000116,2009.0,cross_taxa,dinoflagellate_stx,stx,TOXIN,"Atypical profiles of paralytic shellfish poisoning toxins in shellfish from Luanda and Mussulo bays, Angola."
cyano_all,STX_DOC_000116,2009.0,cross_taxa,dinoflagellate_stx,psts,TOXIN,"Atypical profiles of paralytic shellfish poisoning toxins in shellfish from Luanda and Mussulo bays, Angola."
cyano_all,STX_DOC_000116,2009.0,cross_taxa,dinoflagellate_stx,paralytic shellfish poisoning,TOXIN,"Atypical profiles of paralytic shellfish poisoning toxins in shellfish from Luanda and Mussulo bays, Angola."
cyano_all,STX_DOC_000116,2009.0,cross_taxa,dinoflagellate_stx,dinoflagellate,DINO_TAXON,"Atypical profiles of paralytic shellfish poisoning toxins in shellfish from Luanda and Mussulo bays, Angola."
cyano_all,STX_DOC_000116,2009.0,cross_taxa,dinoflagellate_stx,dinoflagellates,DINO_TAXON,"Atypical profiles of paralytic shellfish poisoning toxins in shellfish from Luanda and Mussulo bays, Angola."
cyano_all,STX_DOC_000116,2009.0,cross_taxa,dinoflagellate_stx,gymnodinium,DINO_TAXON,"Atypical profiles of paralytic shellfish poisoning toxins in shellfish from Luanda and Mussulo bays, Angola."
cyano_all,STX_DOC_000116,2009.0,cross_taxa,dinoflagellate_stx,gymnodinium catenatum,DINO_TAXON,"Atypical profiles of paralytic shellfish poisoning toxins in shellfish from Luanda and Mussulo bays, Angola."
cyano_all,STX_DOC_000116,2009.0,cross_taxa,dinoflagellate_stx,pyrodinium,DINO_TAXON,"Atypical profiles of paralytic shellfish poisoning toxins in shellfish from Luanda and Mussulo bays, Angola."
cyano_all,STX_DOC_000116,2009.0,cross_taxa,dinoflagellate_stx,pyrodinium bahamense,DINO_TAXON,"Atypical profiles of paralytic shellfish poisoning toxins in shellfish from Luanda and Mussulo bays, Angola."
cyano_all,STX_DOC_000116,2009.0,cross_taxa,dinoflagellate_stx,cyanobacterial,CYANO_TAXON,"Atypical profiles of paralytic shellfish poisoning toxins in shellfish from Luanda and Mussulo bays, Angola."
cyano_all,STX_DOC_000116,2009.0,cross_taxa,dinoflagellate_stx,hplc,DETECTION_METHOD,"Atypical profiles of paralytic shellfish poisoning toxins in shellfish from Luanda and Mussulo bays, Angola."
cyano_all,STX_DOC_000118,2006.0,cyanobacteria,cyanobacteria_stx,saxitoxin,TOXIN,Detection of harmful cyanobacteria and their toxins by both PCR amplification and LC-MS during a bloom event.
cyano_all,STX_DOC_000118,2006.0,cyanobacteria,cyanobacteria_stx,stx,TOXIN,Detection of harmful cyanobacteria and their toxins by both PCR amplification and LC-MS during a bloom event.
cyano_all,STX_DOC_000118,2006.0,cyanobacteria,cyanobacteria_stx,neosaxitoxin,TOXIN,Detection of harmful cyanobacteria and their toxins by both PCR amplification and LC-MS during a bloom event.
cyano_all,STX_DOC_000118,2006.0,cyanobacteria,cyanobacteria_stx,paralytic shellfish poisoning,TOXIN,Detection of harmful cyanobacteria and their toxins by both PCR amplification and LC-MS during a bloom event.
cyano_all,STX_DOC_000118,2006.0,cyanobacteria,cyanobacteria_stx,cyanobacteria,CYANO_TAXON,Detection of harmful cyanobacteria and their toxins by both PCR amplification and LC-MS during a bloom event.
cyano_all,STX_DOC_000118,2006.0,cyanobacteria,cyanobacteria_stx,cyanobacterial,CYANO_TAXON,Detection of harmful cyanobacteria and their toxins by both PCR amplification and LC-MS during a bloom event.
cyano_all,STX_DOC_000118,2006.0,cyanobacteria,cyanobacteria_stx,bloom,ENV_FACTOR,Detection of harmful cyanobacteria and their toxins by both PCR amplification and LC-MS during a bloom event.
cyano_all,STX_DOC_000118,2006.0,cyanobacteria,cyanobacteria_stx,hplc,DETECTION_METHOD,Detection of harmful cyanobacteria and their toxins by both PCR amplification and LC-MS during a bloom event.
cyano_all,STX_DOC_000118,2006.0,cyanobacteria,cyanobacteria_stx,lc-ms,DETECTION_METHOD,Detection of harmful cyanobacteria and their toxins by both PCR amplification and LC-MS during a bloom event.
cyano_all,STX_DOC_000118,2006.0,cyanobacteria,cyanobacteria_stx,mass spectrometry,DETECTION_METHOD,Detection of harmful cyanobacteria and their toxins by both PCR amplification and LC-MS during a bloom event.
cyano_all,STX_DOC_000121,2026.0,cross_taxa,high_confidence_stx_biosynthesis,saxitoxin,TOXIN,Artificial Intelligence (AI) in Saxitoxin Research: The Next Frontier for Understanding Marine Dinoflagellate Toxin Biosynthesis and Evolution.
cyano_all,STX_DOC_000121,2026.0,cross_taxa,high_confidence_stx_biosynthesis,stx,TOXIN,Artificial Intelligence (AI) in Saxitoxin Research: The Next Frontier for Understanding Marine Dinoflagellate Toxin Biosynthesis and Evolution.
cyano_all,STX_DOC_000121,2026.0,cross_taxa,high_confidence_stx_biosynthesis,paralytic shellfish poisoning,TOXIN,Artificial Intelligence (AI) in Saxitoxin Research: The Next Frontier for Understanding Marine Dinoflagellate Toxin Biosynthesis and Evolution.
cyano_all,STX_DOC_000121,2026.0,cross_taxa,high_confidence_stx_biosynthesis,sxt gene,SXT_GENE,Artificial Intelligence (AI) in Saxitoxin Research: The Next Frontier for Understanding Marine Dinoflagellate Toxin Biosynthesis and Evolution.
cyano_all,STX_DOC_000121,2026.0,cross_taxa,high_confidence_stx_biosynthesis,dinoflagellate,DINO_TAXON,Artificial Intelligence (AI) in Saxitoxin Research: The Next Frontier for Understanding Marine Dinoflagellate Toxin Biosynthesis and Evolution.
cyano_all,STX_DOC_000121,2026.0,cross_taxa,high_confidence_stx_biosynthesis,dinoflagellates,DINO_TAXON,Artificial Intelligence (AI) in Saxitoxin Research: The Next Frontier for Understanding Marine Dinoflagellate Toxin Biosynthesis and Evolution.
cyano_all,STX_DOC_000121,2026.0,cross_taxa,high_confidence_stx_biosynthesis,cyanobacteria,CYANO_TAXON,Artificial Intelligence (AI) in Saxitoxin Research: The Next Frontier for Understanding Marine Dinoflagellate Toxin Biosynthesis and Evolution.
cyano_all,STX_DOC_000121,2026.0,cross_taxa,high_confidence_stx_biosynthesis,biosynthesis,BIOLOGICAL_PROCESS,Artificial Intelligence (AI) in Saxitoxin Research: The Next Frontier for Understanding Marine Dinoflagellate Toxin Biosynthesis and Evolution.
cyano_all,STX_DOC_000121,2026.0,cross_taxa,high_confidence_stx_biosynthesis,toxin biosynthesis,BIOLOGICAL_PROCESS,Artificial Intelligence (AI) in Saxitoxin Research: The Next Frontier for Understanding Marine Dinoflagellate Toxin Biosynthesis and Evolution.
cyano_all,STX_DOC_000121,2026.0,cross_taxa,high_confidence_stx_biosynthesis,regulation,BIOLOGICAL_PROCESS,Artificial Intelligence (AI) in Saxitoxin Research: The Next Frontier for Understanding Marine Dinoflagellate Toxin Biosynthesis and Evolution.
cyano_all,STX_DOC_000121,2026.0,cross_taxa,high_confidence_stx_biosynthesis,evolution,BIOLOGICAL_PROCESS,Artificial Intelligence (AI) in Saxitoxin Research: The Next Frontier for Understanding Marine Dinoflagellate Toxin Biosynthesis and Evolution.
cyano_all,STX_DOC_000124,2016.0,cross_taxa,high_confidence_stx_biosynthesis,saxitoxin,TOXIN,Elevated Na(+) and pH influence the production and transport of saxitoxin in the cyanobacteria Anabaena circinalis AWQC131C and Cylindrospermopsis raciborskii T3.
cyano_all,STX_DOC_000124,2016.0,cross_taxa,high_confidence_stx_biosynthesis,stx,TOXIN,Elevated Na(+) and pH influence the production and transport of saxitoxin in the cyanobacteria Anabaena circinalis AWQC131C and Cylindrospermopsis raciborskii T3.
cyano_all,STX_DOC_000124,2016.0,cross_taxa,high_confidence_stx_biosynthesis,paralytic shellfish toxins,TOXIN,Elevated Na(+) and pH influence the production and transport of saxitoxin in the cyanobacteria Anabaena circinalis AWQC131C and Cylindrospermopsis raciborskii T3.
cyano_all,STX_DOC_000124,2016.0,cross_taxa,high_confidence_stx_biosynthesis,sxta,SXT_GENE,Elevated Na(+) and pH influence the production and transport of saxitoxin in the cyanobacteria Anabaena circinalis AWQC131C and Cylindrospermopsis raciborskii T3.
cyano_all,STX_DOC_000124,2016.0,cross_taxa,high_confidence_stx_biosynthesis,dinoflagellates,DINO_TAXON,Elevated Na(+) and pH influence the production and transport of saxitoxin in the cyanobacteria Anabaena circinalis AWQC131C and Cylindrospermopsis raciborskii T3.
cyano_all,STX_DOC_000124,2016.0,cross_taxa,high_confidence_stx_biosynthesis,cyanobacteria,CYANO_TAXON,Elevated Na(+) and pH influence the production and transport of saxitoxin in the cyanobacteria Anabaena circinalis AWQC131C and Cylindrospermopsis raciborskii T3.
cyano_all,STX_DOC_000124,2016.0,cross_taxa,high_confidence_stx_biosynthesis,anabaena,CYANO_TAXON,Elevated Na(+) and pH influence the production and transport of saxitoxin in the cyanobacteria Anabaena circinalis AWQC131C and Cylindrospermopsis raciborskii T3.
cyano_all,STX_DOC_000124,2016.0,cross_taxa,high_confidence_stx_biosynthesis,cylindrospermopsis,CYANO_TAXON,Elevated Na(+) and pH influence the production and transport of saxitoxin in the cyanobacteria Anabaena circinalis AWQC131C and Cylindrospermopsis raciborskii T3.
cyano_all,STX_DOC_000124,2016.0,cross_taxa,high_confidence_stx_biosynthesis,biosynthesis,BIOLOGICAL_PROCESS,Elevated Na(+) and pH influence the production and transport of saxitoxin in the cyanobacteria Anabaena circinalis AWQC131C and Cylindrospermopsis raciborskii T3.
cyano_all,STX_DOC_000124,2016.0,cross_taxa,high_confidence_stx_biosynthesis,expression,BIOLOGICAL_PROCESS,Elevated Na(+) and pH influence the production and transport of saxitoxin in the cyanobacteria Anabaena circinalis AWQC131C and Cylindrospermopsis raciborskii T3.
cyano_all,STX_DOC_000124,2016.0,cross_taxa,high_confidence_stx_biosynthesis,transcription,BIOLOGICAL_PROCESS,Elevated Na(+) and pH influence the production and transport of saxitoxin in the cyanobacteria Anabaena circinalis AWQC131C and Cylindrospermopsis raciborskii T3.
cyano_all,STX_DOC_000128,2014.0,cyanobacteria,high_confidence_stx_biosynthesis,stx,TOXIN,Impact of Nitrogen Sources on Gene Expression and Toxin Production in the Diazotroph Cylindrospermopsis raciborskii CS-505 and Non-Diazotroph Raphidiopsis brookii D9
cyano_all,STX_DOC_000128,2014.0,cyanobacteria,high_confidence_stx_biosynthesis,paralytic shellfish toxins,TOXIN,Impact of Nitrogen Sources on Gene Expression and Toxin Production in the Diazotroph Cylindrospermopsis raciborskii CS-505 and Non-Diazotroph Raphidiopsis brookii D9
cyano_all,STX_DOC_000128,2014.0,cyanobacteria,high_confidence_stx_biosynthesis,pst,TOXIN,Impact of Nitrogen Sources on Gene Expression and Toxin Production in the Diazotroph Cylindrospermopsis raciborskii CS-505 and Non-Diazotroph Raphidiopsis brookii D9
cyano_all,STX_DOC_000128,2014.0,cyanobacteria,high_confidence_stx_biosynthesis,psts,TOXIN,Impact of Nitrogen Sources on Gene Expression and Toxin Production in the Diazotroph Cylindrospermopsis raciborskii CS-505 and Non-Diazotroph Raphidiopsis brookii D9
cyano_all,STX_DOC_000128,2014.0,cyanobacteria,high_confidence_stx_biosynthesis,cyanobacteria,CYANO_TAXON,Impact of Nitrogen Sources on Gene Expression and Toxin Production in the Diazotroph Cylindrospermopsis raciborskii CS-505 and Non-Diazotroph Raphidiopsis brookii D9
cyano_all,STX_DOC_000128,2014.0,cyanobacteria,high_confidence_stx_biosynthesis,cyanobacterial,CYANO_TAXON,Impact of Nitrogen Sources on Gene Expression and Toxin Production in the Diazotroph Cylindrospermopsis raciborskii CS-505 and Non-Diazotroph Raphidiopsis brookii D9
cyano_all,STX_DOC_000128,2014.0,cyanobacteria,high_confidence_stx_biosynthesis,cylindrospermopsis,CYANO_TAXON,Impact of Nitrogen Sources on Gene Expression and Toxin Production in the Diazotroph Cylindrospermopsis raciborskii CS-505 and Non-Diazotroph Raphidiopsis brookii D9
cyano_all,STX_DOC_000128,2014.0,cyanobacteria,high_confidence_stx_biosynthesis,nitrogen,ENV_FACTOR,Impact of Nitrogen Sources on Gene Expression and Toxin Production in the Diazotroph Cylindrospermopsis raciborskii CS-505 and Non-Diazotroph Raphidiopsis brookii D9
cyano_all,STX_DOC_000128,2014.0,cyanobacteria,high_confidence_stx_biosynthesis,nitrate,ENV_FACTOR,Impact of Nitrogen Sources on Gene Expression and Toxin Production in the Diazotroph Cylindrospermopsis raciborskii CS-505 and Non-Diazotroph Raphidiopsis brookii D9
cyano_all,STX_DOC_000128,2014.0,cyanobacteria,high_confidence_stx_biosynthesis,biosynthesis,BIOLOGICAL_PROCESS,Impact of Nitrogen Sources on Gene Expression and Toxin Production in the Diazotroph Cylindrospermopsis raciborskii CS-505 and Non-Diazotroph Raphidiopsis brookii D9
cyano_all,STX_DOC_000128,2014.0,cyanobacteria,high_confidence_stx_biosynthesis,toxin biosynthesis,BIOLOGICAL_PROCESS,Impact of Nitrogen Sources on Gene Expression and Toxin Production in the Diazotroph Cylindrospermopsis raciborskii CS-505 and Non-Diazotroph Raphidiopsis brookii D9
cyano_all,STX_DOC_000128,2014.0,cyanobacteria,high_confidence_stx_biosynthesis,regulation,BIOLOGICAL_PROCESS,Impact of Nitrogen Sources on Gene Expression and Toxin Production in the Diazotroph Cylindrospermopsis raciborskii CS-505 and Non-Diazotroph Raphidiopsis brookii D9
cyano_all,STX_DOC_000128,2014.0,cyanobacteria,high_confidence_stx_biosynthesis,expression,BIOLOGICAL_PROCESS,Impact of Nitrogen Sources on Gene Expression and Toxin Production in the Diazotroph Cylindrospermopsis raciborskii CS-505 and Non-Diazotroph Raphidiopsis brookii D9
cyano_all,STX_DOC_000128,2014.0,cyanobacteria,high_confidence_stx_biosynthesis,gene expression,BIOLOGICAL_PROCESS,Impact of Nitrogen Sources on Gene Expression and Toxin Production in the Diazotroph Cylindrospermopsis raciborskii CS-505 and Non-Diazotroph Raphidiopsis brookii D9
cyano_all,STX_DOC_000128,2014.0,cyanobacteria,high_confidence_stx_biosynthesis,transcription,BIOLOGICAL_PROCESS,Impact of Nitrogen Sources on Gene Expression and Toxin Production in the Diazotroph Cylindrospermopsis raciborskii CS-505 and Non-Diazotroph Raphidiopsis brookii D9
cyano_all,STX_DOC_000128,2014.0,cyanobacteria,high_confidence_stx_biosynthesis,toxin production,BIOLOGICAL_PROCESS,Impact of Nitrogen Sources on Gene Expression and Toxin Production in the Diazotroph Cylindrospermopsis raciborskii CS-505 and Non-Diazotroph Raphidiopsis brookii D9
cyano_all,STX_DOC_000130,2012.0,cyanobacteria,high_confidence_stx_biosynthesis,saxitoxin,TOXIN,Investigating Cyanotoxin Production by Benthic Freshwater Cyanobacteria in New Zealand
cyano_all,STX_DOC_000130,2012.0,cyanobacteria,high_confidence_stx_biosynthesis,neosaxitoxin,TOXIN,Investigating Cyanotoxin Production by Benthic Freshwater Cyanobacteria in New Zealand
cyano_all,STX_DOC_000130,2012.0,cyanobacteria,high_confidence_stx_biosynthesis,sxta,SXT_GENE,Investigating Cyanotoxin Production by Benthic Freshwater Cyanobacteria in New Zealand
cyano_all,STX_DOC_000130,2012.0,cyanobacteria,high_confidence_stx_biosynthesis,cyanobacteria,CYANO_TAXON,Investigating Cyanotoxin Production by Benthic Freshwater Cyanobacteria in New Zealand
cyano_all,STX_DOC_000130,2012.0,cyanobacteria,high_confidence_stx_biosynthesis,cyanobacterial,CYANO_TAXON,Investigating Cyanotoxin Production by Benthic Freshwater Cyanobacteria in New Zealand
cyano_all,STX_DOC_000130,2012.0,cyanobacteria,high_confidence_stx_biosynthesis,scytonema,CYANO_TAXON,Investigating Cyanotoxin Production by Benthic Freshwater Cyanobacteria in New Zealand
cyano_all,STX_DOC_000130,2012.0,cyanobacteria,high_confidence_stx_biosynthesis,biosynthesis,BIOLOGICAL_PROCESS,Investigating Cyanotoxin Production by Benthic Freshwater Cyanobacteria in New Zealand
cyano_all,STX_DOC_000130,2012.0,cyanobacteria,high_confidence_stx_biosynthesis,saxitoxin biosynthesis,BIOLOGICAL_PROCESS,Investigating Cyanotoxin Production by Benthic Freshwater Cyanobacteria in New Zealand
cyano_all,STX_DOC_000130,2012.0,cyanobacteria,high_confidence_stx_biosynthesis,hplc,DETECTION_METHOD,Investigating Cyanotoxin Production by Benthic Freshwater Cyanobacteria in New Zealand
cyano_all,STX_DOC_000131,2011.0,cross_taxa,high_confidence_stx_biosynthesis,saxitoxin,TOXIN,Aspects of the interaction between the marine bacterium Alcanivorax DG881 and the toxic dinoflagellate Gymnodinium catenatum
cyano_all,STX_DOC_000131,2011.0,cross_taxa,high_confidence_stx_biosynthesis,sxtu,SXT_GENE,Aspects of the interaction between the marine bacterium Alcanivorax DG881 and the toxic dinoflagellate Gymnodinium catenatum
cyano_all,STX_DOC_000131,2011.0,cross_taxa,high_confidence_stx_biosynthesis,sxt genes,SXT_GENE,Aspects of the interaction between the marine bacterium Alcanivorax DG881 and the toxic dinoflagellate Gymnodinium catenatum
cyano_all,STX_DOC_000131,2011.0,cross_taxa,high_confidence_stx_biosynthesis,dinoflagellate,DINO_TAXON,Aspects of the interaction between the marine bacterium Alcanivorax DG881 and the toxic dinoflagellate Gymnodinium catenatum
cyano_all,STX_DOC_000131,2011.0,cross_taxa,high_confidence_stx_biosynthesis,gymnodinium,DINO_TAXON,Aspects of the interaction between the marine bacterium Alcanivorax DG881 and the toxic dinoflagellate Gymnodinium catenatum
cyano_all,STX_DOC_000131,2011.0,cross_taxa,high_confidence_stx_biosynthesis,gymnodinium catenatum,DINO_TAXON,Aspects of the interaction between the marine bacterium Alcanivorax DG881 and the toxic dinoflagellate Gymnodinium catenatum
cyano_all,STX_DOC_000131,2011.0,cross_taxa,high_confidence_stx_biosynthesis,cyanobacteria,CYANO_TAXON,Aspects of the interaction between the marine bacterium Alcanivorax DG881 and the toxic dinoflagellate Gymnodinium catenatum
cyano_all,STX_DOC_000131,2011.0,cross_taxa,high_confidence_stx_biosynthesis,cyanobacterial,CYANO_TAXON,Aspects of the interaction between the marine bacterium Alcanivorax DG881 and the toxic dinoflagellate Gymnodinium catenatum
cyano_all,STX_DOC_000131,2011.0,cross_taxa,high_confidence_stx_biosynthesis,biosynthesis,BIOLOGICAL_PROCESS,Aspects of the interaction between the marine bacterium Alcanivorax DG881 and the toxic dinoflagellate Gymnodinium catenatum
cyano_all,STX_DOC_000131,2011.0,cross_taxa,high_confidence_stx_biosynthesis,saxitoxin biosynthesis,BIOLOGICAL_PROCESS,Aspects of the interaction between the marine bacterium Alcanivorax DG881 and the toxic dinoflagellate Gymnodinium catenatum
cyano_all,STX_DOC_000131,2011.0,cross_taxa,high_confidence_stx_biosynthesis,phylogenetic,BIOLOGICAL_PROCESS,Aspects of the interaction between the marine bacterium Alcanivorax DG881 and the toxic dinoflagellate Gymnodinium catenatum
cyano_all,STX_DOC_000136,2017.0,cyanobacteria,high_confidence_stx_biosynthesis,saxitoxin,TOXIN,Molecular and morphological survey of saxitoxin-producing cyanobacterium Dolichospermum circinale (Anabaena circinalis) isolated from geographically distinct regions of Australia.
cyano_all,STX_DOC_000136,2017.0,cyanobacteria,high_confidence_stx_biosynthesis,psts,TOXIN,Molecular and morphological survey of saxitoxin-producing cyanobacterium Dolichospermum circinale (Anabaena circinalis) isolated from geographically distinct regions of Australia.
cyano_all,STX_DOC_000136,2017.0,cyanobacteria,high_confidence_stx_biosynthesis,sxt gene,SXT_GENE,Molecular and morphological survey of saxitoxin-producing cyanobacterium Dolichospermum circinale (Anabaena circinalis) isolated from geographically distinct regions of Australia.
cyano_all,STX_DOC_000136,2017.0,cyanobacteria,high_confidence_stx_biosynthesis,sxt genes,SXT_GENE,Molecular and morphological survey of saxitoxin-producing cyanobacterium Dolichospermum circinale (Anabaena circinalis) isolated from geographically distinct regions of Australia.
cyano_all,STX_DOC_000136,2017.0,cyanobacteria,high_confidence_stx_biosynthesis,cyanobacterium,CYANO_TAXON,Molecular and morphological survey of saxitoxin-producing cyanobacterium Dolichospermum circinale (Anabaena circinalis) isolated from geographically distinct regions of Australia.
cyano_all,STX_DOC_000136,2017.0,cyanobacteria,high_confidence_stx_biosynthesis,dolichospermum,CYANO_TAXON,Molecular and morphological survey of saxitoxin-producing cyanobacterium Dolichospermum circinale (Anabaena circinalis) isolated from geographically distinct regions of Australia.
cyano_all,STX_DOC_000136,2017.0,cyanobacteria,high_confidence_stx_biosynthesis,anabaena,CYANO_TAXON,Molecular and morphological survey of saxitoxin-producing cyanobacterium Dolichospermum circinale (Anabaena circinalis) isolated from geographically distinct regions of Australia.
cyano_all,STX_DOC_000136,2017.0,cyanobacteria,high_confidence_stx_biosynthesis,biosynthesis,BIOLOGICAL_PROCESS,Molecular and morphological survey of saxitoxin-producing cyanobacterium Dolichospermum circinale (Anabaena circinalis) isolated from geographically distinct regions of Australia.
cyano_all,STX_DOC_000136,2017.0,cyanobacteria,high_confidence_stx_biosynthesis,toxicity,BIOLOGICAL_PROCESS,Molecular and morphological survey of saxitoxin-producing cyanobacterium Dolichospermum circinale (Anabaena circinalis) isolated from geographically distinct regions of Australia.
cyano_all,STX_DOC_000136,2017.0,cyanobacteria,high_confidence_stx_biosynthesis,toxin production,BIOLOGICAL_PROCESS,Molecular and morphological survey of saxitoxin-producing cyanobacterium Dolichospermum circinale (Anabaena circinalis) isolated from geographically distinct regions of Australia.
cyano_all,STX_DOC_000136,2017.0,cyanobacteria,high_confidence_stx_biosynthesis,hplc,DETECTION_METHOD,Molecular and morphological survey of saxitoxin-producing cyanobacterium Dolichospermum circinale (Anabaena circinalis) isolated from geographically distinct regions of Australia.
cyano_all,STX_DOC_000136,2017.0,cyanobacteria,high_confidence_stx_biosynthesis,lc-ms,DETECTION_METHOD,Molecular and morphological survey of saxitoxin-producing cyanobacterium Dolichospermum circinale (Anabaena circinalis) isolated from geographically distinct regions of Australia.
cyano_all,STX_DOC_000136,2017.0,cyanobacteria,high_confidence_stx_biosynthesis,lc-ms/ms,DETECTION_METHOD,Molecular and morphological survey of saxitoxin-producing cyanobacterium Dolichospermum circinale (Anabaena circinalis) isolated from geographically distinct regions of Australia.
cyano_all,STX_DOC_000137,2017.0,cyanobacteria,high_confidence_stx_biosynthesis,saxitoxin,TOXIN,Temperature Influences the Production and Transport of Saxitoxin and the Expression of sxt Genes in the Cyanobacterium Aphanizomenon gracile.
cyano_all,STX_DOC_000137,2017.0,cyanobacteria,high_confidence_stx_biosynthesis,sxta,SXT_GENE,Temperature Influences the Production and Transport of Saxitoxin and the Expression of sxt Genes in the Cyanobacterium Aphanizomenon gracile.
cyano_all,STX_DOC_000137,2017.0,cyanobacteria,high_confidence_stx_biosynthesis,sxt genes,SXT_GENE,Temperature Influences the Production and Transport of Saxitoxin and the Expression of sxt Genes in the Cyanobacterium Aphanizomenon gracile.
cyano_all,STX_DOC_000137,2017.0,cyanobacteria,high_confidence_stx_biosynthesis,cyanobacteria,CYANO_TAXON,Temperature Influences the Production and Transport of Saxitoxin and the Expression of sxt Genes in the Cyanobacterium Aphanizomenon gracile.
cyano_all,STX_DOC_000137,2017.0,cyanobacteria,high_confidence_stx_biosynthesis,cyanobacterium,CYANO_TAXON,Temperature Influences the Production and Transport of Saxitoxin and the Expression of sxt Genes in the Cyanobacterium Aphanizomenon gracile.
cyano_all,STX_DOC_000137,2017.0,cyanobacteria,high_confidence_stx_biosynthesis,aphanizomenon,CYANO_TAXON,Temperature Influences the Production and Transport of Saxitoxin and the Expression of sxt Genes in the Cyanobacterium Aphanizomenon gracile.
cyano_all,STX_DOC_000137,2017.0,cyanobacteria,high_confidence_stx_biosynthesis,temperature,ENV_FACTOR,Temperature Influences the Production and Transport of Saxitoxin and the Expression of sxt Genes in the Cyanobacterium Aphanizomenon gracile.
cyano_all,STX_DOC_000137,2017.0,cyanobacteria,high_confidence_stx_biosynthesis,nitrate,ENV_FACTOR,Temperature Influences the Production and Transport of Saxitoxin and the Expression of sxt Genes in the Cyanobacterium Aphanizomenon gracile.
cyano_all,STX_DOC_000137,2017.0,cyanobacteria,high_confidence_stx_biosynthesis,biosynthesis,BIOLOGICAL_PROCESS,Temperature Influences the Production and Transport of Saxitoxin and the Expression of sxt Genes in the Cyanobacterium Aphanizomenon gracile.
cyano_all,STX_DOC_000137,2017.0,cyanobacteria,high_confidence_stx_biosynthesis,saxitoxin biosynthesis,BIOLOGICAL_PROCESS,Temperature Influences the Production and Transport of Saxitoxin and the Expression of sxt Genes in the Cyanobacterium Aphanizomenon gracile.
cyano_all,STX_DOC_000137,2017.0,cyanobacteria,high_confidence_stx_biosynthesis,expression,BIOLOGICAL_PROCESS,Temperature Influences the Production and Transport of Saxitoxin and the Expression of sxt Genes in the Cyanobacterium Aphanizomenon gracile.
cyano_all,STX_DOC_000137,2017.0,cyanobacteria,high_confidence_stx_biosynthesis,transcription,BIOLOGICAL_PROCESS,Temperature Influences the Production and Transport of Saxitoxin and the Expression of sxt Genes in the Cyanobacterium Aphanizomenon gracile.
cyano_all,STX_DOC_000138,2016.0,cyanobacteria,high_confidence_stx_biosynthesis,saxitoxin,TOXIN,First detection of benthic cyanobacteria in Lake Baikal producing paralytic shellfish toxins.
cyano_all,STX_DOC_000138,2016.0,cyanobacteria,high_confidence_stx_biosynthesis,paralytic shellfish toxin,TOXIN,First detection of benthic cyanobacteria in Lake Baikal producing paralytic shellfish toxins.
cyano_all,STX_DOC_000138,2016.0,cyanobacteria,high_confidence_stx_biosynthesis,paralytic shellfish toxins,TOXIN,First detection of benthic cyanobacteria in Lake Baikal producing paralytic shellfish toxins.
cyano_all,STX_DOC_000138,2016.0,cyanobacteria,high_confidence_stx_biosynthesis,pst,TOXIN,First detection of benthic cyanobacteria in Lake Baikal producing paralytic shellfish toxins.
cyano_all,STX_DOC_000138,2016.0,cyanobacteria,high_confidence_stx_biosynthesis,sxta,SXT_GENE,First detection of benthic cyanobacteria in Lake Baikal producing paralytic shellfish toxins.
cyano_all,STX_DOC_000138,2016.0,cyanobacteria,high_confidence_stx_biosynthesis,cyanobacteria,CYANO_TAXON,First detection of benthic cyanobacteria in Lake Baikal producing paralytic shellfish toxins.
cyano_all,STX_DOC_000138,2016.0,cyanobacteria,high_confidence_stx_biosynthesis,cyanobacterial,CYANO_TAXON,First detection of benthic cyanobacteria in Lake Baikal producing paralytic shellfish toxins.
cyano_all,STX_DOC_000138,2016.0,cyanobacteria,high_confidence_stx_biosynthesis,biosynthesis,BIOLOGICAL_PROCESS,First detection of benthic cyanobacteria in Lake Baikal producing paralytic shellfish toxins.
cyano_all,STX_DOC_000138,2016.0,cyanobacteria,high_confidence_stx_biosynthesis,saxitoxin biosynthesis,BIOLOGICAL_PROCESS,First detection of benthic cyanobacteria in Lake Baikal producing paralytic shellfish toxins.
cyano_all,STX_DOC_000138,2016.0,cyanobacteria,high_confidence_stx_biosynthesis,mass spectrometry,DETECTION_METHOD,First detection of benthic cyanobacteria in Lake Baikal producing paralytic shellfish toxins.
cyano_all,STX_DOC_000139,2016.0,cyanobacteria,high_confidence_stx_biosynthesis,saxitoxin,TOXIN,Proteogenomics of a saxitoxin-producing and non-toxic strain of Anabaena circinalis (cyanobacteria) in response to extracellular NaCl and phosphate depletion.
cyano_all,STX_DOC_000139,2016.0,cyanobacteria,high_confidence_stx_biosynthesis,cyanobacteria,CYANO_TAXON,Proteogenomics of a saxitoxin-producing and non-toxic strain of Anabaena circinalis (cyanobacteria) in response to extracellular NaCl and phosphate depletion.
cyano_all,STX_DOC_000139,2016.0,cyanobacteria,high_confidence_stx_biosynthesis,cyanobacterium,CYANO_TAXON,Proteogenomics of a saxitoxin-producing and non-toxic strain of Anabaena circinalis (cyanobacteria) in response to extracellular NaCl and phosphate depletion.
cyano_all,STX_DOC_000139,2016.0,cyanobacteria,high_confidence_stx_biosynthesis,anabaena,CYANO_TAXON,Proteogenomics of a saxitoxin-producing and non-toxic strain of Anabaena circinalis (cyanobacteria) in response to extracellular NaCl and phosphate depletion.
cyano_all,STX_DOC_000139,2016.0,cyanobacteria,high_confidence_stx_biosynthesis,nitrogen,ENV_FACTOR,Proteogenomics of a saxitoxin-producing and non-toxic strain of Anabaena circinalis (cyanobacteria) in response to extracellular NaCl and phosphate depletion.
cyano_all,STX_DOC_000139,2016.0,cyanobacteria,high_confidence_stx_biosynthesis,phosphorus,ENV_FACTOR,Proteogenomics of a saxitoxin-producing and non-toxic strain of Anabaena circinalis (cyanobacteria) in response to extracellular NaCl and phosphate depletion.
cyano_all,STX_DOC_000139,2016.0,cyanobacteria,high_confidence_stx_biosynthesis,phosphate,ENV_FACTOR,Proteogenomics of a saxitoxin-producing and non-toxic strain of Anabaena circinalis (cyanobacteria) in response to extracellular NaCl and phosphate depletion.
cyano_all,STX_DOC_000139,2016.0,cyanobacteria,high_confidence_stx_biosynthesis,nutrient,ENV_FACTOR,Proteogenomics of a saxitoxin-producing and non-toxic strain of Anabaena circinalis (cyanobacteria) in response to extracellular NaCl and phosphate depletion.
cyano_all,STX_DOC_000139,2016.0,cyanobacteria,high_confidence_stx_biosynthesis,bloom,ENV_FACTOR,Proteogenomics of a saxitoxin-producing and non-toxic strain of Anabaena circinalis (cyanobacteria) in response to extracellular NaCl and phosphate depletion.
cyano_all,STX_DOC_000139,2016.0,cyanobacteria,high_confidence_stx_biosynthesis,biosynthesis,BIOLOGICAL_PROCESS,Proteogenomics of a saxitoxin-producing and non-toxic strain of Anabaena circinalis (cyanobacteria) in response to extracellular NaCl and phosphate depletion.
cyano_all,STX_DOC_000139,2016.0,cyanobacteria,high_confidence_stx_biosynthesis,saxitoxin biosynthesis,BIOLOGICAL_PROCESS,Proteogenomics of a saxitoxin-producing and non-toxic strain of Anabaena circinalis (cyanobacteria) in response to extracellular NaCl and phosphate depletion.
cyano_all,STX_DOC_000139,2016.0,cyanobacteria,high_confidence_stx_biosynthesis,transcription,BIOLOGICAL_PROCESS,Proteogenomics of a saxitoxin-producing and non-toxic strain of Anabaena circinalis (cyanobacteria) in response to extracellular NaCl and phosphate depletion.
cyano_all,STX_DOC_000143,2011.0,cyanobacteria,cyanobacteria_stx,saxitoxin,TOXIN,Preparation of calibration standards of N1-H paralytic shellfish toxin analogues by large-scale culture of cyanobacterium Anabaena circinalis (TA04).
cyano_all,STX_DOC_000143,2011.0,cyanobacteria,cyanobacteria_stx,gonyautoxin,TOXIN,Preparation of calibration standards of N1-H paralytic shellfish toxin analogues by large-scale culture of cyanobacterium Anabaena circinalis (TA04).
cyano_all,STX_DOC_000143,2011.0,cyanobacteria,cyanobacteria_stx,paralytic shellfish toxin,TOXIN,Preparation of calibration standards of N1-H paralytic shellfish toxin analogues by large-scale culture of cyanobacterium Anabaena circinalis (TA04).
cyano_all,STX_DOC_000143,2011.0,cyanobacteria,cyanobacteria_stx,paralytic shellfish toxins,TOXIN,Preparation of calibration standards of N1-H paralytic shellfish toxin analogues by large-scale culture of cyanobacterium Anabaena circinalis (TA04).
cyano_all,STX_DOC_000143,2011.0,cyanobacteria,cyanobacteria_stx,pst,TOXIN,Preparation of calibration standards of N1-H paralytic shellfish toxin analogues by large-scale culture of cyanobacterium Anabaena circinalis (TA04).
cyano_all,STX_DOC_000143,2011.0,cyanobacteria,cyanobacteria_stx,psts,TOXIN,Preparation of calibration standards of N1-H paralytic shellfish toxin analogues by large-scale culture of cyanobacterium Anabaena circinalis (TA04).
cyano_all,STX_DOC_000143,2011.0,cyanobacteria,cyanobacteria_stx,cyanobacteria,CYANO_TAXON,Preparation of calibration standards of N1-H paralytic shellfish toxin analogues by large-scale culture of cyanobacterium Anabaena circinalis (TA04).
cyano_all,STX_DOC_000143,2011.0,cyanobacteria,cyanobacteria_stx,cyanobacterium,CYANO_TAXON,Preparation of calibration standards of N1-H paralytic shellfish toxin analogues by large-scale culture of cyanobacterium Anabaena circinalis (TA04).
cyano_all,STX_DOC_000143,2011.0,cyanobacteria,cyanobacteria_stx,anabaena,CYANO_TAXON,Preparation of calibration standards of N1-H paralytic shellfish toxin analogues by large-scale culture of cyanobacterium Anabaena circinalis (TA04).
cyano_all,STX_DOC_000143,2011.0,cyanobacteria,cyanobacteria_stx,mouse bioassay,DETECTION_METHOD,Preparation of calibration standards of N1-H paralytic shellfish toxin analogues by large-scale culture of cyanobacterium Anabaena circinalis (TA04).
cyano_all,STX_DOC_000145,2002.0,cyanobacteria,cyanobacteria_stx,stx,TOXIN,PRODUCTION OF PARALYTIC SHELLFISH TOXINS BY <i>APHANIZOMENON</i> SP. LMECYA 31 (CYANOBACTERIA)<sup>1</sup>
cyano_all,STX_DOC_000145,2002.0,cyanobacteria,cyanobacteria_stx,paralytic shellfish toxins,TOXIN,PRODUCTION OF PARALYTIC SHELLFISH TOXINS BY <i>APHANIZOMENON</i> SP. LMECYA 31 (CYANOBACTERIA)<sup>1</sup>
cyano_all,STX_DOC_000145,2002.0,cyanobacteria,cyanobacteria_stx,pst,TOXIN,PRODUCTION OF PARALYTIC SHELLFISH TOXINS BY <i>APHANIZOMENON</i> SP. LMECYA 31 (CYANOBACTERIA)<sup>1</sup>
cyano_all,STX_DOC_000145,2002.0,cyanobacteria,cyanobacteria_stx,psts,TOXIN,PRODUCTION OF PARALYTIC SHELLFISH TOXINS BY <i>APHANIZOMENON</i> SP. LMECYA 31 (CYANOBACTERIA)<sup>1</sup>
cyano_all,STX_DOC_000145,2002.0,cyanobacteria,cyanobacteria_stx,cyanobacteria,CYANO_TAXON,PRODUCTION OF PARALYTIC SHELLFISH TOXINS BY <i>APHANIZOMENON</i> SP. LMECYA 31 (CYANOBACTERIA)<sup>1</sup>
cyano_all,STX_DOC_000145,2002.0,cyanobacteria,cyanobacteria_stx,aphanizomenon,CYANO_TAXON,PRODUCTION OF PARALYTIC SHELLFISH TOXINS BY <i>APHANIZOMENON</i> SP. LMECYA 31 (CYANOBACTERIA)<sup>1</sup>
cyano_all,STX_DOC_000145,2002.0,cyanobacteria,cyanobacteria_stx,temperature,ENV_FACTOR,PRODUCTION OF PARALYTIC SHELLFISH TOXINS BY <i>APHANIZOMENON</i> SP. LMECYA 31 (CYANOBACTERIA)<sup>1</sup>
cyano_all,STX_DOC_000145,2002.0,cyanobacteria,cyanobacteria_stx,nitrate,ENV_FACTOR,PRODUCTION OF PARALYTIC SHELLFISH TOXINS BY <i>APHANIZOMENON</i> SP. LMECYA 31 (CYANOBACTERIA)<sup>1</sup>
cyano_all,STX_DOC_000145,2002.0,cyanobacteria,cyanobacteria_stx,phosphate,ENV_FACTOR,PRODUCTION OF PARALYTIC SHELLFISH TOXINS BY <i>APHANIZOMENON</i> SP. LMECYA 31 (CYANOBACTERIA)<sup>1</sup>
cyano_all,STX_DOC_000145,2002.0,cyanobacteria,cyanobacteria_stx,nutrient,ENV_FACTOR,PRODUCTION OF PARALYTIC SHELLFISH TOXINS BY <i>APHANIZOMENON</i> SP. LMECYA 31 (CYANOBACTERIA)<sup>1</sup>
cyano_all,STX_DOC_000145,2002.0,cyanobacteria,cyanobacteria_stx,nutrients,ENV_FACTOR,PRODUCTION OF PARALYTIC SHELLFISH TOXINS BY <i>APHANIZOMENON</i> SP. LMECYA 31 (CYANOBACTERIA)<sup>1</sup>
cyano_all,STX_DOC_000145,2002.0,cyanobacteria,cyanobacteria_stx,bloom,ENV_FACTOR,PRODUCTION OF PARALYTIC SHELLFISH TOXINS BY <i>APHANIZOMENON</i> SP. LMECYA 31 (CYANOBACTERIA)<sup>1</sup>
cyano_all,STX_DOC_000145,2002.0,cyanobacteria,cyanobacteria_stx,toxin production,BIOLOGICAL_PROCESS,PRODUCTION OF PARALYTIC SHELLFISH TOXINS BY <i>APHANIZOMENON</i> SP. LMECYA 31 (CYANOBACTERIA)<sup>1</sup>
cyano_all,STX_DOC_000156,2024.0,cyanobacteria,high_confidence_stx_biosynthesis,saxitoxin,TOXIN,Spatial and Temporal Variability of Saxitoxin-Producing Cyanobacteria in U.S. Urban Lakes
cyano_all,STX_DOC_000156,2024.0,cyanobacteria,high_confidence_stx_biosynthesis,stx,TOXIN,Spatial and Temporal Variability of Saxitoxin-Producing Cyanobacteria in U.S. Urban Lakes
cyano_all,STX_DOC_000156,2024.0,cyanobacteria,high_confidence_stx_biosynthesis,sxta,SXT_GENE,Spatial and Temporal Variability of Saxitoxin-Producing Cyanobacteria in U.S. Urban Lakes
cyano_all,STX_DOC_000156,2024.0,cyanobacteria,high_confidence_stx_biosynthesis,cyanobacteria,CYANO_TAXON,Spatial and Temporal Variability of Saxitoxin-Producing Cyanobacteria in U.S. Urban Lakes
cyano_all,STX_DOC_000156,2024.0,cyanobacteria,high_confidence_stx_biosynthesis,cyanobacterial,CYANO_TAXON,Spatial and Temporal Variability of Saxitoxin-Producing Cyanobacteria in U.S. Urban Lakes
cyano_all,STX_DOC_000156,2024.0,cyanobacteria,high_confidence_stx_biosynthesis,aphanizomenon,CYANO_TAXON,Spatial and Temporal Variability of Saxitoxin-Producing Cyanobacteria in U.S. Urban Lakes
cyano_all,STX_DOC_000156,2024.0,cyanobacteria,high_confidence_stx_biosynthesis,dolichospermum,CYANO_TAXON,Spatial and Temporal Variability of Saxitoxin-Producing Cyanobacteria in U.S. Urban Lakes
cyano_all,STX_DOC_000156,2024.0,cyanobacteria,high_confidence_stx_biosynthesis,temperature,ENV_FACTOR,Spatial and Temporal Variability of Saxitoxin-Producing Cyanobacteria in U.S. Urban Lakes
cyano_all,STX_DOC_000163,2016.0,cross_taxa,dinoflagellate_stx,saxitoxin,TOXIN,Biosynthetic route towards saxitoxin and shunt pathway.
cyano_all,STX_DOC_000163,2016.0,cross_taxa,dinoflagellate_stx,paralytic shellfish toxins,TOXIN,Biosynthetic route towards saxitoxin and shunt pathway.
cyano_all,STX_DOC_000163,2016.0,cross_taxa,dinoflagellate_stx,psts,TOXIN,Biosynthetic route towards saxitoxin and shunt pathway.
cyano_all,STX_DOC_000163,2016.0,cross_taxa,dinoflagellate_stx,dinoflagellate,DINO_TAXON,Biosynthetic route towards saxitoxin and shunt pathway.
cyano_all,STX_DOC_000163,2016.0,cross_taxa,dinoflagellate_stx,dinoflagellates,DINO_TAXON,Biosynthetic route towards saxitoxin and shunt pathway.
cyano_all,STX_DOC_000163,2016.0,cross_taxa,dinoflagellate_stx,alexandrium,DINO_TAXON,Biosynthetic route towards saxitoxin and shunt pathway.
cyano_all,STX_DOC_000163,2016.0,cross_taxa,dinoflagellate_stx,alexandrium tamarense,DINO_TAXON,Biosynthetic route towards saxitoxin and shunt pathway.
cyano_all,STX_DOC_000163,2016.0,cross_taxa,dinoflagellate_stx,cyanobacteria,CYANO_TAXON,Biosynthetic route towards saxitoxin and shunt pathway.
cyano_all,STX_DOC_000163,2016.0,cross_taxa,dinoflagellate_stx,cyanobacterium,CYANO_TAXON,Biosynthetic route towards saxitoxin and shunt pathway.
cyano_all,STX_DOC_000163,2016.0,cross_taxa,dinoflagellate_stx,anabaena,CYANO_TAXON,Biosynthetic route towards saxitoxin and shunt pathway.
cyano_all,STX_DOC_000164,2016.0,cyanobacteria,high_confidence_stx_biosynthesis,saxitoxin,TOXIN,Influence of nitrogen availability on the expression of genes involved in the biosynthesis of saxitoxin and analogs in Cylindrospermopsis raciborskii.
cyano_all,STX_DOC_000164,2016.0,cyanobacteria,high_confidence_stx_biosynthesis,paralytic shellfish poisoning,TOXIN,Influence of nitrogen availability on the expression of genes involved in the biosynthesis of saxitoxin and analogs in Cylindrospermopsis raciborskii.
cyano_all,STX_DOC_000164,2016.0,cyanobacteria,high_confidence_stx_biosynthesis,sxti,SXT_GENE,Influence of nitrogen availability on the expression of genes involved in the biosynthesis of saxitoxin and analogs in Cylindrospermopsis raciborskii.
cyano_all,STX_DOC_000164,2016.0,cyanobacteria,high_confidence_stx_biosynthesis,sxtu,SXT_GENE,Influence of nitrogen availability on the expression of genes involved in the biosynthesis of saxitoxin and analogs in Cylindrospermopsis raciborskii.
cyano_all,STX_DOC_000164,2016.0,cyanobacteria,high_confidence_stx_biosynthesis,cyanobacteria,CYANO_TAXON,Influence of nitrogen availability on the expression of genes involved in the biosynthesis of saxitoxin and analogs in Cylindrospermopsis raciborskii.
cyano_all,STX_DOC_000164,2016.0,cyanobacteria,high_confidence_stx_biosynthesis,cyanobacterial,CYANO_TAXON,Influence of nitrogen availability on the expression of genes involved in the biosynthesis of saxitoxin and analogs in Cylindrospermopsis raciborskii.
cyano_all,STX_DOC_000164,2016.0,cyanobacteria,high_confidence_stx_biosynthesis,cylindrospermopsis,CYANO_TAXON,Influence of nitrogen availability on the expression of genes involved in the biosynthesis of saxitoxin and analogs in Cylindrospermopsis raciborskii.
cyano_all,STX_DOC_000164,2016.0,cyanobacteria,high_confidence_stx_biosynthesis,nitrogen,ENV_FACTOR,Influence of nitrogen availability on the expression of genes involved in the biosynthesis of saxitoxin and analogs in Cylindrospermopsis raciborskii.
cyano_all,STX_DOC_000164,2016.0,cyanobacteria,high_confidence_stx_biosynthesis,nitrate,ENV_FACTOR,Influence of nitrogen availability on the expression of genes involved in the biosynthesis of saxitoxin and analogs in Cylindrospermopsis raciborskii.
cyano_all,STX_DOC_000164,2016.0,cyanobacteria,high_confidence_stx_biosynthesis,nutrient,ENV_FACTOR,Influence of nitrogen availability on the expression of genes involved in the biosynthesis of saxitoxin and analogs in Cylindrospermopsis raciborskii.
cyano_all,STX_DOC_000164,2016.0,cyanobacteria,high_confidence_stx_biosynthesis,biosynthesis,BIOLOGICAL_PROCESS,Influence of nitrogen availability on the expression of genes involved in the biosynthesis of saxitoxin and analogs in Cylindrospermopsis raciborskii.
cyano_all,STX_DOC_000164,2016.0,cyanobacteria,high_confidence_stx_biosynthesis,expression,BIOLOGICAL_PROCESS,Influence of nitrogen availability on the expression of genes involved in the biosynthesis of saxitoxin and analogs in Cylindrospermopsis raciborskii.
cyano_all,STX_DOC_000166,2012.0,cross_taxa,dinoflagellate_stx,paralytic shellfish toxins,TOXIN,Investigation of extraction and analysis techniques for Lyngbya wollei derived Paralytic Shellfish Toxins.
cyano_all,STX_DOC_000166,2012.0,cross_taxa,dinoflagellate_stx,pst,TOXIN,Investigation of extraction and analysis techniques for Lyngbya wollei derived Paralytic Shellfish Toxins.
cyano_all,STX_DOC_000166,2012.0,cross_taxa,dinoflagellate_stx,psts,TOXIN,Investigation of extraction and analysis techniques for Lyngbya wollei derived Paralytic Shellfish Toxins.
cyano_all,STX_DOC_000166,2012.0,cross_taxa,dinoflagellate_stx,dinoflagellates,DINO_TAXON,Investigation of extraction and analysis techniques for Lyngbya wollei derived Paralytic Shellfish Toxins.
cyano_all,STX_DOC_000166,2012.0,cross_taxa,dinoflagellate_stx,cyanobacteria,CYANO_TAXON,Investigation of extraction and analysis techniques for Lyngbya wollei derived Paralytic Shellfish Toxins.
cyano_all,STX_DOC_000166,2012.0,cross_taxa,dinoflagellate_stx,cyanobacterium,CYANO_TAXON,Investigation of extraction and analysis techniques for Lyngbya wollei derived Paralytic Shellfish Toxins.
cyano_all,STX_DOC_000166,2012.0,cross_taxa,dinoflagellate_stx,lyngbya,CYANO_TAXON,Investigation of extraction and analysis techniques for Lyngbya wollei derived Paralytic Shellfish Toxins.
cyano_all,STX_DOC_000166,2012.0,cross_taxa,dinoflagellate_stx,toxin production,BIOLOGICAL_PROCESS,Investigation of extraction and analysis techniques for Lyngbya wollei derived Paralytic Shellfish Toxins.
cyano_all,STX_DOC_000166,2012.0,cross_taxa,dinoflagellate_stx,hplc,DETECTION_METHOD,Investigation of extraction and analysis techniques for Lyngbya wollei derived Paralytic Shellfish Toxins.
cyano_all,STX_DOC_000166,2012.0,cross_taxa,dinoflagellate_stx,mass spectrometry,DETECTION_METHOD,Investigation of extraction and analysis techniques for Lyngbya wollei derived Paralytic Shellfish Toxins.
cyano_all,STX_DOC_000168,2008.0,cyanobacteria,high_confidence_stx_biosynthesis,saxitoxin,TOXIN,Biosynthetic intermediate analysis and functional homology reveal a saxitoxin gene cluster in cyanobacteria.
cyano_all,STX_DOC_000168,2008.0,cyanobacteria,high_confidence_stx_biosynthesis,stx,TOXIN,Biosynthetic intermediate analysis and functional homology reveal a saxitoxin gene cluster in cyanobacteria.
cyano_all,STX_DOC_000168,2008.0,cyanobacteria,high_confidence_stx_biosynthesis,paralytic shellfish poisoning,TOXIN,Biosynthetic intermediate analysis and functional homology reveal a saxitoxin gene cluster in cyanobacteria.
cyano_all,STX_DOC_000168,2008.0,cyanobacteria,high_confidence_stx_biosynthesis,cyanobacteria,CYANO_TAXON,Biosynthetic intermediate analysis and functional homology reveal a saxitoxin gene cluster in cyanobacteria.
cyano_all,STX_DOC_000168,2008.0,cyanobacteria,high_confidence_stx_biosynthesis,cyanobacterium,CYANO_TAXON,Biosynthetic intermediate analysis and functional homology reveal a saxitoxin gene cluster in cyanobacteria.
cyano_all,STX_DOC_000168,2008.0,cyanobacteria,high_confidence_stx_biosynthesis,cylindrospermopsis,CYANO_TAXON,Biosynthetic intermediate analysis and functional homology reveal a saxitoxin gene cluster in cyanobacteria.
cyano_all,STX_DOC_000168,2008.0,cyanobacteria,high_confidence_stx_biosynthesis,biosynthesis,BIOLOGICAL_PROCESS,Biosynthetic intermediate analysis and functional homology reveal a saxitoxin gene cluster in cyanobacteria.
cyano_all,STX_DOC_000168,2008.0,cyanobacteria,high_confidence_stx_biosynthesis,toxin biosynthesis,BIOLOGICAL_PROCESS,Biosynthetic intermediate analysis and functional homology reveal a saxitoxin gene cluster in cyanobacteria.
cyano_all,STX_DOC_000168,2008.0,cyanobacteria,high_confidence_stx_biosynthesis,phylogenetic,BIOLOGICAL_PROCESS,Biosynthetic intermediate analysis and functional homology reveal a saxitoxin gene cluster in cyanobacteria.
cyano_all,STX_DOC_000168,2008.0,cyanobacteria,high_confidence_stx_biosynthesis,mass spectrometry,DETECTION_METHOD,Biosynthetic intermediate analysis and functional homology reveal a saxitoxin gene cluster in cyanobacteria.
cyano_all,STX_DOC_000170,2001.0,cyanobacteria,cyanobacteria_stx,saxitoxin,TOXIN,"PSP toxins from Aphanizomenon flos-aquae (cyanobacteria) collected in the Crestuma-Lever reservoir (Douro river, northern Portugal)."
cyano_all,STX_DOC_000170,2001.0,cyanobacteria,cyanobacteria_stx,neosaxitoxin,TOXIN,"PSP toxins from Aphanizomenon flos-aquae (cyanobacteria) collected in the Crestuma-Lever reservoir (Douro river, northern Portugal)."
cyano_all,STX_DOC_000170,2001.0,cyanobacteria,cyanobacteria_stx,paralytic shellfish poisoning,TOXIN,"PSP toxins from Aphanizomenon flos-aquae (cyanobacteria) collected in the Crestuma-Lever reservoir (Douro river, northern Portugal)."
cyano_all,STX_DOC_000170,2001.0,cyanobacteria,cyanobacteria_stx,cyanobacteria,CYANO_TAXON,"PSP toxins from Aphanizomenon flos-aquae (cyanobacteria) collected in the Crestuma-Lever reservoir (Douro river, northern Portugal)."
cyano_all,STX_DOC_000170,2001.0,cyanobacteria,cyanobacteria_stx,aphanizomenon,CYANO_TAXON,"PSP toxins from Aphanizomenon flos-aquae (cyanobacteria) collected in the Crestuma-Lever reservoir (Douro river, northern Portugal)."
cyano_all,STX_DOC_000170,2001.0,cyanobacteria,cyanobacteria_stx,bloom,ENV_FACTOR,"PSP toxins from Aphanizomenon flos-aquae (cyanobacteria) collected in the Crestuma-Lever reservoir (Douro river, northern Portugal)."
cyano_all,STX_DOC_000178,2018.0,cross_taxa,high_confidence_stx_biosynthesis,saxitoxin,TOXIN,"Guanidinium toxins: natural biogenic&#13;\norigin, chemistry, biosynthesis and biotechnological&#13;\napplications"
cyano_all,STX_DOC_000178,2018.0,cross_taxa,high_confidence_stx_biosynthesis,stx,TOXIN,"Guanidinium toxins: natural biogenic&#13;\norigin, chemistry, biosynthesis and biotechnological&#13;\napplications"
cyano_all,STX_DOC_000178,2018.0,cross_taxa,high_confidence_stx_biosynthesis,paralytic shellfish toxins,TOXIN,"Guanidinium toxins: natural biogenic&#13;\norigin, chemistry, biosynthesis and biotechnological&#13;\napplications"
cyano_all,STX_DOC_000178,2018.0,cross_taxa,high_confidence_stx_biosynthesis,pst,TOXIN,"Guanidinium toxins: natural biogenic&#13;\norigin, chemistry, biosynthesis and biotechnological&#13;\napplications"
cyano_all,STX_DOC_000178,2018.0,cross_taxa,high_confidence_stx_biosynthesis,dinoflagellate,DINO_TAXON,"Guanidinium toxins: natural biogenic&#13;\norigin, chemistry, biosynthesis and biotechnological&#13;\napplications"
cyano_all,STX_DOC_000178,2018.0,cross_taxa,high_confidence_stx_biosynthesis,dinoflagellates,DINO_TAXON,"Guanidinium toxins: natural biogenic&#13;\norigin, chemistry, biosynthesis and biotechnological&#13;\napplications"
cyano_all,STX_DOC_000178,2018.0,cross_taxa,high_confidence_stx_biosynthesis,cyanobacteria,CYANO_TAXON,"Guanidinium toxins: natural biogenic&#13;\norigin, chemistry, biosynthesis and biotechnological&#13;\napplications"
cyano_all,STX_DOC_000178,2018.0,cross_taxa,high_confidence_stx_biosynthesis,biosynthesis,BIOLOGICAL_PROCESS,"Guanidinium toxins: natural biogenic&#13;\norigin, chemistry, biosynthesis and biotechnological&#13;\napplications"
cyano_all,STX_DOC_000178,2018.0,cross_taxa,high_confidence_stx_biosynthesis,toxin biosynthesis,BIOLOGICAL_PROCESS,"Guanidinium toxins: natural biogenic&#13;\norigin, chemistry, biosynthesis and biotechnological&#13;\napplications"
cyano_all,STX_DOC_000178,2018.0,cross_taxa,high_confidence_stx_biosynthesis,phylogenetic,BIOLOGICAL_PROCESS,"Guanidinium toxins: natural biogenic&#13;\norigin, chemistry, biosynthesis and biotechnological&#13;\napplications"
cyano_all,STX_DOC_000178,2018.0,cross_taxa,high_confidence_stx_biosynthesis,horizontal gene transfer,BIOLOGICAL_PROCESS,"Guanidinium toxins: natural biogenic&#13;\norigin, chemistry, biosynthesis and biotechnological&#13;\napplications"
cyano_all,STX_DOC_000182,2016.0,cross_taxa,high_confidence_stx_biosynthesis,paralytic shellfish toxin,TOXIN,Paralytic shellfish toxin biosynthesis in cyanobacteria and dinoflagellates: A molecular overview.
cyano_all,STX_DOC_000182,2016.0,cross_taxa,high_confidence_stx_biosynthesis,paralytic shellfish toxins,TOXIN,Paralytic shellfish toxin biosynthesis in cyanobacteria and dinoflagellates: A molecular overview.
cyano_all,STX_DOC_000182,2016.0,cross_taxa,high_confidence_stx_biosynthesis,pst,TOXIN,Paralytic shellfish toxin biosynthesis in cyanobacteria and dinoflagellates: A molecular overview.
cyano_all,STX_DOC_000182,2016.0,cross_taxa,high_confidence_stx_biosynthesis,psts,TOXIN,Paralytic shellfish toxin biosynthesis in cyanobacteria and dinoflagellates: A molecular overview.
cyano_all,STX_DOC_000182,2016.0,cross_taxa,high_confidence_stx_biosynthesis,dinoflagellates,DINO_TAXON,Paralytic shellfish toxin biosynthesis in cyanobacteria and dinoflagellates: A molecular overview.
cyano_all,STX_DOC_000182,2016.0,cross_taxa,high_confidence_stx_biosynthesis,cyanobacteria,CYANO_TAXON,Paralytic shellfish toxin biosynthesis in cyanobacteria and dinoflagellates: A molecular overview.
cyano_all,STX_DOC_000182,2016.0,cross_taxa,high_confidence_stx_biosynthesis,cyanobacterial,CYANO_TAXON,Paralytic shellfish toxin biosynthesis in cyanobacteria and dinoflagellates: A molecular overview.
cyano_all,STX_DOC_000182,2016.0,cross_taxa,high_confidence_stx_biosynthesis,biosynthesis,BIOLOGICAL_PROCESS,Paralytic shellfish toxin biosynthesis in cyanobacteria and dinoflagellates: A molecular overview.
cyano_all,STX_DOC_000182,2016.0,cross_taxa,high_confidence_stx_biosynthesis,toxin biosynthesis,BIOLOGICAL_PROCESS,Paralytic shellfish toxin biosynthesis in cyanobacteria and dinoflagellates: A molecular overview.
cyano_all,STX_DOC_000182,2016.0,cross_taxa,high_confidence_stx_biosynthesis,regulation,BIOLOGICAL_PROCESS,Paralytic shellfish toxin biosynthesis in cyanobacteria and dinoflagellates: A molecular overview.
cyano_all,STX_DOC_000182,2016.0,cross_taxa,high_confidence_stx_biosynthesis,evolution,BIOLOGICAL_PROCESS,Paralytic shellfish toxin biosynthesis in cyanobacteria and dinoflagellates: A molecular overview.
cyano_all,STX_DOC_000183,2013.0,cyanobacteria,high_confidence_stx_biosynthesis,saxitoxin,TOXIN,Cylindrospermopsin and saxitoxin synthetase genes in Cylindrospermopsis raciborskii strains from Brazilian freshwater.
cyano_all,STX_DOC_000183,2013.0,cyanobacteria,high_confidence_stx_biosynthesis,stx,TOXIN,Cylindrospermopsin and saxitoxin synthetase genes in Cylindrospermopsis raciborskii strains from Brazilian freshwater.
cyano_all,STX_DOC_000183,2013.0,cyanobacteria,high_confidence_stx_biosynthesis,sxta,SXT_GENE,Cylindrospermopsin and saxitoxin synthetase genes in Cylindrospermopsis raciborskii strains from Brazilian freshwater.
cyano_all,STX_DOC_000183,2013.0,cyanobacteria,high_confidence_stx_biosynthesis,sxtb,SXT_GENE,Cylindrospermopsin and saxitoxin synthetase genes in Cylindrospermopsis raciborskii strains from Brazilian freshwater.
cyano_all,STX_DOC_000183,2013.0,cyanobacteria,high_confidence_stx_biosynthesis,sxti,SXT_GENE,Cylindrospermopsin and saxitoxin synthetase genes in Cylindrospermopsis raciborskii strains from Brazilian freshwater.
cyano_all,STX_DOC_000183,2013.0,cyanobacteria,high_confidence_stx_biosynthesis,cyanobacterial,CYANO_TAXON,Cylindrospermopsin and saxitoxin synthetase genes in Cylindrospermopsis raciborskii strains from Brazilian freshwater.
cyano_all,STX_DOC_000183,2013.0,cyanobacteria,high_confidence_stx_biosynthesis,cylindrospermopsis,CYANO_TAXON,Cylindrospermopsin and saxitoxin synthetase genes in Cylindrospermopsis raciborskii strains from Brazilian freshwater.
cyano_all,STX_DOC_000183,2013.0,cyanobacteria,high_confidence_stx_biosynthesis,phylogenetic,BIOLOGICAL_PROCESS,Cylindrospermopsin and saxitoxin synthetase genes in Cylindrospermopsis raciborskii strains from Brazilian freshwater.
cyano_all,STX_DOC_000183,2013.0,cyanobacteria,high_confidence_stx_biosynthesis,lc-ms,DETECTION_METHOD,Cylindrospermopsin and saxitoxin synthetase genes in Cylindrospermopsis raciborskii strains from Brazilian freshwater.
cyano_all,STX_DOC_000185,2012.0,cross_taxa,dinoflagellate_stx,saxitoxin,TOXIN,PSP toxin release from the cyanobacterium Raphidiopsis brookii D9 (Nostocales) can be induced by sodium and potassium ions.
cyano_all,STX_DOC_000185,2012.0,cross_taxa,dinoflagellate_stx,stx,TOXIN,PSP toxin release from the cyanobacterium Raphidiopsis brookii D9 (Nostocales) can be induced by sodium and potassium ions.
cyano_all,STX_DOC_000185,2012.0,cross_taxa,dinoflagellate_stx,paralytic shellfish poisoning,TOXIN,PSP toxin release from the cyanobacterium Raphidiopsis brookii D9 (Nostocales) can be induced by sodium and potassium ions.
cyano_all,STX_DOC_000185,2012.0,cross_taxa,dinoflagellate_stx,dinoflagellates,DINO_TAXON,PSP toxin release from the cyanobacterium Raphidiopsis brookii D9 (Nostocales) can be induced by sodium and potassium ions.
cyano_all,STX_DOC_000185,2012.0,cross_taxa,dinoflagellate_stx,cyanobacteria,CYANO_TAXON,PSP toxin release from the cyanobacterium Raphidiopsis brookii D9 (Nostocales) can be induced by sodium and potassium ions.
cyano_all,STX_DOC_000185,2012.0,cross_taxa,dinoflagellate_stx,cyanobacterium,CYANO_TAXON,PSP toxin release from the cyanobacterium Raphidiopsis brookii D9 (Nostocales) can be induced by sodium and potassium ions.
cyano_all,STX_DOC_000185,2012.0,cross_taxa,dinoflagellate_stx,toxin production,BIOLOGICAL_PROCESS,PSP toxin release from the cyanobacterium Raphidiopsis brookii D9 (Nostocales) can be induced by sodium and potassium ions.
cyano_all,STX_DOC_000186,2011.0,cross_taxa,high_confidence_stx_biosynthesis,saxitoxin,TOXIN,Discovery of nuclear-encoded genes for the neurotoxin saxitoxin in dinoflagellates.
cyano_all,STX_DOC_000186,2011.0,cross_taxa,high_confidence_stx_biosynthesis,paralytic shellfish poisoning,TOXIN,Discovery of nuclear-encoded genes for the neurotoxin saxitoxin in dinoflagellates.
cyano_all,STX_DOC_000186,2011.0,cross_taxa,high_confidence_stx_biosynthesis,sxta,SXT_GENE,Discovery of nuclear-encoded genes for the neurotoxin saxitoxin in dinoflagellates.
cyano_all,STX_DOC_000186,2011.0,cross_taxa,high_confidence_stx_biosynthesis,dinoflagellate,DINO_TAXON,Discovery of nuclear-encoded genes for the neurotoxin saxitoxin in dinoflagellates.
cyano_all,STX_DOC_000186,2011.0,cross_taxa,high_confidence_stx_biosynthesis,dinoflagellates,DINO_TAXON,Discovery of nuclear-encoded genes for the neurotoxin saxitoxin in dinoflagellates.
cyano_all,STX_DOC_000186,2011.0,cross_taxa,high_confidence_stx_biosynthesis,alexandrium,DINO_TAXON,Discovery of nuclear-encoded genes for the neurotoxin saxitoxin in dinoflagellates.
cyano_all,STX_DOC_000186,2011.0,cross_taxa,high_confidence_stx_biosynthesis,alexandrium fundyense,DINO_TAXON,Discovery of nuclear-encoded genes for the neurotoxin saxitoxin in dinoflagellates.
cyano_all,STX_DOC_000186,2011.0,cross_taxa,high_confidence_stx_biosynthesis,cyanobacteria,CYANO_TAXON,Discovery of nuclear-encoded genes for the neurotoxin saxitoxin in dinoflagellates.
cyano_all,STX_DOC_000186,2011.0,cross_taxa,high_confidence_stx_biosynthesis,cyanobacterial,CYANO_TAXON,Discovery of nuclear-encoded genes for the neurotoxin saxitoxin in dinoflagellates.
cyano_all,STX_DOC_000186,2011.0,cross_taxa,high_confidence_stx_biosynthesis,transcriptome,BIOLOGICAL_PROCESS,Discovery of nuclear-encoded genes for the neurotoxin saxitoxin in dinoflagellates.
cyano_all,STX_DOC_000190,2005.0,cyanobacteria,cyanobacteria_stx,saxitoxin,TOXIN,First report of saxitoxin in Finnish lakes and possible associated effects on human health
cyano_all,STX_DOC_000190,2005.0,cyanobacteria,cyanobacteria_stx,stx,TOXIN,First report of saxitoxin in Finnish lakes and possible associated effects on human health
cyano_all,STX_DOC_000190,2005.0,cyanobacteria,cyanobacteria_stx,paralytic shellfish toxins,TOXIN,First report of saxitoxin in Finnish lakes and possible associated effects on human health
cyano_all,STX_DOC_000190,2005.0,cyanobacteria,cyanobacteria_stx,pst,TOXIN,First report of saxitoxin in Finnish lakes and possible associated effects on human health
cyano_all,STX_DOC_000190,2005.0,cyanobacteria,cyanobacteria_stx,psts,TOXIN,First report of saxitoxin in Finnish lakes and possible associated effects on human health
cyano_all,STX_DOC_000190,2005.0,cyanobacteria,cyanobacteria_stx,cyanobacterial,CYANO_TAXON,First report of saxitoxin in Finnish lakes and possible associated effects on human health
cyano_all,STX_DOC_000190,2005.0,cyanobacteria,cyanobacteria_stx,anabaena,CYANO_TAXON,First report of saxitoxin in Finnish lakes and possible associated effects on human health
cyano_all,STX_DOC_000190,2005.0,cyanobacteria,cyanobacteria_stx,nitrogen,ENV_FACTOR,First report of saxitoxin in Finnish lakes and possible associated effects on human health
cyano_all,STX_DOC_000190,2005.0,cyanobacteria,cyanobacteria_stx,phosphorus,ENV_FACTOR,First report of saxitoxin in Finnish lakes and possible associated effects on human health
cyano_all,STX_DOC_000190,2005.0,cyanobacteria,cyanobacteria_stx,bloom,ENV_FACTOR,First report of saxitoxin in Finnish lakes and possible associated effects on human health
cyano_all,STX_DOC_000191,2005.0,cyanobacteria,cyanobacteria_stx,saxitoxin,TOXIN,First report of saxitoxin in Finnish lakes and possible associated effects on human health.
cyano_all,STX_DOC_000191,2005.0,cyanobacteria,cyanobacteria_stx,stx,TOXIN,First report of saxitoxin in Finnish lakes and possible associated effects on human health.
cyano_all,STX_DOC_000191,2005.0,cyanobacteria,cyanobacteria_stx,paralytic shellfish toxins,TOXIN,First report of saxitoxin in Finnish lakes and possible associated effects on human health.
cyano_all,STX_DOC_000191,2005.0,cyanobacteria,cyanobacteria_stx,pst,TOXIN,First report of saxitoxin in Finnish lakes and possible associated effects on human health.
cyano_all,STX_DOC_000191,2005.0,cyanobacteria,cyanobacteria_stx,psts,TOXIN,First report of saxitoxin in Finnish lakes and possible associated effects on human health.
cyano_all,STX_DOC_000191,2005.0,cyanobacteria,cyanobacteria_stx,cyanobacterial,CYANO_TAXON,First report of saxitoxin in Finnish lakes and possible associated effects on human health.
cyano_all,STX_DOC_000191,2005.0,cyanobacteria,cyanobacteria_stx,anabaena,CYANO_TAXON,First report of saxitoxin in Finnish lakes and possible associated effects on human health.
cyano_all,STX_DOC_000191,2005.0,cyanobacteria,cyanobacteria_stx,nitrogen,ENV_FACTOR,First report of saxitoxin in Finnish lakes and possible associated effects on human health.
cyano_all,STX_DOC_000191,2005.0,cyanobacteria,cyanobacteria_stx,phosphorus,ENV_FACTOR,First report of saxitoxin in Finnish lakes and possible associated effects on human health.
cyano_all,STX_DOC_000191,2005.0,cyanobacteria,cyanobacteria_stx,bloom,ENV_FACTOR,First report of saxitoxin in Finnish lakes and possible associated effects on human health.
cyano_all,STX_DOC_000192,2003.0,cross_taxa,dinoflagellate_stx,saxitoxin,TOXIN,"GTX(4) imposters: characterization of fluorescent compounds synthesized by Pseudomonas stutzeri SF/PS and Pseudomonas/Alteromonas PTB-1, symbionts of saxitoxin-producing Alexandrium spp."
cyano_all,STX_DOC_000192,2003.0,cross_taxa,dinoflagellate_stx,gtx,TOXIN,"GTX(4) imposters: characterization of fluorescent compounds synthesized by Pseudomonas stutzeri SF/PS and Pseudomonas/Alteromonas PTB-1, symbionts of saxitoxin-producing Alexandrium spp."
cyano_all,STX_DOC_000192,2003.0,cross_taxa,dinoflagellate_stx,paralytic shellfish poisoning,TOXIN,"GTX(4) imposters: characterization of fluorescent compounds synthesized by Pseudomonas stutzeri SF/PS and Pseudomonas/Alteromonas PTB-1, symbionts of saxitoxin-producing Alexandrium spp."
cyano_all,STX_DOC_000192,2003.0,cross_taxa,dinoflagellate_stx,dinoflagellates,DINO_TAXON,"GTX(4) imposters: characterization of fluorescent compounds synthesized by Pseudomonas stutzeri SF/PS and Pseudomonas/Alteromonas PTB-1, symbionts of saxitoxin-producing Alexandrium spp."
cyano_all,STX_DOC_000192,2003.0,cross_taxa,dinoflagellate_stx,alexandrium,DINO_TAXON,"GTX(4) imposters: characterization of fluorescent compounds synthesized by Pseudomonas stutzeri SF/PS and Pseudomonas/Alteromonas PTB-1, symbionts of saxitoxin-producing Alexandrium spp."
cyano_all,STX_DOC_000192,2003.0,cross_taxa,dinoflagellate_stx,alexandrium minutum,DINO_TAXON,"GTX(4) imposters: characterization of fluorescent compounds synthesized by Pseudomonas stutzeri SF/PS and Pseudomonas/Alteromonas PTB-1, symbionts of saxitoxin-producing Alexandrium spp."
cyano_all,STX_DOC_000192,2003.0,cross_taxa,dinoflagellate_stx,alexandrium tamarense,DINO_TAXON,"GTX(4) imposters: characterization of fluorescent compounds synthesized by Pseudomonas stutzeri SF/PS and Pseudomonas/Alteromonas PTB-1, symbionts of saxitoxin-producing Alexandrium spp."
cyano_all,STX_DOC_000192,2003.0,cross_taxa,dinoflagellate_stx,cyanobacteria,CYANO_TAXON,"GTX(4) imposters: characterization of fluorescent compounds synthesized by Pseudomonas stutzeri SF/PS and Pseudomonas/Alteromonas PTB-1, symbionts of saxitoxin-producing Alexandrium spp."
cyano_all,STX_DOC_000192,2003.0,cross_taxa,dinoflagellate_stx,hplc,DETECTION_METHOD,"GTX(4) imposters: characterization of fluorescent compounds synthesized by Pseudomonas stutzeri SF/PS and Pseudomonas/Alteromonas PTB-1, symbionts of saxitoxin-producing Alexandrium spp."
cyano_all,STX_DOC_000197,,cyanobacteria,high_confidence_stx_biosynthesis,saxitoxin,TOXIN,Analysis of promoter regions in the saxitoxin gene cluster identifies potential bottlenecks in heterologous biosynthesis
cyano_all,STX_DOC_000197,,cyanobacteria,high_confidence_stx_biosynthesis,paralytic shellfish toxins,TOXIN,Analysis of promoter regions in the saxitoxin gene cluster identifies potential bottlenecks in heterologous biosynthesis
cyano_all,STX_DOC_000197,,cyanobacteria,high_confidence_stx_biosynthesis,pst,TOXIN,Analysis of promoter regions in the saxitoxin gene cluster identifies potential bottlenecks in heterologous biosynthesis
cyano_all,STX_DOC_000197,,cyanobacteria,high_confidence_stx_biosynthesis,psts,TOXIN,Analysis of promoter regions in the saxitoxin gene cluster identifies potential bottlenecks in heterologous biosynthesis
cyano_all,STX_DOC_000197,,cyanobacteria,high_confidence_stx_biosynthesis,sxtd,SXT_GENE,Analysis of promoter regions in the saxitoxin gene cluster identifies potential bottlenecks in heterologous biosynthesis
cyano_all,STX_DOC_000197,,cyanobacteria,high_confidence_stx_biosynthesis,cyanobacterium,CYANO_TAXON,Analysis of promoter regions in the saxitoxin gene cluster identifies potential bottlenecks in heterologous biosynthesis
cyano_all,STX_DOC_000197,,cyanobacteria,high_confidence_stx_biosynthesis,dolichospermum,CYANO_TAXON,Analysis of promoter regions in the saxitoxin gene cluster identifies potential bottlenecks in heterologous biosynthesis
cyano_all,STX_DOC_000197,,cyanobacteria,high_confidence_stx_biosynthesis,bloom,ENV_FACTOR,Analysis of promoter regions in the saxitoxin gene cluster identifies potential bottlenecks in heterologous biosynthesis
cyano_all,STX_DOC_000197,,cyanobacteria,high_confidence_stx_biosynthesis,biosynthesis,BIOLOGICAL_PROCESS,Analysis of promoter regions in the saxitoxin gene cluster identifies potential bottlenecks in heterologous biosynthesis
cyano_all,STX_DOC_000197,,cyanobacteria,high_confidence_stx_biosynthesis,expression,BIOLOGICAL_PROCESS,Analysis of promoter regions in the saxitoxin gene cluster identifies potential bottlenecks in heterologous biosynthesis
cyano_all,STX_DOC_000197,,cyanobacteria,high_confidence_stx_biosynthesis,transcription,BIOLOGICAL_PROCESS,Analysis of promoter regions in the saxitoxin gene cluster identifies potential bottlenecks in heterologous biosynthesis
cyano_all,STX_DOC_000200,2024.0,cyanobacteria,high_confidence_stx_biosynthesis,saxitoxin,TOXIN,Genetic Characterization of Saxitoxin Producing Cyanobacteria Associated with Western Lake Erie Harmful Algal Blooms
cyano_all,STX_DOC_000200,2024.0,cyanobacteria,high_confidence_stx_biosynthesis,stx,TOXIN,Genetic Characterization of Saxitoxin Producing Cyanobacteria Associated with Western Lake Erie Harmful Algal Blooms
cyano_all,STX_DOC_000200,2024.0,cyanobacteria,high_confidence_stx_biosynthesis,sxt genes,SXT_GENE,Genetic Characterization of Saxitoxin Producing Cyanobacteria Associated with Western Lake Erie Harmful Algal Blooms
cyano_all,STX_DOC_000200,2024.0,cyanobacteria,high_confidence_stx_biosynthesis,cyanobacteria,CYANO_TAXON,Genetic Characterization of Saxitoxin Producing Cyanobacteria Associated with Western Lake Erie Harmful Algal Blooms
cyano_all,STX_DOC_000200,2024.0,cyanobacteria,high_confidence_stx_biosynthesis,aphanizomenon,CYANO_TAXON,Genetic Characterization of Saxitoxin Producing Cyanobacteria Associated with Western Lake Erie Harmful Algal Blooms
cyano_all,STX_DOC_000200,2024.0,cyanobacteria,high_confidence_stx_biosynthesis,dolichospermum,CYANO_TAXON,Genetic Characterization of Saxitoxin Producing Cyanobacteria Associated with Western Lake Erie Harmful Algal Blooms
cyano_all,STX_DOC_000200,2024.0,cyanobacteria,high_confidence_stx_biosynthesis,anabaena,CYANO_TAXON,Genetic Characterization of Saxitoxin Producing Cyanobacteria Associated with Western Lake Erie Harmful Algal Blooms
cyano_all,STX_DOC_000200,2024.0,cyanobacteria,high_confidence_stx_biosynthesis,biosynthesis,BIOLOGICAL_PROCESS,Genetic Characterization of Saxitoxin Producing Cyanobacteria Associated with Western Lake Erie Harmful Algal Blooms
cyano_all,STX_DOC_000200,2024.0,cyanobacteria,high_confidence_stx_biosynthesis,horizontal gene transfer,BIOLOGICAL_PROCESS,Genetic Characterization of Saxitoxin Producing Cyanobacteria Associated with Western Lake Erie Harmful Algal Blooms
cyano_all,STX_DOC_000200,2024.0,cyanobacteria,high_confidence_stx_biosynthesis,gene loss,BIOLOGICAL_PROCESS,Genetic Characterization of Saxitoxin Producing Cyanobacteria Associated with Western Lake Erie Harmful Algal Blooms
cyano_all,STX_DOC_000201,2023.0,cyanobacteria,cyanobacteria_stx,saxitoxin,TOXIN,The Role of Heterocysts in Cyanotoxin Production during Nitrogen Limitation.
cyano_all,STX_DOC_000201,2023.0,cyanobacteria,cyanobacteria_stx,stx,TOXIN,The Role of Heterocysts in Cyanotoxin Production during Nitrogen Limitation.
cyano_all,STX_DOC_000201,2023.0,cyanobacteria,cyanobacteria_stx,neosaxitoxin,TOXIN,The Role of Heterocysts in Cyanotoxin Production during Nitrogen Limitation.
cyano_all,STX_DOC_000201,2023.0,cyanobacteria,cyanobacteria_stx,paralytic shellfish toxin,TOXIN,The Role of Heterocysts in Cyanotoxin Production during Nitrogen Limitation.
cyano_all,STX_DOC_000201,2023.0,cyanobacteria,cyanobacteria_stx,pst,TOXIN,The Role of Heterocysts in Cyanotoxin Production during Nitrogen Limitation.
cyano_all,STX_DOC_000201,2023.0,cyanobacteria,cyanobacteria_stx,cyanobacteria,CYANO_TAXON,The Role of Heterocysts in Cyanotoxin Production during Nitrogen Limitation.
cyano_all,STX_DOC_000201,2023.0,cyanobacteria,cyanobacteria_stx,aphanizomenon,CYANO_TAXON,The Role of Heterocysts in Cyanotoxin Production during Nitrogen Limitation.
cyano_all,STX_DOC_000201,2023.0,cyanobacteria,cyanobacteria_stx,nitrogen,ENV_FACTOR,The Role of Heterocysts in Cyanotoxin Production during Nitrogen Limitation.
cyano_all,STX_DOC_000201,2023.0,cyanobacteria,cyanobacteria_stx,nutrient,ENV_FACTOR,The Role of Heterocysts in Cyanotoxin Production during Nitrogen Limitation.
cyano_all,STX_DOC_000201,2023.0,cyanobacteria,cyanobacteria_stx,hplc,DETECTION_METHOD,The Role of Heterocysts in Cyanotoxin Production during Nitrogen Limitation.
cyano_all,STX_DOC_000205,2020.0,cyanobacteria,high_confidence_stx_biosynthesis,saxitoxin,TOXIN,"Spatial and temporal variability of cyanobacteria in two subtropical reservoirs: community composition, molecular and cyanotoxin analyses"
cyano_all,STX_DOC_000205,2020.0,cyanobacteria,high_confidence_stx_biosynthesis,stx,TOXIN,"Spatial and temporal variability of cyanobacteria in two subtropical reservoirs: community composition, molecular and cyanotoxin analyses"
cyano_all,STX_DOC_000205,2020.0,cyanobacteria,high_confidence_stx_biosynthesis,sxta,SXT_GENE,"Spatial and temporal variability of cyanobacteria in two subtropical reservoirs: community composition, molecular and cyanotoxin analyses"
cyano_all,STX_DOC_000205,2020.0,cyanobacteria,high_confidence_stx_biosynthesis,cyanobacteria,CYANO_TAXON,"Spatial and temporal variability of cyanobacteria in two subtropical reservoirs: community composition, molecular and cyanotoxin analyses"
cyano_all,STX_DOC_000205,2020.0,cyanobacteria,high_confidence_stx_biosynthesis,cyanobacterium,CYANO_TAXON,"Spatial and temporal variability of cyanobacteria in two subtropical reservoirs: community composition, molecular and cyanotoxin analyses"
cyano_all,STX_DOC_000205,2020.0,cyanobacteria,high_confidence_stx_biosynthesis,cyanobacterial,CYANO_TAXON,"Spatial and temporal variability of cyanobacteria in two subtropical reservoirs: community composition, molecular and cyanotoxin analyses"
cyano_all,STX_DOC_000205,2020.0,cyanobacteria,high_confidence_stx_biosynthesis,aphanizomenon,CYANO_TAXON,"Spatial and temporal variability of cyanobacteria in two subtropical reservoirs: community composition, molecular and cyanotoxin analyses"
cyano_all,STX_DOC_000205,2020.0,cyanobacteria,high_confidence_stx_biosynthesis,nitrogen,ENV_FACTOR,"Spatial and temporal variability of cyanobacteria in two subtropical reservoirs: community composition, molecular and cyanotoxin analyses"
cyano_all,STX_DOC_000205,2020.0,cyanobacteria,high_confidence_stx_biosynthesis,phosphorus,ENV_FACTOR,"Spatial and temporal variability of cyanobacteria in two subtropical reservoirs: community composition, molecular and cyanotoxin analyses"
cyano_all,STX_DOC_000205,2020.0,cyanobacteria,high_confidence_stx_biosynthesis,nutrients,ENV_FACTOR,"Spatial and temporal variability of cyanobacteria in two subtropical reservoirs: community composition, molecular and cyanotoxin analyses"
cyano_all,STX_DOC_000205,2020.0,cyanobacteria,high_confidence_stx_biosynthesis,toxicity,BIOLOGICAL_PROCESS,"Spatial and temporal variability of cyanobacteria in two subtropical reservoirs: community composition, molecular and cyanotoxin analyses"
cyano_all,STX_DOC_000205,2020.0,cyanobacteria,high_confidence_stx_biosynthesis,toxin production,BIOLOGICAL_PROCESS,"Spatial and temporal variability of cyanobacteria in two subtropical reservoirs: community composition, molecular and cyanotoxin analyses"
cyano_all,STX_DOC_000205,2020.0,cyanobacteria,high_confidence_stx_biosynthesis,lc-ms,DETECTION_METHOD,"Spatial and temporal variability of cyanobacteria in two subtropical reservoirs: community composition, molecular and cyanotoxin analyses"
cyano_all,STX_DOC_000205,2020.0,cyanobacteria,high_confidence_stx_biosynthesis,elisa,DETECTION_METHOD,"Spatial and temporal variability of cyanobacteria in two subtropical reservoirs: community composition, molecular and cyanotoxin analyses"
cyano_all,STX_DOC_000206,2020.0,cyanobacteria,high_confidence_stx_biosynthesis,saxitoxin,TOXIN,Identification of promoter elements in the Dolichospermum circinale AWQC131C saxitoxin gene cluster and the experimental analysis of their use for heterologous expression.
cyano_all,STX_DOC_000206,2020.0,cyanobacteria,high_confidence_stx_biosynthesis,paralytic shellfish toxins,TOXIN,Identification of promoter elements in the Dolichospermum circinale AWQC131C saxitoxin gene cluster and the experimental analysis of their use for heterologous expression.
cyano_all,STX_DOC_000206,2020.0,cyanobacteria,high_confidence_stx_biosynthesis,pst,TOXIN,Identification of promoter elements in the Dolichospermum circinale AWQC131C saxitoxin gene cluster and the experimental analysis of their use for heterologous expression.
cyano_all,STX_DOC_000206,2020.0,cyanobacteria,high_confidence_stx_biosynthesis,psts,TOXIN,Identification of promoter elements in the Dolichospermum circinale AWQC131C saxitoxin gene cluster and the experimental analysis of their use for heterologous expression.
cyano_all,STX_DOC_000206,2020.0,cyanobacteria,high_confidence_stx_biosynthesis,sxtd,SXT_GENE,Identification of promoter elements in the Dolichospermum circinale AWQC131C saxitoxin gene cluster and the experimental analysis of their use for heterologous expression.
cyano_all,STX_DOC_000206,2020.0,cyanobacteria,high_confidence_stx_biosynthesis,cyanobacterium,CYANO_TAXON,Identification of promoter elements in the Dolichospermum circinale AWQC131C saxitoxin gene cluster and the experimental analysis of their use for heterologous expression.
cyano_all,STX_DOC_000206,2020.0,cyanobacteria,high_confidence_stx_biosynthesis,dolichospermum,CYANO_TAXON,Identification of promoter elements in the Dolichospermum circinale AWQC131C saxitoxin gene cluster and the experimental analysis of their use for heterologous expression.
cyano_all,STX_DOC_000206,2020.0,cyanobacteria,high_confidence_stx_biosynthesis,bloom,ENV_FACTOR,Identification of promoter elements in the Dolichospermum circinale AWQC131C saxitoxin gene cluster and the experimental analysis of their use for heterologous expression.
cyano_all,STX_DOC_000206,2020.0,cyanobacteria,high_confidence_stx_biosynthesis,biosynthesis,BIOLOGICAL_PROCESS,Identification of promoter elements in the Dolichospermum circinale AWQC131C saxitoxin gene cluster and the experimental analysis of their use for heterologous expression.
cyano_all,STX_DOC_000206,2020.0,cyanobacteria,high_confidence_stx_biosynthesis,expression,BIOLOGICAL_PROCESS,Identification of promoter elements in the Dolichospermum circinale AWQC131C saxitoxin gene cluster and the experimental analysis of their use for heterologous expression.
cyano_all,STX_DOC_000206,2020.0,cyanobacteria,high_confidence_stx_biosynthesis,transcription,BIOLOGICAL_PROCESS,Identification of promoter elements in the Dolichospermum circinale AWQC131C saxitoxin gene cluster and the experimental analysis of their use for heterologous expression.
cyano_all,STX_DOC_000207,2020.0,cyanobacteria,high_confidence_stx_biosynthesis,saxitoxin,TOXIN,"Variabilidade espaço-temporal de cianobactérias em dois reservatórios subtropicais: composição da comunidade, análises moleculares e de cianotoxinas"
cyano_all,STX_DOC_000207,2020.0,cyanobacteria,high_confidence_stx_biosynthesis,stx,TOXIN,"Variabilidade espaço-temporal de cianobactérias em dois reservatórios subtropicais: composição da comunidade, análises moleculares e de cianotoxinas"
cyano_all,STX_DOC_000207,2020.0,cyanobacteria,high_confidence_stx_biosynthesis,sxta,SXT_GENE,"Variabilidade espaço-temporal de cianobactérias em dois reservatórios subtropicais: composição da comunidade, análises moleculares e de cianotoxinas"
cyano_all,STX_DOC_000207,2020.0,cyanobacteria,high_confidence_stx_biosynthesis,cyanobacteria,CYANO_TAXON,"Variabilidade espaço-temporal de cianobactérias em dois reservatórios subtropicais: composição da comunidade, análises moleculares e de cianotoxinas"
cyano_all,STX_DOC_000207,2020.0,cyanobacteria,high_confidence_stx_biosynthesis,cyanobacterium,CYANO_TAXON,"Variabilidade espaço-temporal de cianobactérias em dois reservatórios subtropicais: composição da comunidade, análises moleculares e de cianotoxinas"
cyano_all,STX_DOC_000207,2020.0,cyanobacteria,high_confidence_stx_biosynthesis,cyanobacterial,CYANO_TAXON,"Variabilidade espaço-temporal de cianobactérias em dois reservatórios subtropicais: composição da comunidade, análises moleculares e de cianotoxinas"
cyano_all,STX_DOC_000207,2020.0,cyanobacteria,high_confidence_stx_biosynthesis,aphanizomenon,CYANO_TAXON,"Variabilidade espaço-temporal de cianobactérias em dois reservatórios subtropicais: composição da comunidade, análises moleculares e de cianotoxinas"
cyano_all,STX_DOC_000207,2020.0,cyanobacteria,high_confidence_stx_biosynthesis,nitrogen,ENV_FACTOR,"Variabilidade espaço-temporal de cianobactérias em dois reservatórios subtropicais: composição da comunidade, análises moleculares e de cianotoxinas"
cyano_all,STX_DOC_000207,2020.0,cyanobacteria,high_confidence_stx_biosynthesis,phosphorus,ENV_FACTOR,"Variabilidade espaço-temporal de cianobactérias em dois reservatórios subtropicais: composição da comunidade, análises moleculares e de cianotoxinas"
cyano_all,STX_DOC_000207,2020.0,cyanobacteria,high_confidence_stx_biosynthesis,nutrients,ENV_FACTOR,"Variabilidade espaço-temporal de cianobactérias em dois reservatórios subtropicais: composição da comunidade, análises moleculares e de cianotoxinas"
cyano_all,STX_DOC_000207,2020.0,cyanobacteria,high_confidence_stx_biosynthesis,toxicity,BIOLOGICAL_PROCESS,"Variabilidade espaço-temporal de cianobactérias em dois reservatórios subtropicais: composição da comunidade, análises moleculares e de cianotoxinas"
cyano_all,STX_DOC_000207,2020.0,cyanobacteria,high_confidence_stx_biosynthesis,toxin production,BIOLOGICAL_PROCESS,"Variabilidade espaço-temporal de cianobactérias em dois reservatórios subtropicais: composição da comunidade, análises moleculares e de cianotoxinas"
cyano_all,STX_DOC_000207,2020.0,cyanobacteria,high_confidence_stx_biosynthesis,lc-ms,DETECTION_METHOD,"Variabilidade espaço-temporal de cianobactérias em dois reservatórios subtropicais: composição da comunidade, análises moleculares e de cianotoxinas"
cyano_all,STX_DOC_000207,2020.0,cyanobacteria,high_confidence_stx_biosynthesis,elisa,DETECTION_METHOD,"Variabilidade espaço-temporal de cianobactérias em dois reservatórios subtropicais: composição da comunidade, análises moleculares e de cianotoxinas"
cyano_all,STX_DOC_000208,2019.0,cross_taxa,dinoflagellate_stx,saxitoxin,TOXIN,Biocatalytic Detoxification of Paralytic Shellfish Toxins.
cyano_all,STX_DOC_000208,2019.0,cross_taxa,dinoflagellate_stx,paralytic shellfish toxins,TOXIN,Biocatalytic Detoxification of Paralytic Shellfish Toxins.
cyano_all,STX_DOC_000208,2019.0,cross_taxa,dinoflagellate_stx,pst,TOXIN,Biocatalytic Detoxification of Paralytic Shellfish Toxins.
cyano_all,STX_DOC_000208,2019.0,cross_taxa,dinoflagellate_stx,psts,TOXIN,Biocatalytic Detoxification of Paralytic Shellfish Toxins.
cyano_all,STX_DOC_000208,2019.0,cross_taxa,dinoflagellate_stx,dinoflagellates,DINO_TAXON,Biocatalytic Detoxification of Paralytic Shellfish Toxins.
cyano_all,STX_DOC_000208,2019.0,cross_taxa,dinoflagellate_stx,cyanobacteria,CYANO_TAXON,Biocatalytic Detoxification of Paralytic Shellfish Toxins.
cyano_all,STX_DOC_000208,2019.0,cross_taxa,dinoflagellate_stx,cyanobacterial,CYANO_TAXON,Biocatalytic Detoxification of Paralytic Shellfish Toxins.
cyano_all,STX_DOC_000208,2019.0,cross_taxa,dinoflagellate_stx,biosynthesis,BIOLOGICAL_PROCESS,Biocatalytic Detoxification of Paralytic Shellfish Toxins.
cyano_all,STX_DOC_000208,2019.0,cross_taxa,dinoflagellate_stx,toxicity,BIOLOGICAL_PROCESS,Biocatalytic Detoxification of Paralytic Shellfish Toxins.
cyano_all,STX_DOC_000216,2013.0,cyanobacteria,high_confidence_stx_biosynthesis,paralytic shellfish toxins,TOXIN,"Rapid, multiplex-tandem PCR assay for automated detection and differentiation of toxigenic cyanobacterial blooms."
cyano_all,STX_DOC_000216,2013.0,cyanobacteria,high_confidence_stx_biosynthesis,psts,TOXIN,"Rapid, multiplex-tandem PCR assay for automated detection and differentiation of toxigenic cyanobacterial blooms."
cyano_all,STX_DOC_000216,2013.0,cyanobacteria,high_confidence_stx_biosynthesis,sxts,SXT_GENE,"Rapid, multiplex-tandem PCR assay for automated detection and differentiation of toxigenic cyanobacterial blooms."
cyano_all,STX_DOC_000216,2013.0,cyanobacteria,high_confidence_stx_biosynthesis,cyanobacteria,CYANO_TAXON,"Rapid, multiplex-tandem PCR assay for automated detection and differentiation of toxigenic cyanobacterial blooms."
cyano_all,STX_DOC_000216,2013.0,cyanobacteria,high_confidence_stx_biosynthesis,cyanobacterial,CYANO_TAXON,"Rapid, multiplex-tandem PCR assay for automated detection and differentiation of toxigenic cyanobacterial blooms."
cyano_all,STX_DOC_000216,2013.0,cyanobacteria,high_confidence_stx_biosynthesis,biosynthesis,BIOLOGICAL_PROCESS,"Rapid, multiplex-tandem PCR assay for automated detection and differentiation of toxigenic cyanobacterial blooms."
cyano_all,STX_DOC_000216,2013.0,cyanobacteria,high_confidence_stx_biosynthesis,toxin biosynthesis,BIOLOGICAL_PROCESS,"Rapid, multiplex-tandem PCR assay for automated detection and differentiation of toxigenic cyanobacterial blooms."
cyano_all,STX_DOC_000220,2007.0,cyanobacteria,high_confidence_stx_biosynthesis,saxitoxin,TOXIN,BIOCHEMICAL CHARACTERIZATION OF PARALYTIC SHELLFISH TOXIN BIOSYNTHESIS IN VITRO<sup>1</sup>
cyano_all,STX_DOC_000220,2007.0,cyanobacteria,high_confidence_stx_biosynthesis,stx,TOXIN,BIOCHEMICAL CHARACTERIZATION OF PARALYTIC SHELLFISH TOXIN BIOSYNTHESIS IN VITRO<sup>1</sup>
cyano_all,STX_DOC_000220,2007.0,cyanobacteria,high_confidence_stx_biosynthesis,paralytic shellfish toxin,TOXIN,BIOCHEMICAL CHARACTERIZATION OF PARALYTIC SHELLFISH TOXIN BIOSYNTHESIS IN VITRO<sup>1</sup>
cyano_all,STX_DOC_000220,2007.0,cyanobacteria,high_confidence_stx_biosynthesis,paralytic shellfish poisoning,TOXIN,BIOCHEMICAL CHARACTERIZATION OF PARALYTIC SHELLFISH TOXIN BIOSYNTHESIS IN VITRO<sup>1</sup>
cyano_all,STX_DOC_000220,2007.0,cyanobacteria,high_confidence_stx_biosynthesis,cyanobacterium,CYANO_TAXON,BIOCHEMICAL CHARACTERIZATION OF PARALYTIC SHELLFISH TOXIN BIOSYNTHESIS IN VITRO<sup>1</sup>
cyano_all,STX_DOC_000220,2007.0,cyanobacteria,high_confidence_stx_biosynthesis,cylindrospermopsis,CYANO_TAXON,BIOCHEMICAL CHARACTERIZATION OF PARALYTIC SHELLFISH TOXIN BIOSYNTHESIS IN VITRO<sup>1</sup>
cyano_all,STX_DOC_000220,2007.0,cyanobacteria,high_confidence_stx_biosynthesis,phosphate,ENV_FACTOR,BIOCHEMICAL CHARACTERIZATION OF PARALYTIC SHELLFISH TOXIN BIOSYNTHESIS IN VITRO<sup>1</sup>
cyano_all,STX_DOC_000220,2007.0,cyanobacteria,high_confidence_stx_biosynthesis,biosynthesis,BIOLOGICAL_PROCESS,BIOCHEMICAL CHARACTERIZATION OF PARALYTIC SHELLFISH TOXIN BIOSYNTHESIS IN VITRO<sup>1</sup>
cyano_all,STX_DOC_000220,2007.0,cyanobacteria,high_confidence_stx_biosynthesis,toxin biosynthesis,BIOLOGICAL_PROCESS,BIOCHEMICAL CHARACTERIZATION OF PARALYTIC SHELLFISH TOXIN BIOSYNTHESIS IN VITRO<sup>1</sup>
cyano_all,STX_DOC_000221,2004.0,cyanobacteria,cyanobacteria_stx,saxitoxin,TOXIN,Accumulation and depuration of cyanobacterial paralytic shellfish toxins by the freshwater mussel Anodonta cygnea.
cyano_all,STX_DOC_000221,2004.0,cyanobacteria,cyanobacteria_stx,gonyautoxin,TOXIN,Accumulation and depuration of cyanobacterial paralytic shellfish toxins by the freshwater mussel Anodonta cygnea.
cyano_all,STX_DOC_000221,2004.0,cyanobacteria,cyanobacteria_stx,paralytic shellfish toxins,TOXIN,Accumulation and depuration of cyanobacterial paralytic shellfish toxins by the freshwater mussel Anodonta cygnea.
cyano_all,STX_DOC_000221,2004.0,cyanobacteria,cyanobacteria_stx,pst,TOXIN,Accumulation and depuration of cyanobacterial paralytic shellfish toxins by the freshwater mussel Anodonta cygnea.
cyano_all,STX_DOC_000221,2004.0,cyanobacteria,cyanobacteria_stx,cyanobacteria,CYANO_TAXON,Accumulation and depuration of cyanobacterial paralytic shellfish toxins by the freshwater mussel Anodonta cygnea.
cyano_all,STX_DOC_000221,2004.0,cyanobacteria,cyanobacteria_stx,cyanobacterium,CYANO_TAXON,Accumulation and depuration of cyanobacterial paralytic shellfish toxins by the freshwater mussel Anodonta cygnea.
cyano_all,STX_DOC_000221,2004.0,cyanobacteria,cyanobacteria_stx,cyanobacterial,CYANO_TAXON,Accumulation and depuration of cyanobacterial paralytic shellfish toxins by the freshwater mussel Anodonta cygnea.
cyano_all,STX_DOC_000221,2004.0,cyanobacteria,cyanobacteria_stx,aphanizomenon,CYANO_TAXON,Accumulation and depuration of cyanobacterial paralytic shellfish toxins by the freshwater mussel Anodonta cygnea.
cyano_all,STX_DOC_000221,2004.0,cyanobacteria,cyanobacteria_stx,bloom,ENV_FACTOR,Accumulation and depuration of cyanobacterial paralytic shellfish toxins by the freshwater mussel Anodonta cygnea.
cyano_all,STX_DOC_000221,2004.0,cyanobacteria,cyanobacteria_stx,hplc,DETECTION_METHOD,Accumulation and depuration of cyanobacterial paralytic shellfish toxins by the freshwater mussel Anodonta cygnea.
cyano_all,STX_DOC_000226,2024.0,cross_taxa,dinoflagellate_stx,saxitoxin,TOXIN,Saxitoxin
cyano_all,STX_DOC_000226,2024.0,cross_taxa,dinoflagellate_stx,stx,TOXIN,Saxitoxin
cyano_all,STX_DOC_000226,2024.0,cross_taxa,dinoflagellate_stx,paralytic shellfish toxins,TOXIN,Saxitoxin
cyano_all,STX_DOC_000226,2024.0,cross_taxa,dinoflagellate_stx,pst,TOXIN,Saxitoxin
cyano_all,STX_DOC_000226,2024.0,cross_taxa,dinoflagellate_stx,psts,TOXIN,Saxitoxin
cyano_all,STX_DOC_000226,2024.0,cross_taxa,dinoflagellate_stx,dinoflagellates,DINO_TAXON,Saxitoxin
cyano_all,STX_DOC_000226,2024.0,cross_taxa,dinoflagellate_stx,cyanobacteria,CYANO_TAXON,Saxitoxin
cyano_all,STX_DOC_000226,2024.0,cross_taxa,dinoflagellate_stx,nutrient,ENV_FACTOR,Saxitoxin
cyano_all,STX_DOC_000226,2024.0,cross_taxa,dinoflagellate_stx,biosynthesis,BIOLOGICAL_PROCESS,Saxitoxin
cyano_all,STX_DOC_000226,2024.0,cross_taxa,dinoflagellate_stx,toxicity,BIOLOGICAL_PROCESS,Saxitoxin
cyano_all,STX_DOC_000229,2022.0,cross_taxa,high_confidence_stx_biosynthesis,saxitoxin,TOXIN,Fate of Saxitoxins in Lake Water: Preliminary Testing of Degradation by Microbes and Sunlight
cyano_all,STX_DOC_000229,2022.0,cross_taxa,high_confidence_stx_biosynthesis,stx,TOXIN,Fate of Saxitoxins in Lake Water: Preliminary Testing of Degradation by Microbes and Sunlight
cyano_all,STX_DOC_000229,2022.0,cross_taxa,high_confidence_stx_biosynthesis,sxta,SXT_GENE,Fate of Saxitoxins in Lake Water: Preliminary Testing of Degradation by Microbes and Sunlight
cyano_all,STX_DOC_000229,2022.0,cross_taxa,high_confidence_stx_biosynthesis,dinoflagellates,DINO_TAXON,Fate of Saxitoxins in Lake Water: Preliminary Testing of Degradation by Microbes and Sunlight
cyano_all,STX_DOC_000229,2022.0,cross_taxa,high_confidence_stx_biosynthesis,cyanobacteria,CYANO_TAXON,Fate of Saxitoxins in Lake Water: Preliminary Testing of Degradation by Microbes and Sunlight
cyano_all,STX_DOC_000229,2022.0,cross_taxa,high_confidence_stx_biosynthesis,cyanobacterial,CYANO_TAXON,Fate of Saxitoxins in Lake Water: Preliminary Testing of Degradation by Microbes and Sunlight
cyano_all,STX_DOC_000229,2022.0,cross_taxa,high_confidence_stx_biosynthesis,light,ENV_FACTOR,Fate of Saxitoxins in Lake Water: Preliminary Testing of Degradation by Microbes and Sunlight
cyano_all,STX_DOC_000229,2022.0,cross_taxa,high_confidence_stx_biosynthesis,biosynthesis,BIOLOGICAL_PROCESS,Fate of Saxitoxins in Lake Water: Preliminary Testing of Degradation by Microbes and Sunlight
cyano_all,STX_DOC_000230,2021.0,cross_taxa,high_confidence_stx_biosynthesis,saxitoxin,TOXIN,"Heterologous Expression of an Unusual Ketosynthase, SxtA, Leads to Production of Saxitoxin Intermediates in Escherichia coli."
cyano_all,STX_DOC_000230,2021.0,cross_taxa,high_confidence_stx_biosynthesis,paralytic shellfish toxins,TOXIN,"Heterologous Expression of an Unusual Ketosynthase, SxtA, Leads to Production of Saxitoxin Intermediates in Escherichia coli."
cyano_all,STX_DOC_000230,2021.0,cross_taxa,high_confidence_stx_biosynthesis,pst,TOXIN,"Heterologous Expression of an Unusual Ketosynthase, SxtA, Leads to Production of Saxitoxin Intermediates in Escherichia coli."
cyano_all,STX_DOC_000230,2021.0,cross_taxa,high_confidence_stx_biosynthesis,psts,TOXIN,"Heterologous Expression of an Unusual Ketosynthase, SxtA, Leads to Production of Saxitoxin Intermediates in Escherichia coli."
cyano_all,STX_DOC_000230,2021.0,cross_taxa,high_confidence_stx_biosynthesis,sxta,SXT_GENE,"Heterologous Expression of an Unusual Ketosynthase, SxtA, Leads to Production of Saxitoxin Intermediates in Escherichia coli."
cyano_all,STX_DOC_000230,2021.0,cross_taxa,high_confidence_stx_biosynthesis,dinoflagellates,DINO_TAXON,"Heterologous Expression of an Unusual Ketosynthase, SxtA, Leads to Production of Saxitoxin Intermediates in Escherichia coli."
cyano_all,STX_DOC_000230,2021.0,cross_taxa,high_confidence_stx_biosynthesis,cyanobacteria,CYANO_TAXON,"Heterologous Expression of an Unusual Ketosynthase, SxtA, Leads to Production of Saxitoxin Intermediates in Escherichia coli."
cyano_all,STX_DOC_000230,2021.0,cross_taxa,high_confidence_stx_biosynthesis,biosynthesis,BIOLOGICAL_PROCESS,"Heterologous Expression of an Unusual Ketosynthase, SxtA, Leads to Production of Saxitoxin Intermediates in Escherichia coli."
cyano_all,STX_DOC_000230,2021.0,cross_taxa,high_confidence_stx_biosynthesis,expression,BIOLOGICAL_PROCESS,"Heterologous Expression of an Unusual Ketosynthase, SxtA, Leads to Production of Saxitoxin Intermediates in Escherichia coli."
cyano_all,STX_DOC_000230,2021.0,cross_taxa,high_confidence_stx_biosynthesis,hplc,DETECTION_METHOD,"Heterologous Expression of an Unusual Ketosynthase, SxtA, Leads to Production of Saxitoxin Intermediates in Escherichia coli."
cyano_all,STX_DOC_000230,2021.0,cross_taxa,high_confidence_stx_biosynthesis,mass spectrometry,DETECTION_METHOD,"Heterologous Expression of an Unusual Ketosynthase, SxtA, Leads to Production of Saxitoxin Intermediates in Escherichia coli."
cyano_all,STX_DOC_000231,2021.0,cross_taxa,dinoflagellate_stx,paralytic shellfish toxin,TOXIN,"Marine harmful algal blooms (HABs) in the United States: History, current status and future trends"
cyano_all,STX_DOC_000231,2021.0,cross_taxa,dinoflagellate_stx,pst,TOXIN,"Marine harmful algal blooms (HABs) in the United States: History, current status and future trends"
cyano_all,STX_DOC_000231,2021.0,cross_taxa,dinoflagellate_stx,psts,TOXIN,"Marine harmful algal blooms (HABs) in the United States: History, current status and future trends"
cyano_all,STX_DOC_000231,2021.0,cross_taxa,dinoflagellate_stx,dinoflagellates,DINO_TAXON,"Marine harmful algal blooms (HABs) in the United States: History, current status and future trends"
cyano_all,STX_DOC_000231,2021.0,cross_taxa,dinoflagellate_stx,pyrodinium,DINO_TAXON,"Marine harmful algal blooms (HABs) in the United States: History, current status and future trends"
cyano_all,STX_DOC_000231,2021.0,cross_taxa,dinoflagellate_stx,pyrodinium bahamense,DINO_TAXON,"Marine harmful algal blooms (HABs) in the United States: History, current status and future trends"
cyano_all,STX_DOC_000231,2021.0,cross_taxa,dinoflagellate_stx,cyanobacteria,CYANO_TAXON,"Marine harmful algal blooms (HABs) in the United States: History, current status and future trends"
cyano_all,STX_DOC_000231,2021.0,cross_taxa,dinoflagellate_stx,nutrient,ENV_FACTOR,"Marine harmful algal blooms (HABs) in the United States: History, current status and future trends"
cyano_all,STX_DOC_000231,2021.0,cross_taxa,dinoflagellate_stx,warming,ENV_FACTOR,"Marine harmful algal blooms (HABs) in the United States: History, current status and future trends"
cyano_all,STX_DOC_000232,2021.0,cyanobacteria,cyanobacteria_stx,stx,TOXIN,"Physiological changes induced by sodium chloride stress in Aphanizomenon gracile, Cylindrospermopsis raciborskii and Dolichospermum sp."
cyano_all,STX_DOC_000232,2021.0,cyanobacteria,cyanobacteria_stx,cyanobacteria,CYANO_TAXON,"Physiological changes induced by sodium chloride stress in Aphanizomenon gracile, Cylindrospermopsis raciborskii and Dolichospermum sp."
cyano_all,STX_DOC_000232,2021.0,cyanobacteria,cyanobacteria_stx,aphanizomenon,CYANO_TAXON,"Physiological changes induced by sodium chloride stress in Aphanizomenon gracile, Cylindrospermopsis raciborskii and Dolichospermum sp."
cyano_all,STX_DOC_000232,2021.0,cyanobacteria,cyanobacteria_stx,dolichospermum,CYANO_TAXON,"Physiological changes induced by sodium chloride stress in Aphanizomenon gracile, Cylindrospermopsis raciborskii and Dolichospermum sp."
cyano_all,STX_DOC_000232,2021.0,cyanobacteria,cyanobacteria_stx,cylindrospermopsis,CYANO_TAXON,"Physiological changes induced by sodium chloride stress in Aphanizomenon gracile, Cylindrospermopsis raciborskii and Dolichospermum sp."
cyano_all,STX_DOC_000232,2021.0,cyanobacteria,cyanobacteria_stx,salinity,ENV_FACTOR,"Physiological changes induced by sodium chloride stress in Aphanizomenon gracile, Cylindrospermopsis raciborskii and Dolichospermum sp."
cyano_all,STX_DOC_000232,2021.0,cyanobacteria,cyanobacteria_stx,climate,ENV_FACTOR,"Physiological changes induced by sodium chloride stress in Aphanizomenon gracile, Cylindrospermopsis raciborskii and Dolichospermum sp."
cyano_all,STX_DOC_000232,2021.0,cyanobacteria,cyanobacteria_stx,toxicity,BIOLOGICAL_PROCESS,"Physiological changes induced by sodium chloride stress in Aphanizomenon gracile, Cylindrospermopsis raciborskii and Dolichospermum sp."
cyano_all,STX_DOC_000233,2020.0,cyanobacteria,high_confidence_stx_biosynthesis,paralytic shellfish toxin,TOXIN,Phylogenetic relationships and genetic divergence of paralytic shellfish toxin- and cylindrospermopsin- producing Cylindrospermopsis and raphidiopsis.
cyano_all,STX_DOC_000233,2020.0,cyanobacteria,high_confidence_stx_biosynthesis,paralytic shellfish toxins,TOXIN,Phylogenetic relationships and genetic divergence of paralytic shellfish toxin- and cylindrospermopsin- producing Cylindrospermopsis and raphidiopsis.
cyano_all,STX_DOC_000233,2020.0,cyanobacteria,high_confidence_stx_biosynthesis,pst,TOXIN,Phylogenetic relationships and genetic divergence of paralytic shellfish toxin- and cylindrospermopsin- producing Cylindrospermopsis and raphidiopsis.
cyano_all,STX_DOC_000233,2020.0,cyanobacteria,high_confidence_stx_biosynthesis,psts,TOXIN,Phylogenetic relationships and genetic divergence of paralytic shellfish toxin- and cylindrospermopsin- producing Cylindrospermopsis and raphidiopsis.
cyano_all,STX_DOC_000233,2020.0,cyanobacteria,high_confidence_stx_biosynthesis,cyanobacterial,CYANO_TAXON,Phylogenetic relationships and genetic divergence of paralytic shellfish toxin- and cylindrospermopsin- producing Cylindrospermopsis and raphidiopsis.
cyano_all,STX_DOC_000233,2020.0,cyanobacteria,high_confidence_stx_biosynthesis,cylindrospermopsis,CYANO_TAXON,Phylogenetic relationships and genetic divergence of paralytic shellfish toxin- and cylindrospermopsin- producing Cylindrospermopsis and raphidiopsis.
cyano_all,STX_DOC_000233,2020.0,cyanobacteria,high_confidence_stx_biosynthesis,biosynthesis,BIOLOGICAL_PROCESS,Phylogenetic relationships and genetic divergence of paralytic shellfish toxin- and cylindrospermopsin- producing Cylindrospermopsis and raphidiopsis.
cyano_all,STX_DOC_000233,2020.0,cyanobacteria,high_confidence_stx_biosynthesis,toxin biosynthesis,BIOLOGICAL_PROCESS,Phylogenetic relationships and genetic divergence of paralytic shellfish toxin- and cylindrospermopsin- producing Cylindrospermopsis and raphidiopsis.
cyano_all,STX_DOC_000233,2020.0,cyanobacteria,high_confidence_stx_biosynthesis,phylogenetic,BIOLOGICAL_PROCESS,Phylogenetic relationships and genetic divergence of paralytic shellfish toxin- and cylindrospermopsin- producing Cylindrospermopsis and raphidiopsis.
cyano_all,STX_DOC_000235,2020.0,cyanobacteria,high_confidence_stx_biosynthesis,saxitoxin,TOXIN,"Detection of Cyanotoxin-Producing Genes in a Eutrophic Reservoir (Billings Reservoir, São Paulo, Brazil)"
cyano_all,STX_DOC_000235,2020.0,cyanobacteria,high_confidence_stx_biosynthesis,sxta,SXT_GENE,"Detection of Cyanotoxin-Producing Genes in a Eutrophic Reservoir (Billings Reservoir, São Paulo, Brazil)"
cyano_all,STX_DOC_000235,2020.0,cyanobacteria,high_confidence_stx_biosynthesis,sxtb,SXT_GENE,"Detection of Cyanotoxin-Producing Genes in a Eutrophic Reservoir (Billings Reservoir, São Paulo, Brazil)"
cyano_all,STX_DOC_000235,2020.0,cyanobacteria,high_confidence_stx_biosynthesis,sxti,SXT_GENE,"Detection of Cyanotoxin-Producing Genes in a Eutrophic Reservoir (Billings Reservoir, São Paulo, Brazil)"
cyano_all,STX_DOC_000235,2020.0,cyanobacteria,high_confidence_stx_biosynthesis,cyanobacteria,CYANO_TAXON,"Detection of Cyanotoxin-Producing Genes in a Eutrophic Reservoir (Billings Reservoir, São Paulo, Brazil)"
cyano_all,STX_DOC_000235,2020.0,cyanobacteria,high_confidence_stx_biosynthesis,cyanobacterial,CYANO_TAXON,"Detection of Cyanotoxin-Producing Genes in a Eutrophic Reservoir (Billings Reservoir, São Paulo, Brazil)"
cyano_all,STX_DOC_000235,2020.0,cyanobacteria,high_confidence_stx_biosynthesis,biosynthesis,BIOLOGICAL_PROCESS,"Detection of Cyanotoxin-Producing Genes in a Eutrophic Reservoir (Billings Reservoir, São Paulo, Brazil)"
cyano_all,STX_DOC_000237,2018.0,cross_taxa,high_confidence_stx_biosynthesis,saxitoxin,TOXIN,"Guanidinium Toxins: Natural Biogenic Origin, Chemistry, Biosynthesis, and Biotechnological Applications"
cyano_all,STX_DOC_000237,2018.0,cross_taxa,high_confidence_stx_biosynthesis,stx,TOXIN,"Guanidinium Toxins: Natural Biogenic Origin, Chemistry, Biosynthesis, and Biotechnological Applications"
cyano_all,STX_DOC_000237,2018.0,cross_taxa,high_confidence_stx_biosynthesis,paralytic shellfish toxins,TOXIN,"Guanidinium Toxins: Natural Biogenic Origin, Chemistry, Biosynthesis, and Biotechnological Applications"
cyano_all,STX_DOC_000237,2018.0,cross_taxa,high_confidence_stx_biosynthesis,pst,TOXIN,"Guanidinium Toxins: Natural Biogenic Origin, Chemistry, Biosynthesis, and Biotechnological Applications"
cyano_all,STX_DOC_000237,2018.0,cross_taxa,high_confidence_stx_biosynthesis,dinoflagellates,DINO_TAXON,"Guanidinium Toxins: Natural Biogenic Origin, Chemistry, Biosynthesis, and Biotechnological Applications"
cyano_all,STX_DOC_000237,2018.0,cross_taxa,high_confidence_stx_biosynthesis,cyanobacteria,CYANO_TAXON,"Guanidinium Toxins: Natural Biogenic Origin, Chemistry, Biosynthesis, and Biotechnological Applications"
cyano_all,STX_DOC_000237,2018.0,cross_taxa,high_confidence_stx_biosynthesis,biosynthesis,BIOLOGICAL_PROCESS,"Guanidinium Toxins: Natural Biogenic Origin, Chemistry, Biosynthesis, and Biotechnological Applications"
cyano_all,STX_DOC_000237,2018.0,cross_taxa,high_confidence_stx_biosynthesis,toxin biosynthesis,BIOLOGICAL_PROCESS,"Guanidinium Toxins: Natural Biogenic Origin, Chemistry, Biosynthesis, and Biotechnological Applications"
cyano_all,STX_DOC_000237,2018.0,cross_taxa,high_confidence_stx_biosynthesis,phylogenetic,BIOLOGICAL_PROCESS,"Guanidinium Toxins: Natural Biogenic Origin, Chemistry, Biosynthesis, and Biotechnological Applications"
cyano_all,STX_DOC_000237,2018.0,cross_taxa,high_confidence_stx_biosynthesis,horizontal gene transfer,BIOLOGICAL_PROCESS,"Guanidinium Toxins: Natural Biogenic Origin, Chemistry, Biosynthesis, and Biotechnological Applications"
cyano_all,STX_DOC_000242,2017.0,cross_taxa,high_confidence_stx_biosynthesis,paralytic shellfish toxins,TOXIN,Whole Transcriptomic Analysis Provides Insights into Molecular Mechanisms for Toxin Biosynthesis in a Toxic Dinoflagellate Alexandrium catenella (ACHK-T).
cyano_all,STX_DOC_000242,2017.0,cross_taxa,high_confidence_stx_biosynthesis,psts,TOXIN,Whole Transcriptomic Analysis Provides Insights into Molecular Mechanisms for Toxin Biosynthesis in a Toxic Dinoflagellate Alexandrium catenella (ACHK-T).
cyano_all,STX_DOC_000242,2017.0,cross_taxa,high_confidence_stx_biosynthesis,dinoflagellate,DINO_TAXON,Whole Transcriptomic Analysis Provides Insights into Molecular Mechanisms for Toxin Biosynthesis in a Toxic Dinoflagellate Alexandrium catenella (ACHK-T).
cyano_all,STX_DOC_000242,2017.0,cross_taxa,high_confidence_stx_biosynthesis,dinoflagellates,DINO_TAXON,Whole Transcriptomic Analysis Provides Insights into Molecular Mechanisms for Toxin Biosynthesis in a Toxic Dinoflagellate Alexandrium catenella (ACHK-T).
cyano_all,STX_DOC_000242,2017.0,cross_taxa,high_confidence_stx_biosynthesis,alexandrium,DINO_TAXON,Whole Transcriptomic Analysis Provides Insights into Molecular Mechanisms for Toxin Biosynthesis in a Toxic Dinoflagellate Alexandrium catenella (ACHK-T).
cyano_all,STX_DOC_000242,2017.0,cross_taxa,high_confidence_stx_biosynthesis,alexandrium catenella,DINO_TAXON,Whole Transcriptomic Analysis Provides Insights into Molecular Mechanisms for Toxin Biosynthesis in a Toxic Dinoflagellate Alexandrium catenella (ACHK-T).
cyano_all,STX_DOC_000242,2017.0,cross_taxa,high_confidence_stx_biosynthesis,cyanobacteria,CYANO_TAXON,Whole Transcriptomic Analysis Provides Insights into Molecular Mechanisms for Toxin Biosynthesis in a Toxic Dinoflagellate Alexandrium catenella (ACHK-T).
cyano_all,STX_DOC_000242,2017.0,cross_taxa,high_confidence_stx_biosynthesis,biosynthesis,BIOLOGICAL_PROCESS,Whole Transcriptomic Analysis Provides Insights into Molecular Mechanisms for Toxin Biosynthesis in a Toxic Dinoflagellate Alexandrium catenella (ACHK-T).
cyano_all,STX_DOC_000242,2017.0,cross_taxa,high_confidence_stx_biosynthesis,toxin biosynthesis,BIOLOGICAL_PROCESS,Whole Transcriptomic Analysis Provides Insights into Molecular Mechanisms for Toxin Biosynthesis in a Toxic Dinoflagellate Alexandrium catenella (ACHK-T).
cyano_all,STX_DOC_000242,2017.0,cross_taxa,high_confidence_stx_biosynthesis,transcriptome,BIOLOGICAL_PROCESS,Whole Transcriptomic Analysis Provides Insights into Molecular Mechanisms for Toxin Biosynthesis in a Toxic Dinoflagellate Alexandrium catenella (ACHK-T).
cyano_all,STX_DOC_000242,2017.0,cross_taxa,high_confidence_stx_biosynthesis,transcriptomic,BIOLOGICAL_PROCESS,Whole Transcriptomic Analysis Provides Insights into Molecular Mechanisms for Toxin Biosynthesis in a Toxic Dinoflagellate Alexandrium catenella (ACHK-T).
cyano_all,STX_DOC_000245,2014.0,cyanobacteria,cyanobacteria_stx,stx,TOXIN,Morphological alterations and acetylcholinesterase and monoamine oxidase inhibition in liver of zebrafish exposed to Aphanizomenon flos-aquae DC-1 aphantoxins.
cyano_all,STX_DOC_000245,2014.0,cyanobacteria,cyanobacteria_stx,neosaxitoxin,TOXIN,Morphological alterations and acetylcholinesterase and monoamine oxidase inhibition in liver of zebrafish exposed to Aphanizomenon flos-aquae DC-1 aphantoxins.
cyano_all,STX_DOC_000245,2014.0,cyanobacteria,cyanobacteria_stx,cyanobacterium,CYANO_TAXON,Morphological alterations and acetylcholinesterase and monoamine oxidase inhibition in liver of zebrafish exposed to Aphanizomenon flos-aquae DC-1 aphantoxins.
cyano_all,STX_DOC_000245,2014.0,cyanobacteria,cyanobacteria_stx,cyanobacterial,CYANO_TAXON,Morphological alterations and acetylcholinesterase and monoamine oxidase inhibition in liver of zebrafish exposed to Aphanizomenon flos-aquae DC-1 aphantoxins.
cyano_all,STX_DOC_000245,2014.0,cyanobacteria,cyanobacteria_stx,aphanizomenon,CYANO_TAXON,Morphological alterations and acetylcholinesterase and monoamine oxidase inhibition in liver of zebrafish exposed to Aphanizomenon flos-aquae DC-1 aphantoxins.
cyano_all,STX_DOC_000249,2004.0,cyanobacteria,cyanobacteria_stx,stx,TOXIN,The effect of temperature on growth and production of paralytic shellfish poisoning toxins by the cyanobacterium Cylindrospermopsis raciborskii C10.
cyano_all,STX_DOC_000249,2004.0,cyanobacteria,cyanobacteria_stx,paralytic shellfish poisoning,TOXIN,The effect of temperature on growth and production of paralytic shellfish poisoning toxins by the cyanobacterium Cylindrospermopsis raciborskii C10.
cyano_all,STX_DOC_000249,2004.0,cyanobacteria,cyanobacteria_stx,cyanobacterium,CYANO_TAXON,The effect of temperature on growth and production of paralytic shellfish poisoning toxins by the cyanobacterium Cylindrospermopsis raciborskii C10.
cyano_all,STX_DOC_000249,2004.0,cyanobacteria,cyanobacteria_stx,cylindrospermopsis,CYANO_TAXON,The effect of temperature on growth and production of paralytic shellfish poisoning toxins by the cyanobacterium Cylindrospermopsis raciborskii C10.
cyano_all,STX_DOC_000249,2004.0,cyanobacteria,cyanobacteria_stx,temperature,ENV_FACTOR,The effect of temperature on growth and production of paralytic shellfish poisoning toxins by the cyanobacterium Cylindrospermopsis raciborskii C10.
cyano_all,STX_DOC_000256,2025.0,cross_taxa,dinoflagellate_stx,saxitoxin,TOXIN,Novel Toxin Biosynthetic Gene Cluster in Harmful Algal Bloom-Causing Heteroscytonema crispum: Insights into the Origins of Paralytic Shellfish Toxins.
cyano_all,STX_DOC_000256,2025.0,cross_taxa,dinoflagellate_stx,paralytic shellfish toxin,TOXIN,Novel Toxin Biosynthetic Gene Cluster in Harmful Algal Bloom-Causing Heteroscytonema crispum: Insights into the Origins of Paralytic Shellfish Toxins.
cyano_all,STX_DOC_000256,2025.0,cross_taxa,dinoflagellate_stx,paralytic shellfish toxins,TOXIN,Novel Toxin Biosynthetic Gene Cluster in Harmful Algal Bloom-Causing Heteroscytonema crispum: Insights into the Origins of Paralytic Shellfish Toxins.
cyano_all,STX_DOC_000256,2025.0,cross_taxa,dinoflagellate_stx,dinoflagellates,DINO_TAXON,Novel Toxin Biosynthetic Gene Cluster in Harmful Algal Bloom-Causing Heteroscytonema crispum: Insights into the Origins of Paralytic Shellfish Toxins.
cyano_all,STX_DOC_000256,2025.0,cross_taxa,dinoflagellate_stx,cyanobacteria,CYANO_TAXON,Novel Toxin Biosynthetic Gene Cluster in Harmful Algal Bloom-Causing Heteroscytonema crispum: Insights into the Origins of Paralytic Shellfish Toxins.
cyano_all,STX_DOC_000256,2025.0,cross_taxa,dinoflagellate_stx,cyanobacterium,CYANO_TAXON,Novel Toxin Biosynthetic Gene Cluster in Harmful Algal Bloom-Causing Heteroscytonema crispum: Insights into the Origins of Paralytic Shellfish Toxins.
cyano_all,STX_DOC_000256,2025.0,cross_taxa,dinoflagellate_stx,cyanobacterial,CYANO_TAXON,Novel Toxin Biosynthetic Gene Cluster in Harmful Algal Bloom-Causing Heteroscytonema crispum: Insights into the Origins of Paralytic Shellfish Toxins.
cyano_all,STX_DOC_000256,2025.0,cross_taxa,dinoflagellate_stx,bloom,ENV_FACTOR,Novel Toxin Biosynthetic Gene Cluster in Harmful Algal Bloom-Causing Heteroscytonema crispum: Insights into the Origins of Paralytic Shellfish Toxins.
cyano_all,STX_DOC_000256,2025.0,cross_taxa,dinoflagellate_stx,harmful algal bloom,ENV_FACTOR,Novel Toxin Biosynthetic Gene Cluster in Harmful Algal Bloom-Causing Heteroscytonema crispum: Insights into the Origins of Paralytic Shellfish Toxins.
cyano_all,STX_DOC_000256,2025.0,cross_taxa,dinoflagellate_stx,phylogenetic,BIOLOGICAL_PROCESS,Novel Toxin Biosynthetic Gene Cluster in Harmful Algal Bloom-Causing Heteroscytonema crispum: Insights into the Origins of Paralytic Shellfish Toxins.
cyano_all,STX_DOC_000256,2025.0,cross_taxa,dinoflagellate_stx,horizontal gene transfer,BIOLOGICAL_PROCESS,Novel Toxin Biosynthetic Gene Cluster in Harmful Algal Bloom-Causing Heteroscytonema crispum: Insights into the Origins of Paralytic Shellfish Toxins.
cyano_all,STX_DOC_000256,2025.0,cross_taxa,dinoflagellate_stx,toxin production,BIOLOGICAL_PROCESS,Novel Toxin Biosynthetic Gene Cluster in Harmful Algal Bloom-Causing Heteroscytonema crispum: Insights into the Origins of Paralytic Shellfish Toxins.
cyano_all,STX_DOC_000257,2025.0,cross_taxa,dinoflagellate_stx,saxitoxin,TOXIN,"Saxitoxin: A Comprehensive Review of Its History, Structure, Toxicology, Biosynthesis, Detection, and Preventive Implications."
cyano_all,STX_DOC_000257,2025.0,cross_taxa,dinoflagellate_stx,stx,TOXIN,"Saxitoxin: A Comprehensive Review of Its History, Structure, Toxicology, Biosynthesis, Detection, and Preventive Implications."
cyano_all,STX_DOC_000257,2025.0,cross_taxa,dinoflagellate_stx,paralytic shellfish toxins,TOXIN,"Saxitoxin: A Comprehensive Review of Its History, Structure, Toxicology, Biosynthesis, Detection, and Preventive Implications."
cyano_all,STX_DOC_000257,2025.0,cross_taxa,dinoflagellate_stx,psts,TOXIN,"Saxitoxin: A Comprehensive Review of Its History, Structure, Toxicology, Biosynthesis, Detection, and Preventive Implications."
cyano_all,STX_DOC_000257,2025.0,cross_taxa,dinoflagellate_stx,paralytic shellfish poisoning,TOXIN,"Saxitoxin: A Comprehensive Review of Its History, Structure, Toxicology, Biosynthesis, Detection, and Preventive Implications."
cyano_all,STX_DOC_000257,2025.0,cross_taxa,dinoflagellate_stx,dinoflagellates,DINO_TAXON,"Saxitoxin: A Comprehensive Review of Its History, Structure, Toxicology, Biosynthesis, Detection, and Preventive Implications."
cyano_all,STX_DOC_000257,2025.0,cross_taxa,dinoflagellate_stx,cyanobacteria,CYANO_TAXON,"Saxitoxin: A Comprehensive Review of Its History, Structure, Toxicology, Biosynthesis, Detection, and Preventive Implications."
cyano_all,STX_DOC_000257,2025.0,cross_taxa,dinoflagellate_stx,biosynthesis,BIOLOGICAL_PROCESS,"Saxitoxin: A Comprehensive Review of Its History, Structure, Toxicology, Biosynthesis, Detection, and Preventive Implications."
cyano_all,STX_DOC_000257,2025.0,cross_taxa,dinoflagellate_stx,toxicity,BIOLOGICAL_PROCESS,"Saxitoxin: A Comprehensive Review of Its History, Structure, Toxicology, Biosynthesis, Detection, and Preventive Implications."
cyano_all,STX_DOC_000259,2024.0,cyanobacteria,high_confidence_stx_biosynthesis,saxitoxin,TOXIN,The spatiotemporal distribution of potential saxitoxin-producing cyanobacteria in western Lake Erie.
cyano_all,STX_DOC_000259,2024.0,cyanobacteria,high_confidence_stx_biosynthesis,stx,TOXIN,The spatiotemporal distribution of potential saxitoxin-producing cyanobacteria in western Lake Erie.
cyano_all,STX_DOC_000259,2024.0,cyanobacteria,high_confidence_stx_biosynthesis,sxta,SXT_GENE,The spatiotemporal distribution of potential saxitoxin-producing cyanobacteria in western Lake Erie.
cyano_all,STX_DOC_000259,2024.0,cyanobacteria,high_confidence_stx_biosynthesis,cyanobacteria,CYANO_TAXON,The spatiotemporal distribution of potential saxitoxin-producing cyanobacteria in western Lake Erie.
cyano_all,STX_DOC_000259,2024.0,cyanobacteria,high_confidence_stx_biosynthesis,cyanobacterial,CYANO_TAXON,The spatiotemporal distribution of potential saxitoxin-producing cyanobacteria in western Lake Erie.
cyano_all,STX_DOC_000259,2024.0,cyanobacteria,high_confidence_stx_biosynthesis,aphanizomenon,CYANO_TAXON,The spatiotemporal distribution of potential saxitoxin-producing cyanobacteria in western Lake Erie.
cyano_all,STX_DOC_000259,2024.0,cyanobacteria,high_confidence_stx_biosynthesis,dolichospermum,CYANO_TAXON,The spatiotemporal distribution of potential saxitoxin-producing cyanobacteria in western Lake Erie.
cyano_all,STX_DOC_000259,2024.0,cyanobacteria,high_confidence_stx_biosynthesis,nutrient,ENV_FACTOR,The spatiotemporal distribution of potential saxitoxin-producing cyanobacteria in western Lake Erie.
cyano_all,STX_DOC_000259,2024.0,cyanobacteria,high_confidence_stx_biosynthesis,nutrients,ENV_FACTOR,The spatiotemporal distribution of potential saxitoxin-producing cyanobacteria in western Lake Erie.
cyano_all,STX_DOC_000261,2022.0,cyanobacteria,high_confidence_stx_biosynthesis,stx,TOXIN,Cyanotoxins and water quality parameters as risk assessment indicators for aquatic life in reservoirs.
cyano_all,STX_DOC_000261,2022.0,cyanobacteria,high_confidence_stx_biosynthesis,sxts,SXT_GENE,Cyanotoxins and water quality parameters as risk assessment indicators for aquatic life in reservoirs.
cyano_all,STX_DOC_000261,2022.0,cyanobacteria,high_confidence_stx_biosynthesis,cyanobacteria,CYANO_TAXON,Cyanotoxins and water quality parameters as risk assessment indicators for aquatic life in reservoirs.
cyano_all,STX_DOC_000262,2022.0,cyanobacteria,high_confidence_stx_biosynthesis,sxta,SXT_GENE,Assessment of Common Cyanotoxins in Cyanobacteria of Biological Loess Crusts.
cyano_all,STX_DOC_000262,2022.0,cyanobacteria,high_confidence_stx_biosynthesis,sxtg,SXT_GENE,Assessment of Common Cyanotoxins in Cyanobacteria of Biological Loess Crusts.
cyano_all,STX_DOC_000262,2022.0,cyanobacteria,high_confidence_stx_biosynthesis,sxts,SXT_GENE,Assessment of Common Cyanotoxins in Cyanobacteria of Biological Loess Crusts.
cyano_all,STX_DOC_000262,2022.0,cyanobacteria,high_confidence_stx_biosynthesis,cyanobacteria,CYANO_TAXON,Assessment of Common Cyanotoxins in Cyanobacteria of Biological Loess Crusts.
cyano_all,STX_DOC_000262,2022.0,cyanobacteria,high_confidence_stx_biosynthesis,cyanobacterial,CYANO_TAXON,Assessment of Common Cyanotoxins in Cyanobacteria of Biological Loess Crusts.
cyano_all,STX_DOC_000262,2022.0,cyanobacteria,high_confidence_stx_biosynthesis,lc-ms,DETECTION_METHOD,Assessment of Common Cyanotoxins in Cyanobacteria of Biological Loess Crusts.
cyano_all,STX_DOC_000262,2022.0,cyanobacteria,high_confidence_stx_biosynthesis,lc-ms/ms,DETECTION_METHOD,Assessment of Common Cyanotoxins in Cyanobacteria of Biological Loess Crusts.
cyano_all,STX_DOC_000262,2022.0,cyanobacteria,high_confidence_stx_biosynthesis,mass spectrometry,DETECTION_METHOD,Assessment of Common Cyanotoxins in Cyanobacteria of Biological Loess Crusts.
cyano_all,STX_DOC_000265,2021.0,cyanobacteria,high_confidence_stx_biosynthesis,saxitoxin,TOXIN,Influence of Environmental Factors on Occurrence of Cyanobacteria and Abundance of Saxitoxin-Producing Cyanobacteria in a Subtropical Drinking Water Reservoir in Brazil
cyano_all,STX_DOC_000265,2021.0,cyanobacteria,high_confidence_stx_biosynthesis,stx,TOXIN,Influence of Environmental Factors on Occurrence of Cyanobacteria and Abundance of Saxitoxin-Producing Cyanobacteria in a Subtropical Drinking Water Reservoir in Brazil
cyano_all,STX_DOC_000265,2021.0,cyanobacteria,high_confidence_stx_biosynthesis,sxta,SXT_GENE,Influence of Environmental Factors on Occurrence of Cyanobacteria and Abundance of Saxitoxin-Producing Cyanobacteria in a Subtropical Drinking Water Reservoir in Brazil
cyano_all,STX_DOC_000265,2021.0,cyanobacteria,high_confidence_stx_biosynthesis,sxt gene,SXT_GENE,Influence of Environmental Factors on Occurrence of Cyanobacteria and Abundance of Saxitoxin-Producing Cyanobacteria in a Subtropical Drinking Water Reservoir in Brazil
cyano_all,STX_DOC_000265,2021.0,cyanobacteria,high_confidence_stx_biosynthesis,cyanobacteria,CYANO_TAXON,Influence of Environmental Factors on Occurrence of Cyanobacteria and Abundance of Saxitoxin-Producing Cyanobacteria in a Subtropical Drinking Water Reservoir in Brazil
cyano_all,STX_DOC_000265,2021.0,cyanobacteria,high_confidence_stx_biosynthesis,aphanizomenon,CYANO_TAXON,Influence of Environmental Factors on Occurrence of Cyanobacteria and Abundance of Saxitoxin-Producing Cyanobacteria in a Subtropical Drinking Water Reservoir in Brazil
cyano_all,STX_DOC_000265,2021.0,cyanobacteria,high_confidence_stx_biosynthesis,nutrients,ENV_FACTOR,Influence of Environmental Factors on Occurrence of Cyanobacteria and Abundance of Saxitoxin-Producing Cyanobacteria in a Subtropical Drinking Water Reservoir in Brazil
cyano_all,STX_DOC_000265,2021.0,cyanobacteria,high_confidence_stx_biosynthesis,regulation,BIOLOGICAL_PROCESS,Influence of Environmental Factors on Occurrence of Cyanobacteria and Abundance of Saxitoxin-Producing Cyanobacteria in a Subtropical Drinking Water Reservoir in Brazil
cyano_all,STX_DOC_000266,2019.0,cyanobacteria,high_confidence_stx_biosynthesis,stx,TOXIN,Cyanobacterial biodiversity of semiarid public drinking water supply reservoirs assessed via next-generation DNA sequencing technology.
cyano_all,STX_DOC_000266,2019.0,cyanobacteria,high_confidence_stx_biosynthesis,sxta,SXT_GENE,Cyanobacterial biodiversity of semiarid public drinking water supply reservoirs assessed via next-generation DNA sequencing technology.
cyano_all,STX_DOC_000266,2019.0,cyanobacteria,high_confidence_stx_biosynthesis,cyanobacteria,CYANO_TAXON,Cyanobacterial biodiversity of semiarid public drinking water supply reservoirs assessed via next-generation DNA sequencing technology.
cyano_all,STX_DOC_000266,2019.0,cyanobacteria,high_confidence_stx_biosynthesis,cyanobacterial,CYANO_TAXON,Cyanobacterial biodiversity of semiarid public drinking water supply reservoirs assessed via next-generation DNA sequencing technology.
cyano_all,STX_DOC_000266,2019.0,cyanobacteria,high_confidence_stx_biosynthesis,cylindrospermopsis,CYANO_TAXON,Cyanobacterial biodiversity of semiarid public drinking water supply reservoirs assessed via next-generation DNA sequencing technology.
cyano_all,STX_DOC_000266,2019.0,cyanobacteria,high_confidence_stx_biosynthesis,planktothrix,CYANO_TAXON,Cyanobacterial biodiversity of semiarid public drinking water supply reservoirs assessed via next-generation DNA sequencing technology.
cyano_all,STX_DOC_000266,2019.0,cyanobacteria,high_confidence_stx_biosynthesis,elisa,DETECTION_METHOD,Cyanobacterial biodiversity of semiarid public drinking water supply reservoirs assessed via next-generation DNA sequencing technology.
cyano_all,STX_DOC_000270,2019.0,cyanobacteria,cyanobacteria_stx,paralytic shellfish toxin,TOXIN,Spatial and Temporal Variation in Paralytic Shellfish Toxin Production by Benthic <i>Microseira (Lyngbya) wollei</i> in a Freshwater New York Lake.
cyano_all,STX_DOC_000270,2019.0,cyanobacteria,cyanobacteria_stx,pst,TOXIN,Spatial and Temporal Variation in Paralytic Shellfish Toxin Production by Benthic <i>Microseira (Lyngbya) wollei</i> in a Freshwater New York Lake.
cyano_all,STX_DOC_000270,2019.0,cyanobacteria,cyanobacteria_stx,psts,TOXIN,Spatial and Temporal Variation in Paralytic Shellfish Toxin Production by Benthic <i>Microseira (Lyngbya) wollei</i> in a Freshwater New York Lake.
cyano_all,STX_DOC_000270,2019.0,cyanobacteria,cyanobacteria_stx,paralytic shellfish poisoning,TOXIN,Spatial and Temporal Variation in Paralytic Shellfish Toxin Production by Benthic <i>Microseira (Lyngbya) wollei</i> in a Freshwater New York Lake.
cyano_all,STX_DOC_000270,2019.0,cyanobacteria,cyanobacteria_stx,cyanobacteria,CYANO_TAXON,Spatial and Temporal Variation in Paralytic Shellfish Toxin Production by Benthic <i>Microseira (Lyngbya) wollei</i> in a Freshwater New York Lake.
cyano_all,STX_DOC_000270,2019.0,cyanobacteria,cyanobacteria_stx,lyngbya,CYANO_TAXON,Spatial and Temporal Variation in Paralytic Shellfish Toxin Production by Benthic <i>Microseira (Lyngbya) wollei</i> in a Freshwater New York Lake.
cyano_all,STX_DOC_000270,2019.0,cyanobacteria,cyanobacteria_stx,temperature,ENV_FACTOR,Spatial and Temporal Variation in Paralytic Shellfish Toxin Production by Benthic <i>Microseira (Lyngbya) wollei</i> in a Freshwater New York Lake.
cyano_all,STX_DOC_000270,2019.0,cyanobacteria,cyanobacteria_stx,nutrient,ENV_FACTOR,Spatial and Temporal Variation in Paralytic Shellfish Toxin Production by Benthic <i>Microseira (Lyngbya) wollei</i> in a Freshwater New York Lake.
cyano_all,STX_DOC_000270,2019.0,cyanobacteria,cyanobacteria_stx,toxicity,BIOLOGICAL_PROCESS,Spatial and Temporal Variation in Paralytic Shellfish Toxin Production by Benthic <i>Microseira (Lyngbya) wollei</i> in a Freshwater New York Lake.
cyano_all,STX_DOC_000270,2019.0,cyanobacteria,cyanobacteria_stx,toxin production,BIOLOGICAL_PROCESS,Spatial and Temporal Variation in Paralytic Shellfish Toxin Production by Benthic <i>Microseira (Lyngbya) wollei</i> in a Freshwater New York Lake.
cyano_all,STX_DOC_000271,2017.0,cross_taxa,dinoflagellate_stx,gonyautoxin,TOXIN,Differential Mobility Spectrometry for Improved Selectivity in Hydrophilic Interaction Liquid Chromatography-Tandem Mass Spectrometry Analysis of Paralytic Shellfish Toxins.
cyano_all,STX_DOC_000271,2017.0,cross_taxa,dinoflagellate_stx,paralytic shellfish toxins,TOXIN,Differential Mobility Spectrometry for Improved Selectivity in Hydrophilic Interaction Liquid Chromatography-Tandem Mass Spectrometry Analysis of Paralytic Shellfish Toxins.
cyano_all,STX_DOC_000271,2017.0,cross_taxa,dinoflagellate_stx,pst,TOXIN,Differential Mobility Spectrometry for Improved Selectivity in Hydrophilic Interaction Liquid Chromatography-Tandem Mass Spectrometry Analysis of Paralytic Shellfish Toxins.
cyano_all,STX_DOC_000271,2017.0,cross_taxa,dinoflagellate_stx,psts,TOXIN,Differential Mobility Spectrometry for Improved Selectivity in Hydrophilic Interaction Liquid Chromatography-Tandem Mass Spectrometry Analysis of Paralytic Shellfish Toxins.
cyano_all,STX_DOC_000271,2017.0,cross_taxa,dinoflagellate_stx,paralytic shellfish poisoning,TOXIN,Differential Mobility Spectrometry for Improved Selectivity in Hydrophilic Interaction Liquid Chromatography-Tandem Mass Spectrometry Analysis of Paralytic Shellfish Toxins.
cyano_all,STX_DOC_000271,2017.0,cross_taxa,dinoflagellate_stx,dinoflagellates,DINO_TAXON,Differential Mobility Spectrometry for Improved Selectivity in Hydrophilic Interaction Liquid Chromatography-Tandem Mass Spectrometry Analysis of Paralytic Shellfish Toxins.
cyano_all,STX_DOC_000271,2017.0,cross_taxa,dinoflagellate_stx,cyanobacteria,CYANO_TAXON,Differential Mobility Spectrometry for Improved Selectivity in Hydrophilic Interaction Liquid Chromatography-Tandem Mass Spectrometry Analysis of Paralytic Shellfish Toxins.
cyano_all,STX_DOC_000271,2017.0,cross_taxa,dinoflagellate_stx,lc-ms,DETECTION_METHOD,Differential Mobility Spectrometry for Improved Selectivity in Hydrophilic Interaction Liquid Chromatography-Tandem Mass Spectrometry Analysis of Paralytic Shellfish Toxins.
cyano_all,STX_DOC_000271,2017.0,cross_taxa,dinoflagellate_stx,lc-ms/ms,DETECTION_METHOD,Differential Mobility Spectrometry for Improved Selectivity in Hydrophilic Interaction Liquid Chromatography-Tandem Mass Spectrometry Analysis of Paralytic Shellfish Toxins.
cyano_all,STX_DOC_000271,2017.0,cross_taxa,dinoflagellate_stx,mass spectrometry,DETECTION_METHOD,Differential Mobility Spectrometry for Improved Selectivity in Hydrophilic Interaction Liquid Chromatography-Tandem Mass Spectrometry Analysis of Paralytic Shellfish Toxins.
cyano_all,STX_DOC_000272,2017.0,cyanobacteria,high_confidence_stx_biosynthesis,saxitoxin,TOXIN,Community Structures of Phytoplankton with Emphasis on Toxic Cyanobacteria in an Ohio Inland Lake during Bloom Season.
cyano_all,STX_DOC_000272,2017.0,cyanobacteria,high_confidence_stx_biosynthesis,sxta,SXT_GENE,Community Structures of Phytoplankton with Emphasis on Toxic Cyanobacteria in an Ohio Inland Lake during Bloom Season.
cyano_all,STX_DOC_000272,2017.0,cyanobacteria,high_confidence_stx_biosynthesis,cyanobacteria,CYANO_TAXON,Community Structures of Phytoplankton with Emphasis on Toxic Cyanobacteria in an Ohio Inland Lake during Bloom Season.
cyano_all,STX_DOC_000272,2017.0,cyanobacteria,high_confidence_stx_biosynthesis,aphanizomenon,CYANO_TAXON,Community Structures of Phytoplankton with Emphasis on Toxic Cyanobacteria in an Ohio Inland Lake during Bloom Season.
cyano_all,STX_DOC_000272,2017.0,cyanobacteria,high_confidence_stx_biosynthesis,dolichospermum,CYANO_TAXON,Community Structures of Phytoplankton with Emphasis on Toxic Cyanobacteria in an Ohio Inland Lake during Bloom Season.
cyano_all,STX_DOC_000272,2017.0,cyanobacteria,high_confidence_stx_biosynthesis,cylindrospermopsis,CYANO_TAXON,Community Structures of Phytoplankton with Emphasis on Toxic Cyanobacteria in an Ohio Inland Lake during Bloom Season.
cyano_all,STX_DOC_000272,2017.0,cyanobacteria,high_confidence_stx_biosynthesis,planktothrix,CYANO_TAXON,Community Structures of Phytoplankton with Emphasis on Toxic Cyanobacteria in an Ohio Inland Lake during Bloom Season.
cyano_all,STX_DOC_000272,2017.0,cyanobacteria,high_confidence_stx_biosynthesis,nitrogen,ENV_FACTOR,Community Structures of Phytoplankton with Emphasis on Toxic Cyanobacteria in an Ohio Inland Lake during Bloom Season.
cyano_all,STX_DOC_000272,2017.0,cyanobacteria,high_confidence_stx_biosynthesis,nutrients,ENV_FACTOR,Community Structures of Phytoplankton with Emphasis on Toxic Cyanobacteria in an Ohio Inland Lake during Bloom Season.
cyano_all,STX_DOC_000272,2017.0,cyanobacteria,high_confidence_stx_biosynthesis,bloom,ENV_FACTOR,Community Structures of Phytoplankton with Emphasis on Toxic Cyanobacteria in an Ohio Inland Lake during Bloom Season.
cyano_all,STX_DOC_000272,2017.0,cyanobacteria,high_confidence_stx_biosynthesis,toxin production,BIOLOGICAL_PROCESS,Community Structures of Phytoplankton with Emphasis on Toxic Cyanobacteria in an Ohio Inland Lake during Bloom Season.
cyano_all,STX_DOC_000272,2017.0,cyanobacteria,high_confidence_stx_biosynthesis,elisa,DETECTION_METHOD,Community Structures of Phytoplankton with Emphasis on Toxic Cyanobacteria in an Ohio Inland Lake during Bloom Season.
cyano_all,STX_DOC_000273,2016.0,cross_taxa,dinoflagellate_stx,saxitoxin,TOXIN,"Column switching combined with hydrophilic interaction chromatography-tandem mass spectrometry for the analysis of saxitoxin analogues, and their biosynthetic intermediates in dinoflagellates."
cyano_all,STX_DOC_000273,2016.0,cross_taxa,dinoflagellate_stx,stx,TOXIN,"Column switching combined with hydrophilic interaction chromatography-tandem mass spectrometry for the analysis of saxitoxin analogues, and their biosynthetic intermediates in dinoflagellates."
cyano_all,STX_DOC_000273,2016.0,cross_taxa,dinoflagellate_stx,paralytic shellfish toxins,TOXIN,"Column switching combined with hydrophilic interaction chromatography-tandem mass spectrometry for the analysis of saxitoxin analogues, and their biosynthetic intermediates in dinoflagellates."
cyano_all,STX_DOC_000273,2016.0,cross_taxa,dinoflagellate_stx,dinoflagellate,DINO_TAXON,"Column switching combined with hydrophilic interaction chromatography-tandem mass spectrometry for the analysis of saxitoxin analogues, and their biosynthetic intermediates in dinoflagellates."
cyano_all,STX_DOC_000273,2016.0,cross_taxa,dinoflagellate_stx,dinoflagellates,DINO_TAXON,"Column switching combined with hydrophilic interaction chromatography-tandem mass spectrometry for the analysis of saxitoxin analogues, and their biosynthetic intermediates in dinoflagellates."
cyano_all,STX_DOC_000273,2016.0,cross_taxa,dinoflagellate_stx,alexandrium,DINO_TAXON,"Column switching combined with hydrophilic interaction chromatography-tandem mass spectrometry for the analysis of saxitoxin analogues, and their biosynthetic intermediates in dinoflagellates."
cyano_all,STX_DOC_000273,2016.0,cross_taxa,dinoflagellate_stx,alexandrium tamarense,DINO_TAXON,"Column switching combined with hydrophilic interaction chromatography-tandem mass spectrometry for the analysis of saxitoxin analogues, and their biosynthetic intermediates in dinoflagellates."
cyano_all,STX_DOC_000273,2016.0,cross_taxa,dinoflagellate_stx,cyanobacteria,CYANO_TAXON,"Column switching combined with hydrophilic interaction chromatography-tandem mass spectrometry for the analysis of saxitoxin analogues, and their biosynthetic intermediates in dinoflagellates."
cyano_all,STX_DOC_000273,2016.0,cross_taxa,dinoflagellate_stx,biosynthesis,BIOLOGICAL_PROCESS,"Column switching combined with hydrophilic interaction chromatography-tandem mass spectrometry for the analysis of saxitoxin analogues, and their biosynthetic intermediates in dinoflagellates."
cyano_all,STX_DOC_000273,2016.0,cross_taxa,dinoflagellate_stx,hplc,DETECTION_METHOD,"Column switching combined with hydrophilic interaction chromatography-tandem mass spectrometry for the analysis of saxitoxin analogues, and their biosynthetic intermediates in dinoflagellates."
cyano_all,STX_DOC_000273,2016.0,cross_taxa,dinoflagellate_stx,mass spectrometry,DETECTION_METHOD,"Column switching combined with hydrophilic interaction chromatography-tandem mass spectrometry for the analysis of saxitoxin analogues, and their biosynthetic intermediates in dinoflagellates."
cyano_all,STX_DOC_000274,2016.0,cyanobacteria,high_confidence_stx_biosynthesis,saxitoxin,TOXIN,Molecular genetic identification and seasonal succession of toxigenic cyanobacteria in phytoplankton of the Rybinsk Reservoir (Russia)
cyano_all,STX_DOC_000274,2016.0,cyanobacteria,high_confidence_stx_biosynthesis,cyanobacteria,CYANO_TAXON,Molecular genetic identification and seasonal succession of toxigenic cyanobacteria in phytoplankton of the Rybinsk Reservoir (Russia)
cyano_all,STX_DOC_000274,2016.0,cyanobacteria,high_confidence_stx_biosynthesis,dolichospermum,CYANO_TAXON,Molecular genetic identification and seasonal succession of toxigenic cyanobacteria in phytoplankton of the Rybinsk Reservoir (Russia)
cyano_all,STX_DOC_000274,2016.0,cyanobacteria,high_confidence_stx_biosynthesis,anabaena,CYANO_TAXON,Molecular genetic identification and seasonal succession of toxigenic cyanobacteria in phytoplankton of the Rybinsk Reservoir (Russia)
cyano_all,STX_DOC_000274,2016.0,cyanobacteria,high_confidence_stx_biosynthesis,planktothrix,CYANO_TAXON,Molecular genetic identification and seasonal succession of toxigenic cyanobacteria in phytoplankton of the Rybinsk Reservoir (Russia)
cyano_all,STX_DOC_000274,2016.0,cyanobacteria,high_confidence_stx_biosynthesis,light,ENV_FACTOR,Molecular genetic identification and seasonal succession of toxigenic cyanobacteria in phytoplankton of the Rybinsk Reservoir (Russia)
cyano_all,STX_DOC_000274,2016.0,cyanobacteria,high_confidence_stx_biosynthesis,biosynthesis,BIOLOGICAL_PROCESS,Molecular genetic identification and seasonal succession of toxigenic cyanobacteria in phytoplankton of the Rybinsk Reservoir (Russia)
cyano_all,STX_DOC_000274,2016.0,cyanobacteria,high_confidence_stx_biosynthesis,saxitoxin biosynthesis,BIOLOGICAL_PROCESS,Molecular genetic identification and seasonal succession of toxigenic cyanobacteria in phytoplankton of the Rybinsk Reservoir (Russia)
cyano_all,STX_DOC_000275,2015.0,cross_taxa,dinoflagellate_stx,paralytic shellfish toxins,TOXIN,iTRAQ-based quantitative proteomic analysis of a toxigenic dinoflagellate Alexandrium catenella and its non-toxic mutant.
cyano_all,STX_DOC_000275,2015.0,cross_taxa,dinoflagellate_stx,pst,TOXIN,iTRAQ-based quantitative proteomic analysis of a toxigenic dinoflagellate Alexandrium catenella and its non-toxic mutant.
cyano_all,STX_DOC_000275,2015.0,cross_taxa,dinoflagellate_stx,psts,TOXIN,iTRAQ-based quantitative proteomic analysis of a toxigenic dinoflagellate Alexandrium catenella and its non-toxic mutant.
cyano_all,STX_DOC_000275,2015.0,cross_taxa,dinoflagellate_stx,dinoflagellate,DINO_TAXON,iTRAQ-based quantitative proteomic analysis of a toxigenic dinoflagellate Alexandrium catenella and its non-toxic mutant.
cyano_all,STX_DOC_000275,2015.0,cross_taxa,dinoflagellate_stx,dinoflagellates,DINO_TAXON,iTRAQ-based quantitative proteomic analysis of a toxigenic dinoflagellate Alexandrium catenella and its non-toxic mutant.
cyano_all,STX_DOC_000275,2015.0,cross_taxa,dinoflagellate_stx,alexandrium,DINO_TAXON,iTRAQ-based quantitative proteomic analysis of a toxigenic dinoflagellate Alexandrium catenella and its non-toxic mutant.
cyano_all,STX_DOC_000275,2015.0,cross_taxa,dinoflagellate_stx,alexandrium catenella,DINO_TAXON,iTRAQ-based quantitative proteomic analysis of a toxigenic dinoflagellate Alexandrium catenella and its non-toxic mutant.
cyano_all,STX_DOC_000275,2015.0,cross_taxa,dinoflagellate_stx,cyanobacteria,CYANO_TAXON,iTRAQ-based quantitative proteomic analysis of a toxigenic dinoflagellate Alexandrium catenella and its non-toxic mutant.
cyano_all,STX_DOC_000275,2015.0,cross_taxa,dinoflagellate_stx,biosynthesis,BIOLOGICAL_PROCESS,iTRAQ-based quantitative proteomic analysis of a toxigenic dinoflagellate Alexandrium catenella and its non-toxic mutant.
cyano_all,STX_DOC_000275,2015.0,cross_taxa,dinoflagellate_stx,regulation,BIOLOGICAL_PROCESS,iTRAQ-based quantitative proteomic analysis of a toxigenic dinoflagellate Alexandrium catenella and its non-toxic mutant.
cyano_all,STX_DOC_000275,2015.0,cross_taxa,dinoflagellate_stx,transcriptomic,BIOLOGICAL_PROCESS,iTRAQ-based quantitative proteomic analysis of a toxigenic dinoflagellate Alexandrium catenella and its non-toxic mutant.
cyano_all,STX_DOC_000276,2015.0,cyanobacteria,cyanobacteria_stx,saxitoxin,TOXIN,"Water Quality, Cyanobacteria, and Environmental Factors and Their Relations to Microcystin Concentrations for Use in Predictive Models at Ohio Lake Erie and Inland Lake Recreational Sites, 2013-14"
cyano_all,STX_DOC_000276,2015.0,cyanobacteria,cyanobacteria_stx,cyanobacteria,CYANO_TAXON,"Water Quality, Cyanobacteria, and Environmental Factors and Their Relations to Microcystin Concentrations for Use in Predictive Models at Ohio Lake Erie and Inland Lake Recreational Sites, 2013-14"
cyano_all,STX_DOC_000276,2015.0,cyanobacteria,cyanobacteria_stx,cyanobacterial,CYANO_TAXON,"Water Quality, Cyanobacteria, and Environmental Factors and Their Relations to Microcystin Concentrations for Use in Predictive Models at Ohio Lake Erie and Inland Lake Recreational Sites, 2013-14"
cyano_all,STX_DOC_000276,2015.0,cyanobacteria,cyanobacteria_stx,dolichospermum,CYANO_TAXON,"Water Quality, Cyanobacteria, and Environmental Factors and Their Relations to Microcystin Concentrations for Use in Predictive Models at Ohio Lake Erie and Inland Lake Recreational Sites, 2013-14"
cyano_all,STX_DOC_000276,2015.0,cyanobacteria,cyanobacteria_stx,anabaena,CYANO_TAXON,"Water Quality, Cyanobacteria, and Environmental Factors and Their Relations to Microcystin Concentrations for Use in Predictive Models at Ohio Lake Erie and Inland Lake Recreational Sites, 2013-14"
cyano_all,STX_DOC_000276,2015.0,cyanobacteria,cyanobacteria_stx,planktothrix,CYANO_TAXON,"Water Quality, Cyanobacteria, and Environmental Factors and Their Relations to Microcystin Concentrations for Use in Predictive Models at Ohio Lake Erie and Inland Lake Recreational Sites, 2013-14"
cyano_all,STX_DOC_000276,2015.0,cyanobacteria,cyanobacteria_stx,nitrogen,ENV_FACTOR,"Water Quality, Cyanobacteria, and Environmental Factors and Their Relations to Microcystin Concentrations for Use in Predictive Models at Ohio Lake Erie and Inland Lake Recreational Sites, 2013-14"
cyano_all,STX_DOC_000276,2015.0,cyanobacteria,cyanobacteria_stx,phosphorus,ENV_FACTOR,"Water Quality, Cyanobacteria, and Environmental Factors and Their Relations to Microcystin Concentrations for Use in Predictive Models at Ohio Lake Erie and Inland Lake Recreational Sites, 2013-14"
cyano_all,STX_DOC_000276,2015.0,cyanobacteria,cyanobacteria_stx,nitrate,ENV_FACTOR,"Water Quality, Cyanobacteria, and Environmental Factors and Their Relations to Microcystin Concentrations for Use in Predictive Models at Ohio Lake Erie and Inland Lake Recreational Sites, 2013-14"
cyano_all,STX_DOC_000276,2015.0,cyanobacteria,cyanobacteria_stx,nutrient,ENV_FACTOR,"Water Quality, Cyanobacteria, and Environmental Factors and Their Relations to Microcystin Concentrations for Use in Predictive Models at Ohio Lake Erie and Inland Lake Recreational Sites, 2013-14"
cyano_all,STX_DOC_000276,2015.0,cyanobacteria,cyanobacteria_stx,nutrients,ENV_FACTOR,"Water Quality, Cyanobacteria, and Environmental Factors and Their Relations to Microcystin Concentrations for Use in Predictive Models at Ohio Lake Erie and Inland Lake Recreational Sites, 2013-14"
cyano_all,STX_DOC_000276,2015.0,cyanobacteria,cyanobacteria_stx,bloom,ENV_FACTOR,"Water Quality, Cyanobacteria, and Environmental Factors and Their Relations to Microcystin Concentrations for Use in Predictive Models at Ohio Lake Erie and Inland Lake Recreational Sites, 2013-14"
cyano_all,STX_DOC_000276,2015.0,cyanobacteria,cyanobacteria_stx,toxin production,BIOLOGICAL_PROCESS,"Water Quality, Cyanobacteria, and Environmental Factors and Their Relations to Microcystin Concentrations for Use in Predictive Models at Ohio Lake Erie and Inland Lake Recreational Sites, 2013-14"
cyano_all,STX_DOC_000277,2014.0,cross_taxa,dinoflagellate_stx,saxitoxin,TOXIN,Termination of a toxic Alexandrium bloom with hydrogen peroxide.
cyano_all,STX_DOC_000277,2014.0,cross_taxa,dinoflagellate_stx,paralytic shellfish poisoning,TOXIN,Termination of a toxic Alexandrium bloom with hydrogen peroxide.
cyano_all,STX_DOC_000277,2014.0,cross_taxa,dinoflagellate_stx,dinoflagellate,DINO_TAXON,Termination of a toxic Alexandrium bloom with hydrogen peroxide.
cyano_all,STX_DOC_000277,2014.0,cross_taxa,dinoflagellate_stx,alexandrium,DINO_TAXON,Termination of a toxic Alexandrium bloom with hydrogen peroxide.
cyano_all,STX_DOC_000277,2014.0,cross_taxa,dinoflagellate_stx,alexandrium ostenfeldii,DINO_TAXON,Termination of a toxic Alexandrium bloom with hydrogen peroxide.
cyano_all,STX_DOC_000277,2014.0,cross_taxa,dinoflagellate_stx,cyanobacterial,CYANO_TAXON,Termination of a toxic Alexandrium bloom with hydrogen peroxide.
cyano_all,STX_DOC_000277,2014.0,cross_taxa,dinoflagellate_stx,bloom,ENV_FACTOR,Termination of a toxic Alexandrium bloom with hydrogen peroxide.
cyano_all,STX_DOC_000277,2014.0,cross_taxa,dinoflagellate_stx,harmful algal bloom,ENV_FACTOR,Termination of a toxic Alexandrium bloom with hydrogen peroxide.
cyano_all,STX_DOC_000278,2014.0,cyanobacteria,cyanobacteria_stx,saxitoxin,TOXIN,Cylindrospermopsis raciborskii dominates under very low and high nitrogen-to-phosphorus ratios.
cyano_all,STX_DOC_000278,2014.0,cyanobacteria,cyanobacteria_stx,cyanobacteria,CYANO_TAXON,Cylindrospermopsis raciborskii dominates under very low and high nitrogen-to-phosphorus ratios.
cyano_all,STX_DOC_000278,2014.0,cyanobacteria,cyanobacteria_stx,cyanobacterium,CYANO_TAXON,Cylindrospermopsis raciborskii dominates under very low and high nitrogen-to-phosphorus ratios.
cyano_all,STX_DOC_000278,2014.0,cyanobacteria,cyanobacteria_stx,cyanobacterial,CYANO_TAXON,Cylindrospermopsis raciborskii dominates under very low and high nitrogen-to-phosphorus ratios.
cyano_all,STX_DOC_000278,2014.0,cyanobacteria,cyanobacteria_stx,anabaena,CYANO_TAXON,Cylindrospermopsis raciborskii dominates under very low and high nitrogen-to-phosphorus ratios.
cyano_all,STX_DOC_000278,2014.0,cyanobacteria,cyanobacteria_stx,cylindrospermopsis,CYANO_TAXON,Cylindrospermopsis raciborskii dominates under very low and high nitrogen-to-phosphorus ratios.
cyano_all,STX_DOC_000278,2014.0,cyanobacteria,cyanobacteria_stx,temperature,ENV_FACTOR,Cylindrospermopsis raciborskii dominates under very low and high nitrogen-to-phosphorus ratios.
cyano_all,STX_DOC_000278,2014.0,cyanobacteria,cyanobacteria_stx,nitrogen,ENV_FACTOR,Cylindrospermopsis raciborskii dominates under very low and high nitrogen-to-phosphorus ratios.
cyano_all,STX_DOC_000278,2014.0,cyanobacteria,cyanobacteria_stx,phosphorus,ENV_FACTOR,Cylindrospermopsis raciborskii dominates under very low and high nitrogen-to-phosphorus ratios.
cyano_all,STX_DOC_000278,2014.0,cyanobacteria,cyanobacteria_stx,nutrient,ENV_FACTOR,Cylindrospermopsis raciborskii dominates under very low and high nitrogen-to-phosphorus ratios.
cyano_all,STX_DOC_000278,2014.0,cyanobacteria,cyanobacteria_stx,light,ENV_FACTOR,Cylindrospermopsis raciborskii dominates under very low and high nitrogen-to-phosphorus ratios.
cyano_all,STX_DOC_000280,2013.0,cross_taxa,dinoflagellate_stx,paralytic shellfish toxins,TOXIN,Quantitative determination of paralytic shellfish toxins in cultured toxic algae by LC-MS/MS.
cyano_all,STX_DOC_000280,2013.0,cross_taxa,dinoflagellate_stx,psts,TOXIN,Quantitative determination of paralytic shellfish toxins in cultured toxic algae by LC-MS/MS.
cyano_all,STX_DOC_000280,2013.0,cross_taxa,dinoflagellate_stx,dinoflagellate,DINO_TAXON,Quantitative determination of paralytic shellfish toxins in cultured toxic algae by LC-MS/MS.
cyano_all,STX_DOC_000280,2013.0,cross_taxa,dinoflagellate_stx,alexandrium,DINO_TAXON,Quantitative determination of paralytic shellfish toxins in cultured toxic algae by LC-MS/MS.
cyano_all,STX_DOC_000280,2013.0,cross_taxa,dinoflagellate_stx,alexandrium tamarense,DINO_TAXON,Quantitative determination of paralytic shellfish toxins in cultured toxic algae by LC-MS/MS.
cyano_all,STX_DOC_000280,2013.0,cross_taxa,dinoflagellate_stx,cyanobacteria,CYANO_TAXON,Quantitative determination of paralytic shellfish toxins in cultured toxic algae by LC-MS/MS.
cyano_all,STX_DOC_000280,2013.0,cross_taxa,dinoflagellate_stx,anabaena,CYANO_TAXON,Quantitative determination of paralytic shellfish toxins in cultured toxic algae by LC-MS/MS.
cyano_all,STX_DOC_000280,2013.0,cross_taxa,dinoflagellate_stx,hplc,DETECTION_METHOD,Quantitative determination of paralytic shellfish toxins in cultured toxic algae by LC-MS/MS.
cyano_all,STX_DOC_000280,2013.0,cross_taxa,dinoflagellate_stx,lc-ms,DETECTION_METHOD,Quantitative determination of paralytic shellfish toxins in cultured toxic algae by LC-MS/MS.
cyano_all,STX_DOC_000280,2013.0,cross_taxa,dinoflagellate_stx,lc-ms/ms,DETECTION_METHOD,Quantitative determination of paralytic shellfish toxins in cultured toxic algae by LC-MS/MS.
cyano_all,STX_DOC_000281,2013.0,cross_taxa,dinoflagellate_stx,saxitoxin,TOXIN,"An overview on the marine neurotoxin, saxitoxin: genetics, molecular targets, methods of detection and ecological functions."
cyano_all,STX_DOC_000281,2013.0,cross_taxa,dinoflagellate_stx,paralytic shellfish toxins,TOXIN,"An overview on the marine neurotoxin, saxitoxin: genetics, molecular targets, methods of detection and ecological functions."
cyano_all,STX_DOC_000281,2013.0,cross_taxa,dinoflagellate_stx,pst,TOXIN,"An overview on the marine neurotoxin, saxitoxin: genetics, molecular targets, methods of detection and ecological functions."
cyano_all,STX_DOC_000281,2013.0,cross_taxa,dinoflagellate_stx,psts,TOXIN,"An overview on the marine neurotoxin, saxitoxin: genetics, molecular targets, methods of detection and ecological functions."
cyano_all,STX_DOC_000281,2013.0,cross_taxa,dinoflagellate_stx,paralytic shellfish poisoning,TOXIN,"An overview on the marine neurotoxin, saxitoxin: genetics, molecular targets, methods of detection and ecological functions."
cyano_all,STX_DOC_000281,2013.0,cross_taxa,dinoflagellate_stx,dinoflagellates,DINO_TAXON,"An overview on the marine neurotoxin, saxitoxin: genetics, molecular targets, methods of detection and ecological functions."
cyano_all,STX_DOC_000281,2013.0,cross_taxa,dinoflagellate_stx,cyanobacteria,CYANO_TAXON,"An overview on the marine neurotoxin, saxitoxin: genetics, molecular targets, methods of detection and ecological functions."
cyano_all,STX_DOC_000284,2011.0,cyanobacteria,high_confidence_stx_biosynthesis,saxitoxin,TOXIN,A Putative Gene Cluster from a Lyngbya wollei Bloom that Encodes Paralytic Shellfish Toxin Biosynthesis
cyano_all,STX_DOC_000284,2011.0,cyanobacteria,high_confidence_stx_biosynthesis,paralytic shellfish toxin,TOXIN,A Putative Gene Cluster from a Lyngbya wollei Bloom that Encodes Paralytic Shellfish Toxin Biosynthesis
cyano_all,STX_DOC_000284,2011.0,cyanobacteria,high_confidence_stx_biosynthesis,cyanobacterium,CYANO_TAXON,A Putative Gene Cluster from a Lyngbya wollei Bloom that Encodes Paralytic Shellfish Toxin Biosynthesis
cyano_all,STX_DOC_000284,2011.0,cyanobacteria,high_confidence_stx_biosynthesis,lyngbya,CYANO_TAXON,A Putative Gene Cluster from a Lyngbya wollei Bloom that Encodes Paralytic Shellfish Toxin Biosynthesis
cyano_all,STX_DOC_000284,2011.0,cyanobacteria,high_confidence_stx_biosynthesis,bloom,ENV_FACTOR,A Putative Gene Cluster from a Lyngbya wollei Bloom that Encodes Paralytic Shellfish Toxin Biosynthesis
cyano_all,STX_DOC_000284,2011.0,cyanobacteria,high_confidence_stx_biosynthesis,biosynthesis,BIOLOGICAL_PROCESS,A Putative Gene Cluster from a Lyngbya wollei Bloom that Encodes Paralytic Shellfish Toxin Biosynthesis
cyano_all,STX_DOC_000284,2011.0,cyanobacteria,high_confidence_stx_biosynthesis,toxin biosynthesis,BIOLOGICAL_PROCESS,A Putative Gene Cluster from a Lyngbya wollei Bloom that Encodes Paralytic Shellfish Toxin Biosynthesis
cyano_all,STX_DOC_000291,2006.0,cyanobacteria,cyanobacteria_stx,saxitoxin,TOXIN,Comparative gene expression of PSP-toxin producing and non-toxic Anabaena circinalis strains.
cyano_all,STX_DOC_000291,2006.0,cyanobacteria,cyanobacteria_stx,stx,TOXIN,Comparative gene expression of PSP-toxin producing and non-toxic Anabaena circinalis strains.
cyano_all,STX_DOC_000291,2006.0,cyanobacteria,cyanobacteria_stx,paralytic shellfish poisoning,TOXIN,Comparative gene expression of PSP-toxin producing and non-toxic Anabaena circinalis strains.
cyano_all,STX_DOC_000291,2006.0,cyanobacteria,cyanobacteria_stx,cyanobacteria,CYANO_TAXON,Comparative gene expression of PSP-toxin producing and non-toxic Anabaena circinalis strains.
cyano_all,STX_DOC_000291,2006.0,cyanobacteria,cyanobacteria_stx,cyanobacterium,CYANO_TAXON,Comparative gene expression of PSP-toxin producing and non-toxic Anabaena circinalis strains.
cyano_all,STX_DOC_000291,2006.0,cyanobacteria,cyanobacteria_stx,anabaena,CYANO_TAXON,Comparative gene expression of PSP-toxin producing and non-toxic Anabaena circinalis strains.
cyano_all,STX_DOC_000291,2006.0,cyanobacteria,cyanobacteria_stx,cylindrospermopsis,CYANO_TAXON,Comparative gene expression of PSP-toxin producing and non-toxic Anabaena circinalis strains.
cyano_all,STX_DOC_000291,2006.0,cyanobacteria,cyanobacteria_stx,bloom,ENV_FACTOR,Comparative gene expression of PSP-toxin producing and non-toxic Anabaena circinalis strains.
cyano_all,STX_DOC_000291,2006.0,cyanobacteria,cyanobacteria_stx,expression,BIOLOGICAL_PROCESS,Comparative gene expression of PSP-toxin producing and non-toxic Anabaena circinalis strains.
cyano_all,STX_DOC_000291,2006.0,cyanobacteria,cyanobacteria_stx,gene expression,BIOLOGICAL_PROCESS,Comparative gene expression of PSP-toxin producing and non-toxic Anabaena circinalis strains.
cyano_all,STX_DOC_000291,2006.0,cyanobacteria,cyanobacteria_stx,transcription,BIOLOGICAL_PROCESS,Comparative gene expression of PSP-toxin producing and non-toxic Anabaena circinalis strains.
cyano_all,STX_DOC_000297,2002.0,cyanobacteria,cyanobacteria_stx,saxitoxin,TOXIN,"Toxins in the freshwater cyanobacterium Cylindrospermopsis raciborskii (Cyanophyceae) isolated from Tabocas reservoir in Caruaru, Brazil, including demonstration of a new saxitoxin analogue"
cyano_all,STX_DOC_000297,2002.0,cyanobacteria,cyanobacteria_stx,neosaxitoxin,TOXIN,"Toxins in the freshwater cyanobacterium Cylindrospermopsis raciborskii (Cyanophyceae) isolated from Tabocas reservoir in Caruaru, Brazil, including demonstration of a new saxitoxin analogue"
cyano_all,STX_DOC_000297,2002.0,cyanobacteria,cyanobacteria_stx,gonyautoxin,TOXIN,"Toxins in the freshwater cyanobacterium Cylindrospermopsis raciborskii (Cyanophyceae) isolated from Tabocas reservoir in Caruaru, Brazil, including demonstration of a new saxitoxin analogue"
cyano_all,STX_DOC_000297,2002.0,cyanobacteria,cyanobacteria_stx,paralytic shellfish poisoning,TOXIN,"Toxins in the freshwater cyanobacterium Cylindrospermopsis raciborskii (Cyanophyceae) isolated from Tabocas reservoir in Caruaru, Brazil, including demonstration of a new saxitoxin analogue"
cyano_all,STX_DOC_000297,2002.0,cyanobacteria,cyanobacteria_stx,cyanobacteria,CYANO_TAXON,"Toxins in the freshwater cyanobacterium Cylindrospermopsis raciborskii (Cyanophyceae) isolated from Tabocas reservoir in Caruaru, Brazil, including demonstration of a new saxitoxin analogue"
cyano_all,STX_DOC_000297,2002.0,cyanobacteria,cyanobacteria_stx,cyanobacterium,CYANO_TAXON,"Toxins in the freshwater cyanobacterium Cylindrospermopsis raciborskii (Cyanophyceae) isolated from Tabocas reservoir in Caruaru, Brazil, including demonstration of a new saxitoxin analogue"
cyano_all,STX_DOC_000297,2002.0,cyanobacteria,cyanobacteria_stx,cylindrospermopsis,CYANO_TAXON,"Toxins in the freshwater cyanobacterium Cylindrospermopsis raciborskii (Cyanophyceae) isolated from Tabocas reservoir in Caruaru, Brazil, including demonstration of a new saxitoxin analogue"
cyano_all,STX_DOC_000297,2002.0,cyanobacteria,cyanobacteria_stx,bloom,ENV_FACTOR,"Toxins in the freshwater cyanobacterium Cylindrospermopsis raciborskii (Cyanophyceae) isolated from Tabocas reservoir in Caruaru, Brazil, including demonstration of a new saxitoxin analogue"
cyano_all,STX_DOC_000297,2002.0,cyanobacteria,cyanobacteria_stx,mass spectrometry,DETECTION_METHOD,"Toxins in the freshwater cyanobacterium Cylindrospermopsis raciborskii (Cyanophyceae) isolated from Tabocas reservoir in Caruaru, Brazil, including demonstration of a new saxitoxin analogue"
cyano_all,STX_DOC_000297,2002.0,cyanobacteria,cyanobacteria_stx,mouse bioassay,DETECTION_METHOD,"Toxins in the freshwater cyanobacterium Cylindrospermopsis raciborskii (Cyanophyceae) isolated from Tabocas reservoir in Caruaru, Brazil, including demonstration of a new saxitoxin analogue"
cyano_all,STX_DOC_000298,2001.0,cyanobacteria,cyanobacteria_stx,paralytic shellfish poisoning,TOXIN,"THE CYANOTOXINS‐BIOACTIVE METABOLITES OF CYANOBACTERIA: OCCURRENCE, ECOLOGICAL ROLE, TAXONOMIC CONCERNS AND EFFECTS ON HUMANS"
cyano_all,STX_DOC_000298,2001.0,cyanobacteria,cyanobacteria_stx,cyanobacteria,CYANO_TAXON,"THE CYANOTOXINS‐BIOACTIVE METABOLITES OF CYANOBACTERIA: OCCURRENCE, ECOLOGICAL ROLE, TAXONOMIC CONCERNS AND EFFECTS ON HUMANS"
cyano_all,STX_DOC_000298,2001.0,cyanobacteria,cyanobacteria_stx,aphanizomenon,CYANO_TAXON,"THE CYANOTOXINS‐BIOACTIVE METABOLITES OF CYANOBACTERIA: OCCURRENCE, ECOLOGICAL ROLE, TAXONOMIC CONCERNS AND EFFECTS ON HUMANS"
cyano_all,STX_DOC_000298,2001.0,cyanobacteria,cyanobacteria_stx,anabaena,CYANO_TAXON,"THE CYANOTOXINS‐BIOACTIVE METABOLITES OF CYANOBACTERIA: OCCURRENCE, ECOLOGICAL ROLE, TAXONOMIC CONCERNS AND EFFECTS ON HUMANS"
cyano_all,STX_DOC_000298,2001.0,cyanobacteria,cyanobacteria_stx,lyngbya,CYANO_TAXON,"THE CYANOTOXINS‐BIOACTIVE METABOLITES OF CYANOBACTERIA: OCCURRENCE, ECOLOGICAL ROLE, TAXONOMIC CONCERNS AND EFFECTS ON HUMANS"
cyano_all,STX_DOC_000298,2001.0,cyanobacteria,cyanobacteria_stx,planktothrix,CYANO_TAXON,"THE CYANOTOXINS‐BIOACTIVE METABOLITES OF CYANOBACTERIA: OCCURRENCE, ECOLOGICAL ROLE, TAXONOMIC CONCERNS AND EFFECTS ON HUMANS"
cyano_all,STX_DOC_000298,2001.0,cyanobacteria,cyanobacteria_stx,scytonema,CYANO_TAXON,"THE CYANOTOXINS‐BIOACTIVE METABOLITES OF CYANOBACTERIA: OCCURRENCE, ECOLOGICAL ROLE, TAXONOMIC CONCERNS AND EFFECTS ON HUMANS"
cyano_all,STX_DOC_000299,2000.0,cyanobacteria,cyanobacteria_stx,saxitoxin,TOXIN,"Paralytic shellfish toxins in the freshwater cyanobacterium Aphanizomenon flos-aquae, isolated from Montargil reservoir, Portugal."
cyano_all,STX_DOC_000299,2000.0,cyanobacteria,cyanobacteria_stx,stx,TOXIN,"Paralytic shellfish toxins in the freshwater cyanobacterium Aphanizomenon flos-aquae, isolated from Montargil reservoir, Portugal."
cyano_all,STX_DOC_000299,2000.0,cyanobacteria,cyanobacteria_stx,paralytic shellfish toxins,TOXIN,"Paralytic shellfish toxins in the freshwater cyanobacterium Aphanizomenon flos-aquae, isolated from Montargil reservoir, Portugal."
cyano_all,STX_DOC_000299,2000.0,cyanobacteria,cyanobacteria_stx,cyanobacteria,CYANO_TAXON,"Paralytic shellfish toxins in the freshwater cyanobacterium Aphanizomenon flos-aquae, isolated from Montargil reservoir, Portugal."
cyano_all,STX_DOC_000299,2000.0,cyanobacteria,cyanobacteria_stx,cyanobacterium,CYANO_TAXON,"Paralytic shellfish toxins in the freshwater cyanobacterium Aphanizomenon flos-aquae, isolated from Montargil reservoir, Portugal."
cyano_all,STX_DOC_000299,2000.0,cyanobacteria,cyanobacteria_stx,aphanizomenon,CYANO_TAXON,"Paralytic shellfish toxins in the freshwater cyanobacterium Aphanizomenon flos-aquae, isolated from Montargil reservoir, Portugal."
cyano_all,STX_DOC_000299,2000.0,cyanobacteria,cyanobacteria_stx,bloom,ENV_FACTOR,"Paralytic shellfish toxins in the freshwater cyanobacterium Aphanizomenon flos-aquae, isolated from Montargil reservoir, Portugal."
cyano_all,STX_DOC_000299,2000.0,cyanobacteria,cyanobacteria_stx,toxicity,BIOLOGICAL_PROCESS,"Paralytic shellfish toxins in the freshwater cyanobacterium Aphanizomenon flos-aquae, isolated from Montargil reservoir, Portugal."
cyano_all,STX_DOC_000299,2000.0,cyanobacteria,cyanobacteria_stx,toxin production,BIOLOGICAL_PROCESS,"Paralytic shellfish toxins in the freshwater cyanobacterium Aphanizomenon flos-aquae, isolated from Montargil reservoir, Portugal."
cyano_all,STX_DOC_000299,2000.0,cyanobacteria,cyanobacteria_stx,hplc,DETECTION_METHOD,"Paralytic shellfish toxins in the freshwater cyanobacterium Aphanizomenon flos-aquae, isolated from Montargil reservoir, Portugal."
cyano_all,STX_DOC_000299,2000.0,cyanobacteria,cyanobacteria_stx,lc-ms,DETECTION_METHOD,"Paralytic shellfish toxins in the freshwater cyanobacterium Aphanizomenon flos-aquae, isolated from Montargil reservoir, Portugal."
cyano_all,STX_DOC_000299,2000.0,cyanobacteria,cyanobacteria_stx,mass spectrometry,DETECTION_METHOD,"Paralytic shellfish toxins in the freshwater cyanobacterium Aphanizomenon flos-aquae, isolated from Montargil reservoir, Portugal."
cyano_all,STX_DOC_000299,2000.0,cyanobacteria,cyanobacteria_stx,mouse bioassay,DETECTION_METHOD,"Paralytic shellfish toxins in the freshwater cyanobacterium Aphanizomenon flos-aquae, isolated from Montargil reservoir, Portugal."
cyano_all,STX_DOC_000301,1997.0,cyanobacteria,cyanobacteria_stx,saxitoxin,TOXIN,Evidence for paralytic shellfish poisons in the freshwater cyanobacterium Lyngbya wollei (Farlow ex Gomont) comb. nov.
cyano_all,STX_DOC_000301,1997.0,cyanobacteria,cyanobacteria_stx,paralytic shellfish toxins,TOXIN,Evidence for paralytic shellfish poisons in the freshwater cyanobacterium Lyngbya wollei (Farlow ex Gomont) comb. nov.
cyano_all,STX_DOC_000301,1997.0,cyanobacteria,cyanobacteria_stx,paralytic shellfish poisoning,TOXIN,Evidence for paralytic shellfish poisons in the freshwater cyanobacterium Lyngbya wollei (Farlow ex Gomont) comb. nov.
cyano_all,STX_DOC_000301,1997.0,cyanobacteria,cyanobacteria_stx,cyanobacterium,CYANO_TAXON,Evidence for paralytic shellfish poisons in the freshwater cyanobacterium Lyngbya wollei (Farlow ex Gomont) comb. nov.
cyano_all,STX_DOC_000301,1997.0,cyanobacteria,cyanobacteria_stx,lyngbya,CYANO_TAXON,Evidence for paralytic shellfish poisons in the freshwater cyanobacterium Lyngbya wollei (Farlow ex Gomont) comb. nov.
cyano_all,STX_DOC_000301,1997.0,cyanobacteria,cyanobacteria_stx,toxicity,BIOLOGICAL_PROCESS,Evidence for paralytic shellfish poisons in the freshwater cyanobacterium Lyngbya wollei (Farlow ex Gomont) comb. nov.
cyano_all,STX_DOC_000301,1997.0,cyanobacteria,cyanobacteria_stx,hplc,DETECTION_METHOD,Evidence for paralytic shellfish poisons in the freshwater cyanobacterium Lyngbya wollei (Farlow ex Gomont) comb. nov.
cyano_all,STX_DOC_000301,1997.0,cyanobacteria,cyanobacteria_stx,mouse bioassay,DETECTION_METHOD,Evidence for paralytic shellfish poisons in the freshwater cyanobacterium Lyngbya wollei (Farlow ex Gomont) comb. nov.
cyano_all,STX_DOC_000302,1990.0,cyanobacteria,cyanobacteria_stx,saxitoxin,TOXIN,Natural Toxins from Cyanobacteria (Blue-Green Algae)
cyano_all,STX_DOC_000302,1990.0,cyanobacteria,cyanobacteria_stx,neosaxitoxin,TOXIN,Natural Toxins from Cyanobacteria (Blue-Green Algae)
cyano_all,STX_DOC_000302,1990.0,cyanobacteria,cyanobacteria_stx,paralytic shellfish poisoning,TOXIN,Natural Toxins from Cyanobacteria (Blue-Green Algae)
cyano_all,STX_DOC_000302,1990.0,cyanobacteria,cyanobacteria_stx,cyanobacteria,CYANO_TAXON,Natural Toxins from Cyanobacteria (Blue-Green Algae)
cyano_all,STX_DOC_000302,1990.0,cyanobacteria,cyanobacteria_stx,aphanizomenon,CYANO_TAXON,Natural Toxins from Cyanobacteria (Blue-Green Algae)
cyano_all,STX_DOC_000302,1990.0,cyanobacteria,cyanobacteria_stx,anabaena,CYANO_TAXON,Natural Toxins from Cyanobacteria (Blue-Green Algae)
cyano_all,STX_DOC_000302,1990.0,cyanobacteria,cyanobacteria_stx,lyngbya,CYANO_TAXON,Natural Toxins from Cyanobacteria (Blue-Green Algae)
cyano_all,STX_DOC_000302,1990.0,cyanobacteria,cyanobacteria_stx,scytonema,CYANO_TAXON,Natural Toxins from Cyanobacteria (Blue-Green Algae)
cyano_all,STX_DOC_000302,1990.0,cyanobacteria,cyanobacteria_stx,toxicity,BIOLOGICAL_PROCESS,Natural Toxins from Cyanobacteria (Blue-Green Algae)
cyano_all,STX_DOC_000305,2024.0,cross_taxa,high_confidence_stx_biosynthesis,saxitoxin,TOXIN,"Okeanomitos corallinicola gen. and sp. nov. (Nostocales, Cyanobacteria), a new toxic marine heterocyte-forming Cyanobacterium from a coral reef."
cyano_all,STX_DOC_000305,2024.0,cross_taxa,high_confidence_stx_biosynthesis,dinoflagellates,DINO_TAXON,"Okeanomitos corallinicola gen. and sp. nov. (Nostocales, Cyanobacteria), a new toxic marine heterocyte-forming Cyanobacterium from a coral reef."
cyano_all,STX_DOC_000305,2024.0,cross_taxa,high_confidence_stx_biosynthesis,cyanobacteria,CYANO_TAXON,"Okeanomitos corallinicola gen. and sp. nov. (Nostocales, Cyanobacteria), a new toxic marine heterocyte-forming Cyanobacterium from a coral reef."
cyano_all,STX_DOC_000305,2024.0,cross_taxa,high_confidence_stx_biosynthesis,cyanobacterium,CYANO_TAXON,"Okeanomitos corallinicola gen. and sp. nov. (Nostocales, Cyanobacteria), a new toxic marine heterocyte-forming Cyanobacterium from a coral reef."
cyano_all,STX_DOC_000305,2024.0,cross_taxa,high_confidence_stx_biosynthesis,cyanobacterial,CYANO_TAXON,"Okeanomitos corallinicola gen. and sp. nov. (Nostocales, Cyanobacteria), a new toxic marine heterocyte-forming Cyanobacterium from a coral reef."
cyano_all,STX_DOC_000305,2024.0,cross_taxa,high_confidence_stx_biosynthesis,nutrient,ENV_FACTOR,"Okeanomitos corallinicola gen. and sp. nov. (Nostocales, Cyanobacteria), a new toxic marine heterocyte-forming Cyanobacterium from a coral reef."
cyano_all,STX_DOC_000305,2024.0,cross_taxa,high_confidence_stx_biosynthesis,climate,ENV_FACTOR,"Okeanomitos corallinicola gen. and sp. nov. (Nostocales, Cyanobacteria), a new toxic marine heterocyte-forming Cyanobacterium from a coral reef."
cyano_all,STX_DOC_000305,2024.0,cross_taxa,high_confidence_stx_biosynthesis,biosynthesis,BIOLOGICAL_PROCESS,"Okeanomitos corallinicola gen. and sp. nov. (Nostocales, Cyanobacteria), a new toxic marine heterocyte-forming Cyanobacterium from a coral reef."
cyano_all,STX_DOC_000305,2024.0,cross_taxa,high_confidence_stx_biosynthesis,saxitoxin biosynthesis,BIOLOGICAL_PROCESS,"Okeanomitos corallinicola gen. and sp. nov. (Nostocales, Cyanobacteria), a new toxic marine heterocyte-forming Cyanobacterium from a coral reef."
cyano_all,STX_DOC_000305,2024.0,cross_taxa,high_confidence_stx_biosynthesis,phylogenetic,BIOLOGICAL_PROCESS,"Okeanomitos corallinicola gen. and sp. nov. (Nostocales, Cyanobacteria), a new toxic marine heterocyte-forming Cyanobacterium from a coral reef."
cyano_all,STX_DOC_000307,2021.0,cross_taxa,dinoflagellate_stx,paralytic shellfish toxins,TOXIN,Harmful algal blooms and their effects in coastal seas of Northern Europe
cyano_all,STX_DOC_000307,2021.0,cross_taxa,dinoflagellate_stx,pst,TOXIN,Harmful algal blooms and their effects in coastal seas of Northern Europe
cyano_all,STX_DOC_000307,2021.0,cross_taxa,dinoflagellate_stx,dinoflagellate,DINO_TAXON,Harmful algal blooms and their effects in coastal seas of Northern Europe
cyano_all,STX_DOC_000307,2021.0,cross_taxa,dinoflagellate_stx,dinoflagellates,DINO_TAXON,Harmful algal blooms and their effects in coastal seas of Northern Europe
cyano_all,STX_DOC_000307,2021.0,cross_taxa,dinoflagellate_stx,alexandrium,DINO_TAXON,Harmful algal blooms and their effects in coastal seas of Northern Europe
cyano_all,STX_DOC_000307,2021.0,cross_taxa,dinoflagellate_stx,cyanobacteria,CYANO_TAXON,Harmful algal blooms and their effects in coastal seas of Northern Europe
cyano_all,STX_DOC_000307,2021.0,cross_taxa,dinoflagellate_stx,climate,ENV_FACTOR,Harmful algal blooms and their effects in coastal seas of Northern Europe
cyano_all,STX_DOC_000307,2021.0,cross_taxa,dinoflagellate_stx,bloom,ENV_FACTOR,Harmful algal blooms and their effects in coastal seas of Northern Europe
cyano_all,STX_DOC_000308,2021.0,cyanobacteria,cyanobacteria_stx,cyanobacteria,CYANO_TAXON,Evaluation of indicators for cyanobacterial risk in 108 temperate lakes using 23 years of environmental monitoring data
cyano_all,STX_DOC_000308,2021.0,cyanobacteria,cyanobacteria_stx,cyanobacterial,CYANO_TAXON,Evaluation of indicators for cyanobacterial risk in 108 temperate lakes using 23 years of environmental monitoring data
cyano_all,STX_DOC_000308,2021.0,cyanobacteria,cyanobacteria_stx,aphanizomenon,CYANO_TAXON,Evaluation of indicators for cyanobacterial risk in 108 temperate lakes using 23 years of environmental monitoring data
cyano_all,STX_DOC_000308,2021.0,cyanobacteria,cyanobacteria_stx,dolichospermum,CYANO_TAXON,Evaluation of indicators for cyanobacterial risk in 108 temperate lakes using 23 years of environmental monitoring data
cyano_all,STX_DOC_000308,2021.0,cyanobacteria,cyanobacteria_stx,anabaena,CYANO_TAXON,Evaluation of indicators for cyanobacterial risk in 108 temperate lakes using 23 years of environmental monitoring data
cyano_all,STX_DOC_000308,2021.0,cyanobacteria,cyanobacteria_stx,planktothrix,CYANO_TAXON,Evaluation of indicators for cyanobacterial risk in 108 temperate lakes using 23 years of environmental monitoring data
cyano_all,STX_DOC_000308,2021.0,cyanobacteria,cyanobacteria_stx,phosphorus,ENV_FACTOR,Evaluation of indicators for cyanobacterial risk in 108 temperate lakes using 23 years of environmental monitoring data
cyano_all,STX_DOC_000308,2021.0,cyanobacteria,cyanobacteria_stx,nutrient,ENV_FACTOR,Evaluation of indicators for cyanobacterial risk in 108 temperate lakes using 23 years of environmental monitoring data
cyano_all,STX_DOC_000308,2021.0,cyanobacteria,cyanobacteria_stx,nutrients,ENV_FACTOR,Evaluation of indicators for cyanobacterial risk in 108 temperate lakes using 23 years of environmental monitoring data
cyano_all,STX_DOC_000313,2018.0,cyanobacteria,high_confidence_stx_biosynthesis,saxitoxin,TOXIN,Chemistry of a Unique Polyketide-like Synthase.
cyano_all,STX_DOC_000313,2018.0,cyanobacteria,high_confidence_stx_biosynthesis,stx,TOXIN,Chemistry of a Unique Polyketide-like Synthase.
cyano_all,STX_DOC_000313,2018.0,cyanobacteria,high_confidence_stx_biosynthesis,sxta,SXT_GENE,Chemistry of a Unique Polyketide-like Synthase.
cyano_all,STX_DOC_000313,2018.0,cyanobacteria,high_confidence_stx_biosynthesis,cyanobacteria,CYANO_TAXON,Chemistry of a Unique Polyketide-like Synthase.
cyano_all,STX_DOC_000313,2018.0,cyanobacteria,high_confidence_stx_biosynthesis,cylindrospermopsis,CYANO_TAXON,Chemistry of a Unique Polyketide-like Synthase.
cyano_all,STX_DOC_000313,2018.0,cyanobacteria,high_confidence_stx_biosynthesis,biosynthesis,BIOLOGICAL_PROCESS,Chemistry of a Unique Polyketide-like Synthase.
cyano_all,STX_DOC_000316,2015.0,cyanobacteria,cyanobacteria_stx,saxitoxin,TOXIN,Antioxidative responses in zebrafish liver exposed to sublethal doses Aphanizomenon flos-aquae DC-1 aphantoxins.
cyano_all,STX_DOC_000316,2015.0,cyanobacteria,cyanobacteria_stx,stx,TOXIN,Antioxidative responses in zebrafish liver exposed to sublethal doses Aphanizomenon flos-aquae DC-1 aphantoxins.
cyano_all,STX_DOC_000316,2015.0,cyanobacteria,cyanobacteria_stx,neosaxitoxin,TOXIN,Antioxidative responses in zebrafish liver exposed to sublethal doses Aphanizomenon flos-aquae DC-1 aphantoxins.
cyano_all,STX_DOC_000316,2015.0,cyanobacteria,cyanobacteria_stx,cyanobacterial,CYANO_TAXON,Antioxidative responses in zebrafish liver exposed to sublethal doses Aphanizomenon flos-aquae DC-1 aphantoxins.
cyano_all,STX_DOC_000316,2015.0,cyanobacteria,cyanobacteria_stx,aphanizomenon,CYANO_TAXON,Antioxidative responses in zebrafish liver exposed to sublethal doses Aphanizomenon flos-aquae DC-1 aphantoxins.
cyano_all,STX_DOC_000316,2015.0,cyanobacteria,cyanobacteria_stx,toxicity,BIOLOGICAL_PROCESS,Antioxidative responses in zebrafish liver exposed to sublethal doses Aphanizomenon flos-aquae DC-1 aphantoxins.
cyano_all,STX_DOC_000318,2014.0,cyanobacteria,high_confidence_stx_biosynthesis,saxitoxin,TOXIN,Application of ancient DNA to the reconstruction of past microbial assemblages and for the detection of toxic cyanobacteria in subtropical freshwater ecosystems.
cyano_all,STX_DOC_000318,2014.0,cyanobacteria,high_confidence_stx_biosynthesis,sxtu,SXT_GENE,Application of ancient DNA to the reconstruction of past microbial assemblages and for the detection of toxic cyanobacteria in subtropical freshwater ecosystems.
cyano_all,STX_DOC_000318,2014.0,cyanobacteria,high_confidence_stx_biosynthesis,cyanobacteria,CYANO_TAXON,Application of ancient DNA to the reconstruction of past microbial assemblages and for the detection of toxic cyanobacteria in subtropical freshwater ecosystems.
cyano_all,STX_DOC_000318,2014.0,cyanobacteria,high_confidence_stx_biosynthesis,cyanobacterial,CYANO_TAXON,Application of ancient DNA to the reconstruction of past microbial assemblages and for the detection of toxic cyanobacteria in subtropical freshwater ecosystems.
cyano_all,STX_DOC_000318,2014.0,cyanobacteria,high_confidence_stx_biosynthesis,cylindrospermopsis,CYANO_TAXON,Application of ancient DNA to the reconstruction of past microbial assemblages and for the detection of toxic cyanobacteria in subtropical freshwater ecosystems.
cyano_all,STX_DOC_000318,2014.0,cyanobacteria,high_confidence_stx_biosynthesis,biosynthesis,BIOLOGICAL_PROCESS,Application of ancient DNA to the reconstruction of past microbial assemblages and for the detection of toxic cyanobacteria in subtropical freshwater ecosystems.
cyano_all,STX_DOC_000318,2014.0,cyanobacteria,high_confidence_stx_biosynthesis,toxin biosynthesis,BIOLOGICAL_PROCESS,Application of ancient DNA to the reconstruction of past microbial assemblages and for the detection of toxic cyanobacteria in subtropical freshwater ecosystems.
cyano_all,STX_DOC_000318,2014.0,cyanobacteria,high_confidence_stx_biosynthesis,phylogenetic,BIOLOGICAL_PROCESS,Application of ancient DNA to the reconstruction of past microbial assemblages and for the detection of toxic cyanobacteria in subtropical freshwater ecosystems.
cyano_all,STX_DOC_000319,2014.0,cyanobacteria,high_confidence_stx_biosynthesis,saxitoxin,TOXIN,"Cianobactérias e cianotoxinas em áreas recreacionais do Reservatório de Salto Grande, Americana - SP"
cyano_all,STX_DOC_000319,2014.0,cyanobacteria,high_confidence_stx_biosynthesis,sxta,SXT_GENE,"Cianobactérias e cianotoxinas em áreas recreacionais do Reservatório de Salto Grande, Americana - SP"
cyano_all,STX_DOC_000319,2014.0,cyanobacteria,high_confidence_stx_biosynthesis,sxti,SXT_GENE,"Cianobactérias e cianotoxinas em áreas recreacionais do Reservatório de Salto Grande, Americana - SP"
cyano_all,STX_DOC_000319,2014.0,cyanobacteria,high_confidence_stx_biosynthesis,cyanobacteria,CYANO_TAXON,"Cianobactérias e cianotoxinas em áreas recreacionais do Reservatório de Salto Grande, Americana - SP"
cyano_all,STX_DOC_000319,2014.0,cyanobacteria,high_confidence_stx_biosynthesis,cyanobacterial,CYANO_TAXON,"Cianobactérias e cianotoxinas em áreas recreacionais do Reservatório de Salto Grande, Americana - SP"
cyano_all,STX_DOC_000319,2014.0,cyanobacteria,high_confidence_stx_biosynthesis,warming,ENV_FACTOR,"Cianobactérias e cianotoxinas em áreas recreacionais do Reservatório de Salto Grande, Americana - SP"
cyano_all,STX_DOC_000319,2014.0,cyanobacteria,high_confidence_stx_biosynthesis,bloom,ENV_FACTOR,"Cianobactérias e cianotoxinas em áreas recreacionais do Reservatório de Salto Grande, Americana - SP"
cyano_all,STX_DOC_000319,2014.0,cyanobacteria,high_confidence_stx_biosynthesis,regulation,BIOLOGICAL_PROCESS,"Cianobactérias e cianotoxinas em áreas recreacionais do Reservatório de Salto Grande, Americana - SP"
cyano_all,STX_DOC_000319,2014.0,cyanobacteria,high_confidence_stx_biosynthesis,phylogenetic,BIOLOGICAL_PROCESS,"Cianobactérias e cianotoxinas em áreas recreacionais do Reservatório de Salto Grande, Americana - SP"
cyano_all,STX_DOC_000319,2014.0,cyanobacteria,high_confidence_stx_biosynthesis,lc-ms,DETECTION_METHOD,"Cianobactérias e cianotoxinas em áreas recreacionais do Reservatório de Salto Grande, Americana - SP"
cyano_all,STX_DOC_000319,2014.0,cyanobacteria,high_confidence_stx_biosynthesis,lc-ms/ms,DETECTION_METHOD,"Cianobactérias e cianotoxinas em áreas recreacionais do Reservatório de Salto Grande, Americana - SP"
cyano_all,STX_DOC_000322,2013.0,cross_taxa,high_confidence_stx_biosynthesis,paralytic shellfish toxin,TOXIN,Comparative Proteomic Analysis Reveals Proteins Putatively Involved in Toxin Biosynthesis in the Marine Dinoflagellate Alexandrium catenella
cyano_all,STX_DOC_000322,2013.0,cross_taxa,high_confidence_stx_biosynthesis,dinoflagellate,DINO_TAXON,Comparative Proteomic Analysis Reveals Proteins Putatively Involved in Toxin Biosynthesis in the Marine Dinoflagellate Alexandrium catenella
cyano_all,STX_DOC_000322,2013.0,cross_taxa,high_confidence_stx_biosynthesis,dinoflagellates,DINO_TAXON,Comparative Proteomic Analysis Reveals Proteins Putatively Involved in Toxin Biosynthesis in the Marine Dinoflagellate Alexandrium catenella
cyano_all,STX_DOC_000322,2013.0,cross_taxa,high_confidence_stx_biosynthesis,alexandrium,DINO_TAXON,Comparative Proteomic Analysis Reveals Proteins Putatively Involved in Toxin Biosynthesis in the Marine Dinoflagellate Alexandrium catenella
cyano_all,STX_DOC_000322,2013.0,cross_taxa,high_confidence_stx_biosynthesis,alexandrium catenella,DINO_TAXON,Comparative Proteomic Analysis Reveals Proteins Putatively Involved in Toxin Biosynthesis in the Marine Dinoflagellate Alexandrium catenella
cyano_all,STX_DOC_000322,2013.0,cross_taxa,high_confidence_stx_biosynthesis,cyanobacteria,CYANO_TAXON,Comparative Proteomic Analysis Reveals Proteins Putatively Involved in Toxin Biosynthesis in the Marine Dinoflagellate Alexandrium catenella
cyano_all,STX_DOC_000322,2013.0,cross_taxa,high_confidence_stx_biosynthesis,biosynthesis,BIOLOGICAL_PROCESS,Comparative Proteomic Analysis Reveals Proteins Putatively Involved in Toxin Biosynthesis in the Marine Dinoflagellate Alexandrium catenella
cyano_all,STX_DOC_000322,2013.0,cross_taxa,high_confidence_stx_biosynthesis,toxin biosynthesis,BIOLOGICAL_PROCESS,Comparative Proteomic Analysis Reveals Proteins Putatively Involved in Toxin Biosynthesis in the Marine Dinoflagellate Alexandrium catenella
cyano_all,STX_DOC_000322,2013.0,cross_taxa,high_confidence_stx_biosynthesis,mass spectrometry,DETECTION_METHOD,Comparative Proteomic Analysis Reveals Proteins Putatively Involved in Toxin Biosynthesis in the Marine Dinoflagellate Alexandrium catenella
cyano_all,STX_DOC_000323,2011.0,cross_taxa,high_confidence_stx_biosynthesis,saxitoxin,TOXIN,"First report of saxitoxin production by a species of the freshwater benthic cyanobacterium, Scytonema Agardh."
cyano_all,STX_DOC_000323,2011.0,cross_taxa,high_confidence_stx_biosynthesis,sxta,SXT_GENE,"First report of saxitoxin production by a species of the freshwater benthic cyanobacterium, Scytonema Agardh."
cyano_all,STX_DOC_000323,2011.0,cross_taxa,high_confidence_stx_biosynthesis,dinoflagellates,DINO_TAXON,"First report of saxitoxin production by a species of the freshwater benthic cyanobacterium, Scytonema Agardh."
cyano_all,STX_DOC_000323,2011.0,cross_taxa,high_confidence_stx_biosynthesis,cyanobacteria,CYANO_TAXON,"First report of saxitoxin production by a species of the freshwater benthic cyanobacterium, Scytonema Agardh."
cyano_all,STX_DOC_000323,2011.0,cross_taxa,high_confidence_stx_biosynthesis,cyanobacterium,CYANO_TAXON,"First report of saxitoxin production by a species of the freshwater benthic cyanobacterium, Scytonema Agardh."
cyano_all,STX_DOC_000323,2011.0,cross_taxa,high_confidence_stx_biosynthesis,scytonema,CYANO_TAXON,"First report of saxitoxin production by a species of the freshwater benthic cyanobacterium, Scytonema Agardh."
cyano_all,STX_DOC_000323,2011.0,cross_taxa,high_confidence_stx_biosynthesis,phylogenetic,BIOLOGICAL_PROCESS,"First report of saxitoxin production by a species of the freshwater benthic cyanobacterium, Scytonema Agardh."
cyano_all,STX_DOC_000324,2010.0,cyanobacteria,cyanobacteria_stx,saxitoxin,TOXIN,Release and oxidation of cell-bound saxitoxins during chlorination of Anabaena circinalis cells.
cyano_all,STX_DOC_000324,2010.0,cyanobacteria,cyanobacteria_stx,stx,TOXIN,Release and oxidation of cell-bound saxitoxins during chlorination of Anabaena circinalis cells.
cyano_all,STX_DOC_000324,2010.0,cyanobacteria,cyanobacteria_stx,cyanobacteria,CYANO_TAXON,Release and oxidation of cell-bound saxitoxins during chlorination of Anabaena circinalis cells.
cyano_all,STX_DOC_000324,2010.0,cyanobacteria,cyanobacteria_stx,cyanobacterial,CYANO_TAXON,Release and oxidation of cell-bound saxitoxins during chlorination of Anabaena circinalis cells.
cyano_all,STX_DOC_000324,2010.0,cyanobacteria,cyanobacteria_stx,anabaena,CYANO_TAXON,Release and oxidation of cell-bound saxitoxins during chlorination of Anabaena circinalis cells.
cyano_all,STX_DOC_000325,2009.0,cross_taxa,dinoflagellate_stx,saxitoxin,TOXIN,Evolutionary and functional genomics of photosynthetic eukaryotes
cyano_all,STX_DOC_000325,2009.0,cross_taxa,dinoflagellate_stx,dinoflagellate,DINO_TAXON,Evolutionary and functional genomics of photosynthetic eukaryotes
cyano_all,STX_DOC_000325,2009.0,cross_taxa,dinoflagellate_stx,dinoflagellates,DINO_TAXON,Evolutionary and functional genomics of photosynthetic eukaryotes
cyano_all,STX_DOC_000325,2009.0,cross_taxa,dinoflagellate_stx,alexandrium,DINO_TAXON,Evolutionary and functional genomics of photosynthetic eukaryotes
cyano_all,STX_DOC_000325,2009.0,cross_taxa,dinoflagellate_stx,alexandrium tamarense,DINO_TAXON,Evolutionary and functional genomics of photosynthetic eukaryotes
cyano_all,STX_DOC_000325,2009.0,cross_taxa,dinoflagellate_stx,cyanobacteria,CYANO_TAXON,Evolutionary and functional genomics of photosynthetic eukaryotes
cyano_all,STX_DOC_000325,2009.0,cross_taxa,dinoflagellate_stx,cyanobacterial,CYANO_TAXON,Evolutionary and functional genomics of photosynthetic eukaryotes
cyano_all,STX_DOC_000325,2009.0,cross_taxa,dinoflagellate_stx,anabaena,CYANO_TAXON,Evolutionary and functional genomics of photosynthetic eukaryotes
cyano_all,STX_DOC_000325,2009.0,cross_taxa,dinoflagellate_stx,regulation,BIOLOGICAL_PROCESS,Evolutionary and functional genomics of photosynthetic eukaryotes
cyano_all,STX_DOC_000325,2009.0,cross_taxa,dinoflagellate_stx,expression,BIOLOGICAL_PROCESS,Evolutionary and functional genomics of photosynthetic eukaryotes
cyano_all,STX_DOC_000325,2009.0,cross_taxa,dinoflagellate_stx,gene expression,BIOLOGICAL_PROCESS,Evolutionary and functional genomics of photosynthetic eukaryotes
cyano_all,STX_DOC_000325,2009.0,cross_taxa,dinoflagellate_stx,evolution,BIOLOGICAL_PROCESS,Evolutionary and functional genomics of photosynthetic eukaryotes
cyano_all,STX_DOC_000325,2009.0,cross_taxa,dinoflagellate_stx,phylogenetic,BIOLOGICAL_PROCESS,Evolutionary and functional genomics of photosynthetic eukaryotes
cyano_all,STX_DOC_000330,2005.0,cyanobacteria,cyanobacteria_stx,stx,TOXIN,Analysis of cyanobacterial-derived saxitoxins using high-performance ion exchange chromatography with chemical oxidation/fluorescence detection
cyano_all,STX_DOC_000330,2005.0,cyanobacteria,cyanobacteria_stx,cyanobacteria,CYANO_TAXON,Analysis of cyanobacterial-derived saxitoxins using high-performance ion exchange chromatography with chemical oxidation/fluorescence detection
cyano_all,STX_DOC_000330,2005.0,cyanobacteria,cyanobacteria_stx,cyanobacterial,CYANO_TAXON,Analysis of cyanobacterial-derived saxitoxins using high-performance ion exchange chromatography with chemical oxidation/fluorescence detection
cyano_all,STX_DOC_000330,2005.0,cyanobacteria,cyanobacteria_stx,anabaena,CYANO_TAXON,Analysis of cyanobacterial-derived saxitoxins using high-performance ion exchange chromatography with chemical oxidation/fluorescence detection
cyano_all,STX_DOC_000330,2005.0,cyanobacteria,cyanobacteria_stx,hplc,DETECTION_METHOD,Analysis of cyanobacterial-derived saxitoxins using high-performance ion exchange chromatography with chemical oxidation/fluorescence detection
cyano_all,STX_DOC_000333,2005.0,cyanobacteria,cyanobacteria_stx,stx,TOXIN,Analysis of cyanobacterial-derived saxitoxins using high-performance ion exchange chromatography with chemical oxidation/fluorescence detection.
cyano_all,STX_DOC_000333,2005.0,cyanobacteria,cyanobacteria_stx,cyanobacteria,CYANO_TAXON,Analysis of cyanobacterial-derived saxitoxins using high-performance ion exchange chromatography with chemical oxidation/fluorescence detection.
cyano_all,STX_DOC_000333,2005.0,cyanobacteria,cyanobacteria_stx,cyanobacterial,CYANO_TAXON,Analysis of cyanobacterial-derived saxitoxins using high-performance ion exchange chromatography with chemical oxidation/fluorescence detection.
cyano_all,STX_DOC_000333,2005.0,cyanobacteria,cyanobacteria_stx,anabaena,CYANO_TAXON,Analysis of cyanobacterial-derived saxitoxins using high-performance ion exchange chromatography with chemical oxidation/fluorescence detection.
cyano_all,STX_DOC_000333,2005.0,cyanobacteria,cyanobacteria_stx,hplc,DETECTION_METHOD,Analysis of cyanobacterial-derived saxitoxins using high-performance ion exchange chromatography with chemical oxidation/fluorescence detection.
cyano_all,STX_DOC_000337,2003.0,cyanobacteria,cyanobacteria_stx,saxitoxin,TOXIN,Effects ofSaxitoxin (STX) and Veratridine on BacterialNa <sup>+</sup> -K <sup>+</sup> Fluxes: a Prokaryote-BasedSTXBioassay
cyano_all,STX_DOC_000337,2003.0,cyanobacteria,cyanobacteria_stx,stx,TOXIN,Effects ofSaxitoxin (STX) and Veratridine on BacterialNa <sup>+</sup> -K <sup>+</sup> Fluxes: a Prokaryote-BasedSTXBioassay
cyano_all,STX_DOC_000337,2003.0,cyanobacteria,cyanobacteria_stx,cyanobacteria,CYANO_TAXON,Effects ofSaxitoxin (STX) and Veratridine on BacterialNa <sup>+</sup> -K <sup>+</sup> Fluxes: a Prokaryote-BasedSTXBioassay
cyano_all,STX_DOC_000337,2003.0,cyanobacteria,cyanobacteria_stx,cyanobacterium,CYANO_TAXON,Effects ofSaxitoxin (STX) and Veratridine on BacterialNa <sup>+</sup> -K <sup>+</sup> Fluxes: a Prokaryote-BasedSTXBioassay
cyano_all,STX_DOC_000337,2003.0,cyanobacteria,cyanobacteria_stx,cyanobacterial,CYANO_TAXON,Effects ofSaxitoxin (STX) and Veratridine on BacterialNa <sup>+</sup> -K <sup>+</sup> Fluxes: a Prokaryote-BasedSTXBioassay
cyano_all,STX_DOC_000337,2003.0,cyanobacteria,cyanobacteria_stx,anabaena,CYANO_TAXON,Effects ofSaxitoxin (STX) and Veratridine on BacterialNa <sup>+</sup> -K <sup>+</sup> Fluxes: a Prokaryote-BasedSTXBioassay
cyano_all,STX_DOC_000337,2003.0,cyanobacteria,cyanobacteria_stx,cylindrospermopsis,CYANO_TAXON,Effects ofSaxitoxin (STX) and Veratridine on BacterialNa <sup>+</sup> -K <sup>+</sup> Fluxes: a Prokaryote-BasedSTXBioassay
cyano_all,STX_DOC_000337,2003.0,cyanobacteria,cyanobacteria_stx,light,ENV_FACTOR,Effects ofSaxitoxin (STX) and Veratridine on BacterialNa <sup>+</sup> -K <sup>+</sup> Fluxes: a Prokaryote-BasedSTXBioassay
cyano_all,STX_DOC_000338,2003.0,cross_taxa,dinoflagellate_stx,paralytic shellfish toxin,TOXIN,Reevaluation of Production of Paralytic Shellfish Toxin by Bacteria Associated with Dinoflagellates of the Portuguese Coast
cyano_all,STX_DOC_000338,2003.0,cross_taxa,dinoflagellate_stx,paralytic shellfish toxins,TOXIN,Reevaluation of Production of Paralytic Shellfish Toxin by Bacteria Associated with Dinoflagellates of the Portuguese Coast
cyano_all,STX_DOC_000338,2003.0,cross_taxa,dinoflagellate_stx,pst,TOXIN,Reevaluation of Production of Paralytic Shellfish Toxin by Bacteria Associated with Dinoflagellates of the Portuguese Coast
cyano_all,STX_DOC_000338,2003.0,cross_taxa,dinoflagellate_stx,psts,TOXIN,Reevaluation of Production of Paralytic Shellfish Toxin by Bacteria Associated with Dinoflagellates of the Portuguese Coast
cyano_all,STX_DOC_000338,2003.0,cross_taxa,dinoflagellate_stx,dinoflagellate,DINO_TAXON,Reevaluation of Production of Paralytic Shellfish Toxin by Bacteria Associated with Dinoflagellates of the Portuguese Coast
cyano_all,STX_DOC_000338,2003.0,cross_taxa,dinoflagellate_stx,dinoflagellates,DINO_TAXON,Reevaluation of Production of Paralytic Shellfish Toxin by Bacteria Associated with Dinoflagellates of the Portuguese Coast
cyano_all,STX_DOC_000338,2003.0,cross_taxa,dinoflagellate_stx,cyanobacterial,CYANO_TAXON,Reevaluation of Production of Paralytic Shellfish Toxin by Bacteria Associated with Dinoflagellates of the Portuguese Coast
cyano_all,STX_DOC_000338,2003.0,cross_taxa,dinoflagellate_stx,toxin production,BIOLOGICAL_PROCESS,Reevaluation of Production of Paralytic Shellfish Toxin by Bacteria Associated with Dinoflagellates of the Portuguese Coast
cyano_all,STX_DOC_000339,2003.0,cyanobacteria,cyanobacteria_stx,saxitoxin,TOXIN,Effects of saxitoxin (STX) and veratridine on bacterial Na+ -K+ fluxes: a prokaryote-based STX bioassay.
cyano_all,STX_DOC_000339,2003.0,cyanobacteria,cyanobacteria_stx,stx,TOXIN,Effects of saxitoxin (STX) and veratridine on bacterial Na+ -K+ fluxes: a prokaryote-based STX bioassay.
cyano_all,STX_DOC_000339,2003.0,cyanobacteria,cyanobacteria_stx,cyanobacteria,CYANO_TAXON,Effects of saxitoxin (STX) and veratridine on bacterial Na+ -K+ fluxes: a prokaryote-based STX bioassay.
cyano_all,STX_DOC_000339,2003.0,cyanobacteria,cyanobacteria_stx,cyanobacterium,CYANO_TAXON,Effects of saxitoxin (STX) and veratridine on bacterial Na+ -K+ fluxes: a prokaryote-based STX bioassay.
cyano_all,STX_DOC_000339,2003.0,cyanobacteria,cyanobacteria_stx,cyanobacterial,CYANO_TAXON,Effects of saxitoxin (STX) and veratridine on bacterial Na+ -K+ fluxes: a prokaryote-based STX bioassay.
cyano_all,STX_DOC_000339,2003.0,cyanobacteria,cyanobacteria_stx,anabaena,CYANO_TAXON,Effects of saxitoxin (STX) and veratridine on bacterial Na+ -K+ fluxes: a prokaryote-based STX bioassay.
cyano_all,STX_DOC_000339,2003.0,cyanobacteria,cyanobacteria_stx,cylindrospermopsis,CYANO_TAXON,Effects of saxitoxin (STX) and veratridine on bacterial Na+ -K+ fluxes: a prokaryote-based STX bioassay.
cyano_all,STX_DOC_000339,2003.0,cyanobacteria,cyanobacteria_stx,light,ENV_FACTOR,Effects of saxitoxin (STX) and veratridine on bacterial Na+ -K+ fluxes: a prokaryote-based STX bioassay.
cyano_all,STX_DOC_000344,2000.0,cyanobacteria,cyanobacteria_stx,saxitoxin,TOXIN,THE FRESHWATER CYANOBACTERIUM PLANKTOTHRIX SP. FP1: MOLECULAR IDENTIFICATION AND DETECTION OF PARALYTIC SHELLFISH POISONING TOXINS.
cyano_all,STX_DOC_000344,2000.0,cyanobacteria,cyanobacteria_stx,stx,TOXIN,THE FRESHWATER CYANOBACTERIUM PLANKTOTHRIX SP. FP1: MOLECULAR IDENTIFICATION AND DETECTION OF PARALYTIC SHELLFISH POISONING TOXINS.
cyano_all,STX_DOC_000344,2000.0,cyanobacteria,cyanobacteria_stx,paralytic shellfish poisoning,TOXIN,THE FRESHWATER CYANOBACTERIUM PLANKTOTHRIX SP. FP1: MOLECULAR IDENTIFICATION AND DETECTION OF PARALYTIC SHELLFISH POISONING TOXINS.
cyano_all,STX_DOC_000344,2000.0,cyanobacteria,cyanobacteria_stx,cyanobacteria,CYANO_TAXON,THE FRESHWATER CYANOBACTERIUM PLANKTOTHRIX SP. FP1: MOLECULAR IDENTIFICATION AND DETECTION OF PARALYTIC SHELLFISH POISONING TOXINS.
cyano_all,STX_DOC_000344,2000.0,cyanobacteria,cyanobacteria_stx,cyanobacterium,CYANO_TAXON,THE FRESHWATER CYANOBACTERIUM PLANKTOTHRIX SP. FP1: MOLECULAR IDENTIFICATION AND DETECTION OF PARALYTIC SHELLFISH POISONING TOXINS.
cyano_all,STX_DOC_000344,2000.0,cyanobacteria,cyanobacteria_stx,cyanobacterial,CYANO_TAXON,THE FRESHWATER CYANOBACTERIUM PLANKTOTHRIX SP. FP1: MOLECULAR IDENTIFICATION AND DETECTION OF PARALYTIC SHELLFISH POISONING TOXINS.
cyano_all,STX_DOC_000344,2000.0,cyanobacteria,cyanobacteria_stx,planktothrix,CYANO_TAXON,THE FRESHWATER CYANOBACTERIUM PLANKTOTHRIX SP. FP1: MOLECULAR IDENTIFICATION AND DETECTION OF PARALYTIC SHELLFISH POISONING TOXINS.
cyano_all,STX_DOC_000344,2000.0,cyanobacteria,cyanobacteria_stx,bloom,ENV_FACTOR,THE FRESHWATER CYANOBACTERIUM PLANKTOTHRIX SP. FP1: MOLECULAR IDENTIFICATION AND DETECTION OF PARALYTIC SHELLFISH POISONING TOXINS.
cyano_all,STX_DOC_000344,2000.0,cyanobacteria,cyanobacteria_stx,toxicity,BIOLOGICAL_PROCESS,THE FRESHWATER CYANOBACTERIUM PLANKTOTHRIX SP. FP1: MOLECULAR IDENTIFICATION AND DETECTION OF PARALYTIC SHELLFISH POISONING TOXINS.
cyano_all,STX_DOC_000344,2000.0,cyanobacteria,cyanobacteria_stx,hplc,DETECTION_METHOD,THE FRESHWATER CYANOBACTERIUM PLANKTOTHRIX SP. FP1: MOLECULAR IDENTIFICATION AND DETECTION OF PARALYTIC SHELLFISH POISONING TOXINS.
cyano_all,STX_DOC_000344,2000.0,cyanobacteria,cyanobacteria_stx,mass spectrometry,DETECTION_METHOD,THE FRESHWATER CYANOBACTERIUM PLANKTOTHRIX SP. FP1: MOLECULAR IDENTIFICATION AND DETECTION OF PARALYTIC SHELLFISH POISONING TOXINS.
cyano_all,STX_DOC_000346,1999.0,cyanobacteria,cyanobacteria_stx,saxitoxin,TOXIN,"The first evidence of paralytic shellfish toxins in the fresh water cyanobacterium Cylindrospermopsis raciborskii, isolated from Brazil."
cyano_all,STX_DOC_000346,1999.0,cyanobacteria,cyanobacteria_stx,neosaxitoxin,TOXIN,"The first evidence of paralytic shellfish toxins in the fresh water cyanobacterium Cylindrospermopsis raciborskii, isolated from Brazil."
cyano_all,STX_DOC_000346,1999.0,cyanobacteria,cyanobacteria_stx,paralytic shellfish toxins,TOXIN,"The first evidence of paralytic shellfish toxins in the fresh water cyanobacterium Cylindrospermopsis raciborskii, isolated from Brazil."
cyano_all,STX_DOC_000346,1999.0,cyanobacteria,cyanobacteria_stx,cyanobacteria,CYANO_TAXON,"The first evidence of paralytic shellfish toxins in the fresh water cyanobacterium Cylindrospermopsis raciborskii, isolated from Brazil."
cyano_all,STX_DOC_000346,1999.0,cyanobacteria,cyanobacteria_stx,cyanobacterium,CYANO_TAXON,"The first evidence of paralytic shellfish toxins in the fresh water cyanobacterium Cylindrospermopsis raciborskii, isolated from Brazil."
cyano_all,STX_DOC_000346,1999.0,cyanobacteria,cyanobacteria_stx,cylindrospermopsis,CYANO_TAXON,"The first evidence of paralytic shellfish toxins in the fresh water cyanobacterium Cylindrospermopsis raciborskii, isolated from Brazil."
cyano_all,STX_DOC_000346,1999.0,cyanobacteria,cyanobacteria_stx,hplc,DETECTION_METHOD,"The first evidence of paralytic shellfish toxins in the fresh water cyanobacterium Cylindrospermopsis raciborskii, isolated from Brazil."
cyano_all,STX_DOC_000346,1999.0,cyanobacteria,cyanobacteria_stx,lc-ms,DETECTION_METHOD,"The first evidence of paralytic shellfish toxins in the fresh water cyanobacterium Cylindrospermopsis raciborskii, isolated from Brazil."
cyano_all,STX_DOC_000346,1999.0,cyanobacteria,cyanobacteria_stx,mouse bioassay,DETECTION_METHOD,"The first evidence of paralytic shellfish toxins in the fresh water cyanobacterium Cylindrospermopsis raciborskii, isolated from Brazil."
cyano_all,STX_DOC_000348,1996.0,cross_taxa,dinoflagellate_stx,gonyautoxin,TOXIN,Screening of paralytic shellfish toxins in freshwater cyanobacteria and chemical confirmation of the toxins in cultured Anabaena circinalis from Australia
cyano_all,STX_DOC_000348,1996.0,cross_taxa,dinoflagellate_stx,paralytic shellfish toxins,TOXIN,Screening of paralytic shellfish toxins in freshwater cyanobacteria and chemical confirmation of the toxins in cultured Anabaena circinalis from Australia
cyano_all,STX_DOC_000348,1996.0,cross_taxa,dinoflagellate_stx,dinoflagellate,DINO_TAXON,Screening of paralytic shellfish toxins in freshwater cyanobacteria and chemical confirmation of the toxins in cultured Anabaena circinalis from Australia
cyano_all,STX_DOC_000348,1996.0,cross_taxa,dinoflagellate_stx,alexandrium,DINO_TAXON,Screening of paralytic shellfish toxins in freshwater cyanobacteria and chemical confirmation of the toxins in cultured Anabaena circinalis from Australia
cyano_all,STX_DOC_000348,1996.0,cross_taxa,dinoflagellate_stx,alexandrium tamarense,DINO_TAXON,Screening of paralytic shellfish toxins in freshwater cyanobacteria and chemical confirmation of the toxins in cultured Anabaena circinalis from Australia
cyano_all,STX_DOC_000348,1996.0,cross_taxa,dinoflagellate_stx,cyanobacteria,CYANO_TAXON,Screening of paralytic shellfish toxins in freshwater cyanobacteria and chemical confirmation of the toxins in cultured Anabaena circinalis from Australia
cyano_all,STX_DOC_000348,1996.0,cross_taxa,dinoflagellate_stx,cyanobacterial,CYANO_TAXON,Screening of paralytic shellfish toxins in freshwater cyanobacteria and chemical confirmation of the toxins in cultured Anabaena circinalis from Australia
cyano_all,STX_DOC_000348,1996.0,cross_taxa,dinoflagellate_stx,anabaena,CYANO_TAXON,Screening of paralytic shellfish toxins in freshwater cyanobacteria and chemical confirmation of the toxins in cultured Anabaena circinalis from Australia
cyano_all,STX_DOC_000348,1996.0,cross_taxa,dinoflagellate_stx,hplc,DETECTION_METHOD,Screening of paralytic shellfish toxins in freshwater cyanobacteria and chemical confirmation of the toxins in cultured Anabaena circinalis from Australia
cyano_all,STX_DOC_000348,1996.0,cross_taxa,dinoflagellate_stx,mass spectrometry,DETECTION_METHOD,Screening of paralytic shellfish toxins in freshwater cyanobacteria and chemical confirmation of the toxins in cultured Anabaena circinalis from Australia
cyano_all,STX_DOC_000349,1995.0,cyanobacteria,cyanobacteria_stx,paralytic shellfish poisoning,TOXIN,Bioaccumulation of paralytic shellfish poisoning (PSP) toxins from the cyanobacterium Anabaena circinalis by the freshwater mussel Alathyria condola.
cyano_all,STX_DOC_000349,1995.0,cyanobacteria,cyanobacteria_stx,cyanobacteria,CYANO_TAXON,Bioaccumulation of paralytic shellfish poisoning (PSP) toxins from the cyanobacterium Anabaena circinalis by the freshwater mussel Alathyria condola.
cyano_all,STX_DOC_000349,1995.0,cyanobacteria,cyanobacteria_stx,cyanobacterium,CYANO_TAXON,Bioaccumulation of paralytic shellfish poisoning (PSP) toxins from the cyanobacterium Anabaena circinalis by the freshwater mussel Alathyria condola.
cyano_all,STX_DOC_000349,1995.0,cyanobacteria,cyanobacteria_stx,anabaena,CYANO_TAXON,Bioaccumulation of paralytic shellfish poisoning (PSP) toxins from the cyanobacterium Anabaena circinalis by the freshwater mussel Alathyria condola.
cyano_all,STX_DOC_000361,2021.0,cyanobacteria,high_confidence_stx_biosynthesis,saxitoxin,TOXIN,"Monitoring of saxitoxin production in lakes in Denmark by molecular, chromatographic and microscopic approaches."
cyano_all,STX_DOC_000361,2021.0,cyanobacteria,high_confidence_stx_biosynthesis,stx,TOXIN,"Monitoring of saxitoxin production in lakes in Denmark by molecular, chromatographic and microscopic approaches."
cyano_all,STX_DOC_000361,2021.0,cyanobacteria,high_confidence_stx_biosynthesis,gtx,TOXIN,"Monitoring of saxitoxin production in lakes in Denmark by molecular, chromatographic and microscopic approaches."
cyano_all,STX_DOC_000361,2021.0,cyanobacteria,high_confidence_stx_biosynthesis,sxta,SXT_GENE,"Monitoring of saxitoxin production in lakes in Denmark by molecular, chromatographic and microscopic approaches."
cyano_all,STX_DOC_000361,2021.0,cyanobacteria,high_confidence_stx_biosynthesis,cyanobacteria,CYANO_TAXON,"Monitoring of saxitoxin production in lakes in Denmark by molecular, chromatographic and microscopic approaches."
cyano_all,STX_DOC_000361,2021.0,cyanobacteria,high_confidence_stx_biosynthesis,dolichospermum,CYANO_TAXON,"Monitoring of saxitoxin production in lakes in Denmark by molecular, chromatographic and microscopic approaches."
cyano_all,STX_DOC_000361,2021.0,cyanobacteria,high_confidence_stx_biosynthesis,hplc,DETECTION_METHOD,"Monitoring of saxitoxin production in lakes in Denmark by molecular, chromatographic and microscopic approaches."
cyano_all,STX_DOC_000362,2021.0,cross_taxa,dinoflagellate_stx,saxitoxin,TOXIN,"Florida’s Harmful Algal Bloom (HAB) Problem: Escalating Risks to Human, Environmental and Economic Health With Climate Change"
cyano_all,STX_DOC_000362,2021.0,cross_taxa,dinoflagellate_stx,dinoflagellate,DINO_TAXON,"Florida’s Harmful Algal Bloom (HAB) Problem: Escalating Risks to Human, Environmental and Economic Health With Climate Change"
cyano_all,STX_DOC_000362,2021.0,cross_taxa,dinoflagellate_stx,pyrodinium,DINO_TAXON,"Florida’s Harmful Algal Bloom (HAB) Problem: Escalating Risks to Human, Environmental and Economic Health With Climate Change"
cyano_all,STX_DOC_000362,2021.0,cross_taxa,dinoflagellate_stx,pyrodinium bahamense,DINO_TAXON,"Florida’s Harmful Algal Bloom (HAB) Problem: Escalating Risks to Human, Environmental and Economic Health With Climate Change"
cyano_all,STX_DOC_000362,2021.0,cross_taxa,dinoflagellate_stx,cyanobacteria,CYANO_TAXON,"Florida’s Harmful Algal Bloom (HAB) Problem: Escalating Risks to Human, Environmental and Economic Health With Climate Change"
cyano_all,STX_DOC_000362,2021.0,cross_taxa,dinoflagellate_stx,temperature,ENV_FACTOR,"Florida’s Harmful Algal Bloom (HAB) Problem: Escalating Risks to Human, Environmental and Economic Health With Climate Change"
cyano_all,STX_DOC_000362,2021.0,cross_taxa,dinoflagellate_stx,climate,ENV_FACTOR,"Florida’s Harmful Algal Bloom (HAB) Problem: Escalating Risks to Human, Environmental and Economic Health With Climate Change"
cyano_all,STX_DOC_000362,2021.0,cross_taxa,dinoflagellate_stx,bloom,ENV_FACTOR,"Florida’s Harmful Algal Bloom (HAB) Problem: Escalating Risks to Human, Environmental and Economic Health With Climate Change"
cyano_all,STX_DOC_000362,2021.0,cross_taxa,dinoflagellate_stx,harmful algal bloom,ENV_FACTOR,"Florida’s Harmful Algal Bloom (HAB) Problem: Escalating Risks to Human, Environmental and Economic Health With Climate Change"
cyano_all,STX_DOC_000362,2021.0,cross_taxa,dinoflagellate_stx,regulation,BIOLOGICAL_PROCESS,"Florida’s Harmful Algal Bloom (HAB) Problem: Escalating Risks to Human, Environmental and Economic Health With Climate Change"
cyano_all,STX_DOC_000363,2021.0,cyanobacteria,high_confidence_stx_biosynthesis,saxitoxin,TOXIN,Ecophysiological Aspects and <i>sxt</i> Genes Expression Underlying Induced Chemical Defense in STX-Producing <i>Raphidiopsis raciborskii</i> (Cyanobacteria) against the Zooplankter <i>Daphnia gessneri</i>.
cyano_all,STX_DOC_000363,2021.0,cyanobacteria,high_confidence_stx_biosynthesis,stx,TOXIN,Ecophysiological Aspects and <i>sxt</i> Genes Expression Underlying Induced Chemical Defense in STX-Producing <i>Raphidiopsis raciborskii</i> (Cyanobacteria) against the Zooplankter <i>Daphnia gessneri</i>.
cyano_all,STX_DOC_000363,2021.0,cyanobacteria,high_confidence_stx_biosynthesis,sxt genes,SXT_GENE,Ecophysiological Aspects and <i>sxt</i> Genes Expression Underlying Induced Chemical Defense in STX-Producing <i>Raphidiopsis raciborskii</i> (Cyanobacteria) against the Zooplankter <i>Daphnia gessneri</i>.
cyano_all,STX_DOC_000363,2021.0,cyanobacteria,high_confidence_stx_biosynthesis,cyanobacteria,CYANO_TAXON,Ecophysiological Aspects and <i>sxt</i> Genes Expression Underlying Induced Chemical Defense in STX-Producing <i>Raphidiopsis raciborskii</i> (Cyanobacteria) against the Zooplankter <i>Daphnia gessneri</i>.
cyano_all,STX_DOC_000363,2021.0,cyanobacteria,high_confidence_stx_biosynthesis,cyanobacterium,CYANO_TAXON,Ecophysiological Aspects and <i>sxt</i> Genes Expression Underlying Induced Chemical Defense in STX-Producing <i>Raphidiopsis raciborskii</i> (Cyanobacteria) against the Zooplankter <i>Daphnia gessneri</i>.
cyano_all,STX_DOC_000363,2021.0,cyanobacteria,high_confidence_stx_biosynthesis,cyanobacterial,CYANO_TAXON,Ecophysiological Aspects and <i>sxt</i> Genes Expression Underlying Induced Chemical Defense in STX-Producing <i>Raphidiopsis raciborskii</i> (Cyanobacteria) against the Zooplankter <i>Daphnia gessneri</i>.
cyano_all,STX_DOC_000363,2021.0,cyanobacteria,high_confidence_stx_biosynthesis,light,ENV_FACTOR,Ecophysiological Aspects and <i>sxt</i> Genes Expression Underlying Induced Chemical Defense in STX-Producing <i>Raphidiopsis raciborskii</i> (Cyanobacteria) against the Zooplankter <i>Daphnia gessneri</i>.
cyano_all,STX_DOC_000363,2021.0,cyanobacteria,high_confidence_stx_biosynthesis,expression,BIOLOGICAL_PROCESS,Ecophysiological Aspects and <i>sxt</i> Genes Expression Underlying Induced Chemical Defense in STX-Producing <i>Raphidiopsis raciborskii</i> (Cyanobacteria) against the Zooplankter <i>Daphnia gessneri</i>.
cyano_all,STX_DOC_000363,2021.0,cyanobacteria,high_confidence_stx_biosynthesis,transcription,BIOLOGICAL_PROCESS,Ecophysiological Aspects and <i>sxt</i> Genes Expression Underlying Induced Chemical Defense in STX-Producing <i>Raphidiopsis raciborskii</i> (Cyanobacteria) against the Zooplankter <i>Daphnia gessneri</i>.
cyano_all,STX_DOC_000363,2021.0,cyanobacteria,high_confidence_stx_biosynthesis,toxin production,BIOLOGICAL_PROCESS,Ecophysiological Aspects and <i>sxt</i> Genes Expression Underlying Induced Chemical Defense in STX-Producing <i>Raphidiopsis raciborskii</i> (Cyanobacteria) against the Zooplankter <i>Daphnia gessneri</i>.
cyano_all,STX_DOC_000364,2020.0,cross_taxa,high_confidence_stx_biosynthesis,saxitoxin,TOXIN,Strong constitutive expression divergence among strains but no evidence of differential expression associated with sexual reproduction in Alexandrium minutum.
cyano_all,STX_DOC_000364,2020.0,cross_taxa,high_confidence_stx_biosynthesis,sxta,SXT_GENE,Strong constitutive expression divergence among strains but no evidence of differential expression associated with sexual reproduction in Alexandrium minutum.
cyano_all,STX_DOC_000364,2020.0,cross_taxa,high_confidence_stx_biosynthesis,dinoflagellate,DINO_TAXON,Strong constitutive expression divergence among strains but no evidence of differential expression associated with sexual reproduction in Alexandrium minutum.
cyano_all,STX_DOC_000364,2020.0,cross_taxa,high_confidence_stx_biosynthesis,dinoflagellates,DINO_TAXON,Strong constitutive expression divergence among strains but no evidence of differential expression associated with sexual reproduction in Alexandrium minutum.
cyano_all,STX_DOC_000364,2020.0,cross_taxa,high_confidence_stx_biosynthesis,alexandrium,DINO_TAXON,Strong constitutive expression divergence among strains but no evidence of differential expression associated with sexual reproduction in Alexandrium minutum.
cyano_all,STX_DOC_000364,2020.0,cross_taxa,high_confidence_stx_biosynthesis,alexandrium minutum,DINO_TAXON,Strong constitutive expression divergence among strains but no evidence of differential expression associated with sexual reproduction in Alexandrium minutum.
cyano_all,STX_DOC_000364,2020.0,cross_taxa,high_confidence_stx_biosynthesis,cyanobacteria,CYANO_TAXON,Strong constitutive expression divergence among strains but no evidence of differential expression associated with sexual reproduction in Alexandrium minutum.
cyano_all,STX_DOC_000364,2020.0,cross_taxa,high_confidence_stx_biosynthesis,expression,BIOLOGICAL_PROCESS,Strong constitutive expression divergence among strains but no evidence of differential expression associated with sexual reproduction in Alexandrium minutum.
cyano_all,STX_DOC_000364,2020.0,cross_taxa,high_confidence_stx_biosynthesis,gene expression,BIOLOGICAL_PROCESS,Strong constitutive expression divergence among strains but no evidence of differential expression associated with sexual reproduction in Alexandrium minutum.
cyano_all,STX_DOC_000365,2020.0,cyanobacteria,cyanobacteria_stx,saxitoxin,TOXIN,Identification of promoter elements in the Dolichospermum circinale AWQC131C saxitoxin gene cluster and the experimental analysis of their use for heterologous expression.
cyano_all,STX_DOC_000365,2020.0,cyanobacteria,cyanobacteria_stx,paralytic shellfish toxins,TOXIN,Identification of promoter elements in the Dolichospermum circinale AWQC131C saxitoxin gene cluster and the experimental analysis of their use for heterologous expression.
cyano_all,STX_DOC_000365,2020.0,cyanobacteria,cyanobacteria_stx,pst,TOXIN,Identification of promoter elements in the Dolichospermum circinale AWQC131C saxitoxin gene cluster and the experimental analysis of their use for heterologous expression.
cyano_all,STX_DOC_000365,2020.0,cyanobacteria,cyanobacteria_stx,psts,TOXIN,Identification of promoter elements in the Dolichospermum circinale AWQC131C saxitoxin gene cluster and the experimental analysis of their use for heterologous expression.
cyano_all,STX_DOC_000365,2020.0,cyanobacteria,cyanobacteria_stx,cyanobacterium,CYANO_TAXON,Identification of promoter elements in the Dolichospermum circinale AWQC131C saxitoxin gene cluster and the experimental analysis of their use for heterologous expression.
cyano_all,STX_DOC_000365,2020.0,cyanobacteria,cyanobacteria_stx,dolichospermum,CYANO_TAXON,Identification of promoter elements in the Dolichospermum circinale AWQC131C saxitoxin gene cluster and the experimental analysis of their use for heterologous expression.
cyano_all,STX_DOC_000365,2020.0,cyanobacteria,cyanobacteria_stx,bloom,ENV_FACTOR,Identification of promoter elements in the Dolichospermum circinale AWQC131C saxitoxin gene cluster and the experimental analysis of their use for heterologous expression.
cyano_all,STX_DOC_000365,2020.0,cyanobacteria,cyanobacteria_stx,biosynthesis,BIOLOGICAL_PROCESS,Identification of promoter elements in the Dolichospermum circinale AWQC131C saxitoxin gene cluster and the experimental analysis of their use for heterologous expression.
cyano_all,STX_DOC_000365,2020.0,cyanobacteria,cyanobacteria_stx,expression,BIOLOGICAL_PROCESS,Identification of promoter elements in the Dolichospermum circinale AWQC131C saxitoxin gene cluster and the experimental analysis of their use for heterologous expression.
cyano_all,STX_DOC_000365,2020.0,cyanobacteria,cyanobacteria_stx,transcription,BIOLOGICAL_PROCESS,Identification of promoter elements in the Dolichospermum circinale AWQC131C saxitoxin gene cluster and the experimental analysis of their use for heterologous expression.
cyano_all,STX_DOC_000366,2019.0,cyanobacteria,cyanobacteria_stx,saxitoxin,TOXIN,Responses of pro- and anti-inflammatory cytokines in zebrafish liver exposed to sublethal doses of Aphanizomenon flosaquae DC-1 aphantoxins.
cyano_all,STX_DOC_000366,2019.0,cyanobacteria,cyanobacteria_stx,neosaxitoxin,TOXIN,Responses of pro- and anti-inflammatory cytokines in zebrafish liver exposed to sublethal doses of Aphanizomenon flosaquae DC-1 aphantoxins.
cyano_all,STX_DOC_000366,2019.0,cyanobacteria,cyanobacteria_stx,paralytic shellfish toxins,TOXIN,Responses of pro- and anti-inflammatory cytokines in zebrafish liver exposed to sublethal doses of Aphanizomenon flosaquae DC-1 aphantoxins.
cyano_all,STX_DOC_000366,2019.0,cyanobacteria,cyanobacteria_stx,cyanobacterium,CYANO_TAXON,Responses of pro- and anti-inflammatory cytokines in zebrafish liver exposed to sublethal doses of Aphanizomenon flosaquae DC-1 aphantoxins.
cyano_all,STX_DOC_000366,2019.0,cyanobacteria,cyanobacteria_stx,aphanizomenon,CYANO_TAXON,Responses of pro- and anti-inflammatory cytokines in zebrafish liver exposed to sublethal doses of Aphanizomenon flosaquae DC-1 aphantoxins.
cyano_all,STX_DOC_000366,2019.0,cyanobacteria,cyanobacteria_stx,expression,BIOLOGICAL_PROCESS,Responses of pro- and anti-inflammatory cytokines in zebrafish liver exposed to sublethal doses of Aphanizomenon flosaquae DC-1 aphantoxins.
cyano_all,STX_DOC_000368,2019.0,cyanobacteria,high_confidence_stx_biosynthesis,sxti,SXT_GENE,Unmasking the identity of toxigenic cyanobacteria driving a multi-toxin bloom by high-throughput sequencing of cyanotoxins genes and 16S rRNA metabarcoding.
cyano_all,STX_DOC_000368,2019.0,cyanobacteria,high_confidence_stx_biosynthesis,cyanobacteria,CYANO_TAXON,Unmasking the identity of toxigenic cyanobacteria driving a multi-toxin bloom by high-throughput sequencing of cyanotoxins genes and 16S rRNA metabarcoding.
cyano_all,STX_DOC_000368,2019.0,cyanobacteria,high_confidence_stx_biosynthesis,cyanobacterial,CYANO_TAXON,Unmasking the identity of toxigenic cyanobacteria driving a multi-toxin bloom by high-throughput sequencing of cyanotoxins genes and 16S rRNA metabarcoding.
cyano_all,STX_DOC_000368,2019.0,cyanobacteria,high_confidence_stx_biosynthesis,aphanizomenon,CYANO_TAXON,Unmasking the identity of toxigenic cyanobacteria driving a multi-toxin bloom by high-throughput sequencing of cyanotoxins genes and 16S rRNA metabarcoding.
cyano_all,STX_DOC_000368,2019.0,cyanobacteria,high_confidence_stx_biosynthesis,planktothrix,CYANO_TAXON,Unmasking the identity of toxigenic cyanobacteria driving a multi-toxin bloom by high-throughput sequencing of cyanotoxins genes and 16S rRNA metabarcoding.
cyano_all,STX_DOC_000368,2019.0,cyanobacteria,high_confidence_stx_biosynthesis,bloom,ENV_FACTOR,Unmasking the identity of toxigenic cyanobacteria driving a multi-toxin bloom by high-throughput sequencing of cyanotoxins genes and 16S rRNA metabarcoding.
cyano_all,STX_DOC_000368,2019.0,cyanobacteria,high_confidence_stx_biosynthesis,biosynthesis,BIOLOGICAL_PROCESS,Unmasking the identity of toxigenic cyanobacteria driving a multi-toxin bloom by high-throughput sequencing of cyanotoxins genes and 16S rRNA metabarcoding.
cyano_all,STX_DOC_000369,2019.0,cyanobacteria,cyanobacteria_stx,paralytic shellfish toxin,TOXIN,Re-evaluation of paralytic shellfish toxin profiles in cyanobacteria using hydrophilic interaction liquid chromatography-tandem mass spectrometry.
cyano_all,STX_DOC_000369,2019.0,cyanobacteria,cyanobacteria_stx,pst,TOXIN,Re-evaluation of paralytic shellfish toxin profiles in cyanobacteria using hydrophilic interaction liquid chromatography-tandem mass spectrometry.
cyano_all,STX_DOC_000369,2019.0,cyanobacteria,cyanobacteria_stx,cyanobacteria,CYANO_TAXON,Re-evaluation of paralytic shellfish toxin profiles in cyanobacteria using hydrophilic interaction liquid chromatography-tandem mass spectrometry.
cyano_all,STX_DOC_000369,2019.0,cyanobacteria,cyanobacteria_stx,cyanobacterial,CYANO_TAXON,Re-evaluation of paralytic shellfish toxin profiles in cyanobacteria using hydrophilic interaction liquid chromatography-tandem mass spectrometry.
cyano_all,STX_DOC_000369,2019.0,cyanobacteria,cyanobacteria_stx,aphanizomenon,CYANO_TAXON,Re-evaluation of paralytic shellfish toxin profiles in cyanobacteria using hydrophilic interaction liquid chromatography-tandem mass spectrometry.
cyano_all,STX_DOC_000369,2019.0,cyanobacteria,cyanobacteria_stx,dolichospermum,CYANO_TAXON,Re-evaluation of paralytic shellfish toxin profiles in cyanobacteria using hydrophilic interaction liquid chromatography-tandem mass spectrometry.
cyano_all,STX_DOC_000369,2019.0,cyanobacteria,cyanobacteria_stx,scytonema,CYANO_TAXON,Re-evaluation of paralytic shellfish toxin profiles in cyanobacteria using hydrophilic interaction liquid chromatography-tandem mass spectrometry.
cyano_all,STX_DOC_000369,2019.0,cyanobacteria,cyanobacteria_stx,toxicity,BIOLOGICAL_PROCESS,Re-evaluation of paralytic shellfish toxin profiles in cyanobacteria using hydrophilic interaction liquid chromatography-tandem mass spectrometry.
cyano_all,STX_DOC_000369,2019.0,cyanobacteria,cyanobacteria_stx,mass spectrometry,DETECTION_METHOD,Re-evaluation of paralytic shellfish toxin profiles in cyanobacteria using hydrophilic interaction liquid chromatography-tandem mass spectrometry.
cyano_all,STX_DOC_000372,2016.0,cyanobacteria,cyanobacteria_stx,saxitoxin,TOXIN,Toxicity Overrides Morphology on Cylindrospermopsis raciborskii Grazing Resistance to the Calanoid Copepod Eudiaptomus gracilis.
cyano_all,STX_DOC_000372,2016.0,cyanobacteria,cyanobacteria_stx,stx,TOXIN,Toxicity Overrides Morphology on Cylindrospermopsis raciborskii Grazing Resistance to the Calanoid Copepod Eudiaptomus gracilis.
cyano_all,STX_DOC_000372,2016.0,cyanobacteria,cyanobacteria_stx,cyanobacteria,CYANO_TAXON,Toxicity Overrides Morphology on Cylindrospermopsis raciborskii Grazing Resistance to the Calanoid Copepod Eudiaptomus gracilis.
cyano_all,STX_DOC_000372,2016.0,cyanobacteria,cyanobacteria_stx,cyanobacterium,CYANO_TAXON,Toxicity Overrides Morphology on Cylindrospermopsis raciborskii Grazing Resistance to the Calanoid Copepod Eudiaptomus gracilis.
cyano_all,STX_DOC_000372,2016.0,cyanobacteria,cyanobacteria_stx,cylindrospermopsis,CYANO_TAXON,Toxicity Overrides Morphology on Cylindrospermopsis raciborskii Grazing Resistance to the Calanoid Copepod Eudiaptomus gracilis.
cyano_all,STX_DOC_000372,2016.0,cyanobacteria,cyanobacteria_stx,temperature,ENV_FACTOR,Toxicity Overrides Morphology on Cylindrospermopsis raciborskii Grazing Resistance to the Calanoid Copepod Eudiaptomus gracilis.
cyano_all,STX_DOC_000372,2016.0,cyanobacteria,cyanobacteria_stx,bloom,ENV_FACTOR,Toxicity Overrides Morphology on Cylindrospermopsis raciborskii Grazing Resistance to the Calanoid Copepod Eudiaptomus gracilis.
cyano_all,STX_DOC_000372,2016.0,cyanobacteria,cyanobacteria_stx,toxicity,BIOLOGICAL_PROCESS,Toxicity Overrides Morphology on Cylindrospermopsis raciborskii Grazing Resistance to the Calanoid Copepod Eudiaptomus gracilis.
cyano_all,STX_DOC_000373,2016.0,cyanobacteria,cyanobacteria_stx,stx,TOXIN,Respiratory toxicity of cyanobacterial aphantoxins from Aphanizomenon flos-aquae DC-1 in the zebrafish gill.
cyano_all,STX_DOC_000373,2016.0,cyanobacteria,cyanobacteria_stx,neosaxitoxin,TOXIN,Respiratory toxicity of cyanobacterial aphantoxins from Aphanizomenon flos-aquae DC-1 in the zebrafish gill.
cyano_all,STX_DOC_000373,2016.0,cyanobacteria,cyanobacteria_stx,gonyautoxin,TOXIN,Respiratory toxicity of cyanobacterial aphantoxins from Aphanizomenon flos-aquae DC-1 in the zebrafish gill.
cyano_all,STX_DOC_000373,2016.0,cyanobacteria,cyanobacteria_stx,cyanobacterial,CYANO_TAXON,Respiratory toxicity of cyanobacterial aphantoxins from Aphanizomenon flos-aquae DC-1 in the zebrafish gill.
cyano_all,STX_DOC_000373,2016.0,cyanobacteria,cyanobacteria_stx,aphanizomenon,CYANO_TAXON,Respiratory toxicity of cyanobacterial aphantoxins from Aphanizomenon flos-aquae DC-1 in the zebrafish gill.
cyano_all,STX_DOC_000373,2016.0,cyanobacteria,cyanobacteria_stx,toxicity,BIOLOGICAL_PROCESS,Respiratory toxicity of cyanobacterial aphantoxins from Aphanizomenon flos-aquae DC-1 in the zebrafish gill.
cyano_all,STX_DOC_000374,2016.0,cross_taxa,dinoflagellate_stx,paralytic shellfish poisoning,TOXIN,"Bloom of Trichodesmium and seasonality of other potentially toxic and harmful phytoplankton in tropical San Pedro Bay, Leyte, Philippines in 2012-13"
cyano_all,STX_DOC_000374,2016.0,cross_taxa,dinoflagellate_stx,dinoflagellates,DINO_TAXON,"Bloom of Trichodesmium and seasonality of other potentially toxic and harmful phytoplankton in tropical San Pedro Bay, Leyte, Philippines in 2012-13"
cyano_all,STX_DOC_000374,2016.0,cross_taxa,dinoflagellate_stx,alexandrium,DINO_TAXON,"Bloom of Trichodesmium and seasonality of other potentially toxic and harmful phytoplankton in tropical San Pedro Bay, Leyte, Philippines in 2012-13"
cyano_all,STX_DOC_000374,2016.0,cross_taxa,dinoflagellate_stx,alexandrium tamiyavanichii,DINO_TAXON,"Bloom of Trichodesmium and seasonality of other potentially toxic and harmful phytoplankton in tropical San Pedro Bay, Leyte, Philippines in 2012-13"
cyano_all,STX_DOC_000374,2016.0,cross_taxa,dinoflagellate_stx,pyrodinium,DINO_TAXON,"Bloom of Trichodesmium and seasonality of other potentially toxic and harmful phytoplankton in tropical San Pedro Bay, Leyte, Philippines in 2012-13"
cyano_all,STX_DOC_000374,2016.0,cross_taxa,dinoflagellate_stx,pyrodinium bahamense,DINO_TAXON,"Bloom of Trichodesmium and seasonality of other potentially toxic and harmful phytoplankton in tropical San Pedro Bay, Leyte, Philippines in 2012-13"
cyano_all,STX_DOC_000374,2016.0,cross_taxa,dinoflagellate_stx,cyanobacteria,CYANO_TAXON,"Bloom of Trichodesmium and seasonality of other potentially toxic and harmful phytoplankton in tropical San Pedro Bay, Leyte, Philippines in 2012-13"
cyano_all,STX_DOC_000374,2016.0,cross_taxa,dinoflagellate_stx,temperature,ENV_FACTOR,"Bloom of Trichodesmium and seasonality of other potentially toxic and harmful phytoplankton in tropical San Pedro Bay, Leyte, Philippines in 2012-13"
cyano_all,STX_DOC_000374,2016.0,cross_taxa,dinoflagellate_stx,nutrient,ENV_FACTOR,"Bloom of Trichodesmium and seasonality of other potentially toxic and harmful phytoplankton in tropical San Pedro Bay, Leyte, Philippines in 2012-13"
cyano_all,STX_DOC_000374,2016.0,cross_taxa,dinoflagellate_stx,light,ENV_FACTOR,"Bloom of Trichodesmium and seasonality of other potentially toxic and harmful phytoplankton in tropical San Pedro Bay, Leyte, Philippines in 2012-13"
cyano_all,STX_DOC_000374,2016.0,cross_taxa,dinoflagellate_stx,bloom,ENV_FACTOR,"Bloom of Trichodesmium and seasonality of other potentially toxic and harmful phytoplankton in tropical San Pedro Bay, Leyte, Philippines in 2012-13"
cyano_all,STX_DOC_000377,2014.0,cyanobacteria,cyanobacteria_stx,stx,TOXIN,Survey of cyanobacterial toxins in Czech water reservoirs--the first observation of neurotoxic saxitoxins.
cyano_all,STX_DOC_000377,2014.0,cyanobacteria,cyanobacteria_stx,cyanobacterium,CYANO_TAXON,Survey of cyanobacterial toxins in Czech water reservoirs--the first observation of neurotoxic saxitoxins.
cyano_all,STX_DOC_000377,2014.0,cyanobacteria,cyanobacteria_stx,cyanobacterial,CYANO_TAXON,Survey of cyanobacterial toxins in Czech water reservoirs--the first observation of neurotoxic saxitoxins.
cyano_all,STX_DOC_000377,2014.0,cyanobacteria,cyanobacteria_stx,aphanizomenon,CYANO_TAXON,Survey of cyanobacterial toxins in Czech water reservoirs--the first observation of neurotoxic saxitoxins.
cyano_all,STX_DOC_000377,2014.0,cyanobacteria,cyanobacteria_stx,dolichospermum,CYANO_TAXON,Survey of cyanobacterial toxins in Czech water reservoirs--the first observation of neurotoxic saxitoxins.
cyano_all,STX_DOC_000377,2014.0,cyanobacteria,cyanobacteria_stx,anabaena,CYANO_TAXON,Survey of cyanobacterial toxins in Czech water reservoirs--the first observation of neurotoxic saxitoxins.
cyano_all,STX_DOC_000377,2014.0,cyanobacteria,cyanobacteria_stx,elisa,DETECTION_METHOD,Survey of cyanobacterial toxins in Czech water reservoirs--the first observation of neurotoxic saxitoxins.
cyano_all,STX_DOC_000378,2013.0,cyanobacteria,cyanobacteria_stx,saxitoxin,TOXIN,Hematologic and hepatic responses of the freshwater fish Hoplias malabaricus after saxitoxin exposure.
cyano_all,STX_DOC_000378,2013.0,cyanobacteria,cyanobacteria_stx,stx,TOXIN,Hematologic and hepatic responses of the freshwater fish Hoplias malabaricus after saxitoxin exposure.
cyano_all,STX_DOC_000378,2013.0,cyanobacteria,cyanobacteria_stx,neosaxitoxin,TOXIN,Hematologic and hepatic responses of the freshwater fish Hoplias malabaricus after saxitoxin exposure.
cyano_all,STX_DOC_000378,2013.0,cyanobacteria,cyanobacteria_stx,gonyautoxin,TOXIN,Hematologic and hepatic responses of the freshwater fish Hoplias malabaricus after saxitoxin exposure.
cyano_all,STX_DOC_000378,2013.0,cyanobacteria,cyanobacteria_stx,cylindrospermopsis,CYANO_TAXON,Hematologic and hepatic responses of the freshwater fish Hoplias malabaricus after saxitoxin exposure.
cyano_all,STX_DOC_000379,2013.0,cross_taxa,high_confidence_stx_biosynthesis,saxitoxin,TOXIN,Evolution and distribution of saxitoxin biosynthesis in dinoflagellates.
cyano_all,STX_DOC_000379,2013.0,cross_taxa,high_confidence_stx_biosynthesis,paralytic shellfish poisoning,TOXIN,Evolution and distribution of saxitoxin biosynthesis in dinoflagellates.
cyano_all,STX_DOC_000379,2013.0,cross_taxa,high_confidence_stx_biosynthesis,dinoflagellates,DINO_TAXON,Evolution and distribution of saxitoxin biosynthesis in dinoflagellates.
cyano_all,STX_DOC_000379,2013.0,cross_taxa,high_confidence_stx_biosynthesis,cyanobacteria,CYANO_TAXON,Evolution and distribution of saxitoxin biosynthesis in dinoflagellates.
cyano_all,STX_DOC_000379,2013.0,cross_taxa,high_confidence_stx_biosynthesis,cyanobacterial,CYANO_TAXON,Evolution and distribution of saxitoxin biosynthesis in dinoflagellates.
cyano_all,STX_DOC_000379,2013.0,cross_taxa,high_confidence_stx_biosynthesis,biosynthesis,BIOLOGICAL_PROCESS,Evolution and distribution of saxitoxin biosynthesis in dinoflagellates.
cyano_all,STX_DOC_000379,2013.0,cross_taxa,high_confidence_stx_biosynthesis,saxitoxin biosynthesis,BIOLOGICAL_PROCESS,Evolution and distribution of saxitoxin biosynthesis in dinoflagellates.
cyano_all,STX_DOC_000379,2013.0,cross_taxa,high_confidence_stx_biosynthesis,evolution,BIOLOGICAL_PROCESS,Evolution and distribution of saxitoxin biosynthesis in dinoflagellates.
cyano_all,STX_DOC_000379,2013.0,cross_taxa,high_confidence_stx_biosynthesis,horizontal gene transfer,BIOLOGICAL_PROCESS,Evolution and distribution of saxitoxin biosynthesis in dinoflagellates.
cyano_all,STX_DOC_000382,2011.0,cyanobacteria,cyanobacteria_stx,cyanobacteria,CYANO_TAXON,"Highly toxic Microcystis aeruginosa strain, isolated from São Paulo-Brazil, produce hepatotoxins and paralytic shellfish poison neurotoxins."
cyano_all,STX_DOC_000382,2011.0,cyanobacteria,cyanobacteria_stx,phylogenetic,BIOLOGICAL_PROCESS,"Highly toxic Microcystis aeruginosa strain, isolated from São Paulo-Brazil, produce hepatotoxins and paralytic shellfish poison neurotoxins."
cyano_all,STX_DOC_000382,2011.0,cyanobacteria,cyanobacteria_stx,hplc,DETECTION_METHOD,"Highly toxic Microcystis aeruginosa strain, isolated from São Paulo-Brazil, produce hepatotoxins and paralytic shellfish poison neurotoxins."
cyano_all,STX_DOC_000382,2011.0,cyanobacteria,cyanobacteria_stx,mouse bioassay,DETECTION_METHOD,"Highly toxic Microcystis aeruginosa strain, isolated from São Paulo-Brazil, produce hepatotoxins and paralytic shellfish poison neurotoxins."
cyano_all,STX_DOC_000382,2011.0,cyanobacteria,cyanobacteria_stx,elisa,DETECTION_METHOD,"Highly toxic Microcystis aeruginosa strain, isolated from São Paulo-Brazil, produce hepatotoxins and paralytic shellfish poison neurotoxins."
cyano_all,STX_DOC_000383,2010.0,cyanobacteria,cyanobacteria_stx,saxitoxin,TOXIN,Analyses of paralytic shellfish toxins and biomarkers in a southern Brazilian reservoir.
cyano_all,STX_DOC_000383,2010.0,cyanobacteria,cyanobacteria_stx,gtx,TOXIN,Analyses of paralytic shellfish toxins and biomarkers in a southern Brazilian reservoir.
cyano_all,STX_DOC_000383,2010.0,cyanobacteria,cyanobacteria_stx,paralytic shellfish toxins,TOXIN,Analyses of paralytic shellfish toxins and biomarkers in a southern Brazilian reservoir.
cyano_all,STX_DOC_000383,2010.0,cyanobacteria,cyanobacteria_stx,pst,TOXIN,Analyses of paralytic shellfish toxins and biomarkers in a southern Brazilian reservoir.
cyano_all,STX_DOC_000383,2010.0,cyanobacteria,cyanobacteria_stx,cyanobacterial,CYANO_TAXON,Analyses of paralytic shellfish toxins and biomarkers in a southern Brazilian reservoir.
cyano_all,STX_DOC_000384,2010.0,cyanobacteria,cyanobacteria_stx,saxitoxin,TOXIN,"Use of flow management to mitigate cyanobacterial blooms in the Lower Darling River, Australia"
cyano_all,STX_DOC_000384,2010.0,cyanobacteria,cyanobacteria_stx,cyanobacteria,CYANO_TAXON,"Use of flow management to mitigate cyanobacterial blooms in the Lower Darling River, Australia"
cyano_all,STX_DOC_000384,2010.0,cyanobacteria,cyanobacteria_stx,cyanobacterium,CYANO_TAXON,"Use of flow management to mitigate cyanobacterial blooms in the Lower Darling River, Australia"
cyano_all,STX_DOC_000384,2010.0,cyanobacteria,cyanobacteria_stx,cyanobacterial,CYANO_TAXON,"Use of flow management to mitigate cyanobacterial blooms in the Lower Darling River, Australia"
cyano_all,STX_DOC_000384,2010.0,cyanobacteria,cyanobacteria_stx,aphanizomenon,CYANO_TAXON,"Use of flow management to mitigate cyanobacterial blooms in the Lower Darling River, Australia"
cyano_all,STX_DOC_000384,2010.0,cyanobacteria,cyanobacteria_stx,anabaena,CYANO_TAXON,"Use of flow management to mitigate cyanobacterial blooms in the Lower Darling River, Australia"
cyano_all,STX_DOC_000384,2010.0,cyanobacteria,cyanobacteria_stx,light,ENV_FACTOR,"Use of flow management to mitigate cyanobacterial blooms in the Lower Darling River, Australia"
cyano_all,STX_DOC_000384,2010.0,cyanobacteria,cyanobacteria_stx,climate,ENV_FACTOR,"Use of flow management to mitigate cyanobacterial blooms in the Lower Darling River, Australia"
cyano_all,STX_DOC_000384,2010.0,cyanobacteria,cyanobacteria_stx,bloom,ENV_FACTOR,"Use of flow management to mitigate cyanobacterial blooms in the Lower Darling River, Australia"
cyano_all,STX_DOC_000384,2010.0,cyanobacteria,cyanobacteria_stx,regulation,BIOLOGICAL_PROCESS,"Use of flow management to mitigate cyanobacterial blooms in the Lower Darling River, Australia"
cyano_all,STX_DOC_000385,2010.0,cross_taxa,dinoflagellate_stx,paralytic shellfish poisoning,TOXIN,Comparative gene expression in toxic versus non-toxic strains of the marine dinoflagellate Alexandrium minutum
cyano_all,STX_DOC_000385,2010.0,cross_taxa,dinoflagellate_stx,dinoflagellate,DINO_TAXON,Comparative gene expression in toxic versus non-toxic strains of the marine dinoflagellate Alexandrium minutum
cyano_all,STX_DOC_000385,2010.0,cross_taxa,dinoflagellate_stx,dinoflagellates,DINO_TAXON,Comparative gene expression in toxic versus non-toxic strains of the marine dinoflagellate Alexandrium minutum
cyano_all,STX_DOC_000385,2010.0,cross_taxa,dinoflagellate_stx,alexandrium,DINO_TAXON,Comparative gene expression in toxic versus non-toxic strains of the marine dinoflagellate Alexandrium minutum
cyano_all,STX_DOC_000385,2010.0,cross_taxa,dinoflagellate_stx,alexandrium minutum,DINO_TAXON,Comparative gene expression in toxic versus non-toxic strains of the marine dinoflagellate Alexandrium minutum
cyano_all,STX_DOC_000385,2010.0,cross_taxa,dinoflagellate_stx,alexandrium tamarense,DINO_TAXON,Comparative gene expression in toxic versus non-toxic strains of the marine dinoflagellate Alexandrium minutum
cyano_all,STX_DOC_000385,2010.0,cross_taxa,dinoflagellate_stx,cyanobacteria,CYANO_TAXON,Comparative gene expression in toxic versus non-toxic strains of the marine dinoflagellate Alexandrium minutum
cyano_all,STX_DOC_000385,2010.0,cross_taxa,dinoflagellate_stx,cyanobacterial,CYANO_TAXON,Comparative gene expression in toxic versus non-toxic strains of the marine dinoflagellate Alexandrium minutum
cyano_all,STX_DOC_000385,2010.0,cross_taxa,dinoflagellate_stx,regulation,BIOLOGICAL_PROCESS,Comparative gene expression in toxic versus non-toxic strains of the marine dinoflagellate Alexandrium minutum
cyano_all,STX_DOC_000385,2010.0,cross_taxa,dinoflagellate_stx,expression,BIOLOGICAL_PROCESS,Comparative gene expression in toxic versus non-toxic strains of the marine dinoflagellate Alexandrium minutum
cyano_all,STX_DOC_000385,2010.0,cross_taxa,dinoflagellate_stx,gene expression,BIOLOGICAL_PROCESS,Comparative gene expression in toxic versus non-toxic strains of the marine dinoflagellate Alexandrium minutum
cyano_all,STX_DOC_000385,2010.0,cross_taxa,dinoflagellate_stx,toxin production,BIOLOGICAL_PROCESS,Comparative gene expression in toxic versus non-toxic strains of the marine dinoflagellate Alexandrium minutum
cyano_all,STX_DOC_000386,2009.0,cyanobacteria,cyanobacteria_stx,saxitoxin,TOXIN,Effects of light intensity and light quality on growth and circadian rhythm of saxitoxins production in Cylindrospermopsis raciborskii (Cyanobacteria)
cyano_all,STX_DOC_000386,2009.0,cyanobacteria,cyanobacteria_stx,stx,TOXIN,Effects of light intensity and light quality on growth and circadian rhythm of saxitoxins production in Cylindrospermopsis raciborskii (Cyanobacteria)
cyano_all,STX_DOC_000386,2009.0,cyanobacteria,cyanobacteria_stx,neosaxitoxin,TOXIN,Effects of light intensity and light quality on growth and circadian rhythm of saxitoxins production in Cylindrospermopsis raciborskii (Cyanobacteria)
cyano_all,STX_DOC_000386,2009.0,cyanobacteria,cyanobacteria_stx,cyanobacteria,CYANO_TAXON,Effects of light intensity and light quality on growth and circadian rhythm of saxitoxins production in Cylindrospermopsis raciborskii (Cyanobacteria)
cyano_all,STX_DOC_000386,2009.0,cyanobacteria,cyanobacteria_stx,cylindrospermopsis,CYANO_TAXON,Effects of light intensity and light quality on growth and circadian rhythm of saxitoxins production in Cylindrospermopsis raciborskii (Cyanobacteria)
cyano_all,STX_DOC_000386,2009.0,cyanobacteria,cyanobacteria_stx,light,ENV_FACTOR,Effects of light intensity and light quality on growth and circadian rhythm of saxitoxins production in Cylindrospermopsis raciborskii (Cyanobacteria)
cyano_all,STX_DOC_000387,2004.0,cyanobacteria,cyanobacteria_stx,saxitoxin,TOXIN,Interactions between intracellular Na+ levels and saxitoxin production in Cylindrospermopsis raciborskii T3.
cyano_all,STX_DOC_000387,2004.0,cyanobacteria,cyanobacteria_stx,stx,TOXIN,Interactions between intracellular Na+ levels and saxitoxin production in Cylindrospermopsis raciborskii T3.
cyano_all,STX_DOC_000387,2004.0,cyanobacteria,cyanobacteria_stx,paralytic shellfish poisoning,TOXIN,Interactions between intracellular Na+ levels and saxitoxin production in Cylindrospermopsis raciborskii T3.
cyano_all,STX_DOC_000387,2004.0,cyanobacteria,cyanobacteria_stx,cyanobacteria,CYANO_TAXON,Interactions between intracellular Na+ levels and saxitoxin production in Cylindrospermopsis raciborskii T3.
cyano_all,STX_DOC_000387,2004.0,cyanobacteria,cyanobacteria_stx,cyanobacterium,CYANO_TAXON,Interactions between intracellular Na+ levels and saxitoxin production in Cylindrospermopsis raciborskii T3.
cyano_all,STX_DOC_000387,2004.0,cyanobacteria,cyanobacteria_stx,cyanobacterial,CYANO_TAXON,Interactions between intracellular Na+ levels and saxitoxin production in Cylindrospermopsis raciborskii T3.
cyano_all,STX_DOC_000387,2004.0,cyanobacteria,cyanobacteria_stx,cylindrospermopsis,CYANO_TAXON,Interactions between intracellular Na+ levels and saxitoxin production in Cylindrospermopsis raciborskii T3.
cyano_all,STX_DOC_000388,2003.0,cyanobacteria,cyanobacteria_stx,stx,TOXIN,Chlorination for degrading saxitoxins (paralytic shellfish poisons) in water
cyano_all,STX_DOC_000388,2003.0,cyanobacteria,cyanobacteria_stx,cyanobacteria,CYANO_TAXON,Chlorination for degrading saxitoxins (paralytic shellfish poisons) in water
cyano_all,STX_DOC_000388,2003.0,cyanobacteria,cyanobacteria_stx,toxicity,BIOLOGICAL_PROCESS,Chlorination for degrading saxitoxins (paralytic shellfish poisons) in water
cyano_all,STX_DOC_000388,2003.0,cyanobacteria,cyanobacteria_stx,mouse bioassay,DETECTION_METHOD,Chlorination for degrading saxitoxins (paralytic shellfish poisons) in water
cyano_all,STX_DOC_000388,2003.0,cyanobacteria,cyanobacteria_stx,chemical analysis,DETECTION_METHOD,Chlorination for degrading saxitoxins (paralytic shellfish poisons) in water
cyano_all,STX_DOC_000389,2003.0,cyanobacteria,cyanobacteria_stx,stx,TOXIN,Chlorination for degrading saxitoxins (paralytic shellfish poisons) in water.
cyano_all,STX_DOC_000389,2003.0,cyanobacteria,cyanobacteria_stx,cyanobacteria,CYANO_TAXON,Chlorination for degrading saxitoxins (paralytic shellfish poisons) in water.
cyano_all,STX_DOC_000389,2003.0,cyanobacteria,cyanobacteria_stx,toxicity,BIOLOGICAL_PROCESS,Chlorination for degrading saxitoxins (paralytic shellfish poisons) in water.
cyano_all,STX_DOC_000389,2003.0,cyanobacteria,cyanobacteria_stx,mouse bioassay,DETECTION_METHOD,Chlorination for degrading saxitoxins (paralytic shellfish poisons) in water.
cyano_all,STX_DOC_000389,2003.0,cyanobacteria,cyanobacteria_stx,chemical analysis,DETECTION_METHOD,Chlorination for degrading saxitoxins (paralytic shellfish poisons) in water.
cyano_all,STX_DOC_000398,2025.0,cyanobacteria,cyanobacteria_stx,saxitoxin,TOXIN,Extracellular vesicles from saxitoxin-producing strains of the cyanobacterium <i>Raphidiopsis raciborskii</i> and investigation of their potential allelopathic effect
cyano_all,STX_DOC_000398,2025.0,cyanobacteria,cyanobacteria_stx,stx,TOXIN,Extracellular vesicles from saxitoxin-producing strains of the cyanobacterium <i>Raphidiopsis raciborskii</i> and investigation of their potential allelopathic effect
cyano_all,STX_DOC_000398,2025.0,cyanobacteria,cyanobacteria_stx,neosaxitoxin,TOXIN,Extracellular vesicles from saxitoxin-producing strains of the cyanobacterium <i>Raphidiopsis raciborskii</i> and investigation of their potential allelopathic effect
cyano_all,STX_DOC_000398,2025.0,cyanobacteria,cyanobacteria_stx,cyanobacterium,CYANO_TAXON,Extracellular vesicles from saxitoxin-producing strains of the cyanobacterium <i>Raphidiopsis raciborskii</i> and investigation of their potential allelopathic effect
cyano_all,STX_DOC_000398,2025.0,cyanobacteria,cyanobacteria_stx,cyanobacterial,CYANO_TAXON,Extracellular vesicles from saxitoxin-producing strains of the cyanobacterium <i>Raphidiopsis raciborskii</i> and investigation of their potential allelopathic effect
cyano_all,STX_DOC_000398,2025.0,cyanobacteria,cyanobacteria_stx,elisa,DETECTION_METHOD,Extracellular vesicles from saxitoxin-producing strains of the cyanobacterium <i>Raphidiopsis raciborskii</i> and investigation of their potential allelopathic effect
cyano_all,STX_DOC_000402,2024.0,cyanobacteria,cyanobacteria_stx,neosaxitoxin,TOXIN,Multi-class cyanobacterial toxin analysis using hydrophilic interaction liquid chromatography-mass spectrometry.
cyano_all,STX_DOC_000402,2024.0,cyanobacteria,cyanobacteria_stx,gonyautoxin,TOXIN,Multi-class cyanobacterial toxin analysis using hydrophilic interaction liquid chromatography-mass spectrometry.
cyano_all,STX_DOC_000402,2024.0,cyanobacteria,cyanobacteria_stx,cyanobacteria,CYANO_TAXON,Multi-class cyanobacterial toxin analysis using hydrophilic interaction liquid chromatography-mass spectrometry.
cyano_all,STX_DOC_000402,2024.0,cyanobacteria,cyanobacteria_stx,cyanobacterial,CYANO_TAXON,Multi-class cyanobacterial toxin analysis using hydrophilic interaction liquid chromatography-mass spectrometry.
cyano_all,STX_DOC_000402,2024.0,cyanobacteria,cyanobacteria_stx,aphanizomenon,CYANO_TAXON,Multi-class cyanobacterial toxin analysis using hydrophilic interaction liquid chromatography-mass spectrometry.
cyano_all,STX_DOC_000402,2024.0,cyanobacteria,cyanobacteria_stx,toxicity,BIOLOGICAL_PROCESS,Multi-class cyanobacterial toxin analysis using hydrophilic interaction liquid chromatography-mass spectrometry.
cyano_all,STX_DOC_000402,2024.0,cyanobacteria,cyanobacteria_stx,mass spectrometry,DETECTION_METHOD,Multi-class cyanobacterial toxin analysis using hydrophilic interaction liquid chromatography-mass spectrometry.
cyano_all,STX_DOC_000404,2024.0,cyanobacteria,cyanobacteria_stx,cyanobacteria,CYANO_TAXON,Cyanotoxin Occurrence and Diversity in 98 Cyanobacterial Blooms From Swedish Lakes and the Baltic Sea
cyano_all,STX_DOC_000404,2024.0,cyanobacteria,cyanobacteria_stx,cyanobacterial,CYANO_TAXON,Cyanotoxin Occurrence and Diversity in 98 Cyanobacterial Blooms From Swedish Lakes and the Baltic Sea
cyano_all,STX_DOC_000404,2024.0,cyanobacteria,cyanobacteria_stx,aphanizomenon,CYANO_TAXON,Cyanotoxin Occurrence and Diversity in 98 Cyanobacterial Blooms From Swedish Lakes and the Baltic Sea
cyano_all,STX_DOC_000404,2024.0,cyanobacteria,cyanobacteria_stx,light,ENV_FACTOR,Cyanotoxin Occurrence and Diversity in 98 Cyanobacterial Blooms From Swedish Lakes and the Baltic Sea
cyano_all,STX_DOC_000404,2024.0,cyanobacteria,cyanobacteria_stx,toxin production,BIOLOGICAL_PROCESS,Cyanotoxin Occurrence and Diversity in 98 Cyanobacterial Blooms From Swedish Lakes and the Baltic Sea
cyano_all,STX_DOC_000404,2024.0,cyanobacteria,cyanobacteria_stx,lc-ms,DETECTION_METHOD,Cyanotoxin Occurrence and Diversity in 98 Cyanobacterial Blooms From Swedish Lakes and the Baltic Sea
cyano_all,STX_DOC_000404,2024.0,cyanobacteria,cyanobacteria_stx,lc-ms/ms,DETECTION_METHOD,Cyanotoxin Occurrence and Diversity in 98 Cyanobacterial Blooms From Swedish Lakes and the Baltic Sea
cyano_all,STX_DOC_000405,2024.0,cyanobacteria,cyanobacteria_stx,cyanobacteria,CYANO_TAXON,Cyanotoxin Occurrence and Diversity in 98 Cyanobacterial Blooms from Swedish Lakes and the Baltic Sea.
cyano_all,STX_DOC_000405,2024.0,cyanobacteria,cyanobacteria_stx,cyanobacterial,CYANO_TAXON,Cyanotoxin Occurrence and Diversity in 98 Cyanobacterial Blooms from Swedish Lakes and the Baltic Sea.
cyano_all,STX_DOC_000405,2024.0,cyanobacteria,cyanobacteria_stx,aphanizomenon,CYANO_TAXON,Cyanotoxin Occurrence and Diversity in 98 Cyanobacterial Blooms from Swedish Lakes and the Baltic Sea.
cyano_all,STX_DOC_000405,2024.0,cyanobacteria,cyanobacteria_stx,light,ENV_FACTOR,Cyanotoxin Occurrence and Diversity in 98 Cyanobacterial Blooms from Swedish Lakes and the Baltic Sea.
cyano_all,STX_DOC_000405,2024.0,cyanobacteria,cyanobacteria_stx,toxin production,BIOLOGICAL_PROCESS,Cyanotoxin Occurrence and Diversity in 98 Cyanobacterial Blooms from Swedish Lakes and the Baltic Sea.
cyano_all,STX_DOC_000405,2024.0,cyanobacteria,cyanobacteria_stx,lc-ms,DETECTION_METHOD,Cyanotoxin Occurrence and Diversity in 98 Cyanobacterial Blooms from Swedish Lakes and the Baltic Sea.
cyano_all,STX_DOC_000405,2024.0,cyanobacteria,cyanobacteria_stx,lc-ms/ms,DETECTION_METHOD,Cyanotoxin Occurrence and Diversity in 98 Cyanobacterial Blooms from Swedish Lakes and the Baltic Sea.
cyano_all,STX_DOC_000406,2024.0,cyanobacteria,cyanobacteria_stx,saxitoxin,TOXIN,"Cyanotoxins in Epipelic and Epiphytic Cyanobacteria from a Hypersaline Coastal Lagoon, an Environmental Hazard in Climate Warming Times and a Potential Source of New Compounds."
cyano_all,STX_DOC_000406,2024.0,cyanobacteria,cyanobacteria_stx,stx,TOXIN,"Cyanotoxins in Epipelic and Epiphytic Cyanobacteria from a Hypersaline Coastal Lagoon, an Environmental Hazard in Climate Warming Times and a Potential Source of New Compounds."
cyano_all,STX_DOC_000406,2024.0,cyanobacteria,cyanobacteria_stx,cyanobacteria,CYANO_TAXON,"Cyanotoxins in Epipelic and Epiphytic Cyanobacteria from a Hypersaline Coastal Lagoon, an Environmental Hazard in Climate Warming Times and a Potential Source of New Compounds."
cyano_all,STX_DOC_000406,2024.0,cyanobacteria,cyanobacteria_stx,cyanobacterial,CYANO_TAXON,"Cyanotoxins in Epipelic and Epiphytic Cyanobacteria from a Hypersaline Coastal Lagoon, an Environmental Hazard in Climate Warming Times and a Potential Source of New Compounds."
cyano_all,STX_DOC_000406,2024.0,cyanobacteria,cyanobacteria_stx,warming,ENV_FACTOR,"Cyanotoxins in Epipelic and Epiphytic Cyanobacteria from a Hypersaline Coastal Lagoon, an Environmental Hazard in Climate Warming Times and a Potential Source of New Compounds."
cyano_all,STX_DOC_000406,2024.0,cyanobacteria,cyanobacteria_stx,climate,ENV_FACTOR,"Cyanotoxins in Epipelic and Epiphytic Cyanobacteria from a Hypersaline Coastal Lagoon, an Environmental Hazard in Climate Warming Times and a Potential Source of New Compounds."
cyano_all,STX_DOC_000406,2024.0,cyanobacteria,cyanobacteria_stx,toxicity,BIOLOGICAL_PROCESS,"Cyanotoxins in Epipelic and Epiphytic Cyanobacteria from a Hypersaline Coastal Lagoon, an Environmental Hazard in Climate Warming Times and a Potential Source of New Compounds."
cyano_all,STX_DOC_000409,2023.0,cross_taxa,high_confidence_stx_biosynthesis,saxitoxin,TOXIN,PLP-Dependent Biocatalysis As Related to Saxitoxin Biosynthesis
cyano_all,STX_DOC_000409,2023.0,cross_taxa,high_confidence_stx_biosynthesis,sxta,SXT_GENE,PLP-Dependent Biocatalysis As Related to Saxitoxin Biosynthesis
cyano_all,STX_DOC_000409,2023.0,cross_taxa,high_confidence_stx_biosynthesis,dinoflagellates,DINO_TAXON,PLP-Dependent Biocatalysis As Related to Saxitoxin Biosynthesis
cyano_all,STX_DOC_000409,2023.0,cross_taxa,high_confidence_stx_biosynthesis,cyanobacteria,CYANO_TAXON,PLP-Dependent Biocatalysis As Related to Saxitoxin Biosynthesis
cyano_all,STX_DOC_000409,2023.0,cross_taxa,high_confidence_stx_biosynthesis,phosphate,ENV_FACTOR,PLP-Dependent Biocatalysis As Related to Saxitoxin Biosynthesis
cyano_all,STX_DOC_000409,2023.0,cross_taxa,high_confidence_stx_biosynthesis,biosynthesis,BIOLOGICAL_PROCESS,PLP-Dependent Biocatalysis As Related to Saxitoxin Biosynthesis
cyano_all,STX_DOC_000409,2023.0,cross_taxa,high_confidence_stx_biosynthesis,saxitoxin biosynthesis,BIOLOGICAL_PROCESS,PLP-Dependent Biocatalysis As Related to Saxitoxin Biosynthesis
cyano_all,STX_DOC_000409,2023.0,cross_taxa,high_confidence_stx_biosynthesis,evolution,BIOLOGICAL_PROCESS,PLP-Dependent Biocatalysis As Related to Saxitoxin Biosynthesis
cyano_all,STX_DOC_000410,2022.0,cyanobacteria,cyanobacteria_stx,saxitoxin,TOXIN,"Permanent occurrence of Raphidiopsis raciborskii and cyanotoxins in a subtropical reservoir polluted by domestic effluents (Itupararanga reservoir, São Paulo, Brazil)."
cyano_all,STX_DOC_000410,2022.0,cyanobacteria,cyanobacteria_stx,stx,TOXIN,"Permanent occurrence of Raphidiopsis raciborskii and cyanotoxins in a subtropical reservoir polluted by domestic effluents (Itupararanga reservoir, São Paulo, Brazil)."
cyano_all,STX_DOC_000410,2022.0,cyanobacteria,cyanobacteria_stx,cyanobacteria,CYANO_TAXON,"Permanent occurrence of Raphidiopsis raciborskii and cyanotoxins in a subtropical reservoir polluted by domestic effluents (Itupararanga reservoir, São Paulo, Brazil)."
cyano_all,STX_DOC_000410,2022.0,cyanobacteria,cyanobacteria_stx,aphanizomenon,CYANO_TAXON,"Permanent occurrence of Raphidiopsis raciborskii and cyanotoxins in a subtropical reservoir polluted by domestic effluents (Itupararanga reservoir, São Paulo, Brazil)."
cyano_all,STX_DOC_000410,2022.0,cyanobacteria,cyanobacteria_stx,dolichospermum,CYANO_TAXON,"Permanent occurrence of Raphidiopsis raciborskii and cyanotoxins in a subtropical reservoir polluted by domestic effluents (Itupararanga reservoir, São Paulo, Brazil)."
cyano_all,STX_DOC_000410,2022.0,cyanobacteria,cyanobacteria_stx,planktothrix,CYANO_TAXON,"Permanent occurrence of Raphidiopsis raciborskii and cyanotoxins in a subtropical reservoir polluted by domestic effluents (Itupararanga reservoir, São Paulo, Brazil)."
cyano_all,STX_DOC_000410,2022.0,cyanobacteria,cyanobacteria_stx,phosphorus,ENV_FACTOR,"Permanent occurrence of Raphidiopsis raciborskii and cyanotoxins in a subtropical reservoir polluted by domestic effluents (Itupararanga reservoir, São Paulo, Brazil)."
cyano_all,STX_DOC_000416,2020.0,cross_taxa,high_confidence_stx_biosynthesis,saxitoxin,TOXIN,Biosynthesis of Saxitoxin in Marine Dinoflagellates: An Omics Perspective.
cyano_all,STX_DOC_000416,2020.0,cross_taxa,high_confidence_stx_biosynthesis,dinoflagellate,DINO_TAXON,Biosynthesis of Saxitoxin in Marine Dinoflagellates: An Omics Perspective.
cyano_all,STX_DOC_000416,2020.0,cross_taxa,high_confidence_stx_biosynthesis,dinoflagellates,DINO_TAXON,Biosynthesis of Saxitoxin in Marine Dinoflagellates: An Omics Perspective.
cyano_all,STX_DOC_000416,2020.0,cross_taxa,high_confidence_stx_biosynthesis,cyanobacteria,CYANO_TAXON,Biosynthesis of Saxitoxin in Marine Dinoflagellates: An Omics Perspective.
cyano_all,STX_DOC_000416,2020.0,cross_taxa,high_confidence_stx_biosynthesis,cyanobacterial,CYANO_TAXON,Biosynthesis of Saxitoxin in Marine Dinoflagellates: An Omics Perspective.
cyano_all,STX_DOC_000416,2020.0,cross_taxa,high_confidence_stx_biosynthesis,biosynthesis,BIOLOGICAL_PROCESS,Biosynthesis of Saxitoxin in Marine Dinoflagellates: An Omics Perspective.
cyano_all,STX_DOC_000416,2020.0,cross_taxa,high_confidence_stx_biosynthesis,saxitoxin biosynthesis,BIOLOGICAL_PROCESS,Biosynthesis of Saxitoxin in Marine Dinoflagellates: An Omics Perspective.
cyano_all,STX_DOC_000416,2020.0,cross_taxa,high_confidence_stx_biosynthesis,transcriptome,BIOLOGICAL_PROCESS,Biosynthesis of Saxitoxin in Marine Dinoflagellates: An Omics Perspective.
cyano_all,STX_DOC_000417,2020.0,cross_taxa,dinoflagellate_stx,paralytic shellfish toxins,TOXIN,Paralytic Shellfish Toxins (PST)-Transforming Enzymes: A Review
cyano_all,STX_DOC_000417,2020.0,cross_taxa,dinoflagellate_stx,pst,TOXIN,Paralytic Shellfish Toxins (PST)-Transforming Enzymes: A Review
cyano_all,STX_DOC_000417,2020.0,cross_taxa,dinoflagellate_stx,psts,TOXIN,Paralytic Shellfish Toxins (PST)-Transforming Enzymes: A Review
cyano_all,STX_DOC_000417,2020.0,cross_taxa,dinoflagellate_stx,paralytic shellfish poisoning,TOXIN,Paralytic Shellfish Toxins (PST)-Transforming Enzymes: A Review
cyano_all,STX_DOC_000417,2020.0,cross_taxa,dinoflagellate_stx,dinoflagellates,DINO_TAXON,Paralytic Shellfish Toxins (PST)-Transforming Enzymes: A Review
cyano_all,STX_DOC_000417,2020.0,cross_taxa,dinoflagellate_stx,cyanobacteria,CYANO_TAXON,Paralytic Shellfish Toxins (PST)-Transforming Enzymes: A Review
cyano_all,STX_DOC_000419,2020.0,cyanobacteria,cyanobacteria_stx,saxitoxin,TOXIN,Acute toxicity of neurotoxin-producing Raphidiopsis (Cylindrospermopsis) raciborskii ITEP-A1 (Cyanobacteria) on the neotropical cladoceran Macrothrix spinosa
cyano_all,STX_DOC_000419,2020.0,cyanobacteria,cyanobacteria_stx,stx,TOXIN,Acute toxicity of neurotoxin-producing Raphidiopsis (Cylindrospermopsis) raciborskii ITEP-A1 (Cyanobacteria) on the neotropical cladoceran Macrothrix spinosa
cyano_all,STX_DOC_000419,2020.0,cyanobacteria,cyanobacteria_stx,cyanobacteria,CYANO_TAXON,Acute toxicity of neurotoxin-producing Raphidiopsis (Cylindrospermopsis) raciborskii ITEP-A1 (Cyanobacteria) on the neotropical cladoceran Macrothrix spinosa
cyano_all,STX_DOC_000419,2020.0,cyanobacteria,cyanobacteria_stx,cyanobacterial,CYANO_TAXON,Acute toxicity of neurotoxin-producing Raphidiopsis (Cylindrospermopsis) raciborskii ITEP-A1 (Cyanobacteria) on the neotropical cladoceran Macrothrix spinosa
cyano_all,STX_DOC_000419,2020.0,cyanobacteria,cyanobacteria_stx,cylindrospermopsis,CYANO_TAXON,Acute toxicity of neurotoxin-producing Raphidiopsis (Cylindrospermopsis) raciborskii ITEP-A1 (Cyanobacteria) on the neotropical cladoceran Macrothrix spinosa
cyano_all,STX_DOC_000419,2020.0,cyanobacteria,cyanobacteria_stx,bloom,ENV_FACTOR,Acute toxicity of neurotoxin-producing Raphidiopsis (Cylindrospermopsis) raciborskii ITEP-A1 (Cyanobacteria) on the neotropical cladoceran Macrothrix spinosa
cyano_all,STX_DOC_000419,2020.0,cyanobacteria,cyanobacteria_stx,toxicity,BIOLOGICAL_PROCESS,Acute toxicity of neurotoxin-producing Raphidiopsis (Cylindrospermopsis) raciborskii ITEP-A1 (Cyanobacteria) on the neotropical cladoceran Macrothrix spinosa
cyano_all,STX_DOC_000419,2020.0,cyanobacteria,cyanobacteria_stx,hplc,DETECTION_METHOD,Acute toxicity of neurotoxin-producing Raphidiopsis (Cylindrospermopsis) raciborskii ITEP-A1 (Cyanobacteria) on the neotropical cladoceran Macrothrix spinosa
cyano_all,STX_DOC_000421,2018.0,cyanobacteria,high_confidence_stx_biosynthesis,saxitoxin,TOXIN,"Nitrogen limitation, toxin synthesis potential, and toxicity of cyanobacterial populations in Lake Okeechobee and the St. Lucie River Estuary, Florida, during the 2016 state of emergency event."
cyano_all,STX_DOC_000421,2018.0,cyanobacteria,high_confidence_stx_biosynthesis,sxta,SXT_GENE,"Nitrogen limitation, toxin synthesis potential, and toxicity of cyanobacterial populations in Lake Okeechobee and the St. Lucie River Estuary, Florida, during the 2016 state of emergency event."
cyano_all,STX_DOC_000421,2018.0,cyanobacteria,high_confidence_stx_biosynthesis,cyanobacteria,CYANO_TAXON,"Nitrogen limitation, toxin synthesis potential, and toxicity of cyanobacterial populations in Lake Okeechobee and the St. Lucie River Estuary, Florida, during the 2016 state of emergency event."
cyano_all,STX_DOC_000421,2018.0,cyanobacteria,high_confidence_stx_biosynthesis,cyanobacterial,CYANO_TAXON,"Nitrogen limitation, toxin synthesis potential, and toxicity of cyanobacterial populations in Lake Okeechobee and the St. Lucie River Estuary, Florida, during the 2016 state of emergency event."
cyano_all,STX_DOC_000421,2018.0,cyanobacteria,high_confidence_stx_biosynthesis,salinity,ENV_FACTOR,"Nitrogen limitation, toxin synthesis potential, and toxicity of cyanobacterial populations in Lake Okeechobee and the St. Lucie River Estuary, Florida, during the 2016 state of emergency event."
cyano_all,STX_DOC_000421,2018.0,cyanobacteria,high_confidence_stx_biosynthesis,nitrogen,ENV_FACTOR,"Nitrogen limitation, toxin synthesis potential, and toxicity of cyanobacterial populations in Lake Okeechobee and the St. Lucie River Estuary, Florida, during the 2016 state of emergency event."
cyano_all,STX_DOC_000421,2018.0,cyanobacteria,high_confidence_stx_biosynthesis,phosphorus,ENV_FACTOR,"Nitrogen limitation, toxin synthesis potential, and toxicity of cyanobacterial populations in Lake Okeechobee and the St. Lucie River Estuary, Florida, during the 2016 state of emergency event."
cyano_all,STX_DOC_000421,2018.0,cyanobacteria,high_confidence_stx_biosynthesis,nutrient,ENV_FACTOR,"Nitrogen limitation, toxin synthesis potential, and toxicity of cyanobacterial populations in Lake Okeechobee and the St. Lucie River Estuary, Florida, during the 2016 state of emergency event."
cyano_all,STX_DOC_000421,2018.0,cyanobacteria,high_confidence_stx_biosynthesis,bloom,ENV_FACTOR,"Nitrogen limitation, toxin synthesis potential, and toxicity of cyanobacterial populations in Lake Okeechobee and the St. Lucie River Estuary, Florida, during the 2016 state of emergency event."
cyano_all,STX_DOC_000421,2018.0,cyanobacteria,high_confidence_stx_biosynthesis,toxicity,BIOLOGICAL_PROCESS,"Nitrogen limitation, toxin synthesis potential, and toxicity of cyanobacterial populations in Lake Okeechobee and the St. Lucie River Estuary, Florida, during the 2016 state of emergency event."
cyano_all,STX_DOC_000422,2018.0,cyanobacteria,cyanobacteria_stx,cyanobacteria,CYANO_TAXON,"Cyanobacterial blooms in freshwater bodies from a semiarid region, Northeast Brazil: A review"
cyano_all,STX_DOC_000422,2018.0,cyanobacteria,cyanobacteria_stx,cyanobacterial,CYANO_TAXON,"Cyanobacterial blooms in freshwater bodies from a semiarid region, Northeast Brazil: A review"
cyano_all,STX_DOC_000422,2018.0,cyanobacteria,cyanobacteria_stx,dolichospermum,CYANO_TAXON,"Cyanobacterial blooms in freshwater bodies from a semiarid region, Northeast Brazil: A review"
cyano_all,STX_DOC_000422,2018.0,cyanobacteria,cyanobacteria_stx,anabaena,CYANO_TAXON,"Cyanobacterial blooms in freshwater bodies from a semiarid region, Northeast Brazil: A review"
cyano_all,STX_DOC_000422,2018.0,cyanobacteria,cyanobacteria_stx,cylindrospermopsis,CYANO_TAXON,"Cyanobacterial blooms in freshwater bodies from a semiarid region, Northeast Brazil: A review"
cyano_all,STX_DOC_000422,2018.0,cyanobacteria,cyanobacteria_stx,planktothrix,CYANO_TAXON,"Cyanobacterial blooms in freshwater bodies from a semiarid region, Northeast Brazil: A review"
cyano_all,STX_DOC_000422,2018.0,cyanobacteria,cyanobacteria_stx,climate,ENV_FACTOR,"Cyanobacterial blooms in freshwater bodies from a semiarid region, Northeast Brazil: A review"
cyano_all,STX_DOC_000422,2018.0,cyanobacteria,cyanobacteria_stx,toxicity,BIOLOGICAL_PROCESS,"Cyanobacterial blooms in freshwater bodies from a semiarid region, Northeast Brazil: A review"
cyano_all,STX_DOC_000425,2017.0,cross_taxa,dinoflagellate_stx,saxitoxin,TOXIN,Guanidinium Toxins and Their Interactions with Voltage-Gated Sodium Ion Channels.
cyano_all,STX_DOC_000425,2017.0,cross_taxa,dinoflagellate_stx,stx,TOXIN,Guanidinium Toxins and Their Interactions with Voltage-Gated Sodium Ion Channels.
cyano_all,STX_DOC_000425,2017.0,cross_taxa,dinoflagellate_stx,paralytic shellfish toxins,TOXIN,Guanidinium Toxins and Their Interactions with Voltage-Gated Sodium Ion Channels.
cyano_all,STX_DOC_000425,2017.0,cross_taxa,dinoflagellate_stx,psts,TOXIN,Guanidinium Toxins and Their Interactions with Voltage-Gated Sodium Ion Channels.
cyano_all,STX_DOC_000425,2017.0,cross_taxa,dinoflagellate_stx,dinoflagellates,DINO_TAXON,Guanidinium Toxins and Their Interactions with Voltage-Gated Sodium Ion Channels.
cyano_all,STX_DOC_000425,2017.0,cross_taxa,dinoflagellate_stx,cyanobacteria,CYANO_TAXON,Guanidinium Toxins and Their Interactions with Voltage-Gated Sodium Ion Channels.
cyano_all,STX_DOC_000425,2017.0,cross_taxa,dinoflagellate_stx,biosynthesis,BIOLOGICAL_PROCESS,Guanidinium Toxins and Their Interactions with Voltage-Gated Sodium Ion Channels.
cyano_all,STX_DOC_000425,2017.0,cross_taxa,dinoflagellate_stx,regulation,BIOLOGICAL_PROCESS,Guanidinium Toxins and Their Interactions with Voltage-Gated Sodium Ion Channels.
cyano_all,STX_DOC_000426,2017.0,cyanobacteria,cyanobacteria_stx,cyanobacteria,CYANO_TAXON,"Cyanobacterial blooms in freshwaters bodies in a semiarid region, northeastern Brazil: A review"
cyano_all,STX_DOC_000426,2017.0,cyanobacteria,cyanobacteria_stx,cyanobacterial,CYANO_TAXON,"Cyanobacterial blooms in freshwaters bodies in a semiarid region, northeastern Brazil: A review"
cyano_all,STX_DOC_000426,2017.0,cyanobacteria,cyanobacteria_stx,dolichospermum,CYANO_TAXON,"Cyanobacterial blooms in freshwaters bodies in a semiarid region, northeastern Brazil: A review"
cyano_all,STX_DOC_000426,2017.0,cyanobacteria,cyanobacteria_stx,anabaena,CYANO_TAXON,"Cyanobacterial blooms in freshwaters bodies in a semiarid region, northeastern Brazil: A review"
cyano_all,STX_DOC_000426,2017.0,cyanobacteria,cyanobacteria_stx,cylindrospermopsis,CYANO_TAXON,"Cyanobacterial blooms in freshwaters bodies in a semiarid region, northeastern Brazil: A review"
cyano_all,STX_DOC_000426,2017.0,cyanobacteria,cyanobacteria_stx,planktothrix,CYANO_TAXON,"Cyanobacterial blooms in freshwaters bodies in a semiarid region, northeastern Brazil: A review"
cyano_all,STX_DOC_000426,2017.0,cyanobacteria,cyanobacteria_stx,climate,ENV_FACTOR,"Cyanobacterial blooms in freshwaters bodies in a semiarid region, northeastern Brazil: A review"
cyano_all,STX_DOC_000426,2017.0,cyanobacteria,cyanobacteria_stx,toxicity,BIOLOGICAL_PROCESS,"Cyanobacterial blooms in freshwaters bodies in a semiarid region, northeastern Brazil: A review"
cyano_all,STX_DOC_000427,2015.0,cyanobacteria,cyanobacteria_stx,saxitoxin,TOXIN,First record of toxins associated with cyanobacterial blooms in oligotrophic North Patagonian lakes of Chile—a genomic approach
cyano_all,STX_DOC_000427,2015.0,cyanobacteria,cyanobacteria_stx,cyanobacteria,CYANO_TAXON,First record of toxins associated with cyanobacterial blooms in oligotrophic North Patagonian lakes of Chile—a genomic approach
cyano_all,STX_DOC_000427,2015.0,cyanobacteria,cyanobacteria_stx,cyanobacterium,CYANO_TAXON,First record of toxins associated with cyanobacterial blooms in oligotrophic North Patagonian lakes of Chile—a genomic approach
cyano_all,STX_DOC_000427,2015.0,cyanobacteria,cyanobacteria_stx,cyanobacterial,CYANO_TAXON,First record of toxins associated with cyanobacterial blooms in oligotrophic North Patagonian lakes of Chile—a genomic approach
cyano_all,STX_DOC_000427,2015.0,cyanobacteria,cyanobacteria_stx,dolichospermum,CYANO_TAXON,First record of toxins associated with cyanobacterial blooms in oligotrophic North Patagonian lakes of Chile—a genomic approach
cyano_all,STX_DOC_000427,2015.0,cyanobacteria,cyanobacteria_stx,anabaena,CYANO_TAXON,First record of toxins associated with cyanobacterial blooms in oligotrophic North Patagonian lakes of Chile—a genomic approach
cyano_all,STX_DOC_000427,2015.0,cyanobacteria,cyanobacteria_stx,cylindrospermopsis,CYANO_TAXON,First record of toxins associated with cyanobacterial blooms in oligotrophic North Patagonian lakes of Chile—a genomic approach
cyano_all,STX_DOC_000427,2015.0,cyanobacteria,cyanobacteria_stx,nutrient,ENV_FACTOR,First record of toxins associated with cyanobacterial blooms in oligotrophic North Patagonian lakes of Chile—a genomic approach
cyano_all,STX_DOC_000427,2015.0,cyanobacteria,cyanobacteria_stx,toxicity,BIOLOGICAL_PROCESS,First record of toxins associated with cyanobacterial blooms in oligotrophic North Patagonian lakes of Chile—a genomic approach
cyano_all,STX_DOC_000431,2014.0,cross_taxa,dinoflagellate_stx,saxitoxin,TOXIN,Synthesis and identification of proposed biosynthetic intermediates of saxitoxin in the cyanobacterium Anabaena circinalis (TA04) and the dinoflagellate Alexandrium tamarense (Axat-2).
cyano_all,STX_DOC_000431,2014.0,cross_taxa,dinoflagellate_stx,stx,TOXIN,Synthesis and identification of proposed biosynthetic intermediates of saxitoxin in the cyanobacterium Anabaena circinalis (TA04) and the dinoflagellate Alexandrium tamarense (Axat-2).
cyano_all,STX_DOC_000431,2014.0,cross_taxa,dinoflagellate_stx,dinoflagellate,DINO_TAXON,Synthesis and identification of proposed biosynthetic intermediates of saxitoxin in the cyanobacterium Anabaena circinalis (TA04) and the dinoflagellate Alexandrium tamarense (Axat-2).
cyano_all,STX_DOC_000431,2014.0,cross_taxa,dinoflagellate_stx,alexandrium,DINO_TAXON,Synthesis and identification of proposed biosynthetic intermediates of saxitoxin in the cyanobacterium Anabaena circinalis (TA04) and the dinoflagellate Alexandrium tamarense (Axat-2).
cyano_all,STX_DOC_000431,2014.0,cross_taxa,dinoflagellate_stx,alexandrium tamarense,DINO_TAXON,Synthesis and identification of proposed biosynthetic intermediates of saxitoxin in the cyanobacterium Anabaena circinalis (TA04) and the dinoflagellate Alexandrium tamarense (Axat-2).
cyano_all,STX_DOC_000431,2014.0,cross_taxa,dinoflagellate_stx,cyanobacterium,CYANO_TAXON,Synthesis and identification of proposed biosynthetic intermediates of saxitoxin in the cyanobacterium Anabaena circinalis (TA04) and the dinoflagellate Alexandrium tamarense (Axat-2).
cyano_all,STX_DOC_000431,2014.0,cross_taxa,dinoflagellate_stx,anabaena,CYANO_TAXON,Synthesis and identification of proposed biosynthetic intermediates of saxitoxin in the cyanobacterium Anabaena circinalis (TA04) and the dinoflagellate Alexandrium tamarense (Axat-2).
cyano_all,STX_DOC_000432,2013.0,cyanobacteria,high_confidence_stx_biosynthesis,saxitoxin,TOXIN,Identificação e sequenciamento de genes envolvidos na biossíntese de microcistinas e saxitoxinas na cianobactéria Microcystis aeruginosa SPC777
cyano_all,STX_DOC_000432,2013.0,cyanobacteria,high_confidence_stx_biosynthesis,sxt genes,SXT_GENE,Identificação e sequenciamento de genes envolvidos na biossíntese de microcistinas e saxitoxinas na cianobactéria Microcystis aeruginosa SPC777
cyano_all,STX_DOC_000432,2013.0,cyanobacteria,high_confidence_stx_biosynthesis,cyanobacteria,CYANO_TAXON,Identificação e sequenciamento de genes envolvidos na biossíntese de microcistinas e saxitoxinas na cianobactéria Microcystis aeruginosa SPC777
cyano_all,STX_DOC_000432,2013.0,cyanobacteria,high_confidence_stx_biosynthesis,cyanobacterium,CYANO_TAXON,Identificação e sequenciamento de genes envolvidos na biossíntese de microcistinas e saxitoxinas na cianobactéria Microcystis aeruginosa SPC777
cyano_all,STX_DOC_000432,2013.0,cyanobacteria,high_confidence_stx_biosynthesis,cyanobacterial,CYANO_TAXON,Identificação e sequenciamento de genes envolvidos na biossíntese de microcistinas e saxitoxinas na cianobactéria Microcystis aeruginosa SPC777
cyano_all,STX_DOC_000432,2013.0,cyanobacteria,high_confidence_stx_biosynthesis,biosynthesis,BIOLOGICAL_PROCESS,Identificação e sequenciamento de genes envolvidos na biossíntese de microcistinas e saxitoxinas na cianobactéria Microcystis aeruginosa SPC777
cyano_all,STX_DOC_000432,2013.0,cyanobacteria,high_confidence_stx_biosynthesis,evolution,BIOLOGICAL_PROCESS,Identificação e sequenciamento de genes envolvidos na biossíntese de microcistinas e saxitoxinas na cianobactéria Microcystis aeruginosa SPC777
cyano_all,STX_DOC_000432,2013.0,cyanobacteria,high_confidence_stx_biosynthesis,hplc,DETECTION_METHOD,Identificação e sequenciamento de genes envolvidos na biossíntese de microcistinas e saxitoxinas na cianobactéria Microcystis aeruginosa SPC777
cyano_all,STX_DOC_000435,2009.0,cross_taxa,dinoflagellate_stx,paralytic shellfish poisoning,TOXIN,Investigations into the transcriptome of the toxigenic marine dinoflagellate Alexandrium minutum
cyano_all,STX_DOC_000435,2009.0,cross_taxa,dinoflagellate_stx,dinoflagellate,DINO_TAXON,Investigations into the transcriptome of the toxigenic marine dinoflagellate Alexandrium minutum
cyano_all,STX_DOC_000435,2009.0,cross_taxa,dinoflagellate_stx,dinoflagellates,DINO_TAXON,Investigations into the transcriptome of the toxigenic marine dinoflagellate Alexandrium minutum
cyano_all,STX_DOC_000435,2009.0,cross_taxa,dinoflagellate_stx,alexandrium,DINO_TAXON,Investigations into the transcriptome of the toxigenic marine dinoflagellate Alexandrium minutum
cyano_all,STX_DOC_000435,2009.0,cross_taxa,dinoflagellate_stx,alexandrium minutum,DINO_TAXON,Investigations into the transcriptome of the toxigenic marine dinoflagellate Alexandrium minutum
cyano_all,STX_DOC_000435,2009.0,cross_taxa,dinoflagellate_stx,cyanobacteria,CYANO_TAXON,Investigations into the transcriptome of the toxigenic marine dinoflagellate Alexandrium minutum
cyano_all,STX_DOC_000435,2009.0,cross_taxa,dinoflagellate_stx,nutrient,ENV_FACTOR,Investigations into the transcriptome of the toxigenic marine dinoflagellate Alexandrium minutum
cyano_all,STX_DOC_000435,2009.0,cross_taxa,dinoflagellate_stx,light,ENV_FACTOR,Investigations into the transcriptome of the toxigenic marine dinoflagellate Alexandrium minutum
cyano_all,STX_DOC_000435,2009.0,cross_taxa,dinoflagellate_stx,bloom,ENV_FACTOR,Investigations into the transcriptome of the toxigenic marine dinoflagellate Alexandrium minutum
cyano_all,STX_DOC_000435,2009.0,cross_taxa,dinoflagellate_stx,regulation,BIOLOGICAL_PROCESS,Investigations into the transcriptome of the toxigenic marine dinoflagellate Alexandrium minutum
cyano_all,STX_DOC_000435,2009.0,cross_taxa,dinoflagellate_stx,expression,BIOLOGICAL_PROCESS,Investigations into the transcriptome of the toxigenic marine dinoflagellate Alexandrium minutum
cyano_all,STX_DOC_000435,2009.0,cross_taxa,dinoflagellate_stx,gene expression,BIOLOGICAL_PROCESS,Investigations into the transcriptome of the toxigenic marine dinoflagellate Alexandrium minutum
cyano_all,STX_DOC_000435,2009.0,cross_taxa,dinoflagellate_stx,transcriptome,BIOLOGICAL_PROCESS,Investigations into the transcriptome of the toxigenic marine dinoflagellate Alexandrium minutum
cyano_all,STX_DOC_000435,2009.0,cross_taxa,dinoflagellate_stx,transcriptomic,BIOLOGICAL_PROCESS,Investigations into the transcriptome of the toxigenic marine dinoflagellate Alexandrium minutum
cyano_all,STX_DOC_000439,2004.0,cyanobacteria,cyanobacteria_stx,saxitoxin,TOXIN,Identification of an Na<sup>+</sup>-Dependent Transporter Associated with Saxitoxin-Producing Strains of the Cyanobacterium<i>Anabaena circinalis</i>
cyano_all,STX_DOC_000439,2004.0,cyanobacteria,cyanobacteria_stx,stx,TOXIN,Identification of an Na<sup>+</sup>-Dependent Transporter Associated with Saxitoxin-Producing Strains of the Cyanobacterium<i>Anabaena circinalis</i>
cyano_all,STX_DOC_000439,2004.0,cyanobacteria,cyanobacteria_stx,cyanobacteria,CYANO_TAXON,Identification of an Na<sup>+</sup>-Dependent Transporter Associated with Saxitoxin-Producing Strains of the Cyanobacterium<i>Anabaena circinalis</i>
cyano_all,STX_DOC_000439,2004.0,cyanobacteria,cyanobacteria_stx,cyanobacterium,CYANO_TAXON,Identification of an Na<sup>+</sup>-Dependent Transporter Associated with Saxitoxin-Producing Strains of the Cyanobacterium<i>Anabaena circinalis</i>
cyano_all,STX_DOC_000439,2004.0,cyanobacteria,cyanobacteria_stx,cyanobacterial,CYANO_TAXON,Identification of an Na<sup>+</sup>-Dependent Transporter Associated with Saxitoxin-Producing Strains of the Cyanobacterium<i>Anabaena circinalis</i>
cyano_all,STX_DOC_000439,2004.0,cyanobacteria,cyanobacteria_stx,anabaena,CYANO_TAXON,Identification of an Na<sup>+</sup>-Dependent Transporter Associated with Saxitoxin-Producing Strains of the Cyanobacterium<i>Anabaena circinalis</i>
cyano_all,STX_DOC_000439,2004.0,cyanobacteria,cyanobacteria_stx,light,ENV_FACTOR,Identification of an Na<sup>+</sup>-Dependent Transporter Associated with Saxitoxin-Producing Strains of the Cyanobacterium<i>Anabaena circinalis</i>
cyano_all,STX_DOC_000440,2004.0,cyanobacteria,cyanobacteria_stx,saxitoxin,TOXIN,Identification of an Na(+)-dependent transporter associated with saxitoxin-producing strains of the cyanobacterium Anabaena circinalis.
cyano_all,STX_DOC_000440,2004.0,cyanobacteria,cyanobacteria_stx,stx,TOXIN,Identification of an Na(+)-dependent transporter associated with saxitoxin-producing strains of the cyanobacterium Anabaena circinalis.
cyano_all,STX_DOC_000440,2004.0,cyanobacteria,cyanobacteria_stx,cyanobacteria,CYANO_TAXON,Identification of an Na(+)-dependent transporter associated with saxitoxin-producing strains of the cyanobacterium Anabaena circinalis.
cyano_all,STX_DOC_000440,2004.0,cyanobacteria,cyanobacteria_stx,cyanobacterium,CYANO_TAXON,Identification of an Na(+)-dependent transporter associated with saxitoxin-producing strains of the cyanobacterium Anabaena circinalis.
cyano_all,STX_DOC_000440,2004.0,cyanobacteria,cyanobacteria_stx,cyanobacterial,CYANO_TAXON,Identification of an Na(+)-dependent transporter associated with saxitoxin-producing strains of the cyanobacterium Anabaena circinalis.
cyano_all,STX_DOC_000440,2004.0,cyanobacteria,cyanobacteria_stx,anabaena,CYANO_TAXON,Identification of an Na(+)-dependent transporter associated with saxitoxin-producing strains of the cyanobacterium Anabaena circinalis.
cyano_all,STX_DOC_000440,2004.0,cyanobacteria,cyanobacteria_stx,light,ENV_FACTOR,Identification of an Na(+)-dependent transporter associated with saxitoxin-producing strains of the cyanobacterium Anabaena circinalis.
cyano_all,STX_DOC_000441,2003.0,cyanobacteria,cyanobacteria_stx,saxitoxin,TOXIN,Toxicological comparison of diverse<i>Cylindrospermopsis raciborskii</i>strains: Evidence of liver damage caused by a French<i>C. raciborskii</i>strain
cyano_all,STX_DOC_000441,2003.0,cyanobacteria,cyanobacteria_stx,neosaxitoxin,TOXIN,Toxicological comparison of diverse<i>Cylindrospermopsis raciborskii</i>strains: Evidence of liver damage caused by a French<i>C. raciborskii</i>strain
cyano_all,STX_DOC_000441,2003.0,cyanobacteria,cyanobacteria_stx,cyanobacterium,CYANO_TAXON,Toxicological comparison of diverse<i>Cylindrospermopsis raciborskii</i>strains: Evidence of liver damage caused by a French<i>C. raciborskii</i>strain
cyano_all,STX_DOC_000441,2003.0,cyanobacteria,cyanobacteria_stx,cylindrospermopsis,CYANO_TAXON,Toxicological comparison of diverse<i>Cylindrospermopsis raciborskii</i>strains: Evidence of liver damage caused by a French<i>C. raciborskii</i>strain
cyano_all,STX_DOC_000441,2003.0,cyanobacteria,cyanobacteria_stx,toxicity,BIOLOGICAL_PROCESS,Toxicological comparison of diverse<i>Cylindrospermopsis raciborskii</i>strains: Evidence of liver damage caused by a French<i>C. raciborskii</i>strain
cyano_all,STX_DOC_000441,2003.0,cyanobacteria,cyanobacteria_stx,mouse bioassay,DETECTION_METHOD,Toxicological comparison of diverse<i>Cylindrospermopsis raciborskii</i>strains: Evidence of liver damage caused by a French<i>C. raciborskii</i>strain
cyano_all,STX_DOC_000441,2003.0,cyanobacteria,cyanobacteria_stx,chemical analysis,DETECTION_METHOD,Toxicological comparison of diverse<i>Cylindrospermopsis raciborskii</i>strains: Evidence of liver damage caused by a French<i>C. raciborskii</i>strain
cyano_all,STX_DOC_000443,2003.0,cyanobacteria,cyanobacteria_stx,saxitoxin,TOXIN,Toxicological comparison of diverse Cylindrospermopsis raciborskii strains: evidence of liver damage caused by a French C raciborskii strain.
cyano_all,STX_DOC_000443,2003.0,cyanobacteria,cyanobacteria_stx,neosaxitoxin,TOXIN,Toxicological comparison of diverse Cylindrospermopsis raciborskii strains: evidence of liver damage caused by a French C raciborskii strain.
cyano_all,STX_DOC_000443,2003.0,cyanobacteria,cyanobacteria_stx,cyanobacterium,CYANO_TAXON,Toxicological comparison of diverse Cylindrospermopsis raciborskii strains: evidence of liver damage caused by a French C raciborskii strain.
cyano_all,STX_DOC_000443,2003.0,cyanobacteria,cyanobacteria_stx,cylindrospermopsis,CYANO_TAXON,Toxicological comparison of diverse Cylindrospermopsis raciborskii strains: evidence of liver damage caused by a French C raciborskii strain.
cyano_all,STX_DOC_000443,2003.0,cyanobacteria,cyanobacteria_stx,toxicity,BIOLOGICAL_PROCESS,Toxicological comparison of diverse Cylindrospermopsis raciborskii strains: evidence of liver damage caused by a French C raciborskii strain.
cyano_all,STX_DOC_000443,2003.0,cyanobacteria,cyanobacteria_stx,mouse bioassay,DETECTION_METHOD,Toxicological comparison of diverse Cylindrospermopsis raciborskii strains: evidence of liver damage caused by a French C raciborskii strain.
cyano_all,STX_DOC_000443,2003.0,cyanobacteria,cyanobacteria_stx,chemical analysis,DETECTION_METHOD,Toxicological comparison of diverse Cylindrospermopsis raciborskii strains: evidence of liver damage caused by a French C raciborskii strain.
cyano_all,STX_DOC_000445,2002.0,cross_taxa,dinoflagellate_stx,paralytic shellfish toxin,TOXIN,Limited selection of sodium channel blocking toxin-producing bacteria from paralytic shellfish toxin-contaminated mussels (Aulacomya ater).
cyano_all,STX_DOC_000445,2002.0,cross_taxa,dinoflagellate_stx,paralytic shellfish toxins,TOXIN,Limited selection of sodium channel blocking toxin-producing bacteria from paralytic shellfish toxin-contaminated mussels (Aulacomya ater).
cyano_all,STX_DOC_000445,2002.0,cross_taxa,dinoflagellate_stx,pst,TOXIN,Limited selection of sodium channel blocking toxin-producing bacteria from paralytic shellfish toxin-contaminated mussels (Aulacomya ater).
cyano_all,STX_DOC_000445,2002.0,cross_taxa,dinoflagellate_stx,psts,TOXIN,Limited selection of sodium channel blocking toxin-producing bacteria from paralytic shellfish toxin-contaminated mussels (Aulacomya ater).
cyano_all,STX_DOC_000445,2002.0,cross_taxa,dinoflagellate_stx,dinoflagellates,DINO_TAXON,Limited selection of sodium channel blocking toxin-producing bacteria from paralytic shellfish toxin-contaminated mussels (Aulacomya ater).
cyano_all,STX_DOC_000445,2002.0,cross_taxa,dinoflagellate_stx,cyanobacteria,CYANO_TAXON,Limited selection of sodium channel blocking toxin-producing bacteria from paralytic shellfish toxin-contaminated mussels (Aulacomya ater).
cyano_all,STX_DOC_000446,2001.0,cyanobacteria,cyanobacteria_stx,cyanobacteria,CYANO_TAXON,Health Effects of Toxin-Producing Cyanobacteria: “The CyanoHABs”
cyano_all,STX_DOC_000446,2001.0,cyanobacteria,cyanobacteria_stx,aphanizomenon,CYANO_TAXON,Health Effects of Toxin-Producing Cyanobacteria: “The CyanoHABs”
cyano_all,STX_DOC_000446,2001.0,cyanobacteria,cyanobacteria_stx,anabaena,CYANO_TAXON,Health Effects of Toxin-Producing Cyanobacteria: “The CyanoHABs”
cyano_all,STX_DOC_000446,2001.0,cyanobacteria,cyanobacteria_stx,cylindrospermopsis,CYANO_TAXON,Health Effects of Toxin-Producing Cyanobacteria: “The CyanoHABs”
cyano_all,STX_DOC_000446,2001.0,cyanobacteria,cyanobacteria_stx,lyngbya,CYANO_TAXON,Health Effects of Toxin-Producing Cyanobacteria: “The CyanoHABs”
cyano_all,STX_DOC_000446,2001.0,cyanobacteria,cyanobacteria_stx,planktothrix,CYANO_TAXON,Health Effects of Toxin-Producing Cyanobacteria: “The CyanoHABs”
cyano_all,STX_DOC_000446,2001.0,cyanobacteria,cyanobacteria_stx,climate,ENV_FACTOR,Health Effects of Toxin-Producing Cyanobacteria: “The CyanoHABs”
cyano_all,STX_DOC_000453,2023.0,cyanobacteria,cyanobacteria_stx,cyanobacteria,CYANO_TAXON,Transcriptionally active nitrogen fixation and biosynthesis of diverse secondary metabolites by Dolichospermum and Aphanizomenon-like Cyanobacteria in western Lake Erie Microcystis blooms.
cyano_all,STX_DOC_000453,2023.0,cyanobacteria,cyanobacteria_stx,cyanobacterial,CYANO_TAXON,Transcriptionally active nitrogen fixation and biosynthesis of diverse secondary metabolites by Dolichospermum and Aphanizomenon-like Cyanobacteria in western Lake Erie Microcystis blooms.
cyano_all,STX_DOC_000453,2023.0,cyanobacteria,cyanobacteria_stx,aphanizomenon,CYANO_TAXON,Transcriptionally active nitrogen fixation and biosynthesis of diverse secondary metabolites by Dolichospermum and Aphanizomenon-like Cyanobacteria in western Lake Erie Microcystis blooms.
cyano_all,STX_DOC_000453,2023.0,cyanobacteria,cyanobacteria_stx,dolichospermum,CYANO_TAXON,Transcriptionally active nitrogen fixation and biosynthesis of diverse secondary metabolites by Dolichospermum and Aphanizomenon-like Cyanobacteria in western Lake Erie Microcystis blooms.
cyano_all,STX_DOC_000453,2023.0,cyanobacteria,cyanobacteria_stx,anabaena,CYANO_TAXON,Transcriptionally active nitrogen fixation and biosynthesis of diverse secondary metabolites by Dolichospermum and Aphanizomenon-like Cyanobacteria in western Lake Erie Microcystis blooms.
cyano_all,STX_DOC_000453,2023.0,cyanobacteria,cyanobacteria_stx,nitrogen,ENV_FACTOR,Transcriptionally active nitrogen fixation and biosynthesis of diverse secondary metabolites by Dolichospermum and Aphanizomenon-like Cyanobacteria in western Lake Erie Microcystis blooms.
cyano_all,STX_DOC_000453,2023.0,cyanobacteria,cyanobacteria_stx,bloom,ENV_FACTOR,Transcriptionally active nitrogen fixation and biosynthesis of diverse secondary metabolites by Dolichospermum and Aphanizomenon-like Cyanobacteria in western Lake Erie Microcystis blooms.
cyano_all,STX_DOC_000453,2023.0,cyanobacteria,cyanobacteria_stx,biosynthesis,BIOLOGICAL_PROCESS,Transcriptionally active nitrogen fixation and biosynthesis of diverse secondary metabolites by Dolichospermum and Aphanizomenon-like Cyanobacteria in western Lake Erie Microcystis blooms.
cyano_all,STX_DOC_000454,2023.0,cyanobacteria,high_confidence_stx_biosynthesis,saxitoxin,TOXIN,"Prediction of Cyanotoxin Episodes in Freshwater: A Case Study on Microcystin and Saxitoxin in the Lobo Reservoir, São Paulo State, Brazil"
cyano_all,STX_DOC_000454,2023.0,cyanobacteria,high_confidence_stx_biosynthesis,stx,TOXIN,"Prediction of Cyanotoxin Episodes in Freshwater: A Case Study on Microcystin and Saxitoxin in the Lobo Reservoir, São Paulo State, Brazil"
cyano_all,STX_DOC_000454,2023.0,cyanobacteria,high_confidence_stx_biosynthesis,sxta,SXT_GENE,"Prediction of Cyanotoxin Episodes in Freshwater: A Case Study on Microcystin and Saxitoxin in the Lobo Reservoir, São Paulo State, Brazil"
cyano_all,STX_DOC_000454,2023.0,cyanobacteria,high_confidence_stx_biosynthesis,cyanobacteria,CYANO_TAXON,"Prediction of Cyanotoxin Episodes in Freshwater: A Case Study on Microcystin and Saxitoxin in the Lobo Reservoir, São Paulo State, Brazil"
cyano_all,STX_DOC_000454,2023.0,cyanobacteria,high_confidence_stx_biosynthesis,cyanobacterial,CYANO_TAXON,"Prediction of Cyanotoxin Episodes in Freshwater: A Case Study on Microcystin and Saxitoxin in the Lobo Reservoir, São Paulo State, Brazil"
cyano_all,STX_DOC_000456,2022.0,cyanobacteria,cyanobacteria_stx,saxitoxin,TOXIN,"Broad screening of toxic and bioactive metabolites in cyanobacterial and harmful algal blooms in Lake of the Woods (Canada and USA), 2016–2019"
cyano_all,STX_DOC_000456,2022.0,cyanobacteria,cyanobacteria_stx,cyanobacteria,CYANO_TAXON,"Broad screening of toxic and bioactive metabolites in cyanobacterial and harmful algal blooms in Lake of the Woods (Canada and USA), 2016–2019"
cyano_all,STX_DOC_000456,2022.0,cyanobacteria,cyanobacteria_stx,cyanobacterial,CYANO_TAXON,"Broad screening of toxic and bioactive metabolites in cyanobacterial and harmful algal blooms in Lake of the Woods (Canada and USA), 2016–2019"
cyano_all,STX_DOC_000456,2022.0,cyanobacteria,cyanobacteria_stx,aphanizomenon,CYANO_TAXON,"Broad screening of toxic and bioactive metabolites in cyanobacterial and harmful algal blooms in Lake of the Woods (Canada and USA), 2016–2019"
cyano_all,STX_DOC_000456,2022.0,cyanobacteria,cyanobacteria_stx,dolichospermum,CYANO_TAXON,"Broad screening of toxic and bioactive metabolites in cyanobacterial and harmful algal blooms in Lake of the Woods (Canada and USA), 2016–2019"
cyano_all,STX_DOC_000456,2022.0,cyanobacteria,cyanobacteria_stx,lyngbya,CYANO_TAXON,"Broad screening of toxic and bioactive metabolites in cyanobacterial and harmful algal blooms in Lake of the Woods (Canada and USA), 2016–2019"
cyano_all,STX_DOC_000456,2022.0,cyanobacteria,cyanobacteria_stx,planktothrix,CYANO_TAXON,"Broad screening of toxic and bioactive metabolites in cyanobacterial and harmful algal blooms in Lake of the Woods (Canada and USA), 2016–2019"
cyano_all,STX_DOC_000460,2021.0,cross_taxa,high_confidence_stx_biosynthesis,saxitoxin,TOXIN,"Cover Feature: Heterologous Expression of an Unusual Ketosynthase, SxtA, Leads to Production of Saxitoxin Intermediates in <i>Escherichia coli</i> (5/2021)"
cyano_all,STX_DOC_000460,2021.0,cross_taxa,high_confidence_stx_biosynthesis,sxta,SXT_GENE,"Cover Feature: Heterologous Expression of an Unusual Ketosynthase, SxtA, Leads to Production of Saxitoxin Intermediates in <i>Escherichia coli</i> (5/2021)"
cyano_all,STX_DOC_000460,2021.0,cross_taxa,high_confidence_stx_biosynthesis,dinoflagellates,DINO_TAXON,"Cover Feature: Heterologous Expression of an Unusual Ketosynthase, SxtA, Leads to Production of Saxitoxin Intermediates in <i>Escherichia coli</i> (5/2021)"
cyano_all,STX_DOC_000460,2021.0,cross_taxa,high_confidence_stx_biosynthesis,cyanobacteria,CYANO_TAXON,"Cover Feature: Heterologous Expression of an Unusual Ketosynthase, SxtA, Leads to Production of Saxitoxin Intermediates in <i>Escherichia coli</i> (5/2021)"
cyano_all,STX_DOC_000460,2021.0,cross_taxa,high_confidence_stx_biosynthesis,bloom,ENV_FACTOR,"Cover Feature: Heterologous Expression of an Unusual Ketosynthase, SxtA, Leads to Production of Saxitoxin Intermediates in <i>Escherichia coli</i> (5/2021)"
cyano_all,STX_DOC_000460,2021.0,cross_taxa,high_confidence_stx_biosynthesis,expression,BIOLOGICAL_PROCESS,"Cover Feature: Heterologous Expression of an Unusual Ketosynthase, SxtA, Leads to Production of Saxitoxin Intermediates in <i>Escherichia coli</i> (5/2021)"
cyano_all,STX_DOC_000461,2021.0,cyanobacteria,high_confidence_stx_biosynthesis,saxitoxin,TOXIN,"Cyanobacteria, cyanotoxins, and their histopathological effects on fish tissues in Fehérvárcsurgó reservoir, Hungary."
cyano_all,STX_DOC_000461,2021.0,cyanobacteria,high_confidence_stx_biosynthesis,sxtg,SXT_GENE,"Cyanobacteria, cyanotoxins, and their histopathological effects on fish tissues in Fehérvárcsurgó reservoir, Hungary."
cyano_all,STX_DOC_000461,2021.0,cyanobacteria,high_confidence_stx_biosynthesis,cyanobacteria,CYANO_TAXON,"Cyanobacteria, cyanotoxins, and their histopathological effects on fish tissues in Fehérvárcsurgó reservoir, Hungary."
cyano_all,STX_DOC_000461,2021.0,cyanobacteria,high_confidence_stx_biosynthesis,cyanobacterial,CYANO_TAXON,"Cyanobacteria, cyanotoxins, and their histopathological effects on fish tissues in Fehérvárcsurgó reservoir, Hungary."
cyano_all,STX_DOC_000461,2021.0,cyanobacteria,high_confidence_stx_biosynthesis,aphanizomenon,CYANO_TAXON,"Cyanobacteria, cyanotoxins, and their histopathological effects on fish tissues in Fehérvárcsurgó reservoir, Hungary."
cyano_all,STX_DOC_000461,2021.0,cyanobacteria,high_confidence_stx_biosynthesis,dolichospermum,CYANO_TAXON,"Cyanobacteria, cyanotoxins, and their histopathological effects on fish tissues in Fehérvárcsurgó reservoir, Hungary."
cyano_all,STX_DOC_000462,2021.0,cyanobacteria,high_confidence_stx_biosynthesis,sxti,SXT_GENE,Preliminary evidence on the presence of cyanobacteria and cyanotoxins from culture enrichments followed by PCR analysis: new perspectives from Africa (Mali) and South Pacific (Fiji) countries.
cyano_all,STX_DOC_000462,2021.0,cyanobacteria,high_confidence_stx_biosynthesis,cyanobacteria,CYANO_TAXON,Preliminary evidence on the presence of cyanobacteria and cyanotoxins from culture enrichments followed by PCR analysis: new perspectives from Africa (Mali) and South Pacific (Fiji) countries.
cyano_all,STX_DOC_000462,2021.0,cyanobacteria,high_confidence_stx_biosynthesis,cyanobacterial,CYANO_TAXON,Preliminary evidence on the presence of cyanobacteria and cyanotoxins from culture enrichments followed by PCR analysis: new perspectives from Africa (Mali) and South Pacific (Fiji) countries.
cyano_all,STX_DOC_000462,2021.0,cyanobacteria,high_confidence_stx_biosynthesis,planktothrix,CYANO_TAXON,Preliminary evidence on the presence of cyanobacteria and cyanotoxins from culture enrichments followed by PCR analysis: new perspectives from Africa (Mali) and South Pacific (Fiji) countries.
cyano_all,STX_DOC_000462,2021.0,cyanobacteria,high_confidence_stx_biosynthesis,bloom,ENV_FACTOR,Preliminary evidence on the presence of cyanobacteria and cyanotoxins from culture enrichments followed by PCR analysis: new perspectives from Africa (Mali) and South Pacific (Fiji) countries.
cyano_all,STX_DOC_000462,2021.0,cyanobacteria,high_confidence_stx_biosynthesis,biosynthesis,BIOLOGICAL_PROCESS,Preliminary evidence on the presence of cyanobacteria and cyanotoxins from culture enrichments followed by PCR analysis: new perspectives from Africa (Mali) and South Pacific (Fiji) countries.
cyano_all,STX_DOC_000463,2021.0,cyanobacteria,high_confidence_stx_biosynthesis,saxitoxin,TOXIN,Combining Imaging Flow Cytometry and Molecular Biological Methods to Reveal Presence of Potentially Toxic Algae at the Ural River in Kazakhstan
cyano_all,STX_DOC_000463,2021.0,cyanobacteria,high_confidence_stx_biosynthesis,sxta,SXT_GENE,Combining Imaging Flow Cytometry and Molecular Biological Methods to Reveal Presence of Potentially Toxic Algae at the Ural River in Kazakhstan
cyano_all,STX_DOC_000463,2021.0,cyanobacteria,high_confidence_stx_biosynthesis,cyanobacteria,CYANO_TAXON,Combining Imaging Flow Cytometry and Molecular Biological Methods to Reveal Presence of Potentially Toxic Algae at the Ural River in Kazakhstan
cyano_all,STX_DOC_000463,2021.0,cyanobacteria,high_confidence_stx_biosynthesis,dolichospermum,CYANO_TAXON,Combining Imaging Flow Cytometry and Molecular Biological Methods to Reveal Presence of Potentially Toxic Algae at the Ural River in Kazakhstan
cyano_all,STX_DOC_000463,2021.0,cyanobacteria,high_confidence_stx_biosynthesis,cylindrospermopsis,CYANO_TAXON,Combining Imaging Flow Cytometry and Molecular Biological Methods to Reveal Presence of Potentially Toxic Algae at the Ural River in Kazakhstan
cyano_all,STX_DOC_000463,2021.0,cyanobacteria,high_confidence_stx_biosynthesis,planktothrix,CYANO_TAXON,Combining Imaging Flow Cytometry and Molecular Biological Methods to Reveal Presence of Potentially Toxic Algae at the Ural River in Kazakhstan
cyano_all,STX_DOC_000463,2021.0,cyanobacteria,high_confidence_stx_biosynthesis,phylogenetic,BIOLOGICAL_PROCESS,Combining Imaging Flow Cytometry and Molecular Biological Methods to Reveal Presence of Potentially Toxic Algae at the Ural River in Kazakhstan
cyano_all,STX_DOC_000467,2020.0,cross_taxa,dinoflagellate_stx,stx,TOXIN,Toxigenic phytoplankton groups and neurotoxin levels related to two contrasting environmental conditions at the coastal area of Rio de Janeiro (west of South Atlantic).
cyano_all,STX_DOC_000467,2020.0,cross_taxa,dinoflagellate_stx,dinoflagellates,DINO_TAXON,Toxigenic phytoplankton groups and neurotoxin levels related to two contrasting environmental conditions at the coastal area of Rio de Janeiro (west of South Atlantic).
cyano_all,STX_DOC_000467,2020.0,cross_taxa,dinoflagellate_stx,alexandrium,DINO_TAXON,Toxigenic phytoplankton groups and neurotoxin levels related to two contrasting environmental conditions at the coastal area of Rio de Janeiro (west of South Atlantic).
cyano_all,STX_DOC_000467,2020.0,cross_taxa,dinoflagellate_stx,gymnodinium,DINO_TAXON,Toxigenic phytoplankton groups and neurotoxin levels related to two contrasting environmental conditions at the coastal area of Rio de Janeiro (west of South Atlantic).
cyano_all,STX_DOC_000467,2020.0,cross_taxa,dinoflagellate_stx,cyanobacteria,CYANO_TAXON,Toxigenic phytoplankton groups and neurotoxin levels related to two contrasting environmental conditions at the coastal area of Rio de Janeiro (west of South Atlantic).
cyano_all,STX_DOC_000467,2020.0,cross_taxa,dinoflagellate_stx,hplc,DETECTION_METHOD,Toxigenic phytoplankton groups and neurotoxin levels related to two contrasting environmental conditions at the coastal area of Rio de Janeiro (west of South Atlantic).
cyano_all,STX_DOC_000468,2020.0,cyanobacteria,high_confidence_stx_biosynthesis,stx,TOXIN,First report of saxitoxins and anatoxin-a production by cyanobacteria from Lithuanian lakes
cyano_all,STX_DOC_000468,2020.0,cyanobacteria,high_confidence_stx_biosynthesis,sxta,SXT_GENE,First report of saxitoxins and anatoxin-a production by cyanobacteria from Lithuanian lakes
cyano_all,STX_DOC_000468,2020.0,cyanobacteria,high_confidence_stx_biosynthesis,cyanobacteria,CYANO_TAXON,First report of saxitoxins and anatoxin-a production by cyanobacteria from Lithuanian lakes
cyano_all,STX_DOC_000468,2020.0,cyanobacteria,high_confidence_stx_biosynthesis,aphanizomenon,CYANO_TAXON,First report of saxitoxins and anatoxin-a production by cyanobacteria from Lithuanian lakes
cyano_all,STX_DOC_000468,2020.0,cyanobacteria,high_confidence_stx_biosynthesis,bloom,ENV_FACTOR,First report of saxitoxins and anatoxin-a production by cyanobacteria from Lithuanian lakes
cyano_all,STX_DOC_000468,2020.0,cyanobacteria,high_confidence_stx_biosynthesis,lc-ms,DETECTION_METHOD,First report of saxitoxins and anatoxin-a production by cyanobacteria from Lithuanian lakes
cyano_all,STX_DOC_000468,2020.0,cyanobacteria,high_confidence_stx_biosynthesis,lc-ms/ms,DETECTION_METHOD,First report of saxitoxins and anatoxin-a production by cyanobacteria from Lithuanian lakes
cyano_all,STX_DOC_000471,2018.0,cyanobacteria,high_confidence_stx_biosynthesis,saxitoxin,TOXIN,"Extensive Contamination of Water with Saxitoxin Near the Dam of the Irkutsk Hydropower Station Reservoir (East Siberia, Russia)."
cyano_all,STX_DOC_000471,2018.0,cyanobacteria,high_confidence_stx_biosynthesis,sxta,SXT_GENE,"Extensive Contamination of Water with Saxitoxin Near the Dam of the Irkutsk Hydropower Station Reservoir (East Siberia, Russia)."
cyano_all,STX_DOC_000471,2018.0,cyanobacteria,high_confidence_stx_biosynthesis,cyanobacterium,CYANO_TAXON,"Extensive Contamination of Water with Saxitoxin Near the Dam of the Irkutsk Hydropower Station Reservoir (East Siberia, Russia)."
cyano_all,STX_DOC_000471,2018.0,cyanobacteria,high_confidence_stx_biosynthesis,dolichospermum,CYANO_TAXON,"Extensive Contamination of Water with Saxitoxin Near the Dam of the Irkutsk Hydropower Station Reservoir (East Siberia, Russia)."
cyano_all,STX_DOC_000471,2018.0,cyanobacteria,high_confidence_stx_biosynthesis,nutrients,ENV_FACTOR,"Extensive Contamination of Water with Saxitoxin Near the Dam of the Irkutsk Hydropower Station Reservoir (East Siberia, Russia)."
cyano_all,STX_DOC_000471,2018.0,cyanobacteria,high_confidence_stx_biosynthesis,bloom,ENV_FACTOR,"Extensive Contamination of Water with Saxitoxin Near the Dam of the Irkutsk Hydropower Station Reservoir (East Siberia, Russia)."
cyano_all,STX_DOC_000471,2018.0,cyanobacteria,high_confidence_stx_biosynthesis,hplc,DETECTION_METHOD,"Extensive Contamination of Water with Saxitoxin Near the Dam of the Irkutsk Hydropower Station Reservoir (East Siberia, Russia)."
cyano_all,STX_DOC_000471,2018.0,cyanobacteria,high_confidence_stx_biosynthesis,elisa,DETECTION_METHOD,"Extensive Contamination of Water with Saxitoxin Near the Dam of the Irkutsk Hydropower Station Reservoir (East Siberia, Russia)."
cyano_all,STX_DOC_000473,2017.0,cross_taxa,dinoflagellate_stx,saxitoxin,TOXIN,Influence of environmental variables on saxitoxin yields by Cylindrospermopsis raciborskii in a mesotrophic subtropical reservoir.
cyano_all,STX_DOC_000473,2017.0,cross_taxa,dinoflagellate_stx,dinoflagellates,DINO_TAXON,Influence of environmental variables on saxitoxin yields by Cylindrospermopsis raciborskii in a mesotrophic subtropical reservoir.
cyano_all,STX_DOC_000473,2017.0,cross_taxa,dinoflagellate_stx,cyanobacteria,CYANO_TAXON,Influence of environmental variables on saxitoxin yields by Cylindrospermopsis raciborskii in a mesotrophic subtropical reservoir.
cyano_all,STX_DOC_000473,2017.0,cross_taxa,dinoflagellate_stx,cylindrospermopsis,CYANO_TAXON,Influence of environmental variables on saxitoxin yields by Cylindrospermopsis raciborskii in a mesotrophic subtropical reservoir.
cyano_all,STX_DOC_000473,2017.0,cross_taxa,dinoflagellate_stx,nitrate,ENV_FACTOR,Influence of environmental variables on saxitoxin yields by Cylindrospermopsis raciborskii in a mesotrophic subtropical reservoir.
cyano_all,STX_DOC_000473,2017.0,cross_taxa,dinoflagellate_stx,nutrients,ENV_FACTOR,Influence of environmental variables on saxitoxin yields by Cylindrospermopsis raciborskii in a mesotrophic subtropical reservoir.
cyano_all,STX_DOC_000473,2017.0,cross_taxa,dinoflagellate_stx,toxicity,BIOLOGICAL_PROCESS,Influence of environmental variables on saxitoxin yields by Cylindrospermopsis raciborskii in a mesotrophic subtropical reservoir.
cyano_all,STX_DOC_000476,2017.0,cyanobacteria,high_confidence_stx_biosynthesis,saxitoxin,TOXIN,낙동강에서 분리된 Aphanizomenon flos-aquae (Cyanophyceae) 균주의 목 표 유 전자를 이용한 잠재적 독 소 생성능 및 계통학적 분 석
cyano_all,STX_DOC_000476,2017.0,cyanobacteria,high_confidence_stx_biosynthesis,sxta,SXT_GENE,낙동강에서 분리된 Aphanizomenon flos-aquae (Cyanophyceae) 균주의 목 표 유 전자를 이용한 잠재적 독 소 생성능 및 계통학적 분 석
cyano_all,STX_DOC_000476,2017.0,cyanobacteria,high_confidence_stx_biosynthesis,sxti,SXT_GENE,낙동강에서 분리된 Aphanizomenon flos-aquae (Cyanophyceae) 균주의 목 표 유 전자를 이용한 잠재적 독 소 생성능 및 계통학적 분 석
cyano_all,STX_DOC_000476,2017.0,cyanobacteria,high_confidence_stx_biosynthesis,cyanobacteria,CYANO_TAXON,낙동강에서 분리된 Aphanizomenon flos-aquae (Cyanophyceae) 균주의 목 표 유 전자를 이용한 잠재적 독 소 생성능 및 계통학적 분 석
cyano_all,STX_DOC_000476,2017.0,cyanobacteria,high_confidence_stx_biosynthesis,aphanizomenon,CYANO_TAXON,낙동강에서 분리된 Aphanizomenon flos-aquae (Cyanophyceae) 균주의 목 표 유 전자를 이용한 잠재적 독 소 생성능 및 계통학적 분 석
cyano_all,STX_DOC_000476,2017.0,cyanobacteria,high_confidence_stx_biosynthesis,phylogenetic,BIOLOGICAL_PROCESS,낙동강에서 분리된 Aphanizomenon flos-aquae (Cyanophyceae) 균주의 목 표 유 전자를 이용한 잠재적 독 소 생성능 및 계통학적 분 석
cyano_all,STX_DOC_000477,2016.0,cross_taxa,dinoflagellate_stx,saxitoxin,TOXIN,Saxitoxin and Analogues
cyano_all,STX_DOC_000477,2016.0,cross_taxa,dinoflagellate_stx,paralytic shellfish poisoning,TOXIN,Saxitoxin and Analogues
cyano_all,STX_DOC_000477,2016.0,cross_taxa,dinoflagellate_stx,dinoflagellates,DINO_TAXON,Saxitoxin and Analogues
cyano_all,STX_DOC_000477,2016.0,cross_taxa,dinoflagellate_stx,cyanobacteria,CYANO_TAXON,Saxitoxin and Analogues
cyano_all,STX_DOC_000477,2016.0,cross_taxa,dinoflagellate_stx,cyanobacterial,CYANO_TAXON,Saxitoxin and Analogues
cyano_all,STX_DOC_000477,2016.0,cross_taxa,dinoflagellate_stx,biosynthesis,BIOLOGICAL_PROCESS,Saxitoxin and Analogues
cyano_all,STX_DOC_000477,2016.0,cross_taxa,dinoflagellate_stx,toxicity,BIOLOGICAL_PROCESS,Saxitoxin and Analogues
cyano_all,STX_DOC_000479,2016.0,cyanobacteria,cyanobacteria_stx,saxitoxin,TOXIN,In vivo effects of Aphanizomenon flos-aquae DC-1 aphantoxins on gas exchange and ion equilibrium in the zebrafish gill.
cyano_all,STX_DOC_000479,2016.0,cyanobacteria,cyanobacteria_stx,neosaxitoxin,TOXIN,In vivo effects of Aphanizomenon flos-aquae DC-1 aphantoxins on gas exchange and ion equilibrium in the zebrafish gill.
cyano_all,STX_DOC_000479,2016.0,cyanobacteria,cyanobacteria_stx,cyanobacterial,CYANO_TAXON,In vivo effects of Aphanizomenon flos-aquae DC-1 aphantoxins on gas exchange and ion equilibrium in the zebrafish gill.
cyano_all,STX_DOC_000479,2016.0,cyanobacteria,cyanobacteria_stx,aphanizomenon,CYANO_TAXON,In vivo effects of Aphanizomenon flos-aquae DC-1 aphantoxins on gas exchange and ion equilibrium in the zebrafish gill.
cyano_all,STX_DOC_000479,2016.0,cyanobacteria,cyanobacteria_stx,toxicity,BIOLOGICAL_PROCESS,In vivo effects of Aphanizomenon flos-aquae DC-1 aphantoxins on gas exchange and ion equilibrium in the zebrafish gill.
cyano_all,STX_DOC_000480,2016.0,cyanobacteria,cyanobacteria_stx,paralytic shellfish toxins,TOXIN,Health impacts from cyanobacteria harmful algae blooms: Implications for the North American Great Lakes.
cyano_all,STX_DOC_000480,2016.0,cyanobacteria,cyanobacteria_stx,cyanobacteria,CYANO_TAXON,Health impacts from cyanobacteria harmful algae blooms: Implications for the North American Great Lakes.
cyano_all,STX_DOC_000480,2016.0,cyanobacteria,cyanobacteria_stx,cyanobacterium,CYANO_TAXON,Health impacts from cyanobacteria harmful algae blooms: Implications for the North American Great Lakes.
cyano_all,STX_DOC_000480,2016.0,cyanobacteria,cyanobacteria_stx,cyanobacterial,CYANO_TAXON,Health impacts from cyanobacteria harmful algae blooms: Implications for the North American Great Lakes.
cyano_all,STX_DOC_000480,2016.0,cyanobacteria,cyanobacteria_stx,dolichospermum,CYANO_TAXON,Health impacts from cyanobacteria harmful algae blooms: Implications for the North American Great Lakes.
cyano_all,STX_DOC_000480,2016.0,cyanobacteria,cyanobacteria_stx,anabaena,CYANO_TAXON,Health impacts from cyanobacteria harmful algae blooms: Implications for the North American Great Lakes.
cyano_all,STX_DOC_000480,2016.0,cyanobacteria,cyanobacteria_stx,lyngbya,CYANO_TAXON,Health impacts from cyanobacteria harmful algae blooms: Implications for the North American Great Lakes.
cyano_all,STX_DOC_000480,2016.0,cyanobacteria,cyanobacteria_stx,toxicity,BIOLOGICAL_PROCESS,Health impacts from cyanobacteria harmful algae blooms: Implications for the North American Great Lakes.
cyano_all,STX_DOC_000489,2013.0,cyanobacteria,cyanobacteria_stx,saxitoxin,TOXIN,Zebrafish neurotoxicity from aphantoxins--cyanobacterial paralytic shellfish poisons (PSPs) from Aphanizomenon flos-aquae DC-1.
cyano_all,STX_DOC_000489,2013.0,cyanobacteria,cyanobacteria_stx,neosaxitoxin,TOXIN,Zebrafish neurotoxicity from aphantoxins--cyanobacterial paralytic shellfish poisons (PSPs) from Aphanizomenon flos-aquae DC-1.
cyano_all,STX_DOC_000489,2013.0,cyanobacteria,cyanobacteria_stx,cyanobacterium,CYANO_TAXON,Zebrafish neurotoxicity from aphantoxins--cyanobacterial paralytic shellfish poisons (PSPs) from Aphanizomenon flos-aquae DC-1.
cyano_all,STX_DOC_000489,2013.0,cyanobacteria,cyanobacteria_stx,cyanobacterial,CYANO_TAXON,Zebrafish neurotoxicity from aphantoxins--cyanobacterial paralytic shellfish poisons (PSPs) from Aphanizomenon flos-aquae DC-1.
cyano_all,STX_DOC_000489,2013.0,cyanobacteria,cyanobacteria_stx,aphanizomenon,CYANO_TAXON,Zebrafish neurotoxicity from aphantoxins--cyanobacterial paralytic shellfish poisons (PSPs) from Aphanizomenon flos-aquae DC-1.
cyano_all,STX_DOC_000489,2013.0,cyanobacteria,cyanobacteria_stx,toxicity,BIOLOGICAL_PROCESS,Zebrafish neurotoxicity from aphantoxins--cyanobacterial paralytic shellfish poisons (PSPs) from Aphanizomenon flos-aquae DC-1.
cyano_all,STX_DOC_000489,2013.0,cyanobacteria,cyanobacteria_stx,hplc,DETECTION_METHOD,Zebrafish neurotoxicity from aphantoxins--cyanobacterial paralytic shellfish poisons (PSPs) from Aphanizomenon flos-aquae DC-1.
cyano_all,STX_DOC_000490,2013.0,cross_taxa,dinoflagellate_stx,pst,TOXIN,Correction: In Silico Analysis of Putative Paralytic Shellfish Poisoning Toxins Export Proteins in Cyanobacteria
cyano_all,STX_DOC_000490,2013.0,cross_taxa,dinoflagellate_stx,psts,TOXIN,Correction: In Silico Analysis of Putative Paralytic Shellfish Poisoning Toxins Export Proteins in Cyanobacteria
cyano_all,STX_DOC_000490,2013.0,cross_taxa,dinoflagellate_stx,paralytic shellfish poisoning,TOXIN,Correction: In Silico Analysis of Putative Paralytic Shellfish Poisoning Toxins Export Proteins in Cyanobacteria
cyano_all,STX_DOC_000490,2013.0,cross_taxa,dinoflagellate_stx,dinoflagellates,DINO_TAXON,Correction: In Silico Analysis of Putative Paralytic Shellfish Poisoning Toxins Export Proteins in Cyanobacteria
cyano_all,STX_DOC_000490,2013.0,cross_taxa,dinoflagellate_stx,cyanobacteria,CYANO_TAXON,Correction: In Silico Analysis of Putative Paralytic Shellfish Poisoning Toxins Export Proteins in Cyanobacteria
cyano_all,STX_DOC_000490,2013.0,cross_taxa,dinoflagellate_stx,cylindrospermopsis,CYANO_TAXON,Correction: In Silico Analysis of Putative Paralytic Shellfish Poisoning Toxins Export Proteins in Cyanobacteria
cyano_all,STX_DOC_000490,2013.0,cross_taxa,dinoflagellate_stx,phylogenetic,BIOLOGICAL_PROCESS,Correction: In Silico Analysis of Putative Paralytic Shellfish Poisoning Toxins Export Proteins in Cyanobacteria
cyano_all,STX_DOC_000490,2013.0,cross_taxa,dinoflagellate_stx,toxicity,BIOLOGICAL_PROCESS,Correction: In Silico Analysis of Putative Paralytic Shellfish Poisoning Toxins Export Proteins in Cyanobacteria
cyano_all,STX_DOC_000491,2013.0,cross_taxa,dinoflagellate_stx,pst,TOXIN,In silico analysis of putative paralytic shellfish poisoning toxins export proteins in cyanobacteria.
cyano_all,STX_DOC_000491,2013.0,cross_taxa,dinoflagellate_stx,psts,TOXIN,In silico analysis of putative paralytic shellfish poisoning toxins export proteins in cyanobacteria.
cyano_all,STX_DOC_000491,2013.0,cross_taxa,dinoflagellate_stx,paralytic shellfish poisoning,TOXIN,In silico analysis of putative paralytic shellfish poisoning toxins export proteins in cyanobacteria.
cyano_all,STX_DOC_000491,2013.0,cross_taxa,dinoflagellate_stx,dinoflagellates,DINO_TAXON,In silico analysis of putative paralytic shellfish poisoning toxins export proteins in cyanobacteria.
cyano_all,STX_DOC_000491,2013.0,cross_taxa,dinoflagellate_stx,cyanobacteria,CYANO_TAXON,In silico analysis of putative paralytic shellfish poisoning toxins export proteins in cyanobacteria.
cyano_all,STX_DOC_000491,2013.0,cross_taxa,dinoflagellate_stx,cylindrospermopsis,CYANO_TAXON,In silico analysis of putative paralytic shellfish poisoning toxins export proteins in cyanobacteria.
cyano_all,STX_DOC_000491,2013.0,cross_taxa,dinoflagellate_stx,phylogenetic,BIOLOGICAL_PROCESS,In silico analysis of putative paralytic shellfish poisoning toxins export proteins in cyanobacteria.
cyano_all,STX_DOC_000491,2013.0,cross_taxa,dinoflagellate_stx,toxicity,BIOLOGICAL_PROCESS,In silico analysis of putative paralytic shellfish poisoning toxins export proteins in cyanobacteria.
cyano_all,STX_DOC_000492,2012.0,cyanobacteria,cyanobacteria_stx,cyanobacteria,CYANO_TAXON,Fate of toxic cyanobacterial cells and disinfection by-products formation after chlorination.
cyano_all,STX_DOC_000492,2012.0,cyanobacteria,cyanobacteria_stx,cyanobacterial,CYANO_TAXON,Fate of toxic cyanobacterial cells and disinfection by-products formation after chlorination.
cyano_all,STX_DOC_000492,2012.0,cyanobacteria,cyanobacteria_stx,aphanizomenon,CYANO_TAXON,Fate of toxic cyanobacterial cells and disinfection by-products formation after chlorination.
cyano_all,STX_DOC_000492,2012.0,cyanobacteria,cyanobacteria_stx,anabaena,CYANO_TAXON,Fate of toxic cyanobacterial cells and disinfection by-products formation after chlorination.
cyano_all,STX_DOC_000492,2012.0,cyanobacteria,cyanobacteria_stx,cylindrospermopsis,CYANO_TAXON,Fate of toxic cyanobacterial cells and disinfection by-products formation after chlorination.
cyano_all,STX_DOC_000492,2012.0,cyanobacteria,cyanobacteria_stx,bloom,ENV_FACTOR,Fate of toxic cyanobacterial cells and disinfection by-products formation after chlorination.
cyano_all,STX_DOC_000493,2011.0,cyanobacteria,cyanobacteria_stx,saxitoxin,TOXIN,First report about saxitoxins in freshwater fish Hoplias malabaricus through trophic exposure.
cyano_all,STX_DOC_000493,2011.0,cyanobacteria,cyanobacteria_stx,stx,TOXIN,First report about saxitoxins in freshwater fish Hoplias malabaricus through trophic exposure.
cyano_all,STX_DOC_000493,2011.0,cyanobacteria,cyanobacteria_stx,cyanobacterial,CYANO_TAXON,First report about saxitoxins in freshwater fish Hoplias malabaricus through trophic exposure.
cyano_all,STX_DOC_000493,2011.0,cyanobacteria,cyanobacteria_stx,cylindrospermopsis,CYANO_TAXON,First report about saxitoxins in freshwater fish Hoplias malabaricus through trophic exposure.
cyano_all,STX_DOC_000493,2011.0,cyanobacteria,cyanobacteria_stx,chemical analysis,DETECTION_METHOD,First report about saxitoxins in freshwater fish Hoplias malabaricus through trophic exposure.
cyano_all,STX_DOC_000494,2011.0,cyanobacteria,cyanobacteria_stx,saxitoxin,TOXIN,Alternative bioassay for the detection of saxitoxin using the speckled cockroach (Nauphoeta cinerea).
cyano_all,STX_DOC_000494,2011.0,cyanobacteria,cyanobacteria_stx,stx,TOXIN,Alternative bioassay for the detection of saxitoxin using the speckled cockroach (Nauphoeta cinerea).
cyano_all,STX_DOC_000494,2011.0,cyanobacteria,cyanobacteria_stx,paralytic shellfish poisoning,TOXIN,Alternative bioassay for the detection of saxitoxin using the speckled cockroach (Nauphoeta cinerea).
cyano_all,STX_DOC_000494,2011.0,cyanobacteria,cyanobacteria_stx,cyanobacteria,CYANO_TAXON,Alternative bioassay for the detection of saxitoxin using the speckled cockroach (Nauphoeta cinerea).
cyano_all,STX_DOC_000494,2011.0,cyanobacteria,cyanobacteria_stx,anabaena,CYANO_TAXON,Alternative bioassay for the detection of saxitoxin using the speckled cockroach (Nauphoeta cinerea).
cyano_all,STX_DOC_000494,2011.0,cyanobacteria,cyanobacteria_stx,cylindrospermopsis,CYANO_TAXON,Alternative bioassay for the detection of saxitoxin using the speckled cockroach (Nauphoeta cinerea).
cyano_all,STX_DOC_000494,2011.0,cyanobacteria,cyanobacteria_stx,toxicity,BIOLOGICAL_PROCESS,Alternative bioassay for the detection of saxitoxin using the speckled cockroach (Nauphoeta cinerea).
cyano_all,STX_DOC_000494,2011.0,cyanobacteria,cyanobacteria_stx,mouse bioassay,DETECTION_METHOD,Alternative bioassay for the detection of saxitoxin using the speckled cockroach (Nauphoeta cinerea).
cyano_all,STX_DOC_000495,2011.0,cyanobacteria,cyanobacteria_stx,saxitoxin,TOXIN,The inhibitory effect of calcium on Cylindrospermopsis raciborskii (cyanobacteria) metabolism.
cyano_all,STX_DOC_000495,2011.0,cyanobacteria,cyanobacteria_stx,neosaxitoxin,TOXIN,The inhibitory effect of calcium on Cylindrospermopsis raciborskii (cyanobacteria) metabolism.
cyano_all,STX_DOC_000495,2011.0,cyanobacteria,cyanobacteria_stx,pst,TOXIN,The inhibitory effect of calcium on Cylindrospermopsis raciborskii (cyanobacteria) metabolism.
cyano_all,STX_DOC_000495,2011.0,cyanobacteria,cyanobacteria_stx,cyanobacteria,CYANO_TAXON,The inhibitory effect of calcium on Cylindrospermopsis raciborskii (cyanobacteria) metabolism.
cyano_all,STX_DOC_000495,2011.0,cyanobacteria,cyanobacteria_stx,cyanobacterium,CYANO_TAXON,The inhibitory effect of calcium on Cylindrospermopsis raciborskii (cyanobacteria) metabolism.
cyano_all,STX_DOC_000495,2011.0,cyanobacteria,cyanobacteria_stx,cylindrospermopsis,CYANO_TAXON,The inhibitory effect of calcium on Cylindrospermopsis raciborskii (cyanobacteria) metabolism.
cyano_all,STX_DOC_000495,2011.0,cyanobacteria,cyanobacteria_stx,expression,BIOLOGICAL_PROCESS,The inhibitory effect of calcium on Cylindrospermopsis raciborskii (cyanobacteria) metabolism.
cyano_all,STX_DOC_000495,2011.0,cyanobacteria,cyanobacteria_stx,mass spectrometry,DETECTION_METHOD,The inhibitory effect of calcium on Cylindrospermopsis raciborskii (cyanobacteria) metabolism.
cyano_all,STX_DOC_000496,2011.0,cyanobacteria,cyanobacteria_stx,saxitoxin,TOXIN,The inhibitory effect of calcium on Cylindrospermopsis raciborskii (cyanobacteria) metabolism
cyano_all,STX_DOC_000496,2011.0,cyanobacteria,cyanobacteria_stx,neosaxitoxin,TOXIN,The inhibitory effect of calcium on Cylindrospermopsis raciborskii (cyanobacteria) metabolism
cyano_all,STX_DOC_000496,2011.0,cyanobacteria,cyanobacteria_stx,pst,TOXIN,The inhibitory effect of calcium on Cylindrospermopsis raciborskii (cyanobacteria) metabolism
cyano_all,STX_DOC_000496,2011.0,cyanobacteria,cyanobacteria_stx,cyanobacteria,CYANO_TAXON,The inhibitory effect of calcium on Cylindrospermopsis raciborskii (cyanobacteria) metabolism
cyano_all,STX_DOC_000496,2011.0,cyanobacteria,cyanobacteria_stx,cyanobacterium,CYANO_TAXON,The inhibitory effect of calcium on Cylindrospermopsis raciborskii (cyanobacteria) metabolism
cyano_all,STX_DOC_000496,2011.0,cyanobacteria,cyanobacteria_stx,cylindrospermopsis,CYANO_TAXON,The inhibitory effect of calcium on Cylindrospermopsis raciborskii (cyanobacteria) metabolism
cyano_all,STX_DOC_000496,2011.0,cyanobacteria,cyanobacteria_stx,expression,BIOLOGICAL_PROCESS,The inhibitory effect of calcium on Cylindrospermopsis raciborskii (cyanobacteria) metabolism
cyano_all,STX_DOC_000496,2011.0,cyanobacteria,cyanobacteria_stx,mass spectrometry,DETECTION_METHOD,The inhibitory effect of calcium on Cylindrospermopsis raciborskii (cyanobacteria) metabolism
cyano_all,STX_DOC_000499,2006.0,cyanobacteria,cyanobacteria_stx,paralytic shellfish toxins,TOXIN,"Analysis of paralytic shellfish toxins inAphanizomenon DC-1 from Lake Dianchi, China"
cyano_all,STX_DOC_000499,2006.0,cyanobacteria,cyanobacteria_stx,cyanobacteria,CYANO_TAXON,"Analysis of paralytic shellfish toxins inAphanizomenon DC-1 from Lake Dianchi, China"
cyano_all,STX_DOC_000499,2006.0,cyanobacteria,cyanobacteria_stx,cyanobacterial,CYANO_TAXON,"Analysis of paralytic shellfish toxins inAphanizomenon DC-1 from Lake Dianchi, China"
cyano_all,STX_DOC_000499,2006.0,cyanobacteria,cyanobacteria_stx,aphanizomenon,CYANO_TAXON,"Analysis of paralytic shellfish toxins inAphanizomenon DC-1 from Lake Dianchi, China"
cyano_all,STX_DOC_000499,2006.0,cyanobacteria,cyanobacteria_stx,hplc,DETECTION_METHOD,"Analysis of paralytic shellfish toxins inAphanizomenon DC-1 from Lake Dianchi, China"
cyano_all,STX_DOC_000499,2006.0,cyanobacteria,cyanobacteria_stx,mouse bioassay,DETECTION_METHOD,"Analysis of paralytic shellfish toxins inAphanizomenon DC-1 from Lake Dianchi, China"
cyano_all,STX_DOC_000500,2006.0,cyanobacteria,cyanobacteria_stx,saxitoxin,TOXIN,Occurrence of toxin-producing cyanobacteria blooms in a Brazilian semiarid reservoir
cyano_all,STX_DOC_000500,2006.0,cyanobacteria,cyanobacteria_stx,cyanobacteria,CYANO_TAXON,Occurrence of toxin-producing cyanobacteria blooms in a Brazilian semiarid reservoir
cyano_all,STX_DOC_000500,2006.0,cyanobacteria,cyanobacteria_stx,cyanobacterial,CYANO_TAXON,Occurrence of toxin-producing cyanobacteria blooms in a Brazilian semiarid reservoir
cyano_all,STX_DOC_000500,2006.0,cyanobacteria,cyanobacteria_stx,aphanizomenon,CYANO_TAXON,Occurrence of toxin-producing cyanobacteria blooms in a Brazilian semiarid reservoir
cyano_all,STX_DOC_000500,2006.0,cyanobacteria,cyanobacteria_stx,cylindrospermopsis,CYANO_TAXON,Occurrence of toxin-producing cyanobacteria blooms in a Brazilian semiarid reservoir
cyano_all,STX_DOC_000500,2006.0,cyanobacteria,cyanobacteria_stx,bloom,ENV_FACTOR,Occurrence of toxin-producing cyanobacteria blooms in a Brazilian semiarid reservoir
cyano_all,STX_DOC_000500,2006.0,cyanobacteria,cyanobacteria_stx,hplc,DETECTION_METHOD,Occurrence of toxin-producing cyanobacteria blooms in a Brazilian semiarid reservoir
cyano_all,STX_DOC_000500,2006.0,cyanobacteria,cyanobacteria_stx,elisa,DETECTION_METHOD,Occurrence of toxin-producing cyanobacteria blooms in a Brazilian semiarid reservoir
cyano_all,STX_DOC_000503,2006.0,cyanobacteria,cyanobacteria_stx,paralytic shellfish toxins,TOXIN,"Analysis of paralytic shellfish toxins in Aphanizomenon DC-1 from Lake Dianchi, China."
cyano_all,STX_DOC_000503,2006.0,cyanobacteria,cyanobacteria_stx,cyanobacteria,CYANO_TAXON,"Analysis of paralytic shellfish toxins in Aphanizomenon DC-1 from Lake Dianchi, China."
cyano_all,STX_DOC_000503,2006.0,cyanobacteria,cyanobacteria_stx,cyanobacterial,CYANO_TAXON,"Analysis of paralytic shellfish toxins in Aphanizomenon DC-1 from Lake Dianchi, China."
cyano_all,STX_DOC_000503,2006.0,cyanobacteria,cyanobacteria_stx,aphanizomenon,CYANO_TAXON,"Analysis of paralytic shellfish toxins in Aphanizomenon DC-1 from Lake Dianchi, China."
cyano_all,STX_DOC_000503,2006.0,cyanobacteria,cyanobacteria_stx,hplc,DETECTION_METHOD,"Analysis of paralytic shellfish toxins in Aphanizomenon DC-1 from Lake Dianchi, China."
cyano_all,STX_DOC_000503,2006.0,cyanobacteria,cyanobacteria_stx,mouse bioassay,DETECTION_METHOD,"Analysis of paralytic shellfish toxins in Aphanizomenon DC-1 from Lake Dianchi, China."
cyano_all,STX_DOC_000504,2006.0,cyanobacteria,cyanobacteria_stx,saxitoxin,TOXIN,Occurrence of toxin-producing cyanobacteria blooms in a Brazilian semiarid reservoir.
cyano_all,STX_DOC_000504,2006.0,cyanobacteria,cyanobacteria_stx,cyanobacteria,CYANO_TAXON,Occurrence of toxin-producing cyanobacteria blooms in a Brazilian semiarid reservoir.
cyano_all,STX_DOC_000504,2006.0,cyanobacteria,cyanobacteria_stx,cyanobacterial,CYANO_TAXON,Occurrence of toxin-producing cyanobacteria blooms in a Brazilian semiarid reservoir.
cyano_all,STX_DOC_000504,2006.0,cyanobacteria,cyanobacteria_stx,aphanizomenon,CYANO_TAXON,Occurrence of toxin-producing cyanobacteria blooms in a Brazilian semiarid reservoir.
cyano_all,STX_DOC_000504,2006.0,cyanobacteria,cyanobacteria_stx,cylindrospermopsis,CYANO_TAXON,Occurrence of toxin-producing cyanobacteria blooms in a Brazilian semiarid reservoir.
cyano_all,STX_DOC_000504,2006.0,cyanobacteria,cyanobacteria_stx,bloom,ENV_FACTOR,Occurrence of toxin-producing cyanobacteria blooms in a Brazilian semiarid reservoir.
cyano_all,STX_DOC_000504,2006.0,cyanobacteria,cyanobacteria_stx,hplc,DETECTION_METHOD,Occurrence of toxin-producing cyanobacteria blooms in a Brazilian semiarid reservoir.
cyano_all,STX_DOC_000504,2006.0,cyanobacteria,cyanobacteria_stx,elisa,DETECTION_METHOD,Occurrence of toxin-producing cyanobacteria blooms in a Brazilian semiarid reservoir.
cyano_all,STX_DOC_000506,2004.0,cyanobacteria,cyanobacteria_stx,saxitoxin,TOXIN,Evidence for differences in the metabolism of saxitoxin and C1+2 toxins in the freshwater cyanobacterium Cylindrospermopsis raciborskii T3.
cyano_all,STX_DOC_000506,2004.0,cyanobacteria,cyanobacteria_stx,stx,TOXIN,Evidence for differences in the metabolism of saxitoxin and C1+2 toxins in the freshwater cyanobacterium Cylindrospermopsis raciborskii T3.
cyano_all,STX_DOC_000506,2004.0,cyanobacteria,cyanobacteria_stx,paralytic shellfish poisoning,TOXIN,Evidence for differences in the metabolism of saxitoxin and C1+2 toxins in the freshwater cyanobacterium Cylindrospermopsis raciborskii T3.
cyano_all,STX_DOC_000506,2004.0,cyanobacteria,cyanobacteria_stx,cyanobacterium,CYANO_TAXON,Evidence for differences in the metabolism of saxitoxin and C1+2 toxins in the freshwater cyanobacterium Cylindrospermopsis raciborskii T3.
cyano_all,STX_DOC_000506,2004.0,cyanobacteria,cyanobacteria_stx,cyanobacterial,CYANO_TAXON,Evidence for differences in the metabolism of saxitoxin and C1+2 toxins in the freshwater cyanobacterium Cylindrospermopsis raciborskii T3.
cyano_all,STX_DOC_000506,2004.0,cyanobacteria,cyanobacteria_stx,cylindrospermopsis,CYANO_TAXON,Evidence for differences in the metabolism of saxitoxin and C1+2 toxins in the freshwater cyanobacterium Cylindrospermopsis raciborskii T3.
cyano_all,STX_DOC_000506,2004.0,cyanobacteria,cyanobacteria_stx,toxin production,BIOLOGICAL_PROCESS,Evidence for differences in the metabolism of saxitoxin and C1+2 toxins in the freshwater cyanobacterium Cylindrospermopsis raciborskii T3.
cyano_all,STX_DOC_000521,2025.0,cyanobacteria,high_confidence_stx_biosynthesis,sxta,SXT_GENE,Unexpected cyanobacterial communities in highly heterogeneous toxic blooms from a Mediterranean protected area.
cyano_all,STX_DOC_000521,2025.0,cyanobacteria,high_confidence_stx_biosynthesis,cyanobacterial,CYANO_TAXON,Unexpected cyanobacterial communities in highly heterogeneous toxic blooms from a Mediterranean protected area.
cyano_all,STX_DOC_000521,2025.0,cyanobacteria,high_confidence_stx_biosynthesis,dolichospermum,CYANO_TAXON,Unexpected cyanobacterial communities in highly heterogeneous toxic blooms from a Mediterranean protected area.
cyano_all,STX_DOC_000521,2025.0,cyanobacteria,high_confidence_stx_biosynthesis,planktothrix,CYANO_TAXON,Unexpected cyanobacterial communities in highly heterogeneous toxic blooms from a Mediterranean protected area.
cyano_all,STX_DOC_000521,2025.0,cyanobacteria,high_confidence_stx_biosynthesis,bloom,ENV_FACTOR,Unexpected cyanobacterial communities in highly heterogeneous toxic blooms from a Mediterranean protected area.
cyano_all,STX_DOC_000521,2025.0,cyanobacteria,high_confidence_stx_biosynthesis,biosynthesis,BIOLOGICAL_PROCESS,Unexpected cyanobacterial communities in highly heterogeneous toxic blooms from a Mediterranean protected area.
cyano_all,STX_DOC_000521,2025.0,cyanobacteria,high_confidence_stx_biosynthesis,toxicity,BIOLOGICAL_PROCESS,Unexpected cyanobacterial communities in highly heterogeneous toxic blooms from a Mediterranean protected area.
cyano_all,STX_DOC_000522,2025.0,cross_taxa,dinoflagellate_stx,saxitoxin,TOXIN,Structural basis for saxitoxin congener binding and neutralization by anuran saxiphilins.
cyano_all,STX_DOC_000522,2025.0,cross_taxa,dinoflagellate_stx,stx,TOXIN,Structural basis for saxitoxin congener binding and neutralization by anuran saxiphilins.
cyano_all,STX_DOC_000522,2025.0,cross_taxa,dinoflagellate_stx,paralytic shellfish poisoning,TOXIN,Structural basis for saxitoxin congener binding and neutralization by anuran saxiphilins.
cyano_all,STX_DOC_000522,2025.0,cross_taxa,dinoflagellate_stx,dinoflagellates,DINO_TAXON,Structural basis for saxitoxin congener binding and neutralization by anuran saxiphilins.
cyano_all,STX_DOC_000522,2025.0,cross_taxa,dinoflagellate_stx,cyanobacteria,CYANO_TAXON,Structural basis for saxitoxin congener binding and neutralization by anuran saxiphilins.
cyano_all,STX_DOC_000523,2025.0,cyanobacteria,cyanobacteria_stx,stx,TOXIN,"A Fresh Perspective on Cyanobacterial Paralytic Shellfish Poisoning Toxins: History, Methodology, and Toxicology."
cyano_all,STX_DOC_000523,2025.0,cyanobacteria,cyanobacteria_stx,paralytic shellfish poisoning,TOXIN,"A Fresh Perspective on Cyanobacterial Paralytic Shellfish Poisoning Toxins: History, Methodology, and Toxicology."
cyano_all,STX_DOC_000523,2025.0,cyanobacteria,cyanobacteria_stx,cyanobacteria,CYANO_TAXON,"A Fresh Perspective on Cyanobacterial Paralytic Shellfish Poisoning Toxins: History, Methodology, and Toxicology."
cyano_all,STX_DOC_000523,2025.0,cyanobacteria,cyanobacteria_stx,cyanobacterial,CYANO_TAXON,"A Fresh Perspective on Cyanobacterial Paralytic Shellfish Poisoning Toxins: History, Methodology, and Toxicology."
cyano_all,STX_DOC_000523,2025.0,cyanobacteria,cyanobacteria_stx,toxicity,BIOLOGICAL_PROCESS,"A Fresh Perspective on Cyanobacterial Paralytic Shellfish Poisoning Toxins: History, Methodology, and Toxicology."
cyano_all,STX_DOC_000527,2024.0,cyanobacteria,cyanobacteria_stx,saxitoxin,TOXIN,The problem of algal bloom in the source of drinking water supply for the population
cyano_all,STX_DOC_000527,2024.0,cyanobacteria,cyanobacteria_stx,cyanobacteria,CYANO_TAXON,The problem of algal bloom in the source of drinking water supply for the population
cyano_all,STX_DOC_000527,2024.0,cyanobacteria,cyanobacteria_stx,cyanobacterial,CYANO_TAXON,The problem of algal bloom in the source of drinking water supply for the population
cyano_all,STX_DOC_000527,2024.0,cyanobacteria,cyanobacteria_stx,aphanizomenon,CYANO_TAXON,The problem of algal bloom in the source of drinking water supply for the population
cyano_all,STX_DOC_000527,2024.0,cyanobacteria,cyanobacteria_stx,anabaena,CYANO_TAXON,The problem of algal bloom in the source of drinking water supply for the population
cyano_all,STX_DOC_000527,2024.0,cyanobacteria,cyanobacteria_stx,planktothrix,CYANO_TAXON,The problem of algal bloom in the source of drinking water supply for the population
cyano_all,STX_DOC_000527,2024.0,cyanobacteria,cyanobacteria_stx,bloom,ENV_FACTOR,The problem of algal bloom in the source of drinking water supply for the population
cyano_all,STX_DOC_000528,2023.0,cyanobacteria,cyanobacteria_stx,gtx,TOXIN,A rapid LC-MS/MS method for multi-class identification and quantification of cyanotoxins.
cyano_all,STX_DOC_000528,2023.0,cyanobacteria,cyanobacteria_stx,cyanobacteria,CYANO_TAXON,A rapid LC-MS/MS method for multi-class identification and quantification of cyanotoxins.
cyano_all,STX_DOC_000528,2023.0,cyanobacteria,cyanobacteria_stx,cyanobacterial,CYANO_TAXON,A rapid LC-MS/MS method for multi-class identification and quantification of cyanotoxins.
cyano_all,STX_DOC_000528,2023.0,cyanobacteria,cyanobacteria_stx,lc-ms,DETECTION_METHOD,A rapid LC-MS/MS method for multi-class identification and quantification of cyanotoxins.
cyano_all,STX_DOC_000528,2023.0,cyanobacteria,cyanobacteria_stx,lc-ms/ms,DETECTION_METHOD,A rapid LC-MS/MS method for multi-class identification and quantification of cyanotoxins.
cyano_all,STX_DOC_000528,2023.0,cyanobacteria,cyanobacteria_stx,mass spectrometry,DETECTION_METHOD,A rapid LC-MS/MS method for multi-class identification and quantification of cyanotoxins.
cyano_all,STX_DOC_000531,2022.0,cyanobacteria,high_confidence_stx_biosynthesis,sxta,SXT_GENE,Potamoplankton of the Maumee River during 2018 and 2019: The relationship between cyanobacterial toxins and environmental factors.
cyano_all,STX_DOC_000531,2022.0,cyanobacteria,high_confidence_stx_biosynthesis,cyanobacteria,CYANO_TAXON,Potamoplankton of the Maumee River during 2018 and 2019: The relationship between cyanobacterial toxins and environmental factors.
cyano_all,STX_DOC_000531,2022.0,cyanobacteria,high_confidence_stx_biosynthesis,cyanobacterial,CYANO_TAXON,Potamoplankton of the Maumee River during 2018 and 2019: The relationship between cyanobacterial toxins and environmental factors.
cyano_all,STX_DOC_000531,2022.0,cyanobacteria,high_confidence_stx_biosynthesis,nutrients,ENV_FACTOR,Potamoplankton of the Maumee River during 2018 and 2019: The relationship between cyanobacterial toxins and environmental factors.
cyano_all,STX_DOC_000531,2022.0,cyanobacteria,high_confidence_stx_biosynthesis,climate,ENV_FACTOR,Potamoplankton of the Maumee River during 2018 and 2019: The relationship between cyanobacterial toxins and environmental factors.
cyano_all,STX_DOC_000531,2022.0,cyanobacteria,high_confidence_stx_biosynthesis,bloom,ENV_FACTOR,Potamoplankton of the Maumee River during 2018 and 2019: The relationship between cyanobacterial toxins and environmental factors.
cyano_all,STX_DOC_000534,2022.0,cyanobacteria,high_confidence_stx_biosynthesis,sxta,SXT_GENE,Are Cyanobacteria an Overlooked Risk for Ecosystems and Visitors in Spanish National Parks?
cyano_all,STX_DOC_000534,2022.0,cyanobacteria,high_confidence_stx_biosynthesis,cyanobacteria,CYANO_TAXON,Are Cyanobacteria an Overlooked Risk for Ecosystems and Visitors in Spanish National Parks?
cyano_all,STX_DOC_000534,2022.0,cyanobacteria,high_confidence_stx_biosynthesis,cyanobacterial,CYANO_TAXON,Are Cyanobacteria an Overlooked Risk for Ecosystems and Visitors in Spanish National Parks?
cyano_all,STX_DOC_000534,2022.0,cyanobacteria,high_confidence_stx_biosynthesis,planktothrix,CYANO_TAXON,Are Cyanobacteria an Overlooked Risk for Ecosystems and Visitors in Spanish National Parks?
cyano_all,STX_DOC_000534,2022.0,cyanobacteria,high_confidence_stx_biosynthesis,biosynthesis,BIOLOGICAL_PROCESS,Are Cyanobacteria an Overlooked Risk for Ecosystems and Visitors in Spanish National Parks?
cyano_all,STX_DOC_000537,2021.0,cyanobacteria,cyanobacteria_stx,stx,TOXIN,Saxitoxins from the freshwater cyanobacterium Raphidiopsis raciborskii can contaminate marine mussels.
cyano_all,STX_DOC_000537,2021.0,cyanobacteria,cyanobacteria_stx,cyanobacteria,CYANO_TAXON,Saxitoxins from the freshwater cyanobacterium Raphidiopsis raciborskii can contaminate marine mussels.
cyano_all,STX_DOC_000537,2021.0,cyanobacteria,cyanobacteria_stx,cyanobacterium,CYANO_TAXON,Saxitoxins from the freshwater cyanobacterium Raphidiopsis raciborskii can contaminate marine mussels.
cyano_all,STX_DOC_000537,2021.0,cyanobacteria,cyanobacteria_stx,cylindrospermopsis,CYANO_TAXON,Saxitoxins from the freshwater cyanobacterium Raphidiopsis raciborskii can contaminate marine mussels.
cyano_all,STX_DOC_000537,2021.0,cyanobacteria,cyanobacteria_stx,salinity,ENV_FACTOR,Saxitoxins from the freshwater cyanobacterium Raphidiopsis raciborskii can contaminate marine mussels.
cyano_all,STX_DOC_000537,2021.0,cyanobacteria,cyanobacteria_stx,toxicity,BIOLOGICAL_PROCESS,Saxitoxins from the freshwater cyanobacterium Raphidiopsis raciborskii can contaminate marine mussels.
cyano_all,STX_DOC_000538,2021.0,cyanobacteria,cyanobacteria_stx,stx,TOXIN,The Common Sunstar <i>Crossaster papposus</i>-A Neurotoxic Starfish.
cyano_all,STX_DOC_000538,2021.0,cyanobacteria,cyanobacteria_stx,cyanobacteria,CYANO_TAXON,The Common Sunstar <i>Crossaster papposus</i>-A Neurotoxic Starfish.
cyano_all,STX_DOC_000539,2021.0,cyanobacteria,high_confidence_stx_biosynthesis,saxitoxin,TOXIN,Potentially Toxic Planktic and Benthic Cyanobacteria in Slovenian Freshwater Bodies: Detection by Quantitative PCR.
cyano_all,STX_DOC_000539,2021.0,cyanobacteria,high_confidence_stx_biosynthesis,sxta,SXT_GENE,Potentially Toxic Planktic and Benthic Cyanobacteria in Slovenian Freshwater Bodies: Detection by Quantitative PCR.
cyano_all,STX_DOC_000539,2021.0,cyanobacteria,high_confidence_stx_biosynthesis,cyanobacteria,CYANO_TAXON,Potentially Toxic Planktic and Benthic Cyanobacteria in Slovenian Freshwater Bodies: Detection by Quantitative PCR.
cyano_all,STX_DOC_000539,2021.0,cyanobacteria,high_confidence_stx_biosynthesis,cyanobacterial,CYANO_TAXON,Potentially Toxic Planktic and Benthic Cyanobacteria in Slovenian Freshwater Bodies: Detection by Quantitative PCR.
cyano_all,STX_DOC_000539,2021.0,cyanobacteria,high_confidence_stx_biosynthesis,planktothrix,CYANO_TAXON,Potentially Toxic Planktic and Benthic Cyanobacteria in Slovenian Freshwater Bodies: Detection by Quantitative PCR.
cyano_all,STX_DOC_000539,2021.0,cyanobacteria,high_confidence_stx_biosynthesis,lc-ms,DETECTION_METHOD,Potentially Toxic Planktic and Benthic Cyanobacteria in Slovenian Freshwater Bodies: Detection by Quantitative PCR.
cyano_all,STX_DOC_000539,2021.0,cyanobacteria,high_confidence_stx_biosynthesis,lc-ms/ms,DETECTION_METHOD,Potentially Toxic Planktic and Benthic Cyanobacteria in Slovenian Freshwater Bodies: Detection by Quantitative PCR.
cyano_all,STX_DOC_000540,2020.0,cyanobacteria,cyanobacteria_stx,saxitoxin,TOXIN,Exposure of Nile Tilapia (Oreochromis niloticus) Fingerlings to a Saxitoxin-Producing Strain of Raphidiopsis (Cylindrospermopsis) raciborskii (Cyanobacterium) Reduces Growth Performance and Increases Mortality Rate.
cyano_all,STX_DOC_000540,2020.0,cyanobacteria,cyanobacteria_stx,cyanobacteria,CYANO_TAXON,Exposure of Nile Tilapia (Oreochromis niloticus) Fingerlings to a Saxitoxin-Producing Strain of Raphidiopsis (Cylindrospermopsis) raciborskii (Cyanobacterium) Reduces Growth Performance and Increases Mortality Rate.
cyano_all,STX_DOC_000540,2020.0,cyanobacteria,cyanobacteria_stx,cyanobacterium,CYANO_TAXON,Exposure of Nile Tilapia (Oreochromis niloticus) Fingerlings to a Saxitoxin-Producing Strain of Raphidiopsis (Cylindrospermopsis) raciborskii (Cyanobacterium) Reduces Growth Performance and Increases Mortality Rate.
cyano_all,STX_DOC_000540,2020.0,cyanobacteria,cyanobacteria_stx,cyanobacterial,CYANO_TAXON,Exposure of Nile Tilapia (Oreochromis niloticus) Fingerlings to a Saxitoxin-Producing Strain of Raphidiopsis (Cylindrospermopsis) raciborskii (Cyanobacterium) Reduces Growth Performance and Increases Mortality Rate.
cyano_all,STX_DOC_000540,2020.0,cyanobacteria,cyanobacteria_stx,cylindrospermopsis,CYANO_TAXON,Exposure of Nile Tilapia (Oreochromis niloticus) Fingerlings to a Saxitoxin-Producing Strain of Raphidiopsis (Cylindrospermopsis) raciborskii (Cyanobacterium) Reduces Growth Performance and Increases Mortality Rate.
cyano_all,STX_DOC_000540,2020.0,cyanobacteria,cyanobacteria_stx,toxicity,BIOLOGICAL_PROCESS,Exposure of Nile Tilapia (Oreochromis niloticus) Fingerlings to a Saxitoxin-Producing Strain of Raphidiopsis (Cylindrospermopsis) raciborskii (Cyanobacterium) Reduces Growth Performance and Increases Mortality Rate.
cyano_all,STX_DOC_000543,2020.0,cyanobacteria,cyanobacteria_stx,psts,TOXIN,"Limnological Differences in a Two-Basin Lake Help to Explain the Occurrence of Anatoxin-a, Paralytic Shellfish Poisoning Toxins, and Microcystins."
cyano_all,STX_DOC_000543,2020.0,cyanobacteria,cyanobacteria_stx,paralytic shellfish poisoning,TOXIN,"Limnological Differences in a Two-Basin Lake Help to Explain the Occurrence of Anatoxin-a, Paralytic Shellfish Poisoning Toxins, and Microcystins."
cyano_all,STX_DOC_000543,2020.0,cyanobacteria,cyanobacteria_stx,cyanobacteria,CYANO_TAXON,"Limnological Differences in a Two-Basin Lake Help to Explain the Occurrence of Anatoxin-a, Paralytic Shellfish Poisoning Toxins, and Microcystins."
cyano_all,STX_DOC_000543,2020.0,cyanobacteria,cyanobacteria_stx,cyanobacterial,CYANO_TAXON,"Limnological Differences in a Two-Basin Lake Help to Explain the Occurrence of Anatoxin-a, Paralytic Shellfish Poisoning Toxins, and Microcystins."
cyano_all,STX_DOC_000543,2020.0,cyanobacteria,cyanobacteria_stx,phosphorus,ENV_FACTOR,"Limnological Differences in a Two-Basin Lake Help to Explain the Occurrence of Anatoxin-a, Paralytic Shellfish Poisoning Toxins, and Microcystins."
cyano_all,STX_DOC_000543,2020.0,cyanobacteria,cyanobacteria_stx,nutrient,ENV_FACTOR,"Limnological Differences in a Two-Basin Lake Help to Explain the Occurrence of Anatoxin-a, Paralytic Shellfish Poisoning Toxins, and Microcystins."
cyano_all,STX_DOC_000543,2020.0,cyanobacteria,cyanobacteria_stx,bloom,ENV_FACTOR,"Limnological Differences in a Two-Basin Lake Help to Explain the Occurrence of Anatoxin-a, Paralytic Shellfish Poisoning Toxins, and Microcystins."
cyano_all,STX_DOC_000544,2020.0,cross_taxa,dinoflagellate_stx,paralytic shellfish poisoning,TOXIN,Effects of Nutrient Limitation on the Synthesis of N-Rich Phytoplankton Toxins: A Meta-Analysis.
cyano_all,STX_DOC_000544,2020.0,cross_taxa,dinoflagellate_stx,dinoflagellate,DINO_TAXON,Effects of Nutrient Limitation on the Synthesis of N-Rich Phytoplankton Toxins: A Meta-Analysis.
cyano_all,STX_DOC_000544,2020.0,cross_taxa,dinoflagellate_stx,dinoflagellates,DINO_TAXON,Effects of Nutrient Limitation on the Synthesis of N-Rich Phytoplankton Toxins: A Meta-Analysis.
cyano_all,STX_DOC_000544,2020.0,cross_taxa,dinoflagellate_stx,cyanobacteria,CYANO_TAXON,Effects of Nutrient Limitation on the Synthesis of N-Rich Phytoplankton Toxins: A Meta-Analysis.
cyano_all,STX_DOC_000544,2020.0,cross_taxa,dinoflagellate_stx,nitrogen,ENV_FACTOR,Effects of Nutrient Limitation on the Synthesis of N-Rich Phytoplankton Toxins: A Meta-Analysis.
cyano_all,STX_DOC_000544,2020.0,cross_taxa,dinoflagellate_stx,phosphorus,ENV_FACTOR,Effects of Nutrient Limitation on the Synthesis of N-Rich Phytoplankton Toxins: A Meta-Analysis.
cyano_all,STX_DOC_000544,2020.0,cross_taxa,dinoflagellate_stx,nutrient,ENV_FACTOR,Effects of Nutrient Limitation on the Synthesis of N-Rich Phytoplankton Toxins: A Meta-Analysis.
cyano_all,STX_DOC_000544,2020.0,cross_taxa,dinoflagellate_stx,nutrients,ENV_FACTOR,Effects of Nutrient Limitation on the Synthesis of N-Rich Phytoplankton Toxins: A Meta-Analysis.
cyano_all,STX_DOC_000544,2020.0,cross_taxa,dinoflagellate_stx,bloom,ENV_FACTOR,Effects of Nutrient Limitation on the Synthesis of N-Rich Phytoplankton Toxins: A Meta-Analysis.
cyano_all,STX_DOC_000544,2020.0,cross_taxa,dinoflagellate_stx,regulation,BIOLOGICAL_PROCESS,Effects of Nutrient Limitation on the Synthesis of N-Rich Phytoplankton Toxins: A Meta-Analysis.
cyano_all,STX_DOC_000544,2020.0,cross_taxa,dinoflagellate_stx,toxicity,BIOLOGICAL_PROCESS,Effects of Nutrient Limitation on the Synthesis of N-Rich Phytoplankton Toxins: A Meta-Analysis.
cyano_all,STX_DOC_000546,2019.0,cross_taxa,dinoflagellate_stx,saxitoxin,TOXIN,"Identification of a Novel Saxitoxin Analogue, 12β-Deoxygonyautoxin 3, in the Cyanobacterium, <i>Anabaena circinalis</i> (TA04)."
cyano_all,STX_DOC_000546,2019.0,cross_taxa,dinoflagellate_stx,stx,TOXIN,"Identification of a Novel Saxitoxin Analogue, 12β-Deoxygonyautoxin 3, in the Cyanobacterium, <i>Anabaena circinalis</i> (TA04)."
cyano_all,STX_DOC_000546,2019.0,cross_taxa,dinoflagellate_stx,dinoflagellates,DINO_TAXON,"Identification of a Novel Saxitoxin Analogue, 12β-Deoxygonyautoxin 3, in the Cyanobacterium, <i>Anabaena circinalis</i> (TA04)."
cyano_all,STX_DOC_000546,2019.0,cross_taxa,dinoflagellate_stx,cyanobacteria,CYANO_TAXON,"Identification of a Novel Saxitoxin Analogue, 12β-Deoxygonyautoxin 3, in the Cyanobacterium, <i>Anabaena circinalis</i> (TA04)."
cyano_all,STX_DOC_000546,2019.0,cross_taxa,dinoflagellate_stx,cyanobacterium,CYANO_TAXON,"Identification of a Novel Saxitoxin Analogue, 12β-Deoxygonyautoxin 3, in the Cyanobacterium, <i>Anabaena circinalis</i> (TA04)."
cyano_all,STX_DOC_000546,2019.0,cross_taxa,dinoflagellate_stx,anabaena,CYANO_TAXON,"Identification of a Novel Saxitoxin Analogue, 12β-Deoxygonyautoxin 3, in the Cyanobacterium, <i>Anabaena circinalis</i> (TA04)."
cyano_all,STX_DOC_000546,2019.0,cross_taxa,dinoflagellate_stx,biosynthesis,BIOLOGICAL_PROCESS,"Identification of a Novel Saxitoxin Analogue, 12β-Deoxygonyautoxin 3, in the Cyanobacterium, <i>Anabaena circinalis</i> (TA04)."
cyano_all,STX_DOC_000546,2019.0,cross_taxa,dinoflagellate_stx,lc-ms,DETECTION_METHOD,"Identification of a Novel Saxitoxin Analogue, 12β-Deoxygonyautoxin 3, in the Cyanobacterium, <i>Anabaena circinalis</i> (TA04)."
cyano_all,STX_DOC_000547,2019.0,cyanobacteria,cyanobacteria_stx,saxitoxin,TOXIN,Protected Freshwater Ecosystem with Incessant Cyanobacterial Blooming Awaiting a Resolution
cyano_all,STX_DOC_000547,2019.0,cyanobacteria,cyanobacteria_stx,stx,TOXIN,Protected Freshwater Ecosystem with Incessant Cyanobacterial Blooming Awaiting a Resolution
cyano_all,STX_DOC_000547,2019.0,cyanobacteria,cyanobacteria_stx,cyanobacteria,CYANO_TAXON,Protected Freshwater Ecosystem with Incessant Cyanobacterial Blooming Awaiting a Resolution
cyano_all,STX_DOC_000547,2019.0,cyanobacteria,cyanobacteria_stx,cyanobacterial,CYANO_TAXON,Protected Freshwater Ecosystem with Incessant Cyanobacterial Blooming Awaiting a Resolution
cyano_all,STX_DOC_000547,2019.0,cyanobacteria,cyanobacteria_stx,dolichospermum,CYANO_TAXON,Protected Freshwater Ecosystem with Incessant Cyanobacterial Blooming Awaiting a Resolution
cyano_all,STX_DOC_000547,2019.0,cyanobacteria,cyanobacteria_stx,planktothrix,CYANO_TAXON,Protected Freshwater Ecosystem with Incessant Cyanobacterial Blooming Awaiting a Resolution
cyano_all,STX_DOC_000548,2019.0,cyanobacteria,cyanobacteria_stx,cyanobacteria,CYANO_TAXON,Spatio-temporal variation of cyanobacteria and cyanotoxins in public supply reservoirs of the semi-arid region of Brazil
cyano_all,STX_DOC_000548,2019.0,cyanobacteria,cyanobacteria_stx,cyanobacterium,CYANO_TAXON,Spatio-temporal variation of cyanobacteria and cyanotoxins in public supply reservoirs of the semi-arid region of Brazil
cyano_all,STX_DOC_000548,2019.0,cyanobacteria,cyanobacteria_stx,cyanobacterial,CYANO_TAXON,Spatio-temporal variation of cyanobacteria and cyanotoxins in public supply reservoirs of the semi-arid region of Brazil
cyano_all,STX_DOC_000548,2019.0,cyanobacteria,cyanobacteria_stx,cylindrospermopsis,CYANO_TAXON,Spatio-temporal variation of cyanobacteria and cyanotoxins in public supply reservoirs of the semi-arid region of Brazil
cyano_all,STX_DOC_000548,2019.0,cyanobacteria,cyanobacteria_stx,phosphorus,ENV_FACTOR,Spatio-temporal variation of cyanobacteria and cyanotoxins in public supply reservoirs of the semi-arid region of Brazil
cyano_all,STX_DOC_000548,2019.0,cyanobacteria,cyanobacteria_stx,climate,ENV_FACTOR,Spatio-temporal variation of cyanobacteria and cyanotoxins in public supply reservoirs of the semi-arid region of Brazil
cyano_all,STX_DOC_000550,2018.0,cyanobacteria,cyanobacteria_stx,saxitoxin,TOXIN,Effect of Increased Temperature on Native and Alien Nuisance Cyanobacteria from Temperate Lakes: An Experimental Approach.
cyano_all,STX_DOC_000550,2018.0,cyanobacteria,cyanobacteria_stx,cyanobacteria,CYANO_TAXON,Effect of Increased Temperature on Native and Alien Nuisance Cyanobacteria from Temperate Lakes: An Experimental Approach.
cyano_all,STX_DOC_000550,2018.0,cyanobacteria,cyanobacteria_stx,cyanobacterial,CYANO_TAXON,Effect of Increased Temperature on Native and Alien Nuisance Cyanobacteria from Temperate Lakes: An Experimental Approach.
cyano_all,STX_DOC_000550,2018.0,cyanobacteria,cyanobacteria_stx,aphanizomenon,CYANO_TAXON,Effect of Increased Temperature on Native and Alien Nuisance Cyanobacteria from Temperate Lakes: An Experimental Approach.
cyano_all,STX_DOC_000550,2018.0,cyanobacteria,cyanobacteria_stx,planktothrix,CYANO_TAXON,Effect of Increased Temperature on Native and Alien Nuisance Cyanobacteria from Temperate Lakes: An Experimental Approach.
cyano_all,STX_DOC_000550,2018.0,cyanobacteria,cyanobacteria_stx,temperature,ENV_FACTOR,Effect of Increased Temperature on Native and Alien Nuisance Cyanobacteria from Temperate Lakes: An Experimental Approach.
cyano_all,STX_DOC_000550,2018.0,cyanobacteria,cyanobacteria_stx,warming,ENV_FACTOR,Effect of Increased Temperature on Native and Alien Nuisance Cyanobacteria from Temperate Lakes: An Experimental Approach.
cyano_all,STX_DOC_000550,2018.0,cyanobacteria,cyanobacteria_stx,climate,ENV_FACTOR,Effect of Increased Temperature on Native and Alien Nuisance Cyanobacteria from Temperate Lakes: An Experimental Approach.
cyano_all,STX_DOC_000550,2018.0,cyanobacteria,cyanobacteria_stx,toxicity,BIOLOGICAL_PROCESS,Effect of Increased Temperature on Native and Alien Nuisance Cyanobacteria from Temperate Lakes: An Experimental Approach.
cyano_all,STX_DOC_000551,2017.0,cyanobacteria,high_confidence_stx_biosynthesis,saxitoxin,TOXIN,"Use of three monitoring approaches to manage a major Chrysosporum ovalisporum bloom in the Murray River, Australia, 2016."
cyano_all,STX_DOC_000551,2017.0,cyanobacteria,high_confidence_stx_biosynthesis,cyanobacteria,CYANO_TAXON,"Use of three monitoring approaches to manage a major Chrysosporum ovalisporum bloom in the Murray River, Australia, 2016."
cyano_all,STX_DOC_000551,2017.0,cyanobacteria,high_confidence_stx_biosynthesis,cyanobacterial,CYANO_TAXON,"Use of three monitoring approaches to manage a major Chrysosporum ovalisporum bloom in the Murray River, Australia, 2016."
cyano_all,STX_DOC_000551,2017.0,cyanobacteria,high_confidence_stx_biosynthesis,aphanizomenon,CYANO_TAXON,"Use of three monitoring approaches to manage a major Chrysosporum ovalisporum bloom in the Murray River, Australia, 2016."
cyano_all,STX_DOC_000551,2017.0,cyanobacteria,high_confidence_stx_biosynthesis,bloom,ENV_FACTOR,"Use of three monitoring approaches to manage a major Chrysosporum ovalisporum bloom in the Murray River, Australia, 2016."
cyano_all,STX_DOC_000551,2017.0,cyanobacteria,high_confidence_stx_biosynthesis,biosynthesis,BIOLOGICAL_PROCESS,"Use of three monitoring approaches to manage a major Chrysosporum ovalisporum bloom in the Murray River, Australia, 2016."
cyano_all,STX_DOC_000551,2017.0,cyanobacteria,high_confidence_stx_biosynthesis,saxitoxin biosynthesis,BIOLOGICAL_PROCESS,"Use of three monitoring approaches to manage a major Chrysosporum ovalisporum bloom in the Murray River, Australia, 2016."
cyano_all,STX_DOC_000551,2017.0,cyanobacteria,high_confidence_stx_biosynthesis,toxicity,BIOLOGICAL_PROCESS,"Use of three monitoring approaches to manage a major Chrysosporum ovalisporum bloom in the Murray River, Australia, 2016."
cyano_all,STX_DOC_000552,2017.0,cross_taxa,dinoflagellate_stx,saxitoxin,TOXIN,Cytotoxic Effects of Environmental Toxins on Human Glial Cells.
cyano_all,STX_DOC_000552,2017.0,cross_taxa,dinoflagellate_stx,stx,TOXIN,Cytotoxic Effects of Environmental Toxins on Human Glial Cells.
cyano_all,STX_DOC_000552,2017.0,cross_taxa,dinoflagellate_stx,dinoflagellates,DINO_TAXON,Cytotoxic Effects of Environmental Toxins on Human Glial Cells.
cyano_all,STX_DOC_000552,2017.0,cross_taxa,dinoflagellate_stx,cyanobacteria,CYANO_TAXON,Cytotoxic Effects of Environmental Toxins on Human Glial Cells.
cyano_all,STX_DOC_000552,2017.0,cross_taxa,dinoflagellate_stx,cyanobacterial,CYANO_TAXON,Cytotoxic Effects of Environmental Toxins on Human Glial Cells.
cyano_all,STX_DOC_000552,2017.0,cross_taxa,dinoflagellate_stx,expression,BIOLOGICAL_PROCESS,Cytotoxic Effects of Environmental Toxins on Human Glial Cells.
cyano_all,STX_DOC_000552,2017.0,cross_taxa,dinoflagellate_stx,gene expression,BIOLOGICAL_PROCESS,Cytotoxic Effects of Environmental Toxins on Human Glial Cells.
cyano_all,STX_DOC_000552,2017.0,cross_taxa,dinoflagellate_stx,toxicity,BIOLOGICAL_PROCESS,Cytotoxic Effects of Environmental Toxins on Human Glial Cells.
cyano_all,STX_DOC_000554,2017.0,cyanobacteria,cyanobacteria_stx,saxitoxin,TOXIN,Effects of crude extracts of a saxitoxin-producer strain of the cyanobacterium Cylindrospermopsis raciborskii on the swimming behavior of wild and laboratory reared guppy Poecilia vivipara.
cyano_all,STX_DOC_000554,2017.0,cyanobacteria,cyanobacteria_stx,cyanobacteria,CYANO_TAXON,Effects of crude extracts of a saxitoxin-producer strain of the cyanobacterium Cylindrospermopsis raciborskii on the swimming behavior of wild and laboratory reared guppy Poecilia vivipara.
cyano_all,STX_DOC_000554,2017.0,cyanobacteria,cyanobacteria_stx,cyanobacterium,CYANO_TAXON,Effects of crude extracts of a saxitoxin-producer strain of the cyanobacterium Cylindrospermopsis raciborskii on the swimming behavior of wild and laboratory reared guppy Poecilia vivipara.
cyano_all,STX_DOC_000554,2017.0,cyanobacteria,cyanobacteria_stx,cyanobacterial,CYANO_TAXON,Effects of crude extracts of a saxitoxin-producer strain of the cyanobacterium Cylindrospermopsis raciborskii on the swimming behavior of wild and laboratory reared guppy Poecilia vivipara.
cyano_all,STX_DOC_000554,2017.0,cyanobacteria,cyanobacteria_stx,cylindrospermopsis,CYANO_TAXON,Effects of crude extracts of a saxitoxin-producer strain of the cyanobacterium Cylindrospermopsis raciborskii on the swimming behavior of wild and laboratory reared guppy Poecilia vivipara.
cyano_all,STX_DOC_000554,2017.0,cyanobacteria,cyanobacteria_stx,elisa,DETECTION_METHOD,Effects of crude extracts of a saxitoxin-producer strain of the cyanobacterium Cylindrospermopsis raciborskii on the swimming behavior of wild and laboratory reared guppy Poecilia vivipara.
cyano_all,STX_DOC_000563,2014.0,cyanobacteria,cyanobacteria_stx,saxitoxin,TOXIN,Differential susceptibility of cladoceran species to a saxitoxin-producer strain of Cylindrospermopsis raciborskii (cyanobacteria)
cyano_all,STX_DOC_000563,2014.0,cyanobacteria,cyanobacteria_stx,stx,TOXIN,Differential susceptibility of cladoceran species to a saxitoxin-producer strain of Cylindrospermopsis raciborskii (cyanobacteria)
cyano_all,STX_DOC_000563,2014.0,cyanobacteria,cyanobacteria_stx,cyanobacteria,CYANO_TAXON,Differential susceptibility of cladoceran species to a saxitoxin-producer strain of Cylindrospermopsis raciborskii (cyanobacteria)
cyano_all,STX_DOC_000563,2014.0,cyanobacteria,cyanobacteria_stx,cyanobacterium,CYANO_TAXON,Differential susceptibility of cladoceran species to a saxitoxin-producer strain of Cylindrospermopsis raciborskii (cyanobacteria)
cyano_all,STX_DOC_000563,2014.0,cyanobacteria,cyanobacteria_stx,cyanobacterial,CYANO_TAXON,Differential susceptibility of cladoceran species to a saxitoxin-producer strain of Cylindrospermopsis raciborskii (cyanobacteria)
cyano_all,STX_DOC_000563,2014.0,cyanobacteria,cyanobacteria_stx,cylindrospermopsis,CYANO_TAXON,Differential susceptibility of cladoceran species to a saxitoxin-producer strain of Cylindrospermopsis raciborskii (cyanobacteria)
cyano_all,STX_DOC_000564,2014.0,cyanobacteria,cyanobacteria_stx,saxitoxin,TOXIN,Harmful Algae Blooms in Drinking Water: Removal of Cyanobacterial Cells and Toxins
cyano_all,STX_DOC_000564,2014.0,cyanobacteria,cyanobacteria_stx,cyanobacterial,CYANO_TAXON,Harmful Algae Blooms in Drinking Water: Removal of Cyanobacterial Cells and Toxins
cyano_all,STX_DOC_000564,2014.0,cyanobacteria,cyanobacteria_stx,cylindrospermopsis,CYANO_TAXON,Harmful Algae Blooms in Drinking Water: Removal of Cyanobacterial Cells and Toxins
cyano_all,STX_DOC_000564,2014.0,cyanobacteria,cyanobacteria_stx,nutrient,ENV_FACTOR,Harmful Algae Blooms in Drinking Water: Removal of Cyanobacterial Cells and Toxins
cyano_all,STX_DOC_000564,2014.0,cyanobacteria,cyanobacteria_stx,bloom,ENV_FACTOR,Harmful Algae Blooms in Drinking Water: Removal of Cyanobacterial Cells and Toxins
cyano_all,STX_DOC_000564,2014.0,cyanobacteria,cyanobacteria_stx,harmful algal bloom,ENV_FACTOR,Harmful Algae Blooms in Drinking Water: Removal of Cyanobacterial Cells and Toxins
cyano_all,STX_DOC_000564,2014.0,cyanobacteria,cyanobacteria_stx,regulation,BIOLOGICAL_PROCESS,Harmful Algae Blooms in Drinking Water: Removal of Cyanobacterial Cells and Toxins
cyano_all,STX_DOC_000564,2014.0,cyanobacteria,cyanobacteria_stx,expression,BIOLOGICAL_PROCESS,Harmful Algae Blooms in Drinking Water: Removal of Cyanobacterial Cells and Toxins
cyano_all,STX_DOC_000564,2014.0,cyanobacteria,cyanobacteria_stx,toxicity,BIOLOGICAL_PROCESS,Harmful Algae Blooms in Drinking Water: Removal of Cyanobacterial Cells and Toxins
cyano_all,STX_DOC_000575,2009.0,cyanobacteria,cyanobacteria_stx,saxitoxin,TOXIN,Optimization of 2D-PAGE protocols for proteomic analysis of two nonaxenic toxin-producing freshwater cyanobacteria: Cylindrospermopsis raciborskii and Raphidiopsis sp.
cyano_all,STX_DOC_000575,2009.0,cyanobacteria,cyanobacteria_stx,stx,TOXIN,Optimization of 2D-PAGE protocols for proteomic analysis of two nonaxenic toxin-producing freshwater cyanobacteria: Cylindrospermopsis raciborskii and Raphidiopsis sp.
cyano_all,STX_DOC_000575,2009.0,cyanobacteria,cyanobacteria_stx,cyanobacteria,CYANO_TAXON,Optimization of 2D-PAGE protocols for proteomic analysis of two nonaxenic toxin-producing freshwater cyanobacteria: Cylindrospermopsis raciborskii and Raphidiopsis sp.
cyano_all,STX_DOC_000575,2009.0,cyanobacteria,cyanobacteria_stx,cyanobacterium,CYANO_TAXON,Optimization of 2D-PAGE protocols for proteomic analysis of two nonaxenic toxin-producing freshwater cyanobacteria: Cylindrospermopsis raciborskii and Raphidiopsis sp.
cyano_all,STX_DOC_000575,2009.0,cyanobacteria,cyanobacteria_stx,cyanobacterial,CYANO_TAXON,Optimization of 2D-PAGE protocols for proteomic analysis of two nonaxenic toxin-producing freshwater cyanobacteria: Cylindrospermopsis raciborskii and Raphidiopsis sp.
cyano_all,STX_DOC_000575,2009.0,cyanobacteria,cyanobacteria_stx,cylindrospermopsis,CYANO_TAXON,Optimization of 2D-PAGE protocols for proteomic analysis of two nonaxenic toxin-producing freshwater cyanobacteria: Cylindrospermopsis raciborskii and Raphidiopsis sp.
cyano_all,STX_DOC_000575,2009.0,cyanobacteria,cyanobacteria_stx,toxicity,BIOLOGICAL_PROCESS,Optimization of 2D-PAGE protocols for proteomic analysis of two nonaxenic toxin-producing freshwater cyanobacteria: Cylindrospermopsis raciborskii and Raphidiopsis sp.
cyano_all,STX_DOC_000575,2009.0,cyanobacteria,cyanobacteria_stx,hplc,DETECTION_METHOD,Optimization of 2D-PAGE protocols for proteomic analysis of two nonaxenic toxin-producing freshwater cyanobacteria: Cylindrospermopsis raciborskii and Raphidiopsis sp.
cyano_all,STX_DOC_000575,2009.0,cyanobacteria,cyanobacteria_stx,mass spectrometry,DETECTION_METHOD,Optimization of 2D-PAGE protocols for proteomic analysis of two nonaxenic toxin-producing freshwater cyanobacteria: Cylindrospermopsis raciborskii and Raphidiopsis sp.
cyano_all,STX_DOC_000577,2008.0,cross_taxa,high_confidence_stx_biosynthesis,saxitoxin,TOXIN,Identification of a saxitoxin biosynthesis gene with a history of frequent horizontal gene transfers.
cyano_all,STX_DOC_000577,2008.0,cross_taxa,high_confidence_stx_biosynthesis,paralytic shellfish poisoning,TOXIN,Identification of a saxitoxin biosynthesis gene with a history of frequent horizontal gene transfers.
cyano_all,STX_DOC_000577,2008.0,cross_taxa,high_confidence_stx_biosynthesis,saxitoxin biosynthesis gene,SXT_GENE,Identification of a saxitoxin biosynthesis gene with a history of frequent horizontal gene transfers.
cyano_all,STX_DOC_000577,2008.0,cross_taxa,high_confidence_stx_biosynthesis,dinoflagellates,DINO_TAXON,Identification of a saxitoxin biosynthesis gene with a history of frequent horizontal gene transfers.
cyano_all,STX_DOC_000577,2008.0,cross_taxa,high_confidence_stx_biosynthesis,cyanobacteria,CYANO_TAXON,Identification of a saxitoxin biosynthesis gene with a history of frequent horizontal gene transfers.
cyano_all,STX_DOC_000577,2008.0,cross_taxa,high_confidence_stx_biosynthesis,biosynthesis,BIOLOGICAL_PROCESS,Identification of a saxitoxin biosynthesis gene with a history of frequent horizontal gene transfers.
cyano_all,STX_DOC_000577,2008.0,cross_taxa,high_confidence_stx_biosynthesis,saxitoxin biosynthesis,BIOLOGICAL_PROCESS,Identification of a saxitoxin biosynthesis gene with a history of frequent horizontal gene transfers.
cyano_all,STX_DOC_000577,2008.0,cross_taxa,high_confidence_stx_biosynthesis,phylogeny,BIOLOGICAL_PROCESS,Identification of a saxitoxin biosynthesis gene with a history of frequent horizontal gene transfers.
cyano_all,STX_DOC_000577,2008.0,cross_taxa,high_confidence_stx_biosynthesis,phylogenetic,BIOLOGICAL_PROCESS,Identification of a saxitoxin biosynthesis gene with a history of frequent horizontal gene transfers.
cyano_all,STX_DOC_000577,2008.0,cross_taxa,high_confidence_stx_biosynthesis,horizontal gene transfer,BIOLOGICAL_PROCESS,Identification of a saxitoxin biosynthesis gene with a history of frequent horizontal gene transfers.
cyano_all,STX_DOC_000578,2008.0,cyanobacteria,cyanobacteria_stx,saxitoxin,TOXIN,"Cyanobacterial Neurotoxins, Anatoxin-A and Analogues: Detection and Analysis"
cyano_all,STX_DOC_000578,2008.0,cyanobacteria,cyanobacteria_stx,cyanobacteria,CYANO_TAXON,"Cyanobacterial Neurotoxins, Anatoxin-A and Analogues: Detection and Analysis"
cyano_all,STX_DOC_000578,2008.0,cyanobacteria,cyanobacteria_stx,cyanobacterial,CYANO_TAXON,"Cyanobacterial Neurotoxins, Anatoxin-A and Analogues: Detection and Analysis"
cyano_all,STX_DOC_000578,2008.0,cyanobacteria,cyanobacteria_stx,aphanizomenon,CYANO_TAXON,"Cyanobacterial Neurotoxins, Anatoxin-A and Analogues: Detection and Analysis"
cyano_all,STX_DOC_000578,2008.0,cyanobacteria,cyanobacteria_stx,anabaena,CYANO_TAXON,"Cyanobacterial Neurotoxins, Anatoxin-A and Analogues: Detection and Analysis"
cyano_all,STX_DOC_000578,2008.0,cyanobacteria,cyanobacteria_stx,planktothrix,CYANO_TAXON,"Cyanobacterial Neurotoxins, Anatoxin-A and Analogues: Detection and Analysis"
cyano_all,STX_DOC_000579,2008.0,cross_taxa,dinoflagellate_stx,saxitoxin,TOXIN,Non-traditional vectors for paralytic shellfish poisoning.
cyano_all,STX_DOC_000579,2008.0,cross_taxa,dinoflagellate_stx,stx,TOXIN,Non-traditional vectors for paralytic shellfish poisoning.
cyano_all,STX_DOC_000579,2008.0,cross_taxa,dinoflagellate_stx,paralytic shellfish poisoning,TOXIN,Non-traditional vectors for paralytic shellfish poisoning.
cyano_all,STX_DOC_000579,2008.0,cross_taxa,dinoflagellate_stx,dinoflagellates,DINO_TAXON,Non-traditional vectors for paralytic shellfish poisoning.
cyano_all,STX_DOC_000579,2008.0,cross_taxa,dinoflagellate_stx,cyanobacteria,CYANO_TAXON,Non-traditional vectors for paralytic shellfish poisoning.
cyano_all,STX_DOC_000579,2008.0,cross_taxa,dinoflagellate_stx,bloom,ENV_FACTOR,Non-traditional vectors for paralytic shellfish poisoning.
cyano_all,STX_DOC_000580,2008.0,cross_taxa,dinoflagellate_stx,saxitoxin,TOXIN,Non-Traditional Vectors for Paralytic Shellfish Poisoning
cyano_all,STX_DOC_000580,2008.0,cross_taxa,dinoflagellate_stx,stx,TOXIN,Non-Traditional Vectors for Paralytic Shellfish Poisoning
cyano_all,STX_DOC_000580,2008.0,cross_taxa,dinoflagellate_stx,paralytic shellfish poisoning,TOXIN,Non-Traditional Vectors for Paralytic Shellfish Poisoning
cyano_all,STX_DOC_000580,2008.0,cross_taxa,dinoflagellate_stx,dinoflagellates,DINO_TAXON,Non-Traditional Vectors for Paralytic Shellfish Poisoning
cyano_all,STX_DOC_000580,2008.0,cross_taxa,dinoflagellate_stx,cyanobacteria,CYANO_TAXON,Non-Traditional Vectors for Paralytic Shellfish Poisoning
cyano_all,STX_DOC_000580,2008.0,cross_taxa,dinoflagellate_stx,bloom,ENV_FACTOR,Non-Traditional Vectors for Paralytic Shellfish Poisoning
cyano_all,STX_DOC_000585,2004.0,cyanobacteria,cyanobacteria_stx,cyanobacteria,CYANO_TAXON,"Bloom Forming and Toxic Cyanobacteria in New Zealand Species Diversity and Distribution, Cyanotoxin Production and Accumulation of Microcystins in Selected Freshwater Organisms"
cyano_all,STX_DOC_000585,2004.0,cyanobacteria,cyanobacteria_stx,cyanobacterial,CYANO_TAXON,"Bloom Forming and Toxic Cyanobacteria in New Zealand Species Diversity and Distribution, Cyanotoxin Production and Accumulation of Microcystins in Selected Freshwater Organisms"
cyano_all,STX_DOC_000585,2004.0,cyanobacteria,cyanobacteria_stx,anabaena,CYANO_TAXON,"Bloom Forming and Toxic Cyanobacteria in New Zealand Species Diversity and Distribution, Cyanotoxin Production and Accumulation of Microcystins in Selected Freshwater Organisms"
cyano_all,STX_DOC_000585,2004.0,cyanobacteria,cyanobacteria_stx,cylindrospermopsis,CYANO_TAXON,"Bloom Forming and Toxic Cyanobacteria in New Zealand Species Diversity and Distribution, Cyanotoxin Production and Accumulation of Microcystins in Selected Freshwater Organisms"
cyano_all,STX_DOC_000585,2004.0,cyanobacteria,cyanobacteria_stx,planktothrix,CYANO_TAXON,"Bloom Forming and Toxic Cyanobacteria in New Zealand Species Diversity and Distribution, Cyanotoxin Production and Accumulation of Microcystins in Selected Freshwater Organisms"
cyano_all,STX_DOC_000585,2004.0,cyanobacteria,cyanobacteria_stx,bloom,ENV_FACTOR,"Bloom Forming and Toxic Cyanobacteria in New Zealand Species Diversity and Distribution, Cyanotoxin Production and Accumulation of Microcystins in Selected Freshwater Organisms"
cyano_all,STX_DOC_000585,2004.0,cyanobacteria,cyanobacteria_stx,hplc,DETECTION_METHOD,"Bloom Forming and Toxic Cyanobacteria in New Zealand Species Diversity and Distribution, Cyanotoxin Production and Accumulation of Microcystins in Selected Freshwater Organisms"
cyano_all,STX_DOC_000585,2004.0,cyanobacteria,cyanobacteria_stx,elisa,DETECTION_METHOD,"Bloom Forming and Toxic Cyanobacteria in New Zealand Species Diversity and Distribution, Cyanotoxin Production and Accumulation of Microcystins in Selected Freshwater Organisms"
cyano_all,STX_DOC_000586,2004.0,cyanobacteria,cyanobacteria_stx,cyanobacteria,CYANO_TAXON,"Bloom Forming and Toxic Cyanobacteria in New Zealand Species Diversity and Distribution, Cyanotoxin Production and Accumulation of Microcystins in Selected Freshwater Organisms"
cyano_all,STX_DOC_000586,2004.0,cyanobacteria,cyanobacteria_stx,cyanobacterial,CYANO_TAXON,"Bloom Forming and Toxic Cyanobacteria in New Zealand Species Diversity and Distribution, Cyanotoxin Production and Accumulation of Microcystins in Selected Freshwater Organisms"
cyano_all,STX_DOC_000586,2004.0,cyanobacteria,cyanobacteria_stx,anabaena,CYANO_TAXON,"Bloom Forming and Toxic Cyanobacteria in New Zealand Species Diversity and Distribution, Cyanotoxin Production and Accumulation of Microcystins in Selected Freshwater Organisms"
cyano_all,STX_DOC_000586,2004.0,cyanobacteria,cyanobacteria_stx,cylindrospermopsis,CYANO_TAXON,"Bloom Forming and Toxic Cyanobacteria in New Zealand Species Diversity and Distribution, Cyanotoxin Production and Accumulation of Microcystins in Selected Freshwater Organisms"
cyano_all,STX_DOC_000586,2004.0,cyanobacteria,cyanobacteria_stx,planktothrix,CYANO_TAXON,"Bloom Forming and Toxic Cyanobacteria in New Zealand Species Diversity and Distribution, Cyanotoxin Production and Accumulation of Microcystins in Selected Freshwater Organisms"
cyano_all,STX_DOC_000586,2004.0,cyanobacteria,cyanobacteria_stx,bloom,ENV_FACTOR,"Bloom Forming and Toxic Cyanobacteria in New Zealand Species Diversity and Distribution, Cyanotoxin Production and Accumulation of Microcystins in Selected Freshwater Organisms"
cyano_all,STX_DOC_000586,2004.0,cyanobacteria,cyanobacteria_stx,hplc,DETECTION_METHOD,"Bloom Forming and Toxic Cyanobacteria in New Zealand Species Diversity and Distribution, Cyanotoxin Production and Accumulation of Microcystins in Selected Freshwater Organisms"
cyano_all,STX_DOC_000586,2004.0,cyanobacteria,cyanobacteria_stx,elisa,DETECTION_METHOD,"Bloom Forming and Toxic Cyanobacteria in New Zealand Species Diversity and Distribution, Cyanotoxin Production and Accumulation of Microcystins in Selected Freshwater Organisms"
cyano_all,STX_DOC_000587,2004.0,cyanobacteria,cyanobacteria_stx,saxitoxin,TOXIN,Analysis of cyanobacterial toxins by hydrophilic interaction liquid chromatography-mass spectrometry.
cyano_all,STX_DOC_000587,2004.0,cyanobacteria,cyanobacteria_stx,cyanobacteria,CYANO_TAXON,Analysis of cyanobacterial toxins by hydrophilic interaction liquid chromatography-mass spectrometry.
cyano_all,STX_DOC_000587,2004.0,cyanobacteria,cyanobacteria_stx,cyanobacterial,CYANO_TAXON,Analysis of cyanobacterial toxins by hydrophilic interaction liquid chromatography-mass spectrometry.
cyano_all,STX_DOC_000587,2004.0,cyanobacteria,cyanobacteria_stx,anabaena,CYANO_TAXON,Analysis of cyanobacterial toxins by hydrophilic interaction liquid chromatography-mass spectrometry.
cyano_all,STX_DOC_000587,2004.0,cyanobacteria,cyanobacteria_stx,cylindrospermopsis,CYANO_TAXON,Analysis of cyanobacterial toxins by hydrophilic interaction liquid chromatography-mass spectrometry.
cyano_all,STX_DOC_000587,2004.0,cyanobacteria,cyanobacteria_stx,mass spectrometry,DETECTION_METHOD,Analysis of cyanobacterial toxins by hydrophilic interaction liquid chromatography-mass spectrometry.
cyano_all,STX_DOC_000592,2001.0,cyanobacteria,cyanobacteria_stx,saxitoxin,TOXIN,"Radioreceptor Assays for Sensitive Detection and Quantitation of Saxitoxin and Its Analogues from Strains of the Freshwater Cyanobacterium, <i>Anabaena circinalis</i>"
cyano_all,STX_DOC_000592,2001.0,cyanobacteria,cyanobacteria_stx,stx,TOXIN,"Radioreceptor Assays for Sensitive Detection and Quantitation of Saxitoxin and Its Analogues from Strains of the Freshwater Cyanobacterium, <i>Anabaena circinalis</i>"
cyano_all,STX_DOC_000592,2001.0,cyanobacteria,cyanobacteria_stx,cyanobacteria,CYANO_TAXON,"Radioreceptor Assays for Sensitive Detection and Quantitation of Saxitoxin and Its Analogues from Strains of the Freshwater Cyanobacterium, <i>Anabaena circinalis</i>"
cyano_all,STX_DOC_000592,2001.0,cyanobacteria,cyanobacteria_stx,cyanobacterium,CYANO_TAXON,"Radioreceptor Assays for Sensitive Detection and Quantitation of Saxitoxin and Its Analogues from Strains of the Freshwater Cyanobacterium, <i>Anabaena circinalis</i>"
cyano_all,STX_DOC_000592,2001.0,cyanobacteria,cyanobacteria_stx,aphanizomenon,CYANO_TAXON,"Radioreceptor Assays for Sensitive Detection and Quantitation of Saxitoxin and Its Analogues from Strains of the Freshwater Cyanobacterium, <i>Anabaena circinalis</i>"
cyano_all,STX_DOC_000592,2001.0,cyanobacteria,cyanobacteria_stx,anabaena,CYANO_TAXON,"Radioreceptor Assays for Sensitive Detection and Quantitation of Saxitoxin and Its Analogues from Strains of the Freshwater Cyanobacterium, <i>Anabaena circinalis</i>"
cyano_all,STX_DOC_000592,2001.0,cyanobacteria,cyanobacteria_stx,toxicity,BIOLOGICAL_PROCESS,"Radioreceptor Assays for Sensitive Detection and Quantitation of Saxitoxin and Its Analogues from Strains of the Freshwater Cyanobacterium, <i>Anabaena circinalis</i>"
cyano_all,STX_DOC_000592,2001.0,cyanobacteria,cyanobacteria_stx,hplc,DETECTION_METHOD,"Radioreceptor Assays for Sensitive Detection and Quantitation of Saxitoxin and Its Analogues from Strains of the Freshwater Cyanobacterium, <i>Anabaena circinalis</i>"
cyano_all,STX_DOC_000592,2001.0,cyanobacteria,cyanobacteria_stx,chemical analysis,DETECTION_METHOD,"Radioreceptor Assays for Sensitive Detection and Quantitation of Saxitoxin and Its Analogues from Strains of the Freshwater Cyanobacterium, <i>Anabaena circinalis</i>"
cyano_all,STX_DOC_000595,2001.0,cyanobacteria,cyanobacteria_stx,saxitoxin,TOXIN,"Radioreceptor assays for sensitive detection and quantitation of saxitoxin and its analogues from strains of the freshwater cyanobacterium, Anabaena circinalis."
cyano_all,STX_DOC_000595,2001.0,cyanobacteria,cyanobacteria_stx,stx,TOXIN,"Radioreceptor assays for sensitive detection and quantitation of saxitoxin and its analogues from strains of the freshwater cyanobacterium, Anabaena circinalis."
cyano_all,STX_DOC_000595,2001.0,cyanobacteria,cyanobacteria_stx,cyanobacteria,CYANO_TAXON,"Radioreceptor assays for sensitive detection and quantitation of saxitoxin and its analogues from strains of the freshwater cyanobacterium, Anabaena circinalis."
cyano_all,STX_DOC_000595,2001.0,cyanobacteria,cyanobacteria_stx,cyanobacterium,CYANO_TAXON,"Radioreceptor assays for sensitive detection and quantitation of saxitoxin and its analogues from strains of the freshwater cyanobacterium, Anabaena circinalis."
cyano_all,STX_DOC_000595,2001.0,cyanobacteria,cyanobacteria_stx,aphanizomenon,CYANO_TAXON,"Radioreceptor assays for sensitive detection and quantitation of saxitoxin and its analogues from strains of the freshwater cyanobacterium, Anabaena circinalis."
cyano_all,STX_DOC_000595,2001.0,cyanobacteria,cyanobacteria_stx,anabaena,CYANO_TAXON,"Radioreceptor assays for sensitive detection and quantitation of saxitoxin and its analogues from strains of the freshwater cyanobacterium, Anabaena circinalis."
cyano_all,STX_DOC_000595,2001.0,cyanobacteria,cyanobacteria_stx,toxicity,BIOLOGICAL_PROCESS,"Radioreceptor assays for sensitive detection and quantitation of saxitoxin and its analogues from strains of the freshwater cyanobacterium, Anabaena circinalis."
cyano_all,STX_DOC_000595,2001.0,cyanobacteria,cyanobacteria_stx,hplc,DETECTION_METHOD,"Radioreceptor assays for sensitive detection and quantitation of saxitoxin and its analogues from strains of the freshwater cyanobacterium, Anabaena circinalis."
cyano_all,STX_DOC_000595,2001.0,cyanobacteria,cyanobacteria_stx,chemical analysis,DETECTION_METHOD,"Radioreceptor assays for sensitive detection and quantitation of saxitoxin and its analogues from strains of the freshwater cyanobacterium, Anabaena circinalis."
cyano_all,STX_DOC_000598,1995.0,cross_taxa,dinoflagellate_stx,stx,TOXIN,"The impact of harmful algal blooms on finfish. Mortality, pathology and toxicology"
cyano_all,STX_DOC_000598,1995.0,cross_taxa,dinoflagellate_stx,gonyautoxin,TOXIN,"The impact of harmful algal blooms on finfish. Mortality, pathology and toxicology"
cyano_all,STX_DOC_000598,1995.0,cross_taxa,dinoflagellate_stx,dinoflagellates,DINO_TAXON,"The impact of harmful algal blooms on finfish. Mortality, pathology and toxicology"
cyano_all,STX_DOC_000598,1995.0,cross_taxa,dinoflagellate_stx,gymnodinium,DINO_TAXON,"The impact of harmful algal blooms on finfish. Mortality, pathology and toxicology"
cyano_all,STX_DOC_000598,1995.0,cross_taxa,dinoflagellate_stx,pyrodinium,DINO_TAXON,"The impact of harmful algal blooms on finfish. Mortality, pathology and toxicology"
cyano_all,STX_DOC_000598,1995.0,cross_taxa,dinoflagellate_stx,cyanobacteria,CYANO_TAXON,"The impact of harmful algal blooms on finfish. Mortality, pathology and toxicology"
cyano_all,STX_DOC_000598,1995.0,cross_taxa,dinoflagellate_stx,toxicity,BIOLOGICAL_PROCESS,"The impact of harmful algal blooms on finfish. Mortality, pathology and toxicology"
cyano_all,STX_DOC_000599,1994.0,cross_taxa,dinoflagellate_stx,saxitoxin,TOXIN,Isolation and purification procedures for the preparation of paralytic shellfish poisoning toxin standards
cyano_all,STX_DOC_000599,1994.0,cross_taxa,dinoflagellate_stx,paralytic shellfish poisoning,TOXIN,Isolation and purification procedures for the preparation of paralytic shellfish poisoning toxin standards
cyano_all,STX_DOC_000599,1994.0,cross_taxa,dinoflagellate_stx,dinoflagellate,DINO_TAXON,Isolation and purification procedures for the preparation of paralytic shellfish poisoning toxin standards
cyano_all,STX_DOC_000599,1994.0,cross_taxa,dinoflagellate_stx,alexandrium,DINO_TAXON,Isolation and purification procedures for the preparation of paralytic shellfish poisoning toxin standards
cyano_all,STX_DOC_000599,1994.0,cross_taxa,dinoflagellate_stx,cyanobacterium,CYANO_TAXON,Isolation and purification procedures for the preparation of paralytic shellfish poisoning toxin standards
cyano_all,STX_DOC_000599,1994.0,cross_taxa,dinoflagellate_stx,aphanizomenon,CYANO_TAXON,Isolation and purification procedures for the preparation of paralytic shellfish poisoning toxin standards
cyano_all,STX_DOC_000599,1994.0,cross_taxa,dinoflagellate_stx,hplc,DETECTION_METHOD,Isolation and purification procedures for the preparation of paralytic shellfish poisoning toxin standards
cyano_all,STX_DOC_000599,1994.0,cross_taxa,dinoflagellate_stx,mass spectrometry,DETECTION_METHOD,Isolation and purification procedures for the preparation of paralytic shellfish poisoning toxin standards
cyano_all,STX_DOC_000600,1994.0,cross_taxa,dinoflagellate_stx,saxitoxin,TOXIN,Isolation and purification procedures for the preparation of paralytic shellfish poisoning toxin standards.
cyano_all,STX_DOC_000600,1994.0,cross_taxa,dinoflagellate_stx,paralytic shellfish poisoning,TOXIN,Isolation and purification procedures for the preparation of paralytic shellfish poisoning toxin standards.
cyano_all,STX_DOC_000600,1994.0,cross_taxa,dinoflagellate_stx,dinoflagellate,DINO_TAXON,Isolation and purification procedures for the preparation of paralytic shellfish poisoning toxin standards.
cyano_all,STX_DOC_000600,1994.0,cross_taxa,dinoflagellate_stx,alexandrium,DINO_TAXON,Isolation and purification procedures for the preparation of paralytic shellfish poisoning toxin standards.
cyano_all,STX_DOC_000600,1994.0,cross_taxa,dinoflagellate_stx,cyanobacterium,CYANO_TAXON,Isolation and purification procedures for the preparation of paralytic shellfish poisoning toxin standards.
cyano_all,STX_DOC_000600,1994.0,cross_taxa,dinoflagellate_stx,aphanizomenon,CYANO_TAXON,Isolation and purification procedures for the preparation of paralytic shellfish poisoning toxin standards.
cyano_all,STX_DOC_000600,1994.0,cross_taxa,dinoflagellate_stx,hplc,DETECTION_METHOD,Isolation and purification procedures for the preparation of paralytic shellfish poisoning toxin standards.
cyano_all,STX_DOC_000600,1994.0,cross_taxa,dinoflagellate_stx,mass spectrometry,DETECTION_METHOD,Isolation and purification procedures for the preparation of paralytic shellfish poisoning toxin standards.
cyano_all,STX_DOC_000605,2026.0,cyanobacteria,cyanobacteria_stx,cyanobacteria,CYANO_TAXON,"Dominance and toxicity without lethality: Exploring biomass, cyanometabolites, and Daphnia responses across Cyanobacterial strains."
cyano_all,STX_DOC_000605,2026.0,cyanobacteria,cyanobacteria_stx,cyanobacterial,CYANO_TAXON,"Dominance and toxicity without lethality: Exploring biomass, cyanometabolites, and Daphnia responses across Cyanobacterial strains."
cyano_all,STX_DOC_000605,2026.0,cyanobacteria,cyanobacteria_stx,aphanizomenon,CYANO_TAXON,"Dominance and toxicity without lethality: Exploring biomass, cyanometabolites, and Daphnia responses across Cyanobacterial strains."
cyano_all,STX_DOC_000605,2026.0,cyanobacteria,cyanobacteria_stx,dolichospermum,CYANO_TAXON,"Dominance and toxicity without lethality: Exploring biomass, cyanometabolites, and Daphnia responses across Cyanobacterial strains."
cyano_all,STX_DOC_000605,2026.0,cyanobacteria,cyanobacteria_stx,planktothrix,CYANO_TAXON,"Dominance and toxicity without lethality: Exploring biomass, cyanometabolites, and Daphnia responses across Cyanobacterial strains."
cyano_all,STX_DOC_000605,2026.0,cyanobacteria,cyanobacteria_stx,toxicity,BIOLOGICAL_PROCESS,"Dominance and toxicity without lethality: Exploring biomass, cyanometabolites, and Daphnia responses across Cyanobacterial strains."
cyano_all,STX_DOC_000609,2024.0,cross_taxa,dinoflagellate_stx,saxitoxin,TOXIN,Developmental exposure of zebrafish to saxitoxin causes altered expression of genes associated with axonal growth.
cyano_all,STX_DOC_000609,2024.0,cross_taxa,dinoflagellate_stx,stx,TOXIN,Developmental exposure of zebrafish to saxitoxin causes altered expression of genes associated with axonal growth.
cyano_all,STX_DOC_000609,2024.0,cross_taxa,dinoflagellate_stx,paralytic shellfish poisoning,TOXIN,Developmental exposure of zebrafish to saxitoxin causes altered expression of genes associated with axonal growth.
cyano_all,STX_DOC_000609,2024.0,cross_taxa,dinoflagellate_stx,dinoflagellates,DINO_TAXON,Developmental exposure of zebrafish to saxitoxin causes altered expression of genes associated with axonal growth.
cyano_all,STX_DOC_000609,2024.0,cross_taxa,dinoflagellate_stx,cyanobacteria,CYANO_TAXON,Developmental exposure of zebrafish to saxitoxin causes altered expression of genes associated with axonal growth.
cyano_all,STX_DOC_000609,2024.0,cross_taxa,dinoflagellate_stx,regulation,BIOLOGICAL_PROCESS,Developmental exposure of zebrafish to saxitoxin causes altered expression of genes associated with axonal growth.
cyano_all,STX_DOC_000609,2024.0,cross_taxa,dinoflagellate_stx,expression,BIOLOGICAL_PROCESS,Developmental exposure of zebrafish to saxitoxin causes altered expression of genes associated with axonal growth.
cyano_all,STX_DOC_000609,2024.0,cross_taxa,dinoflagellate_stx,gene expression,BIOLOGICAL_PROCESS,Developmental exposure of zebrafish to saxitoxin causes altered expression of genes associated with axonal growth.
cyano_all,STX_DOC_000609,2024.0,cross_taxa,dinoflagellate_stx,toxicity,BIOLOGICAL_PROCESS,Developmental exposure of zebrafish to saxitoxin causes altered expression of genes associated with axonal growth.
cyano_all,STX_DOC_000610,2024.0,cyanobacteria,cyanobacteria_stx,saxitoxin,TOXIN,A short-term exposure to saxitoxin triggers a multitude of deleterious effects in Daphnia magna at levels deemed safe for human health.
cyano_all,STX_DOC_000610,2024.0,cyanobacteria,cyanobacteria_stx,stx,TOXIN,A short-term exposure to saxitoxin triggers a multitude of deleterious effects in Daphnia magna at levels deemed safe for human health.
cyano_all,STX_DOC_000610,2024.0,cyanobacteria,cyanobacteria_stx,cyanobacteria,CYANO_TAXON,A short-term exposure to saxitoxin triggers a multitude of deleterious effects in Daphnia magna at levels deemed safe for human health.
cyano_all,STX_DOC_000610,2024.0,cyanobacteria,cyanobacteria_stx,bloom,ENV_FACTOR,A short-term exposure to saxitoxin triggers a multitude of deleterious effects in Daphnia magna at levels deemed safe for human health.
cyano_all,STX_DOC_000611,2024.0,cross_taxa,dinoflagellate_stx,saxitoxin,TOXIN,A fast and reliable LC-MS-MS method for the quantification of saxitoxin in blood plasma samples.
cyano_all,STX_DOC_000611,2024.0,cross_taxa,dinoflagellate_stx,stx,TOXIN,A fast and reliable LC-MS-MS method for the quantification of saxitoxin in blood plasma samples.
cyano_all,STX_DOC_000611,2024.0,cross_taxa,dinoflagellate_stx,dinoflagellates,DINO_TAXON,A fast and reliable LC-MS-MS method for the quantification of saxitoxin in blood plasma samples.
cyano_all,STX_DOC_000611,2024.0,cross_taxa,dinoflagellate_stx,cyanobacteria,CYANO_TAXON,A fast and reliable LC-MS-MS method for the quantification of saxitoxin in blood plasma samples.
cyano_all,STX_DOC_000611,2024.0,cross_taxa,dinoflagellate_stx,lc-ms,DETECTION_METHOD,A fast and reliable LC-MS-MS method for the quantification of saxitoxin in blood plasma samples.
cyano_all,STX_DOC_000611,2024.0,cross_taxa,dinoflagellate_stx,mass spectrometry,DETECTION_METHOD,A fast and reliable LC-MS-MS method for the quantification of saxitoxin in blood plasma samples.
cyano_all,STX_DOC_000614,2023.0,cyanobacteria,cyanobacteria_stx,saxitoxin,TOXIN,"Nitrogen dynamics and fixation control cyanobacterial abundance, diversity, and toxicity in Lake of the Woods (USA, Canada)"
cyano_all,STX_DOC_000614,2023.0,cyanobacteria,cyanobacteria_stx,cyanobacteria,CYANO_TAXON,"Nitrogen dynamics and fixation control cyanobacterial abundance, diversity, and toxicity in Lake of the Woods (USA, Canada)"
cyano_all,STX_DOC_000614,2023.0,cyanobacteria,cyanobacteria_stx,cyanobacterial,CYANO_TAXON,"Nitrogen dynamics and fixation control cyanobacterial abundance, diversity, and toxicity in Lake of the Woods (USA, Canada)"
cyano_all,STX_DOC_000614,2023.0,cyanobacteria,cyanobacteria_stx,aphanizomenon,CYANO_TAXON,"Nitrogen dynamics and fixation control cyanobacterial abundance, diversity, and toxicity in Lake of the Woods (USA, Canada)"
cyano_all,STX_DOC_000614,2023.0,cyanobacteria,cyanobacteria_stx,nitrogen,ENV_FACTOR,"Nitrogen dynamics and fixation control cyanobacterial abundance, diversity, and toxicity in Lake of the Woods (USA, Canada)"
cyano_all,STX_DOC_000614,2023.0,cyanobacteria,cyanobacteria_stx,phosphorus,ENV_FACTOR,"Nitrogen dynamics and fixation control cyanobacterial abundance, diversity, and toxicity in Lake of the Woods (USA, Canada)"
cyano_all,STX_DOC_000614,2023.0,cyanobacteria,cyanobacteria_stx,nutrients,ENV_FACTOR,"Nitrogen dynamics and fixation control cyanobacterial abundance, diversity, and toxicity in Lake of the Woods (USA, Canada)"
cyano_all,STX_DOC_000614,2023.0,cyanobacteria,cyanobacteria_stx,bloom,ENV_FACTOR,"Nitrogen dynamics and fixation control cyanobacterial abundance, diversity, and toxicity in Lake of the Woods (USA, Canada)"
cyano_all,STX_DOC_000614,2023.0,cyanobacteria,cyanobacteria_stx,harmful algal bloom,ENV_FACTOR,"Nitrogen dynamics and fixation control cyanobacterial abundance, diversity, and toxicity in Lake of the Woods (USA, Canada)"
cyano_all,STX_DOC_000614,2023.0,cyanobacteria,cyanobacteria_stx,toxicity,BIOLOGICAL_PROCESS,"Nitrogen dynamics and fixation control cyanobacterial abundance, diversity, and toxicity in Lake of the Woods (USA, Canada)"
cyano_all,STX_DOC_000615,2023.0,cyanobacteria,cyanobacteria_stx,cyanobacteria,CYANO_TAXON,"Limnological Characterization and First Data on the Occurrence of Toxigenic Cyanobacteria and Cyanotoxins in the Plankton of Some Lakes in the Permafrost Zone (Yakutia, Russia)"
cyano_all,STX_DOC_000615,2023.0,cyanobacteria,cyanobacteria_stx,cyanobacterial,CYANO_TAXON,"Limnological Characterization and First Data on the Occurrence of Toxigenic Cyanobacteria and Cyanotoxins in the Plankton of Some Lakes in the Permafrost Zone (Yakutia, Russia)"
cyano_all,STX_DOC_000615,2023.0,cyanobacteria,cyanobacteria_stx,dolichospermum,CYANO_TAXON,"Limnological Characterization and First Data on the Occurrence of Toxigenic Cyanobacteria and Cyanotoxins in the Plankton of Some Lakes in the Permafrost Zone (Yakutia, Russia)"
cyano_all,STX_DOC_000615,2023.0,cyanobacteria,cyanobacteria_stx,nitrogen,ENV_FACTOR,"Limnological Characterization and First Data on the Occurrence of Toxigenic Cyanobacteria and Cyanotoxins in the Plankton of Some Lakes in the Permafrost Zone (Yakutia, Russia)"
cyano_all,STX_DOC_000615,2023.0,cyanobacteria,cyanobacteria_stx,phosphorus,ENV_FACTOR,"Limnological Characterization and First Data on the Occurrence of Toxigenic Cyanobacteria and Cyanotoxins in the Plankton of Some Lakes in the Permafrost Zone (Yakutia, Russia)"
cyano_all,STX_DOC_000615,2023.0,cyanobacteria,cyanobacteria_stx,light,ENV_FACTOR,"Limnological Characterization and First Data on the Occurrence of Toxigenic Cyanobacteria and Cyanotoxins in the Plankton of Some Lakes in the Permafrost Zone (Yakutia, Russia)"
cyano_all,STX_DOC_000615,2023.0,cyanobacteria,cyanobacteria_stx,biosynthesis,BIOLOGICAL_PROCESS,"Limnological Characterization and First Data on the Occurrence of Toxigenic Cyanobacteria and Cyanotoxins in the Plankton of Some Lakes in the Permafrost Zone (Yakutia, Russia)"
cyano_all,STX_DOC_000615,2023.0,cyanobacteria,cyanobacteria_stx,mass spectrometry,DETECTION_METHOD,"Limnological Characterization and First Data on the Occurrence of Toxigenic Cyanobacteria and Cyanotoxins in the Plankton of Some Lakes in the Permafrost Zone (Yakutia, Russia)"
cyano_all,STX_DOC_000620,2022.0,cyanobacteria,cyanobacteria_stx,saxitoxin,TOXIN,Cyanobacteria and Their Metabolites in Mono- and Polidominant Shallow Eutrophic Temperate Lakes.
cyano_all,STX_DOC_000620,2022.0,cyanobacteria,cyanobacteria_stx,cyanobacteria,CYANO_TAXON,Cyanobacteria and Their Metabolites in Mono- and Polidominant Shallow Eutrophic Temperate Lakes.
cyano_all,STX_DOC_000620,2022.0,cyanobacteria,cyanobacteria_stx,cyanobacterial,CYANO_TAXON,Cyanobacteria and Their Metabolites in Mono- and Polidominant Shallow Eutrophic Temperate Lakes.
cyano_all,STX_DOC_000620,2022.0,cyanobacteria,cyanobacteria_stx,aphanizomenon,CYANO_TAXON,Cyanobacteria and Their Metabolites in Mono- and Polidominant Shallow Eutrophic Temperate Lakes.
cyano_all,STX_DOC_000620,2022.0,cyanobacteria,cyanobacteria_stx,planktothrix,CYANO_TAXON,Cyanobacteria and Their Metabolites in Mono- and Polidominant Shallow Eutrophic Temperate Lakes.
cyano_all,STX_DOC_000620,2022.0,cyanobacteria,cyanobacteria_stx,bloom,ENV_FACTOR,Cyanobacteria and Their Metabolites in Mono- and Polidominant Shallow Eutrophic Temperate Lakes.
cyano_all,STX_DOC_000622,2021.0,cross_taxa,dinoflagellate_stx,paralytic shellfish toxins,TOXIN,Quick detection method for paralytic shellfish toxins (PSTs) monitoring in freshwater - A review.
cyano_all,STX_DOC_000622,2021.0,cross_taxa,dinoflagellate_stx,psts,TOXIN,Quick detection method for paralytic shellfish toxins (PSTs) monitoring in freshwater - A review.
cyano_all,STX_DOC_000622,2021.0,cross_taxa,dinoflagellate_stx,dinoflagellates,DINO_TAXON,Quick detection method for paralytic shellfish toxins (PSTs) monitoring in freshwater - A review.
cyano_all,STX_DOC_000622,2021.0,cross_taxa,dinoflagellate_stx,cyanobacteria,CYANO_TAXON,Quick detection method for paralytic shellfish toxins (PSTs) monitoring in freshwater - A review.
cyano_all,STX_DOC_000622,2021.0,cross_taxa,dinoflagellate_stx,lc-ms,DETECTION_METHOD,Quick detection method for paralytic shellfish toxins (PSTs) monitoring in freshwater - A review.
cyano_all,STX_DOC_000622,2021.0,cross_taxa,dinoflagellate_stx,mass spectrometry,DETECTION_METHOD,Quick detection method for paralytic shellfish toxins (PSTs) monitoring in freshwater - A review.
cyano_all,STX_DOC_000623,2021.0,cyanobacteria,cyanobacteria_stx,saxitoxin,TOXIN,Floraciones tóxicas de cianobacterias en una laguna pampeana: Una aproximación a su ecología desde los rasgos morfofisiológicos
cyano_all,STX_DOC_000623,2021.0,cyanobacteria,cyanobacteria_stx,cyanobacteria,CYANO_TAXON,Floraciones tóxicas de cianobacterias en una laguna pampeana: Una aproximación a su ecología desde los rasgos morfofisiológicos
cyano_all,STX_DOC_000623,2021.0,cyanobacteria,cyanobacteria_stx,cyanobacterial,CYANO_TAXON,Floraciones tóxicas de cianobacterias en una laguna pampeana: Una aproximación a su ecología desde los rasgos morfofisiológicos
cyano_all,STX_DOC_000623,2021.0,cyanobacteria,cyanobacteria_stx,planktothrix,CYANO_TAXON,Floraciones tóxicas de cianobacterias en una laguna pampeana: Una aproximación a su ecología desde los rasgos morfofisiológicos
cyano_all,STX_DOC_000623,2021.0,cyanobacteria,cyanobacteria_stx,nitrogen,ENV_FACTOR,Floraciones tóxicas de cianobacterias en una laguna pampeana: Una aproximación a su ecología desde los rasgos morfofisiológicos
cyano_all,STX_DOC_000623,2021.0,cyanobacteria,cyanobacteria_stx,light,ENV_FACTOR,Floraciones tóxicas de cianobacterias en una laguna pampeana: Una aproximación a su ecología desde los rasgos morfofisiológicos
cyano_all,STX_DOC_000623,2021.0,cyanobacteria,cyanobacteria_stx,bloom,ENV_FACTOR,Floraciones tóxicas de cianobacterias en una laguna pampeana: Una aproximación a su ecología desde los rasgos morfofisiológicos
cyano_all,STX_DOC_000626,2020.0,cyanobacteria,high_confidence_stx_biosynthesis,sxta,SXT_GENE,Cyanotoxin occurrence in large rivers of the United States
cyano_all,STX_DOC_000626,2020.0,cyanobacteria,high_confidence_stx_biosynthesis,cyanobacteria,CYANO_TAXON,Cyanotoxin occurrence in large rivers of the United States
cyano_all,STX_DOC_000626,2020.0,cyanobacteria,high_confidence_stx_biosynthesis,cyanobacterial,CYANO_TAXON,Cyanotoxin occurrence in large rivers of the United States
cyano_all,STX_DOC_000626,2020.0,cyanobacteria,high_confidence_stx_biosynthesis,planktothrix,CYANO_TAXON,Cyanotoxin occurrence in large rivers of the United States
cyano_all,STX_DOC_000627,2020.0,cyanobacteria,cyanobacteria_stx,saxitoxin,TOXIN,"Phylogenomic Analysis of Secondary Metabolism in the Toxic Cyanobacterial Genera <i>Anabaena</i>, <i>Dolichospermum</i> and <i>Aphanizomenon</i>."
cyano_all,STX_DOC_000627,2020.0,cyanobacteria,cyanobacteria_stx,cyanobacteria,CYANO_TAXON,"Phylogenomic Analysis of Secondary Metabolism in the Toxic Cyanobacterial Genera <i>Anabaena</i>, <i>Dolichospermum</i> and <i>Aphanizomenon</i>."
cyano_all,STX_DOC_000627,2020.0,cyanobacteria,cyanobacteria_stx,cyanobacterial,CYANO_TAXON,"Phylogenomic Analysis of Secondary Metabolism in the Toxic Cyanobacterial Genera <i>Anabaena</i>, <i>Dolichospermum</i> and <i>Aphanizomenon</i>."
cyano_all,STX_DOC_000627,2020.0,cyanobacteria,cyanobacteria_stx,aphanizomenon,CYANO_TAXON,"Phylogenomic Analysis of Secondary Metabolism in the Toxic Cyanobacterial Genera <i>Anabaena</i>, <i>Dolichospermum</i> and <i>Aphanizomenon</i>."
cyano_all,STX_DOC_000627,2020.0,cyanobacteria,cyanobacteria_stx,dolichospermum,CYANO_TAXON,"Phylogenomic Analysis of Secondary Metabolism in the Toxic Cyanobacterial Genera <i>Anabaena</i>, <i>Dolichospermum</i> and <i>Aphanizomenon</i>."
cyano_all,STX_DOC_000627,2020.0,cyanobacteria,cyanobacteria_stx,anabaena,CYANO_TAXON,"Phylogenomic Analysis of Secondary Metabolism in the Toxic Cyanobacterial Genera <i>Anabaena</i>, <i>Dolichospermum</i> and <i>Aphanizomenon</i>."
cyano_all,STX_DOC_000627,2020.0,cyanobacteria,cyanobacteria_stx,phylogenetic,BIOLOGICAL_PROCESS,"Phylogenomic Analysis of Secondary Metabolism in the Toxic Cyanobacterial Genera <i>Anabaena</i>, <i>Dolichospermum</i> and <i>Aphanizomenon</i>."
cyano_all,STX_DOC_000627,2020.0,cyanobacteria,cyanobacteria_stx,toxin production,BIOLOGICAL_PROCESS,"Phylogenomic Analysis of Secondary Metabolism in the Toxic Cyanobacterial Genera <i>Anabaena</i>, <i>Dolichospermum</i> and <i>Aphanizomenon</i>."
cyano_all,STX_DOC_000628,2020.0,cyanobacteria,cyanobacteria_stx,saxitoxin,TOXIN,Copepod Prey Selection and Grazing Efficiency Mediated by Chemical and Morphological Defensive Traits of Cyanobacteria.
cyano_all,STX_DOC_000628,2020.0,cyanobacteria,cyanobacteria_stx,stx,TOXIN,Copepod Prey Selection and Grazing Efficiency Mediated by Chemical and Morphological Defensive Traits of Cyanobacteria.
cyano_all,STX_DOC_000628,2020.0,cyanobacteria,cyanobacteria_stx,cyanobacteria,CYANO_TAXON,Copepod Prey Selection and Grazing Efficiency Mediated by Chemical and Morphological Defensive Traits of Cyanobacteria.
cyano_all,STX_DOC_000628,2020.0,cyanobacteria,cyanobacteria_stx,cyanobacterium,CYANO_TAXON,Copepod Prey Selection and Grazing Efficiency Mediated by Chemical and Morphological Defensive Traits of Cyanobacteria.
cyano_all,STX_DOC_000628,2020.0,cyanobacteria,cyanobacteria_stx,cyanobacterial,CYANO_TAXON,Copepod Prey Selection and Grazing Efficiency Mediated by Chemical and Morphological Defensive Traits of Cyanobacteria.
cyano_all,STX_DOC_000628,2020.0,cyanobacteria,cyanobacteria_stx,bloom,ENV_FACTOR,Copepod Prey Selection and Grazing Efficiency Mediated by Chemical and Morphological Defensive Traits of Cyanobacteria.
cyano_all,STX_DOC_000628,2020.0,cyanobacteria,cyanobacteria_stx,toxin production,BIOLOGICAL_PROCESS,Copepod Prey Selection and Grazing Efficiency Mediated by Chemical and Morphological Defensive Traits of Cyanobacteria.
cyano_all,STX_DOC_000629,2019.0,cyanobacteria,cyanobacteria_stx,cyanobacteria,CYANO_TAXON,Global geographical and historical overview of cyanotoxin distribution and cyanobacterial poisonings.
cyano_all,STX_DOC_000629,2019.0,cyanobacteria,cyanobacteria_stx,cyanobacterial,CYANO_TAXON,Global geographical and historical overview of cyanotoxin distribution and cyanobacterial poisonings.
cyano_all,STX_DOC_000629,2019.0,cyanobacteria,cyanobacteria_stx,aphanizomenon,CYANO_TAXON,Global geographical and historical overview of cyanotoxin distribution and cyanobacterial poisonings.
cyano_all,STX_DOC_000629,2019.0,cyanobacteria,cyanobacteria_stx,anabaena,CYANO_TAXON,Global geographical and historical overview of cyanotoxin distribution and cyanobacterial poisonings.
cyano_all,STX_DOC_000629,2019.0,cyanobacteria,cyanobacteria_stx,planktothrix,CYANO_TAXON,Global geographical and historical overview of cyanotoxin distribution and cyanobacterial poisonings.
cyano_all,STX_DOC_000630,2019.0,cyanobacteria,cyanobacteria_stx,paralytic shellfish toxins,TOXIN,"The accumulation dynamics, elimination and risk assessment of paralytic shellfish toxins in fish from a water supply reservoir."
cyano_all,STX_DOC_000630,2019.0,cyanobacteria,cyanobacteria_stx,psts,TOXIN,"The accumulation dynamics, elimination and risk assessment of paralytic shellfish toxins in fish from a water supply reservoir."
cyano_all,STX_DOC_000630,2019.0,cyanobacteria,cyanobacteria_stx,cyanobacteria,CYANO_TAXON,"The accumulation dynamics, elimination and risk assessment of paralytic shellfish toxins in fish from a water supply reservoir."
cyano_all,STX_DOC_000630,2019.0,cyanobacteria,cyanobacteria_stx,cyanobacterial,CYANO_TAXON,"The accumulation dynamics, elimination and risk assessment of paralytic shellfish toxins in fish from a water supply reservoir."
cyano_all,STX_DOC_000630,2019.0,cyanobacteria,cyanobacteria_stx,toxicity,BIOLOGICAL_PROCESS,"The accumulation dynamics, elimination and risk assessment of paralytic shellfish toxins in fish from a water supply reservoir."
cyano_all,STX_DOC_000630,2019.0,cyanobacteria,cyanobacteria_stx,chemical analysis,DETECTION_METHOD,"The accumulation dynamics, elimination and risk assessment of paralytic shellfish toxins in fish from a water supply reservoir."
cyano_all,STX_DOC_000634,2017.0,cyanobacteria,cyanobacteria_stx,saxitoxin,TOXIN,Dolichospermum and Aphanizomenon as neurotoxins producers in some Russian freshwaters.
cyano_all,STX_DOC_000634,2017.0,cyanobacteria,cyanobacteria_stx,cyanobacterial,CYANO_TAXON,Dolichospermum and Aphanizomenon as neurotoxins producers in some Russian freshwaters.
cyano_all,STX_DOC_000634,2017.0,cyanobacteria,cyanobacteria_stx,aphanizomenon,CYANO_TAXON,Dolichospermum and Aphanizomenon as neurotoxins producers in some Russian freshwaters.
cyano_all,STX_DOC_000634,2017.0,cyanobacteria,cyanobacteria_stx,dolichospermum,CYANO_TAXON,Dolichospermum and Aphanizomenon as neurotoxins producers in some Russian freshwaters.
cyano_all,STX_DOC_000634,2017.0,cyanobacteria,cyanobacteria_stx,light,ENV_FACTOR,Dolichospermum and Aphanizomenon as neurotoxins producers in some Russian freshwaters.
cyano_all,STX_DOC_000634,2017.0,cyanobacteria,cyanobacteria_stx,lc-ms,DETECTION_METHOD,Dolichospermum and Aphanizomenon as neurotoxins producers in some Russian freshwaters.
cyano_all,STX_DOC_000634,2017.0,cyanobacteria,cyanobacteria_stx,lc-ms/ms,DETECTION_METHOD,Dolichospermum and Aphanizomenon as neurotoxins producers in some Russian freshwaters.
cyano_all,STX_DOC_000636,2017.0,cyanobacteria,cyanobacteria_stx,paralytic shellfish toxins,TOXIN,A comparative study of the metabolic profiles of common nuisance cyanobacteria in southern perialpine lakes
cyano_all,STX_DOC_000636,2017.0,cyanobacteria,cyanobacteria_stx,cyanobacteria,CYANO_TAXON,A comparative study of the metabolic profiles of common nuisance cyanobacteria in southern perialpine lakes
cyano_all,STX_DOC_000636,2017.0,cyanobacteria,cyanobacteria_stx,cyanobacterial,CYANO_TAXON,A comparative study of the metabolic profiles of common nuisance cyanobacteria in southern perialpine lakes
cyano_all,STX_DOC_000636,2017.0,cyanobacteria,cyanobacteria_stx,aphanizomenon,CYANO_TAXON,A comparative study of the metabolic profiles of common nuisance cyanobacteria in southern perialpine lakes
cyano_all,STX_DOC_000636,2017.0,cyanobacteria,cyanobacteria_stx,dolichospermum,CYANO_TAXON,A comparative study of the metabolic profiles of common nuisance cyanobacteria in southern perialpine lakes
cyano_all,STX_DOC_000636,2017.0,cyanobacteria,cyanobacteria_stx,planktothrix,CYANO_TAXON,A comparative study of the metabolic profiles of common nuisance cyanobacteria in southern perialpine lakes
cyano_all,STX_DOC_000636,2017.0,cyanobacteria,cyanobacteria_stx,lc-ms,DETECTION_METHOD,A comparative study of the metabolic profiles of common nuisance cyanobacteria in southern perialpine lakes
cyano_all,STX_DOC_000636,2017.0,cyanobacteria,cyanobacteria_stx,lc-ms/ms,DETECTION_METHOD,A comparative study of the metabolic profiles of common nuisance cyanobacteria in southern perialpine lakes
cyano_all,STX_DOC_000637,2016.0,cyanobacteria,cyanobacteria_stx,saxitoxin,TOXIN,Abiotic variables affect STX concentration in a meso-oligotrophic subtropical coastal lake dominated by Cylindrospermopsis raciborskii (Cyanophyceae).
cyano_all,STX_DOC_000637,2016.0,cyanobacteria,cyanobacteria_stx,stx,TOXIN,Abiotic variables affect STX concentration in a meso-oligotrophic subtropical coastal lake dominated by Cylindrospermopsis raciborskii (Cyanophyceae).
cyano_all,STX_DOC_000637,2016.0,cyanobacteria,cyanobacteria_stx,cyanobacterium,CYANO_TAXON,Abiotic variables affect STX concentration in a meso-oligotrophic subtropical coastal lake dominated by Cylindrospermopsis raciborskii (Cyanophyceae).
cyano_all,STX_DOC_000637,2016.0,cyanobacteria,cyanobacteria_stx,cylindrospermopsis,CYANO_TAXON,Abiotic variables affect STX concentration in a meso-oligotrophic subtropical coastal lake dominated by Cylindrospermopsis raciborskii (Cyanophyceae).
cyano_all,STX_DOC_000637,2016.0,cyanobacteria,cyanobacteria_stx,nitrogen,ENV_FACTOR,Abiotic variables affect STX concentration in a meso-oligotrophic subtropical coastal lake dominated by Cylindrospermopsis raciborskii (Cyanophyceae).
cyano_all,STX_DOC_000637,2016.0,cyanobacteria,cyanobacteria_stx,nutrients,ENV_FACTOR,Abiotic variables affect STX concentration in a meso-oligotrophic subtropical coastal lake dominated by Cylindrospermopsis raciborskii (Cyanophyceae).
cyano_all,STX_DOC_000637,2016.0,cyanobacteria,cyanobacteria_stx,biosynthesis,BIOLOGICAL_PROCESS,Abiotic variables affect STX concentration in a meso-oligotrophic subtropical coastal lake dominated by Cylindrospermopsis raciborskii (Cyanophyceae).
cyano_all,STX_DOC_000638,2016.0,cyanobacteria,cyanobacteria_stx,saxitoxin,TOXIN,"First report of Aphanizomenon favaloroi occurrence in Europe associated with saxitoxins and a massive fish kill in Lake Vistonis, Greece"
cyano_all,STX_DOC_000638,2016.0,cyanobacteria,cyanobacteria_stx,cyanobacteria,CYANO_TAXON,"First report of Aphanizomenon favaloroi occurrence in Europe associated with saxitoxins and a massive fish kill in Lake Vistonis, Greece"
cyano_all,STX_DOC_000638,2016.0,cyanobacteria,cyanobacteria_stx,cyanobacterium,CYANO_TAXON,"First report of Aphanizomenon favaloroi occurrence in Europe associated with saxitoxins and a massive fish kill in Lake Vistonis, Greece"
cyano_all,STX_DOC_000638,2016.0,cyanobacteria,cyanobacteria_stx,aphanizomenon,CYANO_TAXON,"First report of Aphanizomenon favaloroi occurrence in Europe associated with saxitoxins and a massive fish kill in Lake Vistonis, Greece"
cyano_all,STX_DOC_000638,2016.0,cyanobacteria,cyanobacteria_stx,bloom,ENV_FACTOR,"First report of Aphanizomenon favaloroi occurrence in Europe associated with saxitoxins and a massive fish kill in Lake Vistonis, Greece"
cyano_all,STX_DOC_000641,2015.0,cyanobacteria,cyanobacteria_stx,paralytic shellfish toxins,TOXIN,Marine toxins and climate change: the case of PSP from cyanobacteria in coastal lagoons
cyano_all,STX_DOC_000641,2015.0,cyanobacteria,cyanobacteria_stx,psts,TOXIN,Marine toxins and climate change: the case of PSP from cyanobacteria in coastal lagoons
cyano_all,STX_DOC_000641,2015.0,cyanobacteria,cyanobacteria_stx,cyanobacteria,CYANO_TAXON,Marine toxins and climate change: the case of PSP from cyanobacteria in coastal lagoons
cyano_all,STX_DOC_000641,2015.0,cyanobacteria,cyanobacteria_stx,cyanobacterial,CYANO_TAXON,Marine toxins and climate change: the case of PSP from cyanobacteria in coastal lagoons
cyano_all,STX_DOC_000641,2015.0,cyanobacteria,cyanobacteria_stx,climate,ENV_FACTOR,Marine toxins and climate change: the case of PSP from cyanobacteria in coastal lagoons
cyano_all,STX_DOC_000641,2015.0,cyanobacteria,cyanobacteria_stx,bloom,ENV_FACTOR,Marine toxins and climate change: the case of PSP from cyanobacteria in coastal lagoons
cyano_all,STX_DOC_000644,2014.0,cyanobacteria,cyanobacteria_stx,stx,TOXIN,Cyanotoxin occurrence and potentially toxin producing cyanobacteria in freshwaters of Greece: a multi-disciplinary approach.
cyano_all,STX_DOC_000644,2014.0,cyanobacteria,cyanobacteria_stx,cyanobacteria,CYANO_TAXON,Cyanotoxin occurrence and potentially toxin producing cyanobacteria in freshwaters of Greece: a multi-disciplinary approach.
cyano_all,STX_DOC_000644,2014.0,cyanobacteria,cyanobacteria_stx,aphanizomenon,CYANO_TAXON,Cyanotoxin occurrence and potentially toxin producing cyanobacteria in freshwaters of Greece: a multi-disciplinary approach.
cyano_all,STX_DOC_000644,2014.0,cyanobacteria,cyanobacteria_stx,cylindrospermopsis,CYANO_TAXON,Cyanotoxin occurrence and potentially toxin producing cyanobacteria in freshwaters of Greece: a multi-disciplinary approach.
cyano_all,STX_DOC_000644,2014.0,cyanobacteria,cyanobacteria_stx,bloom,ENV_FACTOR,Cyanotoxin occurrence and potentially toxin producing cyanobacteria in freshwaters of Greece: a multi-disciplinary approach.
cyano_all,STX_DOC_000644,2014.0,cyanobacteria,cyanobacteria_stx,toxicity,BIOLOGICAL_PROCESS,Cyanotoxin occurrence and potentially toxin producing cyanobacteria in freshwaters of Greece: a multi-disciplinary approach.
cyano_all,STX_DOC_000644,2014.0,cyanobacteria,cyanobacteria_stx,elisa,DETECTION_METHOD,Cyanotoxin occurrence and potentially toxin producing cyanobacteria in freshwaters of Greece: a multi-disciplinary approach.
cyano_all,STX_DOC_000646,2014.0,cyanobacteria,high_confidence_stx_biosynthesis,saxitoxin,TOXIN,Comparative proteomics reveals that a saxitoxin-producing and a nontoxic strain of Anabaena circinalis are two different ecotypes.
cyano_all,STX_DOC_000646,2014.0,cyanobacteria,high_confidence_stx_biosynthesis,cyanobacterial,CYANO_TAXON,Comparative proteomics reveals that a saxitoxin-producing and a nontoxic strain of Anabaena circinalis are two different ecotypes.
cyano_all,STX_DOC_000646,2014.0,cyanobacteria,high_confidence_stx_biosynthesis,anabaena,CYANO_TAXON,Comparative proteomics reveals that a saxitoxin-producing and a nontoxic strain of Anabaena circinalis are two different ecotypes.
cyano_all,STX_DOC_000646,2014.0,cyanobacteria,high_confidence_stx_biosynthesis,nitrogen,ENV_FACTOR,Comparative proteomics reveals that a saxitoxin-producing and a nontoxic strain of Anabaena circinalis are two different ecotypes.
cyano_all,STX_DOC_000646,2014.0,cyanobacteria,high_confidence_stx_biosynthesis,biosynthesis,BIOLOGICAL_PROCESS,Comparative proteomics reveals that a saxitoxin-producing and a nontoxic strain of Anabaena circinalis are two different ecotypes.
cyano_all,STX_DOC_000646,2014.0,cyanobacteria,high_confidence_stx_biosynthesis,saxitoxin biosynthesis,BIOLOGICAL_PROCESS,Comparative proteomics reveals that a saxitoxin-producing and a nontoxic strain of Anabaena circinalis are two different ecotypes.
cyano_all,STX_DOC_000646,2014.0,cyanobacteria,high_confidence_stx_biosynthesis,regulation,BIOLOGICAL_PROCESS,Comparative proteomics reveals that a saxitoxin-producing and a nontoxic strain of Anabaena circinalis are two different ecotypes.
cyano_all,STX_DOC_000647,2014.0,cyanobacteria,cyanobacteria_stx,stx,TOXIN,Isolation and preliminary characterization ofcyanobacteria strains from freshwaters of Greece
cyano_all,STX_DOC_000647,2014.0,cyanobacteria,cyanobacteria_stx,cyanobacteria,CYANO_TAXON,Isolation and preliminary characterization ofcyanobacteria strains from freshwaters of Greece
cyano_all,STX_DOC_000647,2014.0,cyanobacteria,cyanobacteria_stx,cyanobacterial,CYANO_TAXON,Isolation and preliminary characterization ofcyanobacteria strains from freshwaters of Greece
cyano_all,STX_DOC_000647,2014.0,cyanobacteria,cyanobacteria_stx,anabaena,CYANO_TAXON,Isolation and preliminary characterization ofcyanobacteria strains from freshwaters of Greece
cyano_all,STX_DOC_000647,2014.0,cyanobacteria,cyanobacteria_stx,bloom,ENV_FACTOR,Isolation and preliminary characterization ofcyanobacteria strains from freshwaters of Greece
cyano_all,STX_DOC_000647,2014.0,cyanobacteria,cyanobacteria_stx,biosynthesis,BIOLOGICAL_PROCESS,Isolation and preliminary characterization ofcyanobacteria strains from freshwaters of Greece
cyano_all,STX_DOC_000647,2014.0,cyanobacteria,cyanobacteria_stx,elisa,DETECTION_METHOD,Isolation and preliminary characterization ofcyanobacteria strains from freshwaters of Greece
cyano_all,STX_DOC_000648,2014.0,cyanobacteria,cyanobacteria_stx,saxitoxin,TOXIN,"Effects of Cylindrospermopsis raciborskii strains (Woloszynska, 1912) Senayya &amp; Subba Raju on the mobility of Daphnia laevis (Cladocera, Daphniidae)"
cyano_all,STX_DOC_000648,2014.0,cyanobacteria,cyanobacteria_stx,stx,TOXIN,"Effects of Cylindrospermopsis raciborskii strains (Woloszynska, 1912) Senayya &amp; Subba Raju on the mobility of Daphnia laevis (Cladocera, Daphniidae)"
cyano_all,STX_DOC_000648,2014.0,cyanobacteria,cyanobacteria_stx,cyanobacterium,CYANO_TAXON,"Effects of Cylindrospermopsis raciborskii strains (Woloszynska, 1912) Senayya &amp; Subba Raju on the mobility of Daphnia laevis (Cladocera, Daphniidae)"
cyano_all,STX_DOC_000648,2014.0,cyanobacteria,cyanobacteria_stx,cylindrospermopsis,CYANO_TAXON,"Effects of Cylindrospermopsis raciborskii strains (Woloszynska, 1912) Senayya &amp; Subba Raju on the mobility of Daphnia laevis (Cladocera, Daphniidae)"
cyano_all,STX_DOC_000648,2014.0,cyanobacteria,cyanobacteria_stx,toxicity,BIOLOGICAL_PROCESS,"Effects of Cylindrospermopsis raciborskii strains (Woloszynska, 1912) Senayya &amp; Subba Raju on the mobility of Daphnia laevis (Cladocera, Daphniidae)"
cyano_all,STX_DOC_000650,2014.0,cyanobacteria,cyanobacteria_stx,saxitoxin,TOXIN,"Effects of Cylindrospermopsis raciborskii strains (Woloszynska, 1912) Senayya & Subba Raju on the mobility of Daphnia laevis (Cladocera, Daphniidae)."
cyano_all,STX_DOC_000650,2014.0,cyanobacteria,cyanobacteria_stx,stx,TOXIN,"Effects of Cylindrospermopsis raciborskii strains (Woloszynska, 1912) Senayya & Subba Raju on the mobility of Daphnia laevis (Cladocera, Daphniidae)."
cyano_all,STX_DOC_000650,2014.0,cyanobacteria,cyanobacteria_stx,cyanobacterium,CYANO_TAXON,"Effects of Cylindrospermopsis raciborskii strains (Woloszynska, 1912) Senayya & Subba Raju on the mobility of Daphnia laevis (Cladocera, Daphniidae)."
cyano_all,STX_DOC_000650,2014.0,cyanobacteria,cyanobacteria_stx,cylindrospermopsis,CYANO_TAXON,"Effects of Cylindrospermopsis raciborskii strains (Woloszynska, 1912) Senayya & Subba Raju on the mobility of Daphnia laevis (Cladocera, Daphniidae)."
cyano_all,STX_DOC_000650,2014.0,cyanobacteria,cyanobacteria_stx,toxicity,BIOLOGICAL_PROCESS,"Effects of Cylindrospermopsis raciborskii strains (Woloszynska, 1912) Senayya & Subba Raju on the mobility of Daphnia laevis (Cladocera, Daphniidae)."
cyano_all,STX_DOC_000651,2013.0,cyanobacteria,cyanobacteria_stx,saxitoxin,TOXIN,State of knowledge and concerns on cyanobacterial blooms and cyanotoxins.
cyano_all,STX_DOC_000651,2013.0,cyanobacteria,cyanobacteria_stx,cyanobacteria,CYANO_TAXON,State of knowledge and concerns on cyanobacterial blooms and cyanotoxins.
cyano_all,STX_DOC_000651,2013.0,cyanobacteria,cyanobacteria_stx,cyanobacterial,CYANO_TAXON,State of knowledge and concerns on cyanobacterial blooms and cyanotoxins.
cyano_all,STX_DOC_000651,2013.0,cyanobacteria,cyanobacteria_stx,temperature,ENV_FACTOR,State of knowledge and concerns on cyanobacterial blooms and cyanotoxins.
cyano_all,STX_DOC_000651,2013.0,cyanobacteria,cyanobacteria_stx,salinity,ENV_FACTOR,State of knowledge and concerns on cyanobacterial blooms and cyanotoxins.
cyano_all,STX_DOC_000651,2013.0,cyanobacteria,cyanobacteria_stx,nitrogen,ENV_FACTOR,State of knowledge and concerns on cyanobacterial blooms and cyanotoxins.
cyano_all,STX_DOC_000651,2013.0,cyanobacteria,cyanobacteria_stx,nutrient,ENV_FACTOR,State of knowledge and concerns on cyanobacterial blooms and cyanotoxins.
cyano_all,STX_DOC_000651,2013.0,cyanobacteria,cyanobacteria_stx,light,ENV_FACTOR,State of knowledge and concerns on cyanobacterial blooms and cyanotoxins.
cyano_all,STX_DOC_000651,2013.0,cyanobacteria,cyanobacteria_stx,biosynthesis,BIOLOGICAL_PROCESS,State of knowledge and concerns on cyanobacterial blooms and cyanotoxins.
cyano_all,STX_DOC_000651,2013.0,cyanobacteria,cyanobacteria_stx,evolution,BIOLOGICAL_PROCESS,State of knowledge and concerns on cyanobacterial blooms and cyanotoxins.
cyano_all,STX_DOC_000653,2013.0,cyanobacteria,cyanobacteria_stx,saxitoxin,TOXIN,Revealing Toxin Signatures in Cyanobacteria: Report of Genes Involved in Cylindrospermopsin Synthesis from Saxitoxin-Producing &amp;lt;i&amp;gt;Cylindrospermopsis raciborskii&amp;lt;/i&amp;gt;
cyano_all,STX_DOC_000653,2013.0,cyanobacteria,cyanobacteria_stx,cyanobacteria,CYANO_TAXON,Revealing Toxin Signatures in Cyanobacteria: Report of Genes Involved in Cylindrospermopsin Synthesis from Saxitoxin-Producing &amp;lt;i&amp;gt;Cylindrospermopsis raciborskii&amp;lt;/i&amp;gt;
cyano_all,STX_DOC_000653,2013.0,cyanobacteria,cyanobacteria_stx,cyanobacterium,CYANO_TAXON,Revealing Toxin Signatures in Cyanobacteria: Report of Genes Involved in Cylindrospermopsin Synthesis from Saxitoxin-Producing &amp;lt;i&amp;gt;Cylindrospermopsis raciborskii&amp;lt;/i&amp;gt;
cyano_all,STX_DOC_000653,2013.0,cyanobacteria,cyanobacteria_stx,aphanizomenon,CYANO_TAXON,Revealing Toxin Signatures in Cyanobacteria: Report of Genes Involved in Cylindrospermopsin Synthesis from Saxitoxin-Producing &amp;lt;i&amp;gt;Cylindrospermopsis raciborskii&amp;lt;/i&amp;gt;
cyano_all,STX_DOC_000653,2013.0,cyanobacteria,cyanobacteria_stx,cylindrospermopsis,CYANO_TAXON,Revealing Toxin Signatures in Cyanobacteria: Report of Genes Involved in Cylindrospermopsin Synthesis from Saxitoxin-Producing &amp;lt;i&amp;gt;Cylindrospermopsis raciborskii&amp;lt;/i&amp;gt;
cyano_all,STX_DOC_000653,2013.0,cyanobacteria,cyanobacteria_stx,nitrogen,ENV_FACTOR,Revealing Toxin Signatures in Cyanobacteria: Report of Genes Involved in Cylindrospermopsin Synthesis from Saxitoxin-Producing &amp;lt;i&amp;gt;Cylindrospermopsis raciborskii&amp;lt;/i&amp;gt;
cyano_all,STX_DOC_000653,2013.0,cyanobacteria,cyanobacteria_stx,nutrient,ENV_FACTOR,Revealing Toxin Signatures in Cyanobacteria: Report of Genes Involved in Cylindrospermopsin Synthesis from Saxitoxin-Producing &amp;lt;i&amp;gt;Cylindrospermopsis raciborskii&amp;lt;/i&amp;gt;
cyano_all,STX_DOC_000653,2013.0,cyanobacteria,cyanobacteria_stx,phylogenetic,BIOLOGICAL_PROCESS,Revealing Toxin Signatures in Cyanobacteria: Report of Genes Involved in Cylindrospermopsin Synthesis from Saxitoxin-Producing &amp;lt;i&amp;gt;Cylindrospermopsis raciborskii&amp;lt;/i&amp;gt;
cyano_all,STX_DOC_000653,2013.0,cyanobacteria,cyanobacteria_stx,toxin production,BIOLOGICAL_PROCESS,Revealing Toxin Signatures in Cyanobacteria: Report of Genes Involved in Cylindrospermopsin Synthesis from Saxitoxin-Producing &amp;lt;i&amp;gt;Cylindrospermopsis raciborskii&amp;lt;/i&amp;gt;
cyano_all,STX_DOC_000653,2013.0,cyanobacteria,cyanobacteria_stx,elisa,DETECTION_METHOD,Revealing Toxin Signatures in Cyanobacteria: Report of Genes Involved in Cylindrospermopsin Synthesis from Saxitoxin-Producing &amp;lt;i&amp;gt;Cylindrospermopsis raciborskii&amp;lt;/i&amp;gt;
cyano_all,STX_DOC_000666,2003.0,cyanobacteria,cyanobacteria_stx,cyanobacteria,CYANO_TAXON,"Isolation and Detection of Microcystins and Nodularins, Cyanobacterial Peptide Hepatotoxins"
cyano_all,STX_DOC_000666,2003.0,cyanobacteria,cyanobacteria_stx,cyanobacterium,CYANO_TAXON,"Isolation and Detection of Microcystins and Nodularins, Cyanobacterial Peptide Hepatotoxins"
cyano_all,STX_DOC_000666,2003.0,cyanobacteria,cyanobacteria_stx,cyanobacterial,CYANO_TAXON,"Isolation and Detection of Microcystins and Nodularins, Cyanobacterial Peptide Hepatotoxins"
cyano_all,STX_DOC_000666,2003.0,cyanobacteria,cyanobacteria_stx,anabaena,CYANO_TAXON,"Isolation and Detection of Microcystins and Nodularins, Cyanobacterial Peptide Hepatotoxins"
cyano_all,STX_DOC_000666,2003.0,cyanobacteria,cyanobacteria_stx,planktothrix,CYANO_TAXON,"Isolation and Detection of Microcystins and Nodularins, Cyanobacterial Peptide Hepatotoxins"
cyano_all,STX_DOC_000673,1998.0,cyanobacteria,cyanobacteria_stx,saxitoxin,TOXIN,Development of a bioassay employing the desert locust (Schistocerca gregaria) for the detection of saxitoxin and related compounds in cyanobacteria and shellfish.
cyano_all,STX_DOC_000673,1998.0,cyanobacteria,cyanobacteria_stx,paralytic shellfish toxins,TOXIN,Development of a bioassay employing the desert locust (Schistocerca gregaria) for the detection of saxitoxin and related compounds in cyanobacteria and shellfish.
cyano_all,STX_DOC_000673,1998.0,cyanobacteria,cyanobacteria_stx,pst,TOXIN,Development of a bioassay employing the desert locust (Schistocerca gregaria) for the detection of saxitoxin and related compounds in cyanobacteria and shellfish.
cyano_all,STX_DOC_000673,1998.0,cyanobacteria,cyanobacteria_stx,cyanobacteria,CYANO_TAXON,Development of a bioassay employing the desert locust (Schistocerca gregaria) for the detection of saxitoxin and related compounds in cyanobacteria and shellfish.
cyano_all,STX_DOC_000673,1998.0,cyanobacteria,cyanobacteria_stx,cyanobacterial,CYANO_TAXON,Development of a bioassay employing the desert locust (Schistocerca gregaria) for the detection of saxitoxin and related compounds in cyanobacteria and shellfish.
cyano_all,STX_DOC_000673,1998.0,cyanobacteria,cyanobacteria_stx,mouse bioassay,DETECTION_METHOD,Development of a bioassay employing the desert locust (Schistocerca gregaria) for the detection of saxitoxin and related compounds in cyanobacteria and shellfish.
cyano_all,STX_DOC_000678,2026.0,cyanobacteria,cyanobacteria_stx,saxitoxin,TOXIN,"Phytoplankton growth and potential cyanotoxin production differ in response to nitrogen and phosphorus amendments in late summer communities from Kabetogama Lake (Minnesota, United States)."
cyano_all,STX_DOC_000678,2026.0,cyanobacteria,cyanobacteria_stx,cyanobacteria,CYANO_TAXON,"Phytoplankton growth and potential cyanotoxin production differ in response to nitrogen and phosphorus amendments in late summer communities from Kabetogama Lake (Minnesota, United States)."
cyano_all,STX_DOC_000678,2026.0,cyanobacteria,cyanobacteria_stx,cyanobacterial,CYANO_TAXON,"Phytoplankton growth and potential cyanotoxin production differ in response to nitrogen and phosphorus amendments in late summer communities from Kabetogama Lake (Minnesota, United States)."
cyano_all,STX_DOC_000678,2026.0,cyanobacteria,cyanobacteria_stx,nitrogen,ENV_FACTOR,"Phytoplankton growth and potential cyanotoxin production differ in response to nitrogen and phosphorus amendments in late summer communities from Kabetogama Lake (Minnesota, United States)."
cyano_all,STX_DOC_000678,2026.0,cyanobacteria,cyanobacteria_stx,phosphorus,ENV_FACTOR,"Phytoplankton growth and potential cyanotoxin production differ in response to nitrogen and phosphorus amendments in late summer communities from Kabetogama Lake (Minnesota, United States)."
cyano_all,STX_DOC_000678,2026.0,cyanobacteria,cyanobacteria_stx,nitrate,ENV_FACTOR,"Phytoplankton growth and potential cyanotoxin production differ in response to nitrogen and phosphorus amendments in late summer communities from Kabetogama Lake (Minnesota, United States)."
cyano_all,STX_DOC_000678,2026.0,cyanobacteria,cyanobacteria_stx,nutrient,ENV_FACTOR,"Phytoplankton growth and potential cyanotoxin production differ in response to nitrogen and phosphorus amendments in late summer communities from Kabetogama Lake (Minnesota, United States)."
cyano_all,STX_DOC_000678,2026.0,cyanobacteria,cyanobacteria_stx,expression,BIOLOGICAL_PROCESS,"Phytoplankton growth and potential cyanotoxin production differ in response to nitrogen and phosphorus amendments in late summer communities from Kabetogama Lake (Minnesota, United States)."
cyano_all,STX_DOC_000678,2026.0,cyanobacteria,cyanobacteria_stx,gene expression,BIOLOGICAL_PROCESS,"Phytoplankton growth and potential cyanotoxin production differ in response to nitrogen and phosphorus amendments in late summer communities from Kabetogama Lake (Minnesota, United States)."
cyano_all,STX_DOC_000678,2026.0,cyanobacteria,cyanobacteria_stx,toxicity,BIOLOGICAL_PROCESS,"Phytoplankton growth and potential cyanotoxin production differ in response to nitrogen and phosphorus amendments in late summer communities from Kabetogama Lake (Minnesota, United States)."
cyano_all,STX_DOC_000681,2024.0,cyanobacteria,high_confidence_stx_biosynthesis,saxitoxin,TOXIN,Synthesis of Saxitoxin Biosynthetic Intermediates: Reveal the Mechanism for Formation of its Tricyclic Skeleton in Biosynthesis
cyano_all,STX_DOC_000681,2024.0,cyanobacteria,high_confidence_stx_biosynthesis,stx,TOXIN,Synthesis of Saxitoxin Biosynthetic Intermediates: Reveal the Mechanism for Formation of its Tricyclic Skeleton in Biosynthesis
cyano_all,STX_DOC_000681,2024.0,cyanobacteria,high_confidence_stx_biosynthesis,cyanobacterium,CYANO_TAXON,Synthesis of Saxitoxin Biosynthetic Intermediates: Reveal the Mechanism for Formation of its Tricyclic Skeleton in Biosynthesis
cyano_all,STX_DOC_000681,2024.0,cyanobacteria,high_confidence_stx_biosynthesis,biosynthesis,BIOLOGICAL_PROCESS,Synthesis of Saxitoxin Biosynthetic Intermediates: Reveal the Mechanism for Formation of its Tricyclic Skeleton in Biosynthesis
cyano_all,STX_DOC_000683,2024.0,cyanobacteria,cyanobacteria_stx,cyanobacteria,CYANO_TAXON,First Data on Cyanotoxins and Genes of Their Biosynthesis in the Phytoplankton of the Mesotrophic Lake Pleshcheyevo (Russia) during the Bloom Formation of Cyanobacterium Gloeotrichia echinulata
cyano_all,STX_DOC_000683,2024.0,cyanobacteria,cyanobacteria_stx,cyanobacterium,CYANO_TAXON,First Data on Cyanotoxins and Genes of Their Biosynthesis in the Phytoplankton of the Mesotrophic Lake Pleshcheyevo (Russia) during the Bloom Formation of Cyanobacterium Gloeotrichia echinulata
cyano_all,STX_DOC_000683,2024.0,cyanobacteria,cyanobacteria_stx,cyanobacterial,CYANO_TAXON,First Data on Cyanotoxins and Genes of Their Biosynthesis in the Phytoplankton of the Mesotrophic Lake Pleshcheyevo (Russia) during the Bloom Formation of Cyanobacterium Gloeotrichia echinulata
cyano_all,STX_DOC_000683,2024.0,cyanobacteria,cyanobacteria_stx,dolichospermum,CYANO_TAXON,First Data on Cyanotoxins and Genes of Their Biosynthesis in the Phytoplankton of the Mesotrophic Lake Pleshcheyevo (Russia) during the Bloom Formation of Cyanobacterium Gloeotrichia echinulata
cyano_all,STX_DOC_000683,2024.0,cyanobacteria,cyanobacteria_stx,bloom,ENV_FACTOR,First Data on Cyanotoxins and Genes of Their Biosynthesis in the Phytoplankton of the Mesotrophic Lake Pleshcheyevo (Russia) during the Bloom Formation of Cyanobacterium Gloeotrichia echinulata
cyano_all,STX_DOC_000683,2024.0,cyanobacteria,cyanobacteria_stx,biosynthesis,BIOLOGICAL_PROCESS,First Data on Cyanotoxins and Genes of Their Biosynthesis in the Phytoplankton of the Mesotrophic Lake Pleshcheyevo (Russia) during the Bloom Formation of Cyanobacterium Gloeotrichia echinulata
cyano_all,STX_DOC_000683,2024.0,cyanobacteria,cyanobacteria_stx,toxicity,BIOLOGICAL_PROCESS,First Data on Cyanotoxins and Genes of Their Biosynthesis in the Phytoplankton of the Mesotrophic Lake Pleshcheyevo (Russia) during the Bloom Formation of Cyanobacterium Gloeotrichia echinulata
cyano_all,STX_DOC_000683,2024.0,cyanobacteria,cyanobacteria_stx,mass spectrometry,DETECTION_METHOD,First Data on Cyanotoxins and Genes of Their Biosynthesis in the Phytoplankton of the Mesotrophic Lake Pleshcheyevo (Russia) during the Bloom Formation of Cyanobacterium Gloeotrichia echinulata
cyano_all,STX_DOC_000684,2024.0,cyanobacteria,cyanobacteria_stx,cyanobacteria,CYANO_TAXON,Cyanotoxins bioaccumulation by fish in an anthropized reservoir in central Mexico
cyano_all,STX_DOC_000684,2024.0,cyanobacteria,cyanobacteria_stx,cyanobacterial,CYANO_TAXON,Cyanotoxins bioaccumulation by fish in an anthropized reservoir in central Mexico
cyano_all,STX_DOC_000684,2024.0,cyanobacteria,cyanobacteria_stx,dolichospermum,CYANO_TAXON,Cyanotoxins bioaccumulation by fish in an anthropized reservoir in central Mexico
cyano_all,STX_DOC_000684,2024.0,cyanobacteria,cyanobacteria_stx,planktothrix,CYANO_TAXON,Cyanotoxins bioaccumulation by fish in an anthropized reservoir in central Mexico
cyano_all,STX_DOC_000684,2024.0,cyanobacteria,cyanobacteria_stx,phosphorus,ENV_FACTOR,Cyanotoxins bioaccumulation by fish in an anthropized reservoir in central Mexico
cyano_all,STX_DOC_000685,2023.0,cyanobacteria,cyanobacteria_stx,saxitoxin,TOXIN,Biotransformation and detoxification of saxitoxin by Bacillus flexus in batch experiments.
cyano_all,STX_DOC_000685,2023.0,cyanobacteria,cyanobacteria_stx,stx,TOXIN,Biotransformation and detoxification of saxitoxin by Bacillus flexus in batch experiments.
cyano_all,STX_DOC_000685,2023.0,cyanobacteria,cyanobacteria_stx,cyanobacteria,CYANO_TAXON,Biotransformation and detoxification of saxitoxin by Bacillus flexus in batch experiments.
cyano_all,STX_DOC_000685,2023.0,cyanobacteria,cyanobacteria_stx,temperature,ENV_FACTOR,Biotransformation and detoxification of saxitoxin by Bacillus flexus in batch experiments.
cyano_all,STX_DOC_000685,2023.0,cyanobacteria,cyanobacteria_stx,toxicity,BIOLOGICAL_PROCESS,Biotransformation and detoxification of saxitoxin by Bacillus flexus in batch experiments.
cyano_all,STX_DOC_000685,2023.0,cyanobacteria,cyanobacteria_stx,hplc,DETECTION_METHOD,Biotransformation and detoxification of saxitoxin by Bacillus flexus in batch experiments.
cyano_all,STX_DOC_000689,2022.0,cyanobacteria,cyanobacteria_stx,saxitoxin,TOXIN,A review and assessment of cyanobacterial toxins as cardiovascular health hazards.
cyano_all,STX_DOC_000689,2022.0,cyanobacteria,cyanobacteria_stx,stx,TOXIN,A review and assessment of cyanobacterial toxins as cardiovascular health hazards.
cyano_all,STX_DOC_000689,2022.0,cyanobacteria,cyanobacteria_stx,cyanobacteria,CYANO_TAXON,A review and assessment of cyanobacterial toxins as cardiovascular health hazards.
cyano_all,STX_DOC_000689,2022.0,cyanobacteria,cyanobacteria_stx,cyanobacterial,CYANO_TAXON,A review and assessment of cyanobacterial toxins as cardiovascular health hazards.
cyano_all,STX_DOC_000689,2022.0,cyanobacteria,cyanobacteria_stx,light,ENV_FACTOR,A review and assessment of cyanobacterial toxins as cardiovascular health hazards.
cyano_all,STX_DOC_000689,2022.0,cyanobacteria,cyanobacteria_stx,bloom,ENV_FACTOR,A review and assessment of cyanobacterial toxins as cardiovascular health hazards.
cyano_all,STX_DOC_000689,2022.0,cyanobacteria,cyanobacteria_stx,toxicity,BIOLOGICAL_PROCESS,A review and assessment of cyanobacterial toxins as cardiovascular health hazards.
cyano_all,STX_DOC_000690,2022.0,cyanobacteria,cyanobacteria_stx,saxitoxin,TOXIN,"Fast screening of saxitoxin, neosaxitoxin, and decarbamoyl analogues in fresh and brackish surface waters by on-line enrichment coupled to HILIC-HRMS."
cyano_all,STX_DOC_000690,2022.0,cyanobacteria,cyanobacteria_stx,stx,TOXIN,"Fast screening of saxitoxin, neosaxitoxin, and decarbamoyl analogues in fresh and brackish surface waters by on-line enrichment coupled to HILIC-HRMS."
cyano_all,STX_DOC_000690,2022.0,cyanobacteria,cyanobacteria_stx,neosaxitoxin,TOXIN,"Fast screening of saxitoxin, neosaxitoxin, and decarbamoyl analogues in fresh and brackish surface waters by on-line enrichment coupled to HILIC-HRMS."
cyano_all,STX_DOC_000690,2022.0,cyanobacteria,cyanobacteria_stx,cyanobacterial,CYANO_TAXON,"Fast screening of saxitoxin, neosaxitoxin, and decarbamoyl analogues in fresh and brackish surface waters by on-line enrichment coupled to HILIC-HRMS."
cyano_all,STX_DOC_000690,2022.0,cyanobacteria,cyanobacteria_stx,salinity,ENV_FACTOR,"Fast screening of saxitoxin, neosaxitoxin, and decarbamoyl analogues in fresh and brackish surface waters by on-line enrichment coupled to HILIC-HRMS."
cyano_all,STX_DOC_000690,2022.0,cyanobacteria,cyanobacteria_stx,lc-ms,DETECTION_METHOD,"Fast screening of saxitoxin, neosaxitoxin, and decarbamoyl analogues in fresh and brackish surface waters by on-line enrichment coupled to HILIC-HRMS."
cyano_all,STX_DOC_000690,2022.0,cyanobacteria,cyanobacteria_stx,mass spectrometry,DETECTION_METHOD,"Fast screening of saxitoxin, neosaxitoxin, and decarbamoyl analogues in fresh and brackish surface waters by on-line enrichment coupled to HILIC-HRMS."
cyano_all,STX_DOC_000691,2022.0,cyanobacteria,cyanobacteria_stx,cyanobacteria,CYANO_TAXON,Statistical Inferences Applying Non-Parametric Data on Cyanobacterial Investigations: Contributions to Water Quality and New Trends under Global Changes on Portuguese Freshwater Ecosystems.
cyano_all,STX_DOC_000691,2022.0,cyanobacteria,cyanobacteria_stx,cyanobacterial,CYANO_TAXON,Statistical Inferences Applying Non-Parametric Data on Cyanobacterial Investigations: Contributions to Water Quality and New Trends under Global Changes on Portuguese Freshwater Ecosystems.
cyano_all,STX_DOC_000691,2022.0,cyanobacteria,cyanobacteria_stx,planktothrix,CYANO_TAXON,Statistical Inferences Applying Non-Parametric Data on Cyanobacterial Investigations: Contributions to Water Quality and New Trends under Global Changes on Portuguese Freshwater Ecosystems.
cyano_all,STX_DOC_000691,2022.0,cyanobacteria,cyanobacteria_stx,temperature,ENV_FACTOR,Statistical Inferences Applying Non-Parametric Data on Cyanobacterial Investigations: Contributions to Water Quality and New Trends under Global Changes on Portuguese Freshwater Ecosystems.
cyano_all,STX_DOC_000691,2022.0,cyanobacteria,cyanobacteria_stx,climate,ENV_FACTOR,Statistical Inferences Applying Non-Parametric Data on Cyanobacterial Investigations: Contributions to Water Quality and New Trends under Global Changes on Portuguese Freshwater Ecosystems.
cyano_all,STX_DOC_000691,2022.0,cyanobacteria,cyanobacteria_stx,bloom,ENV_FACTOR,Statistical Inferences Applying Non-Parametric Data on Cyanobacterial Investigations: Contributions to Water Quality and New Trends under Global Changes on Portuguese Freshwater Ecosystems.
cyano_all,STX_DOC_000692,2021.0,cyanobacteria,high_confidence_stx_biosynthesis,saxitoxin,TOXIN,Molecular detection of some toxogenic cyanobacteria in Tigris River in Baghdad-Iraq.
cyano_all,STX_DOC_000692,2021.0,cyanobacteria,high_confidence_stx_biosynthesis,saxitoxin biosynthesis genes,SXT_GENE,Molecular detection of some toxogenic cyanobacteria in Tigris River in Baghdad-Iraq.
cyano_all,STX_DOC_000692,2021.0,cyanobacteria,high_confidence_stx_biosynthesis,cyanobacteria,CYANO_TAXON,Molecular detection of some toxogenic cyanobacteria in Tigris River in Baghdad-Iraq.
cyano_all,STX_DOC_000692,2021.0,cyanobacteria,high_confidence_stx_biosynthesis,anabaena,CYANO_TAXON,Molecular detection of some toxogenic cyanobacteria in Tigris River in Baghdad-Iraq.
cyano_all,STX_DOC_000692,2021.0,cyanobacteria,high_confidence_stx_biosynthesis,biosynthesis,BIOLOGICAL_PROCESS,Molecular detection of some toxogenic cyanobacteria in Tigris River in Baghdad-Iraq.
cyano_all,STX_DOC_000692,2021.0,cyanobacteria,high_confidence_stx_biosynthesis,saxitoxin biosynthesis,BIOLOGICAL_PROCESS,Molecular detection of some toxogenic cyanobacteria in Tigris River in Baghdad-Iraq.
cyano_all,STX_DOC_000693,2021.0,cyanobacteria,cyanobacteria_stx,saxitoxin,TOXIN,The combined effect of clethodim (herbicide) and nitrogen variation on allelopathic interactions between Microcystis aeruginosa and Raphidiopsis raciborskii.
cyano_all,STX_DOC_000693,2021.0,cyanobacteria,cyanobacteria_stx,cyanobacteria,CYANO_TAXON,The combined effect of clethodim (herbicide) and nitrogen variation on allelopathic interactions between Microcystis aeruginosa and Raphidiopsis raciborskii.
cyano_all,STX_DOC_000693,2021.0,cyanobacteria,cyanobacteria_stx,cylindrospermopsis,CYANO_TAXON,The combined effect of clethodim (herbicide) and nitrogen variation on allelopathic interactions between Microcystis aeruginosa and Raphidiopsis raciborskii.
cyano_all,STX_DOC_000693,2021.0,cyanobacteria,cyanobacteria_stx,nitrogen,ENV_FACTOR,The combined effect of clethodim (herbicide) and nitrogen variation on allelopathic interactions between Microcystis aeruginosa and Raphidiopsis raciborskii.
cyano_all,STX_DOC_000693,2021.0,cyanobacteria,cyanobacteria_stx,nutrient,ENV_FACTOR,The combined effect of clethodim (herbicide) and nitrogen variation on allelopathic interactions between Microcystis aeruginosa and Raphidiopsis raciborskii.
cyano_all,STX_DOC_000693,2021.0,cyanobacteria,cyanobacteria_stx,toxin production,BIOLOGICAL_PROCESS,The combined effect of clethodim (herbicide) and nitrogen variation on allelopathic interactions between Microcystis aeruginosa and Raphidiopsis raciborskii.
cyano_all,STX_DOC_000694,2021.0,cyanobacteria,cyanobacteria_stx,cyanobacteria,CYANO_TAXON,"Microcystis, Raphidiopsis raciborskii and Dolichospermum smithii, toxin producing and non-toxigenic cyanobacteria in Yezin Dam, Myanmar"
cyano_all,STX_DOC_000694,2021.0,cyanobacteria,cyanobacteria_stx,cyanobacterium,CYANO_TAXON,"Microcystis, Raphidiopsis raciborskii and Dolichospermum smithii, toxin producing and non-toxigenic cyanobacteria in Yezin Dam, Myanmar"
cyano_all,STX_DOC_000694,2021.0,cyanobacteria,cyanobacteria_stx,cyanobacterial,CYANO_TAXON,"Microcystis, Raphidiopsis raciborskii and Dolichospermum smithii, toxin producing and non-toxigenic cyanobacteria in Yezin Dam, Myanmar"
cyano_all,STX_DOC_000694,2021.0,cyanobacteria,cyanobacteria_stx,dolichospermum,CYANO_TAXON,"Microcystis, Raphidiopsis raciborskii and Dolichospermum smithii, toxin producing and non-toxigenic cyanobacteria in Yezin Dam, Myanmar"
cyano_all,STX_DOC_000694,2021.0,cyanobacteria,cyanobacteria_stx,toxin production,BIOLOGICAL_PROCESS,"Microcystis, Raphidiopsis raciborskii and Dolichospermum smithii, toxin producing and non-toxigenic cyanobacteria in Yezin Dam, Myanmar"
cyano_all,STX_DOC_000694,2021.0,cyanobacteria,cyanobacteria_stx,mass spectrometry,DETECTION_METHOD,"Microcystis, Raphidiopsis raciborskii and Dolichospermum smithii, toxin producing and non-toxigenic cyanobacteria in Yezin Dam, Myanmar"
cyano_all,STX_DOC_000694,2021.0,cyanobacteria,cyanobacteria_stx,elisa,DETECTION_METHOD,"Microcystis, Raphidiopsis raciborskii and Dolichospermum smithii, toxin producing and non-toxigenic cyanobacteria in Yezin Dam, Myanmar"
cyano_all,STX_DOC_000696,2021.0,cyanobacteria,cyanobacteria_stx,stx,TOXIN,"Interplay of Nutrients, Temperature, and Competition of Native and Alien Cyanobacteria Species Growth and Cyanotoxin Production in Temperate Lakes."
cyano_all,STX_DOC_000696,2021.0,cyanobacteria,cyanobacteria_stx,cyanobacteria,CYANO_TAXON,"Interplay of Nutrients, Temperature, and Competition of Native and Alien Cyanobacteria Species Growth and Cyanotoxin Production in Temperate Lakes."
cyano_all,STX_DOC_000696,2021.0,cyanobacteria,cyanobacteria_stx,aphanizomenon,CYANO_TAXON,"Interplay of Nutrients, Temperature, and Competition of Native and Alien Cyanobacteria Species Growth and Cyanotoxin Production in Temperate Lakes."
cyano_all,STX_DOC_000696,2021.0,cyanobacteria,cyanobacteria_stx,planktothrix,CYANO_TAXON,"Interplay of Nutrients, Temperature, and Competition of Native and Alien Cyanobacteria Species Growth and Cyanotoxin Production in Temperate Lakes."
cyano_all,STX_DOC_000696,2021.0,cyanobacteria,cyanobacteria_stx,temperature,ENV_FACTOR,"Interplay of Nutrients, Temperature, and Competition of Native and Alien Cyanobacteria Species Growth and Cyanotoxin Production in Temperate Lakes."
cyano_all,STX_DOC_000696,2021.0,cyanobacteria,cyanobacteria_stx,nutrient,ENV_FACTOR,"Interplay of Nutrients, Temperature, and Competition of Native and Alien Cyanobacteria Species Growth and Cyanotoxin Production in Temperate Lakes."
cyano_all,STX_DOC_000696,2021.0,cyanobacteria,cyanobacteria_stx,nutrients,ENV_FACTOR,"Interplay of Nutrients, Temperature, and Competition of Native and Alien Cyanobacteria Species Growth and Cyanotoxin Production in Temperate Lakes."
cyano_all,STX_DOC_000696,2021.0,cyanobacteria,cyanobacteria_stx,warming,ENV_FACTOR,"Interplay of Nutrients, Temperature, and Competition of Native and Alien Cyanobacteria Species Growth and Cyanotoxin Production in Temperate Lakes."
cyano_all,STX_DOC_000700,2020.0,cross_taxa,dinoflagellate_stx,stx,TOXIN,Effects of saxitoxins exposure on oligodendrocyte development in mouse neonates.
cyano_all,STX_DOC_000700,2020.0,cross_taxa,dinoflagellate_stx,dinoflagellates,DINO_TAXON,Effects of saxitoxins exposure on oligodendrocyte development in mouse neonates.
cyano_all,STX_DOC_000700,2020.0,cross_taxa,dinoflagellate_stx,cyanobacteria,CYANO_TAXON,Effects of saxitoxins exposure on oligodendrocyte development in mouse neonates.
cyano_all,STX_DOC_000700,2020.0,cross_taxa,dinoflagellate_stx,cyanobacterial,CYANO_TAXON,Effects of saxitoxins exposure on oligodendrocyte development in mouse neonates.
cyano_all,STX_DOC_000701,2020.0,cyanobacteria,high_confidence_stx_biosynthesis,paralytic shellfish toxin,TOXIN,Substrate Promiscuity of a Paralytic Shellfish Toxin Amidinotransferase.
cyano_all,STX_DOC_000701,2020.0,cyanobacteria,high_confidence_stx_biosynthesis,paralytic shellfish toxins,TOXIN,Substrate Promiscuity of a Paralytic Shellfish Toxin Amidinotransferase.
cyano_all,STX_DOC_000701,2020.0,cyanobacteria,high_confidence_stx_biosynthesis,sxtg,SXT_GENE,Substrate Promiscuity of a Paralytic Shellfish Toxin Amidinotransferase.
cyano_all,STX_DOC_000701,2020.0,cyanobacteria,high_confidence_stx_biosynthesis,cyanobacterial,CYANO_TAXON,Substrate Promiscuity of a Paralytic Shellfish Toxin Amidinotransferase.
cyano_all,STX_DOC_000701,2020.0,cyanobacteria,high_confidence_stx_biosynthesis,biosynthesis,BIOLOGICAL_PROCESS,Substrate Promiscuity of a Paralytic Shellfish Toxin Amidinotransferase.
cyano_all,STX_DOC_000705,2019.0,cyanobacteria,cyanobacteria_stx,saxitoxin,TOXIN,Structure of the saxiphilin:saxitoxin (STX) complex reveals a convergent molecular recognition strategy for paralytic toxins.
cyano_all,STX_DOC_000705,2019.0,cyanobacteria,cyanobacteria_stx,stx,TOXIN,Structure of the saxiphilin:saxitoxin (STX) complex reveals a convergent molecular recognition strategy for paralytic toxins.
cyano_all,STX_DOC_000705,2019.0,cyanobacteria,cyanobacteria_stx,paralytic shellfish poisoning,TOXIN,Structure of the saxiphilin:saxitoxin (STX) complex reveals a convergent molecular recognition strategy for paralytic toxins.
cyano_all,STX_DOC_000705,2019.0,cyanobacteria,cyanobacteria_stx,cyanobacteria,CYANO_TAXON,Structure of the saxiphilin:saxitoxin (STX) complex reveals a convergent molecular recognition strategy for paralytic toxins.
cyano_all,STX_DOC_000707,2019.0,cyanobacteria,cyanobacteria_stx,saxitoxin,TOXIN,Environmental factors associated with toxic cyanobacterial blooms across 20 drinking water reservoirs in a semi-arid region of Brazil.
cyano_all,STX_DOC_000707,2019.0,cyanobacteria,cyanobacteria_stx,cyanobacteria,CYANO_TAXON,Environmental factors associated with toxic cyanobacterial blooms across 20 drinking water reservoirs in a semi-arid region of Brazil.
cyano_all,STX_DOC_000707,2019.0,cyanobacteria,cyanobacteria_stx,cyanobacterial,CYANO_TAXON,Environmental factors associated with toxic cyanobacterial blooms across 20 drinking water reservoirs in a semi-arid region of Brazil.
cyano_all,STX_DOC_000707,2019.0,cyanobacteria,cyanobacteria_stx,temperature,ENV_FACTOR,Environmental factors associated with toxic cyanobacterial blooms across 20 drinking water reservoirs in a semi-arid region of Brazil.
cyano_all,STX_DOC_000707,2019.0,cyanobacteria,cyanobacteria_stx,nitrogen,ENV_FACTOR,Environmental factors associated with toxic cyanobacterial blooms across 20 drinking water reservoirs in a semi-arid region of Brazil.
cyano_all,STX_DOC_000707,2019.0,cyanobacteria,cyanobacteria_stx,phosphorus,ENV_FACTOR,Environmental factors associated with toxic cyanobacterial blooms across 20 drinking water reservoirs in a semi-arid region of Brazil.
cyano_all,STX_DOC_000707,2019.0,cyanobacteria,cyanobacteria_stx,climate,ENV_FACTOR,Environmental factors associated with toxic cyanobacterial blooms across 20 drinking water reservoirs in a semi-arid region of Brazil.
cyano_all,STX_DOC_000708,2018.0,cyanobacteria,cyanobacteria_stx,saxitoxin,TOXIN,Effects of increased zooplankton biomass on phytoplankton and cyanotoxins: A tropical mesocosm study.
cyano_all,STX_DOC_000708,2018.0,cyanobacteria,cyanobacteria_stx,cyanobacteria,CYANO_TAXON,Effects of increased zooplankton biomass on phytoplankton and cyanotoxins: A tropical mesocosm study.
cyano_all,STX_DOC_000708,2018.0,cyanobacteria,cyanobacteria_stx,dolichospermum,CYANO_TAXON,Effects of increased zooplankton biomass on phytoplankton and cyanotoxins: A tropical mesocosm study.
cyano_all,STX_DOC_000708,2018.0,cyanobacteria,cyanobacteria_stx,cylindrospermopsis,CYANO_TAXON,Effects of increased zooplankton biomass on phytoplankton and cyanotoxins: A tropical mesocosm study.
cyano_all,STX_DOC_000708,2018.0,cyanobacteria,cyanobacteria_stx,planktothrix,CYANO_TAXON,Effects of increased zooplankton biomass on phytoplankton and cyanotoxins: A tropical mesocosm study.
cyano_all,STX_DOC_000708,2018.0,cyanobacteria,cyanobacteria_stx,bloom,ENV_FACTOR,Effects of increased zooplankton biomass on phytoplankton and cyanotoxins: A tropical mesocosm study.
cyano_all,STX_DOC_000710,2018.0,cyanobacteria,cyanobacteria_stx,stx,TOXIN,First report of neurotoxic effect of the cyanobacterium Cylindrospermopsis raciborskii on the motility of trematode metacercariae.
cyano_all,STX_DOC_000710,2018.0,cyanobacteria,cyanobacteria_stx,cyanobacteria,CYANO_TAXON,First report of neurotoxic effect of the cyanobacterium Cylindrospermopsis raciborskii on the motility of trematode metacercariae.
cyano_all,STX_DOC_000710,2018.0,cyanobacteria,cyanobacteria_stx,cyanobacterium,CYANO_TAXON,First report of neurotoxic effect of the cyanobacterium Cylindrospermopsis raciborskii on the motility of trematode metacercariae.
cyano_all,STX_DOC_000710,2018.0,cyanobacteria,cyanobacteria_stx,cylindrospermopsis,CYANO_TAXON,First report of neurotoxic effect of the cyanobacterium Cylindrospermopsis raciborskii on the motility of trematode metacercariae.
cyano_all,STX_DOC_000712,2017.0,cyanobacteria,cyanobacteria_stx,paralytic shellfish toxins,TOXIN,Neurotoxins in a water supply reservoir: An alert to environmental and human health.
cyano_all,STX_DOC_000712,2017.0,cyanobacteria,cyanobacteria_stx,psts,TOXIN,Neurotoxins in a water supply reservoir: An alert to environmental and human health.
cyano_all,STX_DOC_000712,2017.0,cyanobacteria,cyanobacteria_stx,cyanobacteria,CYANO_TAXON,Neurotoxins in a water supply reservoir: An alert to environmental and human health.
cyano_all,STX_DOC_000712,2017.0,cyanobacteria,cyanobacteria_stx,cylindrospermopsis,CYANO_TAXON,Neurotoxins in a water supply reservoir: An alert to environmental and human health.
cyano_all,STX_DOC_000712,2017.0,cyanobacteria,cyanobacteria_stx,bloom,ENV_FACTOR,Neurotoxins in a water supply reservoir: An alert to environmental and human health.
cyano_all,STX_DOC_000717,2016.0,cyanobacteria,cyanobacteria_stx,cyanobacteria,CYANO_TAXON,"A review of the phylogeny, ecology and toxin production of bloom-forming Aphanizomenon spp. and related species within the Nostocales (cyanobacteria)."
cyano_all,STX_DOC_000717,2016.0,cyanobacteria,cyanobacteria_stx,aphanizomenon,CYANO_TAXON,"A review of the phylogeny, ecology and toxin production of bloom-forming Aphanizomenon spp. and related species within the Nostocales (cyanobacteria)."
cyano_all,STX_DOC_000717,2016.0,cyanobacteria,cyanobacteria_stx,anabaena,CYANO_TAXON,"A review of the phylogeny, ecology and toxin production of bloom-forming Aphanizomenon spp. and related species within the Nostocales (cyanobacteria)."
cyano_all,STX_DOC_000717,2016.0,cyanobacteria,cyanobacteria_stx,nitrogen,ENV_FACTOR,"A review of the phylogeny, ecology and toxin production of bloom-forming Aphanizomenon spp. and related species within the Nostocales (cyanobacteria)."
cyano_all,STX_DOC_000717,2016.0,cyanobacteria,cyanobacteria_stx,climate,ENV_FACTOR,"A review of the phylogeny, ecology and toxin production of bloom-forming Aphanizomenon spp. and related species within the Nostocales (cyanobacteria)."
cyano_all,STX_DOC_000717,2016.0,cyanobacteria,cyanobacteria_stx,bloom,ENV_FACTOR,"A review of the phylogeny, ecology and toxin production of bloom-forming Aphanizomenon spp. and related species within the Nostocales (cyanobacteria)."
cyano_all,STX_DOC_000717,2016.0,cyanobacteria,cyanobacteria_stx,phylogeny,BIOLOGICAL_PROCESS,"A review of the phylogeny, ecology and toxin production of bloom-forming Aphanizomenon spp. and related species within the Nostocales (cyanobacteria)."
cyano_all,STX_DOC_000717,2016.0,cyanobacteria,cyanobacteria_stx,toxicity,BIOLOGICAL_PROCESS,"A review of the phylogeny, ecology and toxin production of bloom-forming Aphanizomenon spp. and related species within the Nostocales (cyanobacteria)."
cyano_all,STX_DOC_000717,2016.0,cyanobacteria,cyanobacteria_stx,toxin production,BIOLOGICAL_PROCESS,"A review of the phylogeny, ecology and toxin production of bloom-forming Aphanizomenon spp. and related species within the Nostocales (cyanobacteria)."
cyano_all,STX_DOC_000719,2016.0,cyanobacteria,cyanobacteria_stx,saxitoxin,TOXIN,Behavioral alterations induced by repeated saxitoxin exposure in drinking water.
cyano_all,STX_DOC_000719,2016.0,cyanobacteria,cyanobacteria_stx,stx,TOXIN,Behavioral alterations induced by repeated saxitoxin exposure in drinking water.
cyano_all,STX_DOC_000719,2016.0,cyanobacteria,cyanobacteria_stx,cyanobacteria,CYANO_TAXON,Behavioral alterations induced by repeated saxitoxin exposure in drinking water.
cyano_all,STX_DOC_000719,2016.0,cyanobacteria,cyanobacteria_stx,cyanobacterium,CYANO_TAXON,Behavioral alterations induced by repeated saxitoxin exposure in drinking water.
cyano_all,STX_DOC_000719,2016.0,cyanobacteria,cyanobacteria_stx,cylindrospermopsis,CYANO_TAXON,Behavioral alterations induced by repeated saxitoxin exposure in drinking water.
cyano_all,STX_DOC_000721,2016.0,cyanobacteria,high_confidence_stx_biosynthesis,saxitoxin,TOXIN,Harmful cyanobacteria and its toxic metabolites microcystin and saxitoxin in freshwater lakes of Southeast Norway.
cyano_all,STX_DOC_000721,2016.0,cyanobacteria,high_confidence_stx_biosynthesis,sxta,SXT_GENE,Harmful cyanobacteria and its toxic metabolites microcystin and saxitoxin in freshwater lakes of Southeast Norway.
cyano_all,STX_DOC_000721,2016.0,cyanobacteria,high_confidence_stx_biosynthesis,cyanobacteria,CYANO_TAXON,Harmful cyanobacteria and its toxic metabolites microcystin and saxitoxin in freshwater lakes of Southeast Norway.
cyano_all,STX_DOC_000721,2016.0,cyanobacteria,high_confidence_stx_biosynthesis,dolichospermum,CYANO_TAXON,Harmful cyanobacteria and its toxic metabolites microcystin and saxitoxin in freshwater lakes of Southeast Norway.
cyano_all,STX_DOC_000721,2016.0,cyanobacteria,high_confidence_stx_biosynthesis,warming,ENV_FACTOR,Harmful cyanobacteria and its toxic metabolites microcystin and saxitoxin in freshwater lakes of Southeast Norway.
cyano_all,STX_DOC_000721,2016.0,cyanobacteria,high_confidence_stx_biosynthesis,elisa,DETECTION_METHOD,Harmful cyanobacteria and its toxic metabolites microcystin and saxitoxin in freshwater lakes of Southeast Norway.
cyano_all,STX_DOC_000722,2016.0,cyanobacteria,high_confidence_stx_biosynthesis,saxitoxin,TOXIN,Toxin-producing benthic cyanobacteria in Lake Baikal
cyano_all,STX_DOC_000722,2016.0,cyanobacteria,high_confidence_stx_biosynthesis,paralytic shellfish toxin,TOXIN,Toxin-producing benthic cyanobacteria in Lake Baikal
cyano_all,STX_DOC_000722,2016.0,cyanobacteria,high_confidence_stx_biosynthesis,sxta,SXT_GENE,Toxin-producing benthic cyanobacteria in Lake Baikal
cyano_all,STX_DOC_000722,2016.0,cyanobacteria,high_confidence_stx_biosynthesis,cyanobacteria,CYANO_TAXON,Toxin-producing benthic cyanobacteria in Lake Baikal
cyano_all,STX_DOC_000722,2016.0,cyanobacteria,high_confidence_stx_biosynthesis,elisa,DETECTION_METHOD,Toxin-producing benthic cyanobacteria in Lake Baikal
cyano_all,STX_DOC_000723,2015.0,cyanobacteria,cyanobacteria_stx,saxitoxin,TOXIN,Changes in saxitoxin-production through growth phases in the metaphytic cyanobacterium Scytonema cf. crispum.
cyano_all,STX_DOC_000723,2015.0,cyanobacteria,cyanobacteria_stx,cyanobacteria,CYANO_TAXON,Changes in saxitoxin-production through growth phases in the metaphytic cyanobacterium Scytonema cf. crispum.
cyano_all,STX_DOC_000723,2015.0,cyanobacteria,cyanobacteria_stx,cyanobacterium,CYANO_TAXON,Changes in saxitoxin-production through growth phases in the metaphytic cyanobacterium Scytonema cf. crispum.
cyano_all,STX_DOC_000723,2015.0,cyanobacteria,cyanobacteria_stx,scytonema,CYANO_TAXON,Changes in saxitoxin-production through growth phases in the metaphytic cyanobacterium Scytonema cf. crispum.
cyano_all,STX_DOC_000723,2015.0,cyanobacteria,cyanobacteria_stx,toxin production,BIOLOGICAL_PROCESS,Changes in saxitoxin-production through growth phases in the metaphytic cyanobacterium Scytonema cf. crispum.
cyano_all,STX_DOC_000725,2015.0,cyanobacteria,cyanobacteria_stx,saxitoxin,TOXIN,Molecular and Chemical Analyses of Cyanobacterial Blooms in Tropical Lagoons from Southeast Brazil
cyano_all,STX_DOC_000725,2015.0,cyanobacteria,cyanobacteria_stx,cyanobacteria,CYANO_TAXON,Molecular and Chemical Analyses of Cyanobacterial Blooms in Tropical Lagoons from Southeast Brazil
cyano_all,STX_DOC_000725,2015.0,cyanobacteria,cyanobacteria_stx,cyanobacterial,CYANO_TAXON,Molecular and Chemical Analyses of Cyanobacterial Blooms in Tropical Lagoons from Southeast Brazil
cyano_all,STX_DOC_000725,2015.0,cyanobacteria,cyanobacteria_stx,anabaena,CYANO_TAXON,Molecular and Chemical Analyses of Cyanobacterial Blooms in Tropical Lagoons from Southeast Brazil
cyano_all,STX_DOC_000725,2015.0,cyanobacteria,cyanobacteria_stx,cylindrospermopsis,CYANO_TAXON,Molecular and Chemical Analyses of Cyanobacterial Blooms in Tropical Lagoons from Southeast Brazil
cyano_all,STX_DOC_000725,2015.0,cyanobacteria,cyanobacteria_stx,bloom,ENV_FACTOR,Molecular and Chemical Analyses of Cyanobacterial Blooms in Tropical Lagoons from Southeast Brazil
cyano_all,STX_DOC_000725,2015.0,cyanobacteria,cyanobacteria_stx,toxicity,BIOLOGICAL_PROCESS,Molecular and Chemical Analyses of Cyanobacterial Blooms in Tropical Lagoons from Southeast Brazil
cyano_all,STX_DOC_000725,2015.0,cyanobacteria,cyanobacteria_stx,lc-ms,DETECTION_METHOD,Molecular and Chemical Analyses of Cyanobacterial Blooms in Tropical Lagoons from Southeast Brazil
cyano_all,STX_DOC_000725,2015.0,cyanobacteria,cyanobacteria_stx,lc-ms/ms,DETECTION_METHOD,Molecular and Chemical Analyses of Cyanobacterial Blooms in Tropical Lagoons from Southeast Brazil
cyano_all,STX_DOC_000727,2014.0,cyanobacteria,high_confidence_stx_biosynthesis,saxitoxin,TOXIN,Characterization of saxitoxin production and release and phylogeny of sxt genes in paralytic shellfish poisoning toxin-producing Aphanizomenon gracile
cyano_all,STX_DOC_000727,2014.0,cyanobacteria,high_confidence_stx_biosynthesis,paralytic shellfish poisoning,TOXIN,Characterization of saxitoxin production and release and phylogeny of sxt genes in paralytic shellfish poisoning toxin-producing Aphanizomenon gracile
cyano_all,STX_DOC_000727,2014.0,cyanobacteria,high_confidence_stx_biosynthesis,sxt genes,SXT_GENE,Characterization of saxitoxin production and release and phylogeny of sxt genes in paralytic shellfish poisoning toxin-producing Aphanizomenon gracile
cyano_all,STX_DOC_000727,2014.0,cyanobacteria,high_confidence_stx_biosynthesis,aphanizomenon,CYANO_TAXON,Characterization of saxitoxin production and release and phylogeny of sxt genes in paralytic shellfish poisoning toxin-producing Aphanizomenon gracile
cyano_all,STX_DOC_000727,2014.0,cyanobacteria,high_confidence_stx_biosynthesis,phylogeny,BIOLOGICAL_PROCESS,Characterization of saxitoxin production and release and phylogeny of sxt genes in paralytic shellfish poisoning toxin-producing Aphanizomenon gracile
cyano_all,STX_DOC_000729,2014.0,cyanobacteria,cyanobacteria_stx,neosaxitoxin,TOXIN,Hapalindoles from the cyanobacterium fischerella: potential sodium channel modulators.
cyano_all,STX_DOC_000729,2014.0,cyanobacteria,cyanobacteria_stx,cyanobacteria,CYANO_TAXON,Hapalindoles from the cyanobacterium fischerella: potential sodium channel modulators.
cyano_all,STX_DOC_000729,2014.0,cyanobacteria,cyanobacteria_stx,cyanobacterium,CYANO_TAXON,Hapalindoles from the cyanobacterium fischerella: potential sodium channel modulators.
cyano_all,STX_DOC_000729,2014.0,cyanobacteria,cyanobacteria_stx,cyanobacterial,CYANO_TAXON,Hapalindoles from the cyanobacterium fischerella: potential sodium channel modulators.
cyano_all,STX_DOC_000732,2013.0,cyanobacteria,high_confidence_stx_biosynthesis,saxitoxin,TOXIN,Cyanobacterial toxins: biosynthetic routes and evolutionary roots.
cyano_all,STX_DOC_000732,2013.0,cyanobacteria,high_confidence_stx_biosynthesis,cyanobacteria,CYANO_TAXON,Cyanobacterial toxins: biosynthetic routes and evolutionary roots.
cyano_all,STX_DOC_000732,2013.0,cyanobacteria,high_confidence_stx_biosynthesis,cyanobacterial,CYANO_TAXON,Cyanobacterial toxins: biosynthetic routes and evolutionary roots.
cyano_all,STX_DOC_000732,2013.0,cyanobacteria,high_confidence_stx_biosynthesis,bloom,ENV_FACTOR,Cyanobacterial toxins: biosynthetic routes and evolutionary roots.
cyano_all,STX_DOC_000732,2013.0,cyanobacteria,high_confidence_stx_biosynthesis,biosynthesis,BIOLOGICAL_PROCESS,Cyanobacterial toxins: biosynthetic routes and evolutionary roots.
cyano_all,STX_DOC_000732,2013.0,cyanobacteria,high_confidence_stx_biosynthesis,toxin biosynthesis,BIOLOGICAL_PROCESS,Cyanobacterial toxins: biosynthetic routes and evolutionary roots.
cyano_all,STX_DOC_000732,2013.0,cyanobacteria,high_confidence_stx_biosynthesis,evolution,BIOLOGICAL_PROCESS,Cyanobacterial toxins: biosynthetic routes and evolutionary roots.
cyano_all,STX_DOC_000732,2013.0,cyanobacteria,high_confidence_stx_biosynthesis,phylogenetic,BIOLOGICAL_PROCESS,Cyanobacterial toxins: biosynthetic routes and evolutionary roots.
cyano_all,STX_DOC_000735,2013.0,cyanobacteria,high_confidence_stx_biosynthesis,cyanobacteria,CYANO_TAXON,Environmental conditions that influence toxin biosynthesis in cyanobacteria.
cyano_all,STX_DOC_000735,2013.0,cyanobacteria,high_confidence_stx_biosynthesis,cyanobacterial,CYANO_TAXON,Environmental conditions that influence toxin biosynthesis in cyanobacteria.
cyano_all,STX_DOC_000735,2013.0,cyanobacteria,high_confidence_stx_biosynthesis,biosynthesis,BIOLOGICAL_PROCESS,Environmental conditions that influence toxin biosynthesis in cyanobacteria.
cyano_all,STX_DOC_000735,2013.0,cyanobacteria,high_confidence_stx_biosynthesis,toxin biosynthesis,BIOLOGICAL_PROCESS,Environmental conditions that influence toxin biosynthesis in cyanobacteria.
cyano_all,STX_DOC_000735,2013.0,cyanobacteria,high_confidence_stx_biosynthesis,regulation,BIOLOGICAL_PROCESS,Environmental conditions that influence toxin biosynthesis in cyanobacteria.
cyano_all,STX_DOC_000736,2012.0,cyanobacteria,cyanobacteria_stx,paralytic shellfish toxins,TOXIN,"Apparent bioaccumulation of cylindrospermopsin and paralytic shellfish toxins by finfish in Lake Catemaco (Veracruz, Mexico)."
cyano_all,STX_DOC_000736,2012.0,cyanobacteria,cyanobacteria_stx,psts,TOXIN,"Apparent bioaccumulation of cylindrospermopsin and paralytic shellfish toxins by finfish in Lake Catemaco (Veracruz, Mexico)."
cyano_all,STX_DOC_000736,2012.0,cyanobacteria,cyanobacteria_stx,cyanobacteria,CYANO_TAXON,"Apparent bioaccumulation of cylindrospermopsin and paralytic shellfish toxins by finfish in Lake Catemaco (Veracruz, Mexico)."
cyano_all,STX_DOC_000736,2012.0,cyanobacteria,cyanobacteria_stx,cyanobacterial,CYANO_TAXON,"Apparent bioaccumulation of cylindrospermopsin and paralytic shellfish toxins by finfish in Lake Catemaco (Veracruz, Mexico)."
cyano_all,STX_DOC_000736,2012.0,cyanobacteria,cyanobacteria_stx,cylindrospermopsis,CYANO_TAXON,"Apparent bioaccumulation of cylindrospermopsin and paralytic shellfish toxins by finfish in Lake Catemaco (Veracruz, Mexico)."
cyano_all,STX_DOC_000736,2012.0,cyanobacteria,cyanobacteria_stx,elisa,DETECTION_METHOD,"Apparent bioaccumulation of cylindrospermopsin and paralytic shellfish toxins by finfish in Lake Catemaco (Veracruz, Mexico)."
cyano_all,STX_DOC_000739,2010.0,cyanobacteria,cyanobacteria_stx,saxitoxin,TOXIN,A rapid bioassay for detecting saxitoxins using a Daphnia acute toxicity test.
cyano_all,STX_DOC_000739,2010.0,cyanobacteria,cyanobacteria_stx,cyanobacteria,CYANO_TAXON,A rapid bioassay for detecting saxitoxins using a Daphnia acute toxicity test.
cyano_all,STX_DOC_000739,2010.0,cyanobacteria,cyanobacteria_stx,cyanobacterial,CYANO_TAXON,A rapid bioassay for detecting saxitoxins using a Daphnia acute toxicity test.
cyano_all,STX_DOC_000739,2010.0,cyanobacteria,cyanobacteria_stx,cylindrospermopsis,CYANO_TAXON,A rapid bioassay for detecting saxitoxins using a Daphnia acute toxicity test.
cyano_all,STX_DOC_000739,2010.0,cyanobacteria,cyanobacteria_stx,toxicity,BIOLOGICAL_PROCESS,A rapid bioassay for detecting saxitoxins using a Daphnia acute toxicity test.
cyano_all,STX_DOC_000740,2008.0,cyanobacteria,cyanobacteria_stx,saxitoxin,TOXIN,Effects of a saxitoxin-producer strain of Cylindrospermopsis raciborskii (cyanobacteria) on the swimming movements of cladocerans.
cyano_all,STX_DOC_000740,2008.0,cyanobacteria,cyanobacteria_stx,cyanobacteria,CYANO_TAXON,Effects of a saxitoxin-producer strain of Cylindrospermopsis raciborskii (cyanobacteria) on the swimming movements of cladocerans.
cyano_all,STX_DOC_000740,2008.0,cyanobacteria,cyanobacteria_stx,cyanobacterial,CYANO_TAXON,Effects of a saxitoxin-producer strain of Cylindrospermopsis raciborskii (cyanobacteria) on the swimming movements of cladocerans.
cyano_all,STX_DOC_000740,2008.0,cyanobacteria,cyanobacteria_stx,cylindrospermopsis,CYANO_TAXON,Effects of a saxitoxin-producer strain of Cylindrospermopsis raciborskii (cyanobacteria) on the swimming movements of cladocerans.
cyano_all,STX_DOC_000740,2008.0,cyanobacteria,cyanobacteria_stx,toxicity,BIOLOGICAL_PROCESS,Effects of a saxitoxin-producer strain of Cylindrospermopsis raciborskii (cyanobacteria) on the swimming movements of cladocerans.
cyano_all,STX_DOC_000742,2007.0,cyanobacteria,cyanobacteria_stx,saxitoxin,TOXIN,Distribution of cyanotoxins in aquatic environments in the Niger Delta
cyano_all,STX_DOC_000742,2007.0,cyanobacteria,cyanobacteria_stx,cyanobacteria,CYANO_TAXON,Distribution of cyanotoxins in aquatic environments in the Niger Delta
cyano_all,STX_DOC_000742,2007.0,cyanobacteria,cyanobacteria_stx,cyanobacterium,CYANO_TAXON,Distribution of cyanotoxins in aquatic environments in the Niger Delta
cyano_all,STX_DOC_000742,2007.0,cyanobacteria,cyanobacteria_stx,cyanobacterial,CYANO_TAXON,Distribution of cyanotoxins in aquatic environments in the Niger Delta
cyano_all,STX_DOC_000742,2007.0,cyanobacteria,cyanobacteria_stx,cylindrospermopsis,CYANO_TAXON,Distribution of cyanotoxins in aquatic environments in the Niger Delta
cyano_all,STX_DOC_000742,2007.0,cyanobacteria,cyanobacteria_stx,nutrient,ENV_FACTOR,Distribution of cyanotoxins in aquatic environments in the Niger Delta
cyano_all,STX_DOC_000744,2006.0,cyanobacteria,cyanobacteria_stx,saxitoxin,TOXIN,Amphipod herbivory on the freshwater cyanobacterium <i>Lyngbya wollei</i>: Chemical stimulants and morphological defenses
cyano_all,STX_DOC_000744,2006.0,cyanobacteria,cyanobacteria_stx,cyanobacteria,CYANO_TAXON,Amphipod herbivory on the freshwater cyanobacterium <i>Lyngbya wollei</i>: Chemical stimulants and morphological defenses
cyano_all,STX_DOC_000744,2006.0,cyanobacteria,cyanobacteria_stx,cyanobacterium,CYANO_TAXON,Amphipod herbivory on the freshwater cyanobacterium <i>Lyngbya wollei</i>: Chemical stimulants and morphological defenses
cyano_all,STX_DOC_000744,2006.0,cyanobacteria,cyanobacteria_stx,lyngbya,CYANO_TAXON,Amphipod herbivory on the freshwater cyanobacterium <i>Lyngbya wollei</i>: Chemical stimulants and morphological defenses
cyano_all,STX_DOC_000747,2004.0,cyanobacteria,cyanobacteria_stx,saxitoxin,TOXIN,PCR-based positive hybridization to detect genomic diversity associated with bacterial secondary metabolism
cyano_all,STX_DOC_000747,2004.0,cyanobacteria,cyanobacteria_stx,stx,TOXIN,PCR-based positive hybridization to detect genomic diversity associated with bacterial secondary metabolism
cyano_all,STX_DOC_000747,2004.0,cyanobacteria,cyanobacteria_stx,cyanobacterium,CYANO_TAXON,PCR-based positive hybridization to detect genomic diversity associated with bacterial secondary metabolism
cyano_all,STX_DOC_000747,2004.0,cyanobacteria,cyanobacteria_stx,cyanobacterial,CYANO_TAXON,PCR-based positive hybridization to detect genomic diversity associated with bacterial secondary metabolism
cyano_all,STX_DOC_000747,2004.0,cyanobacteria,cyanobacteria_stx,anabaena,CYANO_TAXON,PCR-based positive hybridization to detect genomic diversity associated with bacterial secondary metabolism
cyano_all,STX_DOC_000747,2004.0,cyanobacteria,cyanobacteria_stx,biosynthesis,BIOLOGICAL_PROCESS,PCR-based positive hybridization to detect genomic diversity associated with bacterial secondary metabolism
cyano_all,STX_DOC_000749,2004.0,cyanobacteria,cyanobacteria_stx,saxitoxin,TOXIN,PCR-based positive hybridization to detect genomic diversity associated with bacterial secondary metabolism.
cyano_all,STX_DOC_000749,2004.0,cyanobacteria,cyanobacteria_stx,stx,TOXIN,PCR-based positive hybridization to detect genomic diversity associated with bacterial secondary metabolism.
cyano_all,STX_DOC_000749,2004.0,cyanobacteria,cyanobacteria_stx,cyanobacterium,CYANO_TAXON,PCR-based positive hybridization to detect genomic diversity associated with bacterial secondary metabolism.
cyano_all,STX_DOC_000749,2004.0,cyanobacteria,cyanobacteria_stx,cyanobacterial,CYANO_TAXON,PCR-based positive hybridization to detect genomic diversity associated with bacterial secondary metabolism.
cyano_all,STX_DOC_000749,2004.0,cyanobacteria,cyanobacteria_stx,anabaena,CYANO_TAXON,PCR-based positive hybridization to detect genomic diversity associated with bacterial secondary metabolism.
cyano_all,STX_DOC_000749,2004.0,cyanobacteria,cyanobacteria_stx,biosynthesis,BIOLOGICAL_PROCESS,PCR-based positive hybridization to detect genomic diversity associated with bacterial secondary metabolism.
cyano_all,STX_DOC_000751,2004.0,cyanobacteria,cyanobacteria_stx,cyanobacteria,CYANO_TAXON,Occurrence and elimination of cyanobacterial toxins in two Australian drinking water treatment plants.
cyano_all,STX_DOC_000751,2004.0,cyanobacteria,cyanobacteria_stx,cyanobacterial,CYANO_TAXON,Occurrence and elimination of cyanobacterial toxins in two Australian drinking water treatment plants.
cyano_all,STX_DOC_000751,2004.0,cyanobacteria,cyanobacteria_stx,anabaena,CYANO_TAXON,Occurrence and elimination of cyanobacterial toxins in two Australian drinking water treatment plants.
cyano_all,STX_DOC_000751,2004.0,cyanobacteria,cyanobacteria_stx,cylindrospermopsis,CYANO_TAXON,Occurrence and elimination of cyanobacterial toxins in two Australian drinking water treatment plants.
cyano_all,STX_DOC_000751,2004.0,cyanobacteria,cyanobacteria_stx,bloom,ENV_FACTOR,Occurrence and elimination of cyanobacterial toxins in two Australian drinking water treatment plants.
cyano_all,STX_DOC_000751,2004.0,cyanobacteria,cyanobacteria_stx,toxicity,BIOLOGICAL_PROCESS,Occurrence and elimination of cyanobacterial toxins in two Australian drinking water treatment plants.
cyano_all,STX_DOC_000751,2004.0,cyanobacteria,cyanobacteria_stx,hplc,DETECTION_METHOD,Occurrence and elimination of cyanobacterial toxins in two Australian drinking water treatment plants.
cyano_all,STX_DOC_000751,2004.0,cyanobacteria,cyanobacteria_stx,elisa,DETECTION_METHOD,Occurrence and elimination of cyanobacterial toxins in two Australian drinking water treatment plants.
cyano_all,STX_DOC_000752,2004.0,cyanobacteria,cyanobacteria_stx,paralytic shellfish toxins,TOXIN,Accumulation of paralytic shellfish toxins (PST) from the cyanobacterium Aphanizomenon issatschenkoi by the cladoceran Daphnia magna.
cyano_all,STX_DOC_000752,2004.0,cyanobacteria,cyanobacteria_stx,pst,TOXIN,Accumulation of paralytic shellfish toxins (PST) from the cyanobacterium Aphanizomenon issatschenkoi by the cladoceran Daphnia magna.
cyano_all,STX_DOC_000752,2004.0,cyanobacteria,cyanobacteria_stx,cyanobacteria,CYANO_TAXON,Accumulation of paralytic shellfish toxins (PST) from the cyanobacterium Aphanizomenon issatschenkoi by the cladoceran Daphnia magna.
cyano_all,STX_DOC_000752,2004.0,cyanobacteria,cyanobacteria_stx,cyanobacterium,CYANO_TAXON,Accumulation of paralytic shellfish toxins (PST) from the cyanobacterium Aphanizomenon issatschenkoi by the cladoceran Daphnia magna.
cyano_all,STX_DOC_000752,2004.0,cyanobacteria,cyanobacteria_stx,aphanizomenon,CYANO_TAXON,Accumulation of paralytic shellfish toxins (PST) from the cyanobacterium Aphanizomenon issatschenkoi by the cladoceran Daphnia magna.
cyano_all,STX_DOC_000752,2004.0,cyanobacteria,cyanobacteria_stx,hplc,DETECTION_METHOD,Accumulation of paralytic shellfish toxins (PST) from the cyanobacterium Aphanizomenon issatschenkoi by the cladoceran Daphnia magna.
cyano_all,STX_DOC_000754,2003.0,cyanobacteria,cyanobacteria_stx,saxitoxin,TOXIN,ENHANCEMENT OF INTRACELLULAR SAXITOXIN ACCUMULATION BY LIDOCAINE HYDROCHLORIDE IN THE CYANOBACTERIUM <i>CYLINDROSPERMOPSIS RACIBORSKII</i> T3 (NOSTOCALES)<sup>1</sup>
cyano_all,STX_DOC_000754,2003.0,cyanobacteria,cyanobacteria_stx,stx,TOXIN,ENHANCEMENT OF INTRACELLULAR SAXITOXIN ACCUMULATION BY LIDOCAINE HYDROCHLORIDE IN THE CYANOBACTERIUM <i>CYLINDROSPERMOPSIS RACIBORSKII</i> T3 (NOSTOCALES)<sup>1</sup>
cyano_all,STX_DOC_000754,2003.0,cyanobacteria,cyanobacteria_stx,cyanobacterium,CYANO_TAXON,ENHANCEMENT OF INTRACELLULAR SAXITOXIN ACCUMULATION BY LIDOCAINE HYDROCHLORIDE IN THE CYANOBACTERIUM <i>CYLINDROSPERMOPSIS RACIBORSKII</i> T3 (NOSTOCALES)<sup>1</sup>
cyano_all,STX_DOC_000754,2003.0,cyanobacteria,cyanobacteria_stx,cyanobacterial,CYANO_TAXON,ENHANCEMENT OF INTRACELLULAR SAXITOXIN ACCUMULATION BY LIDOCAINE HYDROCHLORIDE IN THE CYANOBACTERIUM <i>CYLINDROSPERMOPSIS RACIBORSKII</i> T3 (NOSTOCALES)<sup>1</sup>
cyano_all,STX_DOC_000754,2003.0,cyanobacteria,cyanobacteria_stx,cylindrospermopsis,CYANO_TAXON,ENHANCEMENT OF INTRACELLULAR SAXITOXIN ACCUMULATION BY LIDOCAINE HYDROCHLORIDE IN THE CYANOBACTERIUM <i>CYLINDROSPERMOPSIS RACIBORSKII</i> T3 (NOSTOCALES)<sup>1</sup>
cyano_all,STX_DOC_000754,2003.0,cyanobacteria,cyanobacteria_stx,regulation,BIOLOGICAL_PROCESS,ENHANCEMENT OF INTRACELLULAR SAXITOXIN ACCUMULATION BY LIDOCAINE HYDROCHLORIDE IN THE CYANOBACTERIUM <i>CYLINDROSPERMOPSIS RACIBORSKII</i> T3 (NOSTOCALES)<sup>1</sup>
cyano_all,STX_DOC_000754,2003.0,cyanobacteria,cyanobacteria_stx,hplc,DETECTION_METHOD,ENHANCEMENT OF INTRACELLULAR SAXITOXIN ACCUMULATION BY LIDOCAINE HYDROCHLORIDE IN THE CYANOBACTERIUM <i>CYLINDROSPERMOPSIS RACIBORSKII</i> T3 (NOSTOCALES)<sup>1</sup>
cyano_all,STX_DOC_000762,1999.0,cyanobacteria,cyanobacteria_stx,saxitoxin,TOXIN,Toxic cyanobacterial blooms in Lake Varese (Italy): A multidisciplinary approach
cyano_all,STX_DOC_000762,1999.0,cyanobacteria,cyanobacteria_stx,cyanobacteria,CYANO_TAXON,Toxic cyanobacterial blooms in Lake Varese (Italy): A multidisciplinary approach
cyano_all,STX_DOC_000762,1999.0,cyanobacteria,cyanobacteria_stx,cyanobacterial,CYANO_TAXON,Toxic cyanobacterial blooms in Lake Varese (Italy): A multidisciplinary approach
cyano_all,STX_DOC_000762,1999.0,cyanobacteria,cyanobacteria_stx,aphanizomenon,CYANO_TAXON,Toxic cyanobacterial blooms in Lake Varese (Italy): A multidisciplinary approach
cyano_all,STX_DOC_000762,1999.0,cyanobacteria,cyanobacteria_stx,anabaena,CYANO_TAXON,Toxic cyanobacterial blooms in Lake Varese (Italy): A multidisciplinary approach
cyano_all,STX_DOC_000762,1999.0,cyanobacteria,cyanobacteria_stx,bloom,ENV_FACTOR,Toxic cyanobacterial blooms in Lake Varese (Italy): A multidisciplinary approach
cyano_all,STX_DOC_000762,1999.0,cyanobacteria,cyanobacteria_stx,hplc,DETECTION_METHOD,Toxic cyanobacterial blooms in Lake Varese (Italy): A multidisciplinary approach
cyano_all,STX_DOC_000763,1999.0,cyanobacteria,cyanobacteria_stx,stx,TOXIN,Development of health alerts for cyanobacteria and related toxins in drinking water in South Australia
cyano_all,STX_DOC_000763,1999.0,cyanobacteria,cyanobacteria_stx,cyanobacteria,CYANO_TAXON,Development of health alerts for cyanobacteria and related toxins in drinking water in South Australia
cyano_all,STX_DOC_000763,1999.0,cyanobacteria,cyanobacteria_stx,cyanobacterial,CYANO_TAXON,Development of health alerts for cyanobacteria and related toxins in drinking water in South Australia
cyano_all,STX_DOC_000763,1999.0,cyanobacteria,cyanobacteria_stx,anabaena,CYANO_TAXON,Development of health alerts for cyanobacteria and related toxins in drinking water in South Australia
cyano_all,STX_DOC_000763,1999.0,cyanobacteria,cyanobacteria_stx,toxicity,BIOLOGICAL_PROCESS,Development of health alerts for cyanobacteria and related toxins in drinking water in South Australia
cyano_all,STX_DOC_000767,1996.0,cyanobacteria,cyanobacteria_stx,saxitoxin,TOXIN,Potential impact on human health of toxic cyanobacteria
cyano_all,STX_DOC_000767,1996.0,cyanobacteria,cyanobacteria_stx,cyanobacteria,CYANO_TAXON,Potential impact on human health of toxic cyanobacteria
cyano_all,STX_DOC_000767,1996.0,cyanobacteria,cyanobacteria_stx,cyanobacterium,CYANO_TAXON,Potential impact on human health of toxic cyanobacteria
cyano_all,STX_DOC_000767,1996.0,cyanobacteria,cyanobacteria_stx,cyanobacterial,CYANO_TAXON,Potential impact on human health of toxic cyanobacteria
cyano_all,STX_DOC_000767,1996.0,cyanobacteria,cyanobacteria_stx,anabaena,CYANO_TAXON,Potential impact on human health of toxic cyanobacteria
cyano_all,STX_DOC_000767,1996.0,cyanobacteria,cyanobacteria_stx,bloom,ENV_FACTOR,Potential impact on human health of toxic cyanobacteria
cyano_all,STX_DOC_000767,1996.0,cyanobacteria,cyanobacteria_stx,toxicity,BIOLOGICAL_PROCESS,Potential impact on human health of toxic cyanobacteria
cyano_all,STX_DOC_000769,1994.0,cross_taxa,dinoflagellate_stx,saxitoxin,TOXIN,Paralytic shellfish poisons from Australian cyanobacterial blooms
cyano_all,STX_DOC_000769,1994.0,cross_taxa,dinoflagellate_stx,dinoflagellates,DINO_TAXON,Paralytic shellfish poisons from Australian cyanobacterial blooms
cyano_all,STX_DOC_000769,1994.0,cross_taxa,dinoflagellate_stx,cyanobacterium,CYANO_TAXON,Paralytic shellfish poisons from Australian cyanobacterial blooms
cyano_all,STX_DOC_000769,1994.0,cross_taxa,dinoflagellate_stx,cyanobacterial,CYANO_TAXON,Paralytic shellfish poisons from Australian cyanobacterial blooms
cyano_all,STX_DOC_000769,1994.0,cross_taxa,dinoflagellate_stx,anabaena,CYANO_TAXON,Paralytic shellfish poisons from Australian cyanobacterial blooms
cyano_all,STX_DOC_000769,1994.0,cross_taxa,dinoflagellate_stx,bloom,ENV_FACTOR,Paralytic shellfish poisons from Australian cyanobacterial blooms
cyano_all,STX_DOC_000769,1994.0,cross_taxa,dinoflagellate_stx,hplc,DETECTION_METHOD,Paralytic shellfish poisons from Australian cyanobacterial blooms
cyano_all,STX_DOC_000775,1984.0,cyanobacteria,cyanobacteria_stx,saxitoxin,TOXIN,Toxins from Freshwater Cyanobacteria
cyano_all,STX_DOC_000775,1984.0,cyanobacteria,cyanobacteria_stx,neosaxitoxin,TOXIN,Toxins from Freshwater Cyanobacteria
cyano_all,STX_DOC_000775,1984.0,cyanobacteria,cyanobacteria_stx,cyanobacteria,CYANO_TAXON,Toxins from Freshwater Cyanobacteria
cyano_all,STX_DOC_000775,1984.0,cyanobacteria,cyanobacteria_stx,aphanizomenon,CYANO_TAXON,Toxins from Freshwater Cyanobacteria
cyano_all,STX_DOC_000775,1984.0,cyanobacteria,cyanobacteria_stx,anabaena,CYANO_TAXON,Toxins from Freshwater Cyanobacteria
cyano_all,STX_DOC_000775,1984.0,cyanobacteria,cyanobacteria_stx,hplc,DETECTION_METHOD,Toxins from Freshwater Cyanobacteria
cyano_all,STX_DOC_000778,2026.0,cross_taxa,dinoflagellate_stx,stx,TOXIN,Recent advances in nanomaterial-based electrochemical aptasensors for detecting aquatic toxins in shellfish and freshwater. A review.
cyano_all,STX_DOC_000778,2026.0,cross_taxa,dinoflagellate_stx,dinoflagellates,DINO_TAXON,Recent advances in nanomaterial-based electrochemical aptasensors for detecting aquatic toxins in shellfish and freshwater. A review.
cyano_all,STX_DOC_000778,2026.0,cross_taxa,dinoflagellate_stx,cyanobacteria,CYANO_TAXON,Recent advances in nanomaterial-based electrochemical aptasensors for detecting aquatic toxins in shellfish and freshwater. A review.
cyano_all,STX_DOC_000778,2026.0,cross_taxa,dinoflagellate_stx,hplc,DETECTION_METHOD,Recent advances in nanomaterial-based electrochemical aptasensors for detecting aquatic toxins in shellfish and freshwater. A review.
cyano_all,STX_DOC_000778,2026.0,cross_taxa,dinoflagellate_stx,lc-ms,DETECTION_METHOD,Recent advances in nanomaterial-based electrochemical aptasensors for detecting aquatic toxins in shellfish and freshwater. A review.
cyano_all,STX_DOC_000778,2026.0,cross_taxa,dinoflagellate_stx,lc-ms/ms,DETECTION_METHOD,Recent advances in nanomaterial-based electrochemical aptasensors for detecting aquatic toxins in shellfish and freshwater. A review.
cyano_all,STX_DOC_000778,2026.0,cross_taxa,dinoflagellate_stx,mass spectrometry,DETECTION_METHOD,Recent advances in nanomaterial-based electrochemical aptasensors for detecting aquatic toxins in shellfish and freshwater. A review.
cyano_all,STX_DOC_000779,2025.0,cyanobacteria,cyanobacteria_stx,saxitoxin,TOXIN,Simultaneous Multiclass Analysis of Cyanotoxins in Cyanobacterial Samples Using Hydrophilic Interaction Liquid Chromatography-Tandem Mass Spectrometry.
cyano_all,STX_DOC_000779,2025.0,cyanobacteria,cyanobacteria_stx,cyanobacteria,CYANO_TAXON,Simultaneous Multiclass Analysis of Cyanotoxins in Cyanobacterial Samples Using Hydrophilic Interaction Liquid Chromatography-Tandem Mass Spectrometry.
cyano_all,STX_DOC_000779,2025.0,cyanobacteria,cyanobacteria_stx,cyanobacterial,CYANO_TAXON,Simultaneous Multiclass Analysis of Cyanotoxins in Cyanobacterial Samples Using Hydrophilic Interaction Liquid Chromatography-Tandem Mass Spectrometry.
cyano_all,STX_DOC_000779,2025.0,cyanobacteria,cyanobacteria_stx,mass spectrometry,DETECTION_METHOD,Simultaneous Multiclass Analysis of Cyanotoxins in Cyanobacterial Samples Using Hydrophilic Interaction Liquid Chromatography-Tandem Mass Spectrometry.
cyano_all,STX_DOC_000780,2025.0,cyanobacteria,high_confidence_stx_biosynthesis,sxta,SXT_GENE,Protected high-mountain rivers harbor widespread toxic Microcoleus-dominated mats with distinct genetic profiles.
cyano_all,STX_DOC_000780,2025.0,cyanobacteria,high_confidence_stx_biosynthesis,cyanobacterial,CYANO_TAXON,Protected high-mountain rivers harbor widespread toxic Microcoleus-dominated mats with distinct genetic profiles.
cyano_all,STX_DOC_000780,2025.0,cyanobacteria,high_confidence_stx_biosynthesis,scytonema,CYANO_TAXON,Protected high-mountain rivers harbor widespread toxic Microcoleus-dominated mats with distinct genetic profiles.
cyano_all,STX_DOC_000780,2025.0,cyanobacteria,high_confidence_stx_biosynthesis,biosynthesis,BIOLOGICAL_PROCESS,Protected high-mountain rivers harbor widespread toxic Microcoleus-dominated mats with distinct genetic profiles.
cyano_all,STX_DOC_000782,2025.0,cyanobacteria,cyanobacteria_stx,saxitoxin,TOXIN,"Phytoplankton Diversity, Abundance and Toxin Synthesis Potential in the Lakes of Natural and Urban Landscapes in Permafrost Conditions"
cyano_all,STX_DOC_000782,2025.0,cyanobacteria,cyanobacteria_stx,cyanobacteria,CYANO_TAXON,"Phytoplankton Diversity, Abundance and Toxin Synthesis Potential in the Lakes of Natural and Urban Landscapes in Permafrost Conditions"
cyano_all,STX_DOC_000782,2025.0,cyanobacteria,cyanobacteria_stx,cyanobacterial,CYANO_TAXON,"Phytoplankton Diversity, Abundance and Toxin Synthesis Potential in the Lakes of Natural and Urban Landscapes in Permafrost Conditions"
cyano_all,STX_DOC_000782,2025.0,cyanobacteria,cyanobacteria_stx,nitrogen,ENV_FACTOR,"Phytoplankton Diversity, Abundance and Toxin Synthesis Potential in the Lakes of Natural and Urban Landscapes in Permafrost Conditions"
cyano_all,STX_DOC_000782,2025.0,cyanobacteria,cyanobacteria_stx,phosphorus,ENV_FACTOR,"Phytoplankton Diversity, Abundance and Toxin Synthesis Potential in the Lakes of Natural and Urban Landscapes in Permafrost Conditions"
cyano_all,STX_DOC_000782,2025.0,cyanobacteria,cyanobacteria_stx,nutrients,ENV_FACTOR,"Phytoplankton Diversity, Abundance and Toxin Synthesis Potential in the Lakes of Natural and Urban Landscapes in Permafrost Conditions"
cyano_all,STX_DOC_000782,2025.0,cyanobacteria,cyanobacteria_stx,bloom,ENV_FACTOR,"Phytoplankton Diversity, Abundance and Toxin Synthesis Potential in the Lakes of Natural and Urban Landscapes in Permafrost Conditions"
cyano_all,STX_DOC_000782,2025.0,cyanobacteria,cyanobacteria_stx,harmful algal bloom,ENV_FACTOR,"Phytoplankton Diversity, Abundance and Toxin Synthesis Potential in the Lakes of Natural and Urban Landscapes in Permafrost Conditions"
cyano_all,STX_DOC_000783,2025.0,cyanobacteria,cyanobacteria_stx,cyanobacterial,CYANO_TAXON,Checklist of Potentially Harmful Cyanobacterial Species Isolated from Portuguese Water Bodies
cyano_all,STX_DOC_000783,2025.0,cyanobacteria,cyanobacteria_stx,aphanizomenon,CYANO_TAXON,Checklist of Potentially Harmful Cyanobacterial Species Isolated from Portuguese Water Bodies
cyano_all,STX_DOC_000783,2025.0,cyanobacteria,cyanobacteria_stx,dolichospermum,CYANO_TAXON,Checklist of Potentially Harmful Cyanobacterial Species Isolated from Portuguese Water Bodies
cyano_all,STX_DOC_000783,2025.0,cyanobacteria,cyanobacteria_stx,planktothrix,CYANO_TAXON,Checklist of Potentially Harmful Cyanobacterial Species Isolated from Portuguese Water Bodies
cyano_all,STX_DOC_000783,2025.0,cyanobacteria,cyanobacteria_stx,phylogenetic,BIOLOGICAL_PROCESS,Checklist of Potentially Harmful Cyanobacterial Species Isolated from Portuguese Water Bodies
cyano_all,STX_DOC_000784,2024.0,cyanobacteria,cyanobacteria_stx,saxitoxin,TOXIN,Snapshot of cyanobacterial toxins in Pakistani freshwater bodies.
cyano_all,STX_DOC_000784,2024.0,cyanobacteria,cyanobacteria_stx,cyanobacteria,CYANO_TAXON,Snapshot of cyanobacterial toxins in Pakistani freshwater bodies.
cyano_all,STX_DOC_000784,2024.0,cyanobacteria,cyanobacteria_stx,cyanobacterial,CYANO_TAXON,Snapshot of cyanobacterial toxins in Pakistani freshwater bodies.
cyano_all,STX_DOC_000784,2024.0,cyanobacteria,cyanobacteria_stx,dolichospermum,CYANO_TAXON,Snapshot of cyanobacterial toxins in Pakistani freshwater bodies.
cyano_all,STX_DOC_000784,2024.0,cyanobacteria,cyanobacteria_stx,anabaena,CYANO_TAXON,Snapshot of cyanobacterial toxins in Pakistani freshwater bodies.
cyano_all,STX_DOC_000784,2024.0,cyanobacteria,cyanobacteria_stx,hplc,DETECTION_METHOD,Snapshot of cyanobacterial toxins in Pakistani freshwater bodies.
cyano_all,STX_DOC_000784,2024.0,cyanobacteria,cyanobacteria_stx,mass spectrometry,DETECTION_METHOD,Snapshot of cyanobacterial toxins in Pakistani freshwater bodies.
cyano_all,STX_DOC_000784,2024.0,cyanobacteria,cyanobacteria_stx,elisa,DETECTION_METHOD,Snapshot of cyanobacterial toxins in Pakistani freshwater bodies.
cyano_all,STX_DOC_000786,2024.0,cyanobacteria,cyanobacteria_stx,saxitoxin,TOXIN,"Unveiling the link between Raphidiopsis raciborskii blooms and saxitoxin levels: Evaluating water quality in tropical reservoirs, Brazil."
cyano_all,STX_DOC_000786,2024.0,cyanobacteria,cyanobacteria_stx,cyanobacteria,CYANO_TAXON,"Unveiling the link between Raphidiopsis raciborskii blooms and saxitoxin levels: Evaluating water quality in tropical reservoirs, Brazil."
cyano_all,STX_DOC_000786,2024.0,cyanobacteria,cyanobacteria_stx,phosphorus,ENV_FACTOR,"Unveiling the link between Raphidiopsis raciborskii blooms and saxitoxin levels: Evaluating water quality in tropical reservoirs, Brazil."
cyano_all,STX_DOC_000786,2024.0,cyanobacteria,cyanobacteria_stx,nutrient,ENV_FACTOR,"Unveiling the link between Raphidiopsis raciborskii blooms and saxitoxin levels: Evaluating water quality in tropical reservoirs, Brazil."
cyano_all,STX_DOC_000786,2024.0,cyanobacteria,cyanobacteria_stx,regulation,BIOLOGICAL_PROCESS,"Unveiling the link between Raphidiopsis raciborskii blooms and saxitoxin levels: Evaluating water quality in tropical reservoirs, Brazil."
cyano_all,STX_DOC_000788,2024.0,cross_taxa,dinoflagellate_stx,paralytic shellfish poisoning,TOXIN,The Role of Cyano-HAB (Cyanobacteria Harmful Algal Blooms) in the One Health Approach to Global Health
cyano_all,STX_DOC_000788,2024.0,cross_taxa,dinoflagellate_stx,dinoflagellates,DINO_TAXON,The Role of Cyano-HAB (Cyanobacteria Harmful Algal Blooms) in the One Health Approach to Global Health
cyano_all,STX_DOC_000788,2024.0,cross_taxa,dinoflagellate_stx,cyanobacteria,CYANO_TAXON,The Role of Cyano-HAB (Cyanobacteria Harmful Algal Blooms) in the One Health Approach to Global Health
cyano_all,STX_DOC_000788,2024.0,cross_taxa,dinoflagellate_stx,bloom,ENV_FACTOR,The Role of Cyano-HAB (Cyanobacteria Harmful Algal Blooms) in the One Health Approach to Global Health
cyano_all,STX_DOC_000788,2024.0,cross_taxa,dinoflagellate_stx,harmful algal bloom,ENV_FACTOR,The Role of Cyano-HAB (Cyanobacteria Harmful Algal Blooms) in the One Health Approach to Global Health
cyano_all,STX_DOC_000789,2024.0,cyanobacteria,cyanobacteria_stx,saxitoxin,TOXIN,New Report of Cyanobacteria and Cyanotoxins in El Pañe Reservoir: A Threat for Water Quality in High-Andean Sources from PERU.
cyano_all,STX_DOC_000789,2024.0,cyanobacteria,cyanobacteria_stx,cyanobacteria,CYANO_TAXON,New Report of Cyanobacteria and Cyanotoxins in El Pañe Reservoir: A Threat for Water Quality in High-Andean Sources from PERU.
cyano_all,STX_DOC_000789,2024.0,cyanobacteria,cyanobacteria_stx,dolichospermum,CYANO_TAXON,New Report of Cyanobacteria and Cyanotoxins in El Pañe Reservoir: A Threat for Water Quality in High-Andean Sources from PERU.
cyano_all,STX_DOC_000789,2024.0,cyanobacteria,cyanobacteria_stx,climate,ENV_FACTOR,New Report of Cyanobacteria and Cyanotoxins in El Pañe Reservoir: A Threat for Water Quality in High-Andean Sources from PERU.
cyano_all,STX_DOC_000789,2024.0,cyanobacteria,cyanobacteria_stx,regulation,BIOLOGICAL_PROCESS,New Report of Cyanobacteria and Cyanotoxins in El Pañe Reservoir: A Threat for Water Quality in High-Andean Sources from PERU.
cyano_all,STX_DOC_000789,2024.0,cyanobacteria,cyanobacteria_stx,lc-ms,DETECTION_METHOD,New Report of Cyanobacteria and Cyanotoxins in El Pañe Reservoir: A Threat for Water Quality in High-Andean Sources from PERU.
cyano_all,STX_DOC_000789,2024.0,cyanobacteria,cyanobacteria_stx,lc-ms/ms,DETECTION_METHOD,New Report of Cyanobacteria and Cyanotoxins in El Pañe Reservoir: A Threat for Water Quality in High-Andean Sources from PERU.
cyano_all,STX_DOC_000789,2024.0,cyanobacteria,cyanobacteria_stx,mass spectrometry,DETECTION_METHOD,New Report of Cyanobacteria and Cyanotoxins in El Pañe Reservoir: A Threat for Water Quality in High-Andean Sources from PERU.
cyano_all,STX_DOC_000789,2024.0,cyanobacteria,cyanobacteria_stx,chemical analysis,DETECTION_METHOD,New Report of Cyanobacteria and Cyanotoxins in El Pañe Reservoir: A Threat for Water Quality in High-Andean Sources from PERU.
cyano_all,STX_DOC_000790,2024.0,cyanobacteria,cyanobacteria_stx,saxitoxin,TOXIN,Regional and Longitudinal Dynamics of Cyanobacterial Blooms/Cyanobiome and Cyanotoxin Production in the Great Lakes Area.
cyano_all,STX_DOC_000790,2024.0,cyanobacteria,cyanobacteria_stx,cyanobacteria,CYANO_TAXON,Regional and Longitudinal Dynamics of Cyanobacterial Blooms/Cyanobiome and Cyanotoxin Production in the Great Lakes Area.
cyano_all,STX_DOC_000790,2024.0,cyanobacteria,cyanobacteria_stx,cyanobacterial,CYANO_TAXON,Regional and Longitudinal Dynamics of Cyanobacterial Blooms/Cyanobiome and Cyanotoxin Production in the Great Lakes Area.
cyano_all,STX_DOC_000790,2024.0,cyanobacteria,cyanobacteria_stx,dolichospermum,CYANO_TAXON,Regional and Longitudinal Dynamics of Cyanobacterial Blooms/Cyanobiome and Cyanotoxin Production in the Great Lakes Area.
cyano_all,STX_DOC_000790,2024.0,cyanobacteria,cyanobacteria_stx,planktothrix,CYANO_TAXON,Regional and Longitudinal Dynamics of Cyanobacterial Blooms/Cyanobiome and Cyanotoxin Production in the Great Lakes Area.
cyano_all,STX_DOC_000792,2023.0,cross_taxa,dinoflagellate_stx,saxitoxin,TOXIN,"Metabolites dynamics exacerbated by external nutrients inputs into a Ceratium hirundinella-dominated bloom in the Pengxi River, Three Gorges Reservoir, China."
cyano_all,STX_DOC_000792,2023.0,cross_taxa,dinoflagellate_stx,dinoflagellate,DINO_TAXON,"Metabolites dynamics exacerbated by external nutrients inputs into a Ceratium hirundinella-dominated bloom in the Pengxi River, Three Gorges Reservoir, China."
cyano_all,STX_DOC_000792,2023.0,cross_taxa,dinoflagellate_stx,cyanobacteria,CYANO_TAXON,"Metabolites dynamics exacerbated by external nutrients inputs into a Ceratium hirundinella-dominated bloom in the Pengxi River, Three Gorges Reservoir, China."
cyano_all,STX_DOC_000792,2023.0,cross_taxa,dinoflagellate_stx,dolichospermum,CYANO_TAXON,"Metabolites dynamics exacerbated by external nutrients inputs into a Ceratium hirundinella-dominated bloom in the Pengxi River, Three Gorges Reservoir, China."
cyano_all,STX_DOC_000792,2023.0,cross_taxa,dinoflagellate_stx,nutrient,ENV_FACTOR,"Metabolites dynamics exacerbated by external nutrients inputs into a Ceratium hirundinella-dominated bloom in the Pengxi River, Three Gorges Reservoir, China."
cyano_all,STX_DOC_000792,2023.0,cross_taxa,dinoflagellate_stx,nutrients,ENV_FACTOR,"Metabolites dynamics exacerbated by external nutrients inputs into a Ceratium hirundinella-dominated bloom in the Pengxi River, Three Gorges Reservoir, China."
cyano_all,STX_DOC_000792,2023.0,cross_taxa,dinoflagellate_stx,bloom,ENV_FACTOR,"Metabolites dynamics exacerbated by external nutrients inputs into a Ceratium hirundinella-dominated bloom in the Pengxi River, Three Gorges Reservoir, China."
cyano_all,STX_DOC_000795,2023.0,cross_taxa,dinoflagellate_stx,saxitoxin,TOXIN,Harmful Algal Blooms: A Prolific Issue in Urban Stormwater Ponds
cyano_all,STX_DOC_000795,2023.0,cross_taxa,dinoflagellate_stx,dinoflagellates,DINO_TAXON,Harmful Algal Blooms: A Prolific Issue in Urban Stormwater Ponds
cyano_all,STX_DOC_000795,2023.0,cross_taxa,dinoflagellate_stx,cyanobacteria,CYANO_TAXON,Harmful Algal Blooms: A Prolific Issue in Urban Stormwater Ponds
cyano_all,STX_DOC_000795,2023.0,cross_taxa,dinoflagellate_stx,phosphorus,ENV_FACTOR,Harmful Algal Blooms: A Prolific Issue in Urban Stormwater Ponds
cyano_all,STX_DOC_000795,2023.0,cross_taxa,dinoflagellate_stx,nutrient,ENV_FACTOR,Harmful Algal Blooms: A Prolific Issue in Urban Stormwater Ponds
cyano_all,STX_DOC_000795,2023.0,cross_taxa,dinoflagellate_stx,nutrients,ENV_FACTOR,Harmful Algal Blooms: A Prolific Issue in Urban Stormwater Ponds
cyano_all,STX_DOC_000795,2023.0,cross_taxa,dinoflagellate_stx,bloom,ENV_FACTOR,Harmful Algal Blooms: A Prolific Issue in Urban Stormwater Ponds
cyano_all,STX_DOC_000795,2023.0,cross_taxa,dinoflagellate_stx,toxicity,BIOLOGICAL_PROCESS,Harmful Algal Blooms: A Prolific Issue in Urban Stormwater Ponds
cyano_all,STX_DOC_000796,2022.0,cyanobacteria,cyanobacteria_stx,cyanobacteria,CYANO_TAXON,"Co-occurrence of multiple cyanotoxins and taste-and-odor compounds in the large eutrophic Lake Taihu, China: Dynamics, driving factors, and challenges for risk assessment."
cyano_all,STX_DOC_000796,2022.0,cyanobacteria,cyanobacteria_stx,cyanobacterial,CYANO_TAXON,"Co-occurrence of multiple cyanotoxins and taste-and-odor compounds in the large eutrophic Lake Taihu, China: Dynamics, driving factors, and challenges for risk assessment."
cyano_all,STX_DOC_000796,2022.0,cyanobacteria,cyanobacteria_stx,temperature,ENV_FACTOR,"Co-occurrence of multiple cyanotoxins and taste-and-odor compounds in the large eutrophic Lake Taihu, China: Dynamics, driving factors, and challenges for risk assessment."
cyano_all,STX_DOC_000796,2022.0,cyanobacteria,cyanobacteria_stx,nitrogen,ENV_FACTOR,"Co-occurrence of multiple cyanotoxins and taste-and-odor compounds in the large eutrophic Lake Taihu, China: Dynamics, driving factors, and challenges for risk assessment."
cyano_all,STX_DOC_000796,2022.0,cyanobacteria,cyanobacteria_stx,phosphorus,ENV_FACTOR,"Co-occurrence of multiple cyanotoxins and taste-and-odor compounds in the large eutrophic Lake Taihu, China: Dynamics, driving factors, and challenges for risk assessment."
cyano_all,STX_DOC_000798,2022.0,cyanobacteria,cyanobacteria_stx,saxitoxin,TOXIN,In vitro and in silico assessment of cytotoxicity and chromosome instability induced by saxitoxin in human derived neural cell line.
cyano_all,STX_DOC_000798,2022.0,cyanobacteria,cyanobacteria_stx,stx,TOXIN,In vitro and in silico assessment of cytotoxicity and chromosome instability induced by saxitoxin in human derived neural cell line.
cyano_all,STX_DOC_000798,2022.0,cyanobacteria,cyanobacteria_stx,cyanobacteria,CYANO_TAXON,In vitro and in silico assessment of cytotoxicity and chromosome instability induced by saxitoxin in human derived neural cell line.
cyano_all,STX_DOC_000798,2022.0,cyanobacteria,cyanobacteria_stx,regulation,BIOLOGICAL_PROCESS,In vitro and in silico assessment of cytotoxicity and chromosome instability induced by saxitoxin in human derived neural cell line.
cyano_all,STX_DOC_000799,2022.0,cyanobacteria,high_confidence_stx_biosynthesis,sxti,SXT_GENE,Cyanotoxins Dynamics on Portuguese Freshwater Ecosystems on Current Global Changes
cyano_all,STX_DOC_000799,2022.0,cyanobacteria,high_confidence_stx_biosynthesis,cyanobacteria,CYANO_TAXON,Cyanotoxins Dynamics on Portuguese Freshwater Ecosystems on Current Global Changes
cyano_all,STX_DOC_000799,2022.0,cyanobacteria,high_confidence_stx_biosynthesis,temperature,ENV_FACTOR,Cyanotoxins Dynamics on Portuguese Freshwater Ecosystems on Current Global Changes
cyano_all,STX_DOC_000799,2022.0,cyanobacteria,high_confidence_stx_biosynthesis,warming,ENV_FACTOR,Cyanotoxins Dynamics on Portuguese Freshwater Ecosystems on Current Global Changes
cyano_all,STX_DOC_000801,2022.0,cyanobacteria,cyanobacteria_stx,saxitoxin,TOXIN,"Elevated CO<sub>2</sub> significantly increases N<sub>2</sub> fixation, growth rates, and alters microcystin, anatoxin, and saxitoxin cell quotas in strains of the bloom-forming cyanobacteria, Dolichospermum."
cyano_all,STX_DOC_000801,2022.0,cyanobacteria,cyanobacteria_stx,cyanobacteria,CYANO_TAXON,"Elevated CO<sub>2</sub> significantly increases N<sub>2</sub> fixation, growth rates, and alters microcystin, anatoxin, and saxitoxin cell quotas in strains of the bloom-forming cyanobacteria, Dolichospermum."
cyano_all,STX_DOC_000801,2022.0,cyanobacteria,cyanobacteria_stx,cyanobacterial,CYANO_TAXON,"Elevated CO<sub>2</sub> significantly increases N<sub>2</sub> fixation, growth rates, and alters microcystin, anatoxin, and saxitoxin cell quotas in strains of the bloom-forming cyanobacteria, Dolichospermum."
cyano_all,STX_DOC_000801,2022.0,cyanobacteria,cyanobacteria_stx,dolichospermum,CYANO_TAXON,"Elevated CO<sub>2</sub> significantly increases N<sub>2</sub> fixation, growth rates, and alters microcystin, anatoxin, and saxitoxin cell quotas in strains of the bloom-forming cyanobacteria, Dolichospermum."
cyano_all,STX_DOC_000801,2022.0,cyanobacteria,cyanobacteria_stx,nitrogen,ENV_FACTOR,"Elevated CO<sub>2</sub> significantly increases N<sub>2</sub> fixation, growth rates, and alters microcystin, anatoxin, and saxitoxin cell quotas in strains of the bloom-forming cyanobacteria, Dolichospermum."
cyano_all,STX_DOC_000801,2022.0,cyanobacteria,cyanobacteria_stx,bloom,ENV_FACTOR,"Elevated CO<sub>2</sub> significantly increases N<sub>2</sub> fixation, growth rates, and alters microcystin, anatoxin, and saxitoxin cell quotas in strains of the bloom-forming cyanobacteria, Dolichospermum."
cyano_all,STX_DOC_000801,2022.0,cyanobacteria,cyanobacteria_stx,toxin production,BIOLOGICAL_PROCESS,"Elevated CO<sub>2</sub> significantly increases N<sub>2</sub> fixation, growth rates, and alters microcystin, anatoxin, and saxitoxin cell quotas in strains of the bloom-forming cyanobacteria, Dolichospermum."
cyano_all,STX_DOC_000802,2021.0,cyanobacteria,high_confidence_stx_biosynthesis,saxitoxin,TOXIN,Antibacterial activity of γFe<sub>2</sub> O<sub>3</sub> /TiO<sub>2</sub> nanoparticles on toxic cyanobacteria from a lake in Southern Illinois.
cyano_all,STX_DOC_000802,2021.0,cyanobacteria,high_confidence_stx_biosynthesis,sxta,SXT_GENE,Antibacterial activity of γFe<sub>2</sub> O<sub>3</sub> /TiO<sub>2</sub> nanoparticles on toxic cyanobacteria from a lake in Southern Illinois.
cyano_all,STX_DOC_000802,2021.0,cyanobacteria,high_confidence_stx_biosynthesis,cyanobacteria,CYANO_TAXON,Antibacterial activity of γFe<sub>2</sub> O<sub>3</sub> /TiO<sub>2</sub> nanoparticles on toxic cyanobacteria from a lake in Southern Illinois.
cyano_all,STX_DOC_000802,2021.0,cyanobacteria,high_confidence_stx_biosynthesis,light,ENV_FACTOR,Antibacterial activity of γFe<sub>2</sub> O<sub>3</sub> /TiO<sub>2</sub> nanoparticles on toxic cyanobacteria from a lake in Southern Illinois.
cyano_all,STX_DOC_000803,2021.0,cyanobacteria,cyanobacteria_stx,cyanobacteria,CYANO_TAXON,Multibiomarker-based assessment of toxicity of central European strains of filamentous cyanobacteria Aphanizomenon gracile and Raphidiopsis raciborskii to zebrafish Danio rerio.
cyano_all,STX_DOC_000803,2021.0,cyanobacteria,cyanobacteria_stx,cyanobacterial,CYANO_TAXON,Multibiomarker-based assessment of toxicity of central European strains of filamentous cyanobacteria Aphanizomenon gracile and Raphidiopsis raciborskii to zebrafish Danio rerio.
cyano_all,STX_DOC_000803,2021.0,cyanobacteria,cyanobacteria_stx,aphanizomenon,CYANO_TAXON,Multibiomarker-based assessment of toxicity of central European strains of filamentous cyanobacteria Aphanizomenon gracile and Raphidiopsis raciborskii to zebrafish Danio rerio.
cyano_all,STX_DOC_000803,2021.0,cyanobacteria,cyanobacteria_stx,expression,BIOLOGICAL_PROCESS,Multibiomarker-based assessment of toxicity of central European strains of filamentous cyanobacteria Aphanizomenon gracile and Raphidiopsis raciborskii to zebrafish Danio rerio.
cyano_all,STX_DOC_000803,2021.0,cyanobacteria,cyanobacteria_stx,toxicity,BIOLOGICAL_PROCESS,Multibiomarker-based assessment of toxicity of central European strains of filamentous cyanobacteria Aphanizomenon gracile and Raphidiopsis raciborskii to zebrafish Danio rerio.
cyano_all,STX_DOC_000804,2021.0,cyanobacteria,high_confidence_stx_biosynthesis,saxitoxin,TOXIN,Microbial water quality in pangasius and tilapia aquaculture systems in five regions of Bangladesh
cyano_all,STX_DOC_000804,2021.0,cyanobacteria,high_confidence_stx_biosynthesis,sxta,SXT_GENE,Microbial water quality in pangasius and tilapia aquaculture systems in five regions of Bangladesh
cyano_all,STX_DOC_000804,2021.0,cyanobacteria,high_confidence_stx_biosynthesis,cyanobacteria,CYANO_TAXON,Microbial water quality in pangasius and tilapia aquaculture systems in five regions of Bangladesh
cyano_all,STX_DOC_000804,2021.0,cyanobacteria,high_confidence_stx_biosynthesis,cyanobacterial,CYANO_TAXON,Microbial water quality in pangasius and tilapia aquaculture systems in five regions of Bangladesh
cyano_all,STX_DOC_000805,2021.0,cyanobacteria,high_confidence_stx_biosynthesis,saxitoxin,TOXIN,Molecular Detection of Some Toxigenic Cyanobacteria in Tigris River in Baghdad–Iraq
cyano_all,STX_DOC_000805,2021.0,cyanobacteria,high_confidence_stx_biosynthesis,saxitoxin biosynthesis genes,SXT_GENE,Molecular Detection of Some Toxigenic Cyanobacteria in Tigris River in Baghdad–Iraq
cyano_all,STX_DOC_000805,2021.0,cyanobacteria,high_confidence_stx_biosynthesis,cyanobacteria,CYANO_TAXON,Molecular Detection of Some Toxigenic Cyanobacteria in Tigris River in Baghdad–Iraq
cyano_all,STX_DOC_000805,2021.0,cyanobacteria,high_confidence_stx_biosynthesis,anabaena,CYANO_TAXON,Molecular Detection of Some Toxigenic Cyanobacteria in Tigris River in Baghdad–Iraq
cyano_all,STX_DOC_000805,2021.0,cyanobacteria,high_confidence_stx_biosynthesis,biosynthesis,BIOLOGICAL_PROCESS,Molecular Detection of Some Toxigenic Cyanobacteria in Tigris River in Baghdad–Iraq
cyano_all,STX_DOC_000805,2021.0,cyanobacteria,high_confidence_stx_biosynthesis,saxitoxin biosynthesis,BIOLOGICAL_PROCESS,Molecular Detection of Some Toxigenic Cyanobacteria in Tigris River in Baghdad–Iraq
cyano_all,STX_DOC_000806,2021.0,cyanobacteria,cyanobacteria_stx,saxitoxin,TOXIN,"<i>Microcystis</i> Sp. Co-Producing Microcystin and Saxitoxin from Songkhla Lake Basin, Thailand."
cyano_all,STX_DOC_000806,2021.0,cyanobacteria,cyanobacteria_stx,cyanobacteria,CYANO_TAXON,"<i>Microcystis</i> Sp. Co-Producing Microcystin and Saxitoxin from Songkhla Lake Basin, Thailand."
cyano_all,STX_DOC_000806,2021.0,cyanobacteria,cyanobacteria_stx,mass spectrometry,DETECTION_METHOD,"<i>Microcystis</i> Sp. Co-Producing Microcystin and Saxitoxin from Songkhla Lake Basin, Thailand."
cyano_all,STX_DOC_000807,2021.0,cross_taxa,dinoflagellate_stx,paralytic shellfish toxins,TOXIN,"Harmful algal blooms and associated fisheries damage in East Asia: Current status and trends in China, Japan, Korea and Russia."
cyano_all,STX_DOC_000807,2021.0,cross_taxa,dinoflagellate_stx,dinoflagellates,DINO_TAXON,"Harmful algal blooms and associated fisheries damage in East Asia: Current status and trends in China, Japan, Korea and Russia."
cyano_all,STX_DOC_000807,2021.0,cross_taxa,dinoflagellate_stx,alexandrium,DINO_TAXON,"Harmful algal blooms and associated fisheries damage in East Asia: Current status and trends in China, Japan, Korea and Russia."
cyano_all,STX_DOC_000807,2021.0,cross_taxa,dinoflagellate_stx,cyanobacteria,CYANO_TAXON,"Harmful algal blooms and associated fisheries damage in East Asia: Current status and trends in China, Japan, Korea and Russia."
cyano_all,STX_DOC_000807,2021.0,cross_taxa,dinoflagellate_stx,bloom,ENV_FACTOR,"Harmful algal blooms and associated fisheries damage in East Asia: Current status and trends in China, Japan, Korea and Russia."
cyano_all,STX_DOC_000809,2020.0,cyanobacteria,cyanobacteria_stx,saxitoxin,TOXIN,"Biogeography of the cyanobacterium Raphidiopsis (Cylindrospermopsis) raciborskii: Integrating genomics, phylogenetic and toxicity data."
cyano_all,STX_DOC_000809,2020.0,cyanobacteria,cyanobacteria_stx,stx,TOXIN,"Biogeography of the cyanobacterium Raphidiopsis (Cylindrospermopsis) raciborskii: Integrating genomics, phylogenetic and toxicity data."
cyano_all,STX_DOC_000809,2020.0,cyanobacteria,cyanobacteria_stx,cyanobacterium,CYANO_TAXON,"Biogeography of the cyanobacterium Raphidiopsis (Cylindrospermopsis) raciborskii: Integrating genomics, phylogenetic and toxicity data."
cyano_all,STX_DOC_000809,2020.0,cyanobacteria,cyanobacteria_stx,cylindrospermopsis,CYANO_TAXON,"Biogeography of the cyanobacterium Raphidiopsis (Cylindrospermopsis) raciborskii: Integrating genomics, phylogenetic and toxicity data."
cyano_all,STX_DOC_000809,2020.0,cyanobacteria,cyanobacteria_stx,bloom,ENV_FACTOR,"Biogeography of the cyanobacterium Raphidiopsis (Cylindrospermopsis) raciborskii: Integrating genomics, phylogenetic and toxicity data."
cyano_all,STX_DOC_000809,2020.0,cyanobacteria,cyanobacteria_stx,phylogenetic,BIOLOGICAL_PROCESS,"Biogeography of the cyanobacterium Raphidiopsis (Cylindrospermopsis) raciborskii: Integrating genomics, phylogenetic and toxicity data."
cyano_all,STX_DOC_000809,2020.0,cyanobacteria,cyanobacteria_stx,toxicity,BIOLOGICAL_PROCESS,"Biogeography of the cyanobacterium Raphidiopsis (Cylindrospermopsis) raciborskii: Integrating genomics, phylogenetic and toxicity data."
cyano_all,STX_DOC_000810,2020.0,cyanobacteria,cyanobacteria_stx,cyanobacteria,CYANO_TAXON,"Morphological, ecological and toxicological aspects of Raphidiopsis raciborskii (Cyanobacteria) in a eutrophic urban subtropical lake in southern Brazil"
cyano_all,STX_DOC_000810,2020.0,cyanobacteria,cyanobacteria_stx,nitrogen,ENV_FACTOR,"Morphological, ecological and toxicological aspects of Raphidiopsis raciborskii (Cyanobacteria) in a eutrophic urban subtropical lake in southern Brazil"
cyano_all,STX_DOC_000810,2020.0,cyanobacteria,cyanobacteria_stx,phosphorus,ENV_FACTOR,"Morphological, ecological and toxicological aspects of Raphidiopsis raciborskii (Cyanobacteria) in a eutrophic urban subtropical lake in southern Brazil"
cyano_all,STX_DOC_000810,2020.0,cyanobacteria,cyanobacteria_stx,bloom,ENV_FACTOR,"Morphological, ecological and toxicological aspects of Raphidiopsis raciborskii (Cyanobacteria) in a eutrophic urban subtropical lake in southern Brazil"
cyano_all,STX_DOC_000810,2020.0,cyanobacteria,cyanobacteria_stx,toxicity,BIOLOGICAL_PROCESS,"Morphological, ecological and toxicological aspects of Raphidiopsis raciborskii (Cyanobacteria) in a eutrophic urban subtropical lake in southern Brazil"
cyano_all,STX_DOC_000812,2020.0,cyanobacteria,cyanobacteria_stx,paralytic shellfish toxins,TOXIN,Presence of Cyanotoxins in a Mexican Subtropical Monomictic Crater Lake
cyano_all,STX_DOC_000812,2020.0,cyanobacteria,cyanobacteria_stx,psts,TOXIN,Presence of Cyanotoxins in a Mexican Subtropical Monomictic Crater Lake
cyano_all,STX_DOC_000812,2020.0,cyanobacteria,cyanobacteria_stx,cyanobacteria,CYANO_TAXON,Presence of Cyanotoxins in a Mexican Subtropical Monomictic Crater Lake
cyano_all,STX_DOC_000812,2020.0,cyanobacteria,cyanobacteria_stx,lyngbya,CYANO_TAXON,Presence of Cyanotoxins in a Mexican Subtropical Monomictic Crater Lake
cyano_all,STX_DOC_000812,2020.0,cyanobacteria,cyanobacteria_stx,bloom,ENV_FACTOR,Presence of Cyanotoxins in a Mexican Subtropical Monomictic Crater Lake
cyano_all,STX_DOC_000812,2020.0,cyanobacteria,cyanobacteria_stx,hplc,DETECTION_METHOD,Presence of Cyanotoxins in a Mexican Subtropical Monomictic Crater Lake
cyano_all,STX_DOC_000812,2020.0,cyanobacteria,cyanobacteria_stx,mass spectrometry,DETECTION_METHOD,Presence of Cyanotoxins in a Mexican Subtropical Monomictic Crater Lake
cyano_all,STX_DOC_000813,2020.0,cyanobacteria,high_confidence_stx_biosynthesis,saxitoxin,TOXIN,"Absence of Cyanotoxins in Llayta, Edible Nostocaceae Colonies from the Andes Highlands."
cyano_all,STX_DOC_000813,2020.0,cyanobacteria,high_confidence_stx_biosynthesis,cyanobacteria,CYANO_TAXON,"Absence of Cyanotoxins in Llayta, Edible Nostocaceae Colonies from the Andes Highlands."
cyano_all,STX_DOC_000813,2020.0,cyanobacteria,high_confidence_stx_biosynthesis,cyanobacterial,CYANO_TAXON,"Absence of Cyanotoxins in Llayta, Edible Nostocaceae Colonies from the Andes Highlands."
cyano_all,STX_DOC_000813,2020.0,cyanobacteria,high_confidence_stx_biosynthesis,biosynthesis,BIOLOGICAL_PROCESS,"Absence of Cyanotoxins in Llayta, Edible Nostocaceae Colonies from the Andes Highlands."
cyano_all,STX_DOC_000813,2020.0,cyanobacteria,high_confidence_stx_biosynthesis,toxin biosynthesis,BIOLOGICAL_PROCESS,"Absence of Cyanotoxins in Llayta, Edible Nostocaceae Colonies from the Andes Highlands."
cyano_all,STX_DOC_000815,2019.0,cyanobacteria,cyanobacteria_stx,saxitoxin,TOXIN,Nitrogen-phosphorus-associated metabolic activities during the development of a cyanobacterial bloom revealed by metatranscriptomics.
cyano_all,STX_DOC_000815,2019.0,cyanobacteria,cyanobacteria_stx,cyanobacterial,CYANO_TAXON,Nitrogen-phosphorus-associated metabolic activities during the development of a cyanobacterial bloom revealed by metatranscriptomics.
cyano_all,STX_DOC_000815,2019.0,cyanobacteria,cyanobacteria_stx,anabaena,CYANO_TAXON,Nitrogen-phosphorus-associated metabolic activities during the development of a cyanobacterial bloom revealed by metatranscriptomics.
cyano_all,STX_DOC_000815,2019.0,cyanobacteria,cyanobacteria_stx,nitrogen,ENV_FACTOR,Nitrogen-phosphorus-associated metabolic activities during the development of a cyanobacterial bloom revealed by metatranscriptomics.
cyano_all,STX_DOC_000815,2019.0,cyanobacteria,cyanobacteria_stx,phosphorus,ENV_FACTOR,Nitrogen-phosphorus-associated metabolic activities during the development of a cyanobacterial bloom revealed by metatranscriptomics.
cyano_all,STX_DOC_000815,2019.0,cyanobacteria,cyanobacteria_stx,nutrient,ENV_FACTOR,Nitrogen-phosphorus-associated metabolic activities during the development of a cyanobacterial bloom revealed by metatranscriptomics.
cyano_all,STX_DOC_000815,2019.0,cyanobacteria,cyanobacteria_stx,bloom,ENV_FACTOR,Nitrogen-phosphorus-associated metabolic activities during the development of a cyanobacterial bloom revealed by metatranscriptomics.
cyano_all,STX_DOC_000815,2019.0,cyanobacteria,cyanobacteria_stx,transcriptomic,BIOLOGICAL_PROCESS,Nitrogen-phosphorus-associated metabolic activities during the development of a cyanobacterial bloom revealed by metatranscriptomics.
cyano_all,STX_DOC_000817,2018.0,cross_taxa,dinoflagellate_stx,saxitoxin,TOXIN,Potentially harmful microalgae and algal blooms in the Red Sea: Current knowledge and research needs.
cyano_all,STX_DOC_000817,2018.0,cross_taxa,dinoflagellate_stx,dinoflagellates,DINO_TAXON,Potentially harmful microalgae and algal blooms in the Red Sea: Current knowledge and research needs.
cyano_all,STX_DOC_000817,2018.0,cross_taxa,dinoflagellate_stx,cyanobacteria,CYANO_TAXON,Potentially harmful microalgae and algal blooms in the Red Sea: Current knowledge and research needs.
cyano_all,STX_DOC_000817,2018.0,cross_taxa,dinoflagellate_stx,cyanobacterial,CYANO_TAXON,Potentially harmful microalgae and algal blooms in the Red Sea: Current knowledge and research needs.
cyano_all,STX_DOC_000817,2018.0,cross_taxa,dinoflagellate_stx,climate,ENV_FACTOR,Potentially harmful microalgae and algal blooms in the Red Sea: Current knowledge and research needs.
cyano_all,STX_DOC_000818,2018.0,cyanobacteria,cyanobacteria_stx,saxitoxin,TOXIN,"Paralytic Shellfish Toxins Occurrence in Non-Traditional Invertebrate Vectors from North Atlantic Waters (Azores, Madeira, and Morocco)."
cyano_all,STX_DOC_000818,2018.0,cyanobacteria,cyanobacteria_stx,paralytic shellfish toxins,TOXIN,"Paralytic Shellfish Toxins Occurrence in Non-Traditional Invertebrate Vectors from North Atlantic Waters (Azores, Madeira, and Morocco)."
cyano_all,STX_DOC_000818,2018.0,cyanobacteria,cyanobacteria_stx,psts,TOXIN,"Paralytic Shellfish Toxins Occurrence in Non-Traditional Invertebrate Vectors from North Atlantic Waters (Azores, Madeira, and Morocco)."
cyano_all,STX_DOC_000818,2018.0,cyanobacteria,cyanobacteria_stx,cyanobacterial,CYANO_TAXON,"Paralytic Shellfish Toxins Occurrence in Non-Traditional Invertebrate Vectors from North Atlantic Waters (Azores, Madeira, and Morocco)."
cyano_all,STX_DOC_000819,2017.0,cyanobacteria,cyanobacteria_stx,saxitoxin,TOXIN,Single and combined effects of microcystin- and saxitoxin-producing cyanobacteria on the fitness and antioxidant defenses of cladocerans.
cyano_all,STX_DOC_000819,2017.0,cyanobacteria,cyanobacteria_stx,cyanobacteria,CYANO_TAXON,Single and combined effects of microcystin- and saxitoxin-producing cyanobacteria on the fitness and antioxidant defenses of cladocerans.
cyano_all,STX_DOC_000819,2017.0,cyanobacteria,cyanobacteria_stx,cyanobacterial,CYANO_TAXON,Single and combined effects of microcystin- and saxitoxin-producing cyanobacteria on the fitness and antioxidant defenses of cladocerans.
cyano_all,STX_DOC_000821,2017.0,cyanobacteria,cyanobacteria_stx,saxitoxin,TOXIN,Monitoring a newly re-born patient: water quality and cyanotoxin occurrence in a reconstructed shallow Mediterranean lake
cyano_all,STX_DOC_000821,2017.0,cyanobacteria,cyanobacteria_stx,cyanobacteria,CYANO_TAXON,Monitoring a newly re-born patient: water quality and cyanotoxin occurrence in a reconstructed shallow Mediterranean lake
cyano_all,STX_DOC_000821,2017.0,cyanobacteria,cyanobacteria_stx,cyanobacterial,CYANO_TAXON,Monitoring a newly re-born patient: water quality and cyanotoxin occurrence in a reconstructed shallow Mediterranean lake
cyano_all,STX_DOC_000821,2017.0,cyanobacteria,cyanobacteria_stx,cylindrospermopsis,CYANO_TAXON,Monitoring a newly re-born patient: water quality and cyanotoxin occurrence in a reconstructed shallow Mediterranean lake
cyano_all,STX_DOC_000821,2017.0,cyanobacteria,cyanobacteria_stx,bloom,ENV_FACTOR,Monitoring a newly re-born patient: water quality and cyanotoxin occurrence in a reconstructed shallow Mediterranean lake
cyano_all,STX_DOC_000821,2017.0,cyanobacteria,cyanobacteria_stx,lc-ms,DETECTION_METHOD,Monitoring a newly re-born patient: water quality and cyanotoxin occurrence in a reconstructed shallow Mediterranean lake
cyano_all,STX_DOC_000821,2017.0,cyanobacteria,cyanobacteria_stx,lc-ms/ms,DETECTION_METHOD,Monitoring a newly re-born patient: water quality and cyanotoxin occurrence in a reconstructed shallow Mediterranean lake
cyano_all,STX_DOC_000821,2017.0,cyanobacteria,cyanobacteria_stx,mass spectrometry,DETECTION_METHOD,Monitoring a newly re-born patient: water quality and cyanotoxin occurrence in a reconstructed shallow Mediterranean lake
cyano_all,STX_DOC_000822,2017.0,cyanobacteria,cyanobacteria_stx,paralytic shellfish poisoning,TOXIN,"Climate Change and Agroforestry: Adaptation, Mitigation and Livelihood Security"
cyano_all,STX_DOC_000822,2017.0,cyanobacteria,cyanobacteria_stx,cyanobacteria,CYANO_TAXON,"Climate Change and Agroforestry: Adaptation, Mitigation and Livelihood Security"
cyano_all,STX_DOC_000822,2017.0,cyanobacteria,cyanobacteria_stx,temperature,ENV_FACTOR,"Climate Change and Agroforestry: Adaptation, Mitigation and Livelihood Security"
cyano_all,STX_DOC_000822,2017.0,cyanobacteria,cyanobacteria_stx,climate,ENV_FACTOR,"Climate Change and Agroforestry: Adaptation, Mitigation and Livelihood Security"
cyano_all,STX_DOC_000822,2017.0,cyanobacteria,cyanobacteria_stx,toxicity,BIOLOGICAL_PROCESS,"Climate Change and Agroforestry: Adaptation, Mitigation and Livelihood Security"
cyano_all,STX_DOC_000823,2016.0,cyanobacteria,cyanobacteria_stx,cyanobacterium,CYANO_TAXON,Understanding the winning strategies used by the bloom-forming cyanobacterium Cylindrospermopsis raciborskii.
cyano_all,STX_DOC_000823,2016.0,cyanobacteria,cyanobacteria_stx,cylindrospermopsis,CYANO_TAXON,Understanding the winning strategies used by the bloom-forming cyanobacterium Cylindrospermopsis raciborskii.
cyano_all,STX_DOC_000823,2016.0,cyanobacteria,cyanobacteria_stx,salinity,ENV_FACTOR,Understanding the winning strategies used by the bloom-forming cyanobacterium Cylindrospermopsis raciborskii.
cyano_all,STX_DOC_000823,2016.0,cyanobacteria,cyanobacteria_stx,nutrients,ENV_FACTOR,Understanding the winning strategies used by the bloom-forming cyanobacterium Cylindrospermopsis raciborskii.
cyano_all,STX_DOC_000823,2016.0,cyanobacteria,cyanobacteria_stx,light,ENV_FACTOR,Understanding the winning strategies used by the bloom-forming cyanobacterium Cylindrospermopsis raciborskii.
cyano_all,STX_DOC_000823,2016.0,cyanobacteria,cyanobacteria_stx,bloom,ENV_FACTOR,Understanding the winning strategies used by the bloom-forming cyanobacterium Cylindrospermopsis raciborskii.
cyano_all,STX_DOC_000824,2016.0,cyanobacteria,cyanobacteria_stx,saxitoxin,TOXIN,"Spatial and temporal variations of a saxitoxin analogue (LWTX-1) in Lyngbya wollei (Cyanobacteria) mats in the St. Lawrence River (Québec, Canada)."
cyano_all,STX_DOC_000824,2016.0,cyanobacteria,cyanobacteria_stx,cyanobacteria,CYANO_TAXON,"Spatial and temporal variations of a saxitoxin analogue (LWTX-1) in Lyngbya wollei (Cyanobacteria) mats in the St. Lawrence River (Québec, Canada)."
cyano_all,STX_DOC_000824,2016.0,cyanobacteria,cyanobacteria_stx,cyanobacterium,CYANO_TAXON,"Spatial and temporal variations of a saxitoxin analogue (LWTX-1) in Lyngbya wollei (Cyanobacteria) mats in the St. Lawrence River (Québec, Canada)."
cyano_all,STX_DOC_000824,2016.0,cyanobacteria,cyanobacteria_stx,lyngbya,CYANO_TAXON,"Spatial and temporal variations of a saxitoxin analogue (LWTX-1) in Lyngbya wollei (Cyanobacteria) mats in the St. Lawrence River (Québec, Canada)."
cyano_all,STX_DOC_000824,2016.0,cyanobacteria,cyanobacteria_stx,temperature,ENV_FACTOR,"Spatial and temporal variations of a saxitoxin analogue (LWTX-1) in Lyngbya wollei (Cyanobacteria) mats in the St. Lawrence River (Québec, Canada)."
cyano_all,STX_DOC_000824,2016.0,cyanobacteria,cyanobacteria_stx,nutrients,ENV_FACTOR,"Spatial and temporal variations of a saxitoxin analogue (LWTX-1) in Lyngbya wollei (Cyanobacteria) mats in the St. Lawrence River (Québec, Canada)."
cyano_all,STX_DOC_000824,2016.0,cyanobacteria,cyanobacteria_stx,toxicity,BIOLOGICAL_PROCESS,"Spatial and temporal variations of a saxitoxin analogue (LWTX-1) in Lyngbya wollei (Cyanobacteria) mats in the St. Lawrence River (Québec, Canada)."
cyano_all,STX_DOC_000824,2016.0,cyanobacteria,cyanobacteria_stx,toxin production,BIOLOGICAL_PROCESS,"Spatial and temporal variations of a saxitoxin analogue (LWTX-1) in Lyngbya wollei (Cyanobacteria) mats in the St. Lawrence River (Québec, Canada)."
cyano_all,STX_DOC_000825,2016.0,cyanobacteria,cyanobacteria_stx,saxitoxin,TOXIN,Simulation of saxitoxins adsorption in full-scale GAC filter using HSDM.
cyano_all,STX_DOC_000825,2016.0,cyanobacteria,cyanobacteria_stx,stx,TOXIN,Simulation of saxitoxins adsorption in full-scale GAC filter using HSDM.
cyano_all,STX_DOC_000825,2016.0,cyanobacteria,cyanobacteria_stx,cyanobacteria,CYANO_TAXON,Simulation of saxitoxins adsorption in full-scale GAC filter using HSDM.
cyano_all,STX_DOC_000830,2014.0,cross_taxa,dinoflagellate_stx,paralytic shellfish poisoning,TOXIN,Dinoflagellate Toxins: An Overview
cyano_all,STX_DOC_000830,2014.0,cross_taxa,dinoflagellate_stx,dinoflagellate,DINO_TAXON,Dinoflagellate Toxins: An Overview
cyano_all,STX_DOC_000830,2014.0,cross_taxa,dinoflagellate_stx,dinoflagellates,DINO_TAXON,Dinoflagellate Toxins: An Overview
cyano_all,STX_DOC_000830,2014.0,cross_taxa,dinoflagellate_stx,alexandrium,DINO_TAXON,Dinoflagellate Toxins: An Overview
cyano_all,STX_DOC_000830,2014.0,cross_taxa,dinoflagellate_stx,cyanobacteria,CYANO_TAXON,Dinoflagellate Toxins: An Overview
cyano_all,STX_DOC_000832,2014.0,cross_taxa,dinoflagellate_stx,paralytic shellfish toxins,TOXIN,BMAA in shellfish from two Portuguese transitional water bodies suggests the marine dinoflagellate Gymnodinium catenatum as a potential BMAA source.
cyano_all,STX_DOC_000832,2014.0,cross_taxa,dinoflagellate_stx,dinoflagellate,DINO_TAXON,BMAA in shellfish from two Portuguese transitional water bodies suggests the marine dinoflagellate Gymnodinium catenatum as a potential BMAA source.
cyano_all,STX_DOC_000832,2014.0,cross_taxa,dinoflagellate_stx,gymnodinium,DINO_TAXON,BMAA in shellfish from two Portuguese transitional water bodies suggests the marine dinoflagellate Gymnodinium catenatum as a potential BMAA source.
cyano_all,STX_DOC_000832,2014.0,cross_taxa,dinoflagellate_stx,gymnodinium catenatum,DINO_TAXON,BMAA in shellfish from two Portuguese transitional water bodies suggests the marine dinoflagellate Gymnodinium catenatum as a potential BMAA source.
cyano_all,STX_DOC_000832,2014.0,cross_taxa,dinoflagellate_stx,cyanobacterial,CYANO_TAXON,BMAA in shellfish from two Portuguese transitional water bodies suggests the marine dinoflagellate Gymnodinium catenatum as a potential BMAA source.
cyano_all,STX_DOC_000833,2013.0,cross_taxa,dinoflagellate_stx,saxitoxin,TOXIN,Paralytic shellfish toxins inhibit copper uptake in Chlamydomonas reinhardtii.
cyano_all,STX_DOC_000833,2013.0,cross_taxa,dinoflagellate_stx,paralytic shellfish toxins,TOXIN,Paralytic shellfish toxins inhibit copper uptake in Chlamydomonas reinhardtii.
cyano_all,STX_DOC_000833,2013.0,cross_taxa,dinoflagellate_stx,dinoflagellates,DINO_TAXON,Paralytic shellfish toxins inhibit copper uptake in Chlamydomonas reinhardtii.
cyano_all,STX_DOC_000833,2013.0,cross_taxa,dinoflagellate_stx,cyanobacteria,CYANO_TAXON,Paralytic shellfish toxins inhibit copper uptake in Chlamydomonas reinhardtii.
cyano_all,STX_DOC_000833,2013.0,cross_taxa,dinoflagellate_stx,bloom,ENV_FACTOR,Paralytic shellfish toxins inhibit copper uptake in Chlamydomonas reinhardtii.
cyano_all,STX_DOC_000833,2013.0,cross_taxa,dinoflagellate_stx,expression,BIOLOGICAL_PROCESS,Paralytic shellfish toxins inhibit copper uptake in Chlamydomonas reinhardtii.
cyano_all,STX_DOC_000834,2013.0,cyanobacteria,cyanobacteria_stx,neosaxitoxin,TOXIN,Zebrafish locomotor capacity and brain acetylcholinesterase activity is altered by Aphanizomenon flos-aquae DC-1 aphantoxins.
cyano_all,STX_DOC_000834,2013.0,cyanobacteria,cyanobacteria_stx,aphanizomenon,CYANO_TAXON,Zebrafish locomotor capacity and brain acetylcholinesterase activity is altered by Aphanizomenon flos-aquae DC-1 aphantoxins.
cyano_all,STX_DOC_000834,2013.0,cyanobacteria,cyanobacteria_stx,hplc,DETECTION_METHOD,Zebrafish locomotor capacity and brain acetylcholinesterase activity is altered by Aphanizomenon flos-aquae DC-1 aphantoxins.
cyano_all,STX_DOC_000836,2013.0,cyanobacteria,cyanobacteria_stx,saxitoxin,TOXIN,Growth and saxitoxin production by Cylindrospermopsis raciborskii (cyanobacteria) correlate with water hardness.
cyano_all,STX_DOC_000836,2013.0,cyanobacteria,cyanobacteria_stx,stx,TOXIN,Growth and saxitoxin production by Cylindrospermopsis raciborskii (cyanobacteria) correlate with water hardness.
cyano_all,STX_DOC_000836,2013.0,cyanobacteria,cyanobacteria_stx,cyanobacteria,CYANO_TAXON,Growth and saxitoxin production by Cylindrospermopsis raciborskii (cyanobacteria) correlate with water hardness.
cyano_all,STX_DOC_000836,2013.0,cyanobacteria,cyanobacteria_stx,cylindrospermopsis,CYANO_TAXON,Growth and saxitoxin production by Cylindrospermopsis raciborskii (cyanobacteria) correlate with water hardness.
cyano_all,STX_DOC_000839,2012.0,cyanobacteria,cyanobacteria_stx,cyanobacteria,CYANO_TAXON,Fate of cyanobacteria and their metabolites during water treatment sludge management processes.
cyano_all,STX_DOC_000839,2012.0,cyanobacteria,cyanobacteria_stx,cyanobacterial,CYANO_TAXON,Fate of cyanobacteria and their metabolites during water treatment sludge management processes.
cyano_all,STX_DOC_000839,2012.0,cyanobacteria,cyanobacteria_stx,anabaena,CYANO_TAXON,Fate of cyanobacteria and their metabolites during water treatment sludge management processes.
cyano_all,STX_DOC_000839,2012.0,cyanobacteria,cyanobacteria_stx,cylindrospermopsis,CYANO_TAXON,Fate of cyanobacteria and their metabolites during water treatment sludge management processes.
cyano_all,STX_DOC_000843,2011.0,cyanobacteria,cyanobacteria_stx,saxitoxin,TOXIN,Molecular and phylogenetic characterization of potentially toxic cyanobacteria in Tunisian freshwaters.
cyano_all,STX_DOC_000843,2011.0,cyanobacteria,cyanobacteria_stx,cyanobacteria,CYANO_TAXON,Molecular and phylogenetic characterization of potentially toxic cyanobacteria in Tunisian freshwaters.
cyano_all,STX_DOC_000843,2011.0,cyanobacteria,cyanobacteria_stx,cyanobacterial,CYANO_TAXON,Molecular and phylogenetic characterization of potentially toxic cyanobacteria in Tunisian freshwaters.
cyano_all,STX_DOC_000843,2011.0,cyanobacteria,cyanobacteria_stx,cylindrospermopsis,CYANO_TAXON,Molecular and phylogenetic characterization of potentially toxic cyanobacteria in Tunisian freshwaters.
cyano_all,STX_DOC_000843,2011.0,cyanobacteria,cyanobacteria_stx,planktothrix,CYANO_TAXON,Molecular and phylogenetic characterization of potentially toxic cyanobacteria in Tunisian freshwaters.
cyano_all,STX_DOC_000843,2011.0,cyanobacteria,cyanobacteria_stx,phylogenetic,BIOLOGICAL_PROCESS,Molecular and phylogenetic characterization of potentially toxic cyanobacteria in Tunisian freshwaters.
cyano_all,STX_DOC_000845,2010.0,cyanobacteria,cyanobacteria_stx,saxitoxin,TOXIN,Comparison of analytical tools and biological assays for detection of paralytic shellfish poisoning toxins.
cyano_all,STX_DOC_000845,2010.0,cyanobacteria,cyanobacteria_stx,psts,TOXIN,Comparison of analytical tools and biological assays for detection of paralytic shellfish poisoning toxins.
cyano_all,STX_DOC_000845,2010.0,cyanobacteria,cyanobacteria_stx,paralytic shellfish poisoning,TOXIN,Comparison of analytical tools and biological assays for detection of paralytic shellfish poisoning toxins.
cyano_all,STX_DOC_000845,2010.0,cyanobacteria,cyanobacteria_stx,cyanobacteria,CYANO_TAXON,Comparison of analytical tools and biological assays for detection of paralytic shellfish poisoning toxins.
cyano_all,STX_DOC_000845,2010.0,cyanobacteria,cyanobacteria_stx,toxicity,BIOLOGICAL_PROCESS,Comparison of analytical tools and biological assays for detection of paralytic shellfish poisoning toxins.
cyano_all,STX_DOC_000845,2010.0,cyanobacteria,cyanobacteria_stx,mouse bioassay,DETECTION_METHOD,Comparison of analytical tools and biological assays for detection of paralytic shellfish poisoning toxins.
cyano_all,STX_DOC_000849,2009.0,cyanobacteria,cyanobacteria_stx,cyanobacteria,CYANO_TAXON,Biomonitoring of cyanotoxins in two tropical reservoirs by cladoceran toxicity bioassays.
cyano_all,STX_DOC_000849,2009.0,cyanobacteria,cyanobacteria_stx,cyanobacterial,CYANO_TAXON,Biomonitoring of cyanotoxins in two tropical reservoirs by cladoceran toxicity bioassays.
cyano_all,STX_DOC_000849,2009.0,cyanobacteria,cyanobacteria_stx,anabaena,CYANO_TAXON,Biomonitoring of cyanotoxins in two tropical reservoirs by cladoceran toxicity bioassays.
cyano_all,STX_DOC_000849,2009.0,cyanobacteria,cyanobacteria_stx,cylindrospermopsis,CYANO_TAXON,Biomonitoring of cyanotoxins in two tropical reservoirs by cladoceran toxicity bioassays.
cyano_all,STX_DOC_000849,2009.0,cyanobacteria,cyanobacteria_stx,toxicity,BIOLOGICAL_PROCESS,Biomonitoring of cyanotoxins in two tropical reservoirs by cladoceran toxicity bioassays.
cyano_all,STX_DOC_000850,2009.0,cross_taxa,dinoflagellate_stx,saxitoxin,TOXIN,Screening the toxicity and toxin content of blooms of the cyanobacterium Trichodesmium erythraeum (Ehrenberg) in northeast Brasil
cyano_all,STX_DOC_000850,2009.0,cross_taxa,dinoflagellate_stx,dinoflagellates,DINO_TAXON,Screening the toxicity and toxin content of blooms of the cyanobacterium Trichodesmium erythraeum (Ehrenberg) in northeast Brasil
cyano_all,STX_DOC_000850,2009.0,cross_taxa,dinoflagellate_stx,cyanobacterium,CYANO_TAXON,Screening the toxicity and toxin content of blooms of the cyanobacterium Trichodesmium erythraeum (Ehrenberg) in northeast Brasil
cyano_all,STX_DOC_000850,2009.0,cross_taxa,dinoflagellate_stx,nitrogen,ENV_FACTOR,Screening the toxicity and toxin content of blooms of the cyanobacterium Trichodesmium erythraeum (Ehrenberg) in northeast Brasil
cyano_all,STX_DOC_000850,2009.0,cross_taxa,dinoflagellate_stx,toxicity,BIOLOGICAL_PROCESS,Screening the toxicity and toxin content of blooms of the cyanobacterium Trichodesmium erythraeum (Ehrenberg) in northeast Brasil
cyano_all,STX_DOC_000850,2009.0,cross_taxa,dinoflagellate_stx,hplc,DETECTION_METHOD,Screening the toxicity and toxin content of blooms of the cyanobacterium Trichodesmium erythraeum (Ehrenberg) in northeast Brasil
cyano_all,STX_DOC_000850,2009.0,cross_taxa,dinoflagellate_stx,mouse bioassay,DETECTION_METHOD,Screening the toxicity and toxin content of blooms of the cyanobacterium Trichodesmium erythraeum (Ehrenberg) in northeast Brasil
cyano_all,STX_DOC_000850,2009.0,cross_taxa,dinoflagellate_stx,elisa,DETECTION_METHOD,Screening the toxicity and toxin content of blooms of the cyanobacterium Trichodesmium erythraeum (Ehrenberg) in northeast Brasil
cyano_all,STX_DOC_000851,2007.0,cyanobacteria,cyanobacteria_stx,cyanobacteria,CYANO_TAXON,FIRST REPORT OF THE CYANOTOXIN ANATOXIN‐A FROM <i>APHANIZOMENON ISSATSCHENKOI</i> (CYANOBACTERIA)<sup>1</sup>
cyano_all,STX_DOC_000851,2007.0,cyanobacteria,cyanobacteria_stx,cyanobacterial,CYANO_TAXON,FIRST REPORT OF THE CYANOTOXIN ANATOXIN‐A FROM <i>APHANIZOMENON ISSATSCHENKOI</i> (CYANOBACTERIA)<sup>1</sup>
cyano_all,STX_DOC_000851,2007.0,cyanobacteria,cyanobacteria_stx,aphanizomenon,CYANO_TAXON,FIRST REPORT OF THE CYANOTOXIN ANATOXIN‐A FROM <i>APHANIZOMENON ISSATSCHENKOI</i> (CYANOBACTERIA)<sup>1</sup>
cyano_all,STX_DOC_000851,2007.0,cyanobacteria,cyanobacteria_stx,bloom,ENV_FACTOR,FIRST REPORT OF THE CYANOTOXIN ANATOXIN‐A FROM <i>APHANIZOMENON ISSATSCHENKOI</i> (CYANOBACTERIA)<sup>1</sup>
cyano_all,STX_DOC_000851,2007.0,cyanobacteria,cyanobacteria_stx,biosynthesis,BIOLOGICAL_PROCESS,FIRST REPORT OF THE CYANOTOXIN ANATOXIN‐A FROM <i>APHANIZOMENON ISSATSCHENKOI</i> (CYANOBACTERIA)<sup>1</sup>
cyano_all,STX_DOC_000851,2007.0,cyanobacteria,cyanobacteria_stx,phylogenetic,BIOLOGICAL_PROCESS,FIRST REPORT OF THE CYANOTOXIN ANATOXIN‐A FROM <i>APHANIZOMENON ISSATSCHENKOI</i> (CYANOBACTERIA)<sup>1</sup>
cyano_all,STX_DOC_000851,2007.0,cyanobacteria,cyanobacteria_stx,toxicity,BIOLOGICAL_PROCESS,FIRST REPORT OF THE CYANOTOXIN ANATOXIN‐A FROM <i>APHANIZOMENON ISSATSCHENKOI</i> (CYANOBACTERIA)<sup>1</sup>
cyano_all,STX_DOC_000851,2007.0,cyanobacteria,cyanobacteria_stx,mass spectrometry,DETECTION_METHOD,FIRST REPORT OF THE CYANOTOXIN ANATOXIN‐A FROM <i>APHANIZOMENON ISSATSCHENKOI</i> (CYANOBACTERIA)<sup>1</sup>
cyano_all,STX_DOC_000852,2007.0,cyanobacteria,cyanobacteria_stx,stx,TOXIN,Toxins of cyanobacteria.
cyano_all,STX_DOC_000852,2007.0,cyanobacteria,cyanobacteria_stx,cyanobacteria,CYANO_TAXON,Toxins of cyanobacteria.
cyano_all,STX_DOC_000852,2007.0,cyanobacteria,cyanobacteria_stx,cyanobacterial,CYANO_TAXON,Toxins of cyanobacteria.
cyano_all,STX_DOC_000852,2007.0,cyanobacteria,cyanobacteria_stx,bloom,ENV_FACTOR,Toxins of cyanobacteria.
cyano_all,STX_DOC_000852,2007.0,cyanobacteria,cyanobacteria_stx,toxicity,BIOLOGICAL_PROCESS,Toxins of cyanobacteria.
cyano_all,STX_DOC_000852,2007.0,cyanobacteria,cyanobacteria_stx,hplc,DETECTION_METHOD,Toxins of cyanobacteria.
cyano_all,STX_DOC_000854,2006.0,cyanobacteria,cyanobacteria_stx,stx,TOXIN,Toxins of cyanobacteria
cyano_all,STX_DOC_000854,2006.0,cyanobacteria,cyanobacteria_stx,cyanobacteria,CYANO_TAXON,Toxins of cyanobacteria
cyano_all,STX_DOC_000854,2006.0,cyanobacteria,cyanobacteria_stx,cyanobacterial,CYANO_TAXON,Toxins of cyanobacteria
cyano_all,STX_DOC_000854,2006.0,cyanobacteria,cyanobacteria_stx,bloom,ENV_FACTOR,Toxins of cyanobacteria
cyano_all,STX_DOC_000854,2006.0,cyanobacteria,cyanobacteria_stx,toxicity,BIOLOGICAL_PROCESS,Toxins of cyanobacteria
cyano_all,STX_DOC_000854,2006.0,cyanobacteria,cyanobacteria_stx,hplc,DETECTION_METHOD,Toxins of cyanobacteria
cyano_all,STX_DOC_000855,2006.0,cyanobacteria,cyanobacteria_stx,saxitoxin,TOXIN,Marine and freshwater toxins.
cyano_all,STX_DOC_000855,2006.0,cyanobacteria,cyanobacteria_stx,paralytic shellfish toxins,TOXIN,Marine and freshwater toxins.
cyano_all,STX_DOC_000855,2006.0,cyanobacteria,cyanobacteria_stx,cyanobacterial,CYANO_TAXON,Marine and freshwater toxins.
cyano_all,STX_DOC_000855,2006.0,cyanobacteria,cyanobacteria_stx,mass spectrometry,DETECTION_METHOD,Marine and freshwater toxins.
cyano_all,STX_DOC_000855,2006.0,cyanobacteria,cyanobacteria_stx,mouse bioassay,DETECTION_METHOD,Marine and freshwater toxins.
cyano_all,STX_DOC_000856,2006.0,cross_taxa,dinoflagellate_stx,paralytic shellfish poisoning,TOXIN,Ecological and toxicological effects of inorganic nitrogen pollution in aquatic ecosystems: A global assessment.
cyano_all,STX_DOC_000856,2006.0,cross_taxa,dinoflagellate_stx,dinoflagellates,DINO_TAXON,Ecological and toxicological effects of inorganic nitrogen pollution in aquatic ecosystems: A global assessment.
cyano_all,STX_DOC_000856,2006.0,cross_taxa,dinoflagellate_stx,cyanobacteria,CYANO_TAXON,Ecological and toxicological effects of inorganic nitrogen pollution in aquatic ecosystems: A global assessment.
cyano_all,STX_DOC_000856,2006.0,cross_taxa,dinoflagellate_stx,salinity,ENV_FACTOR,Ecological and toxicological effects of inorganic nitrogen pollution in aquatic ecosystems: A global assessment.
cyano_all,STX_DOC_000856,2006.0,cross_taxa,dinoflagellate_stx,nitrogen,ENV_FACTOR,Ecological and toxicological effects of inorganic nitrogen pollution in aquatic ecosystems: A global assessment.
cyano_all,STX_DOC_000856,2006.0,cross_taxa,dinoflagellate_stx,nitrate,ENV_FACTOR,Ecological and toxicological effects of inorganic nitrogen pollution in aquatic ecosystems: A global assessment.
cyano_all,STX_DOC_000856,2006.0,cross_taxa,dinoflagellate_stx,toxicity,BIOLOGICAL_PROCESS,Ecological and toxicological effects of inorganic nitrogen pollution in aquatic ecosystems: A global assessment.
cyano_all,STX_DOC_000861,2004.0,cyanobacteria,cyanobacteria_stx,stx,TOXIN,"Removal of saxitoxins from drinking water by granular activated carbon, ozone and hydrogen peroxide--implications for compliance with the Australian drinking water guidelines."
cyano_all,STX_DOC_000861,2004.0,cyanobacteria,cyanobacteria_stx,gtx,TOXIN,"Removal of saxitoxins from drinking water by granular activated carbon, ozone and hydrogen peroxide--implications for compliance with the Australian drinking water guidelines."
cyano_all,STX_DOC_000861,2004.0,cyanobacteria,cyanobacteria_stx,anabaena,CYANO_TAXON,"Removal of saxitoxins from drinking water by granular activated carbon, ozone and hydrogen peroxide--implications for compliance with the Australian drinking water guidelines."
cyano_all,STX_DOC_000861,2004.0,cyanobacteria,cyanobacteria_stx,toxicity,BIOLOGICAL_PROCESS,"Removal of saxitoxins from drinking water by granular activated carbon, ozone and hydrogen peroxide--implications for compliance with the Australian drinking water guidelines."
cyano_all,STX_DOC_000862,2003.0,cyanobacteria,cyanobacteria_stx,saxitoxin,TOXIN,The freshwater cyanobacterium <i>Lyngbya aerugineo‐coerulea</i> produces compounds toxic to mice and to mammalian and fish cells
cyano_all,STX_DOC_000862,2003.0,cyanobacteria,cyanobacteria_stx,cyanobacterium,CYANO_TAXON,The freshwater cyanobacterium <i>Lyngbya aerugineo‐coerulea</i> produces compounds toxic to mice and to mammalian and fish cells
cyano_all,STX_DOC_000862,2003.0,cyanobacteria,cyanobacteria_stx,cyanobacterial,CYANO_TAXON,The freshwater cyanobacterium <i>Lyngbya aerugineo‐coerulea</i> produces compounds toxic to mice and to mammalian and fish cells
cyano_all,STX_DOC_000862,2003.0,cyanobacteria,cyanobacteria_stx,lyngbya,CYANO_TAXON,The freshwater cyanobacterium <i>Lyngbya aerugineo‐coerulea</i> produces compounds toxic to mice and to mammalian and fish cells
cyano_all,STX_DOC_000862,2003.0,cyanobacteria,cyanobacteria_stx,temperature,ENV_FACTOR,The freshwater cyanobacterium <i>Lyngbya aerugineo‐coerulea</i> produces compounds toxic to mice and to mammalian and fish cells
cyano_all,STX_DOC_000862,2003.0,cyanobacteria,cyanobacteria_stx,toxicity,BIOLOGICAL_PROCESS,The freshwater cyanobacterium <i>Lyngbya aerugineo‐coerulea</i> produces compounds toxic to mice and to mammalian and fish cells
cyano_all,STX_DOC_000862,2003.0,cyanobacteria,cyanobacteria_stx,chemical analysis,DETECTION_METHOD,The freshwater cyanobacterium <i>Lyngbya aerugineo‐coerulea</i> produces compounds toxic to mice and to mammalian and fish cells
cyano_all,STX_DOC_000865,2003.0,cyanobacteria,cyanobacteria_stx,saxitoxin,TOXIN,The Analysis of Cyanobacterial Neurotoxins by High-Performance Liquid Chromatography-Mass Spectrometry
cyano_all,STX_DOC_000865,2003.0,cyanobacteria,cyanobacteria_stx,cyanobacteria,CYANO_TAXON,The Analysis of Cyanobacterial Neurotoxins by High-Performance Liquid Chromatography-Mass Spectrometry
cyano_all,STX_DOC_000865,2003.0,cyanobacteria,cyanobacteria_stx,cyanobacterial,CYANO_TAXON,The Analysis of Cyanobacterial Neurotoxins by High-Performance Liquid Chromatography-Mass Spectrometry
cyano_all,STX_DOC_000865,2003.0,cyanobacteria,cyanobacteria_stx,aphanizomenon,CYANO_TAXON,The Analysis of Cyanobacterial Neurotoxins by High-Performance Liquid Chromatography-Mass Spectrometry
cyano_all,STX_DOC_000865,2003.0,cyanobacteria,cyanobacteria_stx,anabaena,CYANO_TAXON,The Analysis of Cyanobacterial Neurotoxins by High-Performance Liquid Chromatography-Mass Spectrometry
cyano_all,STX_DOC_000865,2003.0,cyanobacteria,cyanobacteria_stx,mass spectrometry,DETECTION_METHOD,The Analysis of Cyanobacterial Neurotoxins by High-Performance Liquid Chromatography-Mass Spectrometry
cyano_all,STX_DOC_000866,2003.0,cyanobacteria,cyanobacteria_stx,saxitoxin,TOXIN,The freshwater cyanobacterium Lyngbya aerugineo-coerulea produces compounds toxic to mice and to mammalian and fish cells.
cyano_all,STX_DOC_000866,2003.0,cyanobacteria,cyanobacteria_stx,cyanobacterium,CYANO_TAXON,The freshwater cyanobacterium Lyngbya aerugineo-coerulea produces compounds toxic to mice and to mammalian and fish cells.
cyano_all,STX_DOC_000866,2003.0,cyanobacteria,cyanobacteria_stx,cyanobacterial,CYANO_TAXON,The freshwater cyanobacterium Lyngbya aerugineo-coerulea produces compounds toxic to mice and to mammalian and fish cells.
cyano_all,STX_DOC_000866,2003.0,cyanobacteria,cyanobacteria_stx,lyngbya,CYANO_TAXON,The freshwater cyanobacterium Lyngbya aerugineo-coerulea produces compounds toxic to mice and to mammalian and fish cells.
cyano_all,STX_DOC_000866,2003.0,cyanobacteria,cyanobacteria_stx,temperature,ENV_FACTOR,The freshwater cyanobacterium Lyngbya aerugineo-coerulea produces compounds toxic to mice and to mammalian and fish cells.
cyano_all,STX_DOC_000866,2003.0,cyanobacteria,cyanobacteria_stx,toxicity,BIOLOGICAL_PROCESS,The freshwater cyanobacterium Lyngbya aerugineo-coerulea produces compounds toxic to mice and to mammalian and fish cells.
cyano_all,STX_DOC_000866,2003.0,cyanobacteria,cyanobacteria_stx,chemical analysis,DETECTION_METHOD,The freshwater cyanobacterium Lyngbya aerugineo-coerulea produces compounds toxic to mice and to mammalian and fish cells.
cyano_all,STX_DOC_000873,1999.0,cyanobacteria,cyanobacteria_stx,cyanobacteria,CYANO_TAXON,Recent Advances of Toxic Cyanobacteria Researches
cyano_all,STX_DOC_000873,1999.0,cyanobacteria,cyanobacteria_stx,aphanizomenon,CYANO_TAXON,Recent Advances of Toxic Cyanobacteria Researches
cyano_all,STX_DOC_000873,1999.0,cyanobacteria,cyanobacteria_stx,anabaena,CYANO_TAXON,Recent Advances of Toxic Cyanobacteria Researches
cyano_all,STX_DOC_000873,1999.0,cyanobacteria,cyanobacteria_stx,cylindrospermopsis,CYANO_TAXON,Recent Advances of Toxic Cyanobacteria Researches
cyano_all,STX_DOC_000873,1999.0,cyanobacteria,cyanobacteria_stx,regulation,BIOLOGICAL_PROCESS,Recent Advances of Toxic Cyanobacteria Researches
cyano_all,STX_DOC_000876,1993.0,cyanobacteria,cyanobacteria_stx,saxitoxin,TOXIN,Toxic Water Bloom of Blue-green Algae: Biological and Chemical Charactereristics.
cyano_all,STX_DOC_000876,1993.0,cyanobacteria,cyanobacteria_stx,neosaxitoxin,TOXIN,Toxic Water Bloom of Blue-green Algae: Biological and Chemical Charactereristics.
cyano_all,STX_DOC_000876,1993.0,cyanobacteria,cyanobacteria_stx,aphanizomenon,CYANO_TAXON,Toxic Water Bloom of Blue-green Algae: Biological and Chemical Charactereristics.
cyano_all,STX_DOC_000876,1993.0,cyanobacteria,cyanobacteria_stx,anabaena,CYANO_TAXON,Toxic Water Bloom of Blue-green Algae: Biological and Chemical Charactereristics.
cyano_all,STX_DOC_000876,1993.0,cyanobacteria,cyanobacteria_stx,bloom,ENV_FACTOR,Toxic Water Bloom of Blue-green Algae: Biological and Chemical Charactereristics.
cyano_all,STX_DOC_000885,2026.0,cyanobacteria,cyanobacteria_stx,saxitoxin,TOXIN,Zooplankton are adversely affected by chronic exposure to Raphidiopsis raciborskii (Cyanobacteria) and acetamiprid: A study of single and combined toxicity.
cyano_all,STX_DOC_000885,2026.0,cyanobacteria,cyanobacteria_stx,cyanobacteria,CYANO_TAXON,Zooplankton are adversely affected by chronic exposure to Raphidiopsis raciborskii (Cyanobacteria) and acetamiprid: A study of single and combined toxicity.
cyano_all,STX_DOC_000885,2026.0,cyanobacteria,cyanobacteria_stx,cyanobacterium,CYANO_TAXON,Zooplankton are adversely affected by chronic exposure to Raphidiopsis raciborskii (Cyanobacteria) and acetamiprid: A study of single and combined toxicity.
cyano_all,STX_DOC_000885,2026.0,cyanobacteria,cyanobacteria_stx,cyanobacterial,CYANO_TAXON,Zooplankton are adversely affected by chronic exposure to Raphidiopsis raciborskii (Cyanobacteria) and acetamiprid: A study of single and combined toxicity.
cyano_all,STX_DOC_000885,2026.0,cyanobacteria,cyanobacteria_stx,toxicity,BIOLOGICAL_PROCESS,Zooplankton are adversely affected by chronic exposure to Raphidiopsis raciborskii (Cyanobacteria) and acetamiprid: A study of single and combined toxicity.
cyano_all,STX_DOC_000886,2026.0,cyanobacteria,cyanobacteria_stx,saxitoxin,TOXIN,Conductive polymer-based electrochemical aptasensor for sensitive detection of cylindrospermopsin in water resources.
cyano_all,STX_DOC_000886,2026.0,cyanobacteria,cyanobacteria_stx,stx,TOXIN,Conductive polymer-based electrochemical aptasensor for sensitive detection of cylindrospermopsin in water resources.
cyano_all,STX_DOC_000886,2026.0,cyanobacteria,cyanobacteria_stx,cyanobacterial,CYANO_TAXON,Conductive polymer-based electrochemical aptasensor for sensitive detection of cylindrospermopsin in water resources.
cyano_all,STX_DOC_000886,2026.0,cyanobacteria,cyanobacteria_stx,climate,ENV_FACTOR,Conductive polymer-based electrochemical aptasensor for sensitive detection of cylindrospermopsin in water resources.
cyano_all,STX_DOC_000886,2026.0,cyanobacteria,cyanobacteria_stx,aptasensor,DETECTION_METHOD,Conductive polymer-based electrochemical aptasensor for sensitive detection of cylindrospermopsin in water resources.
cyano_all,STX_DOC_000887,2025.0,cyanobacteria,cyanobacteria_stx,saxitoxin,TOXIN,Integrative assessment of the genotoxic effects of the neurotoxin saxitoxin produced by the freshwater cyanobacterium <i>Raphidiopsis raciborskii</i>.
cyano_all,STX_DOC_000887,2025.0,cyanobacteria,cyanobacteria_stx,stx,TOXIN,Integrative assessment of the genotoxic effects of the neurotoxin saxitoxin produced by the freshwater cyanobacterium <i>Raphidiopsis raciborskii</i>.
cyano_all,STX_DOC_000887,2025.0,cyanobacteria,cyanobacteria_stx,cyanobacteria,CYANO_TAXON,Integrative assessment of the genotoxic effects of the neurotoxin saxitoxin produced by the freshwater cyanobacterium <i>Raphidiopsis raciborskii</i>.
cyano_all,STX_DOC_000887,2025.0,cyanobacteria,cyanobacteria_stx,cyanobacterium,CYANO_TAXON,Integrative assessment of the genotoxic effects of the neurotoxin saxitoxin produced by the freshwater cyanobacterium <i>Raphidiopsis raciborskii</i>.
cyano_all,STX_DOC_000887,2025.0,cyanobacteria,cyanobacteria_stx,regulation,BIOLOGICAL_PROCESS,Integrative assessment of the genotoxic effects of the neurotoxin saxitoxin produced by the freshwater cyanobacterium <i>Raphidiopsis raciborskii</i>.
cyano_all,STX_DOC_000888,2025.0,cross_taxa,dinoflagellate_stx,paralytic shellfish toxins,TOXIN,Investigation into Paralytic Shellfish Toxins and Microcystins in Seabirds from Portugal.
cyano_all,STX_DOC_000888,2025.0,cross_taxa,dinoflagellate_stx,psts,TOXIN,Investigation into Paralytic Shellfish Toxins and Microcystins in Seabirds from Portugal.
cyano_all,STX_DOC_000888,2025.0,cross_taxa,dinoflagellate_stx,dinoflagellates,DINO_TAXON,Investigation into Paralytic Shellfish Toxins and Microcystins in Seabirds from Portugal.
cyano_all,STX_DOC_000888,2025.0,cross_taxa,dinoflagellate_stx,cyanobacteria,CYANO_TAXON,Investigation into Paralytic Shellfish Toxins and Microcystins in Seabirds from Portugal.
cyano_all,STX_DOC_000890,2024.0,cyanobacteria,cyanobacteria_stx,saxitoxin,TOXIN,Analyzing the neurotoxic effects of anatoxin-a and saxitoxin in zebrafish larvae.
cyano_all,STX_DOC_000890,2024.0,cyanobacteria,cyanobacteria_stx,stx,TOXIN,Analyzing the neurotoxic effects of anatoxin-a and saxitoxin in zebrafish larvae.
cyano_all,STX_DOC_000890,2024.0,cyanobacteria,cyanobacteria_stx,cyanobacteria,CYANO_TAXON,Analyzing the neurotoxic effects of anatoxin-a and saxitoxin in zebrafish larvae.
cyano_all,STX_DOC_000890,2024.0,cyanobacteria,cyanobacteria_stx,warming,ENV_FACTOR,Analyzing the neurotoxic effects of anatoxin-a and saxitoxin in zebrafish larvae.
cyano_all,STX_DOC_000890,2024.0,cyanobacteria,cyanobacteria_stx,climate,ENV_FACTOR,Analyzing the neurotoxic effects of anatoxin-a and saxitoxin in zebrafish larvae.
cyano_all,STX_DOC_000893,2023.0,cyanobacteria,cyanobacteria_stx,saxitoxin,TOXIN,Removal of saxitoxin and anatoxin-a by PAC in the presence and absence of microcystin-LR and/or cyanobacterial cells.
cyano_all,STX_DOC_000893,2023.0,cyanobacteria,cyanobacteria_stx,stx,TOXIN,Removal of saxitoxin and anatoxin-a by PAC in the presence and absence of microcystin-LR and/or cyanobacterial cells.
cyano_all,STX_DOC_000893,2023.0,cyanobacteria,cyanobacteria_stx,cyanobacteria,CYANO_TAXON,Removal of saxitoxin and anatoxin-a by PAC in the presence and absence of microcystin-LR and/or cyanobacterial cells.
cyano_all,STX_DOC_000893,2023.0,cyanobacteria,cyanobacteria_stx,cyanobacterial,CYANO_TAXON,Removal of saxitoxin and anatoxin-a by PAC in the presence and absence of microcystin-LR and/or cyanobacterial cells.
cyano_all,STX_DOC_000895,2023.0,cyanobacteria,cyanobacteria_stx,saxitoxin,TOXIN,Saxitoxin-Producing Raphidiopsis raciborskii (Cyanobacteria) Constrains Daphnia Fitness and Feeding Behavior Despite of High Nutritious Food Availability
cyano_all,STX_DOC_000895,2023.0,cyanobacteria,cyanobacteria_stx,stx,TOXIN,Saxitoxin-Producing Raphidiopsis raciborskii (Cyanobacteria) Constrains Daphnia Fitness and Feeding Behavior Despite of High Nutritious Food Availability
cyano_all,STX_DOC_000895,2023.0,cyanobacteria,cyanobacteria_stx,cyanobacteria,CYANO_TAXON,Saxitoxin-Producing Raphidiopsis raciborskii (Cyanobacteria) Constrains Daphnia Fitness and Feeding Behavior Despite of High Nutritious Food Availability
cyano_all,STX_DOC_000895,2023.0,cyanobacteria,cyanobacteria_stx,cyanobacterial,CYANO_TAXON,Saxitoxin-Producing Raphidiopsis raciborskii (Cyanobacteria) Constrains Daphnia Fitness and Feeding Behavior Despite of High Nutritious Food Availability
cyano_all,STX_DOC_000896,2023.0,cyanobacteria,cyanobacteria_stx,cyanobacteria,CYANO_TAXON,Ecological Implications in a Human-Impacted Lake-A Case Study of Cyanobacterial Blooms in a Recreationally Used Water Body.
cyano_all,STX_DOC_000896,2023.0,cyanobacteria,cyanobacteria_stx,cyanobacterial,CYANO_TAXON,Ecological Implications in a Human-Impacted Lake-A Case Study of Cyanobacterial Blooms in a Recreationally Used Water Body.
cyano_all,STX_DOC_000896,2023.0,cyanobacteria,cyanobacteria_stx,planktothrix,CYANO_TAXON,Ecological Implications in a Human-Impacted Lake-A Case Study of Cyanobacterial Blooms in a Recreationally Used Water Body.
cyano_all,STX_DOC_000897,2022.0,cyanobacteria,cyanobacteria_stx,saxitoxin,TOXIN,Benthic cyanobacteria: A utility-centred field study.
cyano_all,STX_DOC_000897,2022.0,cyanobacteria,cyanobacteria_stx,cyanobacteria,CYANO_TAXON,Benthic cyanobacteria: A utility-centred field study.
cyano_all,STX_DOC_000897,2022.0,cyanobacteria,cyanobacteria_stx,climate,ENV_FACTOR,Benthic cyanobacteria: A utility-centred field study.
cyano_all,STX_DOC_000898,2022.0,cyanobacteria,cyanobacteria_stx,saxitoxin,TOXIN,Shoreline Drying of <i>Microseira (Lyngbya) wollei</i> Biomass Can Lead to the Release and Formation of Toxic Saxitoxin Analogues to the Water Column.
cyano_all,STX_DOC_000898,2022.0,cyanobacteria,cyanobacteria_stx,cyanobacteria,CYANO_TAXON,Shoreline Drying of <i>Microseira (Lyngbya) wollei</i> Biomass Can Lead to the Release and Formation of Toxic Saxitoxin Analogues to the Water Column.
cyano_all,STX_DOC_000898,2022.0,cyanobacteria,cyanobacteria_stx,cyanobacterial,CYANO_TAXON,Shoreline Drying of <i>Microseira (Lyngbya) wollei</i> Biomass Can Lead to the Release and Formation of Toxic Saxitoxin Analogues to the Water Column.
cyano_all,STX_DOC_000898,2022.0,cyanobacteria,cyanobacteria_stx,lyngbya,CYANO_TAXON,Shoreline Drying of <i>Microseira (Lyngbya) wollei</i> Biomass Can Lead to the Release and Formation of Toxic Saxitoxin Analogues to the Water Column.
cyano_all,STX_DOC_000898,2022.0,cyanobacteria,cyanobacteria_stx,temperature,ENV_FACTOR,Shoreline Drying of <i>Microseira (Lyngbya) wollei</i> Biomass Can Lead to the Release and Formation of Toxic Saxitoxin Analogues to the Water Column.
cyano_all,STX_DOC_000898,2022.0,cyanobacteria,cyanobacteria_stx,toxicity,BIOLOGICAL_PROCESS,Shoreline Drying of <i>Microseira (Lyngbya) wollei</i> Biomass Can Lead to the Release and Formation of Toxic Saxitoxin Analogues to the Water Column.
cyano_all,STX_DOC_000900,2022.0,cyanobacteria,cyanobacteria_stx,saxitoxin,TOXIN,"Assessment of the Appearance and Toxin Production Potential of Invasive Nostocalean Cyanobacteria Using Quantitative Gene Analysis in Nakdong River, Korea."
cyano_all,STX_DOC_000900,2022.0,cyanobacteria,cyanobacteria_stx,cyanobacteria,CYANO_TAXON,"Assessment of the Appearance and Toxin Production Potential of Invasive Nostocalean Cyanobacteria Using Quantitative Gene Analysis in Nakdong River, Korea."
cyano_all,STX_DOC_000900,2022.0,cyanobacteria,cyanobacteria_stx,aphanizomenon,CYANO_TAXON,"Assessment of the Appearance and Toxin Production Potential of Invasive Nostocalean Cyanobacteria Using Quantitative Gene Analysis in Nakdong River, Korea."
cyano_all,STX_DOC_000900,2022.0,cyanobacteria,cyanobacteria_stx,cylindrospermopsis,CYANO_TAXON,"Assessment of the Appearance and Toxin Production Potential of Invasive Nostocalean Cyanobacteria Using Quantitative Gene Analysis in Nakdong River, Korea."
cyano_all,STX_DOC_000900,2022.0,cyanobacteria,cyanobacteria_stx,climate,ENV_FACTOR,"Assessment of the Appearance and Toxin Production Potential of Invasive Nostocalean Cyanobacteria Using Quantitative Gene Analysis in Nakdong River, Korea."
cyano_all,STX_DOC_000900,2022.0,cyanobacteria,cyanobacteria_stx,biosynthesis,BIOLOGICAL_PROCESS,"Assessment of the Appearance and Toxin Production Potential of Invasive Nostocalean Cyanobacteria Using Quantitative Gene Analysis in Nakdong River, Korea."
cyano_all,STX_DOC_000900,2022.0,cyanobacteria,cyanobacteria_stx,toxin production,BIOLOGICAL_PROCESS,"Assessment of the Appearance and Toxin Production Potential of Invasive Nostocalean Cyanobacteria Using Quantitative Gene Analysis in Nakdong River, Korea."
cyano_all,STX_DOC_000900,2022.0,cyanobacteria,cyanobacteria_stx,elisa,DETECTION_METHOD,"Assessment of the Appearance and Toxin Production Potential of Invasive Nostocalean Cyanobacteria Using Quantitative Gene Analysis in Nakdong River, Korea."
cyano_all,STX_DOC_000901,2021.0,cyanobacteria,cyanobacteria_stx,saxitoxin,TOXIN,Comparative genomics of the ADA clade within the Nostocales.
cyano_all,STX_DOC_000901,2021.0,cyanobacteria,cyanobacteria_stx,cyanobacteria,CYANO_TAXON,Comparative genomics of the ADA clade within the Nostocales.
cyano_all,STX_DOC_000901,2021.0,cyanobacteria,cyanobacteria_stx,dolichospermum,CYANO_TAXON,Comparative genomics of the ADA clade within the Nostocales.
cyano_all,STX_DOC_000901,2021.0,cyanobacteria,cyanobacteria_stx,nitrogen,ENV_FACTOR,Comparative genomics of the ADA clade within the Nostocales.
cyano_all,STX_DOC_000901,2021.0,cyanobacteria,cyanobacteria_stx,bloom,ENV_FACTOR,Comparative genomics of the ADA clade within the Nostocales.
cyano_all,STX_DOC_000901,2021.0,cyanobacteria,cyanobacteria_stx,harmful algal bloom,ENV_FACTOR,Comparative genomics of the ADA clade within the Nostocales.
cyano_all,STX_DOC_000901,2021.0,cyanobacteria,cyanobacteria_stx,evolution,BIOLOGICAL_PROCESS,Comparative genomics of the ADA clade within the Nostocales.
cyano_all,STX_DOC_000904,2021.0,cyanobacteria,cyanobacteria_stx,cyanobacteria,CYANO_TAXON,Reviewing Interspecies Interactions as a Driving Force Affecting the Community Structure in Lakes via Cyanotoxins
cyano_all,STX_DOC_000904,2021.0,cyanobacteria,cyanobacteria_stx,cyanobacterial,CYANO_TAXON,Reviewing Interspecies Interactions as a Driving Force Affecting the Community Structure in Lakes via Cyanotoxins
cyano_all,STX_DOC_000904,2021.0,cyanobacteria,cyanobacteria_stx,warming,ENV_FACTOR,Reviewing Interspecies Interactions as a Driving Force Affecting the Community Structure in Lakes via Cyanotoxins
cyano_all,STX_DOC_000904,2021.0,cyanobacteria,cyanobacteria_stx,bloom,ENV_FACTOR,Reviewing Interspecies Interactions as a Driving Force Affecting the Community Structure in Lakes via Cyanotoxins
cyano_all,STX_DOC_000905,2021.0,cyanobacteria,cyanobacteria_stx,stx,TOXIN,Cyanotoxin Screening in BACA Culture Collection: Identification of New Cylindrospermopsin Producing Cyanobacteria.
cyano_all,STX_DOC_000905,2021.0,cyanobacteria,cyanobacteria_stx,cyanobacteria,CYANO_TAXON,Cyanotoxin Screening in BACA Culture Collection: Identification of New Cylindrospermopsin Producing Cyanobacteria.
cyano_all,STX_DOC_000905,2021.0,cyanobacteria,cyanobacteria_stx,aphanizomenon,CYANO_TAXON,Cyanotoxin Screening in BACA Culture Collection: Identification of New Cylindrospermopsin Producing Cyanobacteria.
cyano_all,STX_DOC_000905,2021.0,cyanobacteria,cyanobacteria_stx,phylogenetic,BIOLOGICAL_PROCESS,Cyanotoxin Screening in BACA Culture Collection: Identification of New Cylindrospermopsin Producing Cyanobacteria.
cyano_all,STX_DOC_000905,2021.0,cyanobacteria,cyanobacteria_stx,lc-ms,DETECTION_METHOD,Cyanotoxin Screening in BACA Culture Collection: Identification of New Cylindrospermopsin Producing Cyanobacteria.
cyano_all,STX_DOC_000905,2021.0,cyanobacteria,cyanobacteria_stx,lc-ms/ms,DETECTION_METHOD,Cyanotoxin Screening in BACA Culture Collection: Identification of New Cylindrospermopsin Producing Cyanobacteria.
cyano_all,STX_DOC_000907,2021.0,cyanobacteria,cyanobacteria_stx,saxitoxin,TOXIN,Metagenomic analysis of <i>Raphidiopsisraciborskii</i> microbiome: beyond the individual.
cyano_all,STX_DOC_000907,2021.0,cyanobacteria,cyanobacteria_stx,cyanobacterium,CYANO_TAXON,Metagenomic analysis of <i>Raphidiopsisraciborskii</i> microbiome: beyond the individual.
cyano_all,STX_DOC_000907,2021.0,cyanobacteria,cyanobacteria_stx,cyanobacterial,CYANO_TAXON,Metagenomic analysis of <i>Raphidiopsisraciborskii</i> microbiome: beyond the individual.
cyano_all,STX_DOC_000907,2021.0,cyanobacteria,cyanobacteria_stx,nitrogen,ENV_FACTOR,Metagenomic analysis of <i>Raphidiopsisraciborskii</i> microbiome: beyond the individual.
cyano_all,STX_DOC_000907,2021.0,cyanobacteria,cyanobacteria_stx,nutrient,ENV_FACTOR,Metagenomic analysis of <i>Raphidiopsisraciborskii</i> microbiome: beyond the individual.
cyano_all,STX_DOC_000908,2021.0,cyanobacteria,cyanobacteria_stx,saxitoxin,TOXIN,THE FIRST INVESTIGATONS OF CYANOTOXINS PRESENCE IN WATERBODIES AND WATERCOURCES OF BELARUS
cyano_all,STX_DOC_000908,2021.0,cyanobacteria,cyanobacteria_stx,cyanobacteria,CYANO_TAXON,THE FIRST INVESTIGATONS OF CYANOTOXINS PRESENCE IN WATERBODIES AND WATERCOURCES OF BELARUS
cyano_all,STX_DOC_000908,2021.0,cyanobacteria,cyanobacteria_stx,cyanobacterium,CYANO_TAXON,THE FIRST INVESTIGATONS OF CYANOTOXINS PRESENCE IN WATERBODIES AND WATERCOURCES OF BELARUS
cyano_all,STX_DOC_000908,2021.0,cyanobacteria,cyanobacteria_stx,anabaena,CYANO_TAXON,THE FIRST INVESTIGATONS OF CYANOTOXINS PRESENCE IN WATERBODIES AND WATERCOURCES OF BELARUS
cyano_all,STX_DOC_000908,2021.0,cyanobacteria,cyanobacteria_stx,bloom,ENV_FACTOR,THE FIRST INVESTIGATONS OF CYANOTOXINS PRESENCE IN WATERBODIES AND WATERCOURCES OF BELARUS
cyano_all,STX_DOC_000910,2020.0,cyanobacteria,cyanobacteria_stx,cyanobacteria,CYANO_TAXON,Managing Eutrophic Waters in Artificial Recharge Plants Cyanotoxin risk in Swedish freshwaters
cyano_all,STX_DOC_000910,2020.0,cyanobacteria,cyanobacteria_stx,cyanobacterial,CYANO_TAXON,Managing Eutrophic Waters in Artificial Recharge Plants Cyanotoxin risk in Swedish freshwaters
cyano_all,STX_DOC_000910,2020.0,cyanobacteria,cyanobacteria_stx,nitrogen,ENV_FACTOR,Managing Eutrophic Waters in Artificial Recharge Plants Cyanotoxin risk in Swedish freshwaters
cyano_all,STX_DOC_000910,2020.0,cyanobacteria,cyanobacteria_stx,phosphorus,ENV_FACTOR,Managing Eutrophic Waters in Artificial Recharge Plants Cyanotoxin risk in Swedish freshwaters
cyano_all,STX_DOC_000910,2020.0,cyanobacteria,cyanobacteria_stx,nutrients,ENV_FACTOR,Managing Eutrophic Waters in Artificial Recharge Plants Cyanotoxin risk in Swedish freshwaters
cyano_all,STX_DOC_000910,2020.0,cyanobacteria,cyanobacteria_stx,bloom,ENV_FACTOR,Managing Eutrophic Waters in Artificial Recharge Plants Cyanotoxin risk in Swedish freshwaters
cyano_all,STX_DOC_000910,2020.0,cyanobacteria,cyanobacteria_stx,elisa,DETECTION_METHOD,Managing Eutrophic Waters in Artificial Recharge Plants Cyanotoxin risk in Swedish freshwaters
cyano_all,STX_DOC_000911,2020.0,cyanobacteria,cyanobacteria_stx,saxitoxin,TOXIN,The cyanobacterial saxitoxin exacerbates neural cell death and brain malformations induced by Zika virus.
cyano_all,STX_DOC_000911,2020.0,cyanobacteria,cyanobacteria_stx,stx,TOXIN,The cyanobacterial saxitoxin exacerbates neural cell death and brain malformations induced by Zika virus.
cyano_all,STX_DOC_000911,2020.0,cyanobacteria,cyanobacteria_stx,cyanobacteria,CYANO_TAXON,The cyanobacterial saxitoxin exacerbates neural cell death and brain malformations induced by Zika virus.
cyano_all,STX_DOC_000911,2020.0,cyanobacteria,cyanobacteria_stx,cyanobacterial,CYANO_TAXON,The cyanobacterial saxitoxin exacerbates neural cell death and brain malformations induced by Zika virus.
cyano_all,STX_DOC_000912,2020.0,cyanobacteria,cyanobacteria_stx,cyanobacteria,CYANO_TAXON,5 Potential effects of climate change on cyanobacterial toxin production
cyano_all,STX_DOC_000912,2020.0,cyanobacteria,cyanobacteria_stx,cyanobacterial,CYANO_TAXON,5 Potential effects of climate change on cyanobacterial toxin production
cyano_all,STX_DOC_000912,2020.0,cyanobacteria,cyanobacteria_stx,temperature,ENV_FACTOR,5 Potential effects of climate change on cyanobacterial toxin production
cyano_all,STX_DOC_000912,2020.0,cyanobacteria,cyanobacteria_stx,nutrient,ENV_FACTOR,5 Potential effects of climate change on cyanobacterial toxin production
cyano_all,STX_DOC_000912,2020.0,cyanobacteria,cyanobacteria_stx,climate,ENV_FACTOR,5 Potential effects of climate change on cyanobacterial toxin production
cyano_all,STX_DOC_000912,2020.0,cyanobacteria,cyanobacteria_stx,toxicity,BIOLOGICAL_PROCESS,5 Potential effects of climate change on cyanobacterial toxin production
cyano_all,STX_DOC_000912,2020.0,cyanobacteria,cyanobacteria_stx,toxin production,BIOLOGICAL_PROCESS,5 Potential effects of climate change on cyanobacterial toxin production
cyano_all,STX_DOC_000914,2020.0,cyanobacteria,cyanobacteria_stx,saxitoxin,TOXIN,Distribution of Toxic Cyanobacteria in Volcanic Lakes of the Azores Islands
cyano_all,STX_DOC_000914,2020.0,cyanobacteria,cyanobacteria_stx,cyanobacteria,CYANO_TAXON,Distribution of Toxic Cyanobacteria in Volcanic Lakes of the Azores Islands
cyano_all,STX_DOC_000914,2020.0,cyanobacteria,cyanobacteria_stx,phosphorus,ENV_FACTOR,Distribution of Toxic Cyanobacteria in Volcanic Lakes of the Azores Islands
cyano_all,STX_DOC_000914,2020.0,cyanobacteria,cyanobacteria_stx,nutrient,ENV_FACTOR,Distribution of Toxic Cyanobacteria in Volcanic Lakes of the Azores Islands
cyano_all,STX_DOC_000914,2020.0,cyanobacteria,cyanobacteria_stx,climate,ENV_FACTOR,Distribution of Toxic Cyanobacteria in Volcanic Lakes of the Azores Islands
cyano_all,STX_DOC_000914,2020.0,cyanobacteria,cyanobacteria_stx,bloom,ENV_FACTOR,Distribution of Toxic Cyanobacteria in Volcanic Lakes of the Azores Islands
cyano_all,STX_DOC_000914,2020.0,cyanobacteria,cyanobacteria_stx,toxicity,BIOLOGICAL_PROCESS,Distribution of Toxic Cyanobacteria in Volcanic Lakes of the Azores Islands
cyano_all,STX_DOC_000915,2019.0,cyanobacteria,cyanobacteria_stx,saxitoxin,TOXIN,"Removal efficiency of phosphorus, cyanobacteria and cyanotoxins by the ""flock & sink"" mitigation technique in semi-arid eutrophic waters."
cyano_all,STX_DOC_000915,2019.0,cyanobacteria,cyanobacteria_stx,cyanobacteria,CYANO_TAXON,"Removal efficiency of phosphorus, cyanobacteria and cyanotoxins by the ""flock & sink"" mitigation technique in semi-arid eutrophic waters."
cyano_all,STX_DOC_000915,2019.0,cyanobacteria,cyanobacteria_stx,cylindrospermopsis,CYANO_TAXON,"Removal efficiency of phosphorus, cyanobacteria and cyanotoxins by the ""flock & sink"" mitigation technique in semi-arid eutrophic waters."
cyano_all,STX_DOC_000915,2019.0,cyanobacteria,cyanobacteria_stx,planktothrix,CYANO_TAXON,"Removal efficiency of phosphorus, cyanobacteria and cyanotoxins by the ""flock & sink"" mitigation technique in semi-arid eutrophic waters."
cyano_all,STX_DOC_000915,2019.0,cyanobacteria,cyanobacteria_stx,phosphorus,ENV_FACTOR,"Removal efficiency of phosphorus, cyanobacteria and cyanotoxins by the ""flock & sink"" mitigation technique in semi-arid eutrophic waters."
cyano_all,STX_DOC_000916,2019.0,cyanobacteria,cyanobacteria_stx,cyanobacteria,CYANO_TAXON,Dynamics of nitrogen-fixing cyanobacteria with heterocysts: a stoichiometric model
cyano_all,STX_DOC_000916,2019.0,cyanobacteria,cyanobacteria_stx,cyanobacterial,CYANO_TAXON,Dynamics of nitrogen-fixing cyanobacteria with heterocysts: a stoichiometric model
cyano_all,STX_DOC_000916,2019.0,cyanobacteria,cyanobacteria_stx,nitrogen,ENV_FACTOR,Dynamics of nitrogen-fixing cyanobacteria with heterocysts: a stoichiometric model
cyano_all,STX_DOC_000916,2019.0,cyanobacteria,cyanobacteria_stx,phosphorus,ENV_FACTOR,Dynamics of nitrogen-fixing cyanobacteria with heterocysts: a stoichiometric model
cyano_all,STX_DOC_000916,2019.0,cyanobacteria,cyanobacteria_stx,nutrient,ENV_FACTOR,Dynamics of nitrogen-fixing cyanobacteria with heterocysts: a stoichiometric model
cyano_all,STX_DOC_000917,2019.0,cyanobacteria,cyanobacteria_stx,saxitoxin,TOXIN,The cyanobacterial saxitoxin exacerbates neural cell death and brain malformations induced by Zika virus
cyano_all,STX_DOC_000917,2019.0,cyanobacteria,cyanobacteria_stx,stx,TOXIN,The cyanobacterial saxitoxin exacerbates neural cell death and brain malformations induced by Zika virus
cyano_all,STX_DOC_000917,2019.0,cyanobacteria,cyanobacteria_stx,cyanobacteria,CYANO_TAXON,The cyanobacterial saxitoxin exacerbates neural cell death and brain malformations induced by Zika virus
cyano_all,STX_DOC_000917,2019.0,cyanobacteria,cyanobacteria_stx,cyanobacterial,CYANO_TAXON,The cyanobacterial saxitoxin exacerbates neural cell death and brain malformations induced by Zika virus
cyano_all,STX_DOC_000919,2018.0,cross_taxa,dinoflagellate_stx,paralytic shellfish poisoning,TOXIN,Interactions between Seabirds and Harmful Algal Blooms
cyano_all,STX_DOC_000919,2018.0,cross_taxa,dinoflagellate_stx,dinoflagellate,DINO_TAXON,Interactions between Seabirds and Harmful Algal Blooms
cyano_all,STX_DOC_000919,2018.0,cross_taxa,dinoflagellate_stx,dinoflagellates,DINO_TAXON,Interactions between Seabirds and Harmful Algal Blooms
cyano_all,STX_DOC_000919,2018.0,cross_taxa,dinoflagellate_stx,cyanobacteria,CYANO_TAXON,Interactions between Seabirds and Harmful Algal Blooms
cyano_all,STX_DOC_000920,2018.0,cross_taxa,dinoflagellate_stx,saxitoxin,TOXIN,Mechanisms and Effects Posed by Neurotoxic Products of Cyanobacteria/Microbial Eukaryotes/Dinoflagellates in Algae Blooms: a Review.
cyano_all,STX_DOC_000920,2018.0,cross_taxa,dinoflagellate_stx,dinoflagellates,DINO_TAXON,Mechanisms and Effects Posed by Neurotoxic Products of Cyanobacteria/Microbial Eukaryotes/Dinoflagellates in Algae Blooms: a Review.
cyano_all,STX_DOC_000920,2018.0,cross_taxa,dinoflagellate_stx,cyanobacteria,CYANO_TAXON,Mechanisms and Effects Posed by Neurotoxic Products of Cyanobacteria/Microbial Eukaryotes/Dinoflagellates in Algae Blooms: a Review.
cyano_all,STX_DOC_000920,2018.0,cross_taxa,dinoflagellate_stx,cyanobacterial,CYANO_TAXON,Mechanisms and Effects Posed by Neurotoxic Products of Cyanobacteria/Microbial Eukaryotes/Dinoflagellates in Algae Blooms: a Review.
cyano_all,STX_DOC_000923,2018.0,cyanobacteria,cyanobacteria_stx,saxitoxin,TOXIN,"Draft genome sequences of <i>Cylindrospermopsis raciborskii</i> strains CS-508 and MVCC14, isolated from freshwater bloom events in Australia and Uruguay."
cyano_all,STX_DOC_000923,2018.0,cyanobacteria,cyanobacteria_stx,stx,TOXIN,"Draft genome sequences of <i>Cylindrospermopsis raciborskii</i> strains CS-508 and MVCC14, isolated from freshwater bloom events in Australia and Uruguay."
cyano_all,STX_DOC_000923,2018.0,cyanobacteria,cyanobacteria_stx,cylindrospermopsis,CYANO_TAXON,"Draft genome sequences of <i>Cylindrospermopsis raciborskii</i> strains CS-508 and MVCC14, isolated from freshwater bloom events in Australia and Uruguay."
cyano_all,STX_DOC_000923,2018.0,cyanobacteria,cyanobacteria_stx,bloom,ENV_FACTOR,"Draft genome sequences of <i>Cylindrospermopsis raciborskii</i> strains CS-508 and MVCC14, isolated from freshwater bloom events in Australia and Uruguay."
cyano_all,STX_DOC_000925,2017.0,cross_taxa,dinoflagellate_stx,saxitoxin,TOXIN,Synthesis and Identification of Key Biosynthetic Intermediates for the Formation of the Tricyclic Skeleton of Saxitoxin.
cyano_all,STX_DOC_000925,2017.0,cross_taxa,dinoflagellate_stx,stx,TOXIN,Synthesis and Identification of Key Biosynthetic Intermediates for the Formation of the Tricyclic Skeleton of Saxitoxin.
cyano_all,STX_DOC_000925,2017.0,cross_taxa,dinoflagellate_stx,dinoflagellates,DINO_TAXON,Synthesis and Identification of Key Biosynthetic Intermediates for the Formation of the Tricyclic Skeleton of Saxitoxin.
cyano_all,STX_DOC_000925,2017.0,cross_taxa,dinoflagellate_stx,cyanobacteria,CYANO_TAXON,Synthesis and Identification of Key Biosynthetic Intermediates for the Formation of the Tricyclic Skeleton of Saxitoxin.
cyano_all,STX_DOC_000925,2017.0,cross_taxa,dinoflagellate_stx,lc-ms,DETECTION_METHOD,Synthesis and Identification of Key Biosynthetic Intermediates for the Formation of the Tricyclic Skeleton of Saxitoxin.
cyano_all,STX_DOC_000926,2017.0,cyanobacteria,cyanobacteria_stx,cyanobacteria,CYANO_TAXON,The efficiency of combined coagulant and ballast to remove harmful cyanobacterial blooms in a tropical shallow system.
cyano_all,STX_DOC_000926,2017.0,cyanobacteria,cyanobacteria_stx,cyanobacterial,CYANO_TAXON,The efficiency of combined coagulant and ballast to remove harmful cyanobacterial blooms in a tropical shallow system.
cyano_all,STX_DOC_000926,2017.0,cyanobacteria,cyanobacteria_stx,cylindrospermopsis,CYANO_TAXON,The efficiency of combined coagulant and ballast to remove harmful cyanobacterial blooms in a tropical shallow system.
cyano_all,STX_DOC_000926,2017.0,cyanobacteria,cyanobacteria_stx,bloom,ENV_FACTOR,The efficiency of combined coagulant and ballast to remove harmful cyanobacterial blooms in a tropical shallow system.
cyano_all,STX_DOC_000927,2017.0,cyanobacteria,cyanobacteria_stx,gonyautoxin,TOXIN,Unraveling the presence of multi-class toxins from Trichodesmium bloom in the Gulf of Mannar region of the Bay of Bengal.
cyano_all,STX_DOC_000927,2017.0,cyanobacteria,cyanobacteria_stx,cyanobacterium,CYANO_TAXON,Unraveling the presence of multi-class toxins from Trichodesmium bloom in the Gulf of Mannar region of the Bay of Bengal.
cyano_all,STX_DOC_000927,2017.0,cyanobacteria,cyanobacteria_stx,bloom,ENV_FACTOR,Unraveling the presence of multi-class toxins from Trichodesmium bloom in the Gulf of Mannar region of the Bay of Bengal.
cyano_all,STX_DOC_000927,2017.0,cyanobacteria,cyanobacteria_stx,phylogenetic,BIOLOGICAL_PROCESS,Unraveling the presence of multi-class toxins from Trichodesmium bloom in the Gulf of Mannar region of the Bay of Bengal.
cyano_all,STX_DOC_000927,2017.0,cyanobacteria,cyanobacteria_stx,toxicity,BIOLOGICAL_PROCESS,Unraveling the presence of multi-class toxins from Trichodesmium bloom in the Gulf of Mannar region of the Bay of Bengal.
cyano_all,STX_DOC_000927,2017.0,cyanobacteria,cyanobacteria_stx,hplc,DETECTION_METHOD,Unraveling the presence of multi-class toxins from Trichodesmium bloom in the Gulf of Mannar region of the Bay of Bengal.
cyano_all,STX_DOC_000927,2017.0,cyanobacteria,cyanobacteria_stx,mass spectrometry,DETECTION_METHOD,Unraveling the presence of multi-class toxins from Trichodesmium bloom in the Gulf of Mannar region of the Bay of Bengal.
cyano_all,STX_DOC_000928,2016.0,cyanobacteria,cyanobacteria_stx,saxitoxin,TOXIN,Massive fish mortality and Cylindrospermopsis raciborskii bloom in Aleksandrovac Lake.
cyano_all,STX_DOC_000928,2016.0,cyanobacteria,cyanobacteria_stx,cyanobacterium,CYANO_TAXON,Massive fish mortality and Cylindrospermopsis raciborskii bloom in Aleksandrovac Lake.
cyano_all,STX_DOC_000928,2016.0,cyanobacteria,cyanobacteria_stx,cyanobacterial,CYANO_TAXON,Massive fish mortality and Cylindrospermopsis raciborskii bloom in Aleksandrovac Lake.
cyano_all,STX_DOC_000928,2016.0,cyanobacteria,cyanobacteria_stx,cylindrospermopsis,CYANO_TAXON,Massive fish mortality and Cylindrospermopsis raciborskii bloom in Aleksandrovac Lake.
cyano_all,STX_DOC_000928,2016.0,cyanobacteria,cyanobacteria_stx,bloom,ENV_FACTOR,Massive fish mortality and Cylindrospermopsis raciborskii bloom in Aleksandrovac Lake.
cyano_all,STX_DOC_000929,2016.0,cyanobacteria,cyanobacteria_stx,saxitoxin,TOXIN,Cyanobacteria and cyanotoxins in fishponds and their effects on fish tissue.
cyano_all,STX_DOC_000929,2016.0,cyanobacteria,cyanobacteria_stx,cyanobacteria,CYANO_TAXON,Cyanobacteria and cyanotoxins in fishponds and their effects on fish tissue.
cyano_all,STX_DOC_000929,2016.0,cyanobacteria,cyanobacteria_stx,cyanobacterial,CYANO_TAXON,Cyanobacteria and cyanotoxins in fishponds and their effects on fish tissue.
cyano_all,STX_DOC_000929,2016.0,cyanobacteria,cyanobacteria_stx,lc-ms,DETECTION_METHOD,Cyanobacteria and cyanotoxins in fishponds and their effects on fish tissue.
cyano_all,STX_DOC_000929,2016.0,cyanobacteria,cyanobacteria_stx,lc-ms/ms,DETECTION_METHOD,Cyanobacteria and cyanotoxins in fishponds and their effects on fish tissue.
cyano_all,STX_DOC_000930,2016.0,cyanobacteria,cyanobacteria_stx,saxitoxin,TOXIN,Cyanotoxins in inland lakes of the United States: Occurrence and potential recreational health risks in the EPA National Lakes Assessment 2007.
cyano_all,STX_DOC_000930,2016.0,cyanobacteria,cyanobacteria_stx,cyanobacteria,CYANO_TAXON,Cyanotoxins in inland lakes of the United States: Occurrence and potential recreational health risks in the EPA National Lakes Assessment 2007.
cyano_all,STX_DOC_000930,2016.0,cyanobacteria,cyanobacteria_stx,cyanobacterial,CYANO_TAXON,Cyanotoxins in inland lakes of the United States: Occurrence and potential recreational health risks in the EPA National Lakes Assessment 2007.
cyano_all,STX_DOC_000930,2016.0,cyanobacteria,cyanobacteria_stx,toxicity,BIOLOGICAL_PROCESS,Cyanotoxins in inland lakes of the United States: Occurrence and potential recreational health risks in the EPA National Lakes Assessment 2007.
cyano_all,STX_DOC_000930,2016.0,cyanobacteria,cyanobacteria_stx,elisa,DETECTION_METHOD,Cyanotoxins in inland lakes of the United States: Occurrence and potential recreational health risks in the EPA National Lakes Assessment 2007.
cyano_all,STX_DOC_000932,2016.0,cyanobacteria,high_confidence_stx_biosynthesis,stx,TOXIN,Expresión de genes de toxinas de Cylindrospermopsis raciborskii en distintas condiciones de disponibilidad de nutrientes
cyano_all,STX_DOC_000932,2016.0,cyanobacteria,high_confidence_stx_biosynthesis,sxti,SXT_GENE,Expresión de genes de toxinas de Cylindrospermopsis raciborskii en distintas condiciones de disponibilidad de nutrientes
cyano_all,STX_DOC_000932,2016.0,cyanobacteria,high_confidence_stx_biosynthesis,cylindrospermopsis,CYANO_TAXON,Expresión de genes de toxinas de Cylindrospermopsis raciborskii en distintas condiciones de disponibilidad de nutrientes
cyano_all,STX_DOC_000935,2015.0,cyanobacteria,cyanobacteria_stx,saxitoxin,TOXIN,Cianobacterias y cianotoxinas en ecosistemas límnicos de Uruguay
cyano_all,STX_DOC_000935,2015.0,cyanobacteria,cyanobacteria_stx,cyanobacteria,CYANO_TAXON,Cianobacterias y cianotoxinas en ecosistemas límnicos de Uruguay
cyano_all,STX_DOC_000935,2015.0,cyanobacteria,cyanobacteria_stx,cyanobacterial,CYANO_TAXON,Cianobacterias y cianotoxinas en ecosistemas límnicos de Uruguay
cyano_all,STX_DOC_000935,2015.0,cyanobacteria,cyanobacteria_stx,nutrient,ENV_FACTOR,Cianobacterias y cianotoxinas en ecosistemas límnicos de Uruguay
cyano_all,STX_DOC_000935,2015.0,cyanobacteria,cyanobacteria_stx,bloom,ENV_FACTOR,Cianobacterias y cianotoxinas en ecosistemas límnicos de Uruguay
cyano_all,STX_DOC_000935,2015.0,cyanobacteria,cyanobacteria_stx,toxicity,BIOLOGICAL_PROCESS,Cianobacterias y cianotoxinas en ecosistemas límnicos de Uruguay
cyano_all,STX_DOC_000936,2014.0,cyanobacteria,cyanobacteria_stx,saxitoxin,TOXIN,Effects of Cylindrospermopsis raciborskii (cyanobacteria) on the swimming behavior of Daphnia (cladocera).
cyano_all,STX_DOC_000936,2014.0,cyanobacteria,cyanobacteria_stx,cyanobacteria,CYANO_TAXON,Effects of Cylindrospermopsis raciborskii (cyanobacteria) on the swimming behavior of Daphnia (cladocera).
cyano_all,STX_DOC_000936,2014.0,cyanobacteria,cyanobacteria_stx,cylindrospermopsis,CYANO_TAXON,Effects of Cylindrospermopsis raciborskii (cyanobacteria) on the swimming behavior of Daphnia (cladocera).
cyano_all,STX_DOC_000936,2014.0,cyanobacteria,cyanobacteria_stx,toxicity,BIOLOGICAL_PROCESS,Effects of Cylindrospermopsis raciborskii (cyanobacteria) on the swimming behavior of Daphnia (cladocera).
cyano_all,STX_DOC_000938,2014.0,cyanobacteria,cyanobacteria_stx,saxitoxin,TOXIN,Multi-detection method for five common microalgal toxins based on the use of microspheres coupled to a flow-cytometry system.
cyano_all,STX_DOC_000938,2014.0,cyanobacteria,cyanobacteria_stx,stx,TOXIN,Multi-detection method for five common microalgal toxins based on the use of microspheres coupled to a flow-cytometry system.
cyano_all,STX_DOC_000938,2014.0,cyanobacteria,cyanobacteria_stx,cyanobacteria,CYANO_TAXON,Multi-detection method for five common microalgal toxins based on the use of microspheres coupled to a flow-cytometry system.
cyano_all,STX_DOC_000938,2014.0,cyanobacteria,cyanobacteria_stx,cyanobacterial,CYANO_TAXON,Multi-detection method for five common microalgal toxins based on the use of microspheres coupled to a flow-cytometry system.
cyano_all,STX_DOC_000943,2013.0,cyanobacteria,cyanobacteria_stx,saxitoxin,TOXIN,Potent toxins in Arctic environments--presence of saxitoxins and an unusual microcystin variant in Arctic freshwater ecosystems.
cyano_all,STX_DOC_000943,2013.0,cyanobacteria,cyanobacteria_stx,cyanobacteria,CYANO_TAXON,Potent toxins in Arctic environments--presence of saxitoxins and an unusual microcystin variant in Arctic freshwater ecosystems.
cyano_all,STX_DOC_000943,2013.0,cyanobacteria,cyanobacteria_stx,cyanobacterial,CYANO_TAXON,Potent toxins in Arctic environments--presence of saxitoxins and an unusual microcystin variant in Arctic freshwater ecosystems.
cyano_all,STX_DOC_000943,2013.0,cyanobacteria,cyanobacteria_stx,expression,BIOLOGICAL_PROCESS,Potent toxins in Arctic environments--presence of saxitoxins and an unusual microcystin variant in Arctic freshwater ecosystems.
cyano_all,STX_DOC_000943,2013.0,cyanobacteria,cyanobacteria_stx,gene expression,BIOLOGICAL_PROCESS,Potent toxins in Arctic environments--presence of saxitoxins and an unusual microcystin variant in Arctic freshwater ecosystems.
cyano_all,STX_DOC_000943,2013.0,cyanobacteria,cyanobacteria_stx,toxin production,BIOLOGICAL_PROCESS,Potent toxins in Arctic environments--presence of saxitoxins and an unusual microcystin variant in Arctic freshwater ecosystems.
cyano_all,STX_DOC_000943,2013.0,cyanobacteria,cyanobacteria_stx,mass spectrometry,DETECTION_METHOD,Potent toxins in Arctic environments--presence of saxitoxins and an unusual microcystin variant in Arctic freshwater ecosystems.
cyano_all,STX_DOC_000944,2013.0,cyanobacteria,cyanobacteria_stx,cyanobacteria,CYANO_TAXON,"Diversity of cyanobacteria and cyanotoxins in Hartbeespoort Dam, South Africa"
cyano_all,STX_DOC_000944,2013.0,cyanobacteria,cyanobacteria_stx,cyanobacterial,CYANO_TAXON,"Diversity of cyanobacteria and cyanotoxins in Hartbeespoort Dam, South Africa"
cyano_all,STX_DOC_000944,2013.0,cyanobacteria,cyanobacteria_stx,cylindrospermopsis,CYANO_TAXON,"Diversity of cyanobacteria and cyanotoxins in Hartbeespoort Dam, South Africa"
cyano_all,STX_DOC_000944,2013.0,cyanobacteria,cyanobacteria_stx,toxin production,BIOLOGICAL_PROCESS,"Diversity of cyanobacteria and cyanotoxins in Hartbeespoort Dam, South Africa"
cyano_all,STX_DOC_000944,2013.0,cyanobacteria,cyanobacteria_stx,mass spectrometry,DETECTION_METHOD,"Diversity of cyanobacteria and cyanotoxins in Hartbeespoort Dam, South Africa"
cyano_all,STX_DOC_000946,2012.0,cyanobacteria,cyanobacteria_stx,cyanobacteria,CYANO_TAXON,First report of (homo)anatoxin-a and dog neurotoxicosis after ingestion of benthic cyanobacteria in The Netherlands.
cyano_all,STX_DOC_000946,2012.0,cyanobacteria,cyanobacteria_stx,cyanobacterial,CYANO_TAXON,First report of (homo)anatoxin-a and dog neurotoxicosis after ingestion of benthic cyanobacteria in The Netherlands.
cyano_all,STX_DOC_000946,2012.0,cyanobacteria,cyanobacteria_stx,lc-ms,DETECTION_METHOD,First report of (homo)anatoxin-a and dog neurotoxicosis after ingestion of benthic cyanobacteria in The Netherlands.
cyano_all,STX_DOC_000946,2012.0,cyanobacteria,cyanobacteria_stx,lc-ms/ms,DETECTION_METHOD,First report of (homo)anatoxin-a and dog neurotoxicosis after ingestion of benthic cyanobacteria in The Netherlands.
cyano_all,STX_DOC_000947,2011.0,cyanobacteria,cyanobacteria_stx,saxitoxin,TOXIN,Genetic variability of the invasive cyanobacteria Cylindrospermopsis raciborskii from Bir M'cherga reservoir (Tunisia).
cyano_all,STX_DOC_000947,2011.0,cyanobacteria,cyanobacteria_stx,paralytic shellfish poisoning,TOXIN,Genetic variability of the invasive cyanobacteria Cylindrospermopsis raciborskii from Bir M'cherga reservoir (Tunisia).
cyano_all,STX_DOC_000947,2011.0,cyanobacteria,cyanobacteria_stx,cyanobacteria,CYANO_TAXON,Genetic variability of the invasive cyanobacteria Cylindrospermopsis raciborskii from Bir M'cherga reservoir (Tunisia).
cyano_all,STX_DOC_000947,2011.0,cyanobacteria,cyanobacteria_stx,cylindrospermopsis,CYANO_TAXON,Genetic variability of the invasive cyanobacteria Cylindrospermopsis raciborskii from Bir M'cherga reservoir (Tunisia).
cyano_all,STX_DOC_000947,2011.0,cyanobacteria,cyanobacteria_stx,phylogenetic,BIOLOGICAL_PROCESS,Genetic variability of the invasive cyanobacteria Cylindrospermopsis raciborskii from Bir M'cherga reservoir (Tunisia).
cyano_all,STX_DOC_000947,2011.0,cyanobacteria,cyanobacteria_stx,toxicity,BIOLOGICAL_PROCESS,Genetic variability of the invasive cyanobacteria Cylindrospermopsis raciborskii from Bir M'cherga reservoir (Tunisia).
cyano_all,STX_DOC_000947,2011.0,cyanobacteria,cyanobacteria_stx,hplc,DETECTION_METHOD,Genetic variability of the invasive cyanobacteria Cylindrospermopsis raciborskii from Bir M'cherga reservoir (Tunisia).
cyano_all,STX_DOC_000948,2011.0,cyanobacteria,cyanobacteria_stx,saxitoxin,TOXIN,"Integrated membrane systems incorporating coagulation, activated carbon and ultrafiltration for the removal of toxic cyanobacterial metabolites from Anabaena circinalis."
cyano_all,STX_DOC_000948,2011.0,cyanobacteria,cyanobacteria_stx,cyanobacteria,CYANO_TAXON,"Integrated membrane systems incorporating coagulation, activated carbon and ultrafiltration for the removal of toxic cyanobacterial metabolites from Anabaena circinalis."
cyano_all,STX_DOC_000948,2011.0,cyanobacteria,cyanobacteria_stx,cyanobacterial,CYANO_TAXON,"Integrated membrane systems incorporating coagulation, activated carbon and ultrafiltration for the removal of toxic cyanobacterial metabolites from Anabaena circinalis."
cyano_all,STX_DOC_000948,2011.0,cyanobacteria,cyanobacteria_stx,anabaena,CYANO_TAXON,"Integrated membrane systems incorporating coagulation, activated carbon and ultrafiltration for the removal of toxic cyanobacterial metabolites from Anabaena circinalis."
cyano_all,STX_DOC_000948,2011.0,cyanobacteria,cyanobacteria_stx,bloom,ENV_FACTOR,"Integrated membrane systems incorporating coagulation, activated carbon and ultrafiltration for the removal of toxic cyanobacterial metabolites from Anabaena circinalis."
cyano_all,STX_DOC_000950,2010.0,cyanobacteria,cyanobacteria_stx,paralytic shellfish toxins,TOXIN,"First evidence of ""paralytic shellfish toxins"" and cylindrospermopsin in a Mexican freshwater system, Lago Catemaco, and apparent bioaccumulation of the toxins in ""tegogolo"" snails (Pomacea patula catemacensis)."
cyano_all,STX_DOC_000950,2010.0,cyanobacteria,cyanobacteria_stx,pst,TOXIN,"First evidence of ""paralytic shellfish toxins"" and cylindrospermopsin in a Mexican freshwater system, Lago Catemaco, and apparent bioaccumulation of the toxins in ""tegogolo"" snails (Pomacea patula catemacensis)."
cyano_all,STX_DOC_000950,2010.0,cyanobacteria,cyanobacteria_stx,cyanobacterial,CYANO_TAXON,"First evidence of ""paralytic shellfish toxins"" and cylindrospermopsin in a Mexican freshwater system, Lago Catemaco, and apparent bioaccumulation of the toxins in ""tegogolo"" snails (Pomacea patula catemacensis)."
cyano_all,STX_DOC_000950,2010.0,cyanobacteria,cyanobacteria_stx,cylindrospermopsis,CYANO_TAXON,"First evidence of ""paralytic shellfish toxins"" and cylindrospermopsin in a Mexican freshwater system, Lago Catemaco, and apparent bioaccumulation of the toxins in ""tegogolo"" snails (Pomacea patula catemacensis)."
cyano_all,STX_DOC_000950,2010.0,cyanobacteria,cyanobacteria_stx,hplc,DETECTION_METHOD,"First evidence of ""paralytic shellfish toxins"" and cylindrospermopsin in a Mexican freshwater system, Lago Catemaco, and apparent bioaccumulation of the toxins in ""tegogolo"" snails (Pomacea patula catemacensis)."
cyano_all,STX_DOC_000950,2010.0,cyanobacteria,cyanobacteria_stx,lc-ms,DETECTION_METHOD,"First evidence of ""paralytic shellfish toxins"" and cylindrospermopsin in a Mexican freshwater system, Lago Catemaco, and apparent bioaccumulation of the toxins in ""tegogolo"" snails (Pomacea patula catemacensis)."
cyano_all,STX_DOC_000950,2010.0,cyanobacteria,cyanobacteria_stx,elisa,DETECTION_METHOD,"First evidence of ""paralytic shellfish toxins"" and cylindrospermopsin in a Mexican freshwater system, Lago Catemaco, and apparent bioaccumulation of the toxins in ""tegogolo"" snails (Pomacea patula catemacensis)."
cyano_all,STX_DOC_000951,2010.0,cyanobacteria,cyanobacteria_stx,cyanobacterium,CYANO_TAXON,Identification of a benthic microcystin-producing filamentous cyanobacterium (Oscillatoriales) associated with a dog poisoning in New Zealand.
cyano_all,STX_DOC_000951,2010.0,cyanobacteria,cyanobacteria_stx,cyanobacterial,CYANO_TAXON,Identification of a benthic microcystin-producing filamentous cyanobacterium (Oscillatoriales) associated with a dog poisoning in New Zealand.
cyano_all,STX_DOC_000951,2010.0,cyanobacteria,cyanobacteria_stx,planktothrix,CYANO_TAXON,Identification of a benthic microcystin-producing filamentous cyanobacterium (Oscillatoriales) associated with a dog poisoning in New Zealand.
cyano_all,STX_DOC_000951,2010.0,cyanobacteria,cyanobacteria_stx,phylogenetic,BIOLOGICAL_PROCESS,Identification of a benthic microcystin-producing filamentous cyanobacterium (Oscillatoriales) associated with a dog poisoning in New Zealand.
cyano_all,STX_DOC_000951,2010.0,cyanobacteria,cyanobacteria_stx,lc-ms,DETECTION_METHOD,Identification of a benthic microcystin-producing filamentous cyanobacterium (Oscillatoriales) associated with a dog poisoning in New Zealand.
cyano_all,STX_DOC_000951,2010.0,cyanobacteria,cyanobacteria_stx,mass spectrometry,DETECTION_METHOD,Identification of a benthic microcystin-producing filamentous cyanobacterium (Oscillatoriales) associated with a dog poisoning in New Zealand.
cyano_all,STX_DOC_000952,2010.0,cyanobacteria,cyanobacteria_stx,paralytic shellfish poisoning,TOXIN,"The smallest known genomes of multicellular and toxic cyanobacteria: comparison, minimal gene sets for linked traits and the evolutionary implications."
cyano_all,STX_DOC_000952,2010.0,cyanobacteria,cyanobacteria_stx,cyanobacteria,CYANO_TAXON,"The smallest known genomes of multicellular and toxic cyanobacteria: comparison, minimal gene sets for linked traits and the evolutionary implications."
cyano_all,STX_DOC_000952,2010.0,cyanobacteria,cyanobacteria_stx,cyanobacterial,CYANO_TAXON,"The smallest known genomes of multicellular and toxic cyanobacteria: comparison, minimal gene sets for linked traits and the evolutionary implications."
cyano_all,STX_DOC_000952,2010.0,cyanobacteria,cyanobacteria_stx,cylindrospermopsis,CYANO_TAXON,"The smallest known genomes of multicellular and toxic cyanobacteria: comparison, minimal gene sets for linked traits and the evolutionary implications."
cyano_all,STX_DOC_000952,2010.0,cyanobacteria,cyanobacteria_stx,nitrogen,ENV_FACTOR,"The smallest known genomes of multicellular and toxic cyanobacteria: comparison, minimal gene sets for linked traits and the evolutionary implications."
cyano_all,STX_DOC_000953,2009.0,cyanobacteria,cyanobacteria_stx,cyanobacterium,CYANO_TAXON,Effects of the cyanobacterium Cylindrospermopsis raciborskii on feeding and life-history characteristics of the grazer Daphnia magna.
cyano_all,STX_DOC_000953,2009.0,cyanobacteria,cyanobacteria_stx,cylindrospermopsis,CYANO_TAXON,Effects of the cyanobacterium Cylindrospermopsis raciborskii on feeding and life-history characteristics of the grazer Daphnia magna.
cyano_all,STX_DOC_000956,2009.0,cyanobacteria,cyanobacteria_stx,saxitoxin,TOXIN,"Optimising water treatment practices for the removal of Anabaena circinalis and its associated metabolites, geosmin and saxitoxins."
cyano_all,STX_DOC_000956,2009.0,cyanobacteria,cyanobacteria_stx,cyanobacterium,CYANO_TAXON,"Optimising water treatment practices for the removal of Anabaena circinalis and its associated metabolites, geosmin and saxitoxins."
cyano_all,STX_DOC_000956,2009.0,cyanobacteria,cyanobacteria_stx,anabaena,CYANO_TAXON,"Optimising water treatment practices for the removal of Anabaena circinalis and its associated metabolites, geosmin and saxitoxins."
cyano_all,STX_DOC_000963,2004.0,cyanobacteria,cyanobacteria_stx,paralytic shellfish toxins,TOXIN,Accumulation of paralytic shellfish toxins (PST) from the cyanobacterium Aphanizomenon issatschenkoi by the cladoceran Daphnia magna
cyano_all,STX_DOC_000963,2004.0,cyanobacteria,cyanobacteria_stx,pst,TOXIN,Accumulation of paralytic shellfish toxins (PST) from the cyanobacterium Aphanizomenon issatschenkoi by the cladoceran Daphnia magna
cyano_all,STX_DOC_000963,2004.0,cyanobacteria,cyanobacteria_stx,cyanobacterium,CYANO_TAXON,Accumulation of paralytic shellfish toxins (PST) from the cyanobacterium Aphanizomenon issatschenkoi by the cladoceran Daphnia magna
cyano_all,STX_DOC_000963,2004.0,cyanobacteria,cyanobacteria_stx,aphanizomenon,CYANO_TAXON,Accumulation of paralytic shellfish toxins (PST) from the cyanobacterium Aphanizomenon issatschenkoi by the cladoceran Daphnia magna
cyano_all,STX_DOC_000966,2003.0,cyanobacteria,cyanobacteria_stx,paralytic shellfish toxin,TOXIN,MORPHOLOGICAL AND 16S rRNA GENE EVIDENCE FOR RECLASSIFICATION OF THE PARALYTIC SHELLFISH TOXIN PRODUCING <i>APHANIZOMENON FLOS‐AQUAE</i> LMECYA 31 AS <i>APHANIZOMENON ISSATSCHENKOI</i> (CYANOPHYCEAE)<sup>1</sup>
cyano_all,STX_DOC_000966,2003.0,cyanobacteria,cyanobacteria_stx,cyanobacterium,CYANO_TAXON,MORPHOLOGICAL AND 16S rRNA GENE EVIDENCE FOR RECLASSIFICATION OF THE PARALYTIC SHELLFISH TOXIN PRODUCING <i>APHANIZOMENON FLOS‐AQUAE</i> LMECYA 31 AS <i>APHANIZOMENON ISSATSCHENKOI</i> (CYANOPHYCEAE)<sup>1</sup>
cyano_all,STX_DOC_000966,2003.0,cyanobacteria,cyanobacteria_stx,aphanizomenon,CYANO_TAXON,MORPHOLOGICAL AND 16S rRNA GENE EVIDENCE FOR RECLASSIFICATION OF THE PARALYTIC SHELLFISH TOXIN PRODUCING <i>APHANIZOMENON FLOS‐AQUAE</i> LMECYA 31 AS <i>APHANIZOMENON ISSATSCHENKOI</i> (CYANOPHYCEAE)<sup>1</sup>
cyano_all,STX_DOC_000966,2003.0,cyanobacteria,cyanobacteria_stx,phylogenetic,BIOLOGICAL_PROCESS,MORPHOLOGICAL AND 16S rRNA GENE EVIDENCE FOR RECLASSIFICATION OF THE PARALYTIC SHELLFISH TOXIN PRODUCING <i>APHANIZOMENON FLOS‐AQUAE</i> LMECYA 31 AS <i>APHANIZOMENON ISSATSCHENKOI</i> (CYANOPHYCEAE)<sup>1</sup>
cyano_all,STX_DOC_000971,2000.0,cross_taxa,dinoflagellate_stx,paralytic shellfish toxins,TOXIN,Seafood and Freshwater Toxins
cyano_all,STX_DOC_000971,2000.0,cross_taxa,dinoflagellate_stx,paralytic shellfish poisoning,TOXIN,Seafood and Freshwater Toxins
cyano_all,STX_DOC_000971,2000.0,cross_taxa,dinoflagellate_stx,dinoflagellates,DINO_TAXON,Seafood and Freshwater Toxins
cyano_all,STX_DOC_000971,2000.0,cross_taxa,dinoflagellate_stx,cyanobacterial,CYANO_TAXON,Seafood and Freshwater Toxins
cyano_all,STX_DOC_000971,2000.0,cross_taxa,dinoflagellate_stx,biosynthesis,BIOLOGICAL_PROCESS,Seafood and Freshwater Toxins
cyano_all,STX_DOC_000971,2000.0,cross_taxa,dinoflagellate_stx,toxicity,BIOLOGICAL_PROCESS,Seafood and Freshwater Toxins
cyano_all,STX_DOC_000971,2000.0,cross_taxa,dinoflagellate_stx,mouse bioassay,DETECTION_METHOD,Seafood and Freshwater Toxins
cyano_all,STX_DOC_000971,2000.0,cross_taxa,dinoflagellate_stx,chemical analysis,DETECTION_METHOD,Seafood and Freshwater Toxins
cyano_all,STX_DOC_000980,1997.0,cyanobacteria,cyanobacteria_stx,saxitoxin,TOXIN,New saxitoxin analogues from the freshwater filamentous cyanobacterium Lyngbya wollei.
cyano_all,STX_DOC_000980,1997.0,cyanobacteria,cyanobacteria_stx,cyanobacterium,CYANO_TAXON,New saxitoxin analogues from the freshwater filamentous cyanobacterium Lyngbya wollei.
cyano_all,STX_DOC_000980,1997.0,cyanobacteria,cyanobacteria_stx,lyngbya,CYANO_TAXON,New saxitoxin analogues from the freshwater filamentous cyanobacterium Lyngbya wollei.
cyano_all,STX_DOC_000980,1997.0,cyanobacteria,cyanobacteria_stx,toxicity,BIOLOGICAL_PROCESS,New saxitoxin analogues from the freshwater filamentous cyanobacterium Lyngbya wollei.
cyano_all,STX_DOC_000980,1997.0,cyanobacteria,cyanobacteria_stx,mass spectrometry,DETECTION_METHOD,New saxitoxin analogues from the freshwater filamentous cyanobacterium Lyngbya wollei.
cyano_all,STX_DOC_000981,1995.0,cyanobacteria,cyanobacteria_stx,gonyautoxin,TOXIN,Sheep mortality associated with paralytic shellfish poisons from the cyanobacterium Anabaena circinalis.
cyano_all,STX_DOC_000981,1995.0,cyanobacteria,cyanobacteria_stx,cyanobacterium,CYANO_TAXON,Sheep mortality associated with paralytic shellfish poisons from the cyanobacterium Anabaena circinalis.
cyano_all,STX_DOC_000981,1995.0,cyanobacteria,cyanobacteria_stx,cyanobacterial,CYANO_TAXON,Sheep mortality associated with paralytic shellfish poisons from the cyanobacterium Anabaena circinalis.
cyano_all,STX_DOC_000981,1995.0,cyanobacteria,cyanobacteria_stx,anabaena,CYANO_TAXON,Sheep mortality associated with paralytic shellfish poisons from the cyanobacterium Anabaena circinalis.
cyano_all,STX_DOC_000981,1995.0,cyanobacteria,cyanobacteria_stx,bloom,ENV_FACTOR,Sheep mortality associated with paralytic shellfish poisons from the cyanobacterium Anabaena circinalis.
cyano_all,STX_DOC_000981,1995.0,cyanobacteria,cyanobacteria_stx,hplc,DETECTION_METHOD,Sheep mortality associated with paralytic shellfish poisons from the cyanobacterium Anabaena circinalis.
cyano_all,STX_DOC_000981,1995.0,cyanobacteria,cyanobacteria_stx,mouse bioassay,DETECTION_METHOD,Sheep mortality associated with paralytic shellfish poisons from the cyanobacterium Anabaena circinalis.
cyano_all,STX_DOC_000985,1986.0,cyanobacteria,cyanobacteria_stx,saxitoxin,TOXIN,Paralytic shellfish poisons produced by the freshwater cyanobacterium Aphanizomenon flos-aquae NH-5.
cyano_all,STX_DOC_000985,1986.0,cyanobacteria,cyanobacteria_stx,cyanobacteria,CYANO_TAXON,Paralytic shellfish poisons produced by the freshwater cyanobacterium Aphanizomenon flos-aquae NH-5.
cyano_all,STX_DOC_000985,1986.0,cyanobacteria,cyanobacteria_stx,cyanobacterium,CYANO_TAXON,Paralytic shellfish poisons produced by the freshwater cyanobacterium Aphanizomenon flos-aquae NH-5.
cyano_all,STX_DOC_000985,1986.0,cyanobacteria,cyanobacteria_stx,aphanizomenon,CYANO_TAXON,Paralytic shellfish poisons produced by the freshwater cyanobacterium Aphanizomenon flos-aquae NH-5.
cyano_all,STX_DOC_000985,1986.0,cyanobacteria,cyanobacteria_stx,bloom,ENV_FACTOR,Paralytic shellfish poisons produced by the freshwater cyanobacterium Aphanizomenon flos-aquae NH-5.
cyano_all,STX_DOC_000986,1984.0,cyanobacteria,cyanobacteria_stx,stx,TOXIN,Studies on <i>Aphanizomenon</i> and <i>Microcystis</i> Toxins
cyano_all,STX_DOC_000986,1984.0,cyanobacteria,cyanobacteria_stx,cyanobacteria,CYANO_TAXON,Studies on <i>Aphanizomenon</i> and <i>Microcystis</i> Toxins
cyano_all,STX_DOC_000986,1984.0,cyanobacteria,cyanobacteria_stx,aphanizomenon,CYANO_TAXON,Studies on <i>Aphanizomenon</i> and <i>Microcystis</i> Toxins
cyano_all,STX_DOC_000989,1968.0,cross_taxa,dinoflagellate_stx,saxitoxin,TOXIN,Toxins of a Blue-Green Alga: Similarity to Saxitoxin
cyano_all,STX_DOC_000989,1968.0,cross_taxa,dinoflagellate_stx,paralytic shellfish toxin,TOXIN,Toxins of a Blue-Green Alga: Similarity to Saxitoxin
cyano_all,STX_DOC_000989,1968.0,cross_taxa,dinoflagellate_stx,dinoflagellate,DINO_TAXON,Toxins of a Blue-Green Alga: Similarity to Saxitoxin
cyano_all,STX_DOC_000989,1968.0,cross_taxa,dinoflagellate_stx,aphanizomenon,CYANO_TAXON,Toxins of a Blue-Green Alga: Similarity to Saxitoxin
cyano_all,STX_DOC_000990,1968.0,cross_taxa,dinoflagellate_stx,saxitoxin,TOXIN,Toxins of a blue-green alga: similarity to saxitoxin.
cyano_all,STX_DOC_000990,1968.0,cross_taxa,dinoflagellate_stx,paralytic shellfish toxin,TOXIN,Toxins of a blue-green alga: similarity to saxitoxin.
cyano_all,STX_DOC_000990,1968.0,cross_taxa,dinoflagellate_stx,dinoflagellate,DINO_TAXON,Toxins of a blue-green alga: similarity to saxitoxin.
cyano_all,STX_DOC_000990,1968.0,cross_taxa,dinoflagellate_stx,aphanizomenon,CYANO_TAXON,Toxins of a blue-green alga: similarity to saxitoxin.
cyano_all,STX_DOC_000999,2026.0,cyanobacteria,cyanobacteria_stx,saxitoxin,TOXIN,Flexible Gold-Based Electrochemical Biosensor for Highly Sensitive Detection of Saxitoxin in Water Samples.
cyano_all,STX_DOC_000999,2026.0,cyanobacteria,cyanobacteria_stx,stx,TOXIN,Flexible Gold-Based Electrochemical Biosensor for Highly Sensitive Detection of Saxitoxin in Water Samples.
cyano_all,STX_DOC_000999,2026.0,cyanobacteria,cyanobacteria_stx,cyanobacterial,CYANO_TAXON,Flexible Gold-Based Electrochemical Biosensor for Highly Sensitive Detection of Saxitoxin in Water Samples.
cyano_all,STX_DOC_000999,2026.0,cyanobacteria,cyanobacteria_stx,phosphate,ENV_FACTOR,Flexible Gold-Based Electrochemical Biosensor for Highly Sensitive Detection of Saxitoxin in Water Samples.
cyano_all,STX_DOC_000999,2026.0,cyanobacteria,cyanobacteria_stx,hplc,DETECTION_METHOD,Flexible Gold-Based Electrochemical Biosensor for Highly Sensitive Detection of Saxitoxin in Water Samples.
cyano_all,STX_DOC_000999,2026.0,cyanobacteria,cyanobacteria_stx,mass spectrometry,DETECTION_METHOD,Flexible Gold-Based Electrochemical Biosensor for Highly Sensitive Detection of Saxitoxin in Water Samples.
cyano_all,STX_DOC_000999,2026.0,cyanobacteria,cyanobacteria_stx,elisa,DETECTION_METHOD,Flexible Gold-Based Electrochemical Biosensor for Highly Sensitive Detection of Saxitoxin in Water Samples.
cyano_all,STX_DOC_000999,2026.0,cyanobacteria,cyanobacteria_stx,biosensor,DETECTION_METHOD,Flexible Gold-Based Electrochemical Biosensor for Highly Sensitive Detection of Saxitoxin in Water Samples.
cyano_all,STX_DOC_001000,2025.0,cyanobacteria,cyanobacteria_stx,paralytic shellfish poisoning,TOXIN,Exploring the binding potential of natural compounds to carbonic anhydrase of cyanobacteria through computer-based simulations
cyano_all,STX_DOC_001000,2025.0,cyanobacteria,cyanobacteria_stx,cyanobacteria,CYANO_TAXON,Exploring the binding potential of natural compounds to carbonic anhydrase of cyanobacteria through computer-based simulations
cyano_all,STX_DOC_001000,2025.0,cyanobacteria,cyanobacteria_stx,cyanobacterial,CYANO_TAXON,Exploring the binding potential of natural compounds to carbonic anhydrase of cyanobacteria through computer-based simulations
cyano_all,STX_DOC_001000,2025.0,cyanobacteria,cyanobacteria_stx,bloom,ENV_FACTOR,Exploring the binding potential of natural compounds to carbonic anhydrase of cyanobacteria through computer-based simulations
cyano_all,STX_DOC_001000,2025.0,cyanobacteria,cyanobacteria_stx,harmful algal bloom,ENV_FACTOR,Exploring the binding potential of natural compounds to carbonic anhydrase of cyanobacteria through computer-based simulations
cyano_all,STX_DOC_001001,2025.0,cyanobacteria,cyanobacteria_stx,saxitoxin,TOXIN,"The ability of hydrogen peroxide (H<sub>2</sub>O<sub>2</sub>) to degrade saxitoxin-, microcystin-, anatoxin-, and non-toxin-producing strains of the harmful cyanobacterium, Dolichospermum."
cyano_all,STX_DOC_001001,2025.0,cyanobacteria,cyanobacteria_stx,cyanobacterium,CYANO_TAXON,"The ability of hydrogen peroxide (H<sub>2</sub>O<sub>2</sub>) to degrade saxitoxin-, microcystin-, anatoxin-, and non-toxin-producing strains of the harmful cyanobacterium, Dolichospermum."
cyano_all,STX_DOC_001001,2025.0,cyanobacteria,cyanobacteria_stx,cyanobacterial,CYANO_TAXON,"The ability of hydrogen peroxide (H<sub>2</sub>O<sub>2</sub>) to degrade saxitoxin-, microcystin-, anatoxin-, and non-toxin-producing strains of the harmful cyanobacterium, Dolichospermum."
cyano_all,STX_DOC_001001,2025.0,cyanobacteria,cyanobacteria_stx,dolichospermum,CYANO_TAXON,"The ability of hydrogen peroxide (H<sub>2</sub>O<sub>2</sub>) to degrade saxitoxin-, microcystin-, anatoxin-, and non-toxin-producing strains of the harmful cyanobacterium, Dolichospermum."
cyano_all,STX_DOC_001003,2025.0,cyanobacteria,cyanobacteria_stx,saxitoxin,TOXIN,Environmental Homeopathy: Homeopathic Potencies Regulate the Toxicity and Growth of Raphidiopsis raciborskii (Cyanobacteria) and can be Tracked Physico-Chemically. Part 1: Biological Results.
cyano_all,STX_DOC_001003,2025.0,cyanobacteria,cyanobacteria_stx,stx,TOXIN,Environmental Homeopathy: Homeopathic Potencies Regulate the Toxicity and Growth of Raphidiopsis raciborskii (Cyanobacteria) and can be Tracked Physico-Chemically. Part 1: Biological Results.
cyano_all,STX_DOC_001003,2025.0,cyanobacteria,cyanobacteria_stx,cyanobacteria,CYANO_TAXON,Environmental Homeopathy: Homeopathic Potencies Regulate the Toxicity and Growth of Raphidiopsis raciborskii (Cyanobacteria) and can be Tracked Physico-Chemically. Part 1: Biological Results.
cyano_all,STX_DOC_001003,2025.0,cyanobacteria,cyanobacteria_stx,expression,BIOLOGICAL_PROCESS,Environmental Homeopathy: Homeopathic Potencies Regulate the Toxicity and Growth of Raphidiopsis raciborskii (Cyanobacteria) and can be Tracked Physico-Chemically. Part 1: Biological Results.
cyano_all,STX_DOC_001003,2025.0,cyanobacteria,cyanobacteria_stx,gene expression,BIOLOGICAL_PROCESS,Environmental Homeopathy: Homeopathic Potencies Regulate the Toxicity and Growth of Raphidiopsis raciborskii (Cyanobacteria) and can be Tracked Physico-Chemically. Part 1: Biological Results.
cyano_all,STX_DOC_001003,2025.0,cyanobacteria,cyanobacteria_stx,toxicity,BIOLOGICAL_PROCESS,Environmental Homeopathy: Homeopathic Potencies Regulate the Toxicity and Growth of Raphidiopsis raciborskii (Cyanobacteria) and can be Tracked Physico-Chemically. Part 1: Biological Results.
cyano_all,STX_DOC_001005,2024.0,cyanobacteria,cyanobacteria_stx,saxitoxin,TOXIN,Distribution of toxigenic cyanobacteria in Alpine lakes and rivers as revealed by molecular screening.
cyano_all,STX_DOC_001005,2024.0,cyanobacteria,cyanobacteria_stx,cyanobacteria,CYANO_TAXON,Distribution of toxigenic cyanobacteria in Alpine lakes and rivers as revealed by molecular screening.
cyano_all,STX_DOC_001005,2024.0,cyanobacteria,cyanobacteria_stx,dolichospermum,CYANO_TAXON,Distribution of toxigenic cyanobacteria in Alpine lakes and rivers as revealed by molecular screening.
cyano_all,STX_DOC_001005,2024.0,cyanobacteria,cyanobacteria_stx,planktothrix,CYANO_TAXON,Distribution of toxigenic cyanobacteria in Alpine lakes and rivers as revealed by molecular screening.
cyano_all,STX_DOC_001005,2024.0,cyanobacteria,cyanobacteria_stx,lc-ms,DETECTION_METHOD,Distribution of toxigenic cyanobacteria in Alpine lakes and rivers as revealed by molecular screening.
cyano_all,STX_DOC_001005,2024.0,cyanobacteria,cyanobacteria_stx,lc-ms/ms,DETECTION_METHOD,Distribution of toxigenic cyanobacteria in Alpine lakes and rivers as revealed by molecular screening.
cyano_all,STX_DOC_001006,2024.0,cyanobacteria,cyanobacteria_stx,cyanobacteria,CYANO_TAXON,Identification of toxin-producing cyanobacteria in water reservoirs of Kirov region and assessment of their relationship with water toxicity to hydrobionts
cyano_all,STX_DOC_001006,2024.0,cyanobacteria,cyanobacteria_stx,aphanizomenon,CYANO_TAXON,Identification of toxin-producing cyanobacteria in water reservoirs of Kirov region and assessment of their relationship with water toxicity to hydrobionts
cyano_all,STX_DOC_001006,2024.0,cyanobacteria,cyanobacteria_stx,dolichospermum,CYANO_TAXON,Identification of toxin-producing cyanobacteria in water reservoirs of Kirov region and assessment of their relationship with water toxicity to hydrobionts
cyano_all,STX_DOC_001006,2024.0,cyanobacteria,cyanobacteria_stx,biosynthesis,BIOLOGICAL_PROCESS,Identification of toxin-producing cyanobacteria in water reservoirs of Kirov region and assessment of their relationship with water toxicity to hydrobionts
cyano_all,STX_DOC_001006,2024.0,cyanobacteria,cyanobacteria_stx,toxicity,BIOLOGICAL_PROCESS,Identification of toxin-producing cyanobacteria in water reservoirs of Kirov region and assessment of their relationship with water toxicity to hydrobionts
cyano_all,STX_DOC_001007,2024.0,cyanobacteria,high_confidence_stx_biosynthesis,sxta,SXT_GENE,Molecular Screening for Cyanobacteria and Their Cyanotoxin Potential in Diverse Habitats.
cyano_all,STX_DOC_001007,2024.0,cyanobacteria,high_confidence_stx_biosynthesis,cyanobacteria,CYANO_TAXON,Molecular Screening for Cyanobacteria and Their Cyanotoxin Potential in Diverse Habitats.
cyano_all,STX_DOC_001008,2024.0,cyanobacteria,cyanobacteria_stx,saxitoxin,TOXIN,Impacts of Harmful Algal Blooms (HABs) on Agriculture: A Short Communication
cyano_all,STX_DOC_001008,2024.0,cyanobacteria,cyanobacteria_stx,cyanobacteria,CYANO_TAXON,Impacts of Harmful Algal Blooms (HABs) on Agriculture: A Short Communication
cyano_all,STX_DOC_001008,2024.0,cyanobacteria,cyanobacteria_stx,nitrogen,ENV_FACTOR,Impacts of Harmful Algal Blooms (HABs) on Agriculture: A Short Communication
cyano_all,STX_DOC_001008,2024.0,cyanobacteria,cyanobacteria_stx,phosphorus,ENV_FACTOR,Impacts of Harmful Algal Blooms (HABs) on Agriculture: A Short Communication
cyano_all,STX_DOC_001008,2024.0,cyanobacteria,cyanobacteria_stx,nutrients,ENV_FACTOR,Impacts of Harmful Algal Blooms (HABs) on Agriculture: A Short Communication
cyano_all,STX_DOC_001008,2024.0,cyanobacteria,cyanobacteria_stx,climate,ENV_FACTOR,Impacts of Harmful Algal Blooms (HABs) on Agriculture: A Short Communication
cyano_all,STX_DOC_001009,2023.0,cyanobacteria,high_confidence_stx_biosynthesis,saxitoxin,TOXIN,qPCR Assay in sxtA Gene in Saxitoxin-Producing Cyanobacteria
cyano_all,STX_DOC_001009,2023.0,cyanobacteria,high_confidence_stx_biosynthesis,sxta,SXT_GENE,qPCR Assay in sxtA Gene in Saxitoxin-Producing Cyanobacteria
cyano_all,STX_DOC_001009,2023.0,cyanobacteria,high_confidence_stx_biosynthesis,cyanobacteria,CYANO_TAXON,qPCR Assay in sxtA Gene in Saxitoxin-Producing Cyanobacteria
cyano_all,STX_DOC_001010,2023.0,cyanobacteria,cyanobacteria_stx,saxitoxin,TOXIN,Rapid electrochemical biosensor composed of DNA probe/iridium nanoparticle bilayer for Aphanizomenon flos-aquae detection in fresh water.
cyano_all,STX_DOC_001010,2023.0,cyanobacteria,cyanobacteria_stx,cyanobacteria,CYANO_TAXON,Rapid electrochemical biosensor composed of DNA probe/iridium nanoparticle bilayer for Aphanizomenon flos-aquae detection in fresh water.
cyano_all,STX_DOC_001010,2023.0,cyanobacteria,cyanobacteria_stx,cyanobacterium,CYANO_TAXON,Rapid electrochemical biosensor composed of DNA probe/iridium nanoparticle bilayer for Aphanizomenon flos-aquae detection in fresh water.
cyano_all,STX_DOC_001010,2023.0,cyanobacteria,cyanobacteria_stx,aphanizomenon,CYANO_TAXON,Rapid electrochemical biosensor composed of DNA probe/iridium nanoparticle bilayer for Aphanizomenon flos-aquae detection in fresh water.
cyano_all,STX_DOC_001010,2023.0,cyanobacteria,cyanobacteria_stx,biosensor,DETECTION_METHOD,Rapid electrochemical biosensor composed of DNA probe/iridium nanoparticle bilayer for Aphanizomenon flos-aquae detection in fresh water.
cyano_all,STX_DOC_001011,2023.0,cyanobacteria,cyanobacteria_stx,cyanobacteria,CYANO_TAXON,"The Discovery of Potentially Toxigenic &lt;em&gt;Gloeotrichia&lt;/em&gt; CF. &lt;em&gt;natans&lt;/em&gt; (Cyanobacteria) in the Continuous Permafrost Zone of Buotama River, Lena Pillars Nature Park in Yakutia, Was Made through the Observation of Epilithic Macrocolonies"
cyano_all,STX_DOC_001011,2023.0,cyanobacteria,cyanobacteria_stx,cyanobacterial,CYANO_TAXON,"The Discovery of Potentially Toxigenic &lt;em&gt;Gloeotrichia&lt;/em&gt; CF. &lt;em&gt;natans&lt;/em&gt; (Cyanobacteria) in the Continuous Permafrost Zone of Buotama River, Lena Pillars Nature Park in Yakutia, Was Made through the Observation of Epilithic Macrocolonies"
cyano_all,STX_DOC_001011,2023.0,cyanobacteria,cyanobacteria_stx,climate,ENV_FACTOR,"The Discovery of Potentially Toxigenic &lt;em&gt;Gloeotrichia&lt;/em&gt; CF. &lt;em&gt;natans&lt;/em&gt; (Cyanobacteria) in the Continuous Permafrost Zone of Buotama River, Lena Pillars Nature Park in Yakutia, Was Made through the Observation of Epilithic Macrocolonies"
cyano_all,STX_DOC_001011,2023.0,cyanobacteria,cyanobacteria_stx,mass spectrometry,DETECTION_METHOD,"The Discovery of Potentially Toxigenic &lt;em&gt;Gloeotrichia&lt;/em&gt; CF. &lt;em&gt;natans&lt;/em&gt; (Cyanobacteria) in the Continuous Permafrost Zone of Buotama River, Lena Pillars Nature Park in Yakutia, Was Made through the Observation of Epilithic Macrocolonies"
cyano_all,STX_DOC_001014,2023.0,cyanobacteria,cyanobacteria_stx,cyanobacteria,CYANO_TAXON,"Gloeotrichia cf. natans (Cyanobacteria) in the Continuous Permafrost Zone of Buotama River, Lena Pillars Nature Park, in Yakutia (Russia)"
cyano_all,STX_DOC_001014,2023.0,cyanobacteria,cyanobacteria_stx,cyanobacterial,CYANO_TAXON,"Gloeotrichia cf. natans (Cyanobacteria) in the Continuous Permafrost Zone of Buotama River, Lena Pillars Nature Park, in Yakutia (Russia)"
cyano_all,STX_DOC_001014,2023.0,cyanobacteria,cyanobacteria_stx,climate,ENV_FACTOR,"Gloeotrichia cf. natans (Cyanobacteria) in the Continuous Permafrost Zone of Buotama River, Lena Pillars Nature Park, in Yakutia (Russia)"
cyano_all,STX_DOC_001014,2023.0,cyanobacteria,cyanobacteria_stx,mass spectrometry,DETECTION_METHOD,"Gloeotrichia cf. natans (Cyanobacteria) in the Continuous Permafrost Zone of Buotama River, Lena Pillars Nature Park, in Yakutia (Russia)"
cyano_all,STX_DOC_001020,2021.0,cyanobacteria,cyanobacteria_stx,saxitoxin,TOXIN,Evidence of Quorum Sensing in Cyanobacteria by Homoserine Lactones: The Origin of Blooms
cyano_all,STX_DOC_001020,2021.0,cyanobacteria,cyanobacteria_stx,cyanobacteria,CYANO_TAXON,Evidence of Quorum Sensing in Cyanobacteria by Homoserine Lactones: The Origin of Blooms
cyano_all,STX_DOC_001020,2021.0,cyanobacteria,cyanobacteria_stx,cyanobacterial,CYANO_TAXON,Evidence of Quorum Sensing in Cyanobacteria by Homoserine Lactones: The Origin of Blooms
cyano_all,STX_DOC_001020,2021.0,cyanobacteria,cyanobacteria_stx,cylindrospermopsis,CYANO_TAXON,Evidence of Quorum Sensing in Cyanobacteria by Homoserine Lactones: The Origin of Blooms
cyano_all,STX_DOC_001020,2021.0,cyanobacteria,cyanobacteria_stx,elisa,DETECTION_METHOD,Evidence of Quorum Sensing in Cyanobacteria by Homoserine Lactones: The Origin of Blooms
cyano_all,STX_DOC_001021,2020.0,cyanobacteria,cyanobacteria_stx,cyanobacteria,CYANO_TAXON,Evaluation of the efficiency of three different mineral adsorbents in the removal of pollutants in samples from a tropical spring in Northeastern Brazil.
cyano_all,STX_DOC_001021,2020.0,cyanobacteria,cyanobacteria_stx,nitrogen,ENV_FACTOR,Evaluation of the efficiency of three different mineral adsorbents in the removal of pollutants in samples from a tropical spring in Northeastern Brazil.
cyano_all,STX_DOC_001021,2020.0,cyanobacteria,cyanobacteria_stx,phosphorus,ENV_FACTOR,Evaluation of the efficiency of three different mineral adsorbents in the removal of pollutants in samples from a tropical spring in Northeastern Brazil.
cyano_all,STX_DOC_001021,2020.0,cyanobacteria,cyanobacteria_stx,nitrate,ENV_FACTOR,Evaluation of the efficiency of three different mineral adsorbents in the removal of pollutants in samples from a tropical spring in Northeastern Brazil.
cyano_all,STX_DOC_001022,2020.0,cyanobacteria,cyanobacteria_stx,saxitoxin,TOXIN,Can small-bodied Daphnia control Raphidiopsis raciborskii in eutrophic tropical lakes? A mesocosm experiment.
cyano_all,STX_DOC_001022,2020.0,cyanobacteria,cyanobacteria_stx,cyanobacteria,CYANO_TAXON,Can small-bodied Daphnia control Raphidiopsis raciborskii in eutrophic tropical lakes? A mesocosm experiment.
cyano_all,STX_DOC_001022,2020.0,cyanobacteria,cyanobacteria_stx,cyanobacterium,CYANO_TAXON,Can small-bodied Daphnia control Raphidiopsis raciborskii in eutrophic tropical lakes? A mesocosm experiment.
cyano_all,STX_DOC_001022,2020.0,cyanobacteria,cyanobacteria_stx,nutrient,ENV_FACTOR,Can small-bodied Daphnia control Raphidiopsis raciborskii in eutrophic tropical lakes? A mesocosm experiment.
cyano_all,STX_DOC_001022,2020.0,cyanobacteria,cyanobacteria_stx,bloom,ENV_FACTOR,Can small-bodied Daphnia control Raphidiopsis raciborskii in eutrophic tropical lakes? A mesocosm experiment.
cyano_all,STX_DOC_001023,2020.0,cyanobacteria,cyanobacteria_stx,paralytic shellfish toxins,TOXIN,Multiple biomarkers response in a Neotropical fish exposed to paralytic shellfish toxins (PSTs).
cyano_all,STX_DOC_001023,2020.0,cyanobacteria,cyanobacteria_stx,psts,TOXIN,Multiple biomarkers response in a Neotropical fish exposed to paralytic shellfish toxins (PSTs).
cyano_all,STX_DOC_001023,2020.0,cyanobacteria,cyanobacteria_stx,cyanobacterial,CYANO_TAXON,Multiple biomarkers response in a Neotropical fish exposed to paralytic shellfish toxins (PSTs).
cyano_all,STX_DOC_001024,2020.0,cyanobacteria,cyanobacteria_stx,saxitoxin,TOXIN,Effect of acute exposure of saxitoxin on development of zebrafish embryos (Danio rerio).
cyano_all,STX_DOC_001024,2020.0,cyanobacteria,cyanobacteria_stx,stx,TOXIN,Effect of acute exposure of saxitoxin on development of zebrafish embryos (Danio rerio).
cyano_all,STX_DOC_001024,2020.0,cyanobacteria,cyanobacteria_stx,cyanobacterial,CYANO_TAXON,Effect of acute exposure of saxitoxin on development of zebrafish embryos (Danio rerio).
cyano_all,STX_DOC_001024,2020.0,cyanobacteria,cyanobacteria_stx,regulation,BIOLOGICAL_PROCESS,Effect of acute exposure of saxitoxin on development of zebrafish embryos (Danio rerio).
cyano_all,STX_DOC_001024,2020.0,cyanobacteria,cyanobacteria_stx,expression,BIOLOGICAL_PROCESS,Effect of acute exposure of saxitoxin on development of zebrafish embryos (Danio rerio).
cyano_all,STX_DOC_001024,2020.0,cyanobacteria,cyanobacteria_stx,toxicity,BIOLOGICAL_PROCESS,Effect of acute exposure of saxitoxin on development of zebrafish embryos (Danio rerio).
cyano_all,STX_DOC_001026,2020.0,cyanobacteria,cyanobacteria_stx,cyanobacteria,CYANO_TAXON,"Cylindrospermopsin- and Deoxycylindrospermopsin-Producing <i>Raphidiopsis raciborskii</i> and Microcystin-Producing <i>Microcystis</i> spp. in Meiktila Lake, Myanmar."
cyano_all,STX_DOC_001026,2020.0,cyanobacteria,cyanobacteria_stx,cyanobacterium,CYANO_TAXON,"Cylindrospermopsin- and Deoxycylindrospermopsin-Producing <i>Raphidiopsis raciborskii</i> and Microcystin-Producing <i>Microcystis</i> spp. in Meiktila Lake, Myanmar."
cyano_all,STX_DOC_001026,2020.0,cyanobacteria,cyanobacteria_stx,cyanobacterial,CYANO_TAXON,"Cylindrospermopsin- and Deoxycylindrospermopsin-Producing <i>Raphidiopsis raciborskii</i> and Microcystin-Producing <i>Microcystis</i> spp. in Meiktila Lake, Myanmar."
cyano_all,STX_DOC_001026,2020.0,cyanobacteria,cyanobacteria_stx,toxin production,BIOLOGICAL_PROCESS,"Cylindrospermopsin- and Deoxycylindrospermopsin-Producing <i>Raphidiopsis raciborskii</i> and Microcystin-Producing <i>Microcystis</i> spp. in Meiktila Lake, Myanmar."
cyano_all,STX_DOC_001026,2020.0,cyanobacteria,cyanobacteria_stx,lc-ms,DETECTION_METHOD,"Cylindrospermopsin- and Deoxycylindrospermopsin-Producing <i>Raphidiopsis raciborskii</i> and Microcystin-Producing <i>Microcystis</i> spp. in Meiktila Lake, Myanmar."
cyano_all,STX_DOC_001026,2020.0,cyanobacteria,cyanobacteria_stx,mass spectrometry,DETECTION_METHOD,"Cylindrospermopsin- and Deoxycylindrospermopsin-Producing <i>Raphidiopsis raciborskii</i> and Microcystin-Producing <i>Microcystis</i> spp. in Meiktila Lake, Myanmar."
cyano_all,STX_DOC_001026,2020.0,cyanobacteria,cyanobacteria_stx,elisa,DETECTION_METHOD,"Cylindrospermopsin- and Deoxycylindrospermopsin-Producing <i>Raphidiopsis raciborskii</i> and Microcystin-Producing <i>Microcystis</i> spp. in Meiktila Lake, Myanmar."
cyano_all,STX_DOC_001028,2020.0,cyanobacteria,cyanobacteria_stx,cyanobacteria,CYANO_TAXON,Co-occurrence of anatoxin-a and microcystins in Lake Garda and other deep subalpine lakes
cyano_all,STX_DOC_001028,2020.0,cyanobacteria,cyanobacteria_stx,planktothrix,CYANO_TAXON,Co-occurrence of anatoxin-a and microcystins in Lake Garda and other deep subalpine lakes
cyano_all,STX_DOC_001028,2020.0,cyanobacteria,cyanobacteria_stx,warming,ENV_FACTOR,Co-occurrence of anatoxin-a and microcystins in Lake Garda and other deep subalpine lakes
cyano_all,STX_DOC_001028,2020.0,cyanobacteria,cyanobacteria_stx,climate,ENV_FACTOR,Co-occurrence of anatoxin-a and microcystins in Lake Garda and other deep subalpine lakes
cyano_all,STX_DOC_001028,2020.0,cyanobacteria,cyanobacteria_stx,lc-ms,DETECTION_METHOD,Co-occurrence of anatoxin-a and microcystins in Lake Garda and other deep subalpine lakes
cyano_all,STX_DOC_001028,2020.0,cyanobacteria,cyanobacteria_stx,lc-ms/ms,DETECTION_METHOD,Co-occurrence of anatoxin-a and microcystins in Lake Garda and other deep subalpine lakes
cyano_all,STX_DOC_001030,2019.0,cyanobacteria,cyanobacteria_stx,saxitoxin,TOXIN,"Phytoplankton community and algal toxicity at a recurring bloom in Sullivan Bay, Kabetogama Lake, Minnesota, USA."
cyano_all,STX_DOC_001030,2019.0,cyanobacteria,cyanobacteria_stx,cyanobacteria,CYANO_TAXON,"Phytoplankton community and algal toxicity at a recurring bloom in Sullivan Bay, Kabetogama Lake, Minnesota, USA."
cyano_all,STX_DOC_001030,2019.0,cyanobacteria,cyanobacteria_stx,cyanobacterial,CYANO_TAXON,"Phytoplankton community and algal toxicity at a recurring bloom in Sullivan Bay, Kabetogama Lake, Minnesota, USA."
cyano_all,STX_DOC_001030,2019.0,cyanobacteria,cyanobacteria_stx,nutrient,ENV_FACTOR,"Phytoplankton community and algal toxicity at a recurring bloom in Sullivan Bay, Kabetogama Lake, Minnesota, USA."
cyano_all,STX_DOC_001030,2019.0,cyanobacteria,cyanobacteria_stx,bloom,ENV_FACTOR,"Phytoplankton community and algal toxicity at a recurring bloom in Sullivan Bay, Kabetogama Lake, Minnesota, USA."
cyano_all,STX_DOC_001030,2019.0,cyanobacteria,cyanobacteria_stx,toxicity,BIOLOGICAL_PROCESS,"Phytoplankton community and algal toxicity at a recurring bloom in Sullivan Bay, Kabetogama Lake, Minnesota, USA."
cyano_all,STX_DOC_001030,2019.0,cyanobacteria,cyanobacteria_stx,toxin production,BIOLOGICAL_PROCESS,"Phytoplankton community and algal toxicity at a recurring bloom in Sullivan Bay, Kabetogama Lake, Minnesota, USA."
cyano_all,STX_DOC_001031,2019.0,cyanobacteria,cyanobacteria_stx,cyanobacterium,CYANO_TAXON,Combined Effect of Light and Temperature on the Production of Saxitoxins in <i>Cylindrospermopsis raciborskii</i> Strains.
cyano_all,STX_DOC_001031,2019.0,cyanobacteria,cyanobacteria_stx,cylindrospermopsis,CYANO_TAXON,Combined Effect of Light and Temperature on the Production of Saxitoxins in <i>Cylindrospermopsis raciborskii</i> Strains.
cyano_all,STX_DOC_001031,2019.0,cyanobacteria,cyanobacteria_stx,temperature,ENV_FACTOR,Combined Effect of Light and Temperature on the Production of Saxitoxins in <i>Cylindrospermopsis raciborskii</i> Strains.
cyano_all,STX_DOC_001031,2019.0,cyanobacteria,cyanobacteria_stx,light,ENV_FACTOR,Combined Effect of Light and Temperature on the Production of Saxitoxins in <i>Cylindrospermopsis raciborskii</i> Strains.
cyano_all,STX_DOC_001036,2018.0,cyanobacteria,cyanobacteria_stx,cyanobacterial,CYANO_TAXON,Molecular Verification of Bloom-forming <i>Aphanizomenon flos-aquae</i> and Their Secondary Metabolites in the Nakdong River.
cyano_all,STX_DOC_001036,2018.0,cyanobacteria,cyanobacteria_stx,aphanizomenon,CYANO_TAXON,Molecular Verification of Bloom-forming <i>Aphanizomenon flos-aquae</i> and Their Secondary Metabolites in the Nakdong River.
cyano_all,STX_DOC_001036,2018.0,cyanobacteria,cyanobacteria_stx,warming,ENV_FACTOR,Molecular Verification of Bloom-forming <i>Aphanizomenon flos-aquae</i> and Their Secondary Metabolites in the Nakdong River.
cyano_all,STX_DOC_001036,2018.0,cyanobacteria,cyanobacteria_stx,bloom,ENV_FACTOR,Molecular Verification of Bloom-forming <i>Aphanizomenon flos-aquae</i> and Their Secondary Metabolites in the Nakdong River.
cyano_all,STX_DOC_001036,2018.0,cyanobacteria,cyanobacteria_stx,biosynthesis,BIOLOGICAL_PROCESS,Molecular Verification of Bloom-forming <i>Aphanizomenon flos-aquae</i> and Their Secondary Metabolites in the Nakdong River.
cyano_all,STX_DOC_001036,2018.0,cyanobacteria,cyanobacteria_stx,phylogenetic,BIOLOGICAL_PROCESS,Molecular Verification of Bloom-forming <i>Aphanizomenon flos-aquae</i> and Their Secondary Metabolites in the Nakdong River.
cyano_all,STX_DOC_001038,2017.0,cyanobacteria,cyanobacteria_stx,saxitoxin,TOXIN,Cyanotoxins: Which detection technique for an optimum risk assessment?
cyano_all,STX_DOC_001038,2017.0,cyanobacteria,cyanobacteria_stx,cyanobacteria,CYANO_TAXON,Cyanotoxins: Which detection technique for an optimum risk assessment?
cyano_all,STX_DOC_001038,2017.0,cyanobacteria,cyanobacteria_stx,lc-ms,DETECTION_METHOD,Cyanotoxins: Which detection technique for an optimum risk assessment?
cyano_all,STX_DOC_001038,2017.0,cyanobacteria,cyanobacteria_stx,elisa,DETECTION_METHOD,Cyanotoxins: Which detection technique for an optimum risk assessment?
cyano_all,STX_DOC_001038,2017.0,cyanobacteria,cyanobacteria_stx,chemical analysis,DETECTION_METHOD,Cyanotoxins: Which detection technique for an optimum risk assessment?
cyano_all,STX_DOC_001039,2017.0,cyanobacteria,cyanobacteria_stx,cyanobacteria,CYANO_TAXON,Impact of filamentous cyanobacteria on the water quality of two tropical reservoirs
cyano_all,STX_DOC_001039,2017.0,cyanobacteria,cyanobacteria_stx,cylindrospermopsis,CYANO_TAXON,Impact of filamentous cyanobacteria on the water quality of two tropical reservoirs
cyano_all,STX_DOC_001039,2017.0,cyanobacteria,cyanobacteria_stx,temperature,ENV_FACTOR,Impact of filamentous cyanobacteria on the water quality of two tropical reservoirs
cyano_all,STX_DOC_001039,2017.0,cyanobacteria,cyanobacteria_stx,climate,ENV_FACTOR,Impact of filamentous cyanobacteria on the water quality of two tropical reservoirs
cyano_all,STX_DOC_001042,2016.0,cyanobacteria,cyanobacteria_stx,paralytic shellfish toxins,TOXIN,Comparative Profiling and Discovery of Novel Glycosylated Mycosporine-Like Amino Acids in Two Strains of the Cyanobacterium Scytonema cf. crispum
cyano_all,STX_DOC_001042,2016.0,cyanobacteria,cyanobacteria_stx,cyanobacterium,CYANO_TAXON,Comparative Profiling and Discovery of Novel Glycosylated Mycosporine-Like Amino Acids in Two Strains of the Cyanobacterium Scytonema cf. crispum
cyano_all,STX_DOC_001042,2016.0,cyanobacteria,cyanobacteria_stx,anabaena,CYANO_TAXON,Comparative Profiling and Discovery of Novel Glycosylated Mycosporine-Like Amino Acids in Two Strains of the Cyanobacterium Scytonema cf. crispum
cyano_all,STX_DOC_001042,2016.0,cyanobacteria,cyanobacteria_stx,scytonema,CYANO_TAXON,Comparative Profiling and Discovery of Novel Glycosylated Mycosporine-Like Amino Acids in Two Strains of the Cyanobacterium Scytonema cf. crispum
cyano_all,STX_DOC_001042,2016.0,cyanobacteria,cyanobacteria_stx,biosynthesis,BIOLOGICAL_PROCESS,Comparative Profiling and Discovery of Novel Glycosylated Mycosporine-Like Amino Acids in Two Strains of the Cyanobacterium Scytonema cf. crispum
cyano_all,STX_DOC_001042,2016.0,cyanobacteria,cyanobacteria_stx,expression,BIOLOGICAL_PROCESS,Comparative Profiling and Discovery of Novel Glycosylated Mycosporine-Like Amino Acids in Two Strains of the Cyanobacterium Scytonema cf. crispum
cyano_all,STX_DOC_001043,2016.0,cyanobacteria,cyanobacteria_stx,saxitoxin,TOXIN,Draft Genome Sequence of Cylindrospermopsis raciborskii (Cyanobacteria) Strain ITEP-A1 Isolated from a Brazilian Semiarid Freshwater Body: Evidence of Saxitoxin and Cylindrospermopsin Synthetase Genes.
cyano_all,STX_DOC_001043,2016.0,cyanobacteria,cyanobacteria_stx,cyanobacteria,CYANO_TAXON,Draft Genome Sequence of Cylindrospermopsis raciborskii (Cyanobacteria) Strain ITEP-A1 Isolated from a Brazilian Semiarid Freshwater Body: Evidence of Saxitoxin and Cylindrospermopsin Synthetase Genes.
cyano_all,STX_DOC_001043,2016.0,cyanobacteria,cyanobacteria_stx,cyanobacterium,CYANO_TAXON,Draft Genome Sequence of Cylindrospermopsis raciborskii (Cyanobacteria) Strain ITEP-A1 Isolated from a Brazilian Semiarid Freshwater Body: Evidence of Saxitoxin and Cylindrospermopsin Synthetase Genes.
cyano_all,STX_DOC_001043,2016.0,cyanobacteria,cyanobacteria_stx,cylindrospermopsis,CYANO_TAXON,Draft Genome Sequence of Cylindrospermopsis raciborskii (Cyanobacteria) Strain ITEP-A1 Isolated from a Brazilian Semiarid Freshwater Body: Evidence of Saxitoxin and Cylindrospermopsin Synthetase Genes.
cyano_all,STX_DOC_001044,2016.0,cyanobacteria,cyanobacteria_stx,saxitoxin,TOXIN,Is qPCR a Reliable Indicator of Cyanotoxin Risk in Freshwater?
cyano_all,STX_DOC_001044,2016.0,cyanobacteria,cyanobacteria_stx,cyanobacteria,CYANO_TAXON,Is qPCR a Reliable Indicator of Cyanotoxin Risk in Freshwater?
cyano_all,STX_DOC_001044,2016.0,cyanobacteria,cyanobacteria_stx,cyanobacterial,CYANO_TAXON,Is qPCR a Reliable Indicator of Cyanotoxin Risk in Freshwater?
cyano_all,STX_DOC_001044,2016.0,cyanobacteria,cyanobacteria_stx,bloom,ENV_FACTOR,Is qPCR a Reliable Indicator of Cyanotoxin Risk in Freshwater?
cyano_all,STX_DOC_001044,2016.0,cyanobacteria,cyanobacteria_stx,toxicity,BIOLOGICAL_PROCESS,Is qPCR a Reliable Indicator of Cyanotoxin Risk in Freshwater?
cyano_all,STX_DOC_001045,2016.0,cyanobacteria,cyanobacteria_stx,cyanobacteria,CYANO_TAXON,[Analysis of Phytoplankton in Tsimlyansk Reservoir (RUSSIA) for the Presence of Cyanobacterial Hepato- and Neurotoxins].
cyano_all,STX_DOC_001045,2016.0,cyanobacteria,cyanobacteria_stx,cyanobacterial,CYANO_TAXON,[Analysis of Phytoplankton in Tsimlyansk Reservoir (RUSSIA) for the Presence of Cyanobacterial Hepato- and Neurotoxins].
cyano_all,STX_DOC_001045,2016.0,cyanobacteria,cyanobacteria_stx,planktothrix,CYANO_TAXON,[Analysis of Phytoplankton in Tsimlyansk Reservoir (RUSSIA) for the Presence of Cyanobacterial Hepato- and Neurotoxins].
cyano_all,STX_DOC_001045,2016.0,cyanobacteria,cyanobacteria_stx,elisa,DETECTION_METHOD,[Analysis of Phytoplankton in Tsimlyansk Reservoir (RUSSIA) for the Presence of Cyanobacterial Hepato- and Neurotoxins].
cyano_all,STX_DOC_001048,2015.0,cyanobacteria,high_confidence_stx_biosynthesis,paralytic shellfish toxins,TOXIN,"Detection of cyanobacterial sxt genes and paralytic shellfish toxins in freshwater lakes and brackish waters on Åland Islands, Finland"
cyano_all,STX_DOC_001048,2015.0,cyanobacteria,high_confidence_stx_biosynthesis,sxt genes,SXT_GENE,"Detection of cyanobacterial sxt genes and paralytic shellfish toxins in freshwater lakes and brackish waters on Åland Islands, Finland"
cyano_all,STX_DOC_001048,2015.0,cyanobacteria,high_confidence_stx_biosynthesis,cyanobacterial,CYANO_TAXON,"Detection of cyanobacterial sxt genes and paralytic shellfish toxins in freshwater lakes and brackish waters on Åland Islands, Finland"
cyano_all,STX_DOC_001050,2015.0,cyanobacteria,cyanobacteria_stx,saxitoxin,TOXIN,Combining immunolabeling and catalyzed reporter deposition to detect intracellular saxitoxin in a cyanobacterium.
cyano_all,STX_DOC_001050,2015.0,cyanobacteria,cyanobacteria_stx,cyanobacteria,CYANO_TAXON,Combining immunolabeling and catalyzed reporter deposition to detect intracellular saxitoxin in a cyanobacterium.
cyano_all,STX_DOC_001050,2015.0,cyanobacteria,cyanobacteria_stx,cyanobacterium,CYANO_TAXON,Combining immunolabeling and catalyzed reporter deposition to detect intracellular saxitoxin in a cyanobacterium.
cyano_all,STX_DOC_001050,2015.0,cyanobacteria,cyanobacteria_stx,cylindrospermopsis,CYANO_TAXON,Combining immunolabeling and catalyzed reporter deposition to detect intracellular saxitoxin in a cyanobacterium.
cyano_all,STX_DOC_001050,2015.0,cyanobacteria,cyanobacteria_stx,toxin production,BIOLOGICAL_PROCESS,Combining immunolabeling and catalyzed reporter deposition to detect intracellular saxitoxin in a cyanobacterium.
cyano_all,STX_DOC_001051,2015.0,cyanobacteria,cyanobacteria_stx,cyanobacteria,CYANO_TAXON,Analysis of phytoplankton in Tsimlyansk Reservoir (Russia) for the presence of cyanobacterial hepato- and neurotoxins
cyano_all,STX_DOC_001051,2015.0,cyanobacteria,cyanobacteria_stx,cyanobacterial,CYANO_TAXON,Analysis of phytoplankton in Tsimlyansk Reservoir (Russia) for the presence of cyanobacterial hepato- and neurotoxins
cyano_all,STX_DOC_001051,2015.0,cyanobacteria,cyanobacteria_stx,planktothrix,CYANO_TAXON,Analysis of phytoplankton in Tsimlyansk Reservoir (Russia) for the presence of cyanobacterial hepato- and neurotoxins
cyano_all,STX_DOC_001051,2015.0,cyanobacteria,cyanobacteria_stx,elisa,DETECTION_METHOD,Analysis of phytoplankton in Tsimlyansk Reservoir (Russia) for the presence of cyanobacterial hepato- and neurotoxins
cyano_all,STX_DOC_001053,2015.0,cyanobacteria,cyanobacteria_stx,saxitoxin,TOXIN,"Dominant factors associated with microcystins in nine midlatitude, maritime lakes"
cyano_all,STX_DOC_001053,2015.0,cyanobacteria,cyanobacteria_stx,cyanobacteria,CYANO_TAXON,"Dominant factors associated with microcystins in nine midlatitude, maritime lakes"
cyano_all,STX_DOC_001053,2015.0,cyanobacteria,cyanobacteria_stx,dolichospermum,CYANO_TAXON,"Dominant factors associated with microcystins in nine midlatitude, maritime lakes"
cyano_all,STX_DOC_001053,2015.0,cyanobacteria,cyanobacteria_stx,nitrogen,ENV_FACTOR,"Dominant factors associated with microcystins in nine midlatitude, maritime lakes"
cyano_all,STX_DOC_001053,2015.0,cyanobacteria,cyanobacteria_stx,phosphorus,ENV_FACTOR,"Dominant factors associated with microcystins in nine midlatitude, maritime lakes"
cyano_all,STX_DOC_001054,2015.0,cyanobacteria,cyanobacteria_stx,cyanobacteria,CYANO_TAXON,[Analysis of Phytoplankton in Tsimlyansk Reservoir (RUSSIA) for the Presence of Cyanobacterial Hepato- and Neurotoxins].
cyano_all,STX_DOC_001054,2015.0,cyanobacteria,cyanobacteria_stx,cyanobacterial,CYANO_TAXON,[Analysis of Phytoplankton in Tsimlyansk Reservoir (RUSSIA) for the Presence of Cyanobacterial Hepato- and Neurotoxins].
cyano_all,STX_DOC_001054,2015.0,cyanobacteria,cyanobacteria_stx,planktothrix,CYANO_TAXON,[Analysis of Phytoplankton in Tsimlyansk Reservoir (RUSSIA) for the Presence of Cyanobacterial Hepato- and Neurotoxins].
cyano_all,STX_DOC_001054,2015.0,cyanobacteria,cyanobacteria_stx,elisa,DETECTION_METHOD,[Analysis of Phytoplankton in Tsimlyansk Reservoir (RUSSIA) for the Presence of Cyanobacterial Hepato- and Neurotoxins].
cyano_all,STX_DOC_001055,2014.0,cyanobacteria,cyanobacteria_stx,saxitoxin,TOXIN,Phylogeny of culturable cyanobacteria from Brazilian mangroves.
cyano_all,STX_DOC_001055,2014.0,cyanobacteria,cyanobacteria_stx,cyanobacteria,CYANO_TAXON,Phylogeny of culturable cyanobacteria from Brazilian mangroves.
cyano_all,STX_DOC_001055,2014.0,cyanobacteria,cyanobacteria_stx,cyanobacterium,CYANO_TAXON,Phylogeny of culturable cyanobacteria from Brazilian mangroves.
cyano_all,STX_DOC_001055,2014.0,cyanobacteria,cyanobacteria_stx,cyanobacterial,CYANO_TAXON,Phylogeny of culturable cyanobacteria from Brazilian mangroves.
cyano_all,STX_DOC_001055,2014.0,cyanobacteria,cyanobacteria_stx,phylogeny,BIOLOGICAL_PROCESS,Phylogeny of culturable cyanobacteria from Brazilian mangroves.
cyano_all,STX_DOC_001055,2014.0,cyanobacteria,cyanobacteria_stx,phylogenetic,BIOLOGICAL_PROCESS,Phylogeny of culturable cyanobacteria from Brazilian mangroves.
cyano_all,STX_DOC_001057,2014.0,cyanobacteria,cyanobacteria_stx,cyanobacteria,CYANO_TAXON,Impact of environmental factors on the regulation of cyanotoxin production.
cyano_all,STX_DOC_001057,2014.0,cyanobacteria,cyanobacteria_stx,cyanobacterial,CYANO_TAXON,Impact of environmental factors on the regulation of cyanotoxin production.
cyano_all,STX_DOC_001057,2014.0,cyanobacteria,cyanobacteria_stx,bloom,ENV_FACTOR,Impact of environmental factors on the regulation of cyanotoxin production.
cyano_all,STX_DOC_001057,2014.0,cyanobacteria,cyanobacteria_stx,regulation,BIOLOGICAL_PROCESS,Impact of environmental factors on the regulation of cyanotoxin production.
cyano_all,STX_DOC_001060,2013.0,cyanobacteria,cyanobacteria_stx,saxitoxin,TOXIN,Characterization of freshwater benthic biofilm-forming Hydrocoryne (Cyanobacteria) isolates from Antarctica.
cyano_all,STX_DOC_001060,2013.0,cyanobacteria,cyanobacteria_stx,cyanobacteria,CYANO_TAXON,Characterization of freshwater benthic biofilm-forming Hydrocoryne (Cyanobacteria) isolates from Antarctica.
cyano_all,STX_DOC_001060,2013.0,cyanobacteria,cyanobacteria_stx,cyanobacterial,CYANO_TAXON,Characterization of freshwater benthic biofilm-forming Hydrocoryne (Cyanobacteria) isolates from Antarctica.
cyano_all,STX_DOC_001060,2013.0,cyanobacteria,cyanobacteria_stx,anabaena,CYANO_TAXON,Characterization of freshwater benthic biofilm-forming Hydrocoryne (Cyanobacteria) isolates from Antarctica.
cyano_all,STX_DOC_001060,2013.0,cyanobacteria,cyanobacteria_stx,phylogeny,BIOLOGICAL_PROCESS,Characterization of freshwater benthic biofilm-forming Hydrocoryne (Cyanobacteria) isolates from Antarctica.
cyano_all,STX_DOC_001060,2013.0,cyanobacteria,cyanobacteria_stx,phylogenetic,BIOLOGICAL_PROCESS,Characterization of freshwater benthic biofilm-forming Hydrocoryne (Cyanobacteria) isolates from Antarctica.
cyano_all,STX_DOC_001061,2013.0,cyanobacteria,cyanobacteria_stx,pst,TOXIN,"Global Transcriptional Responses of the Toxic Cyanobacterium, Microcystis aeruginosa, to Nitrogen Stress, Phosphorus Stress, and Growth on Organic Matter"
cyano_all,STX_DOC_001061,2013.0,cyanobacteria,cyanobacteria_stx,cyanobacterium,CYANO_TAXON,"Global Transcriptional Responses of the Toxic Cyanobacterium, Microcystis aeruginosa, to Nitrogen Stress, Phosphorus Stress, and Growth on Organic Matter"
cyano_all,STX_DOC_001061,2013.0,cyanobacteria,cyanobacteria_stx,nitrogen,ENV_FACTOR,"Global Transcriptional Responses of the Toxic Cyanobacterium, Microcystis aeruginosa, to Nitrogen Stress, Phosphorus Stress, and Growth on Organic Matter"
cyano_all,STX_DOC_001061,2013.0,cyanobacteria,cyanobacteria_stx,phosphorus,ENV_FACTOR,"Global Transcriptional Responses of the Toxic Cyanobacterium, Microcystis aeruginosa, to Nitrogen Stress, Phosphorus Stress, and Growth on Organic Matter"
cyano_all,STX_DOC_001061,2013.0,cyanobacteria,cyanobacteria_stx,bloom,ENV_FACTOR,"Global Transcriptional Responses of the Toxic Cyanobacterium, Microcystis aeruginosa, to Nitrogen Stress, Phosphorus Stress, and Growth on Organic Matter"
cyano_all,STX_DOC_001061,2013.0,cyanobacteria,cyanobacteria_stx,transcription,BIOLOGICAL_PROCESS,"Global Transcriptional Responses of the Toxic Cyanobacterium, Microcystis aeruginosa, to Nitrogen Stress, Phosphorus Stress, and Growth on Organic Matter"
cyano_all,STX_DOC_001061,2013.0,cyanobacteria,cyanobacteria_stx,transcriptome,BIOLOGICAL_PROCESS,"Global Transcriptional Responses of the Toxic Cyanobacterium, Microcystis aeruginosa, to Nitrogen Stress, Phosphorus Stress, and Growth on Organic Matter"
cyano_all,STX_DOC_001061,2013.0,cyanobacteria,cyanobacteria_stx,transcriptomic,BIOLOGICAL_PROCESS,"Global Transcriptional Responses of the Toxic Cyanobacterium, Microcystis aeruginosa, to Nitrogen Stress, Phosphorus Stress, and Growth on Organic Matter"
cyano_all,STX_DOC_001061,2013.0,cyanobacteria,cyanobacteria_stx,toxicity,BIOLOGICAL_PROCESS,"Global Transcriptional Responses of the Toxic Cyanobacterium, Microcystis aeruginosa, to Nitrogen Stress, Phosphorus Stress, and Growth on Organic Matter"
cyano_all,STX_DOC_001063,2013.0,cyanobacteria,cyanobacteria_stx,saxitoxin,TOXIN,Diversität und Ökophysiologie cyanobakterieller Mattengemeinschaften in den Ökosystemen der Arktis und Antarktis
cyano_all,STX_DOC_001063,2013.0,cyanobacteria,cyanobacteria_stx,cyanobacteria,CYANO_TAXON,Diversität und Ökophysiologie cyanobakterieller Mattengemeinschaften in den Ökosystemen der Arktis und Antarktis
cyano_all,STX_DOC_001063,2013.0,cyanobacteria,cyanobacteria_stx,cyanobacterial,CYANO_TAXON,Diversität und Ökophysiologie cyanobakterieller Mattengemeinschaften in den Ökosystemen der Arktis und Antarktis
cyano_all,STX_DOC_001063,2013.0,cyanobacteria,cyanobacteria_stx,climate,ENV_FACTOR,Diversität und Ökophysiologie cyanobakterieller Mattengemeinschaften in den Ökosystemen der Arktis und Antarktis
cyano_all,STX_DOC_001063,2013.0,cyanobacteria,cyanobacteria_stx,bloom,ENV_FACTOR,Diversität und Ökophysiologie cyanobakterieller Mattengemeinschaften in den Ökosystemen der Arktis und Antarktis
cyano_all,STX_DOC_001063,2013.0,cyanobacteria,cyanobacteria_stx,phylogenetic,BIOLOGICAL_PROCESS,Diversität und Ökophysiologie cyanobakterieller Mattengemeinschaften in den Ökosystemen der Arktis und Antarktis
cyano_all,STX_DOC_001063,2013.0,cyanobacteria,cyanobacteria_stx,toxicity,BIOLOGICAL_PROCESS,Diversität und Ökophysiologie cyanobakterieller Mattengemeinschaften in den Ökosystemen der Arktis und Antarktis
cyano_all,STX_DOC_001063,2013.0,cyanobacteria,cyanobacteria_stx,toxin production,BIOLOGICAL_PROCESS,Diversität und Ökophysiologie cyanobakterieller Mattengemeinschaften in den Ökosystemen der Arktis und Antarktis
cyano_all,STX_DOC_001064,2013.0,cyanobacteria,cyanobacteria_stx,saxitoxin,TOXIN,Diversity and Ecophysiology of Cyanobacterial Mat Communities in Arctic and Antarctic Ecosystems
cyano_all,STX_DOC_001064,2013.0,cyanobacteria,cyanobacteria_stx,cyanobacteria,CYANO_TAXON,Diversity and Ecophysiology of Cyanobacterial Mat Communities in Arctic and Antarctic Ecosystems
cyano_all,STX_DOC_001064,2013.0,cyanobacteria,cyanobacteria_stx,cyanobacterial,CYANO_TAXON,Diversity and Ecophysiology of Cyanobacterial Mat Communities in Arctic and Antarctic Ecosystems
cyano_all,STX_DOC_001064,2013.0,cyanobacteria,cyanobacteria_stx,climate,ENV_FACTOR,Diversity and Ecophysiology of Cyanobacterial Mat Communities in Arctic and Antarctic Ecosystems
cyano_all,STX_DOC_001064,2013.0,cyanobacteria,cyanobacteria_stx,bloom,ENV_FACTOR,Diversity and Ecophysiology of Cyanobacterial Mat Communities in Arctic and Antarctic Ecosystems
cyano_all,STX_DOC_001064,2013.0,cyanobacteria,cyanobacteria_stx,phylogenetic,BIOLOGICAL_PROCESS,Diversity and Ecophysiology of Cyanobacterial Mat Communities in Arctic and Antarctic Ecosystems
cyano_all,STX_DOC_001064,2013.0,cyanobacteria,cyanobacteria_stx,toxicity,BIOLOGICAL_PROCESS,Diversity and Ecophysiology of Cyanobacterial Mat Communities in Arctic and Antarctic Ecosystems
cyano_all,STX_DOC_001064,2013.0,cyanobacteria,cyanobacteria_stx,toxin production,BIOLOGICAL_PROCESS,Diversity and Ecophysiology of Cyanobacterial Mat Communities in Arctic and Antarctic Ecosystems
cyano_all,STX_DOC_001066,2012.0,cyanobacteria,cyanobacteria_stx,saxitoxin,TOXIN,MOLECULAR CHARACTERIZATION OF THE DIVERSITY AND POTENTIAL TOXICITY OF CYANOBACTERIAL MATS IN TWO TROPICAL LAGOONS IN THE SOUTH PACIFIC OCEAN(1).
cyano_all,STX_DOC_001066,2012.0,cyanobacteria,cyanobacteria_stx,cyanobacteria,CYANO_TAXON,MOLECULAR CHARACTERIZATION OF THE DIVERSITY AND POTENTIAL TOXICITY OF CYANOBACTERIAL MATS IN TWO TROPICAL LAGOONS IN THE SOUTH PACIFIC OCEAN(1).
cyano_all,STX_DOC_001066,2012.0,cyanobacteria,cyanobacteria_stx,cyanobacterial,CYANO_TAXON,MOLECULAR CHARACTERIZATION OF THE DIVERSITY AND POTENTIAL TOXICITY OF CYANOBACTERIAL MATS IN TWO TROPICAL LAGOONS IN THE SOUTH PACIFIC OCEAN(1).
cyano_all,STX_DOC_001066,2012.0,cyanobacteria,cyanobacteria_stx,anabaena,CYANO_TAXON,MOLECULAR CHARACTERIZATION OF THE DIVERSITY AND POTENTIAL TOXICITY OF CYANOBACTERIAL MATS IN TWO TROPICAL LAGOONS IN THE SOUTH PACIFIC OCEAN(1).
cyano_all,STX_DOC_001066,2012.0,cyanobacteria,cyanobacteria_stx,biosynthesis,BIOLOGICAL_PROCESS,MOLECULAR CHARACTERIZATION OF THE DIVERSITY AND POTENTIAL TOXICITY OF CYANOBACTERIAL MATS IN TWO TROPICAL LAGOONS IN THE SOUTH PACIFIC OCEAN(1).
cyano_all,STX_DOC_001066,2012.0,cyanobacteria,cyanobacteria_stx,toxicity,BIOLOGICAL_PROCESS,MOLECULAR CHARACTERIZATION OF THE DIVERSITY AND POTENTIAL TOXICITY OF CYANOBACTERIAL MATS IN TWO TROPICAL LAGOONS IN THE SOUTH PACIFIC OCEAN(1).
cyano_all,STX_DOC_001068,2011.0,cyanobacteria,cyanobacteria_stx,saxitoxin,TOXIN,Novel cytotoxicity associated with Anabaena circinalis 131C.
cyano_all,STX_DOC_001068,2011.0,cyanobacteria,cyanobacteria_stx,cyanobacteria,CYANO_TAXON,Novel cytotoxicity associated with Anabaena circinalis 131C.
cyano_all,STX_DOC_001068,2011.0,cyanobacteria,cyanobacteria_stx,cyanobacterial,CYANO_TAXON,Novel cytotoxicity associated with Anabaena circinalis 131C.
cyano_all,STX_DOC_001068,2011.0,cyanobacteria,cyanobacteria_stx,anabaena,CYANO_TAXON,Novel cytotoxicity associated with Anabaena circinalis 131C.
cyano_all,STX_DOC_001068,2011.0,cyanobacteria,cyanobacteria_stx,toxicity,BIOLOGICAL_PROCESS,Novel cytotoxicity associated with Anabaena circinalis 131C.
cyano_all,STX_DOC_001068,2011.0,cyanobacteria,cyanobacteria_stx,elisa,DETECTION_METHOD,Novel cytotoxicity associated with Anabaena circinalis 131C.
cyano_all,STX_DOC_001069,2010.0,cyanobacteria,cyanobacteria_stx,cyanobacterial,CYANO_TAXON,Cyanotoxin mixtures and taste-and-odor compounds in cyanobacterial blooms from the Midwestern United States.
cyano_all,STX_DOC_001069,2010.0,cyanobacteria,cyanobacteria_stx,aphanizomenon,CYANO_TAXON,Cyanotoxin mixtures and taste-and-odor compounds in cyanobacterial blooms from the Midwestern United States.
cyano_all,STX_DOC_001069,2010.0,cyanobacteria,cyanobacteria_stx,cylindrospermopsis,CYANO_TAXON,Cyanotoxin mixtures and taste-and-odor compounds in cyanobacterial blooms from the Midwestern United States.
cyano_all,STX_DOC_001069,2010.0,cyanobacteria,cyanobacteria_stx,mass spectrometry,DETECTION_METHOD,Cyanotoxin mixtures and taste-and-odor compounds in cyanobacterial blooms from the Midwestern United States.
cyano_all,STX_DOC_001069,2010.0,cyanobacteria,cyanobacteria_stx,elisa,DETECTION_METHOD,Cyanotoxin mixtures and taste-and-odor compounds in cyanobacterial blooms from the Midwestern United States.
cyano_all,STX_DOC_001070,2010.0,cyanobacteria,cyanobacteria_stx,saxitoxin,TOXIN,"Daphnia magna feeding on Cylindrospermopsis raciborskii: the role of food composition, filament length and body size"
cyano_all,STX_DOC_001070,2010.0,cyanobacteria,cyanobacteria_stx,cyanobacteria,CYANO_TAXON,"Daphnia magna feeding on Cylindrospermopsis raciborskii: the role of food composition, filament length and body size"
cyano_all,STX_DOC_001070,2010.0,cyanobacteria,cyanobacteria_stx,cyanobacterium,CYANO_TAXON,"Daphnia magna feeding on Cylindrospermopsis raciborskii: the role of food composition, filament length and body size"
cyano_all,STX_DOC_001070,2010.0,cyanobacteria,cyanobacteria_stx,cylindrospermopsis,CYANO_TAXON,"Daphnia magna feeding on Cylindrospermopsis raciborskii: the role of food composition, filament length and body size"
cyano_all,STX_DOC_001071,2010.0,cross_taxa,dinoflagellate_stx,paralytic shellfish toxins,TOXIN,Biosynthesis and Molecular Genetics of Polyketides in Marine Dinoflagellates
cyano_all,STX_DOC_001071,2010.0,cross_taxa,dinoflagellate_stx,dinoflagellate,DINO_TAXON,Biosynthesis and Molecular Genetics of Polyketides in Marine Dinoflagellates
cyano_all,STX_DOC_001071,2010.0,cross_taxa,dinoflagellate_stx,dinoflagellates,DINO_TAXON,Biosynthesis and Molecular Genetics of Polyketides in Marine Dinoflagellates
cyano_all,STX_DOC_001071,2010.0,cross_taxa,dinoflagellate_stx,cyanobacteria,CYANO_TAXON,Biosynthesis and Molecular Genetics of Polyketides in Marine Dinoflagellates
cyano_all,STX_DOC_001071,2010.0,cross_taxa,dinoflagellate_stx,biosynthesis,BIOLOGICAL_PROCESS,Biosynthesis and Molecular Genetics of Polyketides in Marine Dinoflagellates
cyano_all,STX_DOC_001071,2010.0,cross_taxa,dinoflagellate_stx,evolution,BIOLOGICAL_PROCESS,Biosynthesis and Molecular Genetics of Polyketides in Marine Dinoflagellates
cyano_all,STX_DOC_001074,2009.0,cyanobacteria,cyanobacteria_stx,cyanobacteria,CYANO_TAXON,The Genetic Basis of Toxin Production in Cyanobacteria
cyano_all,STX_DOC_001074,2009.0,cyanobacteria,cyanobacteria_stx,cyanobacterial,CYANO_TAXON,The Genetic Basis of Toxin Production in Cyanobacteria
cyano_all,STX_DOC_001074,2009.0,cyanobacteria,cyanobacteria_stx,bloom,ENV_FACTOR,The Genetic Basis of Toxin Production in Cyanobacteria
cyano_all,STX_DOC_001074,2009.0,cyanobacteria,cyanobacteria_stx,biosynthesis,BIOLOGICAL_PROCESS,The Genetic Basis of Toxin Production in Cyanobacteria
cyano_all,STX_DOC_001074,2009.0,cyanobacteria,cyanobacteria_stx,regulation,BIOLOGICAL_PROCESS,The Genetic Basis of Toxin Production in Cyanobacteria
cyano_all,STX_DOC_001074,2009.0,cyanobacteria,cyanobacteria_stx,gene loss,BIOLOGICAL_PROCESS,The Genetic Basis of Toxin Production in Cyanobacteria
cyano_all,STX_DOC_001074,2009.0,cyanobacteria,cyanobacteria_stx,toxicity,BIOLOGICAL_PROCESS,The Genetic Basis of Toxin Production in Cyanobacteria
cyano_all,STX_DOC_001074,2009.0,cyanobacteria,cyanobacteria_stx,toxin production,BIOLOGICAL_PROCESS,The Genetic Basis of Toxin Production in Cyanobacteria
cyano_all,STX_DOC_001075,2008.0,cyanobacteria,high_confidence_stx_biosynthesis,saxitoxin,TOXIN,Molecular characterisation of membrane transporters associated with saxitoxin biosynthesis in cyanobacteria
cyano_all,STX_DOC_001075,2008.0,cyanobacteria,high_confidence_stx_biosynthesis,cyanobacteria,CYANO_TAXON,Molecular characterisation of membrane transporters associated with saxitoxin biosynthesis in cyanobacteria
cyano_all,STX_DOC_001075,2008.0,cyanobacteria,high_confidence_stx_biosynthesis,biosynthesis,BIOLOGICAL_PROCESS,Molecular characterisation of membrane transporters associated with saxitoxin biosynthesis in cyanobacteria
cyano_all,STX_DOC_001075,2008.0,cyanobacteria,high_confidence_stx_biosynthesis,saxitoxin biosynthesis,BIOLOGICAL_PROCESS,Molecular characterisation of membrane transporters associated with saxitoxin biosynthesis in cyanobacteria
cyano_all,STX_DOC_001081,2005.0,cyanobacteria,cyanobacteria_stx,cyanobacteria,CYANO_TAXON,First report in a river in France of the benthic cyanobacterium Phormidium favosum producing anatoxin-a associated with dog neurotoxicosis.
cyano_all,STX_DOC_001081,2005.0,cyanobacteria,cyanobacteria_stx,cyanobacterium,CYANO_TAXON,First report in a river in France of the benthic cyanobacterium Phormidium favosum producing anatoxin-a associated with dog neurotoxicosis.
cyano_all,STX_DOC_001081,2005.0,cyanobacteria,cyanobacteria_stx,cyanobacterial,CYANO_TAXON,First report in a river in France of the benthic cyanobacterium Phormidium favosum producing anatoxin-a associated with dog neurotoxicosis.
cyano_all,STX_DOC_001081,2005.0,cyanobacteria,cyanobacteria_stx,hplc,DETECTION_METHOD,First report in a river in France of the benthic cyanobacterium Phormidium favosum producing anatoxin-a associated with dog neurotoxicosis.
cyano_all,STX_DOC_001081,2005.0,cyanobacteria,cyanobacteria_stx,mass spectrometry,DETECTION_METHOD,First report in a river in France of the benthic cyanobacterium Phormidium favosum producing anatoxin-a associated with dog neurotoxicosis.
cyano_all,STX_DOC_001091,1999.0,cyanobacteria,cyanobacteria_stx,paralytic shellfish poisoning,TOXIN,Management of toxic blue-green algae (cyanobacteria) in Australia
cyano_all,STX_DOC_001091,1999.0,cyanobacteria,cyanobacteria_stx,cyanobacteria,CYANO_TAXON,Management of toxic blue-green algae (cyanobacteria) in Australia
cyano_all,STX_DOC_001091,1999.0,cyanobacteria,cyanobacteria_stx,anabaena,CYANO_TAXON,Management of toxic blue-green algae (cyanobacteria) in Australia
cyano_all,STX_DOC_001091,1999.0,cyanobacteria,cyanobacteria_stx,cylindrospermopsis,CYANO_TAXON,Management of toxic blue-green algae (cyanobacteria) in Australia
cyano_all,STX_DOC_001098,1995.0,cyanobacteria,cyanobacteria_stx,saxitoxin,TOXIN,Effects of products released by Aphanizomenon flos‐aquae and purified saxitoxin on the movements of Daphnia carinata feeding appendages
cyano_all,STX_DOC_001098,1995.0,cyanobacteria,cyanobacteria_stx,stx,TOXIN,Effects of products released by Aphanizomenon flos‐aquae and purified saxitoxin on the movements of Daphnia carinata feeding appendages
cyano_all,STX_DOC_001098,1995.0,cyanobacteria,cyanobacteria_stx,aphanizomenon,CYANO_TAXON,Effects of products released by Aphanizomenon flos‐aquae and purified saxitoxin on the movements of Daphnia carinata feeding appendages
cyano_all,STX_DOC_001098,1995.0,cyanobacteria,cyanobacteria_stx,bloom,ENV_FACTOR,Effects of products released by Aphanizomenon flos‐aquae and purified saxitoxin on the movements of Daphnia carinata feeding appendages
cyano_all,STX_DOC_001105,1982.0,cyanobacteria,cyanobacteria_stx,saxitoxin,TOXIN,Comparison of the toxins of the blue-green alga Aphanizomenon flos-aquae with the Gonyaulax toxins.
cyano_all,STX_DOC_001105,1982.0,cyanobacteria,cyanobacteria_stx,neosaxitoxin,TOXIN,Comparison of the toxins of the blue-green alga Aphanizomenon flos-aquae with the Gonyaulax toxins.
cyano_all,STX_DOC_001105,1982.0,cyanobacteria,cyanobacteria_stx,aphanizomenon,CYANO_TAXON,Comparison of the toxins of the blue-green alga Aphanizomenon flos-aquae with the Gonyaulax toxins.
cyano_all,STX_DOC_001105,1982.0,cyanobacteria,cyanobacteria_stx,bloom,ENV_FACTOR,Comparison of the toxins of the blue-green alga Aphanizomenon flos-aquae with the Gonyaulax toxins.
cyano_all,STX_DOC_001108,,cyanobacteria,cyanobacteria_stx,saxitoxin,TOXIN,"Cyanobacteria harmful algal blooms in two East African lakes: community composition, associated cyanotoxins and toxigenic genotype diversity"
cyano_all,STX_DOC_001108,,cyanobacteria,cyanobacteria_stx,cyanobacteria,CYANO_TAXON,"Cyanobacteria harmful algal blooms in two East African lakes: community composition, associated cyanotoxins and toxigenic genotype diversity"
cyano_all,STX_DOC_001108,,cyanobacteria,cyanobacteria_stx,cyanobacterial,CYANO_TAXON,"Cyanobacteria harmful algal blooms in two East African lakes: community composition, associated cyanotoxins and toxigenic genotype diversity"
cyano_all,STX_DOC_001108,,cyanobacteria,cyanobacteria_stx,toxin production,BIOLOGICAL_PROCESS,"Cyanobacteria harmful algal blooms in two East African lakes: community composition, associated cyanotoxins and toxigenic genotype diversity"
cyano_all,STX_DOC_001108,,cyanobacteria,cyanobacteria_stx,lc-ms,DETECTION_METHOD,"Cyanobacteria harmful algal blooms in two East African lakes: community composition, associated cyanotoxins and toxigenic genotype diversity"
cyano_all,STX_DOC_001109,2026.0,cyanobacteria,cyanobacteria_stx,saxitoxin,TOXIN,Highly selective and cost-effective impedimetric biosensor for cylindrospermopsin detection using an aptamer-functionalized pencil graphite electrode.
cyano_all,STX_DOC_001109,2026.0,cyanobacteria,cyanobacteria_stx,cyanobacterial,CYANO_TAXON,Highly selective and cost-effective impedimetric biosensor for cylindrospermopsin detection using an aptamer-functionalized pencil graphite electrode.
cyano_all,STX_DOC_001109,2026.0,cyanobacteria,cyanobacteria_stx,nutrient,ENV_FACTOR,Highly selective and cost-effective impedimetric biosensor for cylindrospermopsin detection using an aptamer-functionalized pencil graphite electrode.
cyano_all,STX_DOC_001109,2026.0,cyanobacteria,cyanobacteria_stx,warming,ENV_FACTOR,Highly selective and cost-effective impedimetric biosensor for cylindrospermopsin detection using an aptamer-functionalized pencil graphite electrode.
cyano_all,STX_DOC_001109,2026.0,cyanobacteria,cyanobacteria_stx,biosensor,DETECTION_METHOD,Highly selective and cost-effective impedimetric biosensor for cylindrospermopsin detection using an aptamer-functionalized pencil graphite electrode.
cyano_all,STX_DOC_001109,2026.0,cyanobacteria,cyanobacteria_stx,aptasensor,DETECTION_METHOD,Highly selective and cost-effective impedimetric biosensor for cylindrospermopsin detection using an aptamer-functionalized pencil graphite electrode.
cyano_all,STX_DOC_001110,2026.0,cyanobacteria,cyanobacteria_stx,saxitoxin,TOXIN,Occurrence and Diversity of Cyanotoxins and Retinoid Compounds in Antarctic Microbial Mats: Evidence From James Ross Island.
cyano_all,STX_DOC_001110,2026.0,cyanobacteria,cyanobacteria_stx,cyanobacteria,CYANO_TAXON,Occurrence and Diversity of Cyanotoxins and Retinoid Compounds in Antarctic Microbial Mats: Evidence From James Ross Island.
cyano_all,STX_DOC_001110,2026.0,cyanobacteria,cyanobacteria_stx,cyanobacterial,CYANO_TAXON,Occurrence and Diversity of Cyanotoxins and Retinoid Compounds in Antarctic Microbial Mats: Evidence From James Ross Island.
cyano_all,STX_DOC_001110,2026.0,cyanobacteria,cyanobacteria_stx,climate,ENV_FACTOR,Occurrence and Diversity of Cyanotoxins and Retinoid Compounds in Antarctic Microbial Mats: Evidence From James Ross Island.
cyano_all,STX_DOC_001110,2026.0,cyanobacteria,cyanobacteria_stx,lc-ms,DETECTION_METHOD,Occurrence and Diversity of Cyanotoxins and Retinoid Compounds in Antarctic Microbial Mats: Evidence From James Ross Island.
cyano_all,STX_DOC_001110,2026.0,cyanobacteria,cyanobacteria_stx,lc-ms/ms,DETECTION_METHOD,Occurrence and Diversity of Cyanotoxins and Retinoid Compounds in Antarctic Microbial Mats: Evidence From James Ross Island.
cyano_all,STX_DOC_001112,2025.0,cyanobacteria,cyanobacteria_stx,saxitoxin,TOXIN,Electrochemical Investigation of DNA Interactions with Cyanobacterial Toxins: Cylindrospermopsin and Saxitoxin
cyano_all,STX_DOC_001112,2025.0,cyanobacteria,cyanobacteria_stx,stx,TOXIN,Electrochemical Investigation of DNA Interactions with Cyanobacterial Toxins: Cylindrospermopsin and Saxitoxin
cyano_all,STX_DOC_001112,2025.0,cyanobacteria,cyanobacteria_stx,cyanobacterial,CYANO_TAXON,Electrochemical Investigation of DNA Interactions with Cyanobacterial Toxins: Cylindrospermopsin and Saxitoxin
cyano_all,STX_DOC_001112,2025.0,cyanobacteria,cyanobacteria_stx,biosensor,DETECTION_METHOD,Electrochemical Investigation of DNA Interactions with Cyanobacterial Toxins: Cylindrospermopsin and Saxitoxin
cyano_all,STX_DOC_001113,2024.0,cyanobacteria,cyanobacteria_stx,saxitoxin,TOXIN,Temperature rise and its influence on the toxic effects caused by cyanotoxins in a neotropical catfish.
cyano_all,STX_DOC_001113,2024.0,cyanobacteria,cyanobacteria_stx,cyanobacterial,CYANO_TAXON,Temperature rise and its influence on the toxic effects caused by cyanotoxins in a neotropical catfish.
cyano_all,STX_DOC_001113,2024.0,cyanobacteria,cyanobacteria_stx,temperature,ENV_FACTOR,Temperature rise and its influence on the toxic effects caused by cyanotoxins in a neotropical catfish.
cyano_all,STX_DOC_001113,2024.0,cyanobacteria,cyanobacteria_stx,warming,ENV_FACTOR,Temperature rise and its influence on the toxic effects caused by cyanotoxins in a neotropical catfish.
cyano_all,STX_DOC_001113,2024.0,cyanobacteria,cyanobacteria_stx,climate,ENV_FACTOR,Temperature rise and its influence on the toxic effects caused by cyanotoxins in a neotropical catfish.
cyano_all,STX_DOC_001113,2024.0,cyanobacteria,cyanobacteria_stx,toxicity,BIOLOGICAL_PROCESS,Temperature rise and its influence on the toxic effects caused by cyanotoxins in a neotropical catfish.
cyano_all,STX_DOC_001115,2024.0,cyanobacteria,cyanobacteria_stx,saxitoxin,TOXIN,Allelopathic effects of cyanotoxins on the physiological responses of Chlorella vulgaris.
cyano_all,STX_DOC_001115,2024.0,cyanobacteria,cyanobacteria_stx,stx,TOXIN,Allelopathic effects of cyanotoxins on the physiological responses of Chlorella vulgaris.
cyano_all,STX_DOC_001115,2024.0,cyanobacteria,cyanobacteria_stx,cyanobacteria,CYANO_TAXON,Allelopathic effects of cyanotoxins on the physiological responses of Chlorella vulgaris.
cyano_all,STX_DOC_001115,2024.0,cyanobacteria,cyanobacteria_stx,toxicity,BIOLOGICAL_PROCESS,Allelopathic effects of cyanotoxins on the physiological responses of Chlorella vulgaris.
cyano_all,STX_DOC_001116,2024.0,cyanobacteria,cyanobacteria_stx,saxitoxin,TOXIN,"What, How, When, and Where: Spatiotemporal Water Quality Hazards of Cyanotoxins in Subtropical Eutrophic Reservoirs."
cyano_all,STX_DOC_001116,2024.0,cyanobacteria,cyanobacteria_stx,cyanobacteria,CYANO_TAXON,"What, How, When, and Where: Spatiotemporal Water Quality Hazards of Cyanotoxins in Subtropical Eutrophic Reservoirs."
cyano_all,STX_DOC_001116,2024.0,cyanobacteria,cyanobacteria_stx,cyanobacterial,CYANO_TAXON,"What, How, When, and Where: Spatiotemporal Water Quality Hazards of Cyanotoxins in Subtropical Eutrophic Reservoirs."
cyano_all,STX_DOC_001116,2024.0,cyanobacteria,cyanobacteria_stx,mass spectrometry,DETECTION_METHOD,"What, How, When, and Where: Spatiotemporal Water Quality Hazards of Cyanotoxins in Subtropical Eutrophic Reservoirs."
cyano_all,STX_DOC_001116,2024.0,cyanobacteria,cyanobacteria_stx,elisa,DETECTION_METHOD,"What, How, When, and Where: Spatiotemporal Water Quality Hazards of Cyanotoxins in Subtropical Eutrophic Reservoirs."
cyano_all,STX_DOC_001117,2024.0,cyanobacteria,cyanobacteria_stx,saxitoxin,TOXIN,"Azolla as a Safe Food: Suppression of Cyanotoxin-Related Genes and Cyanotoxin Production in Its Symbiont, Nostoc Azollae"
cyano_all,STX_DOC_001117,2024.0,cyanobacteria,cyanobacteria_stx,cyanobacteria,CYANO_TAXON,"Azolla as a Safe Food: Suppression of Cyanotoxin-Related Genes and Cyanotoxin Production in Its Symbiont, Nostoc Azollae"
cyano_all,STX_DOC_001117,2024.0,cyanobacteria,cyanobacteria_stx,anabaena,CYANO_TAXON,"Azolla as a Safe Food: Suppression of Cyanotoxin-Related Genes and Cyanotoxin Production in Its Symbiont, Nostoc Azollae"
cyano_all,STX_DOC_001117,2024.0,cyanobacteria,cyanobacteria_stx,nitrogen,ENV_FACTOR,"Azolla as a Safe Food: Suppression of Cyanotoxin-Related Genes and Cyanotoxin Production in Its Symbiont, Nostoc Azollae"
cyano_all,STX_DOC_001117,2024.0,cyanobacteria,cyanobacteria_stx,lc-ms,DETECTION_METHOD,"Azolla as a Safe Food: Suppression of Cyanotoxin-Related Genes and Cyanotoxin Production in Its Symbiont, Nostoc Azollae"
cyano_all,STX_DOC_001117,2024.0,cyanobacteria,cyanobacteria_stx,lc-ms/ms,DETECTION_METHOD,"Azolla as a Safe Food: Suppression of Cyanotoxin-Related Genes and Cyanotoxin Production in Its Symbiont, Nostoc Azollae"
cyano_all,STX_DOC_001119,2024.0,cyanobacteria,cyanobacteria_stx,cyanobacteria,CYANO_TAXON,"Analysis of data on cyanobacteria and cyanotoxins in public supply reservoirs (São Paulo, Brazil)"
cyano_all,STX_DOC_001119,2024.0,cyanobacteria,cyanobacteria_stx,cyanobacterial,CYANO_TAXON,"Analysis of data on cyanobacteria and cyanotoxins in public supply reservoirs (São Paulo, Brazil)"
cyano_all,STX_DOC_001120,2024.0,cyanobacteria,cyanobacteria_stx,saxitoxin,TOXIN,"<i>Azolla</i> as a Safe Food: Suppression of Cyanotoxin-Related Genes and Cyanotoxin Production in Its Symbiont, <i>Nostoc azollae</i>."
cyano_all,STX_DOC_001120,2024.0,cyanobacteria,cyanobacteria_stx,cyanobacteria,CYANO_TAXON,"<i>Azolla</i> as a Safe Food: Suppression of Cyanotoxin-Related Genes and Cyanotoxin Production in Its Symbiont, <i>Nostoc azollae</i>."
cyano_all,STX_DOC_001120,2024.0,cyanobacteria,cyanobacteria_stx,anabaena,CYANO_TAXON,"<i>Azolla</i> as a Safe Food: Suppression of Cyanotoxin-Related Genes and Cyanotoxin Production in Its Symbiont, <i>Nostoc azollae</i>."
cyano_all,STX_DOC_001120,2024.0,cyanobacteria,cyanobacteria_stx,nitrogen,ENV_FACTOR,"<i>Azolla</i> as a Safe Food: Suppression of Cyanotoxin-Related Genes and Cyanotoxin Production in Its Symbiont, <i>Nostoc azollae</i>."
cyano_all,STX_DOC_001120,2024.0,cyanobacteria,cyanobacteria_stx,lc-ms,DETECTION_METHOD,"<i>Azolla</i> as a Safe Food: Suppression of Cyanotoxin-Related Genes and Cyanotoxin Production in Its Symbiont, <i>Nostoc azollae</i>."
cyano_all,STX_DOC_001120,2024.0,cyanobacteria,cyanobacteria_stx,lc-ms/ms,DETECTION_METHOD,"<i>Azolla</i> as a Safe Food: Suppression of Cyanotoxin-Related Genes and Cyanotoxin Production in Its Symbiont, <i>Nostoc azollae</i>."
cyano_all,STX_DOC_001121,2024.0,cyanobacteria,cyanobacteria_stx,saxitoxin,TOXIN,Development of a Quick and Highly Sensitive Amplified Luminescent Proximity Homogeneous Assay for Detection of Saxitoxin in Shellfish.
cyano_all,STX_DOC_001121,2024.0,cyanobacteria,cyanobacteria_stx,stx,TOXIN,Development of a Quick and Highly Sensitive Amplified Luminescent Proximity Homogeneous Assay for Detection of Saxitoxin in Shellfish.
cyano_all,STX_DOC_001121,2024.0,cyanobacteria,cyanobacteria_stx,cyanobacteria,CYANO_TAXON,Development of a Quick and Highly Sensitive Amplified Luminescent Proximity Homogeneous Assay for Detection of Saxitoxin in Shellfish.
cyano_all,STX_DOC_001123,2022.0,cross_taxa,dinoflagellate_stx,saxitoxin,TOXIN,Chronic exposure to sublethal concentrations of saxitoxin reduces antioxidant activity and immunity in zebrafish but does not affect reproductive parameters.
cyano_all,STX_DOC_001123,2022.0,cross_taxa,dinoflagellate_stx,dinoflagellates,DINO_TAXON,Chronic exposure to sublethal concentrations of saxitoxin reduces antioxidant activity and immunity in zebrafish but does not affect reproductive parameters.
cyano_all,STX_DOC_001123,2022.0,cross_taxa,dinoflagellate_stx,cyanobacteria,CYANO_TAXON,Chronic exposure to sublethal concentrations of saxitoxin reduces antioxidant activity and immunity in zebrafish but does not affect reproductive parameters.
cyano_all,STX_DOC_001123,2022.0,cross_taxa,dinoflagellate_stx,transcription,BIOLOGICAL_PROCESS,Chronic exposure to sublethal concentrations of saxitoxin reduces antioxidant activity and immunity in zebrafish but does not affect reproductive parameters.
cyano_all,STX_DOC_001124,2022.0,cyanobacteria,cyanobacteria_stx,saxitoxin,TOXIN,Electrochemical biosensor with aptamer/porous platinum nanoparticle on round-type micro-gap electrode for saxitoxin detection in fresh water.
cyano_all,STX_DOC_001124,2022.0,cyanobacteria,cyanobacteria_stx,stx,TOXIN,Electrochemical biosensor with aptamer/porous platinum nanoparticle on round-type micro-gap electrode for saxitoxin detection in fresh water.
cyano_all,STX_DOC_001124,2022.0,cyanobacteria,cyanobacteria_stx,cyanobacteria,CYANO_TAXON,Electrochemical biosensor with aptamer/porous platinum nanoparticle on round-type micro-gap electrode for saxitoxin detection in fresh water.
cyano_all,STX_DOC_001124,2022.0,cyanobacteria,cyanobacteria_stx,biosensor,DETECTION_METHOD,Electrochemical biosensor with aptamer/porous platinum nanoparticle on round-type micro-gap electrode for saxitoxin detection in fresh water.
cyano_all,STX_DOC_001125,2022.0,cyanobacteria,cyanobacteria_stx,saxitoxin,TOXIN,Short-Term Physiological and Transcriptomic Analysis of Saxitoxin-Producing and Nonproducing Raphidiopsis raciborskii (Cyanobacteria) under an Extremely High CO2 Environment
cyano_all,STX_DOC_001125,2022.0,cyanobacteria,cyanobacteria_stx,cyanobacteria,CYANO_TAXON,Short-Term Physiological and Transcriptomic Analysis of Saxitoxin-Producing and Nonproducing Raphidiopsis raciborskii (Cyanobacteria) under an Extremely High CO2 Environment
cyano_all,STX_DOC_001125,2022.0,cyanobacteria,cyanobacteria_stx,cyanobacterium,CYANO_TAXON,Short-Term Physiological and Transcriptomic Analysis of Saxitoxin-Producing and Nonproducing Raphidiopsis raciborskii (Cyanobacteria) under an Extremely High CO2 Environment
cyano_all,STX_DOC_001125,2022.0,cyanobacteria,cyanobacteria_stx,light,ENV_FACTOR,Short-Term Physiological and Transcriptomic Analysis of Saxitoxin-Producing and Nonproducing Raphidiopsis raciborskii (Cyanobacteria) under an Extremely High CO2 Environment
cyano_all,STX_DOC_001125,2022.0,cyanobacteria,cyanobacteria_stx,transcriptomic,BIOLOGICAL_PROCESS,Short-Term Physiological and Transcriptomic Analysis of Saxitoxin-Producing and Nonproducing Raphidiopsis raciborskii (Cyanobacteria) under an Extremely High CO2 Environment
cyano_all,STX_DOC_001125,2022.0,cyanobacteria,cyanobacteria_stx,toxin production,BIOLOGICAL_PROCESS,Short-Term Physiological and Transcriptomic Analysis of Saxitoxin-Producing and Nonproducing Raphidiopsis raciborskii (Cyanobacteria) under an Extremely High CO2 Environment
cyano_all,STX_DOC_001126,2021.0,cyanobacteria,cyanobacteria_stx,cyanobacteria,CYANO_TAXON,In Vivo and In Vitro Toxicity Testing of Cyanobacterial Toxins: A Mini-Review.
cyano_all,STX_DOC_001126,2021.0,cyanobacteria,cyanobacteria_stx,cyanobacterial,CYANO_TAXON,In Vivo and In Vitro Toxicity Testing of Cyanobacterial Toxins: A Mini-Review.
cyano_all,STX_DOC_001126,2021.0,cyanobacteria,cyanobacteria_stx,bloom,ENV_FACTOR,In Vivo and In Vitro Toxicity Testing of Cyanobacterial Toxins: A Mini-Review.
cyano_all,STX_DOC_001126,2021.0,cyanobacteria,cyanobacteria_stx,toxicity,BIOLOGICAL_PROCESS,In Vivo and In Vitro Toxicity Testing of Cyanobacterial Toxins: A Mini-Review.
cyano_all,STX_DOC_001126,2021.0,cyanobacteria,cyanobacteria_stx,elisa,DETECTION_METHOD,In Vivo and In Vitro Toxicity Testing of Cyanobacterial Toxins: A Mini-Review.
cyano_all,STX_DOC_001127,2021.0,cyanobacteria,cyanobacteria_stx,saxitoxin,TOXIN,"Dynamics of microcystins and saxitoxin in the Indian River Lagoon, Florida."
cyano_all,STX_DOC_001127,2021.0,cyanobacteria,cyanobacteria_stx,cyanobacteria,CYANO_TAXON,"Dynamics of microcystins and saxitoxin in the Indian River Lagoon, Florida."
cyano_all,STX_DOC_001127,2021.0,cyanobacteria,cyanobacteria_stx,temperature,ENV_FACTOR,"Dynamics of microcystins and saxitoxin in the Indian River Lagoon, Florida."
cyano_all,STX_DOC_001127,2021.0,cyanobacteria,cyanobacteria_stx,salinity,ENV_FACTOR,"Dynamics of microcystins and saxitoxin in the Indian River Lagoon, Florida."
cyano_all,STX_DOC_001127,2021.0,cyanobacteria,cyanobacteria_stx,nutrients,ENV_FACTOR,"Dynamics of microcystins and saxitoxin in the Indian River Lagoon, Florida."
cyano_all,STX_DOC_001127,2021.0,cyanobacteria,cyanobacteria_stx,toxicity,BIOLOGICAL_PROCESS,"Dynamics of microcystins and saxitoxin in the Indian River Lagoon, Florida."
cyano_all,STX_DOC_001127,2021.0,cyanobacteria,cyanobacteria_stx,toxin production,BIOLOGICAL_PROCESS,"Dynamics of microcystins and saxitoxin in the Indian River Lagoon, Florida."
cyano_all,STX_DOC_001132,2021.0,cyanobacteria,cyanobacteria_stx,stx,TOXIN,Does the Kis-Balaton Water Protection System (KBWPS) Effectively Safeguard Lake Balaton from Toxic Cyanobacterial Blooms?
cyano_all,STX_DOC_001132,2021.0,cyanobacteria,cyanobacteria_stx,cyanobacteria,CYANO_TAXON,Does the Kis-Balaton Water Protection System (KBWPS) Effectively Safeguard Lake Balaton from Toxic Cyanobacterial Blooms?
cyano_all,STX_DOC_001132,2021.0,cyanobacteria,cyanobacteria_stx,cyanobacterial,CYANO_TAXON,Does the Kis-Balaton Water Protection System (KBWPS) Effectively Safeguard Lake Balaton from Toxic Cyanobacterial Blooms?
cyano_all,STX_DOC_001132,2021.0,cyanobacteria,cyanobacteria_stx,bloom,ENV_FACTOR,Does the Kis-Balaton Water Protection System (KBWPS) Effectively Safeguard Lake Balaton from Toxic Cyanobacterial Blooms?
cyano_all,STX_DOC_001133,2021.0,cyanobacteria,cyanobacteria_stx,saxitoxin,TOXIN,Quality of raw water in the Guandu Basin of Rio de Janeiro state during water crisis of 2020
cyano_all,STX_DOC_001133,2021.0,cyanobacteria,cyanobacteria_stx,cyanobacteria,CYANO_TAXON,Quality of raw water in the Guandu Basin of Rio de Janeiro state during water crisis of 2020
cyano_all,STX_DOC_001133,2021.0,cyanobacteria,cyanobacteria_stx,cyanobacterial,CYANO_TAXON,Quality of raw water in the Guandu Basin of Rio de Janeiro state during water crisis of 2020
cyano_all,STX_DOC_001133,2021.0,cyanobacteria,cyanobacteria_stx,elisa,DETECTION_METHOD,Quality of raw water in the Guandu Basin of Rio de Janeiro state during water crisis of 2020
cyano_all,STX_DOC_001134,2020.0,cyanobacteria,cyanobacteria_stx,cyanobacteria,CYANO_TAXON,"Cyanobacteria, Cyanotoxins, and Human Health"
cyano_all,STX_DOC_001134,2020.0,cyanobacteria,cyanobacteria_stx,cyanobacterial,CYANO_TAXON,"Cyanobacteria, Cyanotoxins, and Human Health"
cyano_all,STX_DOC_001134,2020.0,cyanobacteria,cyanobacteria_stx,bloom,ENV_FACTOR,"Cyanobacteria, Cyanotoxins, and Human Health"
cyano_all,STX_DOC_001136,2020.0,cyanobacteria,cyanobacteria_stx,saxitoxin,TOXIN,Drinking water treatment residuals from cyanobacteria bloom-affected areas: Investigation of potential impact on agricultural land application.
cyano_all,STX_DOC_001136,2020.0,cyanobacteria,cyanobacteria_stx,cyanobacteria,CYANO_TAXON,Drinking water treatment residuals from cyanobacteria bloom-affected areas: Investigation of potential impact on agricultural land application.
cyano_all,STX_DOC_001136,2020.0,cyanobacteria,cyanobacteria_stx,planktothrix,CYANO_TAXON,Drinking water treatment residuals from cyanobacteria bloom-affected areas: Investigation of potential impact on agricultural land application.
cyano_all,STX_DOC_001136,2020.0,cyanobacteria,cyanobacteria_stx,bloom,ENV_FACTOR,Drinking water treatment residuals from cyanobacteria bloom-affected areas: Investigation of potential impact on agricultural land application.
cyano_all,STX_DOC_001137,2019.0,cyanobacteria,cyanobacteria_stx,cyanobacteria,CYANO_TAXON,"Assessment of the cytotoxicity, antioxidant activity and chemical composition of extracts from the cyanobacterium Fischerella major Gomont."
cyano_all,STX_DOC_001137,2019.0,cyanobacteria,cyanobacteria_stx,cyanobacterium,CYANO_TAXON,"Assessment of the cytotoxicity, antioxidant activity and chemical composition of extracts from the cyanobacterium Fischerella major Gomont."
cyano_all,STX_DOC_001138,2019.0,cyanobacteria,cyanobacteria_stx,saxitoxin,TOXIN,Emerging Lyngbya wollei toxins: A new high resolution mass spectrometry method to elucidate a potential environmental threat.
cyano_all,STX_DOC_001138,2019.0,cyanobacteria,cyanobacteria_stx,lyngbya,CYANO_TAXON,Emerging Lyngbya wollei toxins: A new high resolution mass spectrometry method to elucidate a potential environmental threat.
cyano_all,STX_DOC_001138,2019.0,cyanobacteria,cyanobacteria_stx,bloom,ENV_FACTOR,Emerging Lyngbya wollei toxins: A new high resolution mass spectrometry method to elucidate a potential environmental threat.
cyano_all,STX_DOC_001138,2019.0,cyanobacteria,cyanobacteria_stx,harmful algal bloom,ENV_FACTOR,Emerging Lyngbya wollei toxins: A new high resolution mass spectrometry method to elucidate a potential environmental threat.
cyano_all,STX_DOC_001138,2019.0,cyanobacteria,cyanobacteria_stx,mass spectrometry,DETECTION_METHOD,Emerging Lyngbya wollei toxins: A new high resolution mass spectrometry method to elucidate a potential environmental threat.
cyano_all,STX_DOC_001139,2019.0,cyanobacteria,cyanobacteria_stx,saxitoxin,TOXIN,"Degradation of widespread cyanotoxins with high impact in drinking water (microcystins, cylindrospermopsin, anatoxin-a and saxitoxin) by CWPO."
cyano_all,STX_DOC_001139,2019.0,cyanobacteria,cyanobacteria_stx,stx,TOXIN,"Degradation of widespread cyanotoxins with high impact in drinking water (microcystins, cylindrospermopsin, anatoxin-a and saxitoxin) by CWPO."
cyano_all,STX_DOC_001139,2019.0,cyanobacteria,cyanobacteria_stx,cyanobacterial,CYANO_TAXON,"Degradation of widespread cyanotoxins with high impact in drinking water (microcystins, cylindrospermopsin, anatoxin-a and saxitoxin) by CWPO."
cyano_all,STX_DOC_001139,2019.0,cyanobacteria,cyanobacteria_stx,toxicity,BIOLOGICAL_PROCESS,"Degradation of widespread cyanotoxins with high impact in drinking water (microcystins, cylindrospermopsin, anatoxin-a and saxitoxin) by CWPO."
cyano_all,STX_DOC_001141,2019.0,cyanobacteria,cyanobacteria_stx,saxitoxin,TOXIN,Monitoring cyanobacterial toxins in a large reservoir: relationships with water quality parameters.
cyano_all,STX_DOC_001141,2019.0,cyanobacteria,cyanobacteria_stx,cyanobacteria,CYANO_TAXON,Monitoring cyanobacterial toxins in a large reservoir: relationships with water quality parameters.
cyano_all,STX_DOC_001141,2019.0,cyanobacteria,cyanobacteria_stx,cyanobacterial,CYANO_TAXON,Monitoring cyanobacterial toxins in a large reservoir: relationships with water quality parameters.
cyano_all,STX_DOC_001141,2019.0,cyanobacteria,cyanobacteria_stx,temperature,ENV_FACTOR,Monitoring cyanobacterial toxins in a large reservoir: relationships with water quality parameters.
cyano_all,STX_DOC_001142,2018.0,cyanobacteria,cyanobacteria_stx,saxitoxin,TOXIN,Screening of cyanobacterial cultures originating from different environments for cyanotoxicity and cyanotoxins.
cyano_all,STX_DOC_001142,2018.0,cyanobacteria,cyanobacteria_stx,stx,TOXIN,Screening of cyanobacterial cultures originating from different environments for cyanotoxicity and cyanotoxins.
cyano_all,STX_DOC_001142,2018.0,cyanobacteria,cyanobacteria_stx,cyanobacterial,CYANO_TAXON,Screening of cyanobacterial cultures originating from different environments for cyanotoxicity and cyanotoxins.
cyano_all,STX_DOC_001142,2018.0,cyanobacteria,cyanobacteria_stx,toxicity,BIOLOGICAL_PROCESS,Screening of cyanobacterial cultures originating from different environments for cyanotoxicity and cyanotoxins.
cyano_all,STX_DOC_001142,2018.0,cyanobacteria,cyanobacteria_stx,toxin production,BIOLOGICAL_PROCESS,Screening of cyanobacterial cultures originating from different environments for cyanotoxicity and cyanotoxins.
cyano_all,STX_DOC_001142,2018.0,cyanobacteria,cyanobacteria_stx,elisa,DETECTION_METHOD,Screening of cyanobacterial cultures originating from different environments for cyanotoxicity and cyanotoxins.
cyano_all,STX_DOC_001143,2018.0,cyanobacteria,cyanobacteria_stx,saxitoxin,TOXIN,An Innovative Portable Biosensor System for the Rapid Detection of Freshwater Cyanobacterial Algal Bloom Toxins.
cyano_all,STX_DOC_001143,2018.0,cyanobacteria,cyanobacteria_stx,cyanobacteria,CYANO_TAXON,An Innovative Portable Biosensor System for the Rapid Detection of Freshwater Cyanobacterial Algal Bloom Toxins.
cyano_all,STX_DOC_001143,2018.0,cyanobacteria,cyanobacteria_stx,cyanobacterial,CYANO_TAXON,An Innovative Portable Biosensor System for the Rapid Detection of Freshwater Cyanobacterial Algal Bloom Toxins.
cyano_all,STX_DOC_001143,2018.0,cyanobacteria,cyanobacteria_stx,bloom,ENV_FACTOR,An Innovative Portable Biosensor System for the Rapid Detection of Freshwater Cyanobacterial Algal Bloom Toxins.
cyano_all,STX_DOC_001143,2018.0,cyanobacteria,cyanobacteria_stx,biosensor,DETECTION_METHOD,An Innovative Portable Biosensor System for the Rapid Detection of Freshwater Cyanobacterial Algal Bloom Toxins.
cyano_all,STX_DOC_001144,2018.0,cyanobacteria,cyanobacteria_stx,stx,TOXIN,Occurrence and diversity of cyanotoxins in Greek lakes.
cyano_all,STX_DOC_001144,2018.0,cyanobacteria,cyanobacteria_stx,cyanobacteria,CYANO_TAXON,Occurrence and diversity of cyanotoxins in Greek lakes.
cyano_all,STX_DOC_001144,2018.0,cyanobacteria,cyanobacteria_stx,lc-ms,DETECTION_METHOD,Occurrence and diversity of cyanotoxins in Greek lakes.
cyano_all,STX_DOC_001144,2018.0,cyanobacteria,cyanobacteria_stx,lc-ms/ms,DETECTION_METHOD,Occurrence and diversity of cyanotoxins in Greek lakes.
cyano_all,STX_DOC_001144,2018.0,cyanobacteria,cyanobacteria_stx,elisa,DETECTION_METHOD,Occurrence and diversity of cyanotoxins in Greek lakes.
cyano_all,STX_DOC_001145,2018.0,cyanobacteria,cyanobacteria_stx,saxitoxin,TOXIN,A Systematic Literature Review for Evidence of Aphanizomenon flos-aquae Toxigenicity in Recreational Waters and Toxicity of Dietary Supplements: 2000⁻2017.
cyano_all,STX_DOC_001145,2018.0,cyanobacteria,cyanobacteria_stx,cyanobacteria,CYANO_TAXON,A Systematic Literature Review for Evidence of Aphanizomenon flos-aquae Toxigenicity in Recreational Waters and Toxicity of Dietary Supplements: 2000⁻2017.
cyano_all,STX_DOC_001145,2018.0,cyanobacteria,cyanobacteria_stx,aphanizomenon,CYANO_TAXON,A Systematic Literature Review for Evidence of Aphanizomenon flos-aquae Toxigenicity in Recreational Waters and Toxicity of Dietary Supplements: 2000⁻2017.
cyano_all,STX_DOC_001145,2018.0,cyanobacteria,cyanobacteria_stx,toxicity,BIOLOGICAL_PROCESS,A Systematic Literature Review for Evidence of Aphanizomenon flos-aquae Toxigenicity in Recreational Waters and Toxicity of Dietary Supplements: 2000⁻2017.
cyano_all,STX_DOC_001145,2018.0,cyanobacteria,cyanobacteria_stx,toxin production,BIOLOGICAL_PROCESS,A Systematic Literature Review for Evidence of Aphanizomenon flos-aquae Toxigenicity in Recreational Waters and Toxicity of Dietary Supplements: 2000⁻2017.
cyano_all,STX_DOC_001146,2018.0,cyanobacteria,cyanobacteria_stx,saxitoxin,TOXIN,Cyanotoxins and Cyanobacteria Cell Accumulations in Drinking Water Treatment Plants with a Low Risk of Bloom Formation at the Source.
cyano_all,STX_DOC_001146,2018.0,cyanobacteria,cyanobacteria_stx,cyanobacteria,CYANO_TAXON,Cyanotoxins and Cyanobacteria Cell Accumulations in Drinking Water Treatment Plants with a Low Risk of Bloom Formation at the Source.
cyano_all,STX_DOC_001146,2018.0,cyanobacteria,cyanobacteria_stx,cyanobacterial,CYANO_TAXON,Cyanotoxins and Cyanobacteria Cell Accumulations in Drinking Water Treatment Plants with a Low Risk of Bloom Formation at the Source.
cyano_all,STX_DOC_001146,2018.0,cyanobacteria,cyanobacteria_stx,bloom,ENV_FACTOR,Cyanotoxins and Cyanobacteria Cell Accumulations in Drinking Water Treatment Plants with a Low Risk of Bloom Formation at the Source.
cyano_all,STX_DOC_001146,2018.0,cyanobacteria,cyanobacteria_stx,elisa,DETECTION_METHOD,Cyanotoxins and Cyanobacteria Cell Accumulations in Drinking Water Treatment Plants with a Low Risk of Bloom Formation at the Source.
cyano_all,STX_DOC_001147,2017.0,cyanobacteria,cyanobacteria_stx,cyanobacteria,CYANO_TAXON,IMPROVING CYANOBACTERIA AND CYANOTOXIN MONITORING INSURFACE WATERS FOR DRINKING WATER SUPPLY
cyano_all,STX_DOC_001147,2017.0,cyanobacteria,cyanobacteria_stx,cyanobacterial,CYANO_TAXON,IMPROVING CYANOBACTERIA AND CYANOTOXIN MONITORING INSURFACE WATERS FOR DRINKING WATER SUPPLY
cyano_all,STX_DOC_001147,2017.0,cyanobacteria,cyanobacteria_stx,climate,ENV_FACTOR,IMPROVING CYANOBACTERIA AND CYANOTOXIN MONITORING INSURFACE WATERS FOR DRINKING WATER SUPPLY
cyano_all,STX_DOC_001150,2016.0,cyanobacteria,cyanobacteria_stx,cyanobacteria,CYANO_TAXON,Moving towards adaptive management of cyanotoxin-impaired water bodies.
cyano_all,STX_DOC_001150,2016.0,cyanobacteria,cyanobacteria_stx,nutrient,ENV_FACTOR,Moving towards adaptive management of cyanotoxin-impaired water bodies.
cyano_all,STX_DOC_001150,2016.0,cyanobacteria,cyanobacteria_stx,environmental stress,ENV_FACTOR,Moving towards adaptive management of cyanotoxin-impaired water bodies.
cyano_all,STX_DOC_001150,2016.0,cyanobacteria,cyanobacteria_stx,evolution,BIOLOGICAL_PROCESS,Moving towards adaptive management of cyanotoxin-impaired water bodies.
cyano_all,STX_DOC_001150,2016.0,cyanobacteria,cyanobacteria_stx,toxin production,BIOLOGICAL_PROCESS,Moving towards adaptive management of cyanotoxin-impaired water bodies.
cyano_all,STX_DOC_001151,2016.0,cyanobacteria,cyanobacteria_stx,cyanobacteria,CYANO_TAXON,Risk to human health associated with the environmental occurrence of cyanobacterial neurotoxic alkaloids anatoxins and saxitoxins.
cyano_all,STX_DOC_001151,2016.0,cyanobacteria,cyanobacteria_stx,cyanobacterial,CYANO_TAXON,Risk to human health associated with the environmental occurrence of cyanobacterial neurotoxic alkaloids anatoxins and saxitoxins.
cyano_all,STX_DOC_001151,2016.0,cyanobacteria,cyanobacteria_stx,biosynthesis,BIOLOGICAL_PROCESS,Risk to human health associated with the environmental occurrence of cyanobacterial neurotoxic alkaloids anatoxins and saxitoxins.
cyano_all,STX_DOC_001153,2015.0,cyanobacteria,cyanobacteria_stx,cyanobacteria,CYANO_TAXON,Cyanobacterial occurrence and detection of microcystins and saxitoxins in reservoirs of the Brazilian semi-arid
cyano_all,STX_DOC_001153,2015.0,cyanobacteria,cyanobacteria_stx,cyanobacterial,CYANO_TAXON,Cyanobacterial occurrence and detection of microcystins and saxitoxins in reservoirs of the Brazilian semi-arid
cyano_all,STX_DOC_001153,2015.0,cyanobacteria,cyanobacteria_stx,elisa,DETECTION_METHOD,Cyanobacterial occurrence and detection of microcystins and saxitoxins in reservoirs of the Brazilian semi-arid
cyano_all,STX_DOC_001155,2014.0,cyanobacteria,cyanobacteria_stx,saxitoxin,TOXIN,Development of a planar waveguide microarray for the monitoring and early detection of five harmful algal toxins in water and cultures.
cyano_all,STX_DOC_001155,2014.0,cyanobacteria,cyanobacteria_stx,stx,TOXIN,Development of a planar waveguide microarray for the monitoring and early detection of five harmful algal toxins in water and cultures.
cyano_all,STX_DOC_001155,2014.0,cyanobacteria,cyanobacteria_stx,cyanobacterial,CYANO_TAXON,Development of a planar waveguide microarray for the monitoring and early detection of five harmful algal toxins in water and cultures.
cyano_all,STX_DOC_001155,2014.0,cyanobacteria,cyanobacteria_stx,hplc,DETECTION_METHOD,Development of a planar waveguide microarray for the monitoring and early detection of five harmful algal toxins in water and cultures.
cyano_all,STX_DOC_001155,2014.0,cyanobacteria,cyanobacteria_stx,lc-ms,DETECTION_METHOD,Development of a planar waveguide microarray for the monitoring and early detection of five harmful algal toxins in water and cultures.
cyano_all,STX_DOC_001155,2014.0,cyanobacteria,cyanobacteria_stx,lc-ms/ms,DETECTION_METHOD,Development of a planar waveguide microarray for the monitoring and early detection of five harmful algal toxins in water and cultures.
cyano_all,STX_DOC_001155,2014.0,cyanobacteria,cyanobacteria_stx,mass spectrometry,DETECTION_METHOD,Development of a planar waveguide microarray for the monitoring and early detection of five harmful algal toxins in water and cultures.
cyano_all,STX_DOC_001156,2014.0,cyanobacteria,cyanobacteria_stx,saxitoxin,TOXIN,Micronutrient concentration effects in Cylindrospermopsis raciborskii growth and saxitoxin production
cyano_all,STX_DOC_001156,2014.0,cyanobacteria,cyanobacteria_stx,stx,TOXIN,Micronutrient concentration effects in Cylindrospermopsis raciborskii growth and saxitoxin production
cyano_all,STX_DOC_001156,2014.0,cyanobacteria,cyanobacteria_stx,cylindrospermopsis,CYANO_TAXON,Micronutrient concentration effects in Cylindrospermopsis raciborskii growth and saxitoxin production
cyano_all,STX_DOC_001158,2013.0,cyanobacteria,cyanobacteria_stx,saxitoxin,TOXIN,Temporal and seasonal variation in acetylcholinesterase activity and glutathione-S-transferase in amphipods collected in mats of Lyngbya wollei in the St-Lawrence River (Canada).
cyano_all,STX_DOC_001158,2013.0,cyanobacteria,cyanobacteria_stx,cyanobacteria,CYANO_TAXON,Temporal and seasonal variation in acetylcholinesterase activity and glutathione-S-transferase in amphipods collected in mats of Lyngbya wollei in the St-Lawrence River (Canada).
cyano_all,STX_DOC_001158,2013.0,cyanobacteria,cyanobacteria_stx,lyngbya,CYANO_TAXON,Temporal and seasonal variation in acetylcholinesterase activity and glutathione-S-transferase in amphipods collected in mats of Lyngbya wollei in the St-Lawrence River (Canada).
cyano_all,STX_DOC_001158,2013.0,cyanobacteria,cyanobacteria_stx,phosphate,ENV_FACTOR,Temporal and seasonal variation in acetylcholinesterase activity and glutathione-S-transferase in amphipods collected in mats of Lyngbya wollei in the St-Lawrence River (Canada).
cyano_all,STX_DOC_001158,2013.0,cyanobacteria,cyanobacteria_stx,toxicity,BIOLOGICAL_PROCESS,Temporal and seasonal variation in acetylcholinesterase activity and glutathione-S-transferase in amphipods collected in mats of Lyngbya wollei in the St-Lawrence River (Canada).
cyano_all,STX_DOC_001160,2013.0,cyanobacteria,cyanobacteria_stx,cyanobacteria,CYANO_TAXON,Spatial and thematic distribution of research on cyanotoxins.
cyano_all,STX_DOC_001160,2013.0,cyanobacteria,cyanobacteria_stx,cyanobacterial,CYANO_TAXON,Spatial and thematic distribution of research on cyanotoxins.
cyano_all,STX_DOC_001160,2013.0,cyanobacteria,cyanobacteria_stx,evolution,BIOLOGICAL_PROCESS,Spatial and thematic distribution of research on cyanotoxins.
cyano_all,STX_DOC_001160,2013.0,cyanobacteria,cyanobacteria_stx,toxicity,BIOLOGICAL_PROCESS,Spatial and thematic distribution of research on cyanotoxins.
cyano_all,STX_DOC_001161,2013.0,cyanobacteria,cyanobacteria_stx,cyanobacteria,CYANO_TAXON,"A review of current knowledge on toxic benthic freshwater cyanobacteria--ecology, toxin production and risk management."
cyano_all,STX_DOC_001161,2013.0,cyanobacteria,cyanobacteria_stx,cyanobacterial,CYANO_TAXON,"A review of current knowledge on toxic benthic freshwater cyanobacteria--ecology, toxin production and risk management."
cyano_all,STX_DOC_001161,2013.0,cyanobacteria,cyanobacteria_stx,nutrients,ENV_FACTOR,"A review of current knowledge on toxic benthic freshwater cyanobacteria--ecology, toxin production and risk management."
cyano_all,STX_DOC_001161,2013.0,cyanobacteria,cyanobacteria_stx,bloom,ENV_FACTOR,"A review of current knowledge on toxic benthic freshwater cyanobacteria--ecology, toxin production and risk management."
cyano_all,STX_DOC_001161,2013.0,cyanobacteria,cyanobacteria_stx,toxin production,BIOLOGICAL_PROCESS,"A review of current knowledge on toxic benthic freshwater cyanobacteria--ecology, toxin production and risk management."
cyano_all,STX_DOC_001163,2012.0,cyanobacteria,cyanobacteria_stx,cyanobacterial,CYANO_TAXON,Toxin content and cytotoxicity of algal dietary supplements.
cyano_all,STX_DOC_001163,2012.0,cyanobacteria,cyanobacteria_stx,aphanizomenon,CYANO_TAXON,Toxin content and cytotoxicity of algal dietary supplements.
cyano_all,STX_DOC_001163,2012.0,cyanobacteria,cyanobacteria_stx,light,ENV_FACTOR,Toxin content and cytotoxicity of algal dietary supplements.
cyano_all,STX_DOC_001163,2012.0,cyanobacteria,cyanobacteria_stx,lc-ms,DETECTION_METHOD,Toxin content and cytotoxicity of algal dietary supplements.
cyano_all,STX_DOC_001163,2012.0,cyanobacteria,cyanobacteria_stx,lc-ms/ms,DETECTION_METHOD,Toxin content and cytotoxicity of algal dietary supplements.
cyano_all,STX_DOC_001163,2012.0,cyanobacteria,cyanobacteria_stx,elisa,DETECTION_METHOD,Toxin content and cytotoxicity of algal dietary supplements.
cyano_all,STX_DOC_001164,2012.0,cyanobacteria,cyanobacteria_stx,cyanobacteria,CYANO_TAXON,Removal of cyanobacterial metabolites through wastewater treatment plant filters.
cyano_all,STX_DOC_001164,2012.0,cyanobacteria,cyanobacteria_stx,cyanobacterial,CYANO_TAXON,Removal of cyanobacterial metabolites through wastewater treatment plant filters.
cyano_all,STX_DOC_001164,2012.0,cyanobacteria,cyanobacteria_stx,nutrient,ENV_FACTOR,Removal of cyanobacterial metabolites through wastewater treatment plant filters.
cyano_all,STX_DOC_001164,2012.0,cyanobacteria,cyanobacteria_stx,toxicity,BIOLOGICAL_PROCESS,Removal of cyanobacterial metabolites through wastewater treatment plant filters.
cyano_all,STX_DOC_001165,2010.0,cyanobacteria,cyanobacteria_stx,stx,TOXIN,A methodology for optimising the removal of cyanobacteria cells from a brazilian eutrophic water
cyano_all,STX_DOC_001165,2010.0,cyanobacteria,cyanobacteria_stx,cyanobacteria,CYANO_TAXON,A methodology for optimising the removal of cyanobacteria cells from a brazilian eutrophic water
cyano_all,STX_DOC_001166,2010.0,cyanobacteria,cyanobacteria_stx,cyanobacteria,CYANO_TAXON,Alkaloids from Cyanobacteria with Diverse Powerful Bioactivities
cyano_all,STX_DOC_001166,2010.0,cyanobacteria,cyanobacteria_stx,cyanobacterial,CYANO_TAXON,Alkaloids from Cyanobacteria with Diverse Powerful Bioactivities
cyano_all,STX_DOC_001166,2010.0,cyanobacteria,cyanobacteria_stx,nitrogen,ENV_FACTOR,Alkaloids from Cyanobacteria with Diverse Powerful Bioactivities
cyano_all,STX_DOC_001167,2010.0,cyanobacteria,cyanobacteria_stx,saxitoxin,TOXIN,"On the Chemistry, Toxicology and Genetics of the Cyanobacterial Toxins, Microcystin, Nodularin, Saxitoxin and Cylindrospermopsin"
cyano_all,STX_DOC_001167,2010.0,cyanobacteria,cyanobacteria_stx,cyanobacteria,CYANO_TAXON,"On the Chemistry, Toxicology and Genetics of the Cyanobacterial Toxins, Microcystin, Nodularin, Saxitoxin and Cylindrospermopsin"
cyano_all,STX_DOC_001167,2010.0,cyanobacteria,cyanobacteria_stx,cyanobacterial,CYANO_TAXON,"On the Chemistry, Toxicology and Genetics of the Cyanobacterial Toxins, Microcystin, Nodularin, Saxitoxin and Cylindrospermopsin"
cyano_all,STX_DOC_001167,2010.0,cyanobacteria,cyanobacteria_stx,bloom,ENV_FACTOR,"On the Chemistry, Toxicology and Genetics of the Cyanobacterial Toxins, Microcystin, Nodularin, Saxitoxin and Cylindrospermopsin"
cyano_all,STX_DOC_001167,2010.0,cyanobacteria,cyanobacteria_stx,biosynthesis,BIOLOGICAL_PROCESS,"On the Chemistry, Toxicology and Genetics of the Cyanobacterial Toxins, Microcystin, Nodularin, Saxitoxin and Cylindrospermopsin"
cyano_all,STX_DOC_001168,2010.0,cyanobacteria,cyanobacteria_stx,cyanobacteria,CYANO_TAXON,Alkaloids from cyanobacteria with diverse powerful bioactivities.
cyano_all,STX_DOC_001168,2010.0,cyanobacteria,cyanobacteria_stx,cyanobacterial,CYANO_TAXON,Alkaloids from cyanobacteria with diverse powerful bioactivities.
cyano_all,STX_DOC_001168,2010.0,cyanobacteria,cyanobacteria_stx,nitrogen,ENV_FACTOR,Alkaloids from cyanobacteria with diverse powerful bioactivities.
cyano_all,STX_DOC_001169,2009.0,cyanobacteria,cyanobacteria_stx,saxitoxin,TOXIN,Toxicity phenotype does not correlate with phylogeny of Cylindrospermopsis raciborskii strains.
cyano_all,STX_DOC_001169,2009.0,cyanobacteria,cyanobacteria_stx,cyanobacterium,CYANO_TAXON,Toxicity phenotype does not correlate with phylogeny of Cylindrospermopsis raciborskii strains.
cyano_all,STX_DOC_001169,2009.0,cyanobacteria,cyanobacteria_stx,cylindrospermopsis,CYANO_TAXON,Toxicity phenotype does not correlate with phylogeny of Cylindrospermopsis raciborskii strains.
cyano_all,STX_DOC_001169,2009.0,cyanobacteria,cyanobacteria_stx,bloom,ENV_FACTOR,Toxicity phenotype does not correlate with phylogeny of Cylindrospermopsis raciborskii strains.
cyano_all,STX_DOC_001169,2009.0,cyanobacteria,cyanobacteria_stx,evolution,BIOLOGICAL_PROCESS,Toxicity phenotype does not correlate with phylogeny of Cylindrospermopsis raciborskii strains.
cyano_all,STX_DOC_001169,2009.0,cyanobacteria,cyanobacteria_stx,phylogeny,BIOLOGICAL_PROCESS,Toxicity phenotype does not correlate with phylogeny of Cylindrospermopsis raciborskii strains.
cyano_all,STX_DOC_001169,2009.0,cyanobacteria,cyanobacteria_stx,phylogenetic,BIOLOGICAL_PROCESS,Toxicity phenotype does not correlate with phylogeny of Cylindrospermopsis raciborskii strains.
cyano_all,STX_DOC_001169,2009.0,cyanobacteria,cyanobacteria_stx,toxicity,BIOLOGICAL_PROCESS,Toxicity phenotype does not correlate with phylogeny of Cylindrospermopsis raciborskii strains.
cyano_all,STX_DOC_001170,2009.0,cyanobacteria,cyanobacteria_stx,saxitoxin,TOXIN,"Cyanobacteria and Cyanotoxin in the Billings Reservoir (Sao Paulo, SP, Brazil)"
cyano_all,STX_DOC_001170,2009.0,cyanobacteria,cyanobacteria_stx,cyanobacteria,CYANO_TAXON,"Cyanobacteria and Cyanotoxin in the Billings Reservoir (Sao Paulo, SP, Brazil)"
cyano_all,STX_DOC_001170,2009.0,cyanobacteria,cyanobacteria_stx,cylindrospermopsis,CYANO_TAXON,"Cyanobacteria and Cyanotoxin in the Billings Reservoir (Sao Paulo, SP, Brazil)"
cyano_all,STX_DOC_001170,2009.0,cyanobacteria,cyanobacteria_stx,bloom,ENV_FACTOR,"Cyanobacteria and Cyanotoxin in the Billings Reservoir (Sao Paulo, SP, Brazil)"
cyano_all,STX_DOC_001172,2008.0,cyanobacteria,cyanobacteria_stx,cyanobacteria,CYANO_TAXON,Emerging high throughput analyses of cyanobacterial toxins and toxic cyanobacteria.
cyano_all,STX_DOC_001172,2008.0,cyanobacteria,cyanobacteria_stx,cyanobacterial,CYANO_TAXON,Emerging high throughput analyses of cyanobacterial toxins and toxic cyanobacteria.
cyano_all,STX_DOC_001172,2008.0,cyanobacteria,cyanobacteria_stx,regulation,BIOLOGICAL_PROCESS,Emerging high throughput analyses of cyanobacterial toxins and toxic cyanobacteria.
cyano_all,STX_DOC_001172,2008.0,cyanobacteria,cyanobacteria_stx,expression,BIOLOGICAL_PROCESS,Emerging high throughput analyses of cyanobacterial toxins and toxic cyanobacteria.
cyano_all,STX_DOC_001172,2008.0,cyanobacteria,cyanobacteria_stx,gene expression,BIOLOGICAL_PROCESS,Emerging high throughput analyses of cyanobacterial toxins and toxic cyanobacteria.
cyano_all,STX_DOC_001172,2008.0,cyanobacteria,cyanobacteria_stx,toxin production,BIOLOGICAL_PROCESS,Emerging high throughput analyses of cyanobacterial toxins and toxic cyanobacteria.
cyano_all,STX_DOC_001172,2008.0,cyanobacteria,cyanobacteria_stx,elisa,DETECTION_METHOD,Emerging high throughput analyses of cyanobacterial toxins and toxic cyanobacteria.
cyano_all,STX_DOC_001174,2008.0,cyanobacteria,cyanobacteria_stx,saxitoxin,TOXIN,Cyanotoxins in Tidal Waters of Chesapeake Bay
cyano_all,STX_DOC_001174,2008.0,cyanobacteria,cyanobacteria_stx,cyanobacteria,CYANO_TAXON,Cyanotoxins in Tidal Waters of Chesapeake Bay
cyano_all,STX_DOC_001174,2008.0,cyanobacteria,cyanobacteria_stx,cylindrospermopsis,CYANO_TAXON,Cyanotoxins in Tidal Waters of Chesapeake Bay
cyano_all,STX_DOC_001174,2008.0,cyanobacteria,cyanobacteria_stx,bloom,ENV_FACTOR,Cyanotoxins in Tidal Waters of Chesapeake Bay
cyano_all,STX_DOC_001176,2007.0,cyanobacteria,cyanobacteria_stx,saxitoxin,TOXIN,Application of the neuroblastoma assay for paralytic shellfish poisons to neurotoxic freshwater cyanobacteria: Interlaboratory calibration and comparison with other methods of analysis
cyano_all,STX_DOC_001176,2007.0,cyanobacteria,cyanobacteria_stx,cyanobacteria,CYANO_TAXON,Application of the neuroblastoma assay for paralytic shellfish poisons to neurotoxic freshwater cyanobacteria: Interlaboratory calibration and comparison with other methods of analysis
cyano_all,STX_DOC_001176,2007.0,cyanobacteria,cyanobacteria_stx,cyanobacterial,CYANO_TAXON,Application of the neuroblastoma assay for paralytic shellfish poisons to neurotoxic freshwater cyanobacteria: Interlaboratory calibration and comparison with other methods of analysis
cyano_all,STX_DOC_001176,2007.0,cyanobacteria,cyanobacteria_stx,bloom,ENV_FACTOR,Application of the neuroblastoma assay for paralytic shellfish poisons to neurotoxic freshwater cyanobacteria: Interlaboratory calibration and comparison with other methods of analysis
cyano_all,STX_DOC_001176,2007.0,cyanobacteria,cyanobacteria_stx,toxicity,BIOLOGICAL_PROCESS,Application of the neuroblastoma assay for paralytic shellfish poisons to neurotoxic freshwater cyanobacteria: Interlaboratory calibration and comparison with other methods of analysis
cyano_all,STX_DOC_001176,2007.0,cyanobacteria,cyanobacteria_stx,lc-ms,DETECTION_METHOD,Application of the neuroblastoma assay for paralytic shellfish poisons to neurotoxic freshwater cyanobacteria: Interlaboratory calibration and comparison with other methods of analysis
cyano_all,STX_DOC_001176,2007.0,cyanobacteria,cyanobacteria_stx,lc-ms/ms,DETECTION_METHOD,Application of the neuroblastoma assay for paralytic shellfish poisons to neurotoxic freshwater cyanobacteria: Interlaboratory calibration and comparison with other methods of analysis
cyano_all,STX_DOC_001176,2007.0,cyanobacteria,cyanobacteria_stx,mass spectrometry,DETECTION_METHOD,Application of the neuroblastoma assay for paralytic shellfish poisons to neurotoxic freshwater cyanobacteria: Interlaboratory calibration and comparison with other methods of analysis
cyano_all,STX_DOC_001176,2007.0,cyanobacteria,cyanobacteria_stx,mouse bioassay,DETECTION_METHOD,Application of the neuroblastoma assay for paralytic shellfish poisons to neurotoxic freshwater cyanobacteria: Interlaboratory calibration and comparison with other methods of analysis
cyano_all,STX_DOC_001177,2007.0,cyanobacteria,cyanobacteria_stx,saxitoxin,TOXIN,Evaluation of Sub-lethal Toxicity of Cyanobacteria on the Swimming Activity of Aquatic Organisms by Image Analysis
cyano_all,STX_DOC_001177,2007.0,cyanobacteria,cyanobacteria_stx,cyanobacteria,CYANO_TAXON,Evaluation of Sub-lethal Toxicity of Cyanobacteria on the Swimming Activity of Aquatic Organisms by Image Analysis
cyano_all,STX_DOC_001177,2007.0,cyanobacteria,cyanobacteria_stx,toxicity,BIOLOGICAL_PROCESS,Evaluation of Sub-lethal Toxicity of Cyanobacteria on the Swimming Activity of Aquatic Organisms by Image Analysis
cyano_all,STX_DOC_001178,2007.0,cyanobacteria,cyanobacteria_stx,saxitoxin,TOXIN,Application of the neuroblastoma assay for paralytic shellfish poisons to neurotoxic freshwater cyanobacteria: interlaboratory calibration and comparison with other methods of analysis.
cyano_all,STX_DOC_001178,2007.0,cyanobacteria,cyanobacteria_stx,cyanobacteria,CYANO_TAXON,Application of the neuroblastoma assay for paralytic shellfish poisons to neurotoxic freshwater cyanobacteria: interlaboratory calibration and comparison with other methods of analysis.
cyano_all,STX_DOC_001178,2007.0,cyanobacteria,cyanobacteria_stx,cyanobacterial,CYANO_TAXON,Application of the neuroblastoma assay for paralytic shellfish poisons to neurotoxic freshwater cyanobacteria: interlaboratory calibration and comparison with other methods of analysis.
cyano_all,STX_DOC_001178,2007.0,cyanobacteria,cyanobacteria_stx,bloom,ENV_FACTOR,Application of the neuroblastoma assay for paralytic shellfish poisons to neurotoxic freshwater cyanobacteria: interlaboratory calibration and comparison with other methods of analysis.
cyano_all,STX_DOC_001178,2007.0,cyanobacteria,cyanobacteria_stx,toxicity,BIOLOGICAL_PROCESS,Application of the neuroblastoma assay for paralytic shellfish poisons to neurotoxic freshwater cyanobacteria: interlaboratory calibration and comparison with other methods of analysis.
cyano_all,STX_DOC_001178,2007.0,cyanobacteria,cyanobacteria_stx,lc-ms,DETECTION_METHOD,Application of the neuroblastoma assay for paralytic shellfish poisons to neurotoxic freshwater cyanobacteria: interlaboratory calibration and comparison with other methods of analysis.
cyano_all,STX_DOC_001178,2007.0,cyanobacteria,cyanobacteria_stx,lc-ms/ms,DETECTION_METHOD,Application of the neuroblastoma assay for paralytic shellfish poisons to neurotoxic freshwater cyanobacteria: interlaboratory calibration and comparison with other methods of analysis.
cyano_all,STX_DOC_001178,2007.0,cyanobacteria,cyanobacteria_stx,mass spectrometry,DETECTION_METHOD,Application of the neuroblastoma assay for paralytic shellfish poisons to neurotoxic freshwater cyanobacteria: interlaboratory calibration and comparison with other methods of analysis.
cyano_all,STX_DOC_001178,2007.0,cyanobacteria,cyanobacteria_stx,mouse bioassay,DETECTION_METHOD,Application of the neuroblastoma assay for paralytic shellfish poisons to neurotoxic freshwater cyanobacteria: interlaboratory calibration and comparison with other methods of analysis.
cyano_all,STX_DOC_001179,2007.0,cyanobacteria,cyanobacteria_stx,cyanobacteria,CYANO_TAXON,Determination and significance of emerging algal toxins (cyanotoxins)
cyano_all,STX_DOC_001179,2007.0,cyanobacteria,cyanobacteria_stx,cyanobacterial,CYANO_TAXON,Determination and significance of emerging algal toxins (cyanotoxins)
cyano_all,STX_DOC_001179,2007.0,cyanobacteria,cyanobacteria_stx,temperature,ENV_FACTOR,Determination and significance of emerging algal toxins (cyanotoxins)
cyano_all,STX_DOC_001179,2007.0,cyanobacteria,cyanobacteria_stx,elisa,DETECTION_METHOD,Determination and significance of emerging algal toxins (cyanotoxins)
cyano_all,STX_DOC_001183,2005.0,cyanobacteria,cyanobacteria_stx,paralytic shellfish poisoning,TOXIN,Overview of key phytoplankton toxins and their recent occurrence in the North and Baltic Seas
cyano_all,STX_DOC_001183,2005.0,cyanobacteria,cyanobacteria_stx,cyanobacteria,CYANO_TAXON,Overview of key phytoplankton toxins and their recent occurrence in the North and Baltic Seas
cyano_all,STX_DOC_001183,2005.0,cyanobacteria,cyanobacteria_stx,cyanobacterial,CYANO_TAXON,Overview of key phytoplankton toxins and their recent occurrence in the North and Baltic Seas
cyano_all,STX_DOC_001183,2005.0,cyanobacteria,cyanobacteria_stx,bloom,ENV_FACTOR,Overview of key phytoplankton toxins and their recent occurrence in the North and Baltic Seas
cyano_all,STX_DOC_001183,2005.0,cyanobacteria,cyanobacteria_stx,toxicity,BIOLOGICAL_PROCESS,Overview of key phytoplankton toxins and their recent occurrence in the North and Baltic Seas
cyano_all,STX_DOC_001183,2005.0,cyanobacteria,cyanobacteria_stx,toxin production,BIOLOGICAL_PROCESS,Overview of key phytoplankton toxins and their recent occurrence in the North and Baltic Seas
cyano_all,STX_DOC_001183,2005.0,cyanobacteria,cyanobacteria_stx,hplc,DETECTION_METHOD,Overview of key phytoplankton toxins and their recent occurrence in the North and Baltic Seas
cyano_all,STX_DOC_001184,2005.0,cyanobacteria,cyanobacteria_stx,paralytic shellfish poisoning,TOXIN,Overview of key phytoplankton toxins and their recent occurrence in the North and Baltic Seas.
cyano_all,STX_DOC_001184,2005.0,cyanobacteria,cyanobacteria_stx,cyanobacteria,CYANO_TAXON,Overview of key phytoplankton toxins and their recent occurrence in the North and Baltic Seas.
cyano_all,STX_DOC_001184,2005.0,cyanobacteria,cyanobacteria_stx,cyanobacterial,CYANO_TAXON,Overview of key phytoplankton toxins and their recent occurrence in the North and Baltic Seas.
cyano_all,STX_DOC_001184,2005.0,cyanobacteria,cyanobacteria_stx,bloom,ENV_FACTOR,Overview of key phytoplankton toxins and their recent occurrence in the North and Baltic Seas.
cyano_all,STX_DOC_001184,2005.0,cyanobacteria,cyanobacteria_stx,toxicity,BIOLOGICAL_PROCESS,Overview of key phytoplankton toxins and their recent occurrence in the North and Baltic Seas.
cyano_all,STX_DOC_001184,2005.0,cyanobacteria,cyanobacteria_stx,toxin production,BIOLOGICAL_PROCESS,Overview of key phytoplankton toxins and their recent occurrence in the North and Baltic Seas.
cyano_all,STX_DOC_001184,2005.0,cyanobacteria,cyanobacteria_stx,hplc,DETECTION_METHOD,Overview of key phytoplankton toxins and their recent occurrence in the North and Baltic Seas.
cyano_all,STX_DOC_001186,2004.0,cyanobacteria,cyanobacteria_stx,cyanobacteria,CYANO_TAXON,Water treatment options for dissolved cyanotoxins
cyano_all,STX_DOC_001186,2004.0,cyanobacteria,cyanobacteria_stx,cyanobacterial,CYANO_TAXON,Water treatment options for dissolved cyanotoxins
cyano_all,STX_DOC_001186,2004.0,cyanobacteria,cyanobacteria_stx,bloom,ENV_FACTOR,Water treatment options for dissolved cyanotoxins
cyano_all,STX_DOC_001190,2003.0,cyanobacteria,cyanobacteria_stx,saxitoxin,TOXIN,[Effect of Aphanizomenon flos-aquae toxins on some blood physiological parameters in mice].
cyano_all,STX_DOC_001190,2003.0,cyanobacteria,cyanobacteria_stx,stx,TOXIN,[Effect of Aphanizomenon flos-aquae toxins on some blood physiological parameters in mice].
cyano_all,STX_DOC_001190,2003.0,cyanobacteria,cyanobacteria_stx,aphanizomenon,CYANO_TAXON,[Effect of Aphanizomenon flos-aquae toxins on some blood physiological parameters in mice].
cyano_all,STX_DOC_001191,2003.0,cyanobacteria,cyanobacteria_stx,saxitoxin,TOXIN,[Effect of Aphanizomenon flos-aquae toxins on some blood physiological parameters in mice].
cyano_all,STX_DOC_001191,2003.0,cyanobacteria,cyanobacteria_stx,stx,TOXIN,[Effect of Aphanizomenon flos-aquae toxins on some blood physiological parameters in mice].
cyano_all,STX_DOC_001191,2003.0,cyanobacteria,cyanobacteria_stx,aphanizomenon,CYANO_TAXON,[Effect of Aphanizomenon flos-aquae toxins on some blood physiological parameters in mice].
cyano_all,STX_DOC_001192,2002.0,cyanobacteria,cyanobacteria_stx,saxitoxin,TOXIN,Monitoring Changing Toxigenicity of a Cyanobacterial Bloom by Molecular Methods
cyano_all,STX_DOC_001192,2002.0,cyanobacteria,cyanobacteria_stx,cyanobacterial,CYANO_TAXON,Monitoring Changing Toxigenicity of a Cyanobacterial Bloom by Molecular Methods
cyano_all,STX_DOC_001192,2002.0,cyanobacteria,cyanobacteria_stx,anabaena,CYANO_TAXON,Monitoring Changing Toxigenicity of a Cyanobacterial Bloom by Molecular Methods
cyano_all,STX_DOC_001192,2002.0,cyanobacteria,cyanobacteria_stx,bloom,ENV_FACTOR,Monitoring Changing Toxigenicity of a Cyanobacterial Bloom by Molecular Methods
cyano_all,STX_DOC_001192,2002.0,cyanobacteria,cyanobacteria_stx,biosynthesis,BIOLOGICAL_PROCESS,Monitoring Changing Toxigenicity of a Cyanobacterial Bloom by Molecular Methods
cyano_all,STX_DOC_001192,2002.0,cyanobacteria,cyanobacteria_stx,toxicity,BIOLOGICAL_PROCESS,Monitoring Changing Toxigenicity of a Cyanobacterial Bloom by Molecular Methods
cyano_all,STX_DOC_001192,2002.0,cyanobacteria,cyanobacteria_stx,mouse bioassay,DETECTION_METHOD,Monitoring Changing Toxigenicity of a Cyanobacterial Bloom by Molecular Methods
cyano_all,STX_DOC_001195,2002.0,cyanobacteria,cyanobacteria_stx,saxitoxin,TOXIN,Monitoring changing toxigenicity of a cyanobacterial bloom by molecular methods.
cyano_all,STX_DOC_001195,2002.0,cyanobacteria,cyanobacteria_stx,cyanobacterial,CYANO_TAXON,Monitoring changing toxigenicity of a cyanobacterial bloom by molecular methods.
cyano_all,STX_DOC_001195,2002.0,cyanobacteria,cyanobacteria_stx,anabaena,CYANO_TAXON,Monitoring changing toxigenicity of a cyanobacterial bloom by molecular methods.
cyano_all,STX_DOC_001195,2002.0,cyanobacteria,cyanobacteria_stx,bloom,ENV_FACTOR,Monitoring changing toxigenicity of a cyanobacterial bloom by molecular methods.
cyano_all,STX_DOC_001195,2002.0,cyanobacteria,cyanobacteria_stx,biosynthesis,BIOLOGICAL_PROCESS,Monitoring changing toxigenicity of a cyanobacterial bloom by molecular methods.
cyano_all,STX_DOC_001195,2002.0,cyanobacteria,cyanobacteria_stx,toxicity,BIOLOGICAL_PROCESS,Monitoring changing toxigenicity of a cyanobacterial bloom by molecular methods.
cyano_all,STX_DOC_001195,2002.0,cyanobacteria,cyanobacteria_stx,mouse bioassay,DETECTION_METHOD,Monitoring changing toxigenicity of a cyanobacterial bloom by molecular methods.
cyano_all,STX_DOC_001197,2000.0,cyanobacteria,cyanobacteria_stx,cyanobacteria,CYANO_TAXON,"Cyanobacterial toxins: removal during drinking water treatment, and human risk assessment."
cyano_all,STX_DOC_001197,2000.0,cyanobacteria,cyanobacteria_stx,cyanobacterial,CYANO_TAXON,"Cyanobacterial toxins: removal during drinking water treatment, and human risk assessment."
cyano_all,STX_DOC_001197,2000.0,cyanobacteria,cyanobacteria_stx,bloom,ENV_FACTOR,"Cyanobacterial toxins: removal during drinking water treatment, and human risk assessment."
cyano_all,STX_DOC_001199,2000.0,cyanobacteria,cyanobacteria_stx,cyanobacteria,CYANO_TAXON,"Cyanobacterial toxins: removal during drinking water treatment, and human risk assessment."
cyano_all,STX_DOC_001199,2000.0,cyanobacteria,cyanobacteria_stx,cyanobacterial,CYANO_TAXON,"Cyanobacterial toxins: removal during drinking water treatment, and human risk assessment."
cyano_all,STX_DOC_001199,2000.0,cyanobacteria,cyanobacteria_stx,bloom,ENV_FACTOR,"Cyanobacterial toxins: removal during drinking water treatment, and human risk assessment."
cyano_all,STX_DOC_001200,2000.0,cyanobacteria,cyanobacteria_stx,saxitoxin,TOXIN,Molecular phylogeny of Anabaena circinalis and its identification in environmental samples by PCR.
cyano_all,STX_DOC_001200,2000.0,cyanobacteria,cyanobacteria_stx,cyanobacterium,CYANO_TAXON,Molecular phylogeny of Anabaena circinalis and its identification in environmental samples by PCR.
cyano_all,STX_DOC_001200,2000.0,cyanobacteria,cyanobacteria_stx,anabaena,CYANO_TAXON,Molecular phylogeny of Anabaena circinalis and its identification in environmental samples by PCR.
cyano_all,STX_DOC_001200,2000.0,cyanobacteria,cyanobacteria_stx,phylogeny,BIOLOGICAL_PROCESS,Molecular phylogeny of Anabaena circinalis and its identification in environmental samples by PCR.
cyano_all,STX_DOC_001200,2000.0,cyanobacteria,cyanobacteria_stx,phylogenetic,BIOLOGICAL_PROCESS,Molecular phylogeny of Anabaena circinalis and its identification in environmental samples by PCR.
cyano_all,STX_DOC_001219,2026.0,cyanobacteria,cyanobacteria_stx,saxitoxin,TOXIN,Linking the benthic and planktonic realms: a year survey with implications for the routine monitoring of cyanobacteria.
cyano_all,STX_DOC_001219,2026.0,cyanobacteria,cyanobacteria_stx,cyanobacteria,CYANO_TAXON,Linking the benthic and planktonic realms: a year survey with implications for the routine monitoring of cyanobacteria.
cyano_all,STX_DOC_001219,2026.0,cyanobacteria,cyanobacteria_stx,dolichospermum,CYANO_TAXON,Linking the benthic and planktonic realms: a year survey with implications for the routine monitoring of cyanobacteria.
cyano_all,STX_DOC_001219,2026.0,cyanobacteria,cyanobacteria_stx,nutrients,ENV_FACTOR,Linking the benthic and planktonic realms: a year survey with implications for the routine monitoring of cyanobacteria.
cyano_all,STX_DOC_001221,2025.0,cyanobacteria,cyanobacteria_stx,saxitoxin,TOXIN,Climate change will boost the invasion of the harmful cyanobacterium Raphidiopsis raciborskii in South America.
cyano_all,STX_DOC_001221,2025.0,cyanobacteria,cyanobacteria_stx,cyanobacterium,CYANO_TAXON,Climate change will boost the invasion of the harmful cyanobacterium Raphidiopsis raciborskii in South America.
cyano_all,STX_DOC_001221,2025.0,cyanobacteria,cyanobacteria_stx,climate,ENV_FACTOR,Climate change will boost the invasion of the harmful cyanobacterium Raphidiopsis raciborskii in South America.
cyano_all,STX_DOC_001222,2025.0,cyanobacteria,cyanobacteria_stx,cyanobacteria,CYANO_TAXON,Cyanotoxins on the move - Freshwater origins with marine consequences: A systematic review of global changes and emerging trends.
cyano_all,STX_DOC_001222,2025.0,cyanobacteria,cyanobacteria_stx,temperature,ENV_FACTOR,Cyanotoxins on the move - Freshwater origins with marine consequences: A systematic review of global changes and emerging trends.
cyano_all,STX_DOC_001222,2025.0,cyanobacteria,cyanobacteria_stx,salinity,ENV_FACTOR,Cyanotoxins on the move - Freshwater origins with marine consequences: A systematic review of global changes and emerging trends.
cyano_all,STX_DOC_001223,2025.0,cyanobacteria,cyanobacteria_stx,cyanobacteria,CYANO_TAXON,Reservoir and Riverine Sources of Cyanotoxins in Oregon’s Cascade Range Rivers Tapped for Drinking Water Supply
cyano_all,STX_DOC_001223,2025.0,cyanobacteria,cyanobacteria_stx,dolichospermum,CYANO_TAXON,Reservoir and Riverine Sources of Cyanotoxins in Oregon’s Cascade Range Rivers Tapped for Drinking Water Supply
cyano_all,STX_DOC_001223,2025.0,cyanobacteria,cyanobacteria_stx,elisa,DETECTION_METHOD,Reservoir and Riverine Sources of Cyanotoxins in Oregon’s Cascade Range Rivers Tapped for Drinking Water Supply
cyano_all,STX_DOC_001224,2025.0,cyanobacteria,cyanobacteria_stx,saxitoxin,TOXIN,"Desmonostoc cockrellii sp. nov. (Nostocales, Cyanobacteria): a new record of a subaerophytic species from The Habitat Penang Hill, Malaysia"
cyano_all,STX_DOC_001224,2025.0,cyanobacteria,cyanobacteria_stx,cyanobacteria,CYANO_TAXON,"Desmonostoc cockrellii sp. nov. (Nostocales, Cyanobacteria): a new record of a subaerophytic species from The Habitat Penang Hill, Malaysia"
cyano_all,STX_DOC_001224,2025.0,cyanobacteria,cyanobacteria_stx,cyanobacterial,CYANO_TAXON,"Desmonostoc cockrellii sp. nov. (Nostocales, Cyanobacteria): a new record of a subaerophytic species from The Habitat Penang Hill, Malaysia"
cyano_all,STX_DOC_001224,2025.0,cyanobacteria,cyanobacteria_stx,phylogeny,BIOLOGICAL_PROCESS,"Desmonostoc cockrellii sp. nov. (Nostocales, Cyanobacteria): a new record of a subaerophytic species from The Habitat Penang Hill, Malaysia"
cyano_all,STX_DOC_001226,2024.0,cyanobacteria,cyanobacteria_stx,saxitoxin,TOXIN,New records on toxic cyanobacteria from Brazil: Exploring their occurrence and geography.
cyano_all,STX_DOC_001226,2024.0,cyanobacteria,cyanobacteria_stx,cyanobacteria,CYANO_TAXON,New records on toxic cyanobacteria from Brazil: Exploring their occurrence and geography.
cyano_all,STX_DOC_001226,2024.0,cyanobacteria,cyanobacteria_stx,cyanobacterial,CYANO_TAXON,New records on toxic cyanobacteria from Brazil: Exploring their occurrence and geography.
cyano_all,STX_DOC_001226,2024.0,cyanobacteria,cyanobacteria_stx,toxicity,BIOLOGICAL_PROCESS,New records on toxic cyanobacteria from Brazil: Exploring their occurrence and geography.
cyano_all,STX_DOC_001226,2024.0,cyanobacteria,cyanobacteria_stx,hplc,DETECTION_METHOD,New records on toxic cyanobacteria from Brazil: Exploring their occurrence and geography.
cyano_all,STX_DOC_001226,2024.0,cyanobacteria,cyanobacteria_stx,lc-ms,DETECTION_METHOD,New records on toxic cyanobacteria from Brazil: Exploring their occurrence and geography.
cyano_all,STX_DOC_001226,2024.0,cyanobacteria,cyanobacteria_stx,elisa,DETECTION_METHOD,New records on toxic cyanobacteria from Brazil: Exploring their occurrence and geography.
cyano_all,STX_DOC_001227,2024.0,cyanobacteria,cyanobacteria_stx,cyanobacteria,CYANO_TAXON,Role of cyanotoxins in the development and promotion of cancer.
cyano_all,STX_DOC_001228,2024.0,cyanobacteria,cyanobacteria_stx,saxitoxin,TOXIN,Identification of potential microbial risk factors associated with fecal indicator exceedances at recreational beaches.
cyano_all,STX_DOC_001228,2024.0,cyanobacteria,cyanobacteria_stx,cyanobacteria,CYANO_TAXON,Identification of potential microbial risk factors associated with fecal indicator exceedances at recreational beaches.
cyano_all,STX_DOC_001228,2024.0,cyanobacteria,cyanobacteria_stx,cyanobacterial,CYANO_TAXON,Identification of potential microbial risk factors associated with fecal indicator exceedances at recreational beaches.
cyano_all,STX_DOC_001229,2023.0,cyanobacteria,cyanobacteria_stx,saxitoxin,TOXIN,"Assessment of cyanotoxins in water and fish in an African freshwater lagoon (Lagoon Aghien, Ivory Coast) and the application of WHO guidelines."
cyano_all,STX_DOC_001229,2023.0,cyanobacteria,cyanobacteria_stx,cyanobacteria,CYANO_TAXON,"Assessment of cyanotoxins in water and fish in an African freshwater lagoon (Lagoon Aghien, Ivory Coast) and the application of WHO guidelines."
cyano_all,STX_DOC_001229,2023.0,cyanobacteria,cyanobacteria_stx,cyanobacterial,CYANO_TAXON,"Assessment of cyanotoxins in water and fish in an African freshwater lagoon (Lagoon Aghien, Ivory Coast) and the application of WHO guidelines."
cyano_all,STX_DOC_001229,2023.0,cyanobacteria,cyanobacteria_stx,toxicity,BIOLOGICAL_PROCESS,"Assessment of cyanotoxins in water and fish in an African freshwater lagoon (Lagoon Aghien, Ivory Coast) and the application of WHO guidelines."
cyano_all,STX_DOC_001230,2023.0,cyanobacteria,cyanobacteria_stx,saxitoxin,TOXIN,The Raphidiopsis (= Cylindrospermopsis) raciborskii pangenome updated: Two new metagenome-assembled genomes from the South American clade.
cyano_all,STX_DOC_001230,2023.0,cyanobacteria,cyanobacteria_stx,cyanobacterial,CYANO_TAXON,The Raphidiopsis (= Cylindrospermopsis) raciborskii pangenome updated: Two new metagenome-assembled genomes from the South American clade.
cyano_all,STX_DOC_001230,2023.0,cyanobacteria,cyanobacteria_stx,cylindrospermopsis,CYANO_TAXON,The Raphidiopsis (= Cylindrospermopsis) raciborskii pangenome updated: Two new metagenome-assembled genomes from the South American clade.
cyano_all,STX_DOC_001230,2023.0,cyanobacteria,cyanobacteria_stx,phylogenetic,BIOLOGICAL_PROCESS,The Raphidiopsis (= Cylindrospermopsis) raciborskii pangenome updated: Two new metagenome-assembled genomes from the South American clade.
cyano_all,STX_DOC_001233,2023.0,cyanobacteria,cyanobacteria_stx,saxitoxin,TOXIN,An innovative passive sampling approach for the detection of cyanobacterial gene targets in freshwater sources.
cyano_all,STX_DOC_001233,2023.0,cyanobacteria,cyanobacteria_stx,cyanobacteria,CYANO_TAXON,An innovative passive sampling approach for the detection of cyanobacterial gene targets in freshwater sources.
cyano_all,STX_DOC_001233,2023.0,cyanobacteria,cyanobacteria_stx,cyanobacterial,CYANO_TAXON,An innovative passive sampling approach for the detection of cyanobacterial gene targets in freshwater sources.
cyano_all,STX_DOC_001234,2023.0,cyanobacteria,cyanobacteria_stx,saxitoxin,TOXIN,Saxitoxin-Producing <i>Raphidiopsis raciborskii</i> (Cyanobacteria) Constrains <i>Daphnia</i> Fitness and Feeding Rate despite High Nutritious Food Availability.
cyano_all,STX_DOC_001234,2023.0,cyanobacteria,cyanobacteria_stx,cyanobacteria,CYANO_TAXON,Saxitoxin-Producing <i>Raphidiopsis raciborskii</i> (Cyanobacteria) Constrains <i>Daphnia</i> Fitness and Feeding Rate despite High Nutritious Food Availability.
cyano_all,STX_DOC_001234,2023.0,cyanobacteria,cyanobacteria_stx,cyanobacterial,CYANO_TAXON,Saxitoxin-Producing <i>Raphidiopsis raciborskii</i> (Cyanobacteria) Constrains <i>Daphnia</i> Fitness and Feeding Rate despite High Nutritious Food Availability.
cyano_all,STX_DOC_001235,2022.0,cyanobacteria,cyanobacteria_stx,saxitoxin,TOXIN,Microcystin production by oscillatorialean cyanobacteria isolated from cryopreserved Antarctic mats.
cyano_all,STX_DOC_001235,2022.0,cyanobacteria,cyanobacteria_stx,cyanobacteria,CYANO_TAXON,Microcystin production by oscillatorialean cyanobacteria isolated from cryopreserved Antarctic mats.
cyano_all,STX_DOC_001235,2022.0,cyanobacteria,cyanobacteria_stx,cyanobacterial,CYANO_TAXON,Microcystin production by oscillatorialean cyanobacteria isolated from cryopreserved Antarctic mats.
cyano_all,STX_DOC_001235,2022.0,cyanobacteria,cyanobacteria_stx,biosynthesis,BIOLOGICAL_PROCESS,Microcystin production by oscillatorialean cyanobacteria isolated from cryopreserved Antarctic mats.
cyano_all,STX_DOC_001235,2022.0,cyanobacteria,cyanobacteria_stx,phylogenetic,BIOLOGICAL_PROCESS,Microcystin production by oscillatorialean cyanobacteria isolated from cryopreserved Antarctic mats.
cyano_all,STX_DOC_001235,2022.0,cyanobacteria,cyanobacteria_stx,toxin production,BIOLOGICAL_PROCESS,Microcystin production by oscillatorialean cyanobacteria isolated from cryopreserved Antarctic mats.
cyano_all,STX_DOC_001235,2022.0,cyanobacteria,cyanobacteria_stx,elisa,DETECTION_METHOD,Microcystin production by oscillatorialean cyanobacteria isolated from cryopreserved Antarctic mats.
cyano_all,STX_DOC_001238,2021.0,cyanobacteria,cyanobacteria_stx,saxitoxin,TOXIN,Cyanotoxin mixture models: Relating environmental variables and toxin co-occurrence to human exposure risk.
cyano_all,STX_DOC_001238,2021.0,cyanobacteria,cyanobacteria_stx,cyanobacterial,CYANO_TAXON,Cyanotoxin mixture models: Relating environmental variables and toxin co-occurrence to human exposure risk.
cyano_all,STX_DOC_001238,2021.0,cyanobacteria,cyanobacteria_stx,bloom,ENV_FACTOR,Cyanotoxin mixture models: Relating environmental variables and toxin co-occurrence to human exposure risk.
cyano_all,STX_DOC_001239,2021.0,cyanobacteria,cyanobacteria_stx,cyanobacteria,CYANO_TAXON,"CyanoMetDB, a comprehensive public database of secondary metabolites from cyanobacteria"
cyano_all,STX_DOC_001239,2021.0,cyanobacteria,cyanobacteria_stx,cyanobacterial,CYANO_TAXON,"CyanoMetDB, a comprehensive public database of secondary metabolites from cyanobacteria"
cyano_all,STX_DOC_001239,2021.0,cyanobacteria,cyanobacteria_stx,biosynthesis,BIOLOGICAL_PROCESS,"CyanoMetDB, a comprehensive public database of secondary metabolites from cyanobacteria"
cyano_all,STX_DOC_001239,2021.0,cyanobacteria,cyanobacteria_stx,toxicity,BIOLOGICAL_PROCESS,"CyanoMetDB, a comprehensive public database of secondary metabolites from cyanobacteria"
cyano_all,STX_DOC_001240,2021.0,cyanobacteria,cyanobacteria_stx,cyanobacteria,CYANO_TAXON,Cyanobacterial toxins
cyano_all,STX_DOC_001240,2021.0,cyanobacteria,cyanobacteria_stx,cyanobacterial,CYANO_TAXON,Cyanobacterial toxins
cyano_all,STX_DOC_001240,2021.0,cyanobacteria,cyanobacteria_stx,toxicity,BIOLOGICAL_PROCESS,Cyanobacterial toxins
cyano_all,STX_DOC_001242,2020.0,cyanobacteria,cyanobacteria_stx,cyanobacteria,CYANO_TAXON,Clethodim (herbicide) alters the growth and toxins content of Microcystis aeruginosa and Raphidiopsis raciborskii.
cyano_all,STX_DOC_001242,2020.0,cyanobacteria,cyanobacteria_stx,cylindrospermopsis,CYANO_TAXON,Clethodim (herbicide) alters the growth and toxins content of Microcystis aeruginosa and Raphidiopsis raciborskii.
cyano_all,STX_DOC_001244,2020.0,cyanobacteria,cyanobacteria_stx,paralytic shellfish toxin,TOXIN,"Corrigendum to ""Cryptic diversity within the Scytonema complex: Characterization of the paralytic shellfish toxin producer Heterosyctonema crispum, and the establishment of the family Heteroscytonemataceae (Cyanobacteria/Nostocales)"" [Harmful Algae 80 (2018) 158-170]."
cyano_all,STX_DOC_001244,2020.0,cyanobacteria,cyanobacteria_stx,cyanobacteria,CYANO_TAXON,"Corrigendum to ""Cryptic diversity within the Scytonema complex: Characterization of the paralytic shellfish toxin producer Heterosyctonema crispum, and the establishment of the family Heteroscytonemataceae (Cyanobacteria/Nostocales)"" [Harmful Algae 80 (2018) 158-170]."
cyano_all,STX_DOC_001244,2020.0,cyanobacteria,cyanobacteria_stx,scytonema,CYANO_TAXON,"Corrigendum to ""Cryptic diversity within the Scytonema complex: Characterization of the paralytic shellfish toxin producer Heterosyctonema crispum, and the establishment of the family Heteroscytonemataceae (Cyanobacteria/Nostocales)"" [Harmful Algae 80 (2018) 158-170]."
cyano_all,STX_DOC_001245,2020.0,cyanobacteria,cyanobacteria_stx,saxitoxin,TOXIN,Saxitoxin-producing Raphidiopsis raciborskii (cyanobacteria) inhibits swimming and physiological parameters in Daphnia similis.
cyano_all,STX_DOC_001245,2020.0,cyanobacteria,cyanobacteria_stx,cyanobacteria,CYANO_TAXON,Saxitoxin-producing Raphidiopsis raciborskii (cyanobacteria) inhibits swimming and physiological parameters in Daphnia similis.
cyano_all,STX_DOC_001245,2020.0,cyanobacteria,cyanobacteria_stx,cyanobacterium,CYANO_TAXON,Saxitoxin-producing Raphidiopsis raciborskii (cyanobacteria) inhibits swimming and physiological parameters in Daphnia similis.
cyano_all,STX_DOC_001247,2020.0,cyanobacteria,cyanobacteria_stx,saxitoxin,TOXIN,"Zika virus syndrome, lack of environmental policies and risks of worsening by cyanobacteria proliferation in a climate change scenario."
cyano_all,STX_DOC_001247,2020.0,cyanobacteria,cyanobacteria_stx,cyanobacteria,CYANO_TAXON,"Zika virus syndrome, lack of environmental policies and risks of worsening by cyanobacteria proliferation in a climate change scenario."
cyano_all,STX_DOC_001247,2020.0,cyanobacteria,cyanobacteria_stx,climate,ENV_FACTOR,"Zika virus syndrome, lack of environmental policies and risks of worsening by cyanobacteria proliferation in a climate change scenario."
cyano_all,STX_DOC_001250,2020.0,cyanobacteria,cyanobacteria_stx,cyanobacteria,CYANO_TAXON,Recent Advancements in the Removal of Cyanotoxins from Water Using Conventional and Modified Adsorbents—A Contemporary Review
cyano_all,STX_DOC_001250,2020.0,cyanobacteria,cyanobacteria_stx,climate,ENV_FACTOR,Recent Advancements in the Removal of Cyanotoxins from Water Using Conventional and Modified Adsorbents—A Contemporary Review
cyano_all,STX_DOC_001251,2019.0,cyanobacteria,cyanobacteria_stx,saxitoxin,TOXIN,Effects of an aluminum-based chemical remediator on the cyanobacteria population: a study in the northeast of Brazil.
cyano_all,STX_DOC_001251,2019.0,cyanobacteria,cyanobacteria_stx,cyanobacteria,CYANO_TAXON,Effects of an aluminum-based chemical remediator on the cyanobacteria population: a study in the northeast of Brazil.
cyano_all,STX_DOC_001251,2019.0,cyanobacteria,cyanobacteria_stx,phosphorus,ENV_FACTOR,Effects of an aluminum-based chemical remediator on the cyanobacteria population: a study in the northeast of Brazil.
cyano_all,STX_DOC_001252,2019.0,cyanobacteria,cyanobacteria_stx,cyanobacteria,CYANO_TAXON,Pilot application of drone observations and pigment marker detection by HPLC in studies of cyanobacterial harmful algal blooms in Bulgarian inland waters
cyano_all,STX_DOC_001252,2019.0,cyanobacteria,cyanobacteria_stx,cyanobacterial,CYANO_TAXON,Pilot application of drone observations and pigment marker detection by HPLC in studies of cyanobacterial harmful algal blooms in Bulgarian inland waters
cyano_all,STX_DOC_001252,2019.0,cyanobacteria,cyanobacteria_stx,hplc,DETECTION_METHOD,Pilot application of drone observations and pigment marker detection by HPLC in studies of cyanobacterial harmful algal blooms in Bulgarian inland waters
cyano_all,STX_DOC_001254,2019.0,cyanobacteria,cyanobacteria_stx,saxitoxin,TOXIN,Perspectives on Harmful Algal Blooms (HABs) and the Cyberbiosecurity of Freshwater Systems
cyano_all,STX_DOC_001254,2019.0,cyanobacteria,cyanobacteria_stx,cyanobacteria,CYANO_TAXON,Perspectives on Harmful Algal Blooms (HABs) and the Cyberbiosecurity of Freshwater Systems
cyano_all,STX_DOC_001254,2019.0,cyanobacteria,cyanobacteria_stx,nutrient,ENV_FACTOR,Perspectives on Harmful Algal Blooms (HABs) and the Cyberbiosecurity of Freshwater Systems
cyano_all,STX_DOC_001257,2018.0,cyanobacteria,cyanobacteria_stx,cyanobacteria,CYANO_TAXON,Cyanobacterial Neurotoxins: Their Occurrence and Mechanisms of Toxicity.
cyano_all,STX_DOC_001257,2018.0,cyanobacteria,cyanobacteria_stx,cyanobacterial,CYANO_TAXON,Cyanobacterial Neurotoxins: Their Occurrence and Mechanisms of Toxicity.
cyano_all,STX_DOC_001257,2018.0,cyanobacteria,cyanobacteria_stx,toxicity,BIOLOGICAL_PROCESS,Cyanobacterial Neurotoxins: Their Occurrence and Mechanisms of Toxicity.
cyano_all,STX_DOC_001258,2018.0,cyanobacteria,cyanobacteria_stx,cyanobacteria,CYANO_TAXON,"Cyanotoxins as the ""common suspects"" for the Dalmatian pelican (Pelecanus crispus) deaths in a Mediterranean reconstructed reservoir."
cyano_all,STX_DOC_001258,2018.0,cyanobacteria,cyanobacteria_stx,cyanobacterial,CYANO_TAXON,"Cyanotoxins as the ""common suspects"" for the Dalmatian pelican (Pelecanus crispus) deaths in a Mediterranean reconstructed reservoir."
cyano_all,STX_DOC_001262,2017.0,cyanobacteria,cyanobacteria_stx,saxitoxin,TOXIN,Cyanobacteria <i>Nostoc Punctiforme</i> from Abyssal Benthos of Lake Baikal: Unique Ecology and Metabolic Potential.
cyano_all,STX_DOC_001262,2017.0,cyanobacteria,cyanobacteria_stx,cyanobacteria,CYANO_TAXON,Cyanobacteria <i>Nostoc Punctiforme</i> from Abyssal Benthos of Lake Baikal: Unique Ecology and Metabolic Potential.
cyano_all,STX_DOC_001262,2017.0,cyanobacteria,cyanobacteria_stx,cyanobacterial,CYANO_TAXON,Cyanobacteria <i>Nostoc Punctiforme</i> from Abyssal Benthos of Lake Baikal: Unique Ecology and Metabolic Potential.
cyano_all,STX_DOC_001262,2017.0,cyanobacteria,cyanobacteria_stx,mass spectrometry,DETECTION_METHOD,Cyanobacteria <i>Nostoc Punctiforme</i> from Abyssal Benthos of Lake Baikal: Unique Ecology and Metabolic Potential.
cyano_all,STX_DOC_001264,2017.0,cyanobacteria,cyanobacteria_stx,saxitoxin,TOXIN,"Draft Genome Sequences of Two Brazilian Cyanobacterial Strains of <i>Cylindrospermopsis raciborskii</i>: Differences in Membrane Transporters, Saxitoxin Production, and Antioxidant Activities."
cyano_all,STX_DOC_001264,2017.0,cyanobacteria,cyanobacteria_stx,cyanobacterial,CYANO_TAXON,"Draft Genome Sequences of Two Brazilian Cyanobacterial Strains of <i>Cylindrospermopsis raciborskii</i>: Differences in Membrane Transporters, Saxitoxin Production, and Antioxidant Activities."
cyano_all,STX_DOC_001264,2017.0,cyanobacteria,cyanobacteria_stx,cylindrospermopsis,CYANO_TAXON,"Draft Genome Sequences of Two Brazilian Cyanobacterial Strains of <i>Cylindrospermopsis raciborskii</i>: Differences in Membrane Transporters, Saxitoxin Production, and Antioxidant Activities."
cyano_all,STX_DOC_001265,2017.0,cyanobacteria,cyanobacteria_stx,paralytic shellfish toxins,TOXIN,Toxicity at the Edge of Life: A Review on Cyanobacterial Toxins from Extreme Environments.
cyano_all,STX_DOC_001265,2017.0,cyanobacteria,cyanobacteria_stx,cyanobacteria,CYANO_TAXON,Toxicity at the Edge of Life: A Review on Cyanobacterial Toxins from Extreme Environments.
cyano_all,STX_DOC_001265,2017.0,cyanobacteria,cyanobacteria_stx,cyanobacterial,CYANO_TAXON,Toxicity at the Edge of Life: A Review on Cyanobacterial Toxins from Extreme Environments.
cyano_all,STX_DOC_001265,2017.0,cyanobacteria,cyanobacteria_stx,toxicity,BIOLOGICAL_PROCESS,Toxicity at the Edge of Life: A Review on Cyanobacterial Toxins from Extreme Environments.
cyano_all,STX_DOC_001265,2017.0,cyanobacteria,cyanobacteria_stx,toxin production,BIOLOGICAL_PROCESS,Toxicity at the Edge of Life: A Review on Cyanobacterial Toxins from Extreme Environments.
cyano_all,STX_DOC_001266,2017.0,cyanobacteria,cyanobacteria_stx,saxitoxin,TOXIN,Detection of Cyanotoxins in Algae Dietary Supplements.
cyano_all,STX_DOC_001266,2017.0,cyanobacteria,cyanobacteria_stx,cyanobacteria,CYANO_TAXON,Detection of Cyanotoxins in Algae Dietary Supplements.
cyano_all,STX_DOC_001266,2017.0,cyanobacteria,cyanobacteria_stx,aphanizomenon,CYANO_TAXON,Detection of Cyanotoxins in Algae Dietary Supplements.
cyano_all,STX_DOC_001266,2017.0,cyanobacteria,cyanobacteria_stx,mass spectrometry,DETECTION_METHOD,Detection of Cyanotoxins in Algae Dietary Supplements.
cyano_all,STX_DOC_001267,2017.0,cyanobacteria,cyanobacteria_stx,cyanobacteria,CYANO_TAXON,Multiple Stressors at the Land-Sea Interface: Cyanotoxins at the Land-Sea Interface in the Southern California Bight.
cyano_all,STX_DOC_001267,2017.0,cyanobacteria,cyanobacteria_stx,cyanobacterial,CYANO_TAXON,Multiple Stressors at the Land-Sea Interface: Cyanotoxins at the Land-Sea Interface in the Southern California Bight.
cyano_all,STX_DOC_001269,2016.0,cyanobacteria,cyanobacteria_stx,cyanobacteria,CYANO_TAXON,"The genetics, biosynthesis and regulation of toxic specialized metabolites of cyanobacteria."
cyano_all,STX_DOC_001269,2016.0,cyanobacteria,cyanobacteria_stx,cyanobacterial,CYANO_TAXON,"The genetics, biosynthesis and regulation of toxic specialized metabolites of cyanobacteria."
cyano_all,STX_DOC_001269,2016.0,cyanobacteria,cyanobacteria_stx,biosynthesis,BIOLOGICAL_PROCESS,"The genetics, biosynthesis and regulation of toxic specialized metabolites of cyanobacteria."
cyano_all,STX_DOC_001269,2016.0,cyanobacteria,cyanobacteria_stx,regulation,BIOLOGICAL_PROCESS,"The genetics, biosynthesis and regulation of toxic specialized metabolites of cyanobacteria."
cyano_all,STX_DOC_001270,2016.0,cyanobacteria,cyanobacteria_stx,cyanobacteria,CYANO_TAXON,"In Vitro Cytotoxicity and Antioxidative Potential of Nostoc Microscopicum (Nostocales, Cyanobacteria)"
cyano_all,STX_DOC_001270,2016.0,cyanobacteria,cyanobacteria_stx,cyanobacterial,CYANO_TAXON,"In Vitro Cytotoxicity and Antioxidative Potential of Nostoc Microscopicum (Nostocales, Cyanobacteria)"
cyano_all,STX_DOC_001272,2015.0,cyanobacteria,cyanobacteria_stx,saxitoxin,TOXIN,The effect of saxitoxin and non-saxitoxin extracts of Cylindrospermopsis raciborskii (Cyanobacteria) on cyanobacteria and green microalgae
cyano_all,STX_DOC_001272,2015.0,cyanobacteria,cyanobacteria_stx,cyanobacteria,CYANO_TAXON,The effect of saxitoxin and non-saxitoxin extracts of Cylindrospermopsis raciborskii (Cyanobacteria) on cyanobacteria and green microalgae
cyano_all,STX_DOC_001272,2015.0,cyanobacteria,cyanobacteria_stx,cylindrospermopsis,CYANO_TAXON,The effect of saxitoxin and non-saxitoxin extracts of Cylindrospermopsis raciborskii (Cyanobacteria) on cyanobacteria and green microalgae
cyano_all,STX_DOC_001275,2015.0,cyanobacteria,cyanobacteria_stx,saxitoxin,TOXIN,Saxitoxin-Producing cyanobacteria in Lake Baikal
cyano_all,STX_DOC_001275,2015.0,cyanobacteria,cyanobacteria_stx,cyanobacteria,CYANO_TAXON,Saxitoxin-Producing cyanobacteria in Lake Baikal
cyano_all,STX_DOC_001275,2015.0,cyanobacteria,cyanobacteria_stx,anabaena,CYANO_TAXON,Saxitoxin-Producing cyanobacteria in Lake Baikal
cyano_all,STX_DOC_001275,2015.0,cyanobacteria,cyanobacteria_stx,phylogenetic,BIOLOGICAL_PROCESS,Saxitoxin-Producing cyanobacteria in Lake Baikal
cyano_all,STX_DOC_001275,2015.0,cyanobacteria,cyanobacteria_stx,elisa,DETECTION_METHOD,Saxitoxin-Producing cyanobacteria in Lake Baikal
cyano_all,STX_DOC_001276,2015.0,cyanobacteria,cyanobacteria_stx,cyanobacteria,CYANO_TAXON,Biodiversity and toxin production of cyanobacteria in mangrove swamps in the Red Sea off the southern coast of Saudi Arabia
cyano_all,STX_DOC_001276,2015.0,cyanobacteria,cyanobacteria_stx,cyanobacterial,CYANO_TAXON,Biodiversity and toxin production of cyanobacteria in mangrove swamps in the Red Sea off the southern coast of Saudi Arabia
cyano_all,STX_DOC_001276,2015.0,cyanobacteria,cyanobacteria_stx,toxicity,BIOLOGICAL_PROCESS,Biodiversity and toxin production of cyanobacteria in mangrove swamps in the Red Sea off the southern coast of Saudi Arabia
cyano_all,STX_DOC_001276,2015.0,cyanobacteria,cyanobacteria_stx,toxin production,BIOLOGICAL_PROCESS,Biodiversity and toxin production of cyanobacteria in mangrove swamps in the Red Sea off the southern coast of Saudi Arabia
cyano_all,STX_DOC_001276,2015.0,cyanobacteria,cyanobacteria_stx,hplc,DETECTION_METHOD,Biodiversity and toxin production of cyanobacteria in mangrove swamps in the Red Sea off the southern coast of Saudi Arabia
cyano_all,STX_DOC_001276,2015.0,cyanobacteria,cyanobacteria_stx,elisa,DETECTION_METHOD,Biodiversity and toxin production of cyanobacteria in mangrove swamps in the Red Sea off the southern coast of Saudi Arabia
cyano_all,STX_DOC_001277,2015.0,cyanobacteria,cyanobacteria_stx,cyanobacteria,CYANO_TAXON,Health-based cyanotoxin guideline values allow for cyanotoxin-based monitoring and efficient public health response to cyanobacterial blooms.
cyano_all,STX_DOC_001277,2015.0,cyanobacteria,cyanobacteria_stx,cyanobacterial,CYANO_TAXON,Health-based cyanotoxin guideline values allow for cyanotoxin-based monitoring and efficient public health response to cyanobacterial blooms.
cyano_all,STX_DOC_001278,2014.0,cyanobacteria,cyanobacteria_stx,saxitoxin,TOXIN,Responses of freshwater mussel (Elliptio complanata) hemocytes exposed in vitro to crude extracts of Microcystis aeruginosa and Lyngbya wollei.
cyano_all,STX_DOC_001278,2014.0,cyanobacteria,cyanobacteria_stx,cyanobacterium,CYANO_TAXON,Responses of freshwater mussel (Elliptio complanata) hemocytes exposed in vitro to crude extracts of Microcystis aeruginosa and Lyngbya wollei.
cyano_all,STX_DOC_001278,2014.0,cyanobacteria,cyanobacteria_stx,lyngbya,CYANO_TAXON,Responses of freshwater mussel (Elliptio complanata) hemocytes exposed in vitro to crude extracts of Microcystis aeruginosa and Lyngbya wollei.
cyano_all,STX_DOC_001280,2013.0,cross_taxa,dinoflagellate_stx,dinoflagellates,DINO_TAXON,Evaluation of mysids and sea urchins exposed to saxitoxins.
cyano_all,STX_DOC_001280,2013.0,cross_taxa,dinoflagellate_stx,cyanobacteria,CYANO_TAXON,Evaluation of mysids and sea urchins exposed to saxitoxins.
cyano_all,STX_DOC_001281,2013.0,cyanobacteria,cyanobacteria_stx,saxitoxin,TOXIN,Effects of saxitoxin- and non-saxitoxin-producing strains of the cyanobacterium Cylindrospermopsis raciborskii on the fitness of temperate and tropical cladocerans
cyano_all,STX_DOC_001281,2013.0,cyanobacteria,cyanobacteria_stx,cyanobacterium,CYANO_TAXON,Effects of saxitoxin- and non-saxitoxin-producing strains of the cyanobacterium Cylindrospermopsis raciborskii on the fitness of temperate and tropical cladocerans
cyano_all,STX_DOC_001281,2013.0,cyanobacteria,cyanobacteria_stx,cylindrospermopsis,CYANO_TAXON,Effects of saxitoxin- and non-saxitoxin-producing strains of the cyanobacterium Cylindrospermopsis raciborskii on the fitness of temperate and tropical cladocerans
cyano_all,STX_DOC_001284,2012.0,cross_taxa,dinoflagellate_stx,saxitoxin,TOXIN,Inhibition of copper uptake in yeast reveals the copper transporter Ctr1p as a potential molecular target of saxitoxin.
cyano_all,STX_DOC_001284,2012.0,cross_taxa,dinoflagellate_stx,dinoflagellates,DINO_TAXON,Inhibition of copper uptake in yeast reveals the copper transporter Ctr1p as a potential molecular target of saxitoxin.
cyano_all,STX_DOC_001284,2012.0,cross_taxa,dinoflagellate_stx,cyanobacteria,CYANO_TAXON,Inhibition of copper uptake in yeast reveals the copper transporter Ctr1p as a potential molecular target of saxitoxin.
cyano_all,STX_DOC_001284,2012.0,cross_taxa,dinoflagellate_stx,expression,BIOLOGICAL_PROCESS,Inhibition of copper uptake in yeast reveals the copper transporter Ctr1p as a potential molecular target of saxitoxin.
cyano_all,STX_DOC_001285,2011.0,cyanobacteria,cyanobacteria_stx,saxitoxin,TOXIN,"A Synthetic Route to the Saxitoxin Skeleton: Synthesis of Decarbamoyl α‐Saxitoxinol, an Analogue of Saxitoxin Produced by the Cyanobacterium <i>Lyngbya wollei</i>"
cyano_all,STX_DOC_001285,2011.0,cyanobacteria,cyanobacteria_stx,cyanobacterium,CYANO_TAXON,"A Synthetic Route to the Saxitoxin Skeleton: Synthesis of Decarbamoyl α‐Saxitoxinol, an Analogue of Saxitoxin Produced by the Cyanobacterium <i>Lyngbya wollei</i>"
cyano_all,STX_DOC_001285,2011.0,cyanobacteria,cyanobacteria_stx,lyngbya,CYANO_TAXON,"A Synthetic Route to the Saxitoxin Skeleton: Synthesis of Decarbamoyl α‐Saxitoxinol, an Analogue of Saxitoxin Produced by the Cyanobacterium <i>Lyngbya wollei</i>"
cyano_all,STX_DOC_001286,2011.0,cyanobacteria,cyanobacteria_stx,saxitoxin,TOXIN,"A synthetic route to the saxitoxin skeleton: synthesis of decarbamoyl α-saxitoxinol, an analogue of saxitoxin produced by the cyanobacterium Lyngbya wollei."
cyano_all,STX_DOC_001286,2011.0,cyanobacteria,cyanobacteria_stx,cyanobacterium,CYANO_TAXON,"A synthetic route to the saxitoxin skeleton: synthesis of decarbamoyl α-saxitoxinol, an analogue of saxitoxin produced by the cyanobacterium Lyngbya wollei."
cyano_all,STX_DOC_001286,2011.0,cyanobacteria,cyanobacteria_stx,lyngbya,CYANO_TAXON,"A synthetic route to the saxitoxin skeleton: synthesis of decarbamoyl α-saxitoxinol, an analogue of saxitoxin produced by the cyanobacterium Lyngbya wollei."
cyano_all,STX_DOC_001287,2011.0,cyanobacteria,cyanobacteria_stx,saxitoxin,TOXIN,"Toxicity and genetic diversity of<i>Cylindrospermopsis raciborskii</i>in Florida, USA"
cyano_all,STX_DOC_001287,2011.0,cyanobacteria,cyanobacteria_stx,cyanobacterium,CYANO_TAXON,"Toxicity and genetic diversity of<i>Cylindrospermopsis raciborskii</i>in Florida, USA"
cyano_all,STX_DOC_001287,2011.0,cyanobacteria,cyanobacteria_stx,cylindrospermopsis,CYANO_TAXON,"Toxicity and genetic diversity of<i>Cylindrospermopsis raciborskii</i>in Florida, USA"
cyano_all,STX_DOC_001287,2011.0,cyanobacteria,cyanobacteria_stx,phylogenetic,BIOLOGICAL_PROCESS,"Toxicity and genetic diversity of<i>Cylindrospermopsis raciborskii</i>in Florida, USA"
cyano_all,STX_DOC_001287,2011.0,cyanobacteria,cyanobacteria_stx,toxicity,BIOLOGICAL_PROCESS,"Toxicity and genetic diversity of<i>Cylindrospermopsis raciborskii</i>in Florida, USA"
cyano_all,STX_DOC_001287,2011.0,cyanobacteria,cyanobacteria_stx,elisa,DETECTION_METHOD,"Toxicity and genetic diversity of<i>Cylindrospermopsis raciborskii</i>in Florida, USA"
cyano_all,STX_DOC_001288,2011.0,cyanobacteria,cyanobacteria_stx,saxitoxin,TOXIN,"Extraordinary conservation, gene loss, and positive selection in the evolution of an ancient neurotoxin."
cyano_all,STX_DOC_001288,2011.0,cyanobacteria,cyanobacteria_stx,cyanobacteria,CYANO_TAXON,"Extraordinary conservation, gene loss, and positive selection in the evolution of an ancient neurotoxin."
cyano_all,STX_DOC_001288,2011.0,cyanobacteria,cyanobacteria_stx,nitrogen,ENV_FACTOR,"Extraordinary conservation, gene loss, and positive selection in the evolution of an ancient neurotoxin."
cyano_all,STX_DOC_001288,2011.0,cyanobacteria,cyanobacteria_stx,biosynthesis,BIOLOGICAL_PROCESS,"Extraordinary conservation, gene loss, and positive selection in the evolution of an ancient neurotoxin."
cyano_all,STX_DOC_001288,2011.0,cyanobacteria,cyanobacteria_stx,evolution,BIOLOGICAL_PROCESS,"Extraordinary conservation, gene loss, and positive selection in the evolution of an ancient neurotoxin."
cyano_all,STX_DOC_001288,2011.0,cyanobacteria,cyanobacteria_stx,horizontal gene transfer,BIOLOGICAL_PROCESS,"Extraordinary conservation, gene loss, and positive selection in the evolution of an ancient neurotoxin."
cyano_all,STX_DOC_001288,2011.0,cyanobacteria,cyanobacteria_stx,gene loss,BIOLOGICAL_PROCESS,"Extraordinary conservation, gene loss, and positive selection in the evolution of an ancient neurotoxin."
cyano_all,STX_DOC_001290,2011.0,cyanobacteria,cyanobacteria_stx,saxitoxin,TOXIN,Cyanobacterial Secondary Metabolites
cyano_all,STX_DOC_001290,2011.0,cyanobacteria,cyanobacteria_stx,cyanobacteria,CYANO_TAXON,Cyanobacterial Secondary Metabolites
cyano_all,STX_DOC_001290,2011.0,cyanobacteria,cyanobacteria_stx,cyanobacterial,CYANO_TAXON,Cyanobacterial Secondary Metabolites
cyano_all,STX_DOC_001290,2011.0,cyanobacteria,cyanobacteria_stx,toxicity,BIOLOGICAL_PROCESS,Cyanobacterial Secondary Metabolites
cyano_all,STX_DOC_001293,2010.0,cyanobacteria,cyanobacteria_stx,cyanobacterium,CYANO_TAXON,Evidence for saxitoxins production by the cyanobacterium Aphanizomenon gracile in a French recreational water body
cyano_all,STX_DOC_001293,2010.0,cyanobacteria,cyanobacteria_stx,aphanizomenon,CYANO_TAXON,Evidence for saxitoxins production by the cyanobacterium Aphanizomenon gracile in a French recreational water body
cyano_all,STX_DOC_001294,2010.0,cyanobacteria,cyanobacteria_stx,saxitoxin,TOXIN,Neurotoxic cyanobacterial toxins.
cyano_all,STX_DOC_001294,2010.0,cyanobacteria,cyanobacteria_stx,cyanobacteria,CYANO_TAXON,Neurotoxic cyanobacterial toxins.
cyano_all,STX_DOC_001294,2010.0,cyanobacteria,cyanobacteria_stx,cyanobacterial,CYANO_TAXON,Neurotoxic cyanobacterial toxins.
cyano_all,STX_DOC_001295,2010.0,cross_taxa,dinoflagellate_stx,dinoflagellates,DINO_TAXON,Effects of marine toxins on the reproduction and early stages development of aquatic organisms.
cyano_all,STX_DOC_001295,2010.0,cross_taxa,dinoflagellate_stx,cyanobacteria,CYANO_TAXON,Effects of marine toxins on the reproduction and early stages development of aquatic organisms.
cyano_all,STX_DOC_001298,2009.0,cyanobacteria,cyanobacteria_stx,cyanobacteria,CYANO_TAXON,Bioremediation of cyanotoxins.
cyano_all,STX_DOC_001298,2009.0,cyanobacteria,cyanobacteria_stx,nutrient,ENV_FACTOR,Bioremediation of cyanotoxins.
cyano_all,STX_DOC_001298,2009.0,cyanobacteria,cyanobacteria_stx,bloom,ENV_FACTOR,Bioremediation of cyanotoxins.
cyano_all,STX_DOC_001299,2009.0,cyanobacteria,cyanobacteria_stx,saxitoxin,TOXIN,RELEASE OF CARBOHYDRATES AND PROTEINS BY A SUBTROPICAL STRAIN OF RAPHIDIOPSIS BROOKII (CYANOBACTERIA) ABLE TO PRODUCE SAXITOXIN AT THREE NITRATE CONCENTRATIONS(1).
cyano_all,STX_DOC_001299,2009.0,cyanobacteria,cyanobacteria_stx,cyanobacteria,CYANO_TAXON,RELEASE OF CARBOHYDRATES AND PROTEINS BY A SUBTROPICAL STRAIN OF RAPHIDIOPSIS BROOKII (CYANOBACTERIA) ABLE TO PRODUCE SAXITOXIN AT THREE NITRATE CONCENTRATIONS(1).
cyano_all,STX_DOC_001299,2009.0,cyanobacteria,cyanobacteria_stx,nitrate,ENV_FACTOR,RELEASE OF CARBOHYDRATES AND PROTEINS BY A SUBTROPICAL STRAIN OF RAPHIDIOPSIS BROOKII (CYANOBACTERIA) ABLE TO PRODUCE SAXITOXIN AT THREE NITRATE CONCENTRATIONS(1).
cyano_all,STX_DOC_001299,2009.0,cyanobacteria,cyanobacteria_stx,bloom,ENV_FACTOR,RELEASE OF CARBOHYDRATES AND PROTEINS BY A SUBTROPICAL STRAIN OF RAPHIDIOPSIS BROOKII (CYANOBACTERIA) ABLE TO PRODUCE SAXITOXIN AT THREE NITRATE CONCENTRATIONS(1).
cyano_all,STX_DOC_001300,2009.0,cross_taxa,dinoflagellate_stx,saxitoxin,TOXIN,Transcriptional profiling of Saccharomyces cerevisiae upon exposure to saxitoxin.
cyano_all,STX_DOC_001300,2009.0,cross_taxa,dinoflagellate_stx,dinoflagellates,DINO_TAXON,Transcriptional profiling of Saccharomyces cerevisiae upon exposure to saxitoxin.
cyano_all,STX_DOC_001300,2009.0,cross_taxa,dinoflagellate_stx,cyanobacteria,CYANO_TAXON,Transcriptional profiling of Saccharomyces cerevisiae upon exposure to saxitoxin.
cyano_all,STX_DOC_001300,2009.0,cross_taxa,dinoflagellate_stx,expression,BIOLOGICAL_PROCESS,Transcriptional profiling of Saccharomyces cerevisiae upon exposure to saxitoxin.
cyano_all,STX_DOC_001301,2008.0,cyanobacteria,cyanobacteria_stx,cyanobacteria,CYANO_TAXON,"Effective doses, guidelines & regulations."
cyano_all,STX_DOC_001301,2008.0,cyanobacteria,cyanobacteria_stx,cyanobacterial,CYANO_TAXON,"Effective doses, guidelines & regulations."
cyano_all,STX_DOC_001301,2008.0,cyanobacteria,cyanobacteria_stx,regulation,BIOLOGICAL_PROCESS,"Effective doses, guidelines & regulations."
cyano_all,STX_DOC_001301,2008.0,cyanobacteria,cyanobacteria_stx,toxicity,BIOLOGICAL_PROCESS,"Effective doses, guidelines & regulations."
cyano_all,STX_DOC_001302,2008.0,cyanobacteria,cyanobacteria_stx,saxitoxin,TOXIN,Secondary Metabolites from Cyanobacteria: Complex Structures and Powerful Bioactivities
cyano_all,STX_DOC_001302,2008.0,cyanobacteria,cyanobacteria_stx,cyanobacteria,CYANO_TAXON,Secondary Metabolites from Cyanobacteria: Complex Structures and Powerful Bioactivities
cyano_all,STX_DOC_001302,2008.0,cyanobacteria,cyanobacteria_stx,cyanobacterial,CYANO_TAXON,Secondary Metabolites from Cyanobacteria: Complex Structures and Powerful Bioactivities
cyano_all,STX_DOC_001306,2007.0,cyanobacteria,cyanobacteria_stx,saxitoxin,TOXIN,Cyanobacterial toxins in Canadian freshwaters: A review
cyano_all,STX_DOC_001306,2007.0,cyanobacteria,cyanobacteria_stx,cyanobacteria,CYANO_TAXON,Cyanobacterial toxins in Canadian freshwaters: A review
cyano_all,STX_DOC_001306,2007.0,cyanobacteria,cyanobacteria_stx,cyanobacterial,CYANO_TAXON,Cyanobacterial toxins in Canadian freshwaters: A review
cyano_all,STX_DOC_001307,2007.0,cyanobacteria,cyanobacteria_stx,saxitoxin,TOXIN,Efficacy of molecular DNA methods for confirming species identifications on morphologically variable populations of toxin-producing<i>Anabaena</i>(Nostocales)
cyano_all,STX_DOC_001307,2007.0,cyanobacteria,cyanobacteria_stx,aphanizomenon,CYANO_TAXON,Efficacy of molecular DNA methods for confirming species identifications on morphologically variable populations of toxin-producing<i>Anabaena</i>(Nostocales)
cyano_all,STX_DOC_001307,2007.0,cyanobacteria,cyanobacteria_stx,anabaena,CYANO_TAXON,Efficacy of molecular DNA methods for confirming species identifications on morphologically variable populations of toxin-producing<i>Anabaena</i>(Nostocales)
cyano_all,STX_DOC_001309,2007.0,cyanobacteria,cyanobacteria_stx,cyanobacteria,CYANO_TAXON,First report of homoanatoxin-a and associated dog neurotoxicosis in New Zealand.
cyano_all,STX_DOC_001309,2007.0,cyanobacteria,cyanobacteria_stx,cyanobacterial,CYANO_TAXON,First report of homoanatoxin-a and associated dog neurotoxicosis in New Zealand.
cyano_all,STX_DOC_001309,2007.0,cyanobacteria,cyanobacteria_stx,phylogenetic,BIOLOGICAL_PROCESS,First report of homoanatoxin-a and associated dog neurotoxicosis in New Zealand.
cyano_all,STX_DOC_001309,2007.0,cyanobacteria,cyanobacteria_stx,lc-ms,DETECTION_METHOD,First report of homoanatoxin-a and associated dog neurotoxicosis in New Zealand.
cyano_all,STX_DOC_001309,2007.0,cyanobacteria,cyanobacteria_stx,mass spectrometry,DETECTION_METHOD,First report of homoanatoxin-a and associated dog neurotoxicosis in New Zealand.
cyano_all,STX_DOC_001310,2007.0,cyanobacteria,cyanobacteria_stx,paralytic shellfish poisoning,TOXIN,Rapid detection of cyanobacterial toxins in precursor ion mode by liquid chromatography tandem mass spectrometry.
cyano_all,STX_DOC_001310,2007.0,cyanobacteria,cyanobacteria_stx,cyanobacterium,CYANO_TAXON,Rapid detection of cyanobacterial toxins in precursor ion mode by liquid chromatography tandem mass spectrometry.
cyano_all,STX_DOC_001310,2007.0,cyanobacteria,cyanobacteria_stx,cyanobacterial,CYANO_TAXON,Rapid detection of cyanobacterial toxins in precursor ion mode by liquid chromatography tandem mass spectrometry.
cyano_all,STX_DOC_001310,2007.0,cyanobacteria,cyanobacteria_stx,lc-ms,DETECTION_METHOD,Rapid detection of cyanobacterial toxins in precursor ion mode by liquid chromatography tandem mass spectrometry.
cyano_all,STX_DOC_001310,2007.0,cyanobacteria,cyanobacteria_stx,lc-ms/ms,DETECTION_METHOD,Rapid detection of cyanobacterial toxins in precursor ion mode by liquid chromatography tandem mass spectrometry.
cyano_all,STX_DOC_001310,2007.0,cyanobacteria,cyanobacteria_stx,mass spectrometry,DETECTION_METHOD,Rapid detection of cyanobacterial toxins in precursor ion mode by liquid chromatography tandem mass spectrometry.
cyano_all,STX_DOC_001311,2006.0,cyanobacteria,cyanobacteria_stx,cyanobacteria,CYANO_TAXON,Survey of cyanotoxins in New Zealand water bodies between 2001 and 2004
cyano_all,STX_DOC_001311,2006.0,cyanobacteria,cyanobacteria_stx,cyanobacterial,CYANO_TAXON,Survey of cyanotoxins in New Zealand water bodies between 2001 and 2004
cyano_all,STX_DOC_001311,2006.0,cyanobacteria,cyanobacteria_stx,mass spectrometry,DETECTION_METHOD,Survey of cyanotoxins in New Zealand water bodies between 2001 and 2004
cyano_all,STX_DOC_001315,2005.0,cyanobacteria,cyanobacteria_stx,saxitoxin,TOXIN,Herbivore-induced saxitoxin production in the freshwater cyanobacterium Lyngbya wollei
cyano_all,STX_DOC_001315,2005.0,cyanobacteria,cyanobacteria_stx,cyanobacterium,CYANO_TAXON,Herbivore-induced saxitoxin production in the freshwater cyanobacterium Lyngbya wollei
cyano_all,STX_DOC_001315,2005.0,cyanobacteria,cyanobacteria_stx,lyngbya,CYANO_TAXON,Herbivore-induced saxitoxin production in the freshwater cyanobacterium Lyngbya wollei
cyano_all,STX_DOC_001317,2004.0,cyanobacteria,cyanobacteria_stx,saxitoxin,TOXIN,Evidence for differences in the metabolism of saxitoxin and C1+2 toxins in the freshwater cyanobacterium Cylindrospermopsis raciborskii T3
cyano_all,STX_DOC_001317,2004.0,cyanobacteria,cyanobacteria_stx,cyanobacterium,CYANO_TAXON,Evidence for differences in the metabolism of saxitoxin and C1+2 toxins in the freshwater cyanobacterium Cylindrospermopsis raciborskii T3
cyano_all,STX_DOC_001317,2004.0,cyanobacteria,cyanobacteria_stx,cylindrospermopsis,CYANO_TAXON,Evidence for differences in the metabolism of saxitoxin and C1+2 toxins in the freshwater cyanobacterium Cylindrospermopsis raciborskii T3
cyano_all,STX_DOC_001322,2004.0,cyanobacteria,cyanobacteria_stx,saxitoxin,TOXIN,Use of Ion-Channel Modulating Agents to Study Cyanobacterial Na(+) - K(+) Fluxes.
cyano_all,STX_DOC_001322,2004.0,cyanobacteria,cyanobacteria_stx,cyanobacteria,CYANO_TAXON,Use of Ion-Channel Modulating Agents to Study Cyanobacterial Na(+) - K(+) Fluxes.
cyano_all,STX_DOC_001322,2004.0,cyanobacteria,cyanobacteria_stx,cyanobacterial,CYANO_TAXON,Use of Ion-Channel Modulating Agents to Study Cyanobacterial Na(+) - K(+) Fluxes.
cyano_all,STX_DOC_001323,2003.0,cyanobacteria,cyanobacteria_stx,paralytic shellfish poisoning,TOXIN,Phylogeography of the invasive cyanobacterium Cylindrospermopsis raciborskii.
cyano_all,STX_DOC_001323,2003.0,cyanobacteria,cyanobacteria_stx,cyanobacterium,CYANO_TAXON,Phylogeography of the invasive cyanobacterium Cylindrospermopsis raciborskii.
cyano_all,STX_DOC_001323,2003.0,cyanobacteria,cyanobacteria_stx,cylindrospermopsis,CYANO_TAXON,Phylogeography of the invasive cyanobacterium Cylindrospermopsis raciborskii.
cyano_all,STX_DOC_001323,2003.0,cyanobacteria,cyanobacteria_stx,phylogenetic,BIOLOGICAL_PROCESS,Phylogeography of the invasive cyanobacterium Cylindrospermopsis raciborskii.
cyano_all,STX_DOC_001323,2003.0,cyanobacteria,cyanobacteria_stx,toxicity,BIOLOGICAL_PROCESS,Phylogeography of the invasive cyanobacterium Cylindrospermopsis raciborskii.
cyano_all,STX_DOC_001324,2003.0,cyanobacteria,cyanobacteria_stx,cyanobacteria,CYANO_TAXON,Toxicological aspects of treatment to remove cyanobacterial toxins from drinking water determined using the heterozygous P53 transgenic mouse model.
cyano_all,STX_DOC_001324,2003.0,cyanobacteria,cyanobacteria_stx,cyanobacterial,CYANO_TAXON,Toxicological aspects of treatment to remove cyanobacterial toxins from drinking water determined using the heterozygous P53 transgenic mouse model.
cyano_all,STX_DOC_001325,2002.0,cyanobacteria,cyanobacteria_stx,cyanobacteria,CYANO_TAXON,Toxins and bioactive compounds from cyanobacteria and their implications on human health.
cyano_all,STX_DOC_001325,2002.0,cyanobacteria,cyanobacteria_stx,cyanobacterial,CYANO_TAXON,Toxins and bioactive compounds from cyanobacteria and their implications on human health.
cyano_all,STX_DOC_001326,2002.0,cyanobacteria,cyanobacteria_stx,cyanobacteria,CYANO_TAXON,Toxins and bioactive compounds from cyanobacteria and their implications on human health.
cyano_all,STX_DOC_001326,2002.0,cyanobacteria,cyanobacteria_stx,cyanobacterial,CYANO_TAXON,Toxins and bioactive compounds from cyanobacteria and their implications on human health.
cyano_all,STX_DOC_001327,2000.0,cyanobacteria,cyanobacteria_stx,paralytic shellfish toxins,TOXIN,"Paralytic shellfish toxins in the freshwater cyanobacterium Aphanizomenon flos-aquae, isolated from Montargil reservoir, Portugal"
cyano_all,STX_DOC_001327,2000.0,cyanobacteria,cyanobacteria_stx,cyanobacterium,CYANO_TAXON,"Paralytic shellfish toxins in the freshwater cyanobacterium Aphanizomenon flos-aquae, isolated from Montargil reservoir, Portugal"
cyano_all,STX_DOC_001327,2000.0,cyanobacteria,cyanobacteria_stx,aphanizomenon,CYANO_TAXON,"Paralytic shellfish toxins in the freshwater cyanobacterium Aphanizomenon flos-aquae, isolated from Montargil reservoir, Portugal"
cyano_all,STX_DOC_001329,1999.0,cyanobacteria,cyanobacteria_stx,saxitoxin,TOXIN,An Overview of problems caused by toxic blue-green algae (cyanobacteria) in drinking and recreational water
cyano_all,STX_DOC_001329,1999.0,cyanobacteria,cyanobacteria_stx,cyanobacteria,CYANO_TAXON,An Overview of problems caused by toxic blue-green algae (cyanobacteria) in drinking and recreational water
cyano_all,STX_DOC_001329,1999.0,cyanobacteria,cyanobacteria_stx,cyanobacterial,CYANO_TAXON,An Overview of problems caused by toxic blue-green algae (cyanobacteria) in drinking and recreational water
cyano_all,STX_DOC_001330,1999.0,cyanobacteria,cyanobacteria_stx,saxitoxin,TOXIN,An Overview of problems caused by toxic blue–green algae (cyanobacteria) in drinking and recreational water
cyano_all,STX_DOC_001330,1999.0,cyanobacteria,cyanobacteria_stx,cyanobacteria,CYANO_TAXON,An Overview of problems caused by toxic blue–green algae (cyanobacteria) in drinking and recreational water
cyano_all,STX_DOC_001330,1999.0,cyanobacteria,cyanobacteria_stx,cyanobacterial,CYANO_TAXON,An Overview of problems caused by toxic blue–green algae (cyanobacteria) in drinking and recreational water
cyano_all,STX_DOC_001331,1999.0,cyanobacteria,cyanobacteria_stx,saxitoxin,TOXIN,Effects of cyanobacterial toxins and aqueous crude extracts of cyanobacteria on the development of fish and amphibians
cyano_all,STX_DOC_001331,1999.0,cyanobacteria,cyanobacteria_stx,cyanobacteria,CYANO_TAXON,Effects of cyanobacterial toxins and aqueous crude extracts of cyanobacteria on the development of fish and amphibians
cyano_all,STX_DOC_001331,1999.0,cyanobacteria,cyanobacteria_stx,cyanobacterial,CYANO_TAXON,Effects of cyanobacterial toxins and aqueous crude extracts of cyanobacteria on the development of fish and amphibians
cyano_all,STX_DOC_001331,1999.0,cyanobacteria,cyanobacteria_stx,hplc,DETECTION_METHOD,Effects of cyanobacterial toxins and aqueous crude extracts of cyanobacteria on the development of fish and amphibians
cyano_all,STX_DOC_001332,1999.0,cyanobacteria,cyanobacteria_stx,paralytic shellfish toxins,TOXIN,"The first evidence of paralytic shellfish toxins in the freshwater cyanobacterium Cylindrospermopsis raciborskii, isolated from Brazil"
cyano_all,STX_DOC_001332,1999.0,cyanobacteria,cyanobacteria_stx,cyanobacterium,CYANO_TAXON,"The first evidence of paralytic shellfish toxins in the freshwater cyanobacterium Cylindrospermopsis raciborskii, isolated from Brazil"
cyano_all,STX_DOC_001332,1999.0,cyanobacteria,cyanobacteria_stx,cylindrospermopsis,CYANO_TAXON,"The first evidence of paralytic shellfish toxins in the freshwater cyanobacterium Cylindrospermopsis raciborskii, isolated from Brazil"
cyano_all,STX_DOC_001334,1996.0,cyanobacteria,cyanobacteria_stx,cyanobacteria,CYANO_TAXON,Bioactive compounds produced by cyanobacteria
cyano_all,STX_DOC_001334,1996.0,cyanobacteria,cyanobacteria_stx,cyanobacterial,CYANO_TAXON,Bioactive compounds produced by cyanobacteria
cyano_all,STX_DOC_001336,1995.0,cyanobacteria,cyanobacteria_stx,paralytic shellfish poisoning,TOXIN,Bioaccumulation of paralytic shellfish poisoning (PSP) toxins from the cyanobacterium Anabaena circinalis by the freshwater mussel Alathyria condola
cyano_all,STX_DOC_001336,1995.0,cyanobacteria,cyanobacteria_stx,cyanobacterium,CYANO_TAXON,Bioaccumulation of paralytic shellfish poisoning (PSP) toxins from the cyanobacterium Anabaena circinalis by the freshwater mussel Alathyria condola
cyano_all,STX_DOC_001336,1995.0,cyanobacteria,cyanobacteria_stx,anabaena,CYANO_TAXON,Bioaccumulation of paralytic shellfish poisoning (PSP) toxins from the cyanobacterium Anabaena circinalis by the freshwater mussel Alathyria condola
cyano_all,STX_DOC_001344,2026.0,cyanobacteria,cyanobacteria_stx,cyanobacterial,CYANO_TAXON,Expanding CyanoHAB Monitoring: New Micropeptins and Generalizable MS/MS Workflows for the Annotation of Cyanopeptide Classes.
cyano_all,STX_DOC_001344,2026.0,cyanobacteria,cyanobacteria_stx,bloom,ENV_FACTOR,Expanding CyanoHAB Monitoring: New Micropeptins and Generalizable MS/MS Workflows for the Annotation of Cyanopeptide Classes.
cyano_all,STX_DOC_001344,2026.0,cyanobacteria,cyanobacteria_stx,lc-ms,DETECTION_METHOD,Expanding CyanoHAB Monitoring: New Micropeptins and Generalizable MS/MS Workflows for the Annotation of Cyanopeptide Classes.
cyano_all,STX_DOC_001344,2026.0,cyanobacteria,cyanobacteria_stx,lc-ms/ms,DETECTION_METHOD,Expanding CyanoHAB Monitoring: New Micropeptins and Generalizable MS/MS Workflows for the Annotation of Cyanopeptide Classes.
cyano_all,STX_DOC_001345,2025.0,cyanobacteria,cyanobacteria_stx,saxitoxin,TOXIN,Influence of temperature and nutrients on the inhibitory effects of the submerged macrophyte Egeria densa on the growth and saxitoxin production of the cyanobacterium Raphidiopsis raciborskii
cyano_all,STX_DOC_001345,2025.0,cyanobacteria,cyanobacteria_stx,cyanobacterium,CYANO_TAXON,Influence of temperature and nutrients on the inhibitory effects of the submerged macrophyte Egeria densa on the growth and saxitoxin production of the cyanobacterium Raphidiopsis raciborskii
cyano_all,STX_DOC_001345,2025.0,cyanobacteria,cyanobacteria_stx,temperature,ENV_FACTOR,Influence of temperature and nutrients on the inhibitory effects of the submerged macrophyte Egeria densa on the growth and saxitoxin production of the cyanobacterium Raphidiopsis raciborskii
cyano_all,STX_DOC_001345,2025.0,cyanobacteria,cyanobacteria_stx,nutrients,ENV_FACTOR,Influence of temperature and nutrients on the inhibitory effects of the submerged macrophyte Egeria densa on the growth and saxitoxin production of the cyanobacterium Raphidiopsis raciborskii
cyano_all,STX_DOC_001346,2025.0,cyanobacteria,cyanobacteria_stx,saxitoxin,TOXIN,Phycotoxins Along Two New Jersey Estuaries—Limitations of Passive Samplers in a Complex System
cyano_all,STX_DOC_001346,2025.0,cyanobacteria,cyanobacteria_stx,cyanobacteria,CYANO_TAXON,Phycotoxins Along Two New Jersey Estuaries—Limitations of Passive Samplers in a Complex System
cyano_all,STX_DOC_001348,2024.0,cyanobacteria,cyanobacteria_stx,saxitoxin,TOXIN,Drivers of cyanotoxin and taste-and-odor compound presence within the benthic algae of human-disturbed rivers.
cyano_all,STX_DOC_001348,2024.0,cyanobacteria,cyanobacteria_stx,cyanobacteria,CYANO_TAXON,Drivers of cyanotoxin and taste-and-odor compound presence within the benthic algae of human-disturbed rivers.
cyano_all,STX_DOC_001349,2024.0,cyanobacteria,cyanobacteria_stx,saxitoxin,TOXIN,Influence of temperature and nutrients on the inhibitory effects of the submerged macrophyte Egeria densa on the growth and saxitoxin production of the cyanobacterium Raphidiopsis raciborskii
cyano_all,STX_DOC_001349,2024.0,cyanobacteria,cyanobacteria_stx,cyanobacterium,CYANO_TAXON,Influence of temperature and nutrients on the inhibitory effects of the submerged macrophyte Egeria densa on the growth and saxitoxin production of the cyanobacterium Raphidiopsis raciborskii
cyano_all,STX_DOC_001349,2024.0,cyanobacteria,cyanobacteria_stx,temperature,ENV_FACTOR,Influence of temperature and nutrients on the inhibitory effects of the submerged macrophyte Egeria densa on the growth and saxitoxin production of the cyanobacterium Raphidiopsis raciborskii
cyano_all,STX_DOC_001349,2024.0,cyanobacteria,cyanobacteria_stx,nutrients,ENV_FACTOR,Influence of temperature and nutrients on the inhibitory effects of the submerged macrophyte Egeria densa on the growth and saxitoxin production of the cyanobacterium Raphidiopsis raciborskii
cyano_all,STX_DOC_001353,2023.0,cyanobacteria,cyanobacteria_stx,cyanobacterial,CYANO_TAXON,A Review of Common Cyanotoxins and Their Effects on Fish.
cyano_all,STX_DOC_001353,2023.0,cyanobacteria,cyanobacteria_stx,warming,ENV_FACTOR,A Review of Common Cyanotoxins and Their Effects on Fish.
cyano_all,STX_DOC_001353,2023.0,cyanobacteria,cyanobacteria_stx,toxicity,BIOLOGICAL_PROCESS,A Review of Common Cyanotoxins and Their Effects on Fish.
cyano_all,STX_DOC_001354,2023.0,cyanobacteria,cyanobacteria_stx,saxitoxin,TOXIN,Homeopathic potencies can regulate the growth and toxicity of Raphidiopsis raciborskii (cyanobacteria) and are traceably by solvatochromic dyes
cyano_all,STX_DOC_001354,2023.0,cyanobacteria,cyanobacteria_stx,cyanobacteria,CYANO_TAXON,Homeopathic potencies can regulate the growth and toxicity of Raphidiopsis raciborskii (cyanobacteria) and are traceably by solvatochromic dyes
cyano_all,STX_DOC_001354,2023.0,cyanobacteria,cyanobacteria_stx,temperature,ENV_FACTOR,Homeopathic potencies can regulate the growth and toxicity of Raphidiopsis raciborskii (cyanobacteria) and are traceably by solvatochromic dyes
cyano_all,STX_DOC_001354,2023.0,cyanobacteria,cyanobacteria_stx,expression,BIOLOGICAL_PROCESS,Homeopathic potencies can regulate the growth and toxicity of Raphidiopsis raciborskii (cyanobacteria) and are traceably by solvatochromic dyes
cyano_all,STX_DOC_001354,2023.0,cyanobacteria,cyanobacteria_stx,gene expression,BIOLOGICAL_PROCESS,Homeopathic potencies can regulate the growth and toxicity of Raphidiopsis raciborskii (cyanobacteria) and are traceably by solvatochromic dyes
cyano_all,STX_DOC_001354,2023.0,cyanobacteria,cyanobacteria_stx,toxicity,BIOLOGICAL_PROCESS,Homeopathic potencies can regulate the growth and toxicity of Raphidiopsis raciborskii (cyanobacteria) and are traceably by solvatochromic dyes
cyano_all,STX_DOC_001355,2022.0,cyanobacteria,cyanobacteria_stx,saxitoxin,TOXIN,Synergistic effects of temperature and nutrients on growth and saxitoxin content of the cyanobacterium Raphidiopsis raciborskii
cyano_all,STX_DOC_001355,2022.0,cyanobacteria,cyanobacteria_stx,cyanobacterium,CYANO_TAXON,Synergistic effects of temperature and nutrients on growth and saxitoxin content of the cyanobacterium Raphidiopsis raciborskii
cyano_all,STX_DOC_001355,2022.0,cyanobacteria,cyanobacteria_stx,temperature,ENV_FACTOR,Synergistic effects of temperature and nutrients on growth and saxitoxin content of the cyanobacterium Raphidiopsis raciborskii
cyano_all,STX_DOC_001355,2022.0,cyanobacteria,cyanobacteria_stx,nutrients,ENV_FACTOR,Synergistic effects of temperature and nutrients on growth and saxitoxin content of the cyanobacterium Raphidiopsis raciborskii
cyano_all,STX_DOC_001356,2022.0,cyanobacteria,cyanobacteria_stx,cyanobacterial,CYANO_TAXON,Review of Cyanotoxicity Studies Based on Cell Cultures.
cyano_all,STX_DOC_001357,2022.0,cyanobacteria,cyanobacteria_stx,cyanobacterial,CYANO_TAXON,The Toxicity Testing of Cyanobacterial Toxins In vivo and In vitro by Mouse Bioassay: A Review.
cyano_all,STX_DOC_001357,2022.0,cyanobacteria,cyanobacteria_stx,bloom,ENV_FACTOR,The Toxicity Testing of Cyanobacterial Toxins In vivo and In vitro by Mouse Bioassay: A Review.
cyano_all,STX_DOC_001357,2022.0,cyanobacteria,cyanobacteria_stx,toxicity,BIOLOGICAL_PROCESS,The Toxicity Testing of Cyanobacterial Toxins In vivo and In vitro by Mouse Bioassay: A Review.
cyano_all,STX_DOC_001357,2022.0,cyanobacteria,cyanobacteria_stx,mouse bioassay,DETECTION_METHOD,The Toxicity Testing of Cyanobacterial Toxins In vivo and In vitro by Mouse Bioassay: A Review.
cyano_all,STX_DOC_001358,2021.0,cyanobacteria,cyanobacteria_stx,cyanobacteria,CYANO_TAXON,Synthesis of ecotoxicological studies on cyanotoxins in freshwater habitats - Evaluating the basis for developing thresholds protective of aquatic life in the United States.
cyano_all,STX_DOC_001358,2021.0,cyanobacteria,cyanobacteria_stx,toxicity,BIOLOGICAL_PROCESS,Synthesis of ecotoxicological studies on cyanotoxins in freshwater habitats - Evaluating the basis for developing thresholds protective of aquatic life in the United States.
cyano_all,STX_DOC_001360,2021.0,cyanobacteria,cyanobacteria_stx,cyanobacteria,CYANO_TAXON,"Algal Toxic Compounds and Their Aeroterrestrial, Airborne and other Extremophilic Producers with Attention to Soil and Plant Contamination: A Review."
cyano_all,STX_DOC_001360,2021.0,cyanobacteria,cyanobacteria_stx,warming,ENV_FACTOR,"Algal Toxic Compounds and Their Aeroterrestrial, Airborne and other Extremophilic Producers with Attention to Soil and Plant Contamination: A Review."
cyano_all,STX_DOC_001361,2021.0,cyanobacteria,cyanobacteria_stx,saxitoxin,TOXIN,"Effects of cyanotoxins in germination, growth and DNA damages of Lettuce sativa (Lettuce) and Coriandrum sativum (Coriander)"
cyano_all,STX_DOC_001361,2021.0,cyanobacteria,cyanobacteria_stx,cyanobacterial,CYANO_TAXON,"Effects of cyanotoxins in germination, growth and DNA damages of Lettuce sativa (Lettuce) and Coriandrum sativum (Coriander)"
cyano_all,STX_DOC_001364,2020.0,cyanobacteria,cyanobacteria_stx,cyanobacterium,CYANO_TAXON,"Changes in pH and dissolved inorganic carbon in water affect the growth, saxitoxins production and toxicity of the cyanobacterium Raphidiopsis raciborskii ITEP-A1."
cyano_all,STX_DOC_001364,2020.0,cyanobacteria,cyanobacteria_stx,toxicity,BIOLOGICAL_PROCESS,"Changes in pH and dissolved inorganic carbon in water affect the growth, saxitoxins production and toxicity of the cyanobacterium Raphidiopsis raciborskii ITEP-A1."
cyano_all,STX_DOC_001364,2020.0,cyanobacteria,cyanobacteria_stx,toxin production,BIOLOGICAL_PROCESS,"Changes in pH and dissolved inorganic carbon in water affect the growth, saxitoxins production and toxicity of the cyanobacterium Raphidiopsis raciborskii ITEP-A1."
cyano_all,STX_DOC_001365,2020.0,cyanobacteria,cyanobacteria_stx,saxitoxin,TOXIN,"Freshwater neurotoxins and concerns for human, animal, and ecosystem health: A review of anatoxin-a and saxitoxin."
cyano_all,STX_DOC_001365,2020.0,cyanobacteria,cyanobacteria_stx,cyanobacteria,CYANO_TAXON,"Freshwater neurotoxins and concerns for human, animal, and ecosystem health: A review of anatoxin-a and saxitoxin."
cyano_all,STX_DOC_001365,2020.0,cyanobacteria,cyanobacteria_stx,toxicity,BIOLOGICAL_PROCESS,"Freshwater neurotoxins and concerns for human, animal, and ecosystem health: A review of anatoxin-a and saxitoxin."
cyano_all,STX_DOC_001369,2019.0,cyanobacteria,cyanobacteria_stx,saxitoxin,TOXIN,"Determination of microcystins, nodularin, anatoxin-a, cylindrospermopsin, and saxitoxin in water and fish tissue using isotope dilution liquid chromatography tandem mass spectrometry."
cyano_all,STX_DOC_001369,2019.0,cyanobacteria,cyanobacteria_stx,cyanobacteria,CYANO_TAXON,"Determination of microcystins, nodularin, anatoxin-a, cylindrospermopsin, and saxitoxin in water and fish tissue using isotope dilution liquid chromatography tandem mass spectrometry."
cyano_all,STX_DOC_001369,2019.0,cyanobacteria,cyanobacteria_stx,mass spectrometry,DETECTION_METHOD,"Determination of microcystins, nodularin, anatoxin-a, cylindrospermopsin, and saxitoxin in water and fish tissue using isotope dilution liquid chromatography tandem mass spectrometry."
cyano_all,STX_DOC_001370,2019.0,cyanobacteria,cyanobacteria_stx,saxitoxin,TOXIN,Effective removal of emerging dissolved cyanotoxins from water using hybrid photocatalytic composites.
cyano_all,STX_DOC_001370,2019.0,cyanobacteria,cyanobacteria_stx,cyanobacteria,CYANO_TAXON,Effective removal of emerging dissolved cyanotoxins from water using hybrid photocatalytic composites.
cyano_all,STX_DOC_001371,2019.0,cyanobacteria,cyanobacteria_stx,saxitoxin,TOXIN,Removal of cyanotoxins by potassium permanganate: Incorporating competition from natural water constituents.
cyano_all,STX_DOC_001371,2019.0,cyanobacteria,cyanobacteria_stx,cyanobacterial,CYANO_TAXON,Removal of cyanotoxins by potassium permanganate: Incorporating competition from natural water constituents.
cyano_all,STX_DOC_001371,2019.0,cyanobacteria,cyanobacteria_stx,temperature,ENV_FACTOR,Removal of cyanotoxins by potassium permanganate: Incorporating competition from natural water constituents.
cyano_all,STX_DOC_001372,2019.0,cyanobacteria,cyanobacteria_stx,paralytic shellfish poisoning,TOXIN,Harmful Algal Blooms (HABs): track them like a scientist
cyano_all,STX_DOC_001372,2019.0,cyanobacteria,cyanobacteria_stx,cyanobacteria,CYANO_TAXON,Harmful Algal Blooms (HABs): track them like a scientist
cyano_all,STX_DOC_001373,2019.0,cyanobacteria,cyanobacteria_stx,saxitoxin,TOXIN,"Growth of Raphidiopsis raciborskii and Monoraphidium contortum from a subtropical Brazilian Reservoir: interaction, saxitoxin production and response to the trophic state"
cyano_all,STX_DOC_001373,2019.0,cyanobacteria,cyanobacteria_stx,cyanobacteria,CYANO_TAXON,"Growth of Raphidiopsis raciborskii and Monoraphidium contortum from a subtropical Brazilian Reservoir: interaction, saxitoxin production and response to the trophic state"
cyano_all,STX_DOC_001373,2019.0,cyanobacteria,cyanobacteria_stx,climate,ENV_FACTOR,"Growth of Raphidiopsis raciborskii and Monoraphidium contortum from a subtropical Brazilian Reservoir: interaction, saxitoxin production and response to the trophic state"
cyano_all,STX_DOC_001373,2019.0,cyanobacteria,cyanobacteria_stx,elisa,DETECTION_METHOD,"Growth of Raphidiopsis raciborskii and Monoraphidium contortum from a subtropical Brazilian Reservoir: interaction, saxitoxin production and response to the trophic state"
cyano_all,STX_DOC_001374,2019.0,cyanobacteria,cyanobacteria_stx,paralytic shellfish poisoning,TOXIN,Harmful Algal Blooms (HABs): Track them like a scientist.
cyano_all,STX_DOC_001374,2019.0,cyanobacteria,cyanobacteria_stx,cyanobacteria,CYANO_TAXON,Harmful Algal Blooms (HABs): Track them like a scientist.
cyano_all,STX_DOC_001377,2018.0,cyanobacteria,cyanobacteria_stx,saxitoxin,TOXIN,"Algal Blooms and Cyanotoxins in Jordan Lake, North Carolina."
cyano_all,STX_DOC_001377,2018.0,cyanobacteria,cyanobacteria_stx,cyanobacterial,CYANO_TAXON,"Algal Blooms and Cyanotoxins in Jordan Lake, North Carolina."
cyano_all,STX_DOC_001378,2017.0,cyanobacteria,cyanobacteria_stx,saxitoxin,TOXIN,Variable Cyanobacterial Toxin and Metabolite  Profiles across Six Eutrophic Lakes of Differing  Physiochemical Characteristics.
cyano_all,STX_DOC_001378,2017.0,cyanobacteria,cyanobacteria_stx,cyanobacterial,CYANO_TAXON,Variable Cyanobacterial Toxin and Metabolite  Profiles across Six Eutrophic Lakes of Differing  Physiochemical Characteristics.
cyano_all,STX_DOC_001378,2017.0,cyanobacteria,cyanobacteria_stx,light,ENV_FACTOR,Variable Cyanobacterial Toxin and Metabolite  Profiles across Six Eutrophic Lakes of Differing  Physiochemical Characteristics.
cyano_all,STX_DOC_001379,2017.0,cyanobacteria,cyanobacteria_stx,cyanobacteria,CYANO_TAXON,Assessment of cyanoprokaryote blooms and of cyanotoxins in Bulgaria in a 15-years period (2000-2015)
cyano_all,STX_DOC_001379,2017.0,cyanobacteria,cyanobacteria_stx,hplc,DETECTION_METHOD,Assessment of cyanoprokaryote blooms and of cyanotoxins in Bulgaria in a 15-years period (2000-2015)
cyano_all,STX_DOC_001379,2017.0,cyanobacteria,cyanobacteria_stx,elisa,DETECTION_METHOD,Assessment of cyanoprokaryote blooms and of cyanotoxins in Bulgaria in a 15-years period (2000-2015)
cyano_all,STX_DOC_001381,2015.0,cyanobacteria,cyanobacteria_stx,saxitoxin,TOXIN,"Isolation of Cyanobacteria Producing Saxitoxin from Kor River Located in Marvdasht, Fars Province, Iran"
cyano_all,STX_DOC_001381,2015.0,cyanobacteria,cyanobacteria_stx,cyanobacteria,CYANO_TAXON,"Isolation of Cyanobacteria Producing Saxitoxin from Kor River Located in Marvdasht, Fars Province, Iran"
cyano_all,STX_DOC_001381,2015.0,cyanobacteria,cyanobacteria_stx,light,ENV_FACTOR,"Isolation of Cyanobacteria Producing Saxitoxin from Kor River Located in Marvdasht, Fars Province, Iran"
cyano_all,STX_DOC_001381,2015.0,cyanobacteria,cyanobacteria_stx,hplc,DETECTION_METHOD,"Isolation of Cyanobacteria Producing Saxitoxin from Kor River Located in Marvdasht, Fars Province, Iran"
cyano_all,STX_DOC_001386,2012.0,cyanobacteria,cyanobacteria_stx,cyanobacterial,CYANO_TAXON,Biodegradation of multiple cyanobacterial metabolites in drinking water supplies.
cyano_all,STX_DOC_001386,2012.0,cyanobacteria,cyanobacteria_stx,temperature,ENV_FACTOR,Biodegradation of multiple cyanobacterial metabolites in drinking water supplies.
cyano_all,STX_DOC_001387,2012.0,cyanobacteria,cyanobacteria_stx,cyanobacterial,CYANO_TAXON,Determination of rate constants and half-lives for the simultaneous biodegradation of several cyanobacterial metabolites in Australian source waters.
cyano_all,STX_DOC_001387,2012.0,cyanobacteria,cyanobacteria_stx,temperature,ENV_FACTOR,Determination of rate constants and half-lives for the simultaneous biodegradation of several cyanobacterial metabolites in Australian source waters.
cyano_all,STX_DOC_001390,2010.0,cyanobacteria,cyanobacteria_stx,cyanobacterial,CYANO_TAXON,In situ passive solid-phase adsorption of micro-algal biotoxins as a monitoring tool.
cyano_all,STX_DOC_001390,2010.0,cyanobacteria,cyanobacteria_stx,bloom,ENV_FACTOR,In situ passive solid-phase adsorption of micro-algal biotoxins as a monitoring tool.
cyano_all,STX_DOC_001393,2010.0,cyanobacteria,cyanobacteria_stx,saxitoxin,TOXIN,Harmful algae: effects of alkaloid cyanotoxins on animal and human health
cyano_all,STX_DOC_001393,2010.0,cyanobacteria,cyanobacteria_stx,cyanobacteria,CYANO_TAXON,Harmful algae: effects of alkaloid cyanotoxins on animal and human health
cyano_all,STX_DOC_001393,2010.0,cyanobacteria,cyanobacteria_stx,bloom,ENV_FACTOR,Harmful algae: effects of alkaloid cyanotoxins on animal and human health
cyano_all,STX_DOC_001395,2008.0,cyanobacteria,cyanobacteria_stx,saxitoxin,TOXIN,"Co-occurrence of beta-N-methylamino-L-alanine, a neurotoxic amino acid with other cyanobacterial toxins in British waterbodies, 1990-2004."
cyano_all,STX_DOC_001395,2008.0,cyanobacteria,cyanobacteria_stx,cyanobacterial,CYANO_TAXON,"Co-occurrence of beta-N-methylamino-L-alanine, a neurotoxic amino acid with other cyanobacterial toxins in British waterbodies, 1990-2004."
cyano_all,STX_DOC_001395,2008.0,cyanobacteria,cyanobacteria_stx,bloom,ENV_FACTOR,"Co-occurrence of beta-N-methylamino-L-alanine, a neurotoxic amino acid with other cyanobacterial toxins in British waterbodies, 1990-2004."
cyano_all,STX_DOC_001395,2008.0,cyanobacteria,cyanobacteria_stx,mass spectrometry,DETECTION_METHOD,"Co-occurrence of beta-N-methylamino-L-alanine, a neurotoxic amino acid with other cyanobacterial toxins in British waterbodies, 1990-2004."
cyano_all,STX_DOC_001414,,cyanobacteria,cyanobacteria_stx,saxitoxin,TOXIN,Genomic Identification and Characterization of Saxitoxin Producing Cyanobacteria in Western Lake Erie Harmful Algal Blooms
cyano_all,STX_DOC_001414,,cyanobacteria,cyanobacteria_stx,cyanobacteria,CYANO_TAXON,Genomic Identification and Characterization of Saxitoxin Producing Cyanobacteria in Western Lake Erie Harmful Algal Blooms
cyano_all,STX_DOC_001415,,cyanobacteria,cyanobacteria_stx,saxitoxin,TOXIN,Genomic Identification and Characterization of Saxitoxin Producing Cyanobacteria in Western Lake Erie Harmful Algal Blooms
cyano_all,STX_DOC_001415,,cyanobacteria,cyanobacteria_stx,cyanobacteria,CYANO_TAXON,Genomic Identification and Characterization of Saxitoxin Producing Cyanobacteria in Western Lake Erie Harmful Algal Blooms
cyano_all,STX_DOC_001418,2026.0,cyanobacteria,cyanobacteria_stx,saxitoxin,TOXIN,"Human Organoids and Organ-on-Chip for Biotoxin Assessment: Applications, Best Practices, and a Translational Roadmap."
cyano_all,STX_DOC_001418,2026.0,cyanobacteria,cyanobacteria_stx,cyanobacterial,CYANO_TAXON,"Human Organoids and Organ-on-Chip for Biotoxin Assessment: Applications, Best Practices, and a Translational Roadmap."
cyano_all,STX_DOC_001419,2025.0,cyanobacteria,cyanobacteria_stx,saxitoxin,TOXIN,Lipoic acid as a protective agent against lipopolysaccharide and other natural toxins: a comprehensive review.
cyano_all,STX_DOC_001419,2025.0,cyanobacteria,cyanobacteria_stx,cyanobacteria,CYANO_TAXON,Lipoic acid as a protective agent against lipopolysaccharide and other natural toxins: a comprehensive review.
cyano_all,STX_DOC_001420,2025.0,cyanobacteria,cyanobacteria_stx,saxitoxin,TOXIN,Extracellular vesicles from saxitoxin-producing strains of the cyanobacterium Raphidiopsis raciborskii and investigation of their potential allelopathic effect
cyano_all,STX_DOC_001420,2025.0,cyanobacteria,cyanobacteria_stx,cyanobacterium,CYANO_TAXON,Extracellular vesicles from saxitoxin-producing strains of the cyanobacterium Raphidiopsis raciborskii and investigation of their potential allelopathic effect
cyano_all,STX_DOC_001422,2025.0,cyanobacteria,cyanobacteria_stx,cyanobacterial,CYANO_TAXON,Persistence of microcystins and saxitoxins in tissues of wild-caught fish after an experimental depuration.
cyano_all,STX_DOC_001423,2024.0,cyanobacteria,cyanobacteria_stx,paralytic shellfish poisoning,TOXIN,"Unusual paralytic shellfish poisoning toxins in Cayuga Lake, New York."
cyano_all,STX_DOC_001423,2024.0,cyanobacteria,cyanobacteria_stx,cyanobacteria,CYANO_TAXON,"Unusual paralytic shellfish poisoning toxins in Cayuga Lake, New York."
cyano_all,STX_DOC_001423,2024.0,cyanobacteria,cyanobacteria_stx,hplc,DETECTION_METHOD,"Unusual paralytic shellfish poisoning toxins in Cayuga Lake, New York."
cyano_all,STX_DOC_001423,2024.0,cyanobacteria,cyanobacteria_stx,lc-ms,DETECTION_METHOD,"Unusual paralytic shellfish poisoning toxins in Cayuga Lake, New York."
cyano_all,STX_DOC_001423,2024.0,cyanobacteria,cyanobacteria_stx,lc-ms/ms,DETECTION_METHOD,"Unusual paralytic shellfish poisoning toxins in Cayuga Lake, New York."
cyano_all,STX_DOC_001423,2024.0,cyanobacteria,cyanobacteria_stx,elisa,DETECTION_METHOD,"Unusual paralytic shellfish poisoning toxins in Cayuga Lake, New York."
cyano_all,STX_DOC_001424,2024.0,cyanobacteria,cyanobacteria_stx,saxitoxin,TOXIN,Screening the presence of cyanotoxin in selected reservoirs in Sri Lanka and employing molecular markers as an advanced alert system
cyano_all,STX_DOC_001424,2024.0,cyanobacteria,cyanobacteria_stx,cyanobacteria,CYANO_TAXON,Screening the presence of cyanotoxin in selected reservoirs in Sri Lanka and employing molecular markers as an advanced alert system
cyano_all,STX_DOC_001427,2023.0,cyanobacteria,cyanobacteria_stx,saxitoxin,TOXIN,"First Confirmed Case of Canine Mortality Due to Dihydroanatoxin-a in Central Texas, USA."
cyano_all,STX_DOC_001427,2023.0,cyanobacteria,cyanobacteria_stx,cyanobacteria,CYANO_TAXON,"First Confirmed Case of Canine Mortality Due to Dihydroanatoxin-a in Central Texas, USA."
cyano_all,STX_DOC_001430,2021.0,cyanobacteria,cyanobacteria_stx,saxitoxin,TOXIN,Growth and saxitoxin production responses to copper (CuCl2) exposure by the cyanobacterium Raphidiopsis raciborskii
cyano_all,STX_DOC_001430,2021.0,cyanobacteria,cyanobacteria_stx,cyanobacterium,CYANO_TAXON,Growth and saxitoxin production responses to copper (CuCl2) exposure by the cyanobacterium Raphidiopsis raciborskii
cyano_all,STX_DOC_001431,2021.0,cyanobacteria,cyanobacteria_stx,cyanobacteria,CYANO_TAXON,"Interannual and Spatial Variability of Cyanotoxins in the Prespa Lake Area, Greece"
cyano_all,STX_DOC_001432,2021.0,cyanobacteria,cyanobacteria_stx,saxitoxin,TOXIN,Ecotoxicological evaluation of a unitary and combined system of a neonicotinoid pesticide (acetamiprid) and a saxitoxin-producing cyanobacterium (Raphidiopsis raciborskii) in cladocerans
cyano_all,STX_DOC_001432,2021.0,cyanobacteria,cyanobacteria_stx,cyanobacterium,CYANO_TAXON,Ecotoxicological evaluation of a unitary and combined system of a neonicotinoid pesticide (acetamiprid) and a saxitoxin-producing cyanobacterium (Raphidiopsis raciborskii) in cladocerans
cyano_all,STX_DOC_001435,2020.0,cyanobacteria,cyanobacteria_stx,saxitoxin,TOXIN,Identification of promoter elements in the Dolichospermum circinale AWQC131C saxitoxin gene cluster and the experimental analysis of their use for heterologous expression.
cyano_all,STX_DOC_001435,2020.0,cyanobacteria,cyanobacteria_stx,dolichospermum,CYANO_TAXON,Identification of promoter elements in the Dolichospermum circinale AWQC131C saxitoxin gene cluster and the experimental analysis of their use for heterologous expression.
cyano_all,STX_DOC_001435,2020.0,cyanobacteria,cyanobacteria_stx,expression,BIOLOGICAL_PROCESS,Identification of promoter elements in the Dolichospermum circinale AWQC131C saxitoxin gene cluster and the experimental analysis of their use for heterologous expression.
cyano_all,STX_DOC_001437,2017.0,cyanobacteria,cyanobacteria_stx,saxitoxin,TOXIN,Conventional<scp>PCR</scp>
cyano_all,STX_DOC_001437,2017.0,cyanobacteria,cyanobacteria_stx,cyanobacteria,CYANO_TAXON,Conventional<scp>PCR</scp>
cyano_all,STX_DOC_001437,2017.0,cyanobacteria,cyanobacteria_stx,biosynthesis,BIOLOGICAL_PROCESS,Conventional<scp>PCR</scp>
cyano_all,STX_DOC_001438,2016.0,cyanobacteria,cyanobacteria_stx,saxitoxin,TOXIN,"The effects of water sample treatment, preparation, and storage prior to cyanotoxin analysis for cylindrospermopsin, microcystin and saxitoxin."
cyano_all,STX_DOC_001438,2016.0,cyanobacteria,cyanobacteria_stx,cyanobacterial,CYANO_TAXON,"The effects of water sample treatment, preparation, and storage prior to cyanotoxin analysis for cylindrospermopsin, microcystin and saxitoxin."
cyano_all,STX_DOC_001438,2016.0,cyanobacteria,cyanobacteria_stx,mass spectrometry,DETECTION_METHOD,"The effects of water sample treatment, preparation, and storage prior to cyanotoxin analysis for cylindrospermopsin, microcystin and saxitoxin."
cyano_all,STX_DOC_001440,2015.0,cyanobacteria,cyanobacteria_stx,saxitoxin,TOXIN,Saxitoxin-Producing Cyanobacteria in Lake Baikal
cyano_all,STX_DOC_001440,2015.0,cyanobacteria,cyanobacteria_stx,cyanobacteria,CYANO_TAXON,Saxitoxin-Producing Cyanobacteria in Lake Baikal
cyano_all,STX_DOC_001441,2014.0,cyanobacteria,cyanobacteria_stx,cyanobacterial,CYANO_TAXON,Survey of cyanobacterial toxins in Czech water reservoirs—the first observation of neurotoxic saxitoxins
cyano_all,STX_DOC_001443,2012.0,cyanobacteria,cyanobacteria_stx,saxitoxin,TOXIN,Detection and confirmation of saxitoxin analogues in freshwater benthic Lyngbya wollei algae collected in the St. Lawrence River (Canada) by liquid chromatography-tandem mass spectrometry.
cyano_all,STX_DOC_001443,2012.0,cyanobacteria,cyanobacteria_stx,lyngbya,CYANO_TAXON,Detection and confirmation of saxitoxin analogues in freshwater benthic Lyngbya wollei algae collected in the St. Lawrence River (Canada) by liquid chromatography-tandem mass spectrometry.
cyano_all,STX_DOC_001443,2012.0,cyanobacteria,cyanobacteria_stx,mass spectrometry,DETECTION_METHOD,Detection and confirmation of saxitoxin analogues in freshwater benthic Lyngbya wollei algae collected in the St. Lawrence River (Canada) by liquid chromatography-tandem mass spectrometry.
cyano_all,STX_DOC_001445,2012.0,cyanobacteria,cyanobacteria_stx,cyanobacterial,CYANO_TAXON,Monitoring of shrimp and farmed fish sold in Canada for cyanobacterial toxins.
cyano_all,STX_DOC_001446,2011.0,cyanobacteria,cyanobacteria_stx,saxitoxin,TOXIN,Mycosporine-like amino acids are multifunctional molecules in sea hares and their marine community.
cyano_all,STX_DOC_001446,2011.0,cyanobacteria,cyanobacteria_stx,cyanobacteria,CYANO_TAXON,Mycosporine-like amino acids are multifunctional molecules in sea hares and their marine community.
cyano_all,STX_DOC_001447,2011.0,cyanobacteria,cyanobacteria_stx,saxitoxin,TOXIN,Production of a saxitoxin standard from cyanobacteria.
cyano_all,STX_DOC_001447,2011.0,cyanobacteria,cyanobacteria_stx,cyanobacteria,CYANO_TAXON,Production of a saxitoxin standard from cyanobacteria.
cyano_all,STX_DOC_001448,2011.0,cyanobacteria,cyanobacteria_stx,paralytic shellfish poisoning,TOXIN,Microbial Toxins in Foods and Feeds: Cellular And Molecular Modes Of Action
cyano_all,STX_DOC_001448,2011.0,cyanobacteria,cyanobacteria_stx,cyanobacteria,CYANO_TAXON,Microbial Toxins in Foods and Feeds: Cellular And Molecular Modes Of Action
cyano_all,STX_DOC_001448,2011.0,cyanobacteria,cyanobacteria_stx,regulation,BIOLOGICAL_PROCESS,Microbial Toxins in Foods and Feeds: Cellular And Molecular Modes Of Action
cyano_all,STX_DOC_001448,2011.0,cyanobacteria,cyanobacteria_stx,toxicity,BIOLOGICAL_PROCESS,Microbial Toxins in Foods and Feeds: Cellular And Molecular Modes Of Action
cyano_all,STX_DOC_001449,2010.0,cyanobacteria,cyanobacteria_stx,cyanobacteria,CYANO_TAXON,A review of cyanobacteria and cyanotoxins removal/inactivation in drinking water treatment.
cyano_all,STX_DOC_001449,2010.0,cyanobacteria,cyanobacteria_stx,toxicity,BIOLOGICAL_PROCESS,A review of cyanobacteria and cyanotoxins removal/inactivation in drinking water treatment.
cyano_all,STX_DOC_001451,2010.0,cyanobacteria,cyanobacteria_stx,cyanobacterial,CYANO_TAXON,State of the art on cyanotoxins in water and their behaviour towards chlorine.
cyano_all,STX_DOC_001451,2010.0,cyanobacteria,cyanobacteria_stx,toxicity,BIOLOGICAL_PROCESS,State of the art on cyanotoxins in water and their behaviour towards chlorine.
cyano_all,STX_DOC_001452,2010.0,cyanobacteria,cyanobacteria_stx,cyanobacteria,CYANO_TAXON,First report on the occurrence of microcystins in planktonic cyanobacteria from Central Mexico.
cyano_all,STX_DOC_001452,2010.0,cyanobacteria,cyanobacteria_stx,toxicity,BIOLOGICAL_PROCESS,First report on the occurrence of microcystins in planktonic cyanobacteria from Central Mexico.
cyano_all,STX_DOC_001454,2010.0,cyanobacteria,cyanobacteria_stx,saxitoxin,TOXIN,"Cyanotoxins are not implicated in the etiology of coral black band disease outbreaks on Pelorus Island, Great Barrier Reef."
cyano_all,STX_DOC_001454,2010.0,cyanobacteria,cyanobacteria_stx,cyanobacterial,CYANO_TAXON,"Cyanotoxins are not implicated in the etiology of coral black band disease outbreaks on Pelorus Island, Great Barrier Reef."
cyano_all,STX_DOC_001454,2010.0,cyanobacteria,cyanobacteria_stx,hplc,DETECTION_METHOD,"Cyanotoxins are not implicated in the etiology of coral black band disease outbreaks on Pelorus Island, Great Barrier Reef."
cyano_all,STX_DOC_001455,2010.0,cyanobacteria,cyanobacteria_stx,aphanizomenon,CYANO_TAXON,Phytoplankton community of the drinking water supply reservoir Borovitsa (South Bulgaria) with an emphasis on cyanotoxins and water quality
cyano_all,STX_DOC_001455,2010.0,cyanobacteria,cyanobacteria_stx,toxicity,BIOLOGICAL_PROCESS,Phytoplankton community of the drinking water supply reservoir Borovitsa (South Bulgaria) with an emphasis on cyanotoxins and water quality
cyano_all,STX_DOC_001455,2010.0,cyanobacteria,cyanobacteria_stx,hplc,DETECTION_METHOD,Phytoplankton community of the drinking water supply reservoir Borovitsa (South Bulgaria) with an emphasis on cyanotoxins and water quality
cyano_all,STX_DOC_001455,2010.0,cyanobacteria,cyanobacteria_stx,elisa,DETECTION_METHOD,Phytoplankton community of the drinking water supply reservoir Borovitsa (South Bulgaria) with an emphasis on cyanotoxins and water quality
cyano_all,STX_DOC_001457,2008.0,cyanobacteria,cyanobacteria_stx,cyanobacteria,CYANO_TAXON,Investigating the fate of saxitoxins in biologically active water treatment plant filters.
cyano_all,STX_DOC_001457,2008.0,cyanobacteria,cyanobacteria_stx,toxicity,BIOLOGICAL_PROCESS,Investigating the fate of saxitoxins in biologically active water treatment plant filters.
cyano_all,STX_DOC_001458,2008.0,cyanobacteria,cyanobacteria_stx,cyanobacterial,CYANO_TAXON,Cyanobacterial toxin removal in drinking water treatment processes and recreational waters.
cyano_all,STX_DOC_001459,2008.0,cyanobacteria,cyanobacteria_stx,cyanobacteria,CYANO_TAXON,Conventional laboratory methods for cyanotoxins.
cyano_all,STX_DOC_001459,2008.0,cyanobacteria,cyanobacteria_stx,hplc,DETECTION_METHOD,Conventional laboratory methods for cyanotoxins.
cyano_all,STX_DOC_001459,2008.0,cyanobacteria,cyanobacteria_stx,lc-ms,DETECTION_METHOD,Conventional laboratory methods for cyanotoxins.
cyano_all,STX_DOC_001459,2008.0,cyanobacteria,cyanobacteria_stx,mouse bioassay,DETECTION_METHOD,Conventional laboratory methods for cyanotoxins.
cyano_all,STX_DOC_001460,2008.0,cyanobacteria,cyanobacteria_stx,paralytic shellfish toxins,TOXIN,Cyanobacterial toxins in New York and the lower Great Lakes ecosystems.
cyano_all,STX_DOC_001460,2008.0,cyanobacteria,cyanobacteria_stx,cyanobacterial,CYANO_TAXON,Cyanobacterial toxins in New York and the lower Great Lakes ecosystems.
cyano_all,STX_DOC_001461,2008.0,cyanobacteria,cyanobacteria_stx,cyanobacteria,CYANO_TAXON,Maintenance of cyanotoxin production by cryopreserved cyanobacteria in the New Zealand culture collection
cyano_all,STX_DOC_001462,2007.0,cyanobacteria,cyanobacteria_stx,saxitoxin,TOXIN,Neurotoxic Alkaloids from Cyanobacteria
cyano_all,STX_DOC_001462,2007.0,cyanobacteria,cyanobacteria_stx,cyanobacteria,CYANO_TAXON,Neurotoxic Alkaloids from Cyanobacteria
cyano_all,STX_DOC_001467,2006.0,cyanobacteria,cyanobacteria_stx,cylindrospermopsis,CYANO_TAXON,Evaluation of the applicability of slow sand filtration on removal of viable cells Cylindrospermopsis raciborskii and saxitoxins
cyano_all,STX_DOC_001470,2005.0,cyanobacteria,cyanobacteria_stx,saxitoxin,TOXIN,[Plants as a source of natural harmful substances].
cyano_all,STX_DOC_001470,2005.0,cyanobacteria,cyanobacteria_stx,cyanobacterial,CYANO_TAXON,[Plants as a source of natural harmful substances].
cyano_all,STX_DOC_001471,2004.0,cyanobacteria,cyanobacteria_stx,paralytic shellfish toxins,TOXIN,Accumulation and depuration of cyanobacterial paralytic shellfish toxins by the freshwater mussel Anodonta cygnea
cyano_all,STX_DOC_001471,2004.0,cyanobacteria,cyanobacteria_stx,cyanobacterial,CYANO_TAXON,Accumulation and depuration of cyanobacterial paralytic shellfish toxins by the freshwater mussel Anodonta cygnea
cyano_all,STX_DOC_001472,2004.0,cyanobacteria,cyanobacteria_stx,paralytic shellfish toxins,TOXIN,Accumulation and depuration of cyanobacterial paralytic shellfish toxins by the freshwater mussel Anodonta cygnea
cyano_all,STX_DOC_001472,2004.0,cyanobacteria,cyanobacteria_stx,cyanobacterial,CYANO_TAXON,Accumulation and depuration of cyanobacterial paralytic shellfish toxins by the freshwater mussel Anodonta cygnea
cyano_all,STX_DOC_001473,2003.0,cyanobacteria,cyanobacteria_stx,saxitoxin,TOXIN,Liquid chromatography-electrospray ionisation-mass spectrometry based method for the simultaneous determination of algal and cyanobacterial toxins in phytoplankton from marine waters and lakes followed by tentative structural elucidation of microcystins.
cyano_all,STX_DOC_001473,2003.0,cyanobacteria,cyanobacteria_stx,cyanobacterial,CYANO_TAXON,Liquid chromatography-electrospray ionisation-mass spectrometry based method for the simultaneous determination of algal and cyanobacterial toxins in phytoplankton from marine waters and lakes followed by tentative structural elucidation of microcystins.
cyano_all,STX_DOC_001473,2003.0,cyanobacteria,cyanobacteria_stx,mass spectrometry,DETECTION_METHOD,Liquid chromatography-electrospray ionisation-mass spectrometry based method for the simultaneous determination of algal and cyanobacterial toxins in phytoplankton from marine waters and lakes followed by tentative structural elucidation of microcystins.
cyano_all,STX_DOC_001474,2001.0,cyanobacteria,cyanobacteria_stx,cyanobacteria,CYANO_TAXON,"Toxic Effects and Substances in Cyanobacteria other than Microcystins, Anatoxin-a and Saxitoxins"
cyano_all,STX_DOC_001476,2001.0,cyanobacteria,cyanobacteria_stx,saxitoxin,TOXIN,Ozonation of NOM and algal toxins in four treated waters.
cyano_all,STX_DOC_001476,2001.0,cyanobacteria,cyanobacteria_stx,cyanobacteria,CYANO_TAXON,Ozonation of NOM and algal toxins in four treated waters.
cyano_all,STX_DOC_001477,2001.0,cyanobacteria,cyanobacteria_stx,saxitoxin,TOXIN,Lidocaine Promoted Growth and Saxitoxin Accumulation in Cylindrospermopsis raciborskii
cyano_all,STX_DOC_001477,2001.0,cyanobacteria,cyanobacteria_stx,cylindrospermopsis,CYANO_TAXON,Lidocaine Promoted Growth and Saxitoxin Accumulation in Cylindrospermopsis raciborskii
cyano_all,STX_DOC_001478,2000.0,cyanobacteria,cyanobacteria_stx,paralytic shellfish toxins,TOXIN,STUDIES ON SOME PROBLEMS ABOUT PRODUCTION OF PARALYTIC SHELLFISH TOXINS BY APHANIZOMENON FLOS-AQUAE NH-5
cyano_all,STX_DOC_001478,2000.0,cyanobacteria,cyanobacteria_stx,aphanizomenon,CYANO_TAXON,STUDIES ON SOME PROBLEMS ABOUT PRODUCTION OF PARALYTIC SHELLFISH TOXINS BY APHANIZOMENON FLOS-AQUAE NH-5
cyano_all,STX_DOC_001479,1998.0,cyanobacteria,cyanobacteria_stx,saxitoxin,TOXIN,Development of a bioassay employing the desert locust (Schistocerca gregaria) for the detection of saxitoxin and related compounds in cyanobacteria and shellfish
cyano_all,STX_DOC_001479,1998.0,cyanobacteria,cyanobacteria_stx,cyanobacteria,CYANO_TAXON,Development of a bioassay employing the desert locust (Schistocerca gregaria) for the detection of saxitoxin and related compounds in cyanobacteria and shellfish
cyano_all,STX_DOC_001492,1985.0,cyanobacteria,cyanobacteria_stx,saxitoxin,TOXIN,ChemInform Abstract: BIOSYNTHESIS OF SAXITOXIN ANALOGS: THE UNEXPECTED PATHWAY
cyano_all,STX_DOC_001492,1985.0,cyanobacteria,cyanobacteria_stx,aphanizomenon,CYANO_TAXON,ChemInform Abstract: BIOSYNTHESIS OF SAXITOXIN ANALOGS: THE UNEXPECTED PATHWAY
cyano_all,STX_DOC_001492,1985.0,cyanobacteria,cyanobacteria_stx,biosynthesis,BIOLOGICAL_PROCESS,ChemInform Abstract: BIOSYNTHESIS OF SAXITOXIN ANALOGS: THE UNEXPECTED PATHWAY
cyano_all,STX_DOC_001505,1978.0,cyanobacteria,cyanobacteria_stx,saxitoxin,TOXIN,"Reinvestigation of the toxins from the blue‐green alga,<i>Aphanizomenon flos‐aquae</i>, by a high performance chromatographic method"
cyano_all,STX_DOC_001505,1978.0,cyanobacteria,cyanobacteria_stx,aphanizomenon,CYANO_TAXON,"Reinvestigation of the toxins from the blue‐green alga,<i>Aphanizomenon flos‐aquae</i>, by a high performance chromatographic method"
