dataset,document_id,year,taxon_scope,relevance_class,entity,entity_type,title
dino_pre2016,STX_DOC_000006,2015.0,cross_taxa,high_confidence_stx_biosynthesis,paralytic shellfish toxin,TOXIN,Quantification of Toxin Biosynthesis Genes In Cyanobacteria and Dinoflagellates - Genetic Factors as Predictors of Toxin Production in the Environment
dino_pre2016,STX_DOC_000006,2015.0,cross_taxa,high_confidence_stx_biosynthesis,paralytic shellfish toxins,TOXIN,Quantification of Toxin Biosynthesis Genes In Cyanobacteria and Dinoflagellates - Genetic Factors as Predictors of Toxin Production in the Environment
dino_pre2016,STX_DOC_000006,2015.0,cross_taxa,high_confidence_stx_biosynthesis,pst,TOXIN,Quantification of Toxin Biosynthesis Genes In Cyanobacteria and Dinoflagellates - Genetic Factors as Predictors of Toxin Production in the Environment
dino_pre2016,STX_DOC_000006,2015.0,cross_taxa,high_confidence_stx_biosynthesis,psts,TOXIN,Quantification of Toxin Biosynthesis Genes In Cyanobacteria and Dinoflagellates - Genetic Factors as Predictors of Toxin Production in the Environment
dino_pre2016,STX_DOC_000006,2015.0,cross_taxa,high_confidence_stx_biosynthesis,sxta,SXT_GENE,Quantification of Toxin Biosynthesis Genes In Cyanobacteria and Dinoflagellates - Genetic Factors as Predictors of Toxin Production in the Environment
dino_pre2016,STX_DOC_000006,2015.0,cross_taxa,high_confidence_stx_biosynthesis,sxta4,SXT_GENE,Quantification of Toxin Biosynthesis Genes In Cyanobacteria and Dinoflagellates - Genetic Factors as Predictors of Toxin Production in the Environment
dino_pre2016,STX_DOC_000006,2015.0,cross_taxa,high_confidence_stx_biosynthesis,sxtb,SXT_GENE,Quantification of Toxin Biosynthesis Genes In Cyanobacteria and Dinoflagellates - Genetic Factors as Predictors of Toxin Production in the Environment
dino_pre2016,STX_DOC_000006,2015.0,cross_taxa,high_confidence_stx_biosynthesis,sxtg,SXT_GENE,Quantification of Toxin Biosynthesis Genes In Cyanobacteria and Dinoflagellates - Genetic Factors as Predictors of Toxin Production in the Environment
dino_pre2016,STX_DOC_000006,2015.0,cross_taxa,high_confidence_stx_biosynthesis,dinoflagellate,DINO_TAXON,Quantification of Toxin Biosynthesis Genes In Cyanobacteria and Dinoflagellates - Genetic Factors as Predictors of Toxin Production in the Environment
dino_pre2016,STX_DOC_000006,2015.0,cross_taxa,high_confidence_stx_biosynthesis,dinoflagellates,DINO_TAXON,Quantification of Toxin Biosynthesis Genes In Cyanobacteria and Dinoflagellates - Genetic Factors as Predictors of Toxin Production in the Environment
dino_pre2016,STX_DOC_000006,2015.0,cross_taxa,high_confidence_stx_biosynthesis,cyanobacteria,CYANO_TAXON,Quantification of Toxin Biosynthesis Genes In Cyanobacteria and Dinoflagellates - Genetic Factors as Predictors of Toxin Production in the Environment
dino_pre2016,STX_DOC_000006,2015.0,cross_taxa,high_confidence_stx_biosynthesis,cyanobacterial,CYANO_TAXON,Quantification of Toxin Biosynthesis Genes In Cyanobacteria and Dinoflagellates - Genetic Factors as Predictors of Toxin Production in the Environment
dino_pre2016,STX_DOC_000006,2015.0,cross_taxa,high_confidence_stx_biosynthesis,nutrient,ENV_FACTOR,Quantification of Toxin Biosynthesis Genes In Cyanobacteria and Dinoflagellates - Genetic Factors as Predictors of Toxin Production in the Environment
dino_pre2016,STX_DOC_000006,2015.0,cross_taxa,high_confidence_stx_biosynthesis,climate,ENV_FACTOR,Quantification of Toxin Biosynthesis Genes In Cyanobacteria and Dinoflagellates - Genetic Factors as Predictors of Toxin Production in the Environment
dino_pre2016,STX_DOC_000006,2015.0,cross_taxa,high_confidence_stx_biosynthesis,bloom,ENV_FACTOR,Quantification of Toxin Biosynthesis Genes In Cyanobacteria and Dinoflagellates - Genetic Factors as Predictors of Toxin Production in the Environment
dino_pre2016,STX_DOC_000006,2015.0,cross_taxa,high_confidence_stx_biosynthesis,biosynthesis,BIOLOGICAL_PROCESS,Quantification of Toxin Biosynthesis Genes In Cyanobacteria and Dinoflagellates - Genetic Factors as Predictors of Toxin Production in the Environment
dino_pre2016,STX_DOC_000006,2015.0,cross_taxa,high_confidence_stx_biosynthesis,toxin biosynthesis,BIOLOGICAL_PROCESS,Quantification of Toxin Biosynthesis Genes In Cyanobacteria and Dinoflagellates - Genetic Factors as Predictors of Toxin Production in the Environment
dino_pre2016,STX_DOC_000006,2015.0,cross_taxa,high_confidence_stx_biosynthesis,toxin production,BIOLOGICAL_PROCESS,Quantification of Toxin Biosynthesis Genes In Cyanobacteria and Dinoflagellates - Genetic Factors as Predictors of Toxin Production in the Environment
dino_pre2016,STX_DOC_000007,2015.0,cross_taxa,high_confidence_stx_biosynthesis,saxitoxin,TOXIN,Transport of saxitoxin (stx) and its analogues in filamentous freshwater cyanobacteria
dino_pre2016,STX_DOC_000007,2015.0,cross_taxa,high_confidence_stx_biosynthesis,stx,TOXIN,Transport of saxitoxin (stx) and its analogues in filamentous freshwater cyanobacteria
dino_pre2016,STX_DOC_000007,2015.0,cross_taxa,high_confidence_stx_biosynthesis,pst,TOXIN,Transport of saxitoxin (stx) and its analogues in filamentous freshwater cyanobacteria
dino_pre2016,STX_DOC_000007,2015.0,cross_taxa,high_confidence_stx_biosynthesis,psts,TOXIN,Transport of saxitoxin (stx) and its analogues in filamentous freshwater cyanobacteria
dino_pre2016,STX_DOC_000007,2015.0,cross_taxa,high_confidence_stx_biosynthesis,paralytic shellfish poisoning,TOXIN,Transport of saxitoxin (stx) and its analogues in filamentous freshwater cyanobacteria
dino_pre2016,STX_DOC_000007,2015.0,cross_taxa,high_confidence_stx_biosynthesis,sxta,SXT_GENE,Transport of saxitoxin (stx) and its analogues in filamentous freshwater cyanobacteria
dino_pre2016,STX_DOC_000007,2015.0,cross_taxa,high_confidence_stx_biosynthesis,sxtd,SXT_GENE,Transport of saxitoxin (stx) and its analogues in filamentous freshwater cyanobacteria
dino_pre2016,STX_DOC_000007,2015.0,cross_taxa,high_confidence_stx_biosynthesis,sxtu,SXT_GENE,Transport of saxitoxin (stx) and its analogues in filamentous freshwater cyanobacteria
dino_pre2016,STX_DOC_000007,2015.0,cross_taxa,high_confidence_stx_biosynthesis,dinoflagellates,DINO_TAXON,Transport of saxitoxin (stx) and its analogues in filamentous freshwater cyanobacteria
dino_pre2016,STX_DOC_000007,2015.0,cross_taxa,high_confidence_stx_biosynthesis,cyanobacteria,CYANO_TAXON,Transport of saxitoxin (stx) and its analogues in filamentous freshwater cyanobacteria
dino_pre2016,STX_DOC_000007,2015.0,cross_taxa,high_confidence_stx_biosynthesis,cyanobacterium,CYANO_TAXON,Transport of saxitoxin (stx) and its analogues in filamentous freshwater cyanobacteria
dino_pre2016,STX_DOC_000007,2015.0,cross_taxa,high_confidence_stx_biosynthesis,cylindrospermopsis,CYANO_TAXON,Transport of saxitoxin (stx) and its analogues in filamentous freshwater cyanobacteria
dino_pre2016,STX_DOC_000007,2015.0,cross_taxa,high_confidence_stx_biosynthesis,expression,BIOLOGICAL_PROCESS,Transport of saxitoxin (stx) and its analogues in filamentous freshwater cyanobacteria
dino_pre2016,STX_DOC_000007,2015.0,cross_taxa,high_confidence_stx_biosynthesis,lc-ms,DETECTION_METHOD,Transport of saxitoxin (stx) and its analogues in filamentous freshwater cyanobacteria
dino_pre2016,STX_DOC_000007,2015.0,cross_taxa,high_confidence_stx_biosynthesis,lc-ms/ms,DETECTION_METHOD,Transport of saxitoxin (stx) and its analogues in filamentous freshwater cyanobacteria
dino_pre2016,STX_DOC_000007,2015.0,cross_taxa,high_confidence_stx_biosynthesis,mass spectrometry,DETECTION_METHOD,Transport of saxitoxin (stx) and its analogues in filamentous freshwater cyanobacteria
dino_pre2016,STX_DOC_000009,2010.0,cross_taxa,high_confidence_stx_biosynthesis,saxitoxin,TOXIN,Neurotoxic alkaloids: saxitoxin and its analogs.
dino_pre2016,STX_DOC_000009,2010.0,cross_taxa,high_confidence_stx_biosynthesis,stx,TOXIN,Neurotoxic alkaloids: saxitoxin and its analogs.
dino_pre2016,STX_DOC_000009,2010.0,cross_taxa,high_confidence_stx_biosynthesis,paralytic shellfish toxins,TOXIN,Neurotoxic alkaloids: saxitoxin and its analogs.
dino_pre2016,STX_DOC_000009,2010.0,cross_taxa,high_confidence_stx_biosynthesis,pst,TOXIN,Neurotoxic alkaloids: saxitoxin and its analogs.
dino_pre2016,STX_DOC_000009,2010.0,cross_taxa,high_confidence_stx_biosynthesis,psts,TOXIN,Neurotoxic alkaloids: saxitoxin and its analogs.
dino_pre2016,STX_DOC_000009,2010.0,cross_taxa,high_confidence_stx_biosynthesis,paralytic shellfish poisoning,TOXIN,Neurotoxic alkaloids: saxitoxin and its analogs.
dino_pre2016,STX_DOC_000009,2010.0,cross_taxa,high_confidence_stx_biosynthesis,dinoflagellates,DINO_TAXON,Neurotoxic alkaloids: saxitoxin and its analogs.
dino_pre2016,STX_DOC_000009,2010.0,cross_taxa,high_confidence_stx_biosynthesis,alexandrium,DINO_TAXON,Neurotoxic alkaloids: saxitoxin and its analogs.
dino_pre2016,STX_DOC_000009,2010.0,cross_taxa,high_confidence_stx_biosynthesis,gymnodinium,DINO_TAXON,Neurotoxic alkaloids: saxitoxin and its analogs.
dino_pre2016,STX_DOC_000009,2010.0,cross_taxa,high_confidence_stx_biosynthesis,pyrodinium,DINO_TAXON,Neurotoxic alkaloids: saxitoxin and its analogs.
dino_pre2016,STX_DOC_000009,2010.0,cross_taxa,high_confidence_stx_biosynthesis,cyanobacteria,CYANO_TAXON,Neurotoxic alkaloids: saxitoxin and its analogs.
dino_pre2016,STX_DOC_000009,2010.0,cross_taxa,high_confidence_stx_biosynthesis,cyanobacterial,CYANO_TAXON,Neurotoxic alkaloids: saxitoxin and its analogs.
dino_pre2016,STX_DOC_000009,2010.0,cross_taxa,high_confidence_stx_biosynthesis,aphanizomenon,CYANO_TAXON,Neurotoxic alkaloids: saxitoxin and its analogs.
dino_pre2016,STX_DOC_000009,2010.0,cross_taxa,high_confidence_stx_biosynthesis,anabaena,CYANO_TAXON,Neurotoxic alkaloids: saxitoxin and its analogs.
dino_pre2016,STX_DOC_000009,2010.0,cross_taxa,high_confidence_stx_biosynthesis,cylindrospermopsis,CYANO_TAXON,Neurotoxic alkaloids: saxitoxin and its analogs.
dino_pre2016,STX_DOC_000009,2010.0,cross_taxa,high_confidence_stx_biosynthesis,lyngbya,CYANO_TAXON,Neurotoxic alkaloids: saxitoxin and its analogs.
dino_pre2016,STX_DOC_000009,2010.0,cross_taxa,high_confidence_stx_biosynthesis,planktothrix,CYANO_TAXON,Neurotoxic alkaloids: saxitoxin and its analogs.
dino_pre2016,STX_DOC_000009,2010.0,cross_taxa,high_confidence_stx_biosynthesis,toxicity,BIOLOGICAL_PROCESS,Neurotoxic alkaloids: saxitoxin and its analogs.
dino_pre2016,STX_DOC_000022,2012.0,cross_taxa,high_confidence_stx_biosynthesis,saxitoxin,TOXIN,"Molecular characterization of the its2 transcript and saxitoxin biosynthetic genes in two toxic dinoflagellates, alexandrium (dinophyceae) from Malaysia"
dino_pre2016,STX_DOC_000022,2012.0,cross_taxa,high_confidence_stx_biosynthesis,stx,TOXIN,"Molecular characterization of the its2 transcript and saxitoxin biosynthetic genes in two toxic dinoflagellates, alexandrium (dinophyceae) from Malaysia"
dino_pre2016,STX_DOC_000022,2012.0,cross_taxa,high_confidence_stx_biosynthesis,paralytic shellfish poisoning,TOXIN,"Molecular characterization of the its2 transcript and saxitoxin biosynthetic genes in two toxic dinoflagellates, alexandrium (dinophyceae) from Malaysia"
dino_pre2016,STX_DOC_000022,2012.0,cross_taxa,high_confidence_stx_biosynthesis,sxta,SXT_GENE,"Molecular characterization of the its2 transcript and saxitoxin biosynthetic genes in two toxic dinoflagellates, alexandrium (dinophyceae) from Malaysia"
dino_pre2016,STX_DOC_000022,2012.0,cross_taxa,high_confidence_stx_biosynthesis,sxta4,SXT_GENE,"Molecular characterization of the its2 transcript and saxitoxin biosynthetic genes in two toxic dinoflagellates, alexandrium (dinophyceae) from Malaysia"
dino_pre2016,STX_DOC_000022,2012.0,cross_taxa,high_confidence_stx_biosynthesis,sxti,SXT_GENE,"Molecular characterization of the its2 transcript and saxitoxin biosynthetic genes in two toxic dinoflagellates, alexandrium (dinophyceae) from Malaysia"
dino_pre2016,STX_DOC_000022,2012.0,cross_taxa,high_confidence_stx_biosynthesis,dinoflagellate,DINO_TAXON,"Molecular characterization of the its2 transcript and saxitoxin biosynthetic genes in two toxic dinoflagellates, alexandrium (dinophyceae) from Malaysia"
dino_pre2016,STX_DOC_000022,2012.0,cross_taxa,high_confidence_stx_biosynthesis,dinoflagellates,DINO_TAXON,"Molecular characterization of the its2 transcript and saxitoxin biosynthetic genes in two toxic dinoflagellates, alexandrium (dinophyceae) from Malaysia"
dino_pre2016,STX_DOC_000022,2012.0,cross_taxa,high_confidence_stx_biosynthesis,alexandrium,DINO_TAXON,"Molecular characterization of the its2 transcript and saxitoxin biosynthetic genes in two toxic dinoflagellates, alexandrium (dinophyceae) from Malaysia"
dino_pre2016,STX_DOC_000022,2012.0,cross_taxa,high_confidence_stx_biosynthesis,pyrodinium,DINO_TAXON,"Molecular characterization of the its2 transcript and saxitoxin biosynthetic genes in two toxic dinoflagellates, alexandrium (dinophyceae) from Malaysia"
dino_pre2016,STX_DOC_000022,2012.0,cross_taxa,high_confidence_stx_biosynthesis,pyrodinium bahamense,DINO_TAXON,"Molecular characterization of the its2 transcript and saxitoxin biosynthetic genes in two toxic dinoflagellates, alexandrium (dinophyceae) from Malaysia"
dino_pre2016,STX_DOC_000022,2012.0,cross_taxa,high_confidence_stx_biosynthesis,cyanobacteria,CYANO_TAXON,"Molecular characterization of the its2 transcript and saxitoxin biosynthetic genes in two toxic dinoflagellates, alexandrium (dinophyceae) from Malaysia"
dino_pre2016,STX_DOC_000022,2012.0,cross_taxa,high_confidence_stx_biosynthesis,cyanobacterial,CYANO_TAXON,"Molecular characterization of the its2 transcript and saxitoxin biosynthetic genes in two toxic dinoflagellates, alexandrium (dinophyceae) from Malaysia"
dino_pre2016,STX_DOC_000022,2012.0,cross_taxa,high_confidence_stx_biosynthesis,biosynthesis,BIOLOGICAL_PROCESS,"Molecular characterization of the its2 transcript and saxitoxin biosynthetic genes in two toxic dinoflagellates, alexandrium (dinophyceae) from Malaysia"
dino_pre2016,STX_DOC_000022,2012.0,cross_taxa,high_confidence_stx_biosynthesis,phylogeny,BIOLOGICAL_PROCESS,"Molecular characterization of the its2 transcript and saxitoxin biosynthetic genes in two toxic dinoflagellates, alexandrium (dinophyceae) from Malaysia"
dino_pre2016,STX_DOC_000022,2012.0,cross_taxa,high_confidence_stx_biosynthesis,phylogenetic,BIOLOGICAL_PROCESS,"Molecular characterization of the its2 transcript and saxitoxin biosynthetic genes in two toxic dinoflagellates, alexandrium (dinophyceae) from Malaysia"
dino_pre2016,STX_DOC_000024,2014.0,dinoflagellate,high_confidence_stx_biosynthesis,saxitoxin,TOXIN,SxtA and sxtG gene expression and toxin production in the Mediterranean Alexandrium minutum (Dinophyceae).
dino_pre2016,STX_DOC_000024,2014.0,dinoflagellate,high_confidence_stx_biosynthesis,gonyautoxin,TOXIN,SxtA and sxtG gene expression and toxin production in the Mediterranean Alexandrium minutum (Dinophyceae).
dino_pre2016,STX_DOC_000024,2014.0,dinoflagellate,high_confidence_stx_biosynthesis,paralytic shellfish toxin,TOXIN,SxtA and sxtG gene expression and toxin production in the Mediterranean Alexandrium minutum (Dinophyceae).
dino_pre2016,STX_DOC_000024,2014.0,dinoflagellate,high_confidence_stx_biosynthesis,pst,TOXIN,SxtA and sxtG gene expression and toxin production in the Mediterranean Alexandrium minutum (Dinophyceae).
dino_pre2016,STX_DOC_000024,2014.0,dinoflagellate,high_confidence_stx_biosynthesis,paralytic shellfish poisoning,TOXIN,SxtA and sxtG gene expression and toxin production in the Mediterranean Alexandrium minutum (Dinophyceae).
dino_pre2016,STX_DOC_000024,2014.0,dinoflagellate,high_confidence_stx_biosynthesis,sxta,SXT_GENE,SxtA and sxtG gene expression and toxin production in the Mediterranean Alexandrium minutum (Dinophyceae).
dino_pre2016,STX_DOC_000024,2014.0,dinoflagellate,high_confidence_stx_biosynthesis,sxtg,SXT_GENE,SxtA and sxtG gene expression and toxin production in the Mediterranean Alexandrium minutum (Dinophyceae).
dino_pre2016,STX_DOC_000024,2014.0,dinoflagellate,high_confidence_stx_biosynthesis,dinoflagellate,DINO_TAXON,SxtA and sxtG gene expression and toxin production in the Mediterranean Alexandrium minutum (Dinophyceae).
dino_pre2016,STX_DOC_000024,2014.0,dinoflagellate,high_confidence_stx_biosynthesis,alexandrium,DINO_TAXON,SxtA and sxtG gene expression and toxin production in the Mediterranean Alexandrium minutum (Dinophyceae).
dino_pre2016,STX_DOC_000024,2014.0,dinoflagellate,high_confidence_stx_biosynthesis,alexandrium minutum,DINO_TAXON,SxtA and sxtG gene expression and toxin production in the Mediterranean Alexandrium minutum (Dinophyceae).
dino_pre2016,STX_DOC_000024,2014.0,dinoflagellate,high_confidence_stx_biosynthesis,nitrogen,ENV_FACTOR,SxtA and sxtG gene expression and toxin production in the Mediterranean Alexandrium minutum (Dinophyceae).
dino_pre2016,STX_DOC_000024,2014.0,dinoflagellate,high_confidence_stx_biosynthesis,phosphorus,ENV_FACTOR,SxtA and sxtG gene expression and toxin production in the Mediterranean Alexandrium minutum (Dinophyceae).
dino_pre2016,STX_DOC_000024,2014.0,dinoflagellate,high_confidence_stx_biosynthesis,nutrient,ENV_FACTOR,SxtA and sxtG gene expression and toxin production in the Mediterranean Alexandrium minutum (Dinophyceae).
dino_pre2016,STX_DOC_000024,2014.0,dinoflagellate,high_confidence_stx_biosynthesis,biosynthesis,BIOLOGICAL_PROCESS,SxtA and sxtG gene expression and toxin production in the Mediterranean Alexandrium minutum (Dinophyceae).
dino_pre2016,STX_DOC_000024,2014.0,dinoflagellate,high_confidence_stx_biosynthesis,expression,BIOLOGICAL_PROCESS,SxtA and sxtG gene expression and toxin production in the Mediterranean Alexandrium minutum (Dinophyceae).
dino_pre2016,STX_DOC_000024,2014.0,dinoflagellate,high_confidence_stx_biosynthesis,gene expression,BIOLOGICAL_PROCESS,SxtA and sxtG gene expression and toxin production in the Mediterranean Alexandrium minutum (Dinophyceae).
dino_pre2016,STX_DOC_000024,2014.0,dinoflagellate,high_confidence_stx_biosynthesis,toxin production,BIOLOGICAL_PROCESS,SxtA and sxtG gene expression and toxin production in the Mediterranean Alexandrium minutum (Dinophyceae).
dino_pre2016,STX_DOC_000028,2015.0,dinoflagellate,high_confidence_stx_biosynthesis,saxitoxin,TOXIN,"Gene duplication, loss and selection in the evolution of saxitoxin biosynthesis in alveolates."
dino_pre2016,STX_DOC_000028,2015.0,dinoflagellate,high_confidence_stx_biosynthesis,stx,TOXIN,"Gene duplication, loss and selection in the evolution of saxitoxin biosynthesis in alveolates."
dino_pre2016,STX_DOC_000028,2015.0,dinoflagellate,high_confidence_stx_biosynthesis,sxta,SXT_GENE,"Gene duplication, loss and selection in the evolution of saxitoxin biosynthesis in alveolates."
dino_pre2016,STX_DOC_000028,2015.0,dinoflagellate,high_confidence_stx_biosynthesis,sxtg,SXT_GENE,"Gene duplication, loss and selection in the evolution of saxitoxin biosynthesis in alveolates."
dino_pre2016,STX_DOC_000028,2015.0,dinoflagellate,high_confidence_stx_biosynthesis,sxt genes,SXT_GENE,"Gene duplication, loss and selection in the evolution of saxitoxin biosynthesis in alveolates."
dino_pre2016,STX_DOC_000028,2015.0,dinoflagellate,high_confidence_stx_biosynthesis,dinoflagellate,DINO_TAXON,"Gene duplication, loss and selection in the evolution of saxitoxin biosynthesis in alveolates."
dino_pre2016,STX_DOC_000028,2015.0,dinoflagellate,high_confidence_stx_biosynthesis,dinoflagellates,DINO_TAXON,"Gene duplication, loss and selection in the evolution of saxitoxin biosynthesis in alveolates."
dino_pre2016,STX_DOC_000028,2015.0,dinoflagellate,high_confidence_stx_biosynthesis,alexandrium,DINO_TAXON,"Gene duplication, loss and selection in the evolution of saxitoxin biosynthesis in alveolates."
dino_pre2016,STX_DOC_000028,2015.0,dinoflagellate,high_confidence_stx_biosynthesis,gymnodinium,DINO_TAXON,"Gene duplication, loss and selection in the evolution of saxitoxin biosynthesis in alveolates."
dino_pre2016,STX_DOC_000028,2015.0,dinoflagellate,high_confidence_stx_biosynthesis,gymnodinium catenatum,DINO_TAXON,"Gene duplication, loss and selection in the evolution of saxitoxin biosynthesis in alveolates."
dino_pre2016,STX_DOC_000028,2015.0,dinoflagellate,high_confidence_stx_biosynthesis,pyrodinium,DINO_TAXON,"Gene duplication, loss and selection in the evolution of saxitoxin biosynthesis in alveolates."
dino_pre2016,STX_DOC_000028,2015.0,dinoflagellate,high_confidence_stx_biosynthesis,pyrodinium bahamense,DINO_TAXON,"Gene duplication, loss and selection in the evolution of saxitoxin biosynthesis in alveolates."
dino_pre2016,STX_DOC_000028,2015.0,dinoflagellate,high_confidence_stx_biosynthesis,biosynthesis,BIOLOGICAL_PROCESS,"Gene duplication, loss and selection in the evolution of saxitoxin biosynthesis in alveolates."
dino_pre2016,STX_DOC_000028,2015.0,dinoflagellate,high_confidence_stx_biosynthesis,saxitoxin biosynthesis,BIOLOGICAL_PROCESS,"Gene duplication, loss and selection in the evolution of saxitoxin biosynthesis in alveolates."
dino_pre2016,STX_DOC_000028,2015.0,dinoflagellate,high_confidence_stx_biosynthesis,evolution,BIOLOGICAL_PROCESS,"Gene duplication, loss and selection in the evolution of saxitoxin biosynthesis in alveolates."
dino_pre2016,STX_DOC_000028,2015.0,dinoflagellate,high_confidence_stx_biosynthesis,phylogeny,BIOLOGICAL_PROCESS,"Gene duplication, loss and selection in the evolution of saxitoxin biosynthesis in alveolates."
dino_pre2016,STX_DOC_000028,2015.0,dinoflagellate,high_confidence_stx_biosynthesis,gene duplication,BIOLOGICAL_PROCESS,"Gene duplication, loss and selection in the evolution of saxitoxin biosynthesis in alveolates."
dino_pre2016,STX_DOC_000029,2006.0,dinoflagellate,dinoflagellate_stx,saxitoxin,TOXIN,Determination of paralytic shellfish toxins in dinoflagellate <i>Alexandrium tamarense</i> by using isotachophoresis/capillary electrophoresis
dino_pre2016,STX_DOC_000029,2006.0,dinoflagellate,dinoflagellate_stx,stx,TOXIN,Determination of paralytic shellfish toxins in dinoflagellate <i>Alexandrium tamarense</i> by using isotachophoresis/capillary electrophoresis
dino_pre2016,STX_DOC_000029,2006.0,dinoflagellate,dinoflagellate_stx,neosaxitoxin,TOXIN,Determination of paralytic shellfish toxins in dinoflagellate <i>Alexandrium tamarense</i> by using isotachophoresis/capillary electrophoresis
dino_pre2016,STX_DOC_000029,2006.0,dinoflagellate,dinoflagellate_stx,gonyautoxin,TOXIN,Determination of paralytic shellfish toxins in dinoflagellate <i>Alexandrium tamarense</i> by using isotachophoresis/capillary electrophoresis
dino_pre2016,STX_DOC_000029,2006.0,dinoflagellate,dinoflagellate_stx,gtx,TOXIN,Determination of paralytic shellfish toxins in dinoflagellate <i>Alexandrium tamarense</i> by using isotachophoresis/capillary electrophoresis
dino_pre2016,STX_DOC_000029,2006.0,dinoflagellate,dinoflagellate_stx,paralytic shellfish toxins,TOXIN,Determination of paralytic shellfish toxins in dinoflagellate <i>Alexandrium tamarense</i> by using isotachophoresis/capillary electrophoresis
dino_pre2016,STX_DOC_000029,2006.0,dinoflagellate,dinoflagellate_stx,pst,TOXIN,Determination of paralytic shellfish toxins in dinoflagellate <i>Alexandrium tamarense</i> by using isotachophoresis/capillary electrophoresis
dino_pre2016,STX_DOC_000029,2006.0,dinoflagellate,dinoflagellate_stx,psts,TOXIN,Determination of paralytic shellfish toxins in dinoflagellate <i>Alexandrium tamarense</i> by using isotachophoresis/capillary electrophoresis
dino_pre2016,STX_DOC_000029,2006.0,dinoflagellate,dinoflagellate_stx,dinoflagellate,DINO_TAXON,Determination of paralytic shellfish toxins in dinoflagellate <i>Alexandrium tamarense</i> by using isotachophoresis/capillary electrophoresis
dino_pre2016,STX_DOC_000029,2006.0,dinoflagellate,dinoflagellate_stx,alexandrium,DINO_TAXON,Determination of paralytic shellfish toxins in dinoflagellate <i>Alexandrium tamarense</i> by using isotachophoresis/capillary electrophoresis
dino_pre2016,STX_DOC_000029,2006.0,dinoflagellate,dinoflagellate_stx,alexandrium tamarense,DINO_TAXON,Determination of paralytic shellfish toxins in dinoflagellate <i>Alexandrium tamarense</i> by using isotachophoresis/capillary electrophoresis
dino_pre2016,STX_DOC_000030,2006.0,dinoflagellate,dinoflagellate_stx,saxitoxin,TOXIN,Determination of paralytic shellfish toxins in dinoflagellate Alexandrium tamarense by using isotachophoresis/capillary electrophoresis.
dino_pre2016,STX_DOC_000030,2006.0,dinoflagellate,dinoflagellate_stx,stx,TOXIN,Determination of paralytic shellfish toxins in dinoflagellate Alexandrium tamarense by using isotachophoresis/capillary electrophoresis.
dino_pre2016,STX_DOC_000030,2006.0,dinoflagellate,dinoflagellate_stx,neosaxitoxin,TOXIN,Determination of paralytic shellfish toxins in dinoflagellate Alexandrium tamarense by using isotachophoresis/capillary electrophoresis.
dino_pre2016,STX_DOC_000030,2006.0,dinoflagellate,dinoflagellate_stx,gonyautoxin,TOXIN,Determination of paralytic shellfish toxins in dinoflagellate Alexandrium tamarense by using isotachophoresis/capillary electrophoresis.
dino_pre2016,STX_DOC_000030,2006.0,dinoflagellate,dinoflagellate_stx,gtx,TOXIN,Determination of paralytic shellfish toxins in dinoflagellate Alexandrium tamarense by using isotachophoresis/capillary electrophoresis.
dino_pre2016,STX_DOC_000030,2006.0,dinoflagellate,dinoflagellate_stx,paralytic shellfish toxins,TOXIN,Determination of paralytic shellfish toxins in dinoflagellate Alexandrium tamarense by using isotachophoresis/capillary electrophoresis.
dino_pre2016,STX_DOC_000030,2006.0,dinoflagellate,dinoflagellate_stx,pst,TOXIN,Determination of paralytic shellfish toxins in dinoflagellate Alexandrium tamarense by using isotachophoresis/capillary electrophoresis.
dino_pre2016,STX_DOC_000030,2006.0,dinoflagellate,dinoflagellate_stx,psts,TOXIN,Determination of paralytic shellfish toxins in dinoflagellate Alexandrium tamarense by using isotachophoresis/capillary electrophoresis.
dino_pre2016,STX_DOC_000030,2006.0,dinoflagellate,dinoflagellate_stx,dinoflagellate,DINO_TAXON,Determination of paralytic shellfish toxins in dinoflagellate Alexandrium tamarense by using isotachophoresis/capillary electrophoresis.
dino_pre2016,STX_DOC_000030,2006.0,dinoflagellate,dinoflagellate_stx,alexandrium,DINO_TAXON,Determination of paralytic shellfish toxins in dinoflagellate Alexandrium tamarense by using isotachophoresis/capillary electrophoresis.
dino_pre2016,STX_DOC_000030,2006.0,dinoflagellate,dinoflagellate_stx,alexandrium tamarense,DINO_TAXON,Determination of paralytic shellfish toxins in dinoflagellate Alexandrium tamarense by using isotachophoresis/capillary electrophoresis.
dino_pre2016,STX_DOC_000035,2004.0,dinoflagellate,dinoflagellate_stx,saxitoxin,TOXIN,"Paralytic shellfish poisoning (PSP) in Margarita Island, Venezuela."
dino_pre2016,STX_DOC_000035,2004.0,dinoflagellate,dinoflagellate_stx,stx,TOXIN,"Paralytic shellfish poisoning (PSP) in Margarita Island, Venezuela."
dino_pre2016,STX_DOC_000035,2004.0,dinoflagellate,dinoflagellate_stx,paralytic shellfish poisoning,TOXIN,"Paralytic shellfish poisoning (PSP) in Margarita Island, Venezuela."
dino_pre2016,STX_DOC_000035,2004.0,dinoflagellate,dinoflagellate_stx,dinoflagellates,DINO_TAXON,"Paralytic shellfish poisoning (PSP) in Margarita Island, Venezuela."
dino_pre2016,STX_DOC_000035,2004.0,dinoflagellate,dinoflagellate_stx,alexandrium,DINO_TAXON,"Paralytic shellfish poisoning (PSP) in Margarita Island, Venezuela."
dino_pre2016,STX_DOC_000035,2004.0,dinoflagellate,dinoflagellate_stx,alexandrium tamarense,DINO_TAXON,"Paralytic shellfish poisoning (PSP) in Margarita Island, Venezuela."
dino_pre2016,STX_DOC_000035,2004.0,dinoflagellate,dinoflagellate_stx,gymnodinium,DINO_TAXON,"Paralytic shellfish poisoning (PSP) in Margarita Island, Venezuela."
dino_pre2016,STX_DOC_000035,2004.0,dinoflagellate,dinoflagellate_stx,gymnodinium catenatum,DINO_TAXON,"Paralytic shellfish poisoning (PSP) in Margarita Island, Venezuela."
dino_pre2016,STX_DOC_000035,2004.0,dinoflagellate,dinoflagellate_stx,bloom,ENV_FACTOR,"Paralytic shellfish poisoning (PSP) in Margarita Island, Venezuela."
dino_pre2016,STX_DOC_000035,2004.0,dinoflagellate,dinoflagellate_stx,toxicity,BIOLOGICAL_PROCESS,"Paralytic shellfish poisoning (PSP) in Margarita Island, Venezuela."
dino_pre2016,STX_DOC_000035,2004.0,dinoflagellate,dinoflagellate_stx,hplc,DETECTION_METHOD,"Paralytic shellfish poisoning (PSP) in Margarita Island, Venezuela."
dino_pre2016,STX_DOC_000036,2004.0,dinoflagellate,dinoflagellate_stx,saxitoxin,TOXIN,"Paralytic shellfish poisoning (PSP) in Margarita Island, Venezuela."
dino_pre2016,STX_DOC_000036,2004.0,dinoflagellate,dinoflagellate_stx,stx,TOXIN,"Paralytic shellfish poisoning (PSP) in Margarita Island, Venezuela."
dino_pre2016,STX_DOC_000036,2004.0,dinoflagellate,dinoflagellate_stx,paralytic shellfish poisoning,TOXIN,"Paralytic shellfish poisoning (PSP) in Margarita Island, Venezuela."
dino_pre2016,STX_DOC_000036,2004.0,dinoflagellate,dinoflagellate_stx,dinoflagellates,DINO_TAXON,"Paralytic shellfish poisoning (PSP) in Margarita Island, Venezuela."
dino_pre2016,STX_DOC_000036,2004.0,dinoflagellate,dinoflagellate_stx,alexandrium,DINO_TAXON,"Paralytic shellfish poisoning (PSP) in Margarita Island, Venezuela."
dino_pre2016,STX_DOC_000036,2004.0,dinoflagellate,dinoflagellate_stx,alexandrium tamarense,DINO_TAXON,"Paralytic shellfish poisoning (PSP) in Margarita Island, Venezuela."
dino_pre2016,STX_DOC_000036,2004.0,dinoflagellate,dinoflagellate_stx,gymnodinium,DINO_TAXON,"Paralytic shellfish poisoning (PSP) in Margarita Island, Venezuela."
dino_pre2016,STX_DOC_000036,2004.0,dinoflagellate,dinoflagellate_stx,gymnodinium catenatum,DINO_TAXON,"Paralytic shellfish poisoning (PSP) in Margarita Island, Venezuela."
dino_pre2016,STX_DOC_000036,2004.0,dinoflagellate,dinoflagellate_stx,bloom,ENV_FACTOR,"Paralytic shellfish poisoning (PSP) in Margarita Island, Venezuela."
dino_pre2016,STX_DOC_000036,2004.0,dinoflagellate,dinoflagellate_stx,toxicity,BIOLOGICAL_PROCESS,"Paralytic shellfish poisoning (PSP) in Margarita Island, Venezuela."
dino_pre2016,STX_DOC_000036,2004.0,dinoflagellate,dinoflagellate_stx,hplc,DETECTION_METHOD,"Paralytic shellfish poisoning (PSP) in Margarita Island, Venezuela."
dino_pre2016,STX_DOC_000040,2014.0,cross_taxa,high_confidence_stx_biosynthesis,paralytic shellfish toxins,TOXIN,Comparative Transcriptome Analysis of a Toxin-Producing Dinoflagellate Alexandrium catenella and Its Non-Toxic Mutant
dino_pre2016,STX_DOC_000040,2014.0,cross_taxa,high_confidence_stx_biosynthesis,pst,TOXIN,Comparative Transcriptome Analysis of a Toxin-Producing Dinoflagellate Alexandrium catenella and Its Non-Toxic Mutant
dino_pre2016,STX_DOC_000040,2014.0,cross_taxa,high_confidence_stx_biosynthesis,psts,TOXIN,Comparative Transcriptome Analysis of a Toxin-Producing Dinoflagellate Alexandrium catenella and Its Non-Toxic Mutant
dino_pre2016,STX_DOC_000040,2014.0,cross_taxa,high_confidence_stx_biosynthesis,sxta,SXT_GENE,Comparative Transcriptome Analysis of a Toxin-Producing Dinoflagellate Alexandrium catenella and Its Non-Toxic Mutant
dino_pre2016,STX_DOC_000040,2014.0,cross_taxa,high_confidence_stx_biosynthesis,sxt genes,SXT_GENE,Comparative Transcriptome Analysis of a Toxin-Producing Dinoflagellate Alexandrium catenella and Its Non-Toxic Mutant
dino_pre2016,STX_DOC_000040,2014.0,cross_taxa,high_confidence_stx_biosynthesis,dinoflagellate,DINO_TAXON,Comparative Transcriptome Analysis of a Toxin-Producing Dinoflagellate Alexandrium catenella and Its Non-Toxic Mutant
dino_pre2016,STX_DOC_000040,2014.0,cross_taxa,high_confidence_stx_biosynthesis,dinoflagellates,DINO_TAXON,Comparative Transcriptome Analysis of a Toxin-Producing Dinoflagellate Alexandrium catenella and Its Non-Toxic Mutant
dino_pre2016,STX_DOC_000040,2014.0,cross_taxa,high_confidence_stx_biosynthesis,alexandrium,DINO_TAXON,Comparative Transcriptome Analysis of a Toxin-Producing Dinoflagellate Alexandrium catenella and Its Non-Toxic Mutant
dino_pre2016,STX_DOC_000040,2014.0,cross_taxa,high_confidence_stx_biosynthesis,alexandrium catenella,DINO_TAXON,Comparative Transcriptome Analysis of a Toxin-Producing Dinoflagellate Alexandrium catenella and Its Non-Toxic Mutant
dino_pre2016,STX_DOC_000040,2014.0,cross_taxa,high_confidence_stx_biosynthesis,cyanobacteria,CYANO_TAXON,Comparative Transcriptome Analysis of a Toxin-Producing Dinoflagellate Alexandrium catenella and Its Non-Toxic Mutant
dino_pre2016,STX_DOC_000040,2014.0,cross_taxa,high_confidence_stx_biosynthesis,cyanobacterial,CYANO_TAXON,Comparative Transcriptome Analysis of a Toxin-Producing Dinoflagellate Alexandrium catenella and Its Non-Toxic Mutant
dino_pre2016,STX_DOC_000040,2014.0,cross_taxa,high_confidence_stx_biosynthesis,light,ENV_FACTOR,Comparative Transcriptome Analysis of a Toxin-Producing Dinoflagellate Alexandrium catenella and Its Non-Toxic Mutant
dino_pre2016,STX_DOC_000040,2014.0,cross_taxa,high_confidence_stx_biosynthesis,biosynthesis,BIOLOGICAL_PROCESS,Comparative Transcriptome Analysis of a Toxin-Producing Dinoflagellate Alexandrium catenella and Its Non-Toxic Mutant
dino_pre2016,STX_DOC_000040,2014.0,cross_taxa,high_confidence_stx_biosynthesis,toxin biosynthesis,BIOLOGICAL_PROCESS,Comparative Transcriptome Analysis of a Toxin-Producing Dinoflagellate Alexandrium catenella and Its Non-Toxic Mutant
dino_pre2016,STX_DOC_000040,2014.0,cross_taxa,high_confidence_stx_biosynthesis,expression,BIOLOGICAL_PROCESS,Comparative Transcriptome Analysis of a Toxin-Producing Dinoflagellate Alexandrium catenella and Its Non-Toxic Mutant
dino_pre2016,STX_DOC_000040,2014.0,cross_taxa,high_confidence_stx_biosynthesis,transcriptome,BIOLOGICAL_PROCESS,Comparative Transcriptome Analysis of a Toxin-Producing Dinoflagellate Alexandrium catenella and Its Non-Toxic Mutant
dino_pre2016,STX_DOC_000045,2011.0,dinoflagellate,dinoflagellate_stx,saxitoxin,TOXIN,Determination of toxicity equivalent factors for paralytic shellfish toxins by electrophysiological measurements in cultured neurons.
dino_pre2016,STX_DOC_000045,2011.0,dinoflagellate,dinoflagellate_stx,stx,TOXIN,Determination of toxicity equivalent factors for paralytic shellfish toxins by electrophysiological measurements in cultured neurons.
dino_pre2016,STX_DOC_000045,2011.0,dinoflagellate,dinoflagellate_stx,neosaxitoxin,TOXIN,Determination of toxicity equivalent factors for paralytic shellfish toxins by electrophysiological measurements in cultured neurons.
dino_pre2016,STX_DOC_000045,2011.0,dinoflagellate,dinoflagellate_stx,gonyautoxin,TOXIN,Determination of toxicity equivalent factors for paralytic shellfish toxins by electrophysiological measurements in cultured neurons.
dino_pre2016,STX_DOC_000045,2011.0,dinoflagellate,dinoflagellate_stx,paralytic shellfish toxins,TOXIN,Determination of toxicity equivalent factors for paralytic shellfish toxins by electrophysiological measurements in cultured neurons.
dino_pre2016,STX_DOC_000045,2011.0,dinoflagellate,dinoflagellate_stx,paralytic shellfish poisoning,TOXIN,Determination of toxicity equivalent factors for paralytic shellfish toxins by electrophysiological measurements in cultured neurons.
dino_pre2016,STX_DOC_000045,2011.0,dinoflagellate,dinoflagellate_stx,dinoflagellates,DINO_TAXON,Determination of toxicity equivalent factors for paralytic shellfish toxins by electrophysiological measurements in cultured neurons.
dino_pre2016,STX_DOC_000045,2011.0,dinoflagellate,dinoflagellate_stx,toxicity,BIOLOGICAL_PROCESS,Determination of toxicity equivalent factors for paralytic shellfish toxins by electrophysiological measurements in cultured neurons.
dino_pre2016,STX_DOC_000050,2015.0,dinoflagellate,high_confidence_stx_biosynthesis,saxitoxin,TOXIN,High Specificity of a Quantitative PCR Assay Targeting a Saxitoxin Gene for Monitoring Toxic Algae Associated with Paralytic Shellfish Toxins in the Yellow Sea.
dino_pre2016,STX_DOC_000050,2015.0,dinoflagellate,high_confidence_stx_biosynthesis,stx,TOXIN,High Specificity of a Quantitative PCR Assay Targeting a Saxitoxin Gene for Monitoring Toxic Algae Associated with Paralytic Shellfish Toxins in the Yellow Sea.
dino_pre2016,STX_DOC_000050,2015.0,dinoflagellate,high_confidence_stx_biosynthesis,paralytic shellfish toxins,TOXIN,High Specificity of a Quantitative PCR Assay Targeting a Saxitoxin Gene for Monitoring Toxic Algae Associated with Paralytic Shellfish Toxins in the Yellow Sea.
dino_pre2016,STX_DOC_000050,2015.0,dinoflagellate,high_confidence_stx_biosynthesis,pst,TOXIN,High Specificity of a Quantitative PCR Assay Targeting a Saxitoxin Gene for Monitoring Toxic Algae Associated with Paralytic Shellfish Toxins in the Yellow Sea.
dino_pre2016,STX_DOC_000050,2015.0,dinoflagellate,high_confidence_stx_biosynthesis,psts,TOXIN,High Specificity of a Quantitative PCR Assay Targeting a Saxitoxin Gene for Monitoring Toxic Algae Associated with Paralytic Shellfish Toxins in the Yellow Sea.
dino_pre2016,STX_DOC_000050,2015.0,dinoflagellate,high_confidence_stx_biosynthesis,sxta,SXT_GENE,High Specificity of a Quantitative PCR Assay Targeting a Saxitoxin Gene for Monitoring Toxic Algae Associated with Paralytic Shellfish Toxins in the Yellow Sea.
dino_pre2016,STX_DOC_000050,2015.0,dinoflagellate,high_confidence_stx_biosynthesis,sxta4,SXT_GENE,High Specificity of a Quantitative PCR Assay Targeting a Saxitoxin Gene for Monitoring Toxic Algae Associated with Paralytic Shellfish Toxins in the Yellow Sea.
dino_pre2016,STX_DOC_000050,2015.0,dinoflagellate,high_confidence_stx_biosynthesis,sxt gene,SXT_GENE,High Specificity of a Quantitative PCR Assay Targeting a Saxitoxin Gene for Monitoring Toxic Algae Associated with Paralytic Shellfish Toxins in the Yellow Sea.
dino_pre2016,STX_DOC_000050,2015.0,dinoflagellate,high_confidence_stx_biosynthesis,alexandrium,DINO_TAXON,High Specificity of a Quantitative PCR Assay Targeting a Saxitoxin Gene for Monitoring Toxic Algae Associated with Paralytic Shellfish Toxins in the Yellow Sea.
dino_pre2016,STX_DOC_000050,2015.0,dinoflagellate,high_confidence_stx_biosynthesis,alexandrium tamarense,DINO_TAXON,High Specificity of a Quantitative PCR Assay Targeting a Saxitoxin Gene for Monitoring Toxic Algae Associated with Paralytic Shellfish Toxins in the Yellow Sea.
dino_pre2016,STX_DOC_000050,2015.0,dinoflagellate,high_confidence_stx_biosynthesis,biosynthesis,BIOLOGICAL_PROCESS,High Specificity of a Quantitative PCR Assay Targeting a Saxitoxin Gene for Monitoring Toxic Algae Associated with Paralytic Shellfish Toxins in the Yellow Sea.
dino_pre2016,STX_DOC_000050,2015.0,dinoflagellate,high_confidence_stx_biosynthesis,toxicity,BIOLOGICAL_PROCESS,High Specificity of a Quantitative PCR Assay Targeting a Saxitoxin Gene for Monitoring Toxic Algae Associated with Paralytic Shellfish Toxins in the Yellow Sea.
dino_pre2016,STX_DOC_000051,2014.0,cross_taxa,dinoflagellate_stx,saxitoxin,TOXIN,Removal of paralytic shellfish toxins by probiotic lactic acid bacteria.
dino_pre2016,STX_DOC_000051,2014.0,cross_taxa,dinoflagellate_stx,stx,TOXIN,Removal of paralytic shellfish toxins by probiotic lactic acid bacteria.
dino_pre2016,STX_DOC_000051,2014.0,cross_taxa,dinoflagellate_stx,neosaxitoxin,TOXIN,Removal of paralytic shellfish toxins by probiotic lactic acid bacteria.
dino_pre2016,STX_DOC_000051,2014.0,cross_taxa,dinoflagellate_stx,paralytic shellfish toxins,TOXIN,Removal of paralytic shellfish toxins by probiotic lactic acid bacteria.
dino_pre2016,STX_DOC_000051,2014.0,cross_taxa,dinoflagellate_stx,pst,TOXIN,Removal of paralytic shellfish toxins by probiotic lactic acid bacteria.
dino_pre2016,STX_DOC_000051,2014.0,cross_taxa,dinoflagellate_stx,psts,TOXIN,Removal of paralytic shellfish toxins by probiotic lactic acid bacteria.
dino_pre2016,STX_DOC_000051,2014.0,cross_taxa,dinoflagellate_stx,dinoflagellates,DINO_TAXON,Removal of paralytic shellfish toxins by probiotic lactic acid bacteria.
dino_pre2016,STX_DOC_000051,2014.0,cross_taxa,dinoflagellate_stx,cyanobacteria,CYANO_TAXON,Removal of paralytic shellfish toxins by probiotic lactic acid bacteria.
dino_pre2016,STX_DOC_000051,2014.0,cross_taxa,dinoflagellate_stx,hplc,DETECTION_METHOD,Removal of paralytic shellfish toxins by probiotic lactic acid bacteria.
dino_pre2016,STX_DOC_000052,2013.0,cross_taxa,high_confidence_stx_biosynthesis,saxitoxin,TOXIN,"Evolutionary acquisition and loss of saxitoxin biosynthesis in dinoflagellates: the second ""core"" gene, sxtG."
dino_pre2016,STX_DOC_000052,2013.0,cross_taxa,high_confidence_stx_biosynthesis,sxta,SXT_GENE,"Evolutionary acquisition and loss of saxitoxin biosynthesis in dinoflagellates: the second ""core"" gene, sxtG."
dino_pre2016,STX_DOC_000052,2013.0,cross_taxa,high_confidence_stx_biosynthesis,sxtg,SXT_GENE,"Evolutionary acquisition and loss of saxitoxin biosynthesis in dinoflagellates: the second ""core"" gene, sxtG."
dino_pre2016,STX_DOC_000052,2013.0,cross_taxa,high_confidence_stx_biosynthesis,dinoflagellate,DINO_TAXON,"Evolutionary acquisition and loss of saxitoxin biosynthesis in dinoflagellates: the second ""core"" gene, sxtG."
dino_pre2016,STX_DOC_000052,2013.0,cross_taxa,high_confidence_stx_biosynthesis,dinoflagellates,DINO_TAXON,"Evolutionary acquisition and loss of saxitoxin biosynthesis in dinoflagellates: the second ""core"" gene, sxtG."
dino_pre2016,STX_DOC_000052,2013.0,cross_taxa,high_confidence_stx_biosynthesis,alexandrium,DINO_TAXON,"Evolutionary acquisition and loss of saxitoxin biosynthesis in dinoflagellates: the second ""core"" gene, sxtG."
dino_pre2016,STX_DOC_000052,2013.0,cross_taxa,high_confidence_stx_biosynthesis,alexandrium minutum,DINO_TAXON,"Evolutionary acquisition and loss of saxitoxin biosynthesis in dinoflagellates: the second ""core"" gene, sxtG."
dino_pre2016,STX_DOC_000052,2013.0,cross_taxa,high_confidence_stx_biosynthesis,alexandrium fundyense,DINO_TAXON,"Evolutionary acquisition and loss of saxitoxin biosynthesis in dinoflagellates: the second ""core"" gene, sxtG."
dino_pre2016,STX_DOC_000052,2013.0,cross_taxa,high_confidence_stx_biosynthesis,gymnodinium,DINO_TAXON,"Evolutionary acquisition and loss of saxitoxin biosynthesis in dinoflagellates: the second ""core"" gene, sxtG."
dino_pre2016,STX_DOC_000052,2013.0,cross_taxa,high_confidence_stx_biosynthesis,gymnodinium catenatum,DINO_TAXON,"Evolutionary acquisition and loss of saxitoxin biosynthesis in dinoflagellates: the second ""core"" gene, sxtG."
dino_pre2016,STX_DOC_000052,2013.0,cross_taxa,high_confidence_stx_biosynthesis,cyanobacteria,CYANO_TAXON,"Evolutionary acquisition and loss of saxitoxin biosynthesis in dinoflagellates: the second ""core"" gene, sxtG."
dino_pre2016,STX_DOC_000052,2013.0,cross_taxa,high_confidence_stx_biosynthesis,biosynthesis,BIOLOGICAL_PROCESS,"Evolutionary acquisition and loss of saxitoxin biosynthesis in dinoflagellates: the second ""core"" gene, sxtG."
dino_pre2016,STX_DOC_000052,2013.0,cross_taxa,high_confidence_stx_biosynthesis,saxitoxin biosynthesis,BIOLOGICAL_PROCESS,"Evolutionary acquisition and loss of saxitoxin biosynthesis in dinoflagellates: the second ""core"" gene, sxtG."
dino_pre2016,STX_DOC_000052,2013.0,cross_taxa,high_confidence_stx_biosynthesis,phylogenetic,BIOLOGICAL_PROCESS,"Evolutionary acquisition and loss of saxitoxin biosynthesis in dinoflagellates: the second ""core"" gene, sxtG."
dino_pre2016,STX_DOC_000052,2013.0,cross_taxa,high_confidence_stx_biosynthesis,horizontal gene transfer,BIOLOGICAL_PROCESS,"Evolutionary acquisition and loss of saxitoxin biosynthesis in dinoflagellates: the second ""core"" gene, sxtG."
dino_pre2016,STX_DOC_000053,2011.0,dinoflagellate,high_confidence_stx_biosynthesis,saxitoxin,TOXIN,sxtA-based quantitative molecular assay to identify saxitoxin-producing harmful algal blooms in marine waters.
dino_pre2016,STX_DOC_000053,2011.0,dinoflagellate,high_confidence_stx_biosynthesis,stx,TOXIN,sxtA-based quantitative molecular assay to identify saxitoxin-producing harmful algal blooms in marine waters.
dino_pre2016,STX_DOC_000053,2011.0,dinoflagellate,high_confidence_stx_biosynthesis,sxta,SXT_GENE,sxtA-based quantitative molecular assay to identify saxitoxin-producing harmful algal blooms in marine waters.
dino_pre2016,STX_DOC_000053,2011.0,dinoflagellate,high_confidence_stx_biosynthesis,sxta4,SXT_GENE,sxtA-based quantitative molecular assay to identify saxitoxin-producing harmful algal blooms in marine waters.
dino_pre2016,STX_DOC_000053,2011.0,dinoflagellate,high_confidence_stx_biosynthesis,dinoflagellate,DINO_TAXON,sxtA-based quantitative molecular assay to identify saxitoxin-producing harmful algal blooms in marine waters.
dino_pre2016,STX_DOC_000053,2011.0,dinoflagellate,high_confidence_stx_biosynthesis,dinoflagellates,DINO_TAXON,sxtA-based quantitative molecular assay to identify saxitoxin-producing harmful algal blooms in marine waters.
dino_pre2016,STX_DOC_000053,2011.0,dinoflagellate,high_confidence_stx_biosynthesis,alexandrium,DINO_TAXON,sxtA-based quantitative molecular assay to identify saxitoxin-producing harmful algal blooms in marine waters.
dino_pre2016,STX_DOC_000053,2011.0,dinoflagellate,high_confidence_stx_biosynthesis,alexandrium catenella,DINO_TAXON,sxtA-based quantitative molecular assay to identify saxitoxin-producing harmful algal blooms in marine waters.
dino_pre2016,STX_DOC_000053,2011.0,dinoflagellate,high_confidence_stx_biosynthesis,alexandrium tamarense,DINO_TAXON,sxtA-based quantitative molecular assay to identify saxitoxin-producing harmful algal blooms in marine waters.
dino_pre2016,STX_DOC_000053,2011.0,dinoflagellate,high_confidence_stx_biosynthesis,gymnodinium,DINO_TAXON,sxtA-based quantitative molecular assay to identify saxitoxin-producing harmful algal blooms in marine waters.
dino_pre2016,STX_DOC_000053,2011.0,dinoflagellate,high_confidence_stx_biosynthesis,gymnodinium catenatum,DINO_TAXON,sxtA-based quantitative molecular assay to identify saxitoxin-producing harmful algal blooms in marine waters.
dino_pre2016,STX_DOC_000053,2011.0,dinoflagellate,high_confidence_stx_biosynthesis,bloom,ENV_FACTOR,sxtA-based quantitative molecular assay to identify saxitoxin-producing harmful algal blooms in marine waters.
dino_pre2016,STX_DOC_000053,2011.0,dinoflagellate,high_confidence_stx_biosynthesis,harmful algal bloom,ENV_FACTOR,sxtA-based quantitative molecular assay to identify saxitoxin-producing harmful algal blooms in marine waters.
dino_pre2016,STX_DOC_000054,1994.0,dinoflagellate,dinoflagellate_stx,saxitoxin,TOXIN,Growth and toxin production of the toxic dinoflagellate <i>Pyrodinium bahamense</i> var. <i>compressum</i> in laboratory cultures
dino_pre2016,STX_DOC_000054,1994.0,dinoflagellate,dinoflagellate_stx,stx,TOXIN,Growth and toxin production of the toxic dinoflagellate <i>Pyrodinium bahamense</i> var. <i>compressum</i> in laboratory cultures
dino_pre2016,STX_DOC_000054,1994.0,dinoflagellate,dinoflagellate_stx,neosaxitoxin,TOXIN,Growth and toxin production of the toxic dinoflagellate <i>Pyrodinium bahamense</i> var. <i>compressum</i> in laboratory cultures
dino_pre2016,STX_DOC_000054,1994.0,dinoflagellate,dinoflagellate_stx,gonyautoxin,TOXIN,Growth and toxin production of the toxic dinoflagellate <i>Pyrodinium bahamense</i> var. <i>compressum</i> in laboratory cultures
dino_pre2016,STX_DOC_000054,1994.0,dinoflagellate,dinoflagellate_stx,dinoflagellate,DINO_TAXON,Growth and toxin production of the toxic dinoflagellate <i>Pyrodinium bahamense</i> var. <i>compressum</i> in laboratory cultures
dino_pre2016,STX_DOC_000054,1994.0,dinoflagellate,dinoflagellate_stx,pyrodinium,DINO_TAXON,Growth and toxin production of the toxic dinoflagellate <i>Pyrodinium bahamense</i> var. <i>compressum</i> in laboratory cultures
dino_pre2016,STX_DOC_000054,1994.0,dinoflagellate,dinoflagellate_stx,pyrodinium bahamense,DINO_TAXON,Growth and toxin production of the toxic dinoflagellate <i>Pyrodinium bahamense</i> var. <i>compressum</i> in laboratory cultures
dino_pre2016,STX_DOC_000054,1994.0,dinoflagellate,dinoflagellate_stx,temperature,ENV_FACTOR,Growth and toxin production of the toxic dinoflagellate <i>Pyrodinium bahamense</i> var. <i>compressum</i> in laboratory cultures
dino_pre2016,STX_DOC_000054,1994.0,dinoflagellate,dinoflagellate_stx,salinity,ENV_FACTOR,Growth and toxin production of the toxic dinoflagellate <i>Pyrodinium bahamense</i> var. <i>compressum</i> in laboratory cultures
dino_pre2016,STX_DOC_000054,1994.0,dinoflagellate,dinoflagellate_stx,nutrient,ENV_FACTOR,Growth and toxin production of the toxic dinoflagellate <i>Pyrodinium bahamense</i> var. <i>compressum</i> in laboratory cultures
dino_pre2016,STX_DOC_000054,1994.0,dinoflagellate,dinoflagellate_stx,light,ENV_FACTOR,Growth and toxin production of the toxic dinoflagellate <i>Pyrodinium bahamense</i> var. <i>compressum</i> in laboratory cultures
dino_pre2016,STX_DOC_000054,1994.0,dinoflagellate,dinoflagellate_stx,toxin production,BIOLOGICAL_PROCESS,Growth and toxin production of the toxic dinoflagellate <i>Pyrodinium bahamense</i> var. <i>compressum</i> in laboratory cultures
dino_pre2016,STX_DOC_000055,1994.0,dinoflagellate,dinoflagellate_stx,saxitoxin,TOXIN,Growth and toxin production of the toxic dinoflagellate Pyrodinium bahamense var. compressum in laboratory cultures.
dino_pre2016,STX_DOC_000055,1994.0,dinoflagellate,dinoflagellate_stx,stx,TOXIN,Growth and toxin production of the toxic dinoflagellate Pyrodinium bahamense var. compressum in laboratory cultures.
dino_pre2016,STX_DOC_000055,1994.0,dinoflagellate,dinoflagellate_stx,neosaxitoxin,TOXIN,Growth and toxin production of the toxic dinoflagellate Pyrodinium bahamense var. compressum in laboratory cultures.
dino_pre2016,STX_DOC_000055,1994.0,dinoflagellate,dinoflagellate_stx,gonyautoxin,TOXIN,Growth and toxin production of the toxic dinoflagellate Pyrodinium bahamense var. compressum in laboratory cultures.
dino_pre2016,STX_DOC_000055,1994.0,dinoflagellate,dinoflagellate_stx,dinoflagellate,DINO_TAXON,Growth and toxin production of the toxic dinoflagellate Pyrodinium bahamense var. compressum in laboratory cultures.
dino_pre2016,STX_DOC_000055,1994.0,dinoflagellate,dinoflagellate_stx,pyrodinium,DINO_TAXON,Growth and toxin production of the toxic dinoflagellate Pyrodinium bahamense var. compressum in laboratory cultures.
dino_pre2016,STX_DOC_000055,1994.0,dinoflagellate,dinoflagellate_stx,pyrodinium bahamense,DINO_TAXON,Growth and toxin production of the toxic dinoflagellate Pyrodinium bahamense var. compressum in laboratory cultures.
dino_pre2016,STX_DOC_000055,1994.0,dinoflagellate,dinoflagellate_stx,temperature,ENV_FACTOR,Growth and toxin production of the toxic dinoflagellate Pyrodinium bahamense var. compressum in laboratory cultures.
dino_pre2016,STX_DOC_000055,1994.0,dinoflagellate,dinoflagellate_stx,salinity,ENV_FACTOR,Growth and toxin production of the toxic dinoflagellate Pyrodinium bahamense var. compressum in laboratory cultures.
dino_pre2016,STX_DOC_000055,1994.0,dinoflagellate,dinoflagellate_stx,nutrient,ENV_FACTOR,Growth and toxin production of the toxic dinoflagellate Pyrodinium bahamense var. compressum in laboratory cultures.
dino_pre2016,STX_DOC_000055,1994.0,dinoflagellate,dinoflagellate_stx,light,ENV_FACTOR,Growth and toxin production of the toxic dinoflagellate Pyrodinium bahamense var. compressum in laboratory cultures.
dino_pre2016,STX_DOC_000055,1994.0,dinoflagellate,dinoflagellate_stx,toxin production,BIOLOGICAL_PROCESS,Growth and toxin production of the toxic dinoflagellate Pyrodinium bahamense var. compressum in laboratory cultures.
dino_pre2016,STX_DOC_000060,2015.0,dinoflagellate,dinoflagellate_stx,saxitoxin,TOXIN,"Toxin profile of Gymnodinium catenatum (Dinophyceae) from the Portuguese coast, as determined by liquid chromatography tandem mass spectrometry."
dino_pre2016,STX_DOC_000060,2015.0,dinoflagellate,dinoflagellate_stx,neosaxitoxin,TOXIN,"Toxin profile of Gymnodinium catenatum (Dinophyceae) from the Portuguese coast, as determined by liquid chromatography tandem mass spectrometry."
dino_pre2016,STX_DOC_000060,2015.0,dinoflagellate,dinoflagellate_stx,gonyautoxin,TOXIN,"Toxin profile of Gymnodinium catenatum (Dinophyceae) from the Portuguese coast, as determined by liquid chromatography tandem mass spectrometry."
dino_pre2016,STX_DOC_000060,2015.0,dinoflagellate,dinoflagellate_stx,paralytic shellfish toxins,TOXIN,"Toxin profile of Gymnodinium catenatum (Dinophyceae) from the Portuguese coast, as determined by liquid chromatography tandem mass spectrometry."
dino_pre2016,STX_DOC_000060,2015.0,dinoflagellate,dinoflagellate_stx,pst,TOXIN,"Toxin profile of Gymnodinium catenatum (Dinophyceae) from the Portuguese coast, as determined by liquid chromatography tandem mass spectrometry."
dino_pre2016,STX_DOC_000060,2015.0,dinoflagellate,dinoflagellate_stx,psts,TOXIN,"Toxin profile of Gymnodinium catenatum (Dinophyceae) from the Portuguese coast, as determined by liquid chromatography tandem mass spectrometry."
dino_pre2016,STX_DOC_000060,2015.0,dinoflagellate,dinoflagellate_stx,paralytic shellfish poisoning,TOXIN,"Toxin profile of Gymnodinium catenatum (Dinophyceae) from the Portuguese coast, as determined by liquid chromatography tandem mass spectrometry."
dino_pre2016,STX_DOC_000060,2015.0,dinoflagellate,dinoflagellate_stx,dinoflagellate,DINO_TAXON,"Toxin profile of Gymnodinium catenatum (Dinophyceae) from the Portuguese coast, as determined by liquid chromatography tandem mass spectrometry."
dino_pre2016,STX_DOC_000060,2015.0,dinoflagellate,dinoflagellate_stx,gymnodinium,DINO_TAXON,"Toxin profile of Gymnodinium catenatum (Dinophyceae) from the Portuguese coast, as determined by liquid chromatography tandem mass spectrometry."
dino_pre2016,STX_DOC_000060,2015.0,dinoflagellate,dinoflagellate_stx,gymnodinium catenatum,DINO_TAXON,"Toxin profile of Gymnodinium catenatum (Dinophyceae) from the Portuguese coast, as determined by liquid chromatography tandem mass spectrometry."
dino_pre2016,STX_DOC_000060,2015.0,dinoflagellate,dinoflagellate_stx,mass spectrometry,DETECTION_METHOD,"Toxin profile of Gymnodinium catenatum (Dinophyceae) from the Portuguese coast, as determined by liquid chromatography tandem mass spectrometry."
dino_pre2016,STX_DOC_000061,2009.0,cross_taxa,high_confidence_stx_biosynthesis,saxitoxin,TOXIN,Characterisation of the paralytic shellfish toxin biosynthesis gene clusters in Anabaena circinalis AWQC131C and Aphanizomenon sp. NH-5.
dino_pre2016,STX_DOC_000061,2009.0,cross_taxa,high_confidence_stx_biosynthesis,paralytic shellfish toxin,TOXIN,Characterisation of the paralytic shellfish toxin biosynthesis gene clusters in Anabaena circinalis AWQC131C and Aphanizomenon sp. NH-5.
dino_pre2016,STX_DOC_000061,2009.0,cross_taxa,high_confidence_stx_biosynthesis,paralytic shellfish toxins,TOXIN,Characterisation of the paralytic shellfish toxin biosynthesis gene clusters in Anabaena circinalis AWQC131C and Aphanizomenon sp. NH-5.
dino_pre2016,STX_DOC_000061,2009.0,cross_taxa,high_confidence_stx_biosynthesis,pst,TOXIN,Characterisation of the paralytic shellfish toxin biosynthesis gene clusters in Anabaena circinalis AWQC131C and Aphanizomenon sp. NH-5.
dino_pre2016,STX_DOC_000061,2009.0,cross_taxa,high_confidence_stx_biosynthesis,psts,TOXIN,Characterisation of the paralytic shellfish toxin biosynthesis gene clusters in Anabaena circinalis AWQC131C and Aphanizomenon sp. NH-5.
dino_pre2016,STX_DOC_000061,2009.0,cross_taxa,high_confidence_stx_biosynthesis,paralytic shellfish poisoning,TOXIN,Characterisation of the paralytic shellfish toxin biosynthesis gene clusters in Anabaena circinalis AWQC131C and Aphanizomenon sp. NH-5.
dino_pre2016,STX_DOC_000061,2009.0,cross_taxa,high_confidence_stx_biosynthesis,dinoflagellates,DINO_TAXON,Characterisation of the paralytic shellfish toxin biosynthesis gene clusters in Anabaena circinalis AWQC131C and Aphanizomenon sp. NH-5.
dino_pre2016,STX_DOC_000061,2009.0,cross_taxa,high_confidence_stx_biosynthesis,cyanobacteria,CYANO_TAXON,Characterisation of the paralytic shellfish toxin biosynthesis gene clusters in Anabaena circinalis AWQC131C and Aphanizomenon sp. NH-5.
dino_pre2016,STX_DOC_000061,2009.0,cross_taxa,high_confidence_stx_biosynthesis,aphanizomenon,CYANO_TAXON,Characterisation of the paralytic shellfish toxin biosynthesis gene clusters in Anabaena circinalis AWQC131C and Aphanizomenon sp. NH-5.
dino_pre2016,STX_DOC_000061,2009.0,cross_taxa,high_confidence_stx_biosynthesis,anabaena,CYANO_TAXON,Characterisation of the paralytic shellfish toxin biosynthesis gene clusters in Anabaena circinalis AWQC131C and Aphanizomenon sp. NH-5.
dino_pre2016,STX_DOC_000061,2009.0,cross_taxa,high_confidence_stx_biosynthesis,biosynthesis,BIOLOGICAL_PROCESS,Characterisation of the paralytic shellfish toxin biosynthesis gene clusters in Anabaena circinalis AWQC131C and Aphanizomenon sp. NH-5.
dino_pre2016,STX_DOC_000061,2009.0,cross_taxa,high_confidence_stx_biosynthesis,toxin biosynthesis,BIOLOGICAL_PROCESS,Characterisation of the paralytic shellfish toxin biosynthesis gene clusters in Anabaena circinalis AWQC131C and Aphanizomenon sp. NH-5.
dino_pre2016,STX_DOC_000061,2009.0,cross_taxa,high_confidence_stx_biosynthesis,evolution,BIOLOGICAL_PROCESS,Characterisation of the paralytic shellfish toxin biosynthesis gene clusters in Anabaena circinalis AWQC131C and Aphanizomenon sp. NH-5.
dino_pre2016,STX_DOC_000061,2009.0,cross_taxa,high_confidence_stx_biosynthesis,phylogeny,BIOLOGICAL_PROCESS,Characterisation of the paralytic shellfish toxin biosynthesis gene clusters in Anabaena circinalis AWQC131C and Aphanizomenon sp. NH-5.
dino_pre2016,STX_DOC_000061,2009.0,cross_taxa,high_confidence_stx_biosynthesis,phylogenetic,BIOLOGICAL_PROCESS,Characterisation of the paralytic shellfish toxin biosynthesis gene clusters in Anabaena circinalis AWQC131C and Aphanizomenon sp. NH-5.
dino_pre2016,STX_DOC_000061,2009.0,cross_taxa,high_confidence_stx_biosynthesis,horizontal gene transfer,BIOLOGICAL_PROCESS,Characterisation of the paralytic shellfish toxin biosynthesis gene clusters in Anabaena circinalis AWQC131C and Aphanizomenon sp. NH-5.
dino_pre2016,STX_DOC_000062,1999.0,dinoflagellate,dinoflagellate_stx,saxitoxin,TOXIN,"Effects of salinity, light and inorganic nitrogen on growth and toxigenicity of the marine dinoflagellate Alexandrium tamarense from northeastern Canada"
dino_pre2016,STX_DOC_000062,1999.0,dinoflagellate,dinoflagellate_stx,stx,TOXIN,"Effects of salinity, light and inorganic nitrogen on growth and toxigenicity of the marine dinoflagellate Alexandrium tamarense from northeastern Canada"
dino_pre2016,STX_DOC_000062,1999.0,dinoflagellate,dinoflagellate_stx,neosaxitoxin,TOXIN,"Effects of salinity, light and inorganic nitrogen on growth and toxigenicity of the marine dinoflagellate Alexandrium tamarense from northeastern Canada"
dino_pre2016,STX_DOC_000062,1999.0,dinoflagellate,dinoflagellate_stx,gonyautoxin,TOXIN,"Effects of salinity, light and inorganic nitrogen on growth and toxigenicity of the marine dinoflagellate Alexandrium tamarense from northeastern Canada"
dino_pre2016,STX_DOC_000062,1999.0,dinoflagellate,dinoflagellate_stx,paralytic shellfish poisoning,TOXIN,"Effects of salinity, light and inorganic nitrogen on growth and toxigenicity of the marine dinoflagellate Alexandrium tamarense from northeastern Canada"
dino_pre2016,STX_DOC_000062,1999.0,dinoflagellate,dinoflagellate_stx,dinoflagellate,DINO_TAXON,"Effects of salinity, light and inorganic nitrogen on growth and toxigenicity of the marine dinoflagellate Alexandrium tamarense from northeastern Canada"
dino_pre2016,STX_DOC_000062,1999.0,dinoflagellate,dinoflagellate_stx,alexandrium,DINO_TAXON,"Effects of salinity, light and inorganic nitrogen on growth and toxigenicity of the marine dinoflagellate Alexandrium tamarense from northeastern Canada"
dino_pre2016,STX_DOC_000062,1999.0,dinoflagellate,dinoflagellate_stx,alexandrium tamarense,DINO_TAXON,"Effects of salinity, light and inorganic nitrogen on growth and toxigenicity of the marine dinoflagellate Alexandrium tamarense from northeastern Canada"
dino_pre2016,STX_DOC_000062,1999.0,dinoflagellate,dinoflagellate_stx,salinity,ENV_FACTOR,"Effects of salinity, light and inorganic nitrogen on growth and toxigenicity of the marine dinoflagellate Alexandrium tamarense from northeastern Canada"
dino_pre2016,STX_DOC_000062,1999.0,dinoflagellate,dinoflagellate_stx,nitrogen,ENV_FACTOR,"Effects of salinity, light and inorganic nitrogen on growth and toxigenicity of the marine dinoflagellate Alexandrium tamarense from northeastern Canada"
dino_pre2016,STX_DOC_000062,1999.0,dinoflagellate,dinoflagellate_stx,nitrate,ENV_FACTOR,"Effects of salinity, light and inorganic nitrogen on growth and toxigenicity of the marine dinoflagellate Alexandrium tamarense from northeastern Canada"
dino_pre2016,STX_DOC_000062,1999.0,dinoflagellate,dinoflagellate_stx,light,ENV_FACTOR,"Effects of salinity, light and inorganic nitrogen on growth and toxigenicity of the marine dinoflagellate Alexandrium tamarense from northeastern Canada"
dino_pre2016,STX_DOC_000062,1999.0,dinoflagellate,dinoflagellate_stx,environmental stress,ENV_FACTOR,"Effects of salinity, light and inorganic nitrogen on growth and toxigenicity of the marine dinoflagellate Alexandrium tamarense from northeastern Canada"
dino_pre2016,STX_DOC_000062,1999.0,dinoflagellate,dinoflagellate_stx,toxicity,BIOLOGICAL_PROCESS,"Effects of salinity, light and inorganic nitrogen on growth and toxigenicity of the marine dinoflagellate Alexandrium tamarense from northeastern Canada"
dino_pre2016,STX_DOC_000062,1999.0,dinoflagellate,dinoflagellate_stx,toxin production,BIOLOGICAL_PROCESS,"Effects of salinity, light and inorganic nitrogen on growth and toxigenicity of the marine dinoflagellate Alexandrium tamarense from northeastern Canada"
dino_pre2016,STX_DOC_000062,1999.0,dinoflagellate,dinoflagellate_stx,hplc,DETECTION_METHOD,"Effects of salinity, light and inorganic nitrogen on growth and toxigenicity of the marine dinoflagellate Alexandrium tamarense from northeastern Canada"
dino_pre2016,STX_DOC_000063,1994.0,dinoflagellate,dinoflagellate_stx,gonyautoxin,TOXIN,"Changes in toxin content, biomass and pigments of the dinoflagellate Alexandrium minutum during nitrogen refeeding and growth into nitrogen or phosphorus stress"
dino_pre2016,STX_DOC_000063,1994.0,dinoflagellate,dinoflagellate_stx,pst,TOXIN,"Changes in toxin content, biomass and pigments of the dinoflagellate Alexandrium minutum during nitrogen refeeding and growth into nitrogen or phosphorus stress"
dino_pre2016,STX_DOC_000063,1994.0,dinoflagellate,dinoflagellate_stx,dinoflagellate,DINO_TAXON,"Changes in toxin content, biomass and pigments of the dinoflagellate Alexandrium minutum during nitrogen refeeding and growth into nitrogen or phosphorus stress"
dino_pre2016,STX_DOC_000063,1994.0,dinoflagellate,dinoflagellate_stx,alexandrium,DINO_TAXON,"Changes in toxin content, biomass and pigments of the dinoflagellate Alexandrium minutum during nitrogen refeeding and growth into nitrogen or phosphorus stress"
dino_pre2016,STX_DOC_000063,1994.0,dinoflagellate,dinoflagellate_stx,alexandrium minutum,DINO_TAXON,"Changes in toxin content, biomass and pigments of the dinoflagellate Alexandrium minutum during nitrogen refeeding and growth into nitrogen or phosphorus stress"
dino_pre2016,STX_DOC_000063,1994.0,dinoflagellate,dinoflagellate_stx,nitrogen,ENV_FACTOR,"Changes in toxin content, biomass and pigments of the dinoflagellate Alexandrium minutum during nitrogen refeeding and growth into nitrogen or phosphorus stress"
dino_pre2016,STX_DOC_000063,1994.0,dinoflagellate,dinoflagellate_stx,phosphorus,ENV_FACTOR,"Changes in toxin content, biomass and pigments of the dinoflagellate Alexandrium minutum during nitrogen refeeding and growth into nitrogen or phosphorus stress"
dino_pre2016,STX_DOC_000063,1994.0,dinoflagellate,dinoflagellate_stx,nitrate,ENV_FACTOR,"Changes in toxin content, biomass and pigments of the dinoflagellate Alexandrium minutum during nitrogen refeeding and growth into nitrogen or phosphorus stress"
dino_pre2016,STX_DOC_000063,1994.0,dinoflagellate,dinoflagellate_stx,phosphate,ENV_FACTOR,"Changes in toxin content, biomass and pigments of the dinoflagellate Alexandrium minutum during nitrogen refeeding and growth into nitrogen or phosphorus stress"
dino_pre2016,STX_DOC_000063,1994.0,dinoflagellate,dinoflagellate_stx,nutrient,ENV_FACTOR,"Changes in toxin content, biomass and pigments of the dinoflagellate Alexandrium minutum during nitrogen refeeding and growth into nitrogen or phosphorus stress"
dino_pre2016,STX_DOC_000063,1994.0,dinoflagellate,dinoflagellate_stx,regulation,BIOLOGICAL_PROCESS,"Changes in toxin content, biomass and pigments of the dinoflagellate Alexandrium minutum during nitrogen refeeding and growth into nitrogen or phosphorus stress"
dino_pre2016,STX_DOC_000068,2013.0,cross_taxa,high_confidence_stx_biosynthesis,saxitoxin,TOXIN,Evolution of saxitoxin synthesis in cyanobacteria and dinoflagellates.
dino_pre2016,STX_DOC_000068,2013.0,cross_taxa,high_confidence_stx_biosynthesis,stx,TOXIN,Evolution of saxitoxin synthesis in cyanobacteria and dinoflagellates.
dino_pre2016,STX_DOC_000068,2013.0,cross_taxa,high_confidence_stx_biosynthesis,paralytic shellfish poisoning,TOXIN,Evolution of saxitoxin synthesis in cyanobacteria and dinoflagellates.
dino_pre2016,STX_DOC_000068,2013.0,cross_taxa,high_confidence_stx_biosynthesis,sxta,SXT_GENE,Evolution of saxitoxin synthesis in cyanobacteria and dinoflagellates.
dino_pre2016,STX_DOC_000068,2013.0,cross_taxa,high_confidence_stx_biosynthesis,sxtb,SXT_GENE,Evolution of saxitoxin synthesis in cyanobacteria and dinoflagellates.
dino_pre2016,STX_DOC_000068,2013.0,cross_taxa,high_confidence_stx_biosynthesis,sxtg,SXT_GENE,Evolution of saxitoxin synthesis in cyanobacteria and dinoflagellates.
dino_pre2016,STX_DOC_000068,2013.0,cross_taxa,high_confidence_stx_biosynthesis,dinoflagellate,DINO_TAXON,Evolution of saxitoxin synthesis in cyanobacteria and dinoflagellates.
dino_pre2016,STX_DOC_000068,2013.0,cross_taxa,high_confidence_stx_biosynthesis,dinoflagellates,DINO_TAXON,Evolution of saxitoxin synthesis in cyanobacteria and dinoflagellates.
dino_pre2016,STX_DOC_000068,2013.0,cross_taxa,high_confidence_stx_biosynthesis,cyanobacteria,CYANO_TAXON,Evolution of saxitoxin synthesis in cyanobacteria and dinoflagellates.
dino_pre2016,STX_DOC_000068,2013.0,cross_taxa,high_confidence_stx_biosynthesis,cyanobacterial,CYANO_TAXON,Evolution of saxitoxin synthesis in cyanobacteria and dinoflagellates.
dino_pre2016,STX_DOC_000068,2013.0,cross_taxa,high_confidence_stx_biosynthesis,transcriptome,BIOLOGICAL_PROCESS,Evolution of saxitoxin synthesis in cyanobacteria and dinoflagellates.
dino_pre2016,STX_DOC_000068,2013.0,cross_taxa,high_confidence_stx_biosynthesis,evolution,BIOLOGICAL_PROCESS,Evolution of saxitoxin synthesis in cyanobacteria and dinoflagellates.
dino_pre2016,STX_DOC_000070,2012.0,cross_taxa,high_confidence_stx_biosynthesis,saxitoxin,TOXIN,"Characterization of the Saxitoxin Biosynthetic Starting Gene, sxta in the Toxic Dinoflagellate Alexandrium tamiyavanichii"
dino_pre2016,STX_DOC_000070,2012.0,cross_taxa,high_confidence_stx_biosynthesis,stx,TOXIN,"Characterization of the Saxitoxin Biosynthetic Starting Gene, sxta in the Toxic Dinoflagellate Alexandrium tamiyavanichii"
dino_pre2016,STX_DOC_000070,2012.0,cross_taxa,high_confidence_stx_biosynthesis,paralytic shellfish poisoning,TOXIN,"Characterization of the Saxitoxin Biosynthetic Starting Gene, sxta in the Toxic Dinoflagellate Alexandrium tamiyavanichii"
dino_pre2016,STX_DOC_000070,2012.0,cross_taxa,high_confidence_stx_biosynthesis,sxta,SXT_GENE,"Characterization of the Saxitoxin Biosynthetic Starting Gene, sxta in the Toxic Dinoflagellate Alexandrium tamiyavanichii"
dino_pre2016,STX_DOC_000070,2012.0,cross_taxa,high_confidence_stx_biosynthesis,sxta4,SXT_GENE,"Characterization of the Saxitoxin Biosynthetic Starting Gene, sxta in the Toxic Dinoflagellate Alexandrium tamiyavanichii"
dino_pre2016,STX_DOC_000070,2012.0,cross_taxa,high_confidence_stx_biosynthesis,dinoflagellate,DINO_TAXON,"Characterization of the Saxitoxin Biosynthetic Starting Gene, sxta in the Toxic Dinoflagellate Alexandrium tamiyavanichii"
dino_pre2016,STX_DOC_000070,2012.0,cross_taxa,high_confidence_stx_biosynthesis,dinoflagellates,DINO_TAXON,"Characterization of the Saxitoxin Biosynthetic Starting Gene, sxta in the Toxic Dinoflagellate Alexandrium tamiyavanichii"
dino_pre2016,STX_DOC_000070,2012.0,cross_taxa,high_confidence_stx_biosynthesis,alexandrium,DINO_TAXON,"Characterization of the Saxitoxin Biosynthetic Starting Gene, sxta in the Toxic Dinoflagellate Alexandrium tamiyavanichii"
dino_pre2016,STX_DOC_000070,2012.0,cross_taxa,high_confidence_stx_biosynthesis,alexandrium tamiyavanichii,DINO_TAXON,"Characterization of the Saxitoxin Biosynthetic Starting Gene, sxta in the Toxic Dinoflagellate Alexandrium tamiyavanichii"
dino_pre2016,STX_DOC_000070,2012.0,cross_taxa,high_confidence_stx_biosynthesis,cyanobacteria,CYANO_TAXON,"Characterization of the Saxitoxin Biosynthetic Starting Gene, sxta in the Toxic Dinoflagellate Alexandrium tamiyavanichii"
dino_pre2016,STX_DOC_000070,2012.0,cross_taxa,high_confidence_stx_biosynthesis,biosynthesis,BIOLOGICAL_PROCESS,"Characterization of the Saxitoxin Biosynthetic Starting Gene, sxta in the Toxic Dinoflagellate Alexandrium tamiyavanichii"
dino_pre2016,STX_DOC_000071,2010.0,cross_taxa,high_confidence_stx_biosynthesis,saxitoxin,TOXIN,Detection of saxitoxin-producing cyanobacteria and Anabaena circinalis in environmental water blooms by quantitative PCR.
dino_pre2016,STX_DOC_000071,2010.0,cross_taxa,high_confidence_stx_biosynthesis,stx,TOXIN,Detection of saxitoxin-producing cyanobacteria and Anabaena circinalis in environmental water blooms by quantitative PCR.
dino_pre2016,STX_DOC_000071,2010.0,cross_taxa,high_confidence_stx_biosynthesis,sxta,SXT_GENE,Detection of saxitoxin-producing cyanobacteria and Anabaena circinalis in environmental water blooms by quantitative PCR.
dino_pre2016,STX_DOC_000071,2010.0,cross_taxa,high_confidence_stx_biosynthesis,dinoflagellates,DINO_TAXON,Detection of saxitoxin-producing cyanobacteria and Anabaena circinalis in environmental water blooms by quantitative PCR.
dino_pre2016,STX_DOC_000071,2010.0,cross_taxa,high_confidence_stx_biosynthesis,cyanobacteria,CYANO_TAXON,Detection of saxitoxin-producing cyanobacteria and Anabaena circinalis in environmental water blooms by quantitative PCR.
dino_pre2016,STX_DOC_000071,2010.0,cross_taxa,high_confidence_stx_biosynthesis,cyanobacterial,CYANO_TAXON,Detection of saxitoxin-producing cyanobacteria and Anabaena circinalis in environmental water blooms by quantitative PCR.
dino_pre2016,STX_DOC_000071,2010.0,cross_taxa,high_confidence_stx_biosynthesis,aphanizomenon,CYANO_TAXON,Detection of saxitoxin-producing cyanobacteria and Anabaena circinalis in environmental water blooms by quantitative PCR.
dino_pre2016,STX_DOC_000071,2010.0,cross_taxa,high_confidence_stx_biosynthesis,anabaena,CYANO_TAXON,Detection of saxitoxin-producing cyanobacteria and Anabaena circinalis in environmental water blooms by quantitative PCR.
dino_pre2016,STX_DOC_000071,2010.0,cross_taxa,high_confidence_stx_biosynthesis,cylindrospermopsis,CYANO_TAXON,Detection of saxitoxin-producing cyanobacteria and Anabaena circinalis in environmental water blooms by quantitative PCR.
dino_pre2016,STX_DOC_000071,2010.0,cross_taxa,high_confidence_stx_biosynthesis,lyngbya,CYANO_TAXON,Detection of saxitoxin-producing cyanobacteria and Anabaena circinalis in environmental water blooms by quantitative PCR.
dino_pre2016,STX_DOC_000071,2010.0,cross_taxa,high_confidence_stx_biosynthesis,bloom,ENV_FACTOR,Detection of saxitoxin-producing cyanobacteria and Anabaena circinalis in environmental water blooms by quantitative PCR.
dino_pre2016,STX_DOC_000071,2010.0,cross_taxa,high_confidence_stx_biosynthesis,biosynthesis,BIOLOGICAL_PROCESS,Detection of saxitoxin-producing cyanobacteria and Anabaena circinalis in environmental water blooms by quantitative PCR.
dino_pre2016,STX_DOC_000071,2010.0,cross_taxa,high_confidence_stx_biosynthesis,hplc,DETECTION_METHOD,Detection of saxitoxin-producing cyanobacteria and Anabaena circinalis in environmental water blooms by quantitative PCR.
dino_pre2016,STX_DOC_000072,2009.0,cross_taxa,high_confidence_stx_biosynthesis,saxitoxin,TOXIN,Origin of saxitoxin biosynthetic genes in cyanobacteria.
dino_pre2016,STX_DOC_000072,2009.0,cross_taxa,high_confidence_stx_biosynthesis,stx,TOXIN,Origin of saxitoxin biosynthetic genes in cyanobacteria.
dino_pre2016,STX_DOC_000072,2009.0,cross_taxa,high_confidence_stx_biosynthesis,paralytic shellfish poisoning,TOXIN,Origin of saxitoxin biosynthetic genes in cyanobacteria.
dino_pre2016,STX_DOC_000072,2009.0,cross_taxa,high_confidence_stx_biosynthesis,sxta,SXT_GENE,Origin of saxitoxin biosynthetic genes in cyanobacteria.
dino_pre2016,STX_DOC_000072,2009.0,cross_taxa,high_confidence_stx_biosynthesis,dinoflagellate,DINO_TAXON,Origin of saxitoxin biosynthetic genes in cyanobacteria.
dino_pre2016,STX_DOC_000072,2009.0,cross_taxa,high_confidence_stx_biosynthesis,cyanobacteria,CYANO_TAXON,Origin of saxitoxin biosynthetic genes in cyanobacteria.
dino_pre2016,STX_DOC_000072,2009.0,cross_taxa,high_confidence_stx_biosynthesis,cyanobacterium,CYANO_TAXON,Origin of saxitoxin biosynthetic genes in cyanobacteria.
dino_pre2016,STX_DOC_000072,2009.0,cross_taxa,high_confidence_stx_biosynthesis,cyanobacterial,CYANO_TAXON,Origin of saxitoxin biosynthetic genes in cyanobacteria.
dino_pre2016,STX_DOC_000072,2009.0,cross_taxa,high_confidence_stx_biosynthesis,anabaena,CYANO_TAXON,Origin of saxitoxin biosynthetic genes in cyanobacteria.
dino_pre2016,STX_DOC_000072,2009.0,cross_taxa,high_confidence_stx_biosynthesis,cylindrospermopsis,CYANO_TAXON,Origin of saxitoxin biosynthetic genes in cyanobacteria.
dino_pre2016,STX_DOC_000072,2009.0,cross_taxa,high_confidence_stx_biosynthesis,biosynthesis,BIOLOGICAL_PROCESS,Origin of saxitoxin biosynthetic genes in cyanobacteria.
dino_pre2016,STX_DOC_000072,2009.0,cross_taxa,high_confidence_stx_biosynthesis,expression,BIOLOGICAL_PROCESS,Origin of saxitoxin biosynthetic genes in cyanobacteria.
dino_pre2016,STX_DOC_000073,2008.0,dinoflagellate,dinoflagellate_stx,saxitoxin,TOXIN,OCCURRENCE OF Gymnodinium catenatum IN THE GULF OF THAILAND
dino_pre2016,STX_DOC_000073,2008.0,dinoflagellate,dinoflagellate_stx,neosaxitoxin,TOXIN,OCCURRENCE OF Gymnodinium catenatum IN THE GULF OF THAILAND
dino_pre2016,STX_DOC_000073,2008.0,dinoflagellate,dinoflagellate_stx,gtx,TOXIN,OCCURRENCE OF Gymnodinium catenatum IN THE GULF OF THAILAND
dino_pre2016,STX_DOC_000073,2008.0,dinoflagellate,dinoflagellate_stx,gymnodinium,DINO_TAXON,OCCURRENCE OF Gymnodinium catenatum IN THE GULF OF THAILAND
dino_pre2016,STX_DOC_000073,2008.0,dinoflagellate,dinoflagellate_stx,gymnodinium catenatum,DINO_TAXON,OCCURRENCE OF Gymnodinium catenatum IN THE GULF OF THAILAND
dino_pre2016,STX_DOC_000073,2008.0,dinoflagellate,dinoflagellate_stx,light,ENV_FACTOR,OCCURRENCE OF Gymnodinium catenatum IN THE GULF OF THAILAND
dino_pre2016,STX_DOC_000073,2008.0,dinoflagellate,dinoflagellate_stx,hplc,DETECTION_METHOD,OCCURRENCE OF Gymnodinium catenatum IN THE GULF OF THAILAND
dino_pre2016,STX_DOC_000074,1999.0,dinoflagellate,high_confidence_stx_biosynthesis,saxitoxin,TOXIN,Coupling of saxitoxin biosynthesis to the G1 phase of the cell cycle in the dinoflagellate Alexandrin fundyense: temperature and nutrient effects.
dino_pre2016,STX_DOC_000074,1999.0,dinoflagellate,high_confidence_stx_biosynthesis,stx,TOXIN,Coupling of saxitoxin biosynthesis to the G1 phase of the cell cycle in the dinoflagellate Alexandrin fundyense: temperature and nutrient effects.
dino_pre2016,STX_DOC_000074,1999.0,dinoflagellate,high_confidence_stx_biosynthesis,gtx,TOXIN,Coupling of saxitoxin biosynthesis to the G1 phase of the cell cycle in the dinoflagellate Alexandrin fundyense: temperature and nutrient effects.
dino_pre2016,STX_DOC_000074,1999.0,dinoflagellate,high_confidence_stx_biosynthesis,dinoflagellate,DINO_TAXON,Coupling of saxitoxin biosynthesis to the G1 phase of the cell cycle in the dinoflagellate Alexandrin fundyense: temperature and nutrient effects.
dino_pre2016,STX_DOC_000074,1999.0,dinoflagellate,high_confidence_stx_biosynthesis,alexandrium,DINO_TAXON,Coupling of saxitoxin biosynthesis to the G1 phase of the cell cycle in the dinoflagellate Alexandrin fundyense: temperature and nutrient effects.
dino_pre2016,STX_DOC_000074,1999.0,dinoflagellate,high_confidence_stx_biosynthesis,alexandrium fundyense,DINO_TAXON,Coupling of saxitoxin biosynthesis to the G1 phase of the cell cycle in the dinoflagellate Alexandrin fundyense: temperature and nutrient effects.
dino_pre2016,STX_DOC_000074,1999.0,dinoflagellate,high_confidence_stx_biosynthesis,temperature,ENV_FACTOR,Coupling of saxitoxin biosynthesis to the G1 phase of the cell cycle in the dinoflagellate Alexandrin fundyense: temperature and nutrient effects.
dino_pre2016,STX_DOC_000074,1999.0,dinoflagellate,high_confidence_stx_biosynthesis,phosphate,ENV_FACTOR,Coupling of saxitoxin biosynthesis to the G1 phase of the cell cycle in the dinoflagellate Alexandrin fundyense: temperature and nutrient effects.
dino_pre2016,STX_DOC_000074,1999.0,dinoflagellate,high_confidence_stx_biosynthesis,nutrient,ENV_FACTOR,Coupling of saxitoxin biosynthesis to the G1 phase of the cell cycle in the dinoflagellate Alexandrin fundyense: temperature and nutrient effects.
dino_pre2016,STX_DOC_000074,1999.0,dinoflagellate,high_confidence_stx_biosynthesis,biosynthesis,BIOLOGICAL_PROCESS,Coupling of saxitoxin biosynthesis to the G1 phase of the cell cycle in the dinoflagellate Alexandrin fundyense: temperature and nutrient effects.
dino_pre2016,STX_DOC_000074,1999.0,dinoflagellate,high_confidence_stx_biosynthesis,toxin biosynthesis,BIOLOGICAL_PROCESS,Coupling of saxitoxin biosynthesis to the G1 phase of the cell cycle in the dinoflagellate Alexandrin fundyense: temperature and nutrient effects.
dino_pre2016,STX_DOC_000074,1999.0,dinoflagellate,high_confidence_stx_biosynthesis,saxitoxin biosynthesis,BIOLOGICAL_PROCESS,Coupling of saxitoxin biosynthesis to the G1 phase of the cell cycle in the dinoflagellate Alexandrin fundyense: temperature and nutrient effects.
dino_pre2016,STX_DOC_000074,1999.0,dinoflagellate,high_confidence_stx_biosynthesis,toxicity,BIOLOGICAL_PROCESS,Coupling of saxitoxin biosynthesis to the G1 phase of the cell cycle in the dinoflagellate Alexandrin fundyense: temperature and nutrient effects.
dino_pre2016,STX_DOC_000074,1999.0,dinoflagellate,high_confidence_stx_biosynthesis,toxin production,BIOLOGICAL_PROCESS,Coupling of saxitoxin biosynthesis to the G1 phase of the cell cycle in the dinoflagellate Alexandrin fundyense: temperature and nutrient effects.
dino_pre2016,STX_DOC_000078,2015.0,dinoflagellate,dinoflagellate_stx,gonyautoxin,TOXIN,Environmental effects of modified clay flocculation on Alexandrium tamarense and paralytic shellfish poisoning toxins (PSTs).
dino_pre2016,STX_DOC_000078,2015.0,dinoflagellate,dinoflagellate_stx,psts,TOXIN,Environmental effects of modified clay flocculation on Alexandrium tamarense and paralytic shellfish poisoning toxins (PSTs).
dino_pre2016,STX_DOC_000078,2015.0,dinoflagellate,dinoflagellate_stx,paralytic shellfish poisoning,TOXIN,Environmental effects of modified clay flocculation on Alexandrium tamarense and paralytic shellfish poisoning toxins (PSTs).
dino_pre2016,STX_DOC_000078,2015.0,dinoflagellate,dinoflagellate_stx,alexandrium,DINO_TAXON,Environmental effects of modified clay flocculation on Alexandrium tamarense and paralytic shellfish poisoning toxins (PSTs).
dino_pre2016,STX_DOC_000078,2015.0,dinoflagellate,dinoflagellate_stx,alexandrium tamarense,DINO_TAXON,Environmental effects of modified clay flocculation on Alexandrium tamarense and paralytic shellfish poisoning toxins (PSTs).
dino_pre2016,STX_DOC_000078,2015.0,dinoflagellate,dinoflagellate_stx,nutrient,ENV_FACTOR,Environmental effects of modified clay flocculation on Alexandrium tamarense and paralytic shellfish poisoning toxins (PSTs).
dino_pre2016,STX_DOC_000078,2015.0,dinoflagellate,dinoflagellate_stx,bloom,ENV_FACTOR,Environmental effects of modified clay flocculation on Alexandrium tamarense and paralytic shellfish poisoning toxins (PSTs).
dino_pre2016,STX_DOC_000078,2015.0,dinoflagellate,dinoflagellate_stx,toxicity,BIOLOGICAL_PROCESS,Environmental effects of modified clay flocculation on Alexandrium tamarense and paralytic shellfish poisoning toxins (PSTs).
dino_pre2016,STX_DOC_000080,2010.0,cross_taxa,dinoflagellate_stx,saxitoxin,TOXIN,Route of metabolization and detoxication of paralytic shellfish toxins in humans.
dino_pre2016,STX_DOC_000080,2010.0,cross_taxa,dinoflagellate_stx,stx,TOXIN,Route of metabolization and detoxication of paralytic shellfish toxins in humans.
dino_pre2016,STX_DOC_000080,2010.0,cross_taxa,dinoflagellate_stx,neosaxitoxin,TOXIN,Route of metabolization and detoxication of paralytic shellfish toxins in humans.
dino_pre2016,STX_DOC_000080,2010.0,cross_taxa,dinoflagellate_stx,gonyautoxin,TOXIN,Route of metabolization and detoxication of paralytic shellfish toxins in humans.
dino_pre2016,STX_DOC_000080,2010.0,cross_taxa,dinoflagellate_stx,paralytic shellfish toxins,TOXIN,Route of metabolization and detoxication of paralytic shellfish toxins in humans.
dino_pre2016,STX_DOC_000080,2010.0,cross_taxa,dinoflagellate_stx,pst,TOXIN,Route of metabolization and detoxication of paralytic shellfish toxins in humans.
dino_pre2016,STX_DOC_000080,2010.0,cross_taxa,dinoflagellate_stx,dinoflagellates,DINO_TAXON,Route of metabolization and detoxication of paralytic shellfish toxins in humans.
dino_pre2016,STX_DOC_000080,2010.0,cross_taxa,dinoflagellate_stx,cyanobacteria,CYANO_TAXON,Route of metabolization and detoxication of paralytic shellfish toxins in humans.
dino_pre2016,STX_DOC_000080,2010.0,cross_taxa,dinoflagellate_stx,hplc,DETECTION_METHOD,Route of metabolization and detoxication of paralytic shellfish toxins in humans.
dino_pre2016,STX_DOC_000081,2008.0,dinoflagellate,dinoflagellate_stx,saxitoxin,TOXIN,Paralytic shellfish poisoning toxin profile of mussels Perna perna from southern Atlantic coasts of Morocco.
dino_pre2016,STX_DOC_000081,2008.0,dinoflagellate,dinoflagellate_stx,stx,TOXIN,Paralytic shellfish poisoning toxin profile of mussels Perna perna from southern Atlantic coasts of Morocco.
dino_pre2016,STX_DOC_000081,2008.0,dinoflagellate,dinoflagellate_stx,paralytic shellfish poisoning,TOXIN,Paralytic shellfish poisoning toxin profile of mussels Perna perna from southern Atlantic coasts of Morocco.
dino_pre2016,STX_DOC_000081,2008.0,dinoflagellate,dinoflagellate_stx,alexandrium,DINO_TAXON,Paralytic shellfish poisoning toxin profile of mussels Perna perna from southern Atlantic coasts of Morocco.
dino_pre2016,STX_DOC_000081,2008.0,dinoflagellate,dinoflagellate_stx,alexandrium minutum,DINO_TAXON,Paralytic shellfish poisoning toxin profile of mussels Perna perna from southern Atlantic coasts of Morocco.
dino_pre2016,STX_DOC_000081,2008.0,dinoflagellate,dinoflagellate_stx,evolution,BIOLOGICAL_PROCESS,Paralytic shellfish poisoning toxin profile of mussels Perna perna from southern Atlantic coasts of Morocco.
dino_pre2016,STX_DOC_000081,2008.0,dinoflagellate,dinoflagellate_stx,toxicity,BIOLOGICAL_PROCESS,Paralytic shellfish poisoning toxin profile of mussels Perna perna from southern Atlantic coasts of Morocco.
dino_pre2016,STX_DOC_000081,2008.0,dinoflagellate,dinoflagellate_stx,hplc,DETECTION_METHOD,Paralytic shellfish poisoning toxin profile of mussels Perna perna from southern Atlantic coasts of Morocco.
dino_pre2016,STX_DOC_000081,2008.0,dinoflagellate,dinoflagellate_stx,mouse bioassay,DETECTION_METHOD,Paralytic shellfish poisoning toxin profile of mussels Perna perna from southern Atlantic coasts of Morocco.
dino_pre2016,STX_DOC_000082,2003.0,cross_taxa,dinoflagellate_stx,saxitoxin,TOXIN,PARALYTIC SHELLFISH TOXINS ARE RESTRICTED TO FEW SPECIES AMONG AUSTRALIA'S TAXONOMIC DIVERSITY OF CULTURED MICROALGAE<sup>1</sup>
dino_pre2016,STX_DOC_000082,2003.0,cross_taxa,dinoflagellate_stx,paralytic shellfish toxins,TOXIN,PARALYTIC SHELLFISH TOXINS ARE RESTRICTED TO FEW SPECIES AMONG AUSTRALIA'S TAXONOMIC DIVERSITY OF CULTURED MICROALGAE<sup>1</sup>
dino_pre2016,STX_DOC_000082,2003.0,cross_taxa,dinoflagellate_stx,pst,TOXIN,PARALYTIC SHELLFISH TOXINS ARE RESTRICTED TO FEW SPECIES AMONG AUSTRALIA'S TAXONOMIC DIVERSITY OF CULTURED MICROALGAE<sup>1</sup>
dino_pre2016,STX_DOC_000082,2003.0,cross_taxa,dinoflagellate_stx,psts,TOXIN,PARALYTIC SHELLFISH TOXINS ARE RESTRICTED TO FEW SPECIES AMONG AUSTRALIA'S TAXONOMIC DIVERSITY OF CULTURED MICROALGAE<sup>1</sup>
dino_pre2016,STX_DOC_000082,2003.0,cross_taxa,dinoflagellate_stx,dinoflagellates,DINO_TAXON,PARALYTIC SHELLFISH TOXINS ARE RESTRICTED TO FEW SPECIES AMONG AUSTRALIA'S TAXONOMIC DIVERSITY OF CULTURED MICROALGAE<sup>1</sup>
dino_pre2016,STX_DOC_000082,2003.0,cross_taxa,dinoflagellate_stx,alexandrium,DINO_TAXON,PARALYTIC SHELLFISH TOXINS ARE RESTRICTED TO FEW SPECIES AMONG AUSTRALIA'S TAXONOMIC DIVERSITY OF CULTURED MICROALGAE<sup>1</sup>
dino_pre2016,STX_DOC_000082,2003.0,cross_taxa,dinoflagellate_stx,alexandrium minutum,DINO_TAXON,PARALYTIC SHELLFISH TOXINS ARE RESTRICTED TO FEW SPECIES AMONG AUSTRALIA'S TAXONOMIC DIVERSITY OF CULTURED MICROALGAE<sup>1</sup>
dino_pre2016,STX_DOC_000082,2003.0,cross_taxa,dinoflagellate_stx,gymnodinium,DINO_TAXON,PARALYTIC SHELLFISH TOXINS ARE RESTRICTED TO FEW SPECIES AMONG AUSTRALIA'S TAXONOMIC DIVERSITY OF CULTURED MICROALGAE<sup>1</sup>
dino_pre2016,STX_DOC_000082,2003.0,cross_taxa,dinoflagellate_stx,gymnodinium catenatum,DINO_TAXON,PARALYTIC SHELLFISH TOXINS ARE RESTRICTED TO FEW SPECIES AMONG AUSTRALIA'S TAXONOMIC DIVERSITY OF CULTURED MICROALGAE<sup>1</sup>
dino_pre2016,STX_DOC_000082,2003.0,cross_taxa,dinoflagellate_stx,cyanobacteria,CYANO_TAXON,PARALYTIC SHELLFISH TOXINS ARE RESTRICTED TO FEW SPECIES AMONG AUSTRALIA'S TAXONOMIC DIVERSITY OF CULTURED MICROALGAE<sup>1</sup>
dino_pre2016,STX_DOC_000082,2003.0,cross_taxa,dinoflagellate_stx,cyanobacterium,CYANO_TAXON,PARALYTIC SHELLFISH TOXINS ARE RESTRICTED TO FEW SPECIES AMONG AUSTRALIA'S TAXONOMIC DIVERSITY OF CULTURED MICROALGAE<sup>1</sup>
dino_pre2016,STX_DOC_000082,2003.0,cross_taxa,dinoflagellate_stx,anabaena,CYANO_TAXON,PARALYTIC SHELLFISH TOXINS ARE RESTRICTED TO FEW SPECIES AMONG AUSTRALIA'S TAXONOMIC DIVERSITY OF CULTURED MICROALGAE<sup>1</sup>
dino_pre2016,STX_DOC_000083,1995.0,dinoflagellate,dinoflagellate_stx,stx,TOXIN,"Paralytic Shellfish Toxin Profiles of the Dinoflagellate Alexandrium Species Isolated from Benthic Cysts in Jinhae Bay, Korea"
dino_pre2016,STX_DOC_000083,1995.0,dinoflagellate,dinoflagellate_stx,paralytic shellfish toxin,TOXIN,"Paralytic Shellfish Toxin Profiles of the Dinoflagellate Alexandrium Species Isolated from Benthic Cysts in Jinhae Bay, Korea"
dino_pre2016,STX_DOC_000083,1995.0,dinoflagellate,dinoflagellate_stx,paralytic shellfish poisoning,TOXIN,"Paralytic Shellfish Toxin Profiles of the Dinoflagellate Alexandrium Species Isolated from Benthic Cysts in Jinhae Bay, Korea"
dino_pre2016,STX_DOC_000083,1995.0,dinoflagellate,dinoflagellate_stx,dinoflagellate,DINO_TAXON,"Paralytic Shellfish Toxin Profiles of the Dinoflagellate Alexandrium Species Isolated from Benthic Cysts in Jinhae Bay, Korea"
dino_pre2016,STX_DOC_000083,1995.0,dinoflagellate,dinoflagellate_stx,alexandrium,DINO_TAXON,"Paralytic Shellfish Toxin Profiles of the Dinoflagellate Alexandrium Species Isolated from Benthic Cysts in Jinhae Bay, Korea"
dino_pre2016,STX_DOC_000083,1995.0,dinoflagellate,dinoflagellate_stx,toxin production,BIOLOGICAL_PROCESS,"Paralytic Shellfish Toxin Profiles of the Dinoflagellate Alexandrium Species Isolated from Benthic Cysts in Jinhae Bay, Korea"
dino_pre2016,STX_DOC_000083,1995.0,dinoflagellate,dinoflagellate_stx,hplc,DETECTION_METHOD,"Paralytic Shellfish Toxin Profiles of the Dinoflagellate Alexandrium Species Isolated from Benthic Cysts in Jinhae Bay, Korea"
dino_pre2016,STX_DOC_000093,2014.0,dinoflagellate,high_confidence_stx_biosynthesis,saxitoxin,TOXIN,Gene expression and molecular evolution of sxtA4 in a saxitoxin producing dinoflagellate Alexandrium catenella.
dino_pre2016,STX_DOC_000093,2014.0,dinoflagellate,high_confidence_stx_biosynthesis,stx,TOXIN,Gene expression and molecular evolution of sxtA4 in a saxitoxin producing dinoflagellate Alexandrium catenella.
dino_pre2016,STX_DOC_000093,2014.0,dinoflagellate,high_confidence_stx_biosynthesis,paralytic shellfish poisoning,TOXIN,Gene expression and molecular evolution of sxtA4 in a saxitoxin producing dinoflagellate Alexandrium catenella.
dino_pre2016,STX_DOC_000093,2014.0,dinoflagellate,high_confidence_stx_biosynthesis,sxta4,SXT_GENE,Gene expression and molecular evolution of sxtA4 in a saxitoxin producing dinoflagellate Alexandrium catenella.
dino_pre2016,STX_DOC_000093,2014.0,dinoflagellate,high_confidence_stx_biosynthesis,dinoflagellate,DINO_TAXON,Gene expression and molecular evolution of sxtA4 in a saxitoxin producing dinoflagellate Alexandrium catenella.
dino_pre2016,STX_DOC_000093,2014.0,dinoflagellate,high_confidence_stx_biosynthesis,dinoflagellates,DINO_TAXON,Gene expression and molecular evolution of sxtA4 in a saxitoxin producing dinoflagellate Alexandrium catenella.
dino_pre2016,STX_DOC_000093,2014.0,dinoflagellate,high_confidence_stx_biosynthesis,alexandrium,DINO_TAXON,Gene expression and molecular evolution of sxtA4 in a saxitoxin producing dinoflagellate Alexandrium catenella.
dino_pre2016,STX_DOC_000093,2014.0,dinoflagellate,high_confidence_stx_biosynthesis,alexandrium catenella,DINO_TAXON,Gene expression and molecular evolution of sxtA4 in a saxitoxin producing dinoflagellate Alexandrium catenella.
dino_pre2016,STX_DOC_000093,2014.0,dinoflagellate,high_confidence_stx_biosynthesis,alexandrium fundyense,DINO_TAXON,Gene expression and molecular evolution of sxtA4 in a saxitoxin producing dinoflagellate Alexandrium catenella.
dino_pre2016,STX_DOC_000093,2014.0,dinoflagellate,high_confidence_stx_biosynthesis,biosynthesis,BIOLOGICAL_PROCESS,Gene expression and molecular evolution of sxtA4 in a saxitoxin producing dinoflagellate Alexandrium catenella.
dino_pre2016,STX_DOC_000093,2014.0,dinoflagellate,high_confidence_stx_biosynthesis,saxitoxin biosynthesis,BIOLOGICAL_PROCESS,Gene expression and molecular evolution of sxtA4 in a saxitoxin producing dinoflagellate Alexandrium catenella.
dino_pre2016,STX_DOC_000093,2014.0,dinoflagellate,high_confidence_stx_biosynthesis,regulation,BIOLOGICAL_PROCESS,Gene expression and molecular evolution of sxtA4 in a saxitoxin producing dinoflagellate Alexandrium catenella.
dino_pre2016,STX_DOC_000093,2014.0,dinoflagellate,high_confidence_stx_biosynthesis,expression,BIOLOGICAL_PROCESS,Gene expression and molecular evolution of sxtA4 in a saxitoxin producing dinoflagellate Alexandrium catenella.
dino_pre2016,STX_DOC_000093,2014.0,dinoflagellate,high_confidence_stx_biosynthesis,gene expression,BIOLOGICAL_PROCESS,Gene expression and molecular evolution of sxtA4 in a saxitoxin producing dinoflagellate Alexandrium catenella.
dino_pre2016,STX_DOC_000093,2014.0,dinoflagellate,high_confidence_stx_biosynthesis,transcription,BIOLOGICAL_PROCESS,Gene expression and molecular evolution of sxtA4 in a saxitoxin producing dinoflagellate Alexandrium catenella.
dino_pre2016,STX_DOC_000093,2014.0,dinoflagellate,high_confidence_stx_biosynthesis,evolution,BIOLOGICAL_PROCESS,Gene expression and molecular evolution of sxtA4 in a saxitoxin producing dinoflagellate Alexandrium catenella.
dino_pre2016,STX_DOC_000095,2006.0,dinoflagellate,dinoflagellate_stx,saxitoxin,TOXIN,Accumulation and depuration profiles of PSP toxins in the short-necked clam Tapes japonica fed with the toxic dinoflagellate Alexandrium catenella.
dino_pre2016,STX_DOC_000095,2006.0,dinoflagellate,dinoflagellate_stx,stx,TOXIN,Accumulation and depuration profiles of PSP toxins in the short-necked clam Tapes japonica fed with the toxic dinoflagellate Alexandrium catenella.
dino_pre2016,STX_DOC_000095,2006.0,dinoflagellate,dinoflagellate_stx,gonyautoxin,TOXIN,Accumulation and depuration profiles of PSP toxins in the short-necked clam Tapes japonica fed with the toxic dinoflagellate Alexandrium catenella.
dino_pre2016,STX_DOC_000095,2006.0,dinoflagellate,dinoflagellate_stx,gtx,TOXIN,Accumulation and depuration profiles of PSP toxins in the short-necked clam Tapes japonica fed with the toxic dinoflagellate Alexandrium catenella.
dino_pre2016,STX_DOC_000095,2006.0,dinoflagellate,dinoflagellate_stx,paralytic shellfish poisoning,TOXIN,Accumulation and depuration profiles of PSP toxins in the short-necked clam Tapes japonica fed with the toxic dinoflagellate Alexandrium catenella.
dino_pre2016,STX_DOC_000095,2006.0,dinoflagellate,dinoflagellate_stx,dinoflagellate,DINO_TAXON,Accumulation and depuration profiles of PSP toxins in the short-necked clam Tapes japonica fed with the toxic dinoflagellate Alexandrium catenella.
dino_pre2016,STX_DOC_000095,2006.0,dinoflagellate,dinoflagellate_stx,alexandrium,DINO_TAXON,Accumulation and depuration profiles of PSP toxins in the short-necked clam Tapes japonica fed with the toxic dinoflagellate Alexandrium catenella.
dino_pre2016,STX_DOC_000095,2006.0,dinoflagellate,dinoflagellate_stx,alexandrium catenella,DINO_TAXON,Accumulation and depuration profiles of PSP toxins in the short-necked clam Tapes japonica fed with the toxic dinoflagellate Alexandrium catenella.
dino_pre2016,STX_DOC_000095,2006.0,dinoflagellate,dinoflagellate_stx,hplc,DETECTION_METHOD,Accumulation and depuration profiles of PSP toxins in the short-necked clam Tapes japonica fed with the toxic dinoflagellate Alexandrium catenella.
dino_pre2016,STX_DOC_000096,2002.0,dinoflagellate,dinoflagellate_stx,saxitoxin,TOXIN,SINGAPORE ISOLATES OF THE DINOFLAGELLATE <i>GYMNODINIUM CATENATUM</i> (DINOPHYCEAE) PRODUCE A UNIQUE PROFILE OF PARALYTIC SHELLFISH POISONING TOXINS<sup>1</sup>
dino_pre2016,STX_DOC_000096,2002.0,dinoflagellate,dinoflagellate_stx,neosaxitoxin,TOXIN,SINGAPORE ISOLATES OF THE DINOFLAGELLATE <i>GYMNODINIUM CATENATUM</i> (DINOPHYCEAE) PRODUCE A UNIQUE PROFILE OF PARALYTIC SHELLFISH POISONING TOXINS<sup>1</sup>
dino_pre2016,STX_DOC_000096,2002.0,dinoflagellate,dinoflagellate_stx,gonyautoxin,TOXIN,SINGAPORE ISOLATES OF THE DINOFLAGELLATE <i>GYMNODINIUM CATENATUM</i> (DINOPHYCEAE) PRODUCE A UNIQUE PROFILE OF PARALYTIC SHELLFISH POISONING TOXINS<sup>1</sup>
dino_pre2016,STX_DOC_000096,2002.0,dinoflagellate,dinoflagellate_stx,gtx,TOXIN,SINGAPORE ISOLATES OF THE DINOFLAGELLATE <i>GYMNODINIUM CATENATUM</i> (DINOPHYCEAE) PRODUCE A UNIQUE PROFILE OF PARALYTIC SHELLFISH POISONING TOXINS<sup>1</sup>
dino_pre2016,STX_DOC_000096,2002.0,dinoflagellate,dinoflagellate_stx,paralytic shellfish poisoning,TOXIN,SINGAPORE ISOLATES OF THE DINOFLAGELLATE <i>GYMNODINIUM CATENATUM</i> (DINOPHYCEAE) PRODUCE A UNIQUE PROFILE OF PARALYTIC SHELLFISH POISONING TOXINS<sup>1</sup>
dino_pre2016,STX_DOC_000096,2002.0,dinoflagellate,dinoflagellate_stx,dinoflagellate,DINO_TAXON,SINGAPORE ISOLATES OF THE DINOFLAGELLATE <i>GYMNODINIUM CATENATUM</i> (DINOPHYCEAE) PRODUCE A UNIQUE PROFILE OF PARALYTIC SHELLFISH POISONING TOXINS<sup>1</sup>
dino_pre2016,STX_DOC_000096,2002.0,dinoflagellate,dinoflagellate_stx,gymnodinium,DINO_TAXON,SINGAPORE ISOLATES OF THE DINOFLAGELLATE <i>GYMNODINIUM CATENATUM</i> (DINOPHYCEAE) PRODUCE A UNIQUE PROFILE OF PARALYTIC SHELLFISH POISONING TOXINS<sup>1</sup>
dino_pre2016,STX_DOC_000096,2002.0,dinoflagellate,dinoflagellate_stx,gymnodinium catenatum,DINO_TAXON,SINGAPORE ISOLATES OF THE DINOFLAGELLATE <i>GYMNODINIUM CATENATUM</i> (DINOPHYCEAE) PRODUCE A UNIQUE PROFILE OF PARALYTIC SHELLFISH POISONING TOXINS<sup>1</sup>
dino_pre2016,STX_DOC_000096,2002.0,dinoflagellate,dinoflagellate_stx,toxicity,BIOLOGICAL_PROCESS,SINGAPORE ISOLATES OF THE DINOFLAGELLATE <i>GYMNODINIUM CATENATUM</i> (DINOPHYCEAE) PRODUCE A UNIQUE PROFILE OF PARALYTIC SHELLFISH POISONING TOXINS<sup>1</sup>
dino_pre2016,STX_DOC_000096,2002.0,dinoflagellate,dinoflagellate_stx,hplc,DETECTION_METHOD,SINGAPORE ISOLATES OF THE DINOFLAGELLATE <i>GYMNODINIUM CATENATUM</i> (DINOPHYCEAE) PRODUCE A UNIQUE PROFILE OF PARALYTIC SHELLFISH POISONING TOXINS<sup>1</sup>
dino_pre2016,STX_DOC_000096,2002.0,dinoflagellate,dinoflagellate_stx,mass spectrometry,DETECTION_METHOD,SINGAPORE ISOLATES OF THE DINOFLAGELLATE <i>GYMNODINIUM CATENATUM</i> (DINOPHYCEAE) PRODUCE A UNIQUE PROFILE OF PARALYTIC SHELLFISH POISONING TOXINS<sup>1</sup>
dino_pre2016,STX_DOC_000096,2002.0,dinoflagellate,dinoflagellate_stx,mouse bioassay,DETECTION_METHOD,SINGAPORE ISOLATES OF THE DINOFLAGELLATE <i>GYMNODINIUM CATENATUM</i> (DINOPHYCEAE) PRODUCE A UNIQUE PROFILE OF PARALYTIC SHELLFISH POISONING TOXINS<sup>1</sup>
dino_pre2016,STX_DOC_000098,1999.0,dinoflagellate,high_confidence_stx_biosynthesis,saxitoxin,TOXIN,Coupling of saxitoxin biosynthesis to the G1 phase of the cell cycle in the dinoflagellateAlexandrin fundyense: temperature and nutrient effects
dino_pre2016,STX_DOC_000098,1999.0,dinoflagellate,high_confidence_stx_biosynthesis,stx,TOXIN,Coupling of saxitoxin biosynthesis to the G1 phase of the cell cycle in the dinoflagellateAlexandrin fundyense: temperature and nutrient effects
dino_pre2016,STX_DOC_000098,1999.0,dinoflagellate,high_confidence_stx_biosynthesis,gtx,TOXIN,Coupling of saxitoxin biosynthesis to the G1 phase of the cell cycle in the dinoflagellateAlexandrin fundyense: temperature and nutrient effects
dino_pre2016,STX_DOC_000098,1999.0,dinoflagellate,high_confidence_stx_biosynthesis,alexandrium,DINO_TAXON,Coupling of saxitoxin biosynthesis to the G1 phase of the cell cycle in the dinoflagellateAlexandrin fundyense: temperature and nutrient effects
dino_pre2016,STX_DOC_000098,1999.0,dinoflagellate,high_confidence_stx_biosynthesis,alexandrium fundyense,DINO_TAXON,Coupling of saxitoxin biosynthesis to the G1 phase of the cell cycle in the dinoflagellateAlexandrin fundyense: temperature and nutrient effects
dino_pre2016,STX_DOC_000098,1999.0,dinoflagellate,high_confidence_stx_biosynthesis,temperature,ENV_FACTOR,Coupling of saxitoxin biosynthesis to the G1 phase of the cell cycle in the dinoflagellateAlexandrin fundyense: temperature and nutrient effects
dino_pre2016,STX_DOC_000098,1999.0,dinoflagellate,high_confidence_stx_biosynthesis,phosphate,ENV_FACTOR,Coupling of saxitoxin biosynthesis to the G1 phase of the cell cycle in the dinoflagellateAlexandrin fundyense: temperature and nutrient effects
dino_pre2016,STX_DOC_000098,1999.0,dinoflagellate,high_confidence_stx_biosynthesis,nutrient,ENV_FACTOR,Coupling of saxitoxin biosynthesis to the G1 phase of the cell cycle in the dinoflagellateAlexandrin fundyense: temperature and nutrient effects
dino_pre2016,STX_DOC_000098,1999.0,dinoflagellate,high_confidence_stx_biosynthesis,biosynthesis,BIOLOGICAL_PROCESS,Coupling of saxitoxin biosynthesis to the G1 phase of the cell cycle in the dinoflagellateAlexandrin fundyense: temperature and nutrient effects
dino_pre2016,STX_DOC_000098,1999.0,dinoflagellate,high_confidence_stx_biosynthesis,toxin biosynthesis,BIOLOGICAL_PROCESS,Coupling of saxitoxin biosynthesis to the G1 phase of the cell cycle in the dinoflagellateAlexandrin fundyense: temperature and nutrient effects
dino_pre2016,STX_DOC_000098,1999.0,dinoflagellate,high_confidence_stx_biosynthesis,saxitoxin biosynthesis,BIOLOGICAL_PROCESS,Coupling of saxitoxin biosynthesis to the G1 phase of the cell cycle in the dinoflagellateAlexandrin fundyense: temperature and nutrient effects
dino_pre2016,STX_DOC_000098,1999.0,dinoflagellate,high_confidence_stx_biosynthesis,toxicity,BIOLOGICAL_PROCESS,Coupling of saxitoxin biosynthesis to the G1 phase of the cell cycle in the dinoflagellateAlexandrin fundyense: temperature and nutrient effects
dino_pre2016,STX_DOC_000098,1999.0,dinoflagellate,high_confidence_stx_biosynthesis,toxin production,BIOLOGICAL_PROCESS,Coupling of saxitoxin biosynthesis to the G1 phase of the cell cycle in the dinoflagellateAlexandrin fundyense: temperature and nutrient effects
dino_pre2016,STX_DOC_000099,1982.0,dinoflagellate,dinoflagellate_stx,stx,TOXIN,Studies on paralytic shellfish poisoning in tropical waters - III. Confirmation of paralytic shellfish toxins in the dinoflagellate Pyrodinium bahamense var. compressa and bivalves in Palau.
dino_pre2016,STX_DOC_000099,1982.0,dinoflagellate,dinoflagellate_stx,neosaxitoxin,TOXIN,Studies on paralytic shellfish poisoning in tropical waters - III. Confirmation of paralytic shellfish toxins in the dinoflagellate Pyrodinium bahamense var. compressa and bivalves in Palau.
dino_pre2016,STX_DOC_000099,1982.0,dinoflagellate,dinoflagellate_stx,gonyautoxin,TOXIN,Studies on paralytic shellfish poisoning in tropical waters - III. Confirmation of paralytic shellfish toxins in the dinoflagellate Pyrodinium bahamense var. compressa and bivalves in Palau.
dino_pre2016,STX_DOC_000099,1982.0,dinoflagellate,dinoflagellate_stx,paralytic shellfish toxins,TOXIN,Studies on paralytic shellfish poisoning in tropical waters - III. Confirmation of paralytic shellfish toxins in the dinoflagellate Pyrodinium bahamense var. compressa and bivalves in Palau.
dino_pre2016,STX_DOC_000099,1982.0,dinoflagellate,dinoflagellate_stx,paralytic shellfish poisoning,TOXIN,Studies on paralytic shellfish poisoning in tropical waters - III. Confirmation of paralytic shellfish toxins in the dinoflagellate Pyrodinium bahamense var. compressa and bivalves in Palau.
dino_pre2016,STX_DOC_000099,1982.0,dinoflagellate,dinoflagellate_stx,dinoflagellate,DINO_TAXON,Studies on paralytic shellfish poisoning in tropical waters - III. Confirmation of paralytic shellfish toxins in the dinoflagellate Pyrodinium bahamense var. compressa and bivalves in Palau.
dino_pre2016,STX_DOC_000099,1982.0,dinoflagellate,dinoflagellate_stx,pyrodinium,DINO_TAXON,Studies on paralytic shellfish poisoning in tropical waters - III. Confirmation of paralytic shellfish toxins in the dinoflagellate Pyrodinium bahamense var. compressa and bivalves in Palau.
dino_pre2016,STX_DOC_000099,1982.0,dinoflagellate,dinoflagellate_stx,pyrodinium bahamense,DINO_TAXON,Studies on paralytic shellfish poisoning in tropical waters - III. Confirmation of paralytic shellfish toxins in the dinoflagellate Pyrodinium bahamense var. compressa and bivalves in Palau.
dino_pre2016,STX_DOC_000113,2015.0,cross_taxa,high_confidence_stx_biosynthesis,paralytic shellfish toxins,TOXIN,Relationship of proteomic variation and toxin synthesis in the dinoflagellate Alexandrium tamarense CI01 under phosphorus and inorganic nitrogen limitation.
dino_pre2016,STX_DOC_000113,2015.0,cross_taxa,high_confidence_stx_biosynthesis,pst,TOXIN,Relationship of proteomic variation and toxin synthesis in the dinoflagellate Alexandrium tamarense CI01 under phosphorus and inorganic nitrogen limitation.
dino_pre2016,STX_DOC_000113,2015.0,cross_taxa,high_confidence_stx_biosynthesis,psts,TOXIN,Relationship of proteomic variation and toxin synthesis in the dinoflagellate Alexandrium tamarense CI01 under phosphorus and inorganic nitrogen limitation.
dino_pre2016,STX_DOC_000113,2015.0,cross_taxa,high_confidence_stx_biosynthesis,dinoflagellate,DINO_TAXON,Relationship of proteomic variation and toxin synthesis in the dinoflagellate Alexandrium tamarense CI01 under phosphorus and inorganic nitrogen limitation.
dino_pre2016,STX_DOC_000113,2015.0,cross_taxa,high_confidence_stx_biosynthesis,dinoflagellates,DINO_TAXON,Relationship of proteomic variation and toxin synthesis in the dinoflagellate Alexandrium tamarense CI01 under phosphorus and inorganic nitrogen limitation.
dino_pre2016,STX_DOC_000113,2015.0,cross_taxa,high_confidence_stx_biosynthesis,alexandrium,DINO_TAXON,Relationship of proteomic variation and toxin synthesis in the dinoflagellate Alexandrium tamarense CI01 under phosphorus and inorganic nitrogen limitation.
dino_pre2016,STX_DOC_000113,2015.0,cross_taxa,high_confidence_stx_biosynthesis,alexandrium tamarense,DINO_TAXON,Relationship of proteomic variation and toxin synthesis in the dinoflagellate Alexandrium tamarense CI01 under phosphorus and inorganic nitrogen limitation.
dino_pre2016,STX_DOC_000113,2015.0,cross_taxa,high_confidence_stx_biosynthesis,cyanobacteria,CYANO_TAXON,Relationship of proteomic variation and toxin synthesis in the dinoflagellate Alexandrium tamarense CI01 under phosphorus and inorganic nitrogen limitation.
dino_pre2016,STX_DOC_000113,2015.0,cross_taxa,high_confidence_stx_biosynthesis,nitrogen,ENV_FACTOR,Relationship of proteomic variation and toxin synthesis in the dinoflagellate Alexandrium tamarense CI01 under phosphorus and inorganic nitrogen limitation.
dino_pre2016,STX_DOC_000113,2015.0,cross_taxa,high_confidence_stx_biosynthesis,phosphorus,ENV_FACTOR,Relationship of proteomic variation and toxin synthesis in the dinoflagellate Alexandrium tamarense CI01 under phosphorus and inorganic nitrogen limitation.
dino_pre2016,STX_DOC_000113,2015.0,cross_taxa,high_confidence_stx_biosynthesis,nutrient,ENV_FACTOR,Relationship of proteomic variation and toxin synthesis in the dinoflagellate Alexandrium tamarense CI01 under phosphorus and inorganic nitrogen limitation.
dino_pre2016,STX_DOC_000113,2015.0,cross_taxa,high_confidence_stx_biosynthesis,biosynthesis,BIOLOGICAL_PROCESS,Relationship of proteomic variation and toxin synthesis in the dinoflagellate Alexandrium tamarense CI01 under phosphorus and inorganic nitrogen limitation.
dino_pre2016,STX_DOC_000113,2015.0,cross_taxa,high_confidence_stx_biosynthesis,toxin biosynthesis,BIOLOGICAL_PROCESS,Relationship of proteomic variation and toxin synthesis in the dinoflagellate Alexandrium tamarense CI01 under phosphorus and inorganic nitrogen limitation.
dino_pre2016,STX_DOC_000113,2015.0,cross_taxa,high_confidence_stx_biosynthesis,expression,BIOLOGICAL_PROCESS,Relationship of proteomic variation and toxin synthesis in the dinoflagellate Alexandrium tamarense CI01 under phosphorus and inorganic nitrogen limitation.
dino_pre2016,STX_DOC_000116,2009.0,cross_taxa,dinoflagellate_stx,saxitoxin,TOXIN,"Atypical profiles of paralytic shellfish poisoning toxins in shellfish from Luanda and Mussulo bays, Angola."
dino_pre2016,STX_DOC_000116,2009.0,cross_taxa,dinoflagellate_stx,stx,TOXIN,"Atypical profiles of paralytic shellfish poisoning toxins in shellfish from Luanda and Mussulo bays, Angola."
dino_pre2016,STX_DOC_000116,2009.0,cross_taxa,dinoflagellate_stx,psts,TOXIN,"Atypical profiles of paralytic shellfish poisoning toxins in shellfish from Luanda and Mussulo bays, Angola."
dino_pre2016,STX_DOC_000116,2009.0,cross_taxa,dinoflagellate_stx,paralytic shellfish poisoning,TOXIN,"Atypical profiles of paralytic shellfish poisoning toxins in shellfish from Luanda and Mussulo bays, Angola."
dino_pre2016,STX_DOC_000116,2009.0,cross_taxa,dinoflagellate_stx,dinoflagellate,DINO_TAXON,"Atypical profiles of paralytic shellfish poisoning toxins in shellfish from Luanda and Mussulo bays, Angola."
dino_pre2016,STX_DOC_000116,2009.0,cross_taxa,dinoflagellate_stx,dinoflagellates,DINO_TAXON,"Atypical profiles of paralytic shellfish poisoning toxins in shellfish from Luanda and Mussulo bays, Angola."
dino_pre2016,STX_DOC_000116,2009.0,cross_taxa,dinoflagellate_stx,gymnodinium,DINO_TAXON,"Atypical profiles of paralytic shellfish poisoning toxins in shellfish from Luanda and Mussulo bays, Angola."
dino_pre2016,STX_DOC_000116,2009.0,cross_taxa,dinoflagellate_stx,gymnodinium catenatum,DINO_TAXON,"Atypical profiles of paralytic shellfish poisoning toxins in shellfish from Luanda and Mussulo bays, Angola."
dino_pre2016,STX_DOC_000116,2009.0,cross_taxa,dinoflagellate_stx,pyrodinium,DINO_TAXON,"Atypical profiles of paralytic shellfish poisoning toxins in shellfish from Luanda and Mussulo bays, Angola."
dino_pre2016,STX_DOC_000116,2009.0,cross_taxa,dinoflagellate_stx,pyrodinium bahamense,DINO_TAXON,"Atypical profiles of paralytic shellfish poisoning toxins in shellfish from Luanda and Mussulo bays, Angola."
dino_pre2016,STX_DOC_000116,2009.0,cross_taxa,dinoflagellate_stx,cyanobacterial,CYANO_TAXON,"Atypical profiles of paralytic shellfish poisoning toxins in shellfish from Luanda and Mussulo bays, Angola."
dino_pre2016,STX_DOC_000116,2009.0,cross_taxa,dinoflagellate_stx,hplc,DETECTION_METHOD,"Atypical profiles of paralytic shellfish poisoning toxins in shellfish from Luanda and Mussulo bays, Angola."
dino_pre2016,STX_DOC_000117,2006.0,dinoflagellate,dinoflagellate_stx,saxitoxin,TOXIN,Paralytic shellfish toxin profiles and toxin variability of the genus Alexandrium (Dinophyceae) isolated from the Southeast China Sea.
dino_pre2016,STX_DOC_000117,2006.0,dinoflagellate,dinoflagellate_stx,gonyautoxin,TOXIN,Paralytic shellfish toxin profiles and toxin variability of the genus Alexandrium (Dinophyceae) isolated from the Southeast China Sea.
dino_pre2016,STX_DOC_000117,2006.0,dinoflagellate,dinoflagellate_stx,paralytic shellfish toxin,TOXIN,Paralytic shellfish toxin profiles and toxin variability of the genus Alexandrium (Dinophyceae) isolated from the Southeast China Sea.
dino_pre2016,STX_DOC_000117,2006.0,dinoflagellate,dinoflagellate_stx,pst,TOXIN,Paralytic shellfish toxin profiles and toxin variability of the genus Alexandrium (Dinophyceae) isolated from the Southeast China Sea.
dino_pre2016,STX_DOC_000117,2006.0,dinoflagellate,dinoflagellate_stx,alexandrium,DINO_TAXON,Paralytic shellfish toxin profiles and toxin variability of the genus Alexandrium (Dinophyceae) isolated from the Southeast China Sea.
dino_pre2016,STX_DOC_000117,2006.0,dinoflagellate,dinoflagellate_stx,temperature,ENV_FACTOR,Paralytic shellfish toxin profiles and toxin variability of the genus Alexandrium (Dinophyceae) isolated from the Southeast China Sea.
dino_pre2016,STX_DOC_000117,2006.0,dinoflagellate,dinoflagellate_stx,salinity,ENV_FACTOR,Paralytic shellfish toxin profiles and toxin variability of the genus Alexandrium (Dinophyceae) isolated from the Southeast China Sea.
dino_pre2016,STX_DOC_000117,2006.0,dinoflagellate,dinoflagellate_stx,nutrient,ENV_FACTOR,Paralytic shellfish toxin profiles and toxin variability of the genus Alexandrium (Dinophyceae) isolated from the Southeast China Sea.
dino_pre2016,STX_DOC_000119,2001.0,dinoflagellate,dinoflagellate_stx,stx,TOXIN,"Thecal plates, toxin content and growth of five clones of Alexandrium tamarense (Dinophyceae) isolated from Jinhae Bay, Korea"
dino_pre2016,STX_DOC_000119,2001.0,dinoflagellate,dinoflagellate_stx,neosaxitoxin,TOXIN,"Thecal plates, toxin content and growth of five clones of Alexandrium tamarense (Dinophyceae) isolated from Jinhae Bay, Korea"
dino_pre2016,STX_DOC_000119,2001.0,dinoflagellate,dinoflagellate_stx,paralytic shellfish toxins,TOXIN,"Thecal plates, toxin content and growth of five clones of Alexandrium tamarense (Dinophyceae) isolated from Jinhae Bay, Korea"
dino_pre2016,STX_DOC_000119,2001.0,dinoflagellate,dinoflagellate_stx,alexandrium,DINO_TAXON,"Thecal plates, toxin content and growth of five clones of Alexandrium tamarense (Dinophyceae) isolated from Jinhae Bay, Korea"
dino_pre2016,STX_DOC_000119,2001.0,dinoflagellate,dinoflagellate_stx,alexandrium tamarense,DINO_TAXON,"Thecal plates, toxin content and growth of five clones of Alexandrium tamarense (Dinophyceae) isolated from Jinhae Bay, Korea"
dino_pre2016,STX_DOC_000120,1997.0,dinoflagellate,dinoflagellate_stx,saxitoxin,TOXIN,"Toxin production of Alexandrium minutum (Dinophyceae) from the Bay of Plenty, New Zealand."
dino_pre2016,STX_DOC_000120,1997.0,dinoflagellate,dinoflagellate_stx,neosaxitoxin,TOXIN,"Toxin production of Alexandrium minutum (Dinophyceae) from the Bay of Plenty, New Zealand."
dino_pre2016,STX_DOC_000120,1997.0,dinoflagellate,dinoflagellate_stx,paralytic shellfish toxins,TOXIN,"Toxin production of Alexandrium minutum (Dinophyceae) from the Bay of Plenty, New Zealand."
dino_pre2016,STX_DOC_000120,1997.0,dinoflagellate,dinoflagellate_stx,dinoflagellates,DINO_TAXON,"Toxin production of Alexandrium minutum (Dinophyceae) from the Bay of Plenty, New Zealand."
dino_pre2016,STX_DOC_000120,1997.0,dinoflagellate,dinoflagellate_stx,alexandrium,DINO_TAXON,"Toxin production of Alexandrium minutum (Dinophyceae) from the Bay of Plenty, New Zealand."
dino_pre2016,STX_DOC_000120,1997.0,dinoflagellate,dinoflagellate_stx,alexandrium minutum,DINO_TAXON,"Toxin production of Alexandrium minutum (Dinophyceae) from the Bay of Plenty, New Zealand."
dino_pre2016,STX_DOC_000120,1997.0,dinoflagellate,dinoflagellate_stx,alexandrium tamarense,DINO_TAXON,"Toxin production of Alexandrium minutum (Dinophyceae) from the Bay of Plenty, New Zealand."
dino_pre2016,STX_DOC_000120,1997.0,dinoflagellate,dinoflagellate_stx,toxicity,BIOLOGICAL_PROCESS,"Toxin production of Alexandrium minutum (Dinophyceae) from the Bay of Plenty, New Zealand."
dino_pre2016,STX_DOC_000120,1997.0,dinoflagellate,dinoflagellate_stx,toxin production,BIOLOGICAL_PROCESS,"Toxin production of Alexandrium minutum (Dinophyceae) from the Bay of Plenty, New Zealand."
dino_pre2016,STX_DOC_000125,2015.0,dinoflagellate,dinoflagellate_stx,saxitoxin,TOXIN,A Kinetic and Factorial Approach to Study the Effects of Temperature and Salinity on Growth and Toxin Production by the Dinoflagellate Alexandrium ostenfeldii from the Baltic Sea.
dino_pre2016,STX_DOC_000125,2015.0,dinoflagellate,dinoflagellate_stx,stx,TOXIN,A Kinetic and Factorial Approach to Study the Effects of Temperature and Salinity on Growth and Toxin Production by the Dinoflagellate Alexandrium ostenfeldii from the Baltic Sea.
dino_pre2016,STX_DOC_000125,2015.0,dinoflagellate,dinoflagellate_stx,gonyautoxin,TOXIN,A Kinetic and Factorial Approach to Study the Effects of Temperature and Salinity on Growth and Toxin Production by the Dinoflagellate Alexandrium ostenfeldii from the Baltic Sea.
dino_pre2016,STX_DOC_000125,2015.0,dinoflagellate,dinoflagellate_stx,gtx,TOXIN,A Kinetic and Factorial Approach to Study the Effects of Temperature and Salinity on Growth and Toxin Production by the Dinoflagellate Alexandrium ostenfeldii from the Baltic Sea.
dino_pre2016,STX_DOC_000125,2015.0,dinoflagellate,dinoflagellate_stx,paralytic shellfish poisoning,TOXIN,A Kinetic and Factorial Approach to Study the Effects of Temperature and Salinity on Growth and Toxin Production by the Dinoflagellate Alexandrium ostenfeldii from the Baltic Sea.
dino_pre2016,STX_DOC_000125,2015.0,dinoflagellate,dinoflagellate_stx,dinoflagellate,DINO_TAXON,A Kinetic and Factorial Approach to Study the Effects of Temperature and Salinity on Growth and Toxin Production by the Dinoflagellate Alexandrium ostenfeldii from the Baltic Sea.
dino_pre2016,STX_DOC_000125,2015.0,dinoflagellate,dinoflagellate_stx,alexandrium,DINO_TAXON,A Kinetic and Factorial Approach to Study the Effects of Temperature and Salinity on Growth and Toxin Production by the Dinoflagellate Alexandrium ostenfeldii from the Baltic Sea.
dino_pre2016,STX_DOC_000125,2015.0,dinoflagellate,dinoflagellate_stx,alexandrium ostenfeldii,DINO_TAXON,A Kinetic and Factorial Approach to Study the Effects of Temperature and Salinity on Growth and Toxin Production by the Dinoflagellate Alexandrium ostenfeldii from the Baltic Sea.
dino_pre2016,STX_DOC_000125,2015.0,dinoflagellate,dinoflagellate_stx,temperature,ENV_FACTOR,A Kinetic and Factorial Approach to Study the Effects of Temperature and Salinity on Growth and Toxin Production by the Dinoflagellate Alexandrium ostenfeldii from the Baltic Sea.
dino_pre2016,STX_DOC_000125,2015.0,dinoflagellate,dinoflagellate_stx,salinity,ENV_FACTOR,A Kinetic and Factorial Approach to Study the Effects of Temperature and Salinity on Growth and Toxin Production by the Dinoflagellate Alexandrium ostenfeldii from the Baltic Sea.
dino_pre2016,STX_DOC_000125,2015.0,dinoflagellate,dinoflagellate_stx,warming,ENV_FACTOR,A Kinetic and Factorial Approach to Study the Effects of Temperature and Salinity on Growth and Toxin Production by the Dinoflagellate Alexandrium ostenfeldii from the Baltic Sea.
dino_pre2016,STX_DOC_000125,2015.0,dinoflagellate,dinoflagellate_stx,toxicity,BIOLOGICAL_PROCESS,A Kinetic and Factorial Approach to Study the Effects of Temperature and Salinity on Growth and Toxin Production by the Dinoflagellate Alexandrium ostenfeldii from the Baltic Sea.
dino_pre2016,STX_DOC_000125,2015.0,dinoflagellate,dinoflagellate_stx,toxin production,BIOLOGICAL_PROCESS,A Kinetic and Factorial Approach to Study the Effects of Temperature and Salinity on Growth and Toxin Production by the Dinoflagellate Alexandrium ostenfeldii from the Baltic Sea.
dino_pre2016,STX_DOC_000126,2015.0,dinoflagellate,high_confidence_stx_biosynthesis,paralytic shellfish toxin,TOXIN,Paralytic shellfish toxin content is related to genomic sxtA4 copy number in Alexandrium minutum strains.
dino_pre2016,STX_DOC_000126,2015.0,dinoflagellate,high_confidence_stx_biosynthesis,pst,TOXIN,Paralytic shellfish toxin content is related to genomic sxtA4 copy number in Alexandrium minutum strains.
dino_pre2016,STX_DOC_000126,2015.0,dinoflagellate,high_confidence_stx_biosynthesis,psts,TOXIN,Paralytic shellfish toxin content is related to genomic sxtA4 copy number in Alexandrium minutum strains.
dino_pre2016,STX_DOC_000126,2015.0,dinoflagellate,high_confidence_stx_biosynthesis,sxta,SXT_GENE,Paralytic shellfish toxin content is related to genomic sxtA4 copy number in Alexandrium minutum strains.
dino_pre2016,STX_DOC_000126,2015.0,dinoflagellate,high_confidence_stx_biosynthesis,sxta4,SXT_GENE,Paralytic shellfish toxin content is related to genomic sxtA4 copy number in Alexandrium minutum strains.
dino_pre2016,STX_DOC_000126,2015.0,dinoflagellate,high_confidence_stx_biosynthesis,dinoflagellates,DINO_TAXON,Paralytic shellfish toxin content is related to genomic sxtA4 copy number in Alexandrium minutum strains.
dino_pre2016,STX_DOC_000126,2015.0,dinoflagellate,high_confidence_stx_biosynthesis,alexandrium,DINO_TAXON,Paralytic shellfish toxin content is related to genomic sxtA4 copy number in Alexandrium minutum strains.
dino_pre2016,STX_DOC_000126,2015.0,dinoflagellate,high_confidence_stx_biosynthesis,alexandrium minutum,DINO_TAXON,Paralytic shellfish toxin content is related to genomic sxtA4 copy number in Alexandrium minutum strains.
dino_pre2016,STX_DOC_000126,2015.0,dinoflagellate,high_confidence_stx_biosynthesis,pyrodinium,DINO_TAXON,Paralytic shellfish toxin content is related to genomic sxtA4 copy number in Alexandrium minutum strains.
dino_pre2016,STX_DOC_000126,2015.0,dinoflagellate,high_confidence_stx_biosynthesis,regulation,BIOLOGICAL_PROCESS,Paralytic shellfish toxin content is related to genomic sxtA4 copy number in Alexandrium minutum strains.
dino_pre2016,STX_DOC_000127,2014.0,dinoflagellate,dinoflagellate_stx,saxitoxin,TOXIN,Paralytic Shellfish Toxins in the Marine Gastropods<i>Zidona dufresnei</i>and<i>Adelomelon beckii</i>from Argentina: Toxicity and Toxin Profiles
dino_pre2016,STX_DOC_000127,2014.0,dinoflagellate,dinoflagellate_stx,stx,TOXIN,Paralytic Shellfish Toxins in the Marine Gastropods<i>Zidona dufresnei</i>and<i>Adelomelon beckii</i>from Argentina: Toxicity and Toxin Profiles
dino_pre2016,STX_DOC_000127,2014.0,dinoflagellate,dinoflagellate_stx,paralytic shellfish toxins,TOXIN,Paralytic Shellfish Toxins in the Marine Gastropods<i>Zidona dufresnei</i>and<i>Adelomelon beckii</i>from Argentina: Toxicity and Toxin Profiles
dino_pre2016,STX_DOC_000127,2014.0,dinoflagellate,dinoflagellate_stx,paralytic shellfish poisoning,TOXIN,Paralytic Shellfish Toxins in the Marine Gastropods<i>Zidona dufresnei</i>and<i>Adelomelon beckii</i>from Argentina: Toxicity and Toxin Profiles
dino_pre2016,STX_DOC_000127,2014.0,dinoflagellate,dinoflagellate_stx,dinoflagellates,DINO_TAXON,Paralytic Shellfish Toxins in the Marine Gastropods<i>Zidona dufresnei</i>and<i>Adelomelon beckii</i>from Argentina: Toxicity and Toxin Profiles
dino_pre2016,STX_DOC_000127,2014.0,dinoflagellate,dinoflagellate_stx,alexandrium,DINO_TAXON,Paralytic Shellfish Toxins in the Marine Gastropods<i>Zidona dufresnei</i>and<i>Adelomelon beckii</i>from Argentina: Toxicity and Toxin Profiles
dino_pre2016,STX_DOC_000127,2014.0,dinoflagellate,dinoflagellate_stx,alexandrium tamarense,DINO_TAXON,Paralytic Shellfish Toxins in the Marine Gastropods<i>Zidona dufresnei</i>and<i>Adelomelon beckii</i>from Argentina: Toxicity and Toxin Profiles
dino_pre2016,STX_DOC_000127,2014.0,dinoflagellate,dinoflagellate_stx,gymnodinium,DINO_TAXON,Paralytic Shellfish Toxins in the Marine Gastropods<i>Zidona dufresnei</i>and<i>Adelomelon beckii</i>from Argentina: Toxicity and Toxin Profiles
dino_pre2016,STX_DOC_000127,2014.0,dinoflagellate,dinoflagellate_stx,gymnodinium catenatum,DINO_TAXON,Paralytic Shellfish Toxins in the Marine Gastropods<i>Zidona dufresnei</i>and<i>Adelomelon beckii</i>from Argentina: Toxicity and Toxin Profiles
dino_pre2016,STX_DOC_000127,2014.0,dinoflagellate,dinoflagellate_stx,toxicity,BIOLOGICAL_PROCESS,Paralytic Shellfish Toxins in the Marine Gastropods<i>Zidona dufresnei</i>and<i>Adelomelon beckii</i>from Argentina: Toxicity and Toxin Profiles
dino_pre2016,STX_DOC_000127,2014.0,dinoflagellate,dinoflagellate_stx,mouse bioassay,DETECTION_METHOD,Paralytic Shellfish Toxins in the Marine Gastropods<i>Zidona dufresnei</i>and<i>Adelomelon beckii</i>from Argentina: Toxicity and Toxin Profiles
dino_pre2016,STX_DOC_000129,2014.0,dinoflagellate,dinoflagellate_stx,saxitoxin,TOXIN,"PSP toxin levels and plankton community composition and abundance in size-fractionated vertical profiles during spring/summer blooms of the toxic dinoflagellate <i>Alexandrium fundyense</i> in the Gulf of Maine and on Georges Bank, 2007, 2008, and 2010: 1. Toxin levels."
dino_pre2016,STX_DOC_000129,2014.0,dinoflagellate,dinoflagellate_stx,stx,TOXIN,"PSP toxin levels and plankton community composition and abundance in size-fractionated vertical profiles during spring/summer blooms of the toxic dinoflagellate <i>Alexandrium fundyense</i> in the Gulf of Maine and on Georges Bank, 2007, 2008, and 2010: 1. Toxin levels."
dino_pre2016,STX_DOC_000129,2014.0,dinoflagellate,dinoflagellate_stx,neosaxitoxin,TOXIN,"PSP toxin levels and plankton community composition and abundance in size-fractionated vertical profiles during spring/summer blooms of the toxic dinoflagellate <i>Alexandrium fundyense</i> in the Gulf of Maine and on Georges Bank, 2007, 2008, and 2010: 1. Toxin levels."
dino_pre2016,STX_DOC_000129,2014.0,dinoflagellate,dinoflagellate_stx,paralytic shellfish poisoning,TOXIN,"PSP toxin levels and plankton community composition and abundance in size-fractionated vertical profiles during spring/summer blooms of the toxic dinoflagellate <i>Alexandrium fundyense</i> in the Gulf of Maine and on Georges Bank, 2007, 2008, and 2010: 1. Toxin levels."
dino_pre2016,STX_DOC_000129,2014.0,dinoflagellate,dinoflagellate_stx,dinoflagellate,DINO_TAXON,"PSP toxin levels and plankton community composition and abundance in size-fractionated vertical profiles during spring/summer blooms of the toxic dinoflagellate <i>Alexandrium fundyense</i> in the Gulf of Maine and on Georges Bank, 2007, 2008, and 2010: 1. Toxin levels."
dino_pre2016,STX_DOC_000129,2014.0,dinoflagellate,dinoflagellate_stx,alexandrium,DINO_TAXON,"PSP toxin levels and plankton community composition and abundance in size-fractionated vertical profiles during spring/summer blooms of the toxic dinoflagellate <i>Alexandrium fundyense</i> in the Gulf of Maine and on Georges Bank, 2007, 2008, and 2010: 1. Toxin levels."
dino_pre2016,STX_DOC_000129,2014.0,dinoflagellate,dinoflagellate_stx,alexandrium fundyense,DINO_TAXON,"PSP toxin levels and plankton community composition and abundance in size-fractionated vertical profiles during spring/summer blooms of the toxic dinoflagellate <i>Alexandrium fundyense</i> in the Gulf of Maine and on Georges Bank, 2007, 2008, and 2010: 1. Toxin levels."
dino_pre2016,STX_DOC_000129,2014.0,dinoflagellate,dinoflagellate_stx,bloom,ENV_FACTOR,"PSP toxin levels and plankton community composition and abundance in size-fractionated vertical profiles during spring/summer blooms of the toxic dinoflagellate <i>Alexandrium fundyense</i> in the Gulf of Maine and on Georges Bank, 2007, 2008, and 2010: 1. Toxin levels."
dino_pre2016,STX_DOC_000129,2014.0,dinoflagellate,dinoflagellate_stx,toxicity,BIOLOGICAL_PROCESS,"PSP toxin levels and plankton community composition and abundance in size-fractionated vertical profiles during spring/summer blooms of the toxic dinoflagellate <i>Alexandrium fundyense</i> in the Gulf of Maine and on Georges Bank, 2007, 2008, and 2010: 1. Toxin levels."
dino_pre2016,STX_DOC_000131,2011.0,cross_taxa,high_confidence_stx_biosynthesis,saxitoxin,TOXIN,Aspects of the interaction between the marine bacterium Alcanivorax DG881 and the toxic dinoflagellate Gymnodinium catenatum
dino_pre2016,STX_DOC_000131,2011.0,cross_taxa,high_confidence_stx_biosynthesis,sxtu,SXT_GENE,Aspects of the interaction between the marine bacterium Alcanivorax DG881 and the toxic dinoflagellate Gymnodinium catenatum
dino_pre2016,STX_DOC_000131,2011.0,cross_taxa,high_confidence_stx_biosynthesis,sxt genes,SXT_GENE,Aspects of the interaction between the marine bacterium Alcanivorax DG881 and the toxic dinoflagellate Gymnodinium catenatum
dino_pre2016,STX_DOC_000131,2011.0,cross_taxa,high_confidence_stx_biosynthesis,dinoflagellate,DINO_TAXON,Aspects of the interaction between the marine bacterium Alcanivorax DG881 and the toxic dinoflagellate Gymnodinium catenatum
dino_pre2016,STX_DOC_000131,2011.0,cross_taxa,high_confidence_stx_biosynthesis,gymnodinium,DINO_TAXON,Aspects of the interaction between the marine bacterium Alcanivorax DG881 and the toxic dinoflagellate Gymnodinium catenatum
dino_pre2016,STX_DOC_000131,2011.0,cross_taxa,high_confidence_stx_biosynthesis,gymnodinium catenatum,DINO_TAXON,Aspects of the interaction between the marine bacterium Alcanivorax DG881 and the toxic dinoflagellate Gymnodinium catenatum
dino_pre2016,STX_DOC_000131,2011.0,cross_taxa,high_confidence_stx_biosynthesis,cyanobacteria,CYANO_TAXON,Aspects of the interaction between the marine bacterium Alcanivorax DG881 and the toxic dinoflagellate Gymnodinium catenatum
dino_pre2016,STX_DOC_000131,2011.0,cross_taxa,high_confidence_stx_biosynthesis,cyanobacterial,CYANO_TAXON,Aspects of the interaction between the marine bacterium Alcanivorax DG881 and the toxic dinoflagellate Gymnodinium catenatum
dino_pre2016,STX_DOC_000131,2011.0,cross_taxa,high_confidence_stx_biosynthesis,biosynthesis,BIOLOGICAL_PROCESS,Aspects of the interaction between the marine bacterium Alcanivorax DG881 and the toxic dinoflagellate Gymnodinium catenatum
dino_pre2016,STX_DOC_000131,2011.0,cross_taxa,high_confidence_stx_biosynthesis,saxitoxin biosynthesis,BIOLOGICAL_PROCESS,Aspects of the interaction between the marine bacterium Alcanivorax DG881 and the toxic dinoflagellate Gymnodinium catenatum
dino_pre2016,STX_DOC_000131,2011.0,cross_taxa,high_confidence_stx_biosynthesis,phylogenetic,BIOLOGICAL_PROCESS,Aspects of the interaction between the marine bacterium Alcanivorax DG881 and the toxic dinoflagellate Gymnodinium catenatum
dino_pre2016,STX_DOC_000140,2014.0,dinoflagellate,high_confidence_stx_biosynthesis,saxitoxin,TOXIN,Can evolutionary ecology help us to design better biotoxin detection tools? The case of Alexandrium.
dino_pre2016,STX_DOC_000140,2014.0,dinoflagellate,high_confidence_stx_biosynthesis,paralytic shellfish toxin,TOXIN,Can evolutionary ecology help us to design better biotoxin detection tools? The case of Alexandrium.
dino_pre2016,STX_DOC_000140,2014.0,dinoflagellate,high_confidence_stx_biosynthesis,pst,TOXIN,Can evolutionary ecology help us to design better biotoxin detection tools? The case of Alexandrium.
dino_pre2016,STX_DOC_000140,2014.0,dinoflagellate,high_confidence_stx_biosynthesis,psts,TOXIN,Can evolutionary ecology help us to design better biotoxin detection tools? The case of Alexandrium.
dino_pre2016,STX_DOC_000140,2014.0,dinoflagellate,high_confidence_stx_biosynthesis,sxta,SXT_GENE,Can evolutionary ecology help us to design better biotoxin detection tools? The case of Alexandrium.
dino_pre2016,STX_DOC_000140,2014.0,dinoflagellate,high_confidence_stx_biosynthesis,sxtg,SXT_GENE,Can evolutionary ecology help us to design better biotoxin detection tools? The case of Alexandrium.
dino_pre2016,STX_DOC_000140,2014.0,dinoflagellate,high_confidence_stx_biosynthesis,dinoflagellates,DINO_TAXON,Can evolutionary ecology help us to design better biotoxin detection tools? The case of Alexandrium.
dino_pre2016,STX_DOC_000140,2014.0,dinoflagellate,high_confidence_stx_biosynthesis,alexandrium,DINO_TAXON,Can evolutionary ecology help us to design better biotoxin detection tools? The case of Alexandrium.
dino_pre2016,STX_DOC_000140,2014.0,dinoflagellate,high_confidence_stx_biosynthesis,evolution,BIOLOGICAL_PROCESS,Can evolutionary ecology help us to design better biotoxin detection tools? The case of Alexandrium.
dino_pre2016,STX_DOC_000140,2014.0,dinoflagellate,high_confidence_stx_biosynthesis,phylogeny,BIOLOGICAL_PROCESS,Can evolutionary ecology help us to design better biotoxin detection tools? The case of Alexandrium.
dino_pre2016,STX_DOC_000140,2014.0,dinoflagellate,high_confidence_stx_biosynthesis,toxicity,BIOLOGICAL_PROCESS,Can evolutionary ecology help us to design better biotoxin detection tools? The case of Alexandrium.
dino_pre2016,STX_DOC_000141,2013.0,dinoflagellate,dinoflagellate_stx,paralytic shellfish toxins,TOXIN,Paralytic shellfish toxins in the Atlantic horse mackerel (Trachurus trachurus) over a bloom of Gymnodinium catenatum: the prevalence of decarbamoylsaxitoxin in the marine food web
dino_pre2016,STX_DOC_000141,2013.0,dinoflagellate,dinoflagellate_stx,pst,TOXIN,Paralytic shellfish toxins in the Atlantic horse mackerel (Trachurus trachurus) over a bloom of Gymnodinium catenatum: the prevalence of decarbamoylsaxitoxin in the marine food web
dino_pre2016,STX_DOC_000141,2013.0,dinoflagellate,dinoflagellate_stx,psts,TOXIN,Paralytic shellfish toxins in the Atlantic horse mackerel (Trachurus trachurus) over a bloom of Gymnodinium catenatum: the prevalence of decarbamoylsaxitoxin in the marine food web
dino_pre2016,STX_DOC_000141,2013.0,dinoflagellate,dinoflagellate_stx,dinoflagellate,DINO_TAXON,Paralytic shellfish toxins in the Atlantic horse mackerel (Trachurus trachurus) over a bloom of Gymnodinium catenatum: the prevalence of decarbamoylsaxitoxin in the marine food web
dino_pre2016,STX_DOC_000141,2013.0,dinoflagellate,dinoflagellate_stx,dinoflagellates,DINO_TAXON,Paralytic shellfish toxins in the Atlantic horse mackerel (Trachurus trachurus) over a bloom of Gymnodinium catenatum: the prevalence of decarbamoylsaxitoxin in the marine food web
dino_pre2016,STX_DOC_000141,2013.0,dinoflagellate,dinoflagellate_stx,gymnodinium,DINO_TAXON,Paralytic shellfish toxins in the Atlantic horse mackerel (Trachurus trachurus) over a bloom of Gymnodinium catenatum: the prevalence of decarbamoylsaxitoxin in the marine food web
dino_pre2016,STX_DOC_000141,2013.0,dinoflagellate,dinoflagellate_stx,gymnodinium catenatum,DINO_TAXON,Paralytic shellfish toxins in the Atlantic horse mackerel (Trachurus trachurus) over a bloom of Gymnodinium catenatum: the prevalence of decarbamoylsaxitoxin in the marine food web
dino_pre2016,STX_DOC_000141,2013.0,dinoflagellate,dinoflagellate_stx,bloom,ENV_FACTOR,Paralytic shellfish toxins in the Atlantic horse mackerel (Trachurus trachurus) over a bloom of Gymnodinium catenatum: the prevalence of decarbamoylsaxitoxin in the marine food web
dino_pre2016,STX_DOC_000142,2012.0,dinoflagellate,dinoflagellate_stx,stx,TOXIN,Production of Bioactive Secondary Metabolites by Florida Harmful Bloom Dinoflagellates Karenia brevis and Pyrodinium bahamense
dino_pre2016,STX_DOC_000142,2012.0,dinoflagellate,dinoflagellate_stx,dinoflagellate,DINO_TAXON,Production of Bioactive Secondary Metabolites by Florida Harmful Bloom Dinoflagellates Karenia brevis and Pyrodinium bahamense
dino_pre2016,STX_DOC_000142,2012.0,dinoflagellate,dinoflagellate_stx,dinoflagellates,DINO_TAXON,Production of Bioactive Secondary Metabolites by Florida Harmful Bloom Dinoflagellates Karenia brevis and Pyrodinium bahamense
dino_pre2016,STX_DOC_000142,2012.0,dinoflagellate,dinoflagellate_stx,pyrodinium,DINO_TAXON,Production of Bioactive Secondary Metabolites by Florida Harmful Bloom Dinoflagellates Karenia brevis and Pyrodinium bahamense
dino_pre2016,STX_DOC_000142,2012.0,dinoflagellate,dinoflagellate_stx,pyrodinium bahamense,DINO_TAXON,Production of Bioactive Secondary Metabolites by Florida Harmful Bloom Dinoflagellates Karenia brevis and Pyrodinium bahamense
dino_pre2016,STX_DOC_000142,2012.0,dinoflagellate,dinoflagellate_stx,temperature,ENV_FACTOR,Production of Bioactive Secondary Metabolites by Florida Harmful Bloom Dinoflagellates Karenia brevis and Pyrodinium bahamense
dino_pre2016,STX_DOC_000142,2012.0,dinoflagellate,dinoflagellate_stx,salinity,ENV_FACTOR,Production of Bioactive Secondary Metabolites by Florida Harmful Bloom Dinoflagellates Karenia brevis and Pyrodinium bahamense
dino_pre2016,STX_DOC_000142,2012.0,dinoflagellate,dinoflagellate_stx,nitrogen,ENV_FACTOR,Production of Bioactive Secondary Metabolites by Florida Harmful Bloom Dinoflagellates Karenia brevis and Pyrodinium bahamense
dino_pre2016,STX_DOC_000142,2012.0,dinoflagellate,dinoflagellate_stx,nitrate,ENV_FACTOR,Production of Bioactive Secondary Metabolites by Florida Harmful Bloom Dinoflagellates Karenia brevis and Pyrodinium bahamense
dino_pre2016,STX_DOC_000142,2012.0,dinoflagellate,dinoflagellate_stx,nutrient,ENV_FACTOR,Production of Bioactive Secondary Metabolites by Florida Harmful Bloom Dinoflagellates Karenia brevis and Pyrodinium bahamense
dino_pre2016,STX_DOC_000142,2012.0,dinoflagellate,dinoflagellate_stx,nutrients,ENV_FACTOR,Production of Bioactive Secondary Metabolites by Florida Harmful Bloom Dinoflagellates Karenia brevis and Pyrodinium bahamense
dino_pre2016,STX_DOC_000142,2012.0,dinoflagellate,dinoflagellate_stx,light,ENV_FACTOR,Production of Bioactive Secondary Metabolites by Florida Harmful Bloom Dinoflagellates Karenia brevis and Pyrodinium bahamense
dino_pre2016,STX_DOC_000142,2012.0,dinoflagellate,dinoflagellate_stx,warming,ENV_FACTOR,Production of Bioactive Secondary Metabolites by Florida Harmful Bloom Dinoflagellates Karenia brevis and Pyrodinium bahamense
dino_pre2016,STX_DOC_000142,2012.0,dinoflagellate,dinoflagellate_stx,bloom,ENV_FACTOR,Production of Bioactive Secondary Metabolites by Florida Harmful Bloom Dinoflagellates Karenia brevis and Pyrodinium bahamense
dino_pre2016,STX_DOC_000142,2012.0,dinoflagellate,dinoflagellate_stx,regulation,BIOLOGICAL_PROCESS,Production of Bioactive Secondary Metabolites by Florida Harmful Bloom Dinoflagellates Karenia brevis and Pyrodinium bahamense
dino_pre2016,STX_DOC_000142,2012.0,dinoflagellate,dinoflagellate_stx,toxicity,BIOLOGICAL_PROCESS,Production of Bioactive Secondary Metabolites by Florida Harmful Bloom Dinoflagellates Karenia brevis and Pyrodinium bahamense
dino_pre2016,STX_DOC_000142,2012.0,dinoflagellate,dinoflagellate_stx,toxin production,BIOLOGICAL_PROCESS,Production of Bioactive Secondary Metabolites by Florida Harmful Bloom Dinoflagellates Karenia brevis and Pyrodinium bahamense
dino_pre2016,STX_DOC_000142,2012.0,dinoflagellate,dinoflagellate_stx,hplc,DETECTION_METHOD,Production of Bioactive Secondary Metabolites by Florida Harmful Bloom Dinoflagellates Karenia brevis and Pyrodinium bahamense
dino_pre2016,STX_DOC_000144,2004.0,dinoflagellate,dinoflagellate_stx,stx,TOXIN,"Paralytic shellfish toxins in the chocolata clam, Megapitaria squalida (Bivalvia: Veneridae), in Bahía de La Paz, Gulf of California."
dino_pre2016,STX_DOC_000144,2004.0,dinoflagellate,dinoflagellate_stx,paralytic shellfish toxins,TOXIN,"Paralytic shellfish toxins in the chocolata clam, Megapitaria squalida (Bivalvia: Veneridae), in Bahía de La Paz, Gulf of California."
dino_pre2016,STX_DOC_000144,2004.0,dinoflagellate,dinoflagellate_stx,pst,TOXIN,"Paralytic shellfish toxins in the chocolata clam, Megapitaria squalida (Bivalvia: Veneridae), in Bahía de La Paz, Gulf of California."
dino_pre2016,STX_DOC_000144,2004.0,dinoflagellate,dinoflagellate_stx,dinoflagellate,DINO_TAXON,"Paralytic shellfish toxins in the chocolata clam, Megapitaria squalida (Bivalvia: Veneridae), in Bahía de La Paz, Gulf of California."
dino_pre2016,STX_DOC_000144,2004.0,dinoflagellate,dinoflagellate_stx,gymnodinium,DINO_TAXON,"Paralytic shellfish toxins in the chocolata clam, Megapitaria squalida (Bivalvia: Veneridae), in Bahía de La Paz, Gulf of California."
dino_pre2016,STX_DOC_000144,2004.0,dinoflagellate,dinoflagellate_stx,gymnodinium catenatum,DINO_TAXON,"Paralytic shellfish toxins in the chocolata clam, Megapitaria squalida (Bivalvia: Veneridae), in Bahía de La Paz, Gulf of California."
dino_pre2016,STX_DOC_000144,2004.0,dinoflagellate,dinoflagellate_stx,toxicity,BIOLOGICAL_PROCESS,"Paralytic shellfish toxins in the chocolata clam, Megapitaria squalida (Bivalvia: Veneridae), in Bahía de La Paz, Gulf of California."
dino_pre2016,STX_DOC_000144,2004.0,dinoflagellate,dinoflagellate_stx,hplc,DETECTION_METHOD,"Paralytic shellfish toxins in the chocolata clam, Megapitaria squalida (Bivalvia: Veneridae), in Bahía de La Paz, Gulf of California."
dino_pre2016,STX_DOC_000146,2001.0,dinoflagellate,dinoflagellate_stx,saxitoxin,TOXIN,PURIFICATION AND CHARACTERIZATION OF A SULFOTRANSFERASE SPECIFIC TO N‐21 OF SAXITOXIN AND GONYAUTOXIN 2+3 FROM THE TOXIC DINOFLAGELLATE <i>GYMNODINIUM CATENATUM</i> (DINOPHYCEAE)
dino_pre2016,STX_DOC_000146,2001.0,dinoflagellate,dinoflagellate_stx,stx,TOXIN,PURIFICATION AND CHARACTERIZATION OF A SULFOTRANSFERASE SPECIFIC TO N‐21 OF SAXITOXIN AND GONYAUTOXIN 2+3 FROM THE TOXIC DINOFLAGELLATE <i>GYMNODINIUM CATENATUM</i> (DINOPHYCEAE)
dino_pre2016,STX_DOC_000146,2001.0,dinoflagellate,dinoflagellate_stx,gonyautoxin,TOXIN,PURIFICATION AND CHARACTERIZATION OF A SULFOTRANSFERASE SPECIFIC TO N‐21 OF SAXITOXIN AND GONYAUTOXIN 2+3 FROM THE TOXIC DINOFLAGELLATE <i>GYMNODINIUM CATENATUM</i> (DINOPHYCEAE)
dino_pre2016,STX_DOC_000146,2001.0,dinoflagellate,dinoflagellate_stx,paralytic shellfish poisoning,TOXIN,PURIFICATION AND CHARACTERIZATION OF A SULFOTRANSFERASE SPECIFIC TO N‐21 OF SAXITOXIN AND GONYAUTOXIN 2+3 FROM THE TOXIC DINOFLAGELLATE <i>GYMNODINIUM CATENATUM</i> (DINOPHYCEAE)
dino_pre2016,STX_DOC_000146,2001.0,dinoflagellate,dinoflagellate_stx,dinoflagellate,DINO_TAXON,PURIFICATION AND CHARACTERIZATION OF A SULFOTRANSFERASE SPECIFIC TO N‐21 OF SAXITOXIN AND GONYAUTOXIN 2+3 FROM THE TOXIC DINOFLAGELLATE <i>GYMNODINIUM CATENATUM</i> (DINOPHYCEAE)
dino_pre2016,STX_DOC_000146,2001.0,dinoflagellate,dinoflagellate_stx,gymnodinium,DINO_TAXON,PURIFICATION AND CHARACTERIZATION OF A SULFOTRANSFERASE SPECIFIC TO N‐21 OF SAXITOXIN AND GONYAUTOXIN 2+3 FROM THE TOXIC DINOFLAGELLATE <i>GYMNODINIUM CATENATUM</i> (DINOPHYCEAE)
dino_pre2016,STX_DOC_000146,2001.0,dinoflagellate,dinoflagellate_stx,gymnodinium catenatum,DINO_TAXON,PURIFICATION AND CHARACTERIZATION OF A SULFOTRANSFERASE SPECIFIC TO N‐21 OF SAXITOXIN AND GONYAUTOXIN 2+3 FROM THE TOXIC DINOFLAGELLATE <i>GYMNODINIUM CATENATUM</i> (DINOPHYCEAE)
dino_pre2016,STX_DOC_000147,2001.0,dinoflagellate,dinoflagellate_stx,gtx,TOXIN,Accumulation and depuration of paralytic shellfish poisoning toxins by purple clam Hiatula rostrata Lighttoot.
dino_pre2016,STX_DOC_000147,2001.0,dinoflagellate,dinoflagellate_stx,paralytic shellfish poisoning,TOXIN,Accumulation and depuration of paralytic shellfish poisoning toxins by purple clam Hiatula rostrata Lighttoot.
dino_pre2016,STX_DOC_000147,2001.0,dinoflagellate,dinoflagellate_stx,dinoflagellate,DINO_TAXON,Accumulation and depuration of paralytic shellfish poisoning toxins by purple clam Hiatula rostrata Lighttoot.
dino_pre2016,STX_DOC_000147,2001.0,dinoflagellate,dinoflagellate_stx,alexandrium,DINO_TAXON,Accumulation and depuration of paralytic shellfish poisoning toxins by purple clam Hiatula rostrata Lighttoot.
dino_pre2016,STX_DOC_000147,2001.0,dinoflagellate,dinoflagellate_stx,alexandrium minutum,DINO_TAXON,Accumulation and depuration of paralytic shellfish poisoning toxins by purple clam Hiatula rostrata Lighttoot.
dino_pre2016,STX_DOC_000147,2001.0,dinoflagellate,dinoflagellate_stx,toxicity,BIOLOGICAL_PROCESS,Accumulation and depuration of paralytic shellfish poisoning toxins by purple clam Hiatula rostrata Lighttoot.
dino_pre2016,STX_DOC_000148,1996.0,dinoflagellate,dinoflagellate_stx,stx,TOXIN,"Changes in toxins, intracellular and dissolved free amino acids of the toxic dinoflagellate <i>Gymnodinium catenatum</i> in response to changes in inorganic nutrients and salinity"
dino_pre2016,STX_DOC_000148,1996.0,dinoflagellate,dinoflagellate_stx,gtx,TOXIN,"Changes in toxins, intracellular and dissolved free amino acids of the toxic dinoflagellate <i>Gymnodinium catenatum</i> in response to changes in inorganic nutrients and salinity"
dino_pre2016,STX_DOC_000148,1996.0,dinoflagellate,dinoflagellate_stx,paralytic shellfish toxins,TOXIN,"Changes in toxins, intracellular and dissolved free amino acids of the toxic dinoflagellate <i>Gymnodinium catenatum</i> in response to changes in inorganic nutrients and salinity"
dino_pre2016,STX_DOC_000148,1996.0,dinoflagellate,dinoflagellate_stx,dinoflagellate,DINO_TAXON,"Changes in toxins, intracellular and dissolved free amino acids of the toxic dinoflagellate <i>Gymnodinium catenatum</i> in response to changes in inorganic nutrients and salinity"
dino_pre2016,STX_DOC_000148,1996.0,dinoflagellate,dinoflagellate_stx,alexandrium,DINO_TAXON,"Changes in toxins, intracellular and dissolved free amino acids of the toxic dinoflagellate <i>Gymnodinium catenatum</i> in response to changes in inorganic nutrients and salinity"
dino_pre2016,STX_DOC_000148,1996.0,dinoflagellate,dinoflagellate_stx,gymnodinium,DINO_TAXON,"Changes in toxins, intracellular and dissolved free amino acids of the toxic dinoflagellate <i>Gymnodinium catenatum</i> in response to changes in inorganic nutrients and salinity"
dino_pre2016,STX_DOC_000148,1996.0,dinoflagellate,dinoflagellate_stx,gymnodinium catenatum,DINO_TAXON,"Changes in toxins, intracellular and dissolved free amino acids of the toxic dinoflagellate <i>Gymnodinium catenatum</i> in response to changes in inorganic nutrients and salinity"
dino_pre2016,STX_DOC_000148,1996.0,dinoflagellate,dinoflagellate_stx,salinity,ENV_FACTOR,"Changes in toxins, intracellular and dissolved free amino acids of the toxic dinoflagellate <i>Gymnodinium catenatum</i> in response to changes in inorganic nutrients and salinity"
dino_pre2016,STX_DOC_000148,1996.0,dinoflagellate,dinoflagellate_stx,nitrate,ENV_FACTOR,"Changes in toxins, intracellular and dissolved free amino acids of the toxic dinoflagellate <i>Gymnodinium catenatum</i> in response to changes in inorganic nutrients and salinity"
dino_pre2016,STX_DOC_000148,1996.0,dinoflagellate,dinoflagellate_stx,phosphate,ENV_FACTOR,"Changes in toxins, intracellular and dissolved free amino acids of the toxic dinoflagellate <i>Gymnodinium catenatum</i> in response to changes in inorganic nutrients and salinity"
dino_pre2016,STX_DOC_000148,1996.0,dinoflagellate,dinoflagellate_stx,nutrient,ENV_FACTOR,"Changes in toxins, intracellular and dissolved free amino acids of the toxic dinoflagellate <i>Gymnodinium catenatum</i> in response to changes in inorganic nutrients and salinity"
dino_pre2016,STX_DOC_000148,1996.0,dinoflagellate,dinoflagellate_stx,nutrients,ENV_FACTOR,"Changes in toxins, intracellular and dissolved free amino acids of the toxic dinoflagellate <i>Gymnodinium catenatum</i> in response to changes in inorganic nutrients and salinity"
dino_pre2016,STX_DOC_000149,1994.0,dinoflagellate,dinoflagellate_stx,saxitoxin,TOXIN,Kinetics of <i>Alexandrium minutum</i> halim toxin accumulation in mussels and clams
dino_pre2016,STX_DOC_000149,1994.0,dinoflagellate,dinoflagellate_stx,stx,TOXIN,Kinetics of <i>Alexandrium minutum</i> halim toxin accumulation in mussels and clams
dino_pre2016,STX_DOC_000149,1994.0,dinoflagellate,dinoflagellate_stx,paralytic shellfish poisoning,TOXIN,Kinetics of <i>Alexandrium minutum</i> halim toxin accumulation in mussels and clams
dino_pre2016,STX_DOC_000149,1994.0,dinoflagellate,dinoflagellate_stx,dinoflagellate,DINO_TAXON,Kinetics of <i>Alexandrium minutum</i> halim toxin accumulation in mussels and clams
dino_pre2016,STX_DOC_000149,1994.0,dinoflagellate,dinoflagellate_stx,alexandrium,DINO_TAXON,Kinetics of <i>Alexandrium minutum</i> halim toxin accumulation in mussels and clams
dino_pre2016,STX_DOC_000149,1994.0,dinoflagellate,dinoflagellate_stx,alexandrium minutum,DINO_TAXON,Kinetics of <i>Alexandrium minutum</i> halim toxin accumulation in mussels and clams
dino_pre2016,STX_DOC_000149,1994.0,dinoflagellate,dinoflagellate_stx,toxicity,BIOLOGICAL_PROCESS,Kinetics of <i>Alexandrium minutum</i> halim toxin accumulation in mussels and clams
dino_pre2016,STX_DOC_000150,1994.0,dinoflagellate,dinoflagellate_stx,saxitoxin,TOXIN,Kinetics of Alexandrium minutum Halim toxin accumulation in mussels and clams.
dino_pre2016,STX_DOC_000150,1994.0,dinoflagellate,dinoflagellate_stx,stx,TOXIN,Kinetics of Alexandrium minutum Halim toxin accumulation in mussels and clams.
dino_pre2016,STX_DOC_000150,1994.0,dinoflagellate,dinoflagellate_stx,paralytic shellfish poisoning,TOXIN,Kinetics of Alexandrium minutum Halim toxin accumulation in mussels and clams.
dino_pre2016,STX_DOC_000150,1994.0,dinoflagellate,dinoflagellate_stx,dinoflagellate,DINO_TAXON,Kinetics of Alexandrium minutum Halim toxin accumulation in mussels and clams.
dino_pre2016,STX_DOC_000150,1994.0,dinoflagellate,dinoflagellate_stx,alexandrium,DINO_TAXON,Kinetics of Alexandrium minutum Halim toxin accumulation in mussels and clams.
dino_pre2016,STX_DOC_000150,1994.0,dinoflagellate,dinoflagellate_stx,alexandrium minutum,DINO_TAXON,Kinetics of Alexandrium minutum Halim toxin accumulation in mussels and clams.
dino_pre2016,STX_DOC_000150,1994.0,dinoflagellate,dinoflagellate_stx,toxicity,BIOLOGICAL_PROCESS,Kinetics of Alexandrium minutum Halim toxin accumulation in mussels and clams.
dino_pre2016,STX_DOC_000151,1993.0,dinoflagellate,dinoflagellate_stx,saxitoxin,TOXIN,Analysis of Paralytic Shellfish Toxin (Saxitoxin) in Mollusks by Capillary Zone Electrophoresis
dino_pre2016,STX_DOC_000151,1993.0,dinoflagellate,dinoflagellate_stx,stx,TOXIN,Analysis of Paralytic Shellfish Toxin (Saxitoxin) in Mollusks by Capillary Zone Electrophoresis
dino_pre2016,STX_DOC_000151,1993.0,dinoflagellate,dinoflagellate_stx,paralytic shellfish toxin,TOXIN,Analysis of Paralytic Shellfish Toxin (Saxitoxin) in Mollusks by Capillary Zone Electrophoresis
dino_pre2016,STX_DOC_000151,1993.0,dinoflagellate,dinoflagellate_stx,paralytic shellfish toxins,TOXIN,Analysis of Paralytic Shellfish Toxin (Saxitoxin) in Mollusks by Capillary Zone Electrophoresis
dino_pre2016,STX_DOC_000151,1993.0,dinoflagellate,dinoflagellate_stx,paralytic shellfish poisoning,TOXIN,Analysis of Paralytic Shellfish Toxin (Saxitoxin) in Mollusks by Capillary Zone Electrophoresis
dino_pre2016,STX_DOC_000151,1993.0,dinoflagellate,dinoflagellate_stx,dinoflagellates,DINO_TAXON,Analysis of Paralytic Shellfish Toxin (Saxitoxin) in Mollusks by Capillary Zone Electrophoresis
dino_pre2016,STX_DOC_000151,1993.0,dinoflagellate,dinoflagellate_stx,alexandrium,DINO_TAXON,Analysis of Paralytic Shellfish Toxin (Saxitoxin) in Mollusks by Capillary Zone Electrophoresis
dino_pre2016,STX_DOC_000151,1993.0,dinoflagellate,dinoflagellate_stx,gymnodinium,DINO_TAXON,Analysis of Paralytic Shellfish Toxin (Saxitoxin) in Mollusks by Capillary Zone Electrophoresis
dino_pre2016,STX_DOC_000151,1993.0,dinoflagellate,dinoflagellate_stx,hplc,DETECTION_METHOD,Analysis of Paralytic Shellfish Toxin (Saxitoxin) in Mollusks by Capillary Zone Electrophoresis
dino_pre2016,STX_DOC_000151,1993.0,dinoflagellate,dinoflagellate_stx,mouse bioassay,DETECTION_METHOD,Analysis of Paralytic Shellfish Toxin (Saxitoxin) in Mollusks by Capillary Zone Electrophoresis
dino_pre2016,STX_DOC_000152,1992.0,dinoflagellate,dinoflagellate_stx,saxitoxin,TOXIN,Mendelian Inheritance of Paralytic Shellfish Poisoning Toxin in the Marine Dinoflagellate Alexandrium catenella.
dino_pre2016,STX_DOC_000152,1992.0,dinoflagellate,dinoflagellate_stx,stx,TOXIN,Mendelian Inheritance of Paralytic Shellfish Poisoning Toxin in the Marine Dinoflagellate Alexandrium catenella.
dino_pre2016,STX_DOC_000152,1992.0,dinoflagellate,dinoflagellate_stx,neosaxitoxin,TOXIN,Mendelian Inheritance of Paralytic Shellfish Poisoning Toxin in the Marine Dinoflagellate Alexandrium catenella.
dino_pre2016,STX_DOC_000152,1992.0,dinoflagellate,dinoflagellate_stx,gonyautoxin,TOXIN,Mendelian Inheritance of Paralytic Shellfish Poisoning Toxin in the Marine Dinoflagellate Alexandrium catenella.
dino_pre2016,STX_DOC_000152,1992.0,dinoflagellate,dinoflagellate_stx,gtx,TOXIN,Mendelian Inheritance of Paralytic Shellfish Poisoning Toxin in the Marine Dinoflagellate Alexandrium catenella.
dino_pre2016,STX_DOC_000152,1992.0,dinoflagellate,dinoflagellate_stx,paralytic shellfish poisoning,TOXIN,Mendelian Inheritance of Paralytic Shellfish Poisoning Toxin in the Marine Dinoflagellate Alexandrium catenella.
dino_pre2016,STX_DOC_000152,1992.0,dinoflagellate,dinoflagellate_stx,dinoflagellate,DINO_TAXON,Mendelian Inheritance of Paralytic Shellfish Poisoning Toxin in the Marine Dinoflagellate Alexandrium catenella.
dino_pre2016,STX_DOC_000152,1992.0,dinoflagellate,dinoflagellate_stx,alexandrium,DINO_TAXON,Mendelian Inheritance of Paralytic Shellfish Poisoning Toxin in the Marine Dinoflagellate Alexandrium catenella.
dino_pre2016,STX_DOC_000152,1992.0,dinoflagellate,dinoflagellate_stx,alexandrium catenella,DINO_TAXON,Mendelian Inheritance of Paralytic Shellfish Poisoning Toxin in the Marine Dinoflagellate Alexandrium catenella.
dino_pre2016,STX_DOC_000152,1992.0,dinoflagellate,dinoflagellate_stx,toxin production,BIOLOGICAL_PROCESS,Mendelian Inheritance of Paralytic Shellfish Poisoning Toxin in the Marine Dinoflagellate Alexandrium catenella.
dino_pre2016,STX_DOC_000153,1982.0,dinoflagellate,dinoflagellate_stx,saxitoxin,TOXIN,"Studies on paralytic shellfish poisoning in tropical waters. Part IV. Structures of two paralytic shellfish toxins, gonyautoxins V and VI, isolated from a tropical dinoflagellate, Pyrodinium bahamense var. compressa."
dino_pre2016,STX_DOC_000153,1982.0,dinoflagellate,dinoflagellate_stx,neosaxitoxin,TOXIN,"Studies on paralytic shellfish poisoning in tropical waters. Part IV. Structures of two paralytic shellfish toxins, gonyautoxins V and VI, isolated from a tropical dinoflagellate, Pyrodinium bahamense var. compressa."
dino_pre2016,STX_DOC_000153,1982.0,dinoflagellate,dinoflagellate_stx,gonyautoxin,TOXIN,"Studies on paralytic shellfish poisoning in tropical waters. Part IV. Structures of two paralytic shellfish toxins, gonyautoxins V and VI, isolated from a tropical dinoflagellate, Pyrodinium bahamense var. compressa."
dino_pre2016,STX_DOC_000153,1982.0,dinoflagellate,dinoflagellate_stx,paralytic shellfish toxins,TOXIN,"Studies on paralytic shellfish poisoning in tropical waters. Part IV. Structures of two paralytic shellfish toxins, gonyautoxins V and VI, isolated from a tropical dinoflagellate, Pyrodinium bahamense var. compressa."
dino_pre2016,STX_DOC_000153,1982.0,dinoflagellate,dinoflagellate_stx,paralytic shellfish poisoning,TOXIN,"Studies on paralytic shellfish poisoning in tropical waters. Part IV. Structures of two paralytic shellfish toxins, gonyautoxins V and VI, isolated from a tropical dinoflagellate, Pyrodinium bahamense var. compressa."
dino_pre2016,STX_DOC_000153,1982.0,dinoflagellate,dinoflagellate_stx,dinoflagellate,DINO_TAXON,"Studies on paralytic shellfish poisoning in tropical waters. Part IV. Structures of two paralytic shellfish toxins, gonyautoxins V and VI, isolated from a tropical dinoflagellate, Pyrodinium bahamense var. compressa."
dino_pre2016,STX_DOC_000153,1982.0,dinoflagellate,dinoflagellate_stx,pyrodinium,DINO_TAXON,"Studies on paralytic shellfish poisoning in tropical waters. Part IV. Structures of two paralytic shellfish toxins, gonyautoxins V and VI, isolated from a tropical dinoflagellate, Pyrodinium bahamense var. compressa."
dino_pre2016,STX_DOC_000153,1982.0,dinoflagellate,dinoflagellate_stx,pyrodinium bahamense,DINO_TAXON,"Studies on paralytic shellfish poisoning in tropical waters. Part IV. Structures of two paralytic shellfish toxins, gonyautoxins V and VI, isolated from a tropical dinoflagellate, Pyrodinium bahamense var. compressa."
dino_pre2016,STX_DOC_000165,2013.0,dinoflagellate,dinoflagellate_stx,paralytic shellfish toxin,TOXIN,Influence of Environmental Factors on the Paralytic Shellfish Toxin Content and Profile of Alexandrium catenella (Dinophyceae) Isolated from the Mediterranean Sea
dino_pre2016,STX_DOC_000165,2013.0,dinoflagellate,dinoflagellate_stx,paralytic shellfish toxins,TOXIN,Influence of Environmental Factors on the Paralytic Shellfish Toxin Content and Profile of Alexandrium catenella (Dinophyceae) Isolated from the Mediterranean Sea
dino_pre2016,STX_DOC_000165,2013.0,dinoflagellate,dinoflagellate_stx,dinoflagellate,DINO_TAXON,Influence of Environmental Factors on the Paralytic Shellfish Toxin Content and Profile of Alexandrium catenella (Dinophyceae) Isolated from the Mediterranean Sea
dino_pre2016,STX_DOC_000165,2013.0,dinoflagellate,dinoflagellate_stx,alexandrium,DINO_TAXON,Influence of Environmental Factors on the Paralytic Shellfish Toxin Content and Profile of Alexandrium catenella (Dinophyceae) Isolated from the Mediterranean Sea
dino_pre2016,STX_DOC_000165,2013.0,dinoflagellate,dinoflagellate_stx,alexandrium catenella,DINO_TAXON,Influence of Environmental Factors on the Paralytic Shellfish Toxin Content and Profile of Alexandrium catenella (Dinophyceae) Isolated from the Mediterranean Sea
dino_pre2016,STX_DOC_000165,2013.0,dinoflagellate,dinoflagellate_stx,temperature,ENV_FACTOR,Influence of Environmental Factors on the Paralytic Shellfish Toxin Content and Profile of Alexandrium catenella (Dinophyceae) Isolated from the Mediterranean Sea
dino_pre2016,STX_DOC_000165,2013.0,dinoflagellate,dinoflagellate_stx,salinity,ENV_FACTOR,Influence of Environmental Factors on the Paralytic Shellfish Toxin Content and Profile of Alexandrium catenella (Dinophyceae) Isolated from the Mediterranean Sea
dino_pre2016,STX_DOC_000165,2013.0,dinoflagellate,dinoflagellate_stx,nutrient,ENV_FACTOR,Influence of Environmental Factors on the Paralytic Shellfish Toxin Content and Profile of Alexandrium catenella (Dinophyceae) Isolated from the Mediterranean Sea
dino_pre2016,STX_DOC_000165,2013.0,dinoflagellate,dinoflagellate_stx,irradiance,ENV_FACTOR,Influence of Environmental Factors on the Paralytic Shellfish Toxin Content and Profile of Alexandrium catenella (Dinophyceae) Isolated from the Mediterranean Sea
dino_pre2016,STX_DOC_000166,2012.0,cross_taxa,dinoflagellate_stx,paralytic shellfish toxins,TOXIN,Investigation of extraction and analysis techniques for Lyngbya wollei derived Paralytic Shellfish Toxins.
dino_pre2016,STX_DOC_000166,2012.0,cross_taxa,dinoflagellate_stx,pst,TOXIN,Investigation of extraction and analysis techniques for Lyngbya wollei derived Paralytic Shellfish Toxins.
dino_pre2016,STX_DOC_000166,2012.0,cross_taxa,dinoflagellate_stx,psts,TOXIN,Investigation of extraction and analysis techniques for Lyngbya wollei derived Paralytic Shellfish Toxins.
dino_pre2016,STX_DOC_000166,2012.0,cross_taxa,dinoflagellate_stx,dinoflagellates,DINO_TAXON,Investigation of extraction and analysis techniques for Lyngbya wollei derived Paralytic Shellfish Toxins.
dino_pre2016,STX_DOC_000166,2012.0,cross_taxa,dinoflagellate_stx,cyanobacteria,CYANO_TAXON,Investigation of extraction and analysis techniques for Lyngbya wollei derived Paralytic Shellfish Toxins.
dino_pre2016,STX_DOC_000166,2012.0,cross_taxa,dinoflagellate_stx,cyanobacterium,CYANO_TAXON,Investigation of extraction and analysis techniques for Lyngbya wollei derived Paralytic Shellfish Toxins.
dino_pre2016,STX_DOC_000166,2012.0,cross_taxa,dinoflagellate_stx,lyngbya,CYANO_TAXON,Investigation of extraction and analysis techniques for Lyngbya wollei derived Paralytic Shellfish Toxins.
dino_pre2016,STX_DOC_000166,2012.0,cross_taxa,dinoflagellate_stx,toxin production,BIOLOGICAL_PROCESS,Investigation of extraction and analysis techniques for Lyngbya wollei derived Paralytic Shellfish Toxins.
dino_pre2016,STX_DOC_000166,2012.0,cross_taxa,dinoflagellate_stx,hplc,DETECTION_METHOD,Investigation of extraction and analysis techniques for Lyngbya wollei derived Paralytic Shellfish Toxins.
dino_pre2016,STX_DOC_000166,2012.0,cross_taxa,dinoflagellate_stx,mass spectrometry,DETECTION_METHOD,Investigation of extraction and analysis techniques for Lyngbya wollei derived Paralytic Shellfish Toxins.
dino_pre2016,STX_DOC_000167,2010.0,dinoflagellate,dinoflagellate_stx,stx,TOXIN,"Comparative Analysis of Paralytic Shellfish Toxin Content and Profile Produced by Dinoflagellate Gymnodinium Catenatum Isolated from Inokushi Bay, Japan"
dino_pre2016,STX_DOC_000167,2010.0,dinoflagellate,dinoflagellate_stx,gtx,TOXIN,"Comparative Analysis of Paralytic Shellfish Toxin Content and Profile Produced by Dinoflagellate Gymnodinium Catenatum Isolated from Inokushi Bay, Japan"
dino_pre2016,STX_DOC_000167,2010.0,dinoflagellate,dinoflagellate_stx,paralytic shellfish toxin,TOXIN,"Comparative Analysis of Paralytic Shellfish Toxin Content and Profile Produced by Dinoflagellate Gymnodinium Catenatum Isolated from Inokushi Bay, Japan"
dino_pre2016,STX_DOC_000167,2010.0,dinoflagellate,dinoflagellate_stx,dinoflagellate,DINO_TAXON,"Comparative Analysis of Paralytic Shellfish Toxin Content and Profile Produced by Dinoflagellate Gymnodinium Catenatum Isolated from Inokushi Bay, Japan"
dino_pre2016,STX_DOC_000167,2010.0,dinoflagellate,dinoflagellate_stx,gymnodinium,DINO_TAXON,"Comparative Analysis of Paralytic Shellfish Toxin Content and Profile Produced by Dinoflagellate Gymnodinium Catenatum Isolated from Inokushi Bay, Japan"
dino_pre2016,STX_DOC_000167,2010.0,dinoflagellate,dinoflagellate_stx,gymnodinium catenatum,DINO_TAXON,"Comparative Analysis of Paralytic Shellfish Toxin Content and Profile Produced by Dinoflagellate Gymnodinium Catenatum Isolated from Inokushi Bay, Japan"
dino_pre2016,STX_DOC_000167,2010.0,dinoflagellate,dinoflagellate_stx,temperature,ENV_FACTOR,"Comparative Analysis of Paralytic Shellfish Toxin Content and Profile Produced by Dinoflagellate Gymnodinium Catenatum Isolated from Inokushi Bay, Japan"
dino_pre2016,STX_DOC_000167,2010.0,dinoflagellate,dinoflagellate_stx,bloom,ENV_FACTOR,"Comparative Analysis of Paralytic Shellfish Toxin Content and Profile Produced by Dinoflagellate Gymnodinium Catenatum Isolated from Inokushi Bay, Japan"
dino_pre2016,STX_DOC_000169,2005.0,dinoflagellate,dinoflagellate_stx,saxitoxin,TOXIN,"TOXIN PROFILE, PIGMENT COMPOSITION, AND LARGE SUBUNIT RDNA PHYLOGENETIC ANALYSIS OF AN <i>ALEXANDRIUM MINUTUM</i> (DINOPHYCEAE) STRAIN ISOLATED FROM THE FLEET LAGOON, UNITED KINGDOM<sup>1</sup>"
dino_pre2016,STX_DOC_000169,2005.0,dinoflagellate,dinoflagellate_stx,stx,TOXIN,"TOXIN PROFILE, PIGMENT COMPOSITION, AND LARGE SUBUNIT RDNA PHYLOGENETIC ANALYSIS OF AN <i>ALEXANDRIUM MINUTUM</i> (DINOPHYCEAE) STRAIN ISOLATED FROM THE FLEET LAGOON, UNITED KINGDOM<sup>1</sup>"
dino_pre2016,STX_DOC_000169,2005.0,dinoflagellate,dinoflagellate_stx,gonyautoxin,TOXIN,"TOXIN PROFILE, PIGMENT COMPOSITION, AND LARGE SUBUNIT RDNA PHYLOGENETIC ANALYSIS OF AN <i>ALEXANDRIUM MINUTUM</i> (DINOPHYCEAE) STRAIN ISOLATED FROM THE FLEET LAGOON, UNITED KINGDOM<sup>1</sup>"
dino_pre2016,STX_DOC_000169,2005.0,dinoflagellate,dinoflagellate_stx,paralytic shellfish toxins,TOXIN,"TOXIN PROFILE, PIGMENT COMPOSITION, AND LARGE SUBUNIT RDNA PHYLOGENETIC ANALYSIS OF AN <i>ALEXANDRIUM MINUTUM</i> (DINOPHYCEAE) STRAIN ISOLATED FROM THE FLEET LAGOON, UNITED KINGDOM<sup>1</sup>"
dino_pre2016,STX_DOC_000169,2005.0,dinoflagellate,dinoflagellate_stx,paralytic shellfish poisoning,TOXIN,"TOXIN PROFILE, PIGMENT COMPOSITION, AND LARGE SUBUNIT RDNA PHYLOGENETIC ANALYSIS OF AN <i>ALEXANDRIUM MINUTUM</i> (DINOPHYCEAE) STRAIN ISOLATED FROM THE FLEET LAGOON, UNITED KINGDOM<sup>1</sup>"
dino_pre2016,STX_DOC_000169,2005.0,dinoflagellate,dinoflagellate_stx,alexandrium,DINO_TAXON,"TOXIN PROFILE, PIGMENT COMPOSITION, AND LARGE SUBUNIT RDNA PHYLOGENETIC ANALYSIS OF AN <i>ALEXANDRIUM MINUTUM</i> (DINOPHYCEAE) STRAIN ISOLATED FROM THE FLEET LAGOON, UNITED KINGDOM<sup>1</sup>"
dino_pre2016,STX_DOC_000169,2005.0,dinoflagellate,dinoflagellate_stx,alexandrium minutum,DINO_TAXON,"TOXIN PROFILE, PIGMENT COMPOSITION, AND LARGE SUBUNIT RDNA PHYLOGENETIC ANALYSIS OF AN <i>ALEXANDRIUM MINUTUM</i> (DINOPHYCEAE) STRAIN ISOLATED FROM THE FLEET LAGOON, UNITED KINGDOM<sup>1</sup>"
dino_pre2016,STX_DOC_000169,2005.0,dinoflagellate,dinoflagellate_stx,bloom,ENV_FACTOR,"TOXIN PROFILE, PIGMENT COMPOSITION, AND LARGE SUBUNIT RDNA PHYLOGENETIC ANALYSIS OF AN <i>ALEXANDRIUM MINUTUM</i> (DINOPHYCEAE) STRAIN ISOLATED FROM THE FLEET LAGOON, UNITED KINGDOM<sup>1</sup>"
dino_pre2016,STX_DOC_000169,2005.0,dinoflagellate,dinoflagellate_stx,phylogenetic,BIOLOGICAL_PROCESS,"TOXIN PROFILE, PIGMENT COMPOSITION, AND LARGE SUBUNIT RDNA PHYLOGENETIC ANALYSIS OF AN <i>ALEXANDRIUM MINUTUM</i> (DINOPHYCEAE) STRAIN ISOLATED FROM THE FLEET LAGOON, UNITED KINGDOM<sup>1</sup>"
dino_pre2016,STX_DOC_000169,2005.0,dinoflagellate,dinoflagellate_stx,toxicity,BIOLOGICAL_PROCESS,"TOXIN PROFILE, PIGMENT COMPOSITION, AND LARGE SUBUNIT RDNA PHYLOGENETIC ANALYSIS OF AN <i>ALEXANDRIUM MINUTUM</i> (DINOPHYCEAE) STRAIN ISOLATED FROM THE FLEET LAGOON, UNITED KINGDOM<sup>1</sup>"
dino_pre2016,STX_DOC_000169,2005.0,dinoflagellate,dinoflagellate_stx,hplc,DETECTION_METHOD,"TOXIN PROFILE, PIGMENT COMPOSITION, AND LARGE SUBUNIT RDNA PHYLOGENETIC ANALYSIS OF AN <i>ALEXANDRIUM MINUTUM</i> (DINOPHYCEAE) STRAIN ISOLATED FROM THE FLEET LAGOON, UNITED KINGDOM<sup>1</sup>"
dino_pre2016,STX_DOC_000184,2013.0,dinoflagellate,dinoflagellate_stx,saxitoxin,TOXIN,Characterization of grazer-induced responses in the marine dinoflagellate Alexandrium tamarense
dino_pre2016,STX_DOC_000184,2013.0,dinoflagellate,dinoflagellate_stx,paralytic shellfish toxins,TOXIN,Characterization of grazer-induced responses in the marine dinoflagellate Alexandrium tamarense
dino_pre2016,STX_DOC_000184,2013.0,dinoflagellate,dinoflagellate_stx,pst,TOXIN,Characterization of grazer-induced responses in the marine dinoflagellate Alexandrium tamarense
dino_pre2016,STX_DOC_000184,2013.0,dinoflagellate,dinoflagellate_stx,psts,TOXIN,Characterization of grazer-induced responses in the marine dinoflagellate Alexandrium tamarense
dino_pre2016,STX_DOC_000184,2013.0,dinoflagellate,dinoflagellate_stx,paralytic shellfish poisoning,TOXIN,Characterization of grazer-induced responses in the marine dinoflagellate Alexandrium tamarense
dino_pre2016,STX_DOC_000184,2013.0,dinoflagellate,dinoflagellate_stx,dinoflagellate,DINO_TAXON,Characterization of grazer-induced responses in the marine dinoflagellate Alexandrium tamarense
dino_pre2016,STX_DOC_000184,2013.0,dinoflagellate,dinoflagellate_stx,alexandrium,DINO_TAXON,Characterization of grazer-induced responses in the marine dinoflagellate Alexandrium tamarense
dino_pre2016,STX_DOC_000184,2013.0,dinoflagellate,dinoflagellate_stx,alexandrium tamarense,DINO_TAXON,Characterization of grazer-induced responses in the marine dinoflagellate Alexandrium tamarense
dino_pre2016,STX_DOC_000184,2013.0,dinoflagellate,dinoflagellate_stx,biosynthesis,BIOLOGICAL_PROCESS,Characterization of grazer-induced responses in the marine dinoflagellate Alexandrium tamarense
dino_pre2016,STX_DOC_000184,2013.0,dinoflagellate,dinoflagellate_stx,regulation,BIOLOGICAL_PROCESS,Characterization of grazer-induced responses in the marine dinoflagellate Alexandrium tamarense
dino_pre2016,STX_DOC_000184,2013.0,dinoflagellate,dinoflagellate_stx,expression,BIOLOGICAL_PROCESS,Characterization of grazer-induced responses in the marine dinoflagellate Alexandrium tamarense
dino_pre2016,STX_DOC_000184,2013.0,dinoflagellate,dinoflagellate_stx,gene expression,BIOLOGICAL_PROCESS,Characterization of grazer-induced responses in the marine dinoflagellate Alexandrium tamarense
dino_pre2016,STX_DOC_000184,2013.0,dinoflagellate,dinoflagellate_stx,transcriptomic,BIOLOGICAL_PROCESS,Characterization of grazer-induced responses in the marine dinoflagellate Alexandrium tamarense
dino_pre2016,STX_DOC_000184,2013.0,dinoflagellate,dinoflagellate_stx,evolution,BIOLOGICAL_PROCESS,Characterization of grazer-induced responses in the marine dinoflagellate Alexandrium tamarense
dino_pre2016,STX_DOC_000184,2013.0,dinoflagellate,dinoflagellate_stx,toxin production,BIOLOGICAL_PROCESS,Characterization of grazer-induced responses in the marine dinoflagellate Alexandrium tamarense
dino_pre2016,STX_DOC_000185,2012.0,cross_taxa,dinoflagellate_stx,saxitoxin,TOXIN,PSP toxin release from the cyanobacterium Raphidiopsis brookii D9 (Nostocales) can be induced by sodium and potassium ions.
dino_pre2016,STX_DOC_000185,2012.0,cross_taxa,dinoflagellate_stx,stx,TOXIN,PSP toxin release from the cyanobacterium Raphidiopsis brookii D9 (Nostocales) can be induced by sodium and potassium ions.
dino_pre2016,STX_DOC_000185,2012.0,cross_taxa,dinoflagellate_stx,paralytic shellfish poisoning,TOXIN,PSP toxin release from the cyanobacterium Raphidiopsis brookii D9 (Nostocales) can be induced by sodium and potassium ions.
dino_pre2016,STX_DOC_000185,2012.0,cross_taxa,dinoflagellate_stx,dinoflagellates,DINO_TAXON,PSP toxin release from the cyanobacterium Raphidiopsis brookii D9 (Nostocales) can be induced by sodium and potassium ions.
dino_pre2016,STX_DOC_000185,2012.0,cross_taxa,dinoflagellate_stx,cyanobacteria,CYANO_TAXON,PSP toxin release from the cyanobacterium Raphidiopsis brookii D9 (Nostocales) can be induced by sodium and potassium ions.
dino_pre2016,STX_DOC_000185,2012.0,cross_taxa,dinoflagellate_stx,cyanobacterium,CYANO_TAXON,PSP toxin release from the cyanobacterium Raphidiopsis brookii D9 (Nostocales) can be induced by sodium and potassium ions.
dino_pre2016,STX_DOC_000185,2012.0,cross_taxa,dinoflagellate_stx,toxin production,BIOLOGICAL_PROCESS,PSP toxin release from the cyanobacterium Raphidiopsis brookii D9 (Nostocales) can be induced by sodium and potassium ions.
dino_pre2016,STX_DOC_000186,2011.0,cross_taxa,high_confidence_stx_biosynthesis,saxitoxin,TOXIN,Discovery of nuclear-encoded genes for the neurotoxin saxitoxin in dinoflagellates.
dino_pre2016,STX_DOC_000186,2011.0,cross_taxa,high_confidence_stx_biosynthesis,paralytic shellfish poisoning,TOXIN,Discovery of nuclear-encoded genes for the neurotoxin saxitoxin in dinoflagellates.
dino_pre2016,STX_DOC_000186,2011.0,cross_taxa,high_confidence_stx_biosynthesis,sxta,SXT_GENE,Discovery of nuclear-encoded genes for the neurotoxin saxitoxin in dinoflagellates.
dino_pre2016,STX_DOC_000186,2011.0,cross_taxa,high_confidence_stx_biosynthesis,dinoflagellate,DINO_TAXON,Discovery of nuclear-encoded genes for the neurotoxin saxitoxin in dinoflagellates.
dino_pre2016,STX_DOC_000186,2011.0,cross_taxa,high_confidence_stx_biosynthesis,dinoflagellates,DINO_TAXON,Discovery of nuclear-encoded genes for the neurotoxin saxitoxin in dinoflagellates.
dino_pre2016,STX_DOC_000186,2011.0,cross_taxa,high_confidence_stx_biosynthesis,alexandrium,DINO_TAXON,Discovery of nuclear-encoded genes for the neurotoxin saxitoxin in dinoflagellates.
dino_pre2016,STX_DOC_000186,2011.0,cross_taxa,high_confidence_stx_biosynthesis,alexandrium fundyense,DINO_TAXON,Discovery of nuclear-encoded genes for the neurotoxin saxitoxin in dinoflagellates.
dino_pre2016,STX_DOC_000186,2011.0,cross_taxa,high_confidence_stx_biosynthesis,cyanobacteria,CYANO_TAXON,Discovery of nuclear-encoded genes for the neurotoxin saxitoxin in dinoflagellates.
dino_pre2016,STX_DOC_000186,2011.0,cross_taxa,high_confidence_stx_biosynthesis,cyanobacterial,CYANO_TAXON,Discovery of nuclear-encoded genes for the neurotoxin saxitoxin in dinoflagellates.
dino_pre2016,STX_DOC_000186,2011.0,cross_taxa,high_confidence_stx_biosynthesis,transcriptome,BIOLOGICAL_PROCESS,Discovery of nuclear-encoded genes for the neurotoxin saxitoxin in dinoflagellates.
dino_pre2016,STX_DOC_000187,2009.0,dinoflagellate,dinoflagellate_stx,saxitoxin,TOXIN,IDENTIFICATION AND TOXICITY OF ALEXANDRIUM TAMARENSE (DINOPHYCEAE) IN SCOTTISH WATERS(1).
dino_pre2016,STX_DOC_000187,2009.0,dinoflagellate,dinoflagellate_stx,stx,TOXIN,IDENTIFICATION AND TOXICITY OF ALEXANDRIUM TAMARENSE (DINOPHYCEAE) IN SCOTTISH WATERS(1).
dino_pre2016,STX_DOC_000187,2009.0,dinoflagellate,dinoflagellate_stx,neosaxitoxin,TOXIN,IDENTIFICATION AND TOXICITY OF ALEXANDRIUM TAMARENSE (DINOPHYCEAE) IN SCOTTISH WATERS(1).
dino_pre2016,STX_DOC_000187,2009.0,dinoflagellate,dinoflagellate_stx,gonyautoxin,TOXIN,IDENTIFICATION AND TOXICITY OF ALEXANDRIUM TAMARENSE (DINOPHYCEAE) IN SCOTTISH WATERS(1).
dino_pre2016,STX_DOC_000187,2009.0,dinoflagellate,dinoflagellate_stx,gtx,TOXIN,IDENTIFICATION AND TOXICITY OF ALEXANDRIUM TAMARENSE (DINOPHYCEAE) IN SCOTTISH WATERS(1).
dino_pre2016,STX_DOC_000187,2009.0,dinoflagellate,dinoflagellate_stx,paralytic shellfish poisoning,TOXIN,IDENTIFICATION AND TOXICITY OF ALEXANDRIUM TAMARENSE (DINOPHYCEAE) IN SCOTTISH WATERS(1).
dino_pre2016,STX_DOC_000187,2009.0,dinoflagellate,dinoflagellate_stx,alexandrium,DINO_TAXON,IDENTIFICATION AND TOXICITY OF ALEXANDRIUM TAMARENSE (DINOPHYCEAE) IN SCOTTISH WATERS(1).
dino_pre2016,STX_DOC_000187,2009.0,dinoflagellate,dinoflagellate_stx,alexandrium tamarense,DINO_TAXON,IDENTIFICATION AND TOXICITY OF ALEXANDRIUM TAMARENSE (DINOPHYCEAE) IN SCOTTISH WATERS(1).
dino_pre2016,STX_DOC_000187,2009.0,dinoflagellate,dinoflagellate_stx,phylogenetic,BIOLOGICAL_PROCESS,IDENTIFICATION AND TOXICITY OF ALEXANDRIUM TAMARENSE (DINOPHYCEAE) IN SCOTTISH WATERS(1).
dino_pre2016,STX_DOC_000187,2009.0,dinoflagellate,dinoflagellate_stx,toxicity,BIOLOGICAL_PROCESS,IDENTIFICATION AND TOXICITY OF ALEXANDRIUM TAMARENSE (DINOPHYCEAE) IN SCOTTISH WATERS(1).
dino_pre2016,STX_DOC_000187,2009.0,dinoflagellate,dinoflagellate_stx,toxin production,BIOLOGICAL_PROCESS,IDENTIFICATION AND TOXICITY OF ALEXANDRIUM TAMARENSE (DINOPHYCEAE) IN SCOTTISH WATERS(1).
dino_pre2016,STX_DOC_000187,2009.0,dinoflagellate,dinoflagellate_stx,mass spectrometry,DETECTION_METHOD,IDENTIFICATION AND TOXICITY OF ALEXANDRIUM TAMARENSE (DINOPHYCEAE) IN SCOTTISH WATERS(1).
dino_pre2016,STX_DOC_000188,2007.0,dinoflagellate,dinoflagellate_stx,saxitoxin,TOXIN,S-adenosylmethionine synthetase genes from eleven marine dinoflagellates
dino_pre2016,STX_DOC_000188,2007.0,dinoflagellate,dinoflagellate_stx,pst,TOXIN,S-adenosylmethionine synthetase genes from eleven marine dinoflagellates
dino_pre2016,STX_DOC_000188,2007.0,dinoflagellate,dinoflagellate_stx,psts,TOXIN,S-adenosylmethionine synthetase genes from eleven marine dinoflagellates
dino_pre2016,STX_DOC_000188,2007.0,dinoflagellate,dinoflagellate_stx,paralytic shellfish poisoning,TOXIN,S-adenosylmethionine synthetase genes from eleven marine dinoflagellates
dino_pre2016,STX_DOC_000188,2007.0,dinoflagellate,dinoflagellate_stx,dinoflagellate,DINO_TAXON,S-adenosylmethionine synthetase genes from eleven marine dinoflagellates
dino_pre2016,STX_DOC_000188,2007.0,dinoflagellate,dinoflagellate_stx,dinoflagellates,DINO_TAXON,S-adenosylmethionine synthetase genes from eleven marine dinoflagellates
dino_pre2016,STX_DOC_000188,2007.0,dinoflagellate,dinoflagellate_stx,alexandrium,DINO_TAXON,S-adenosylmethionine synthetase genes from eleven marine dinoflagellates
dino_pre2016,STX_DOC_000188,2007.0,dinoflagellate,dinoflagellate_stx,alexandrium minutum,DINO_TAXON,S-adenosylmethionine synthetase genes from eleven marine dinoflagellates
dino_pre2016,STX_DOC_000188,2007.0,dinoflagellate,dinoflagellate_stx,gymnodinium,DINO_TAXON,S-adenosylmethionine synthetase genes from eleven marine dinoflagellates
dino_pre2016,STX_DOC_000189,2007.0,dinoflagellate,dinoflagellate_stx,stx,TOXIN,"Influence of inorganic nutrition on growth and PSP toxin production of Alexandrium minutum (Dinophyceae) from Cork Harbour, Ireland."
dino_pre2016,STX_DOC_000189,2007.0,dinoflagellate,dinoflagellate_stx,dinoflagellate,DINO_TAXON,"Influence of inorganic nutrition on growth and PSP toxin production of Alexandrium minutum (Dinophyceae) from Cork Harbour, Ireland."
dino_pre2016,STX_DOC_000189,2007.0,dinoflagellate,dinoflagellate_stx,alexandrium,DINO_TAXON,"Influence of inorganic nutrition on growth and PSP toxin production of Alexandrium minutum (Dinophyceae) from Cork Harbour, Ireland."
dino_pre2016,STX_DOC_000189,2007.0,dinoflagellate,dinoflagellate_stx,alexandrium minutum,DINO_TAXON,"Influence of inorganic nutrition on growth and PSP toxin production of Alexandrium minutum (Dinophyceae) from Cork Harbour, Ireland."
dino_pre2016,STX_DOC_000189,2007.0,dinoflagellate,dinoflagellate_stx,nitrogen,ENV_FACTOR,"Influence of inorganic nutrition on growth and PSP toxin production of Alexandrium minutum (Dinophyceae) from Cork Harbour, Ireland."
dino_pre2016,STX_DOC_000189,2007.0,dinoflagellate,dinoflagellate_stx,nitrate,ENV_FACTOR,"Influence of inorganic nutrition on growth and PSP toxin production of Alexandrium minutum (Dinophyceae) from Cork Harbour, Ireland."
dino_pre2016,STX_DOC_000189,2007.0,dinoflagellate,dinoflagellate_stx,phosphate,ENV_FACTOR,"Influence of inorganic nutrition on growth and PSP toxin production of Alexandrium minutum (Dinophyceae) from Cork Harbour, Ireland."
dino_pre2016,STX_DOC_000189,2007.0,dinoflagellate,dinoflagellate_stx,toxicity,BIOLOGICAL_PROCESS,"Influence of inorganic nutrition on growth and PSP toxin production of Alexandrium minutum (Dinophyceae) from Cork Harbour, Ireland."
dino_pre2016,STX_DOC_000189,2007.0,dinoflagellate,dinoflagellate_stx,toxin production,BIOLOGICAL_PROCESS,"Influence of inorganic nutrition on growth and PSP toxin production of Alexandrium minutum (Dinophyceae) from Cork Harbour, Ireland."
dino_pre2016,STX_DOC_000192,2003.0,cross_taxa,dinoflagellate_stx,saxitoxin,TOXIN,"GTX(4) imposters: characterization of fluorescent compounds synthesized by Pseudomonas stutzeri SF/PS and Pseudomonas/Alteromonas PTB-1, symbionts of saxitoxin-producing Alexandrium spp."
dino_pre2016,STX_DOC_000192,2003.0,cross_taxa,dinoflagellate_stx,gtx,TOXIN,"GTX(4) imposters: characterization of fluorescent compounds synthesized by Pseudomonas stutzeri SF/PS and Pseudomonas/Alteromonas PTB-1, symbionts of saxitoxin-producing Alexandrium spp."
dino_pre2016,STX_DOC_000192,2003.0,cross_taxa,dinoflagellate_stx,paralytic shellfish poisoning,TOXIN,"GTX(4) imposters: characterization of fluorescent compounds synthesized by Pseudomonas stutzeri SF/PS and Pseudomonas/Alteromonas PTB-1, symbionts of saxitoxin-producing Alexandrium spp."
dino_pre2016,STX_DOC_000192,2003.0,cross_taxa,dinoflagellate_stx,dinoflagellates,DINO_TAXON,"GTX(4) imposters: characterization of fluorescent compounds synthesized by Pseudomonas stutzeri SF/PS and Pseudomonas/Alteromonas PTB-1, symbionts of saxitoxin-producing Alexandrium spp."
dino_pre2016,STX_DOC_000192,2003.0,cross_taxa,dinoflagellate_stx,alexandrium,DINO_TAXON,"GTX(4) imposters: characterization of fluorescent compounds synthesized by Pseudomonas stutzeri SF/PS and Pseudomonas/Alteromonas PTB-1, symbionts of saxitoxin-producing Alexandrium spp."
dino_pre2016,STX_DOC_000192,2003.0,cross_taxa,dinoflagellate_stx,alexandrium minutum,DINO_TAXON,"GTX(4) imposters: characterization of fluorescent compounds synthesized by Pseudomonas stutzeri SF/PS and Pseudomonas/Alteromonas PTB-1, symbionts of saxitoxin-producing Alexandrium spp."
dino_pre2016,STX_DOC_000192,2003.0,cross_taxa,dinoflagellate_stx,alexandrium tamarense,DINO_TAXON,"GTX(4) imposters: characterization of fluorescent compounds synthesized by Pseudomonas stutzeri SF/PS and Pseudomonas/Alteromonas PTB-1, symbionts of saxitoxin-producing Alexandrium spp."
dino_pre2016,STX_DOC_000192,2003.0,cross_taxa,dinoflagellate_stx,cyanobacteria,CYANO_TAXON,"GTX(4) imposters: characterization of fluorescent compounds synthesized by Pseudomonas stutzeri SF/PS and Pseudomonas/Alteromonas PTB-1, symbionts of saxitoxin-producing Alexandrium spp."
dino_pre2016,STX_DOC_000192,2003.0,cross_taxa,dinoflagellate_stx,hplc,DETECTION_METHOD,"GTX(4) imposters: characterization of fluorescent compounds synthesized by Pseudomonas stutzeri SF/PS and Pseudomonas/Alteromonas PTB-1, symbionts of saxitoxin-producing Alexandrium spp."
dino_pre2016,STX_DOC_000193,2002.0,dinoflagellate,dinoflagellate_stx,stx,TOXIN,"First Paralytic Shellfish Poison(PSP) Infestation of Bivalves Due to Toxic Dinoflagellate Alexandrium tamiyavanichii, in the Southeast Coasts of the Seto Inland Sea, Japan."
dino_pre2016,STX_DOC_000193,2002.0,dinoflagellate,dinoflagellate_stx,dinoflagellate,DINO_TAXON,"First Paralytic Shellfish Poison(PSP) Infestation of Bivalves Due to Toxic Dinoflagellate Alexandrium tamiyavanichii, in the Southeast Coasts of the Seto Inland Sea, Japan."
dino_pre2016,STX_DOC_000193,2002.0,dinoflagellate,dinoflagellate_stx,alexandrium,DINO_TAXON,"First Paralytic Shellfish Poison(PSP) Infestation of Bivalves Due to Toxic Dinoflagellate Alexandrium tamiyavanichii, in the Southeast Coasts of the Seto Inland Sea, Japan."
dino_pre2016,STX_DOC_000193,2002.0,dinoflagellate,dinoflagellate_stx,alexandrium tamiyavanichii,DINO_TAXON,"First Paralytic Shellfish Poison(PSP) Infestation of Bivalves Due to Toxic Dinoflagellate Alexandrium tamiyavanichii, in the Southeast Coasts of the Seto Inland Sea, Japan."
dino_pre2016,STX_DOC_000193,2002.0,dinoflagellate,dinoflagellate_stx,toxicity,BIOLOGICAL_PROCESS,"First Paralytic Shellfish Poison(PSP) Infestation of Bivalves Due to Toxic Dinoflagellate Alexandrium tamiyavanichii, in the Southeast Coasts of the Seto Inland Sea, Japan."
dino_pre2016,STX_DOC_000193,2002.0,dinoflagellate,dinoflagellate_stx,hplc,DETECTION_METHOD,"First Paralytic Shellfish Poison(PSP) Infestation of Bivalves Due to Toxic Dinoflagellate Alexandrium tamiyavanichii, in the Southeast Coasts of the Seto Inland Sea, Japan."
dino_pre2016,STX_DOC_000194,2002.0,dinoflagellate,dinoflagellate_stx,stx,TOXIN,"First paralytic shellfish poison (PSP) infestation of bivalves due to toxic dinoflagellate Alexandrium tamiyavanichii, in the southeast coasts of the Seto Inland Sea, Japan."
dino_pre2016,STX_DOC_000194,2002.0,dinoflagellate,dinoflagellate_stx,dinoflagellate,DINO_TAXON,"First paralytic shellfish poison (PSP) infestation of bivalves due to toxic dinoflagellate Alexandrium tamiyavanichii, in the southeast coasts of the Seto Inland Sea, Japan."
dino_pre2016,STX_DOC_000194,2002.0,dinoflagellate,dinoflagellate_stx,alexandrium,DINO_TAXON,"First paralytic shellfish poison (PSP) infestation of bivalves due to toxic dinoflagellate Alexandrium tamiyavanichii, in the southeast coasts of the Seto Inland Sea, Japan."
dino_pre2016,STX_DOC_000194,2002.0,dinoflagellate,dinoflagellate_stx,alexandrium tamiyavanichii,DINO_TAXON,"First paralytic shellfish poison (PSP) infestation of bivalves due to toxic dinoflagellate Alexandrium tamiyavanichii, in the southeast coasts of the Seto Inland Sea, Japan."
dino_pre2016,STX_DOC_000194,2002.0,dinoflagellate,dinoflagellate_stx,toxicity,BIOLOGICAL_PROCESS,"First paralytic shellfish poison (PSP) infestation of bivalves due to toxic dinoflagellate Alexandrium tamiyavanichii, in the southeast coasts of the Seto Inland Sea, Japan."
dino_pre2016,STX_DOC_000194,2002.0,dinoflagellate,dinoflagellate_stx,hplc,DETECTION_METHOD,"First paralytic shellfish poison (PSP) infestation of bivalves due to toxic dinoflagellate Alexandrium tamiyavanichii, in the southeast coasts of the Seto Inland Sea, Japan."
dino_pre2016,STX_DOC_000195,1991.0,dinoflagellate,dinoflagellate_stx,saxitoxin,TOXIN,"PARALYTIC SHELLFISH TOXINS: THEIR ORIGIN, CHARACTERISTICS AND METHODS OF DETECTION: A REVIEW"
dino_pre2016,STX_DOC_000195,1991.0,dinoflagellate,dinoflagellate_stx,stx,TOXIN,"PARALYTIC SHELLFISH TOXINS: THEIR ORIGIN, CHARACTERISTICS AND METHODS OF DETECTION: A REVIEW"
dino_pre2016,STX_DOC_000195,1991.0,dinoflagellate,dinoflagellate_stx,paralytic shellfish toxin,TOXIN,"PARALYTIC SHELLFISH TOXINS: THEIR ORIGIN, CHARACTERISTICS AND METHODS OF DETECTION: A REVIEW"
dino_pre2016,STX_DOC_000195,1991.0,dinoflagellate,dinoflagellate_stx,paralytic shellfish toxins,TOXIN,"PARALYTIC SHELLFISH TOXINS: THEIR ORIGIN, CHARACTERISTICS AND METHODS OF DETECTION: A REVIEW"
dino_pre2016,STX_DOC_000195,1991.0,dinoflagellate,dinoflagellate_stx,dinoflagellate,DINO_TAXON,"PARALYTIC SHELLFISH TOXINS: THEIR ORIGIN, CHARACTERISTICS AND METHODS OF DETECTION: A REVIEW"
dino_pre2016,STX_DOC_000195,1991.0,dinoflagellate,dinoflagellate_stx,dinoflagellates,DINO_TAXON,"PARALYTIC SHELLFISH TOXINS: THEIR ORIGIN, CHARACTERISTICS AND METHODS OF DETECTION: A REVIEW"
dino_pre2016,STX_DOC_000195,1991.0,dinoflagellate,dinoflagellate_stx,alexandrium,DINO_TAXON,"PARALYTIC SHELLFISH TOXINS: THEIR ORIGIN, CHARACTERISTICS AND METHODS OF DETECTION: A REVIEW"
dino_pre2016,STX_DOC_000195,1991.0,dinoflagellate,dinoflagellate_stx,gymnodinium,DINO_TAXON,"PARALYTIC SHELLFISH TOXINS: THEIR ORIGIN, CHARACTERISTICS AND METHODS OF DETECTION: A REVIEW"
dino_pre2016,STX_DOC_000195,1991.0,dinoflagellate,dinoflagellate_stx,gymnodinium catenatum,DINO_TAXON,"PARALYTIC SHELLFISH TOXINS: THEIR ORIGIN, CHARACTERISTICS AND METHODS OF DETECTION: A REVIEW"
dino_pre2016,STX_DOC_000195,1991.0,dinoflagellate,dinoflagellate_stx,hplc,DETECTION_METHOD,"PARALYTIC SHELLFISH TOXINS: THEIR ORIGIN, CHARACTERISTICS AND METHODS OF DETECTION: A REVIEW"
dino_pre2016,STX_DOC_000195,1991.0,dinoflagellate,dinoflagellate_stx,mouse bioassay,DETECTION_METHOD,"PARALYTIC SHELLFISH TOXINS: THEIR ORIGIN, CHARACTERISTICS AND METHODS OF DETECTION: A REVIEW"
dino_pre2016,STX_DOC_000195,1991.0,dinoflagellate,dinoflagellate_stx,elisa,DETECTION_METHOD,"PARALYTIC SHELLFISH TOXINS: THEIR ORIGIN, CHARACTERISTICS AND METHODS OF DETECTION: A REVIEW"
dino_pre2016,STX_DOC_000196,1990.0,dinoflagellate,dinoflagellate_stx,stx,TOXIN,Uptake kinetics of paralytic shellfish toxins from the dinoflagellate Alexandrium fundyense in the mussel Mytilus edulis
dino_pre2016,STX_DOC_000196,1990.0,dinoflagellate,dinoflagellate_stx,paralytic shellfish toxins,TOXIN,Uptake kinetics of paralytic shellfish toxins from the dinoflagellate Alexandrium fundyense in the mussel Mytilus edulis
dino_pre2016,STX_DOC_000196,1990.0,dinoflagellate,dinoflagellate_stx,paralytic shellfish poisoning,TOXIN,Uptake kinetics of paralytic shellfish toxins from the dinoflagellate Alexandrium fundyense in the mussel Mytilus edulis
dino_pre2016,STX_DOC_000196,1990.0,dinoflagellate,dinoflagellate_stx,dinoflagellate,DINO_TAXON,Uptake kinetics of paralytic shellfish toxins from the dinoflagellate Alexandrium fundyense in the mussel Mytilus edulis
dino_pre2016,STX_DOC_000196,1990.0,dinoflagellate,dinoflagellate_stx,alexandrium,DINO_TAXON,Uptake kinetics of paralytic shellfish toxins from the dinoflagellate Alexandrium fundyense in the mussel Mytilus edulis
dino_pre2016,STX_DOC_000196,1990.0,dinoflagellate,dinoflagellate_stx,alexandrium fundyense,DINO_TAXON,Uptake kinetics of paralytic shellfish toxins from the dinoflagellate Alexandrium fundyense in the mussel Mytilus edulis
dino_pre2016,STX_DOC_000196,1990.0,dinoflagellate,dinoflagellate_stx,bloom,ENV_FACTOR,Uptake kinetics of paralytic shellfish toxins from the dinoflagellate Alexandrium fundyense in the mussel Mytilus edulis
dino_pre2016,STX_DOC_000196,1990.0,dinoflagellate,dinoflagellate_stx,toxicity,BIOLOGICAL_PROCESS,Uptake kinetics of paralytic shellfish toxins from the dinoflagellate Alexandrium fundyense in the mussel Mytilus edulis
dino_pre2016,STX_DOC_000196,1990.0,dinoflagellate,dinoflagellate_stx,hplc,DETECTION_METHOD,Uptake kinetics of paralytic shellfish toxins from the dinoflagellate Alexandrium fundyense in the mussel Mytilus edulis
dino_pre2016,STX_DOC_000211,2015.0,dinoflagellate,dinoflagellate_stx,saxitoxin,TOXIN,"Differences in the toxin profiles of Alexandrium ostenfeldii (Dinophyceae) strains isolated from different geographic origins: Evidence of paralytic toxin, spirolide, and gymnodimine."
dino_pre2016,STX_DOC_000211,2015.0,dinoflagellate,dinoflagellate_stx,stx,TOXIN,"Differences in the toxin profiles of Alexandrium ostenfeldii (Dinophyceae) strains isolated from different geographic origins: Evidence of paralytic toxin, spirolide, and gymnodimine."
dino_pre2016,STX_DOC_000211,2015.0,dinoflagellate,dinoflagellate_stx,gonyautoxin,TOXIN,"Differences in the toxin profiles of Alexandrium ostenfeldii (Dinophyceae) strains isolated from different geographic origins: Evidence of paralytic toxin, spirolide, and gymnodimine."
dino_pre2016,STX_DOC_000211,2015.0,dinoflagellate,dinoflagellate_stx,gtx,TOXIN,"Differences in the toxin profiles of Alexandrium ostenfeldii (Dinophyceae) strains isolated from different geographic origins: Evidence of paralytic toxin, spirolide, and gymnodimine."
dino_pre2016,STX_DOC_000211,2015.0,dinoflagellate,dinoflagellate_stx,paralytic shellfish poisoning,TOXIN,"Differences in the toxin profiles of Alexandrium ostenfeldii (Dinophyceae) strains isolated from different geographic origins: Evidence of paralytic toxin, spirolide, and gymnodimine."
dino_pre2016,STX_DOC_000211,2015.0,dinoflagellate,dinoflagellate_stx,dinoflagellates,DINO_TAXON,"Differences in the toxin profiles of Alexandrium ostenfeldii (Dinophyceae) strains isolated from different geographic origins: Evidence of paralytic toxin, spirolide, and gymnodimine."
dino_pre2016,STX_DOC_000211,2015.0,dinoflagellate,dinoflagellate_stx,alexandrium,DINO_TAXON,"Differences in the toxin profiles of Alexandrium ostenfeldii (Dinophyceae) strains isolated from different geographic origins: Evidence of paralytic toxin, spirolide, and gymnodimine."
dino_pre2016,STX_DOC_000211,2015.0,dinoflagellate,dinoflagellate_stx,alexandrium ostenfeldii,DINO_TAXON,"Differences in the toxin profiles of Alexandrium ostenfeldii (Dinophyceae) strains isolated from different geographic origins: Evidence of paralytic toxin, spirolide, and gymnodimine."
dino_pre2016,STX_DOC_000211,2015.0,dinoflagellate,dinoflagellate_stx,phylogeny,BIOLOGICAL_PROCESS,"Differences in the toxin profiles of Alexandrium ostenfeldii (Dinophyceae) strains isolated from different geographic origins: Evidence of paralytic toxin, spirolide, and gymnodimine."
dino_pre2016,STX_DOC_000211,2015.0,dinoflagellate,dinoflagellate_stx,phylogenetic,BIOLOGICAL_PROCESS,"Differences in the toxin profiles of Alexandrium ostenfeldii (Dinophyceae) strains isolated from different geographic origins: Evidence of paralytic toxin, spirolide, and gymnodimine."
dino_pre2016,STX_DOC_000211,2015.0,dinoflagellate,dinoflagellate_stx,hplc,DETECTION_METHOD,"Differences in the toxin profiles of Alexandrium ostenfeldii (Dinophyceae) strains isolated from different geographic origins: Evidence of paralytic toxin, spirolide, and gymnodimine."
dino_pre2016,STX_DOC_000212,2015.0,dinoflagellate,high_confidence_stx_biosynthesis,saxitoxin,TOXIN,The sxt Gene and Paralytic Shellfish Poisoning Toxins as Markers for the Monitoring of Toxic Alexandrium Species Blooms.
dino_pre2016,STX_DOC_000212,2015.0,dinoflagellate,high_confidence_stx_biosynthesis,stx,TOXIN,The sxt Gene and Paralytic Shellfish Poisoning Toxins as Markers for the Monitoring of Toxic Alexandrium Species Blooms.
dino_pre2016,STX_DOC_000212,2015.0,dinoflagellate,high_confidence_stx_biosynthesis,paralytic shellfish poisoning,TOXIN,The sxt Gene and Paralytic Shellfish Poisoning Toxins as Markers for the Monitoring of Toxic Alexandrium Species Blooms.
dino_pre2016,STX_DOC_000212,2015.0,dinoflagellate,high_confidence_stx_biosynthesis,sxt gene,SXT_GENE,The sxt Gene and Paralytic Shellfish Poisoning Toxins as Markers for the Monitoring of Toxic Alexandrium Species Blooms.
dino_pre2016,STX_DOC_000212,2015.0,dinoflagellate,high_confidence_stx_biosynthesis,dinoflagellate,DINO_TAXON,The sxt Gene and Paralytic Shellfish Poisoning Toxins as Markers for the Monitoring of Toxic Alexandrium Species Blooms.
dino_pre2016,STX_DOC_000212,2015.0,dinoflagellate,high_confidence_stx_biosynthesis,dinoflagellates,DINO_TAXON,The sxt Gene and Paralytic Shellfish Poisoning Toxins as Markers for the Monitoring of Toxic Alexandrium Species Blooms.
dino_pre2016,STX_DOC_000212,2015.0,dinoflagellate,high_confidence_stx_biosynthesis,alexandrium,DINO_TAXON,The sxt Gene and Paralytic Shellfish Poisoning Toxins as Markers for the Monitoring of Toxic Alexandrium Species Blooms.
dino_pre2016,STX_DOC_000212,2015.0,dinoflagellate,high_confidence_stx_biosynthesis,bloom,ENV_FACTOR,The sxt Gene and Paralytic Shellfish Poisoning Toxins as Markers for the Monitoring of Toxic Alexandrium Species Blooms.
dino_pre2016,STX_DOC_000213,2015.0,dinoflagellate,high_confidence_stx_biosynthesis,saxitoxin,TOXIN,SxtA gene sequence analysis of dinoflagellate Alexandrium minutum
dino_pre2016,STX_DOC_000213,2015.0,dinoflagellate,high_confidence_stx_biosynthesis,paralytic shellfish poisoning,TOXIN,SxtA gene sequence analysis of dinoflagellate Alexandrium minutum
dino_pre2016,STX_DOC_000213,2015.0,dinoflagellate,high_confidence_stx_biosynthesis,sxta,SXT_GENE,SxtA gene sequence analysis of dinoflagellate Alexandrium minutum
dino_pre2016,STX_DOC_000213,2015.0,dinoflagellate,high_confidence_stx_biosynthesis,dinoflagellate,DINO_TAXON,SxtA gene sequence analysis of dinoflagellate Alexandrium minutum
dino_pre2016,STX_DOC_000213,2015.0,dinoflagellate,high_confidence_stx_biosynthesis,dinoflagellates,DINO_TAXON,SxtA gene sequence analysis of dinoflagellate Alexandrium minutum
dino_pre2016,STX_DOC_000213,2015.0,dinoflagellate,high_confidence_stx_biosynthesis,alexandrium,DINO_TAXON,SxtA gene sequence analysis of dinoflagellate Alexandrium minutum
dino_pre2016,STX_DOC_000213,2015.0,dinoflagellate,high_confidence_stx_biosynthesis,alexandrium minutum,DINO_TAXON,SxtA gene sequence analysis of dinoflagellate Alexandrium minutum
dino_pre2016,STX_DOC_000213,2015.0,dinoflagellate,high_confidence_stx_biosynthesis,temperature,ENV_FACTOR,SxtA gene sequence analysis of dinoflagellate Alexandrium minutum
dino_pre2016,STX_DOC_000213,2015.0,dinoflagellate,high_confidence_stx_biosynthesis,light,ENV_FACTOR,SxtA gene sequence analysis of dinoflagellate Alexandrium minutum
dino_pre2016,STX_DOC_000214,2015.0,dinoflagellate,dinoflagellate_stx,saxitoxin,TOXIN,Paralytic toxin profile of the marine dinoflagellate Gymnodinium catenatum Graham from the Mexican Pacific as revealed by LC-MS/MS.
dino_pre2016,STX_DOC_000214,2015.0,dinoflagellate,dinoflagellate_stx,neosaxitoxin,TOXIN,Paralytic toxin profile of the marine dinoflagellate Gymnodinium catenatum Graham from the Mexican Pacific as revealed by LC-MS/MS.
dino_pre2016,STX_DOC_000214,2015.0,dinoflagellate,dinoflagellate_stx,gonyautoxin,TOXIN,Paralytic toxin profile of the marine dinoflagellate Gymnodinium catenatum Graham from the Mexican Pacific as revealed by LC-MS/MS.
dino_pre2016,STX_DOC_000214,2015.0,dinoflagellate,dinoflagellate_stx,paralytic shellfish toxin,TOXIN,Paralytic toxin profile of the marine dinoflagellate Gymnodinium catenatum Graham from the Mexican Pacific as revealed by LC-MS/MS.
dino_pre2016,STX_DOC_000214,2015.0,dinoflagellate,dinoflagellate_stx,pst,TOXIN,Paralytic toxin profile of the marine dinoflagellate Gymnodinium catenatum Graham from the Mexican Pacific as revealed by LC-MS/MS.
dino_pre2016,STX_DOC_000214,2015.0,dinoflagellate,dinoflagellate_stx,dinoflagellate,DINO_TAXON,Paralytic toxin profile of the marine dinoflagellate Gymnodinium catenatum Graham from the Mexican Pacific as revealed by LC-MS/MS.
dino_pre2016,STX_DOC_000214,2015.0,dinoflagellate,dinoflagellate_stx,gymnodinium,DINO_TAXON,Paralytic toxin profile of the marine dinoflagellate Gymnodinium catenatum Graham from the Mexican Pacific as revealed by LC-MS/MS.
dino_pre2016,STX_DOC_000214,2015.0,dinoflagellate,dinoflagellate_stx,gymnodinium catenatum,DINO_TAXON,Paralytic toxin profile of the marine dinoflagellate Gymnodinium catenatum Graham from the Mexican Pacific as revealed by LC-MS/MS.
dino_pre2016,STX_DOC_000214,2015.0,dinoflagellate,dinoflagellate_stx,lc-ms,DETECTION_METHOD,Paralytic toxin profile of the marine dinoflagellate Gymnodinium catenatum Graham from the Mexican Pacific as revealed by LC-MS/MS.
dino_pre2016,STX_DOC_000214,2015.0,dinoflagellate,dinoflagellate_stx,lc-ms/ms,DETECTION_METHOD,Paralytic toxin profile of the marine dinoflagellate Gymnodinium catenatum Graham from the Mexican Pacific as revealed by LC-MS/MS.
dino_pre2016,STX_DOC_000215,2015.0,dinoflagellate,dinoflagellate_stx,stx,TOXIN,"Progress in Understanding Algal Bloom-Mediated Fish Kills: The Role of Superoxide Radicals, Phycotoxins and Fatty Acids"
dino_pre2016,STX_DOC_000215,2015.0,dinoflagellate,dinoflagellate_stx,paralytic shellfish toxins,TOXIN,"Progress in Understanding Algal Bloom-Mediated Fish Kills: The Role of Superoxide Radicals, Phycotoxins and Fatty Acids"
dino_pre2016,STX_DOC_000215,2015.0,dinoflagellate,dinoflagellate_stx,pst,TOXIN,"Progress in Understanding Algal Bloom-Mediated Fish Kills: The Role of Superoxide Radicals, Phycotoxins and Fatty Acids"
dino_pre2016,STX_DOC_000215,2015.0,dinoflagellate,dinoflagellate_stx,dinoflagellate,DINO_TAXON,"Progress in Understanding Algal Bloom-Mediated Fish Kills: The Role of Superoxide Radicals, Phycotoxins and Fatty Acids"
dino_pre2016,STX_DOC_000215,2015.0,dinoflagellate,dinoflagellate_stx,dinoflagellates,DINO_TAXON,"Progress in Understanding Algal Bloom-Mediated Fish Kills: The Role of Superoxide Radicals, Phycotoxins and Fatty Acids"
dino_pre2016,STX_DOC_000215,2015.0,dinoflagellate,dinoflagellate_stx,alexandrium,DINO_TAXON,"Progress in Understanding Algal Bloom-Mediated Fish Kills: The Role of Superoxide Radicals, Phycotoxins and Fatty Acids"
dino_pre2016,STX_DOC_000215,2015.0,dinoflagellate,dinoflagellate_stx,alexandrium catenella,DINO_TAXON,"Progress in Understanding Algal Bloom-Mediated Fish Kills: The Role of Superoxide Radicals, Phycotoxins and Fatty Acids"
dino_pre2016,STX_DOC_000215,2015.0,dinoflagellate,dinoflagellate_stx,bloom,ENV_FACTOR,"Progress in Understanding Algal Bloom-Mediated Fish Kills: The Role of Superoxide Radicals, Phycotoxins and Fatty Acids"
dino_pre2016,STX_DOC_000215,2015.0,dinoflagellate,dinoflagellate_stx,toxicity,BIOLOGICAL_PROCESS,"Progress in Understanding Algal Bloom-Mediated Fish Kills: The Role of Superoxide Radicals, Phycotoxins and Fatty Acids"
dino_pre2016,STX_DOC_000218,2010.0,dinoflagellate,dinoflagellate_stx,saxitoxin,TOXIN,Development of quantitative NMR method with internal standard for the standard solutions of paralytic shellfish toxins and characterisation of gonyautoxin-5 and gonyautoxin-6.
dino_pre2016,STX_DOC_000218,2010.0,dinoflagellate,dinoflagellate_stx,stx,TOXIN,Development of quantitative NMR method with internal standard for the standard solutions of paralytic shellfish toxins and characterisation of gonyautoxin-5 and gonyautoxin-6.
dino_pre2016,STX_DOC_000218,2010.0,dinoflagellate,dinoflagellate_stx,gonyautoxin,TOXIN,Development of quantitative NMR method with internal standard for the standard solutions of paralytic shellfish toxins and characterisation of gonyautoxin-5 and gonyautoxin-6.
dino_pre2016,STX_DOC_000218,2010.0,dinoflagellate,dinoflagellate_stx,paralytic shellfish toxins,TOXIN,Development of quantitative NMR method with internal standard for the standard solutions of paralytic shellfish toxins and characterisation of gonyautoxin-5 and gonyautoxin-6.
dino_pre2016,STX_DOC_000218,2010.0,dinoflagellate,dinoflagellate_stx,psts,TOXIN,Development of quantitative NMR method with internal standard for the standard solutions of paralytic shellfish toxins and characterisation of gonyautoxin-5 and gonyautoxin-6.
dino_pre2016,STX_DOC_000218,2010.0,dinoflagellate,dinoflagellate_stx,dinoflagellate,DINO_TAXON,Development of quantitative NMR method with internal standard for the standard solutions of paralytic shellfish toxins and characterisation of gonyautoxin-5 and gonyautoxin-6.
dino_pre2016,STX_DOC_000218,2010.0,dinoflagellate,dinoflagellate_stx,gymnodinium,DINO_TAXON,Development of quantitative NMR method with internal standard for the standard solutions of paralytic shellfish toxins and characterisation of gonyautoxin-5 and gonyautoxin-6.
dino_pre2016,STX_DOC_000218,2010.0,dinoflagellate,dinoflagellate_stx,gymnodinium catenatum,DINO_TAXON,Development of quantitative NMR method with internal standard for the standard solutions of paralytic shellfish toxins and characterisation of gonyautoxin-5 and gonyautoxin-6.
dino_pre2016,STX_DOC_000218,2010.0,dinoflagellate,dinoflagellate_stx,toxicity,BIOLOGICAL_PROCESS,Development of quantitative NMR method with internal standard for the standard solutions of paralytic shellfish toxins and characterisation of gonyautoxin-5 and gonyautoxin-6.
dino_pre2016,STX_DOC_000218,2010.0,dinoflagellate,dinoflagellate_stx,mouse bioassay,DETECTION_METHOD,Development of quantitative NMR method with internal standard for the standard solutions of paralytic shellfish toxins and characterisation of gonyautoxin-5 and gonyautoxin-6.
dino_pre2016,STX_DOC_000218,2010.0,dinoflagellate,dinoflagellate_stx,chemical analysis,DETECTION_METHOD,Development of quantitative NMR method with internal standard for the standard solutions of paralytic shellfish toxins and characterisation of gonyautoxin-5 and gonyautoxin-6.
dino_pre2016,STX_DOC_000219,2010.0,dinoflagellate,dinoflagellate_stx,stx,TOXIN,Toxin variability in cultured and natural populations of Alexandrium tamarense from southern South America - Evidences of diversity and environmental regulation.
dino_pre2016,STX_DOC_000219,2010.0,dinoflagellate,dinoflagellate_stx,paralytic shellfish toxins,TOXIN,Toxin variability in cultured and natural populations of Alexandrium tamarense from southern South America - Evidences of diversity and environmental regulation.
dino_pre2016,STX_DOC_000219,2010.0,dinoflagellate,dinoflagellate_stx,alexandrium,DINO_TAXON,Toxin variability in cultured and natural populations of Alexandrium tamarense from southern South America - Evidences of diversity and environmental regulation.
dino_pre2016,STX_DOC_000219,2010.0,dinoflagellate,dinoflagellate_stx,alexandrium catenella,DINO_TAXON,Toxin variability in cultured and natural populations of Alexandrium tamarense from southern South America - Evidences of diversity and environmental regulation.
dino_pre2016,STX_DOC_000219,2010.0,dinoflagellate,dinoflagellate_stx,alexandrium tamarense,DINO_TAXON,Toxin variability in cultured and natural populations of Alexandrium tamarense from southern South America - Evidences of diversity and environmental regulation.
dino_pre2016,STX_DOC_000219,2010.0,dinoflagellate,dinoflagellate_stx,temperature,ENV_FACTOR,Toxin variability in cultured and natural populations of Alexandrium tamarense from southern South America - Evidences of diversity and environmental regulation.
dino_pre2016,STX_DOC_000219,2010.0,dinoflagellate,dinoflagellate_stx,nitrate,ENV_FACTOR,Toxin variability in cultured and natural populations of Alexandrium tamarense from southern South America - Evidences of diversity and environmental regulation.
dino_pre2016,STX_DOC_000219,2010.0,dinoflagellate,dinoflagellate_stx,regulation,BIOLOGICAL_PROCESS,Toxin variability in cultured and natural populations of Alexandrium tamarense from southern South America - Evidences of diversity and environmental regulation.
dino_pre2016,STX_DOC_000219,2010.0,dinoflagellate,dinoflagellate_stx,toxicity,BIOLOGICAL_PROCESS,Toxin variability in cultured and natural populations of Alexandrium tamarense from southern South America - Evidences of diversity and environmental regulation.
dino_pre2016,STX_DOC_000222,1982.0,dinoflagellate,dinoflagellate_stx,saxitoxin,TOXIN,"Structures of Two Paralytic Shellfish Toxins, Gonyautoxins V and VI, Isolated from a Tropical Dinoflagellate,<i>Pyrodinium bahamense</i>var.<i>compressa</i>"
dino_pre2016,STX_DOC_000222,1982.0,dinoflagellate,dinoflagellate_stx,neosaxitoxin,TOXIN,"Structures of Two Paralytic Shellfish Toxins, Gonyautoxins V and VI, Isolated from a Tropical Dinoflagellate,<i>Pyrodinium bahamense</i>var.<i>compressa</i>"
dino_pre2016,STX_DOC_000222,1982.0,dinoflagellate,dinoflagellate_stx,gonyautoxin,TOXIN,"Structures of Two Paralytic Shellfish Toxins, Gonyautoxins V and VI, Isolated from a Tropical Dinoflagellate,<i>Pyrodinium bahamense</i>var.<i>compressa</i>"
dino_pre2016,STX_DOC_000222,1982.0,dinoflagellate,dinoflagellate_stx,paralytic shellfish toxins,TOXIN,"Structures of Two Paralytic Shellfish Toxins, Gonyautoxins V and VI, Isolated from a Tropical Dinoflagellate,<i>Pyrodinium bahamense</i>var.<i>compressa</i>"
dino_pre2016,STX_DOC_000222,1982.0,dinoflagellate,dinoflagellate_stx,dinoflagellate,DINO_TAXON,"Structures of Two Paralytic Shellfish Toxins, Gonyautoxins V and VI, Isolated from a Tropical Dinoflagellate,<i>Pyrodinium bahamense</i>var.<i>compressa</i>"
dino_pre2016,STX_DOC_000222,1982.0,dinoflagellate,dinoflagellate_stx,pyrodinium,DINO_TAXON,"Structures of Two Paralytic Shellfish Toxins, Gonyautoxins V and VI, Isolated from a Tropical Dinoflagellate,<i>Pyrodinium bahamense</i>var.<i>compressa</i>"
dino_pre2016,STX_DOC_000222,1982.0,dinoflagellate,dinoflagellate_stx,pyrodinium bahamense,DINO_TAXON,"Structures of Two Paralytic Shellfish Toxins, Gonyautoxins V and VI, Isolated from a Tropical Dinoflagellate,<i>Pyrodinium bahamense</i>var.<i>compressa</i>"
dino_pre2016,STX_DOC_000246,2011.0,dinoflagellate,dinoflagellate_stx,saxitoxin,TOXIN,"Examination of the seasonal dynamics of the toxic dinoflagellate Alexandrium catenella at Redondo Beach, California, by quantitative PCR."
dino_pre2016,STX_DOC_000246,2011.0,dinoflagellate,dinoflagellate_stx,stx,TOXIN,"Examination of the seasonal dynamics of the toxic dinoflagellate Alexandrium catenella at Redondo Beach, California, by quantitative PCR."
dino_pre2016,STX_DOC_000246,2011.0,dinoflagellate,dinoflagellate_stx,paralytic shellfish toxins,TOXIN,"Examination of the seasonal dynamics of the toxic dinoflagellate Alexandrium catenella at Redondo Beach, California, by quantitative PCR."
dino_pre2016,STX_DOC_000246,2011.0,dinoflagellate,dinoflagellate_stx,psts,TOXIN,"Examination of the seasonal dynamics of the toxic dinoflagellate Alexandrium catenella at Redondo Beach, California, by quantitative PCR."
dino_pre2016,STX_DOC_000246,2011.0,dinoflagellate,dinoflagellate_stx,dinoflagellate,DINO_TAXON,"Examination of the seasonal dynamics of the toxic dinoflagellate Alexandrium catenella at Redondo Beach, California, by quantitative PCR."
dino_pre2016,STX_DOC_000246,2011.0,dinoflagellate,dinoflagellate_stx,alexandrium,DINO_TAXON,"Examination of the seasonal dynamics of the toxic dinoflagellate Alexandrium catenella at Redondo Beach, California, by quantitative PCR."
dino_pre2016,STX_DOC_000246,2011.0,dinoflagellate,dinoflagellate_stx,alexandrium catenella,DINO_TAXON,"Examination of the seasonal dynamics of the toxic dinoflagellate Alexandrium catenella at Redondo Beach, California, by quantitative PCR."
dino_pre2016,STX_DOC_000246,2011.0,dinoflagellate,dinoflagellate_stx,bloom,ENV_FACTOR,"Examination of the seasonal dynamics of the toxic dinoflagellate Alexandrium catenella at Redondo Beach, California, by quantitative PCR."
dino_pre2016,STX_DOC_000247,2006.0,dinoflagellate,dinoflagellate_stx,saxitoxin,TOXIN,PARALYTIC SHELLFISH TOXINS IN TROPICAL OCEANS
dino_pre2016,STX_DOC_000247,2006.0,dinoflagellate,dinoflagellate_stx,paralytic shellfish toxins,TOXIN,PARALYTIC SHELLFISH TOXINS IN TROPICAL OCEANS
dino_pre2016,STX_DOC_000247,2006.0,dinoflagellate,dinoflagellate_stx,pst,TOXIN,PARALYTIC SHELLFISH TOXINS IN TROPICAL OCEANS
dino_pre2016,STX_DOC_000247,2006.0,dinoflagellate,dinoflagellate_stx,psts,TOXIN,PARALYTIC SHELLFISH TOXINS IN TROPICAL OCEANS
dino_pre2016,STX_DOC_000247,2006.0,dinoflagellate,dinoflagellate_stx,dinoflagellate,DINO_TAXON,PARALYTIC SHELLFISH TOXINS IN TROPICAL OCEANS
dino_pre2016,STX_DOC_000247,2006.0,dinoflagellate,dinoflagellate_stx,dinoflagellates,DINO_TAXON,PARALYTIC SHELLFISH TOXINS IN TROPICAL OCEANS
dino_pre2016,STX_DOC_000247,2006.0,dinoflagellate,dinoflagellate_stx,pyrodinium,DINO_TAXON,PARALYTIC SHELLFISH TOXINS IN TROPICAL OCEANS
dino_pre2016,STX_DOC_000247,2006.0,dinoflagellate,dinoflagellate_stx,pyrodinium bahamense,DINO_TAXON,PARALYTIC SHELLFISH TOXINS IN TROPICAL OCEANS
dino_pre2016,STX_DOC_000248,2006.0,dinoflagellate,dinoflagellate_stx,saxitoxin,TOXIN,"VARIATIONS OF PSP TOXIN PROFILES DURING DIFFERENT GROWTH PHASES IN <i>GYMNODINIUM CATENATUM</i> (DINOPHYCEAE) STRAINS ISOLATED FROM THREE LOCATIONS IN THE GULF OF CALIFORNIA, MEXICO<sup>1</sup>"
dino_pre2016,STX_DOC_000248,2006.0,dinoflagellate,dinoflagellate_stx,neosaxitoxin,TOXIN,"VARIATIONS OF PSP TOXIN PROFILES DURING DIFFERENT GROWTH PHASES IN <i>GYMNODINIUM CATENATUM</i> (DINOPHYCEAE) STRAINS ISOLATED FROM THREE LOCATIONS IN THE GULF OF CALIFORNIA, MEXICO<sup>1</sup>"
dino_pre2016,STX_DOC_000248,2006.0,dinoflagellate,dinoflagellate_stx,gonyautoxin,TOXIN,"VARIATIONS OF PSP TOXIN PROFILES DURING DIFFERENT GROWTH PHASES IN <i>GYMNODINIUM CATENATUM</i> (DINOPHYCEAE) STRAINS ISOLATED FROM THREE LOCATIONS IN THE GULF OF CALIFORNIA, MEXICO<sup>1</sup>"
dino_pre2016,STX_DOC_000248,2006.0,dinoflagellate,dinoflagellate_stx,paralytic shellfish poisoning,TOXIN,"VARIATIONS OF PSP TOXIN PROFILES DURING DIFFERENT GROWTH PHASES IN <i>GYMNODINIUM CATENATUM</i> (DINOPHYCEAE) STRAINS ISOLATED FROM THREE LOCATIONS IN THE GULF OF CALIFORNIA, MEXICO<sup>1</sup>"
dino_pre2016,STX_DOC_000248,2006.0,dinoflagellate,dinoflagellate_stx,gymnodinium,DINO_TAXON,"VARIATIONS OF PSP TOXIN PROFILES DURING DIFFERENT GROWTH PHASES IN <i>GYMNODINIUM CATENATUM</i> (DINOPHYCEAE) STRAINS ISOLATED FROM THREE LOCATIONS IN THE GULF OF CALIFORNIA, MEXICO<sup>1</sup>"
dino_pre2016,STX_DOC_000248,2006.0,dinoflagellate,dinoflagellate_stx,gymnodinium catenatum,DINO_TAXON,"VARIATIONS OF PSP TOXIN PROFILES DURING DIFFERENT GROWTH PHASES IN <i>GYMNODINIUM CATENATUM</i> (DINOPHYCEAE) STRAINS ISOLATED FROM THREE LOCATIONS IN THE GULF OF CALIFORNIA, MEXICO<sup>1</sup>"
dino_pre2016,STX_DOC_000248,2006.0,dinoflagellate,dinoflagellate_stx,light,ENV_FACTOR,"VARIATIONS OF PSP TOXIN PROFILES DURING DIFFERENT GROWTH PHASES IN <i>GYMNODINIUM CATENATUM</i> (DINOPHYCEAE) STRAINS ISOLATED FROM THREE LOCATIONS IN THE GULF OF CALIFORNIA, MEXICO<sup>1</sup>"
dino_pre2016,STX_DOC_000248,2006.0,dinoflagellate,dinoflagellate_stx,toxicity,BIOLOGICAL_PROCESS,"VARIATIONS OF PSP TOXIN PROFILES DURING DIFFERENT GROWTH PHASES IN <i>GYMNODINIUM CATENATUM</i> (DINOPHYCEAE) STRAINS ISOLATED FROM THREE LOCATIONS IN THE GULF OF CALIFORNIA, MEXICO<sup>1</sup>"
dino_pre2016,STX_DOC_000250,2003.0,dinoflagellate,dinoflagellate_stx,saxitoxin,TOXIN,Spatial and temporal evolution of PSP toxins along the Atlantic shore of Morocco.
dino_pre2016,STX_DOC_000250,2003.0,dinoflagellate,dinoflagellate_stx,paralytic shellfish poisoning,TOXIN,Spatial and temporal evolution of PSP toxins along the Atlantic shore of Morocco.
dino_pre2016,STX_DOC_000250,2003.0,dinoflagellate,dinoflagellate_stx,dinoflagellate,DINO_TAXON,Spatial and temporal evolution of PSP toxins along the Atlantic shore of Morocco.
dino_pre2016,STX_DOC_000250,2003.0,dinoflagellate,dinoflagellate_stx,alexandrium,DINO_TAXON,Spatial and temporal evolution of PSP toxins along the Atlantic shore of Morocco.
dino_pre2016,STX_DOC_000250,2003.0,dinoflagellate,dinoflagellate_stx,alexandrium minutum,DINO_TAXON,Spatial and temporal evolution of PSP toxins along the Atlantic shore of Morocco.
dino_pre2016,STX_DOC_000250,2003.0,dinoflagellate,dinoflagellate_stx,gymnodinium,DINO_TAXON,Spatial and temporal evolution of PSP toxins along the Atlantic shore of Morocco.
dino_pre2016,STX_DOC_000250,2003.0,dinoflagellate,dinoflagellate_stx,gymnodinium catenatum,DINO_TAXON,Spatial and temporal evolution of PSP toxins along the Atlantic shore of Morocco.
dino_pre2016,STX_DOC_000250,2003.0,dinoflagellate,dinoflagellate_stx,bloom,ENV_FACTOR,Spatial and temporal evolution of PSP toxins along the Atlantic shore of Morocco.
dino_pre2016,STX_DOC_000250,2003.0,dinoflagellate,dinoflagellate_stx,evolution,BIOLOGICAL_PROCESS,Spatial and temporal evolution of PSP toxins along the Atlantic shore of Morocco.
dino_pre2016,STX_DOC_000250,2003.0,dinoflagellate,dinoflagellate_stx,toxicity,BIOLOGICAL_PROCESS,Spatial and temporal evolution of PSP toxins along the Atlantic shore of Morocco.
dino_pre2016,STX_DOC_000250,2003.0,dinoflagellate,dinoflagellate_stx,hplc,DETECTION_METHOD,Spatial and temporal evolution of PSP toxins along the Atlantic shore of Morocco.
dino_pre2016,STX_DOC_000250,2003.0,dinoflagellate,dinoflagellate_stx,mouse bioassay,DETECTION_METHOD,Spatial and temporal evolution of PSP toxins along the Atlantic shore of Morocco.
dino_pre2016,STX_DOC_000251,2002.0,dinoflagellate,dinoflagellate_stx,gtx,TOXIN,Sodium channel blocking (SCB) activity and transformation of paralytic shellfish toxins (PST) by dinoflagellate-associated bacteria
dino_pre2016,STX_DOC_000251,2002.0,dinoflagellate,dinoflagellate_stx,paralytic shellfish toxins,TOXIN,Sodium channel blocking (SCB) activity and transformation of paralytic shellfish toxins (PST) by dinoflagellate-associated bacteria
dino_pre2016,STX_DOC_000251,2002.0,dinoflagellate,dinoflagellate_stx,pst,TOXIN,Sodium channel blocking (SCB) activity and transformation of paralytic shellfish toxins (PST) by dinoflagellate-associated bacteria
dino_pre2016,STX_DOC_000251,2002.0,dinoflagellate,dinoflagellate_stx,dinoflagellate,DINO_TAXON,Sodium channel blocking (SCB) activity and transformation of paralytic shellfish toxins (PST) by dinoflagellate-associated bacteria
dino_pre2016,STX_DOC_000251,2002.0,dinoflagellate,dinoflagellate_stx,dinoflagellates,DINO_TAXON,Sodium channel blocking (SCB) activity and transformation of paralytic shellfish toxins (PST) by dinoflagellate-associated bacteria
dino_pre2016,STX_DOC_000251,2002.0,dinoflagellate,dinoflagellate_stx,alexandrium,DINO_TAXON,Sodium channel blocking (SCB) activity and transformation of paralytic shellfish toxins (PST) by dinoflagellate-associated bacteria
dino_pre2016,STX_DOC_000251,2002.0,dinoflagellate,dinoflagellate_stx,alexandrium tamarense,DINO_TAXON,Sodium channel blocking (SCB) activity and transformation of paralytic shellfish toxins (PST) by dinoflagellate-associated bacteria
dino_pre2016,STX_DOC_000251,2002.0,dinoflagellate,dinoflagellate_stx,biosynthesis,BIOLOGICAL_PROCESS,Sodium channel blocking (SCB) activity and transformation of paralytic shellfish toxins (PST) by dinoflagellate-associated bacteria
dino_pre2016,STX_DOC_000251,2002.0,dinoflagellate,dinoflagellate_stx,toxin production,BIOLOGICAL_PROCESS,Sodium channel blocking (SCB) activity and transformation of paralytic shellfish toxins (PST) by dinoflagellate-associated bacteria
dino_pre2016,STX_DOC_000251,2002.0,dinoflagellate,dinoflagellate_stx,hplc,DETECTION_METHOD,Sodium channel blocking (SCB) activity and transformation of paralytic shellfish toxins (PST) by dinoflagellate-associated bacteria
dino_pre2016,STX_DOC_000252,2001.0,dinoflagellate,dinoflagellate_stx,saxitoxin,TOXIN,A functional assay for paralytic shellfish toxins that uses recombinant sodium channels.
dino_pre2016,STX_DOC_000252,2001.0,dinoflagellate,dinoflagellate_stx,stx,TOXIN,A functional assay for paralytic shellfish toxins that uses recombinant sodium channels.
dino_pre2016,STX_DOC_000252,2001.0,dinoflagellate,dinoflagellate_stx,paralytic shellfish toxin,TOXIN,A functional assay for paralytic shellfish toxins that uses recombinant sodium channels.
dino_pre2016,STX_DOC_000252,2001.0,dinoflagellate,dinoflagellate_stx,paralytic shellfish toxins,TOXIN,A functional assay for paralytic shellfish toxins that uses recombinant sodium channels.
dino_pre2016,STX_DOC_000252,2001.0,dinoflagellate,dinoflagellate_stx,paralytic shellfish poisoning,TOXIN,A functional assay for paralytic shellfish toxins that uses recombinant sodium channels.
dino_pre2016,STX_DOC_000252,2001.0,dinoflagellate,dinoflagellate_stx,dinoflagellates,DINO_TAXON,A functional assay for paralytic shellfish toxins that uses recombinant sodium channels.
dino_pre2016,STX_DOC_000253,1992.0,dinoflagellate,dinoflagellate_stx,stx,TOXIN,"THE MARINE DINOFLAGELLATE <i>ALEXANDRIUM OSTENFELDII</i>: PARALYTIC SHELLFISH TOXIN CONCENTRATION, COMPOSITION, AND TOXICITY TO A TINTINNID CILIATE<sup>1</sup>"
dino_pre2016,STX_DOC_000253,1992.0,dinoflagellate,dinoflagellate_stx,gtx,TOXIN,"THE MARINE DINOFLAGELLATE <i>ALEXANDRIUM OSTENFELDII</i>: PARALYTIC SHELLFISH TOXIN CONCENTRATION, COMPOSITION, AND TOXICITY TO A TINTINNID CILIATE<sup>1</sup>"
dino_pre2016,STX_DOC_000253,1992.0,dinoflagellate,dinoflagellate_stx,paralytic shellfish toxin,TOXIN,"THE MARINE DINOFLAGELLATE <i>ALEXANDRIUM OSTENFELDII</i>: PARALYTIC SHELLFISH TOXIN CONCENTRATION, COMPOSITION, AND TOXICITY TO A TINTINNID CILIATE<sup>1</sup>"
dino_pre2016,STX_DOC_000253,1992.0,dinoflagellate,dinoflagellate_stx,paralytic shellfish toxins,TOXIN,"THE MARINE DINOFLAGELLATE <i>ALEXANDRIUM OSTENFELDII</i>: PARALYTIC SHELLFISH TOXIN CONCENTRATION, COMPOSITION, AND TOXICITY TO A TINTINNID CILIATE<sup>1</sup>"
dino_pre2016,STX_DOC_000253,1992.0,dinoflagellate,dinoflagellate_stx,dinoflagellate,DINO_TAXON,"THE MARINE DINOFLAGELLATE <i>ALEXANDRIUM OSTENFELDII</i>: PARALYTIC SHELLFISH TOXIN CONCENTRATION, COMPOSITION, AND TOXICITY TO A TINTINNID CILIATE<sup>1</sup>"
dino_pre2016,STX_DOC_000253,1992.0,dinoflagellate,dinoflagellate_stx,dinoflagellates,DINO_TAXON,"THE MARINE DINOFLAGELLATE <i>ALEXANDRIUM OSTENFELDII</i>: PARALYTIC SHELLFISH TOXIN CONCENTRATION, COMPOSITION, AND TOXICITY TO A TINTINNID CILIATE<sup>1</sup>"
dino_pre2016,STX_DOC_000253,1992.0,dinoflagellate,dinoflagellate_stx,alexandrium,DINO_TAXON,"THE MARINE DINOFLAGELLATE <i>ALEXANDRIUM OSTENFELDII</i>: PARALYTIC SHELLFISH TOXIN CONCENTRATION, COMPOSITION, AND TOXICITY TO A TINTINNID CILIATE<sup>1</sup>"
dino_pre2016,STX_DOC_000253,1992.0,dinoflagellate,dinoflagellate_stx,alexandrium ostenfeldii,DINO_TAXON,"THE MARINE DINOFLAGELLATE <i>ALEXANDRIUM OSTENFELDII</i>: PARALYTIC SHELLFISH TOXIN CONCENTRATION, COMPOSITION, AND TOXICITY TO A TINTINNID CILIATE<sup>1</sup>"
dino_pre2016,STX_DOC_000253,1992.0,dinoflagellate,dinoflagellate_stx,toxicity,BIOLOGICAL_PROCESS,"THE MARINE DINOFLAGELLATE <i>ALEXANDRIUM OSTENFELDII</i>: PARALYTIC SHELLFISH TOXIN CONCENTRATION, COMPOSITION, AND TOXICITY TO A TINTINNID CILIATE<sup>1</sup>"
dino_pre2016,STX_DOC_000253,1992.0,dinoflagellate,dinoflagellate_stx,mouse bioassay,DETECTION_METHOD,"THE MARINE DINOFLAGELLATE <i>ALEXANDRIUM OSTENFELDII</i>: PARALYTIC SHELLFISH TOXIN CONCENTRATION, COMPOSITION, AND TOXICITY TO A TINTINNID CILIATE<sup>1</sup>"
dino_pre2016,STX_DOC_000254,1990.0,dinoflagellate,dinoflagellate_stx,saxitoxin,TOXIN,Toxin composition variations in one isolate of the dinoflagellate Alexandrium fundyense.
dino_pre2016,STX_DOC_000254,1990.0,dinoflagellate,dinoflagellate_stx,stx,TOXIN,Toxin composition variations in one isolate of the dinoflagellate Alexandrium fundyense.
dino_pre2016,STX_DOC_000254,1990.0,dinoflagellate,dinoflagellate_stx,gtx,TOXIN,Toxin composition variations in one isolate of the dinoflagellate Alexandrium fundyense.
dino_pre2016,STX_DOC_000254,1990.0,dinoflagellate,dinoflagellate_stx,dinoflagellate,DINO_TAXON,Toxin composition variations in one isolate of the dinoflagellate Alexandrium fundyense.
dino_pre2016,STX_DOC_000254,1990.0,dinoflagellate,dinoflagellate_stx,dinoflagellates,DINO_TAXON,Toxin composition variations in one isolate of the dinoflagellate Alexandrium fundyense.
dino_pre2016,STX_DOC_000254,1990.0,dinoflagellate,dinoflagellate_stx,alexandrium,DINO_TAXON,Toxin composition variations in one isolate of the dinoflagellate Alexandrium fundyense.
dino_pre2016,STX_DOC_000254,1990.0,dinoflagellate,dinoflagellate_stx,alexandrium fundyense,DINO_TAXON,Toxin composition variations in one isolate of the dinoflagellate Alexandrium fundyense.
dino_pre2016,STX_DOC_000254,1990.0,dinoflagellate,dinoflagellate_stx,nitrogen,ENV_FACTOR,Toxin composition variations in one isolate of the dinoflagellate Alexandrium fundyense.
dino_pre2016,STX_DOC_000254,1990.0,dinoflagellate,dinoflagellate_stx,phosphorus,ENV_FACTOR,Toxin composition variations in one isolate of the dinoflagellate Alexandrium fundyense.
dino_pre2016,STX_DOC_000254,1990.0,dinoflagellate,dinoflagellate_stx,nutrient,ENV_FACTOR,Toxin composition variations in one isolate of the dinoflagellate Alexandrium fundyense.
dino_pre2016,STX_DOC_000275,2015.0,cross_taxa,dinoflagellate_stx,paralytic shellfish toxins,TOXIN,iTRAQ-based quantitative proteomic analysis of a toxigenic dinoflagellate Alexandrium catenella and its non-toxic mutant.
dino_pre2016,STX_DOC_000275,2015.0,cross_taxa,dinoflagellate_stx,pst,TOXIN,iTRAQ-based quantitative proteomic analysis of a toxigenic dinoflagellate Alexandrium catenella and its non-toxic mutant.
dino_pre2016,STX_DOC_000275,2015.0,cross_taxa,dinoflagellate_stx,psts,TOXIN,iTRAQ-based quantitative proteomic analysis of a toxigenic dinoflagellate Alexandrium catenella and its non-toxic mutant.
dino_pre2016,STX_DOC_000275,2015.0,cross_taxa,dinoflagellate_stx,dinoflagellate,DINO_TAXON,iTRAQ-based quantitative proteomic analysis of a toxigenic dinoflagellate Alexandrium catenella and its non-toxic mutant.
dino_pre2016,STX_DOC_000275,2015.0,cross_taxa,dinoflagellate_stx,dinoflagellates,DINO_TAXON,iTRAQ-based quantitative proteomic analysis of a toxigenic dinoflagellate Alexandrium catenella and its non-toxic mutant.
dino_pre2016,STX_DOC_000275,2015.0,cross_taxa,dinoflagellate_stx,alexandrium,DINO_TAXON,iTRAQ-based quantitative proteomic analysis of a toxigenic dinoflagellate Alexandrium catenella and its non-toxic mutant.
dino_pre2016,STX_DOC_000275,2015.0,cross_taxa,dinoflagellate_stx,alexandrium catenella,DINO_TAXON,iTRAQ-based quantitative proteomic analysis of a toxigenic dinoflagellate Alexandrium catenella and its non-toxic mutant.
dino_pre2016,STX_DOC_000275,2015.0,cross_taxa,dinoflagellate_stx,cyanobacteria,CYANO_TAXON,iTRAQ-based quantitative proteomic analysis of a toxigenic dinoflagellate Alexandrium catenella and its non-toxic mutant.
dino_pre2016,STX_DOC_000275,2015.0,cross_taxa,dinoflagellate_stx,biosynthesis,BIOLOGICAL_PROCESS,iTRAQ-based quantitative proteomic analysis of a toxigenic dinoflagellate Alexandrium catenella and its non-toxic mutant.
dino_pre2016,STX_DOC_000275,2015.0,cross_taxa,dinoflagellate_stx,regulation,BIOLOGICAL_PROCESS,iTRAQ-based quantitative proteomic analysis of a toxigenic dinoflagellate Alexandrium catenella and its non-toxic mutant.
dino_pre2016,STX_DOC_000275,2015.0,cross_taxa,dinoflagellate_stx,transcriptomic,BIOLOGICAL_PROCESS,iTRAQ-based quantitative proteomic analysis of a toxigenic dinoflagellate Alexandrium catenella and its non-toxic mutant.
dino_pre2016,STX_DOC_000277,2014.0,cross_taxa,dinoflagellate_stx,saxitoxin,TOXIN,Termination of a toxic Alexandrium bloom with hydrogen peroxide.
dino_pre2016,STX_DOC_000277,2014.0,cross_taxa,dinoflagellate_stx,paralytic shellfish poisoning,TOXIN,Termination of a toxic Alexandrium bloom with hydrogen peroxide.
dino_pre2016,STX_DOC_000277,2014.0,cross_taxa,dinoflagellate_stx,dinoflagellate,DINO_TAXON,Termination of a toxic Alexandrium bloom with hydrogen peroxide.
dino_pre2016,STX_DOC_000277,2014.0,cross_taxa,dinoflagellate_stx,alexandrium,DINO_TAXON,Termination of a toxic Alexandrium bloom with hydrogen peroxide.
dino_pre2016,STX_DOC_000277,2014.0,cross_taxa,dinoflagellate_stx,alexandrium ostenfeldii,DINO_TAXON,Termination of a toxic Alexandrium bloom with hydrogen peroxide.
dino_pre2016,STX_DOC_000277,2014.0,cross_taxa,dinoflagellate_stx,cyanobacterial,CYANO_TAXON,Termination of a toxic Alexandrium bloom with hydrogen peroxide.
dino_pre2016,STX_DOC_000277,2014.0,cross_taxa,dinoflagellate_stx,bloom,ENV_FACTOR,Termination of a toxic Alexandrium bloom with hydrogen peroxide.
dino_pre2016,STX_DOC_000277,2014.0,cross_taxa,dinoflagellate_stx,harmful algal bloom,ENV_FACTOR,Termination of a toxic Alexandrium bloom with hydrogen peroxide.
dino_pre2016,STX_DOC_000279,2014.0,dinoflagellate,dinoflagellate_stx,paralytic shellfish poisoning,TOXIN,Monitoring methods and bloom dynamic studies of the toxic dinoflagellate genus Alexandrium
dino_pre2016,STX_DOC_000279,2014.0,dinoflagellate,dinoflagellate_stx,dinoflagellate,DINO_TAXON,Monitoring methods and bloom dynamic studies of the toxic dinoflagellate genus Alexandrium
dino_pre2016,STX_DOC_000279,2014.0,dinoflagellate,dinoflagellate_stx,dinoflagellates,DINO_TAXON,Monitoring methods and bloom dynamic studies of the toxic dinoflagellate genus Alexandrium
dino_pre2016,STX_DOC_000279,2014.0,dinoflagellate,dinoflagellate_stx,alexandrium,DINO_TAXON,Monitoring methods and bloom dynamic studies of the toxic dinoflagellate genus Alexandrium
dino_pre2016,STX_DOC_000279,2014.0,dinoflagellate,dinoflagellate_stx,alexandrium minutum,DINO_TAXON,Monitoring methods and bloom dynamic studies of the toxic dinoflagellate genus Alexandrium
dino_pre2016,STX_DOC_000279,2014.0,dinoflagellate,dinoflagellate_stx,temperature,ENV_FACTOR,Monitoring methods and bloom dynamic studies of the toxic dinoflagellate genus Alexandrium
dino_pre2016,STX_DOC_000279,2014.0,dinoflagellate,dinoflagellate_stx,irradiance,ENV_FACTOR,Monitoring methods and bloom dynamic studies of the toxic dinoflagellate genus Alexandrium
dino_pre2016,STX_DOC_000279,2014.0,dinoflagellate,dinoflagellate_stx,bloom,ENV_FACTOR,Monitoring methods and bloom dynamic studies of the toxic dinoflagellate genus Alexandrium
dino_pre2016,STX_DOC_000280,2013.0,cross_taxa,dinoflagellate_stx,paralytic shellfish toxins,TOXIN,Quantitative determination of paralytic shellfish toxins in cultured toxic algae by LC-MS/MS.
dino_pre2016,STX_DOC_000280,2013.0,cross_taxa,dinoflagellate_stx,psts,TOXIN,Quantitative determination of paralytic shellfish toxins in cultured toxic algae by LC-MS/MS.
dino_pre2016,STX_DOC_000280,2013.0,cross_taxa,dinoflagellate_stx,dinoflagellate,DINO_TAXON,Quantitative determination of paralytic shellfish toxins in cultured toxic algae by LC-MS/MS.
dino_pre2016,STX_DOC_000280,2013.0,cross_taxa,dinoflagellate_stx,alexandrium,DINO_TAXON,Quantitative determination of paralytic shellfish toxins in cultured toxic algae by LC-MS/MS.
dino_pre2016,STX_DOC_000280,2013.0,cross_taxa,dinoflagellate_stx,alexandrium tamarense,DINO_TAXON,Quantitative determination of paralytic shellfish toxins in cultured toxic algae by LC-MS/MS.
dino_pre2016,STX_DOC_000280,2013.0,cross_taxa,dinoflagellate_stx,cyanobacteria,CYANO_TAXON,Quantitative determination of paralytic shellfish toxins in cultured toxic algae by LC-MS/MS.
dino_pre2016,STX_DOC_000280,2013.0,cross_taxa,dinoflagellate_stx,anabaena,CYANO_TAXON,Quantitative determination of paralytic shellfish toxins in cultured toxic algae by LC-MS/MS.
dino_pre2016,STX_DOC_000280,2013.0,cross_taxa,dinoflagellate_stx,hplc,DETECTION_METHOD,Quantitative determination of paralytic shellfish toxins in cultured toxic algae by LC-MS/MS.
dino_pre2016,STX_DOC_000280,2013.0,cross_taxa,dinoflagellate_stx,lc-ms,DETECTION_METHOD,Quantitative determination of paralytic shellfish toxins in cultured toxic algae by LC-MS/MS.
dino_pre2016,STX_DOC_000280,2013.0,cross_taxa,dinoflagellate_stx,lc-ms/ms,DETECTION_METHOD,Quantitative determination of paralytic shellfish toxins in cultured toxic algae by LC-MS/MS.
dino_pre2016,STX_DOC_000281,2013.0,cross_taxa,dinoflagellate_stx,saxitoxin,TOXIN,"An overview on the marine neurotoxin, saxitoxin: genetics, molecular targets, methods of detection and ecological functions."
dino_pre2016,STX_DOC_000281,2013.0,cross_taxa,dinoflagellate_stx,paralytic shellfish toxins,TOXIN,"An overview on the marine neurotoxin, saxitoxin: genetics, molecular targets, methods of detection and ecological functions."
dino_pre2016,STX_DOC_000281,2013.0,cross_taxa,dinoflagellate_stx,pst,TOXIN,"An overview on the marine neurotoxin, saxitoxin: genetics, molecular targets, methods of detection and ecological functions."
dino_pre2016,STX_DOC_000281,2013.0,cross_taxa,dinoflagellate_stx,psts,TOXIN,"An overview on the marine neurotoxin, saxitoxin: genetics, molecular targets, methods of detection and ecological functions."
dino_pre2016,STX_DOC_000281,2013.0,cross_taxa,dinoflagellate_stx,paralytic shellfish poisoning,TOXIN,"An overview on the marine neurotoxin, saxitoxin: genetics, molecular targets, methods of detection and ecological functions."
dino_pre2016,STX_DOC_000281,2013.0,cross_taxa,dinoflagellate_stx,dinoflagellates,DINO_TAXON,"An overview on the marine neurotoxin, saxitoxin: genetics, molecular targets, methods of detection and ecological functions."
dino_pre2016,STX_DOC_000281,2013.0,cross_taxa,dinoflagellate_stx,cyanobacteria,CYANO_TAXON,"An overview on the marine neurotoxin, saxitoxin: genetics, molecular targets, methods of detection and ecological functions."
dino_pre2016,STX_DOC_000282,2012.0,dinoflagellate,dinoflagellate_stx,saxitoxin,TOXIN,Intraspecific variability in the response of bloom-forming marine microalgae to changed climate conditions.
dino_pre2016,STX_DOC_000282,2012.0,dinoflagellate,dinoflagellate_stx,paralytic shellfish toxin,TOXIN,Intraspecific variability in the response of bloom-forming marine microalgae to changed climate conditions.
dino_pre2016,STX_DOC_000282,2012.0,dinoflagellate,dinoflagellate_stx,pst,TOXIN,Intraspecific variability in the response of bloom-forming marine microalgae to changed climate conditions.
dino_pre2016,STX_DOC_000282,2012.0,dinoflagellate,dinoflagellate_stx,dinoflagellate,DINO_TAXON,Intraspecific variability in the response of bloom-forming marine microalgae to changed climate conditions.
dino_pre2016,STX_DOC_000282,2012.0,dinoflagellate,dinoflagellate_stx,alexandrium,DINO_TAXON,Intraspecific variability in the response of bloom-forming marine microalgae to changed climate conditions.
dino_pre2016,STX_DOC_000282,2012.0,dinoflagellate,dinoflagellate_stx,alexandrium ostenfeldii,DINO_TAXON,Intraspecific variability in the response of bloom-forming marine microalgae to changed climate conditions.
dino_pre2016,STX_DOC_000282,2012.0,dinoflagellate,dinoflagellate_stx,temperature,ENV_FACTOR,Intraspecific variability in the response of bloom-forming marine microalgae to changed climate conditions.
dino_pre2016,STX_DOC_000282,2012.0,dinoflagellate,dinoflagellate_stx,climate,ENV_FACTOR,Intraspecific variability in the response of bloom-forming marine microalgae to changed climate conditions.
dino_pre2016,STX_DOC_000282,2012.0,dinoflagellate,dinoflagellate_stx,bloom,ENV_FACTOR,Intraspecific variability in the response of bloom-forming marine microalgae to changed climate conditions.
dino_pre2016,STX_DOC_000282,2012.0,dinoflagellate,dinoflagellate_stx,toxicity,BIOLOGICAL_PROCESS,Intraspecific variability in the response of bloom-forming marine microalgae to changed climate conditions.
dino_pre2016,STX_DOC_000283,2012.0,dinoflagellate,dinoflagellate_stx,saxitoxin,TOXIN,Biotransformation modulation and genotoxicity in white seabream upon exposure to paralytic shellfish toxins produced by Gymnodinium catenatum.
dino_pre2016,STX_DOC_000283,2012.0,dinoflagellate,dinoflagellate_stx,paralytic shellfish toxins,TOXIN,Biotransformation modulation and genotoxicity in white seabream upon exposure to paralytic shellfish toxins produced by Gymnodinium catenatum.
dino_pre2016,STX_DOC_000283,2012.0,dinoflagellate,dinoflagellate_stx,pst,TOXIN,Biotransformation modulation and genotoxicity in white seabream upon exposure to paralytic shellfish toxins produced by Gymnodinium catenatum.
dino_pre2016,STX_DOC_000283,2012.0,dinoflagellate,dinoflagellate_stx,psts,TOXIN,Biotransformation modulation and genotoxicity in white seabream upon exposure to paralytic shellfish toxins produced by Gymnodinium catenatum.
dino_pre2016,STX_DOC_000283,2012.0,dinoflagellate,dinoflagellate_stx,gymnodinium,DINO_TAXON,Biotransformation modulation and genotoxicity in white seabream upon exposure to paralytic shellfish toxins produced by Gymnodinium catenatum.
dino_pre2016,STX_DOC_000283,2012.0,dinoflagellate,dinoflagellate_stx,gymnodinium catenatum,DINO_TAXON,Biotransformation modulation and genotoxicity in white seabream upon exposure to paralytic shellfish toxins produced by Gymnodinium catenatum.
dino_pre2016,STX_DOC_000285,2011.0,dinoflagellate,dinoflagellate_stx,saxitoxin,TOXIN,Saxitoxin δ15N as a species-specific tracer of the source of nitrogen used by the toxin-producing dinoflagellate Alexandrium tamarense
dino_pre2016,STX_DOC_000285,2011.0,dinoflagellate,dinoflagellate_stx,stx,TOXIN,Saxitoxin δ15N as a species-specific tracer of the source of nitrogen used by the toxin-producing dinoflagellate Alexandrium tamarense
dino_pre2016,STX_DOC_000285,2011.0,dinoflagellate,dinoflagellate_stx,dinoflagellate,DINO_TAXON,Saxitoxin δ15N as a species-specific tracer of the source of nitrogen used by the toxin-producing dinoflagellate Alexandrium tamarense
dino_pre2016,STX_DOC_000285,2011.0,dinoflagellate,dinoflagellate_stx,alexandrium,DINO_TAXON,Saxitoxin δ15N as a species-specific tracer of the source of nitrogen used by the toxin-producing dinoflagellate Alexandrium tamarense
dino_pre2016,STX_DOC_000285,2011.0,dinoflagellate,dinoflagellate_stx,alexandrium tamarense,DINO_TAXON,Saxitoxin δ15N as a species-specific tracer of the source of nitrogen used by the toxin-producing dinoflagellate Alexandrium tamarense
dino_pre2016,STX_DOC_000285,2011.0,dinoflagellate,dinoflagellate_stx,nitrogen,ENV_FACTOR,Saxitoxin δ15N as a species-specific tracer of the source of nitrogen used by the toxin-producing dinoflagellate Alexandrium tamarense
dino_pre2016,STX_DOC_000285,2011.0,dinoflagellate,dinoflagellate_stx,nitrate,ENV_FACTOR,Saxitoxin δ15N as a species-specific tracer of the source of nitrogen used by the toxin-producing dinoflagellate Alexandrium tamarense
dino_pre2016,STX_DOC_000285,2011.0,dinoflagellate,dinoflagellate_stx,nutrient,ENV_FACTOR,Saxitoxin δ15N as a species-specific tracer of the source of nitrogen used by the toxin-producing dinoflagellate Alexandrium tamarense
dino_pre2016,STX_DOC_000285,2011.0,dinoflagellate,dinoflagellate_stx,bloom,ENV_FACTOR,Saxitoxin δ15N as a species-specific tracer of the source of nitrogen used by the toxin-producing dinoflagellate Alexandrium tamarense
dino_pre2016,STX_DOC_000286,2008.0,dinoflagellate,dinoflagellate_stx,saxitoxin,TOXIN,Complex profiles of hydrophobic paralytic shellfish poisoning compounds in Gymnodinium catenatum identified by liquid chromatography with fluorescence detection and mass spectrometry.
dino_pre2016,STX_DOC_000286,2008.0,dinoflagellate,dinoflagellate_stx,psts,TOXIN,Complex profiles of hydrophobic paralytic shellfish poisoning compounds in Gymnodinium catenatum identified by liquid chromatography with fluorescence detection and mass spectrometry.
dino_pre2016,STX_DOC_000286,2008.0,dinoflagellate,dinoflagellate_stx,paralytic shellfish poisoning,TOXIN,Complex profiles of hydrophobic paralytic shellfish poisoning compounds in Gymnodinium catenatum identified by liquid chromatography with fluorescence detection and mass spectrometry.
dino_pre2016,STX_DOC_000286,2008.0,dinoflagellate,dinoflagellate_stx,gymnodinium,DINO_TAXON,Complex profiles of hydrophobic paralytic shellfish poisoning compounds in Gymnodinium catenatum identified by liquid chromatography with fluorescence detection and mass spectrometry.
dino_pre2016,STX_DOC_000286,2008.0,dinoflagellate,dinoflagellate_stx,gymnodinium catenatum,DINO_TAXON,Complex profiles of hydrophobic paralytic shellfish poisoning compounds in Gymnodinium catenatum identified by liquid chromatography with fluorescence detection and mass spectrometry.
dino_pre2016,STX_DOC_000286,2008.0,dinoflagellate,dinoflagellate_stx,hplc,DETECTION_METHOD,Complex profiles of hydrophobic paralytic shellfish poisoning compounds in Gymnodinium catenatum identified by liquid chromatography with fluorescence detection and mass spectrometry.
dino_pre2016,STX_DOC_000286,2008.0,dinoflagellate,dinoflagellate_stx,lc-ms,DETECTION_METHOD,Complex profiles of hydrophobic paralytic shellfish poisoning compounds in Gymnodinium catenatum identified by liquid chromatography with fluorescence detection and mass spectrometry.
dino_pre2016,STX_DOC_000286,2008.0,dinoflagellate,dinoflagellate_stx,mass spectrometry,DETECTION_METHOD,Complex profiles of hydrophobic paralytic shellfish poisoning compounds in Gymnodinium catenatum identified by liquid chromatography with fluorescence detection and mass spectrometry.
dino_pre2016,STX_DOC_000287,2008.0,dinoflagellate,dinoflagellate_stx,saxitoxin,TOXIN,"Characterization of intracellular and extracellular saxitoxin levels in both field and cultured Alexandrium spp. samples from Sequim Bay, Washington."
dino_pre2016,STX_DOC_000287,2008.0,dinoflagellate,dinoflagellate_stx,gonyautoxin,TOXIN,"Characterization of intracellular and extracellular saxitoxin levels in both field and cultured Alexandrium spp. samples from Sequim Bay, Washington."
dino_pre2016,STX_DOC_000287,2008.0,dinoflagellate,dinoflagellate_stx,pst,TOXIN,"Characterization of intracellular and extracellular saxitoxin levels in both field and cultured Alexandrium spp. samples from Sequim Bay, Washington."
dino_pre2016,STX_DOC_000287,2008.0,dinoflagellate,dinoflagellate_stx,psts,TOXIN,"Characterization of intracellular and extracellular saxitoxin levels in both field and cultured Alexandrium spp. samples from Sequim Bay, Washington."
dino_pre2016,STX_DOC_000287,2008.0,dinoflagellate,dinoflagellate_stx,paralytic shellfish poisoning,TOXIN,"Characterization of intracellular and extracellular saxitoxin levels in both field and cultured Alexandrium spp. samples from Sequim Bay, Washington."
dino_pre2016,STX_DOC_000287,2008.0,dinoflagellate,dinoflagellate_stx,alexandrium,DINO_TAXON,"Characterization of intracellular and extracellular saxitoxin levels in both field and cultured Alexandrium spp. samples from Sequim Bay, Washington."
dino_pre2016,STX_DOC_000287,2008.0,dinoflagellate,dinoflagellate_stx,bloom,ENV_FACTOR,"Characterization of intracellular and extracellular saxitoxin levels in both field and cultured Alexandrium spp. samples from Sequim Bay, Washington."
dino_pre2016,STX_DOC_000287,2008.0,dinoflagellate,dinoflagellate_stx,harmful algal bloom,ENV_FACTOR,"Characterization of intracellular and extracellular saxitoxin levels in both field and cultured Alexandrium spp. samples from Sequim Bay, Washington."
dino_pre2016,STX_DOC_000287,2008.0,dinoflagellate,dinoflagellate_stx,hplc,DETECTION_METHOD,"Characterization of intracellular and extracellular saxitoxin levels in both field and cultured Alexandrium spp. samples from Sequim Bay, Washington."
dino_pre2016,STX_DOC_000287,2008.0,dinoflagellate,dinoflagellate_stx,elisa,DETECTION_METHOD,"Characterization of intracellular and extracellular saxitoxin levels in both field and cultured Alexandrium spp. samples from Sequim Bay, Washington."
dino_pre2016,STX_DOC_000288,2008.0,dinoflagellate,dinoflagellate_stx,saxitoxin,TOXIN,"Characterization of Intracellular and Extracellular Saxitoxin Levels in Both Field and Cultured Alexandrium spp. Samples from Sequim Bay, Washington"
dino_pre2016,STX_DOC_000288,2008.0,dinoflagellate,dinoflagellate_stx,gonyautoxin,TOXIN,"Characterization of Intracellular and Extracellular Saxitoxin Levels in Both Field and Cultured Alexandrium spp. Samples from Sequim Bay, Washington"
dino_pre2016,STX_DOC_000288,2008.0,dinoflagellate,dinoflagellate_stx,pst,TOXIN,"Characterization of Intracellular and Extracellular Saxitoxin Levels in Both Field and Cultured Alexandrium spp. Samples from Sequim Bay, Washington"
dino_pre2016,STX_DOC_000288,2008.0,dinoflagellate,dinoflagellate_stx,psts,TOXIN,"Characterization of Intracellular and Extracellular Saxitoxin Levels in Both Field and Cultured Alexandrium spp. Samples from Sequim Bay, Washington"
dino_pre2016,STX_DOC_000288,2008.0,dinoflagellate,dinoflagellate_stx,paralytic shellfish poisoning,TOXIN,"Characterization of Intracellular and Extracellular Saxitoxin Levels in Both Field and Cultured Alexandrium spp. Samples from Sequim Bay, Washington"
dino_pre2016,STX_DOC_000288,2008.0,dinoflagellate,dinoflagellate_stx,alexandrium,DINO_TAXON,"Characterization of Intracellular and Extracellular Saxitoxin Levels in Both Field and Cultured Alexandrium spp. Samples from Sequim Bay, Washington"
dino_pre2016,STX_DOC_000288,2008.0,dinoflagellate,dinoflagellate_stx,bloom,ENV_FACTOR,"Characterization of Intracellular and Extracellular Saxitoxin Levels in Both Field and Cultured Alexandrium spp. Samples from Sequim Bay, Washington"
dino_pre2016,STX_DOC_000288,2008.0,dinoflagellate,dinoflagellate_stx,harmful algal bloom,ENV_FACTOR,"Characterization of Intracellular and Extracellular Saxitoxin Levels in Both Field and Cultured Alexandrium spp. Samples from Sequim Bay, Washington"
dino_pre2016,STX_DOC_000288,2008.0,dinoflagellate,dinoflagellate_stx,hplc,DETECTION_METHOD,"Characterization of Intracellular and Extracellular Saxitoxin Levels in Both Field and Cultured Alexandrium spp. Samples from Sequim Bay, Washington"
dino_pre2016,STX_DOC_000288,2008.0,dinoflagellate,dinoflagellate_stx,elisa,DETECTION_METHOD,"Characterization of Intracellular and Extracellular Saxitoxin Levels in Both Field and Cultured Alexandrium spp. Samples from Sequim Bay, Washington"
dino_pre2016,STX_DOC_000289,2006.0,dinoflagellate,dinoflagellate_stx,paralytic shellfish toxin,TOXIN,Copepods induce paralytic shellfish toxin production in marine dinoflagellates
dino_pre2016,STX_DOC_000289,2006.0,dinoflagellate,dinoflagellate_stx,pst,TOXIN,Copepods induce paralytic shellfish toxin production in marine dinoflagellates
dino_pre2016,STX_DOC_000289,2006.0,dinoflagellate,dinoflagellate_stx,paralytic shellfish poisoning,TOXIN,Copepods induce paralytic shellfish toxin production in marine dinoflagellates
dino_pre2016,STX_DOC_000289,2006.0,dinoflagellate,dinoflagellate_stx,dinoflagellate,DINO_TAXON,Copepods induce paralytic shellfish toxin production in marine dinoflagellates
dino_pre2016,STX_DOC_000289,2006.0,dinoflagellate,dinoflagellate_stx,dinoflagellates,DINO_TAXON,Copepods induce paralytic shellfish toxin production in marine dinoflagellates
dino_pre2016,STX_DOC_000289,2006.0,dinoflagellate,dinoflagellate_stx,alexandrium,DINO_TAXON,Copepods induce paralytic shellfish toxin production in marine dinoflagellates
dino_pre2016,STX_DOC_000289,2006.0,dinoflagellate,dinoflagellate_stx,alexandrium minutum,DINO_TAXON,Copepods induce paralytic shellfish toxin production in marine dinoflagellates
dino_pre2016,STX_DOC_000289,2006.0,dinoflagellate,dinoflagellate_stx,bloom,ENV_FACTOR,Copepods induce paralytic shellfish toxin production in marine dinoflagellates
dino_pre2016,STX_DOC_000289,2006.0,dinoflagellate,dinoflagellate_stx,harmful algal bloom,ENV_FACTOR,Copepods induce paralytic shellfish toxin production in marine dinoflagellates
dino_pre2016,STX_DOC_000289,2006.0,dinoflagellate,dinoflagellate_stx,toxin production,BIOLOGICAL_PROCESS,Copepods induce paralytic shellfish toxin production in marine dinoflagellates
dino_pre2016,STX_DOC_000290,2006.0,dinoflagellate,dinoflagellate_stx,saxitoxin,TOXIN,"Saxitoxin Puffer Fish Poisoning in the United States, with the First Report of <i>Pyrodinium bahamense</i> as the Putative Toxin Source"
dino_pre2016,STX_DOC_000290,2006.0,dinoflagellate,dinoflagellate_stx,stx,TOXIN,"Saxitoxin Puffer Fish Poisoning in the United States, with the First Report of <i>Pyrodinium bahamense</i> as the Putative Toxin Source"
dino_pre2016,STX_DOC_000290,2006.0,dinoflagellate,dinoflagellate_stx,paralytic shellfish poisoning,TOXIN,"Saxitoxin Puffer Fish Poisoning in the United States, with the First Report of <i>Pyrodinium bahamense</i> as the Putative Toxin Source"
dino_pre2016,STX_DOC_000290,2006.0,dinoflagellate,dinoflagellate_stx,dinoflagellate,DINO_TAXON,"Saxitoxin Puffer Fish Poisoning in the United States, with the First Report of <i>Pyrodinium bahamense</i> as the Putative Toxin Source"
dino_pre2016,STX_DOC_000290,2006.0,dinoflagellate,dinoflagellate_stx,pyrodinium,DINO_TAXON,"Saxitoxin Puffer Fish Poisoning in the United States, with the First Report of <i>Pyrodinium bahamense</i> as the Putative Toxin Source"
dino_pre2016,STX_DOC_000290,2006.0,dinoflagellate,dinoflagellate_stx,pyrodinium bahamense,DINO_TAXON,"Saxitoxin Puffer Fish Poisoning in the United States, with the First Report of <i>Pyrodinium bahamense</i> as the Putative Toxin Source"
dino_pre2016,STX_DOC_000290,2006.0,dinoflagellate,dinoflagellate_stx,bloom,ENV_FACTOR,"Saxitoxin Puffer Fish Poisoning in the United States, with the First Report of <i>Pyrodinium bahamense</i> as the Putative Toxin Source"
dino_pre2016,STX_DOC_000290,2006.0,dinoflagellate,dinoflagellate_stx,hplc,DETECTION_METHOD,"Saxitoxin Puffer Fish Poisoning in the United States, with the First Report of <i>Pyrodinium bahamense</i> as the Putative Toxin Source"
dino_pre2016,STX_DOC_000290,2006.0,dinoflagellate,dinoflagellate_stx,lc-ms,DETECTION_METHOD,"Saxitoxin Puffer Fish Poisoning in the United States, with the First Report of <i>Pyrodinium bahamense</i> as the Putative Toxin Source"
dino_pre2016,STX_DOC_000290,2006.0,dinoflagellate,dinoflagellate_stx,mass spectrometry,DETECTION_METHOD,"Saxitoxin Puffer Fish Poisoning in the United States, with the First Report of <i>Pyrodinium bahamense</i> as the Putative Toxin Source"
dino_pre2016,STX_DOC_000290,2006.0,dinoflagellate,dinoflagellate_stx,mouse bioassay,DETECTION_METHOD,"Saxitoxin Puffer Fish Poisoning in the United States, with the First Report of <i>Pyrodinium bahamense</i> as the Putative Toxin Source"
dino_pre2016,STX_DOC_000290,2006.0,dinoflagellate,dinoflagellate_stx,elisa,DETECTION_METHOD,"Saxitoxin Puffer Fish Poisoning in the United States, with the First Report of <i>Pyrodinium bahamense</i> as the Putative Toxin Source"
dino_pre2016,STX_DOC_000292,2006.0,dinoflagellate,dinoflagellate_stx,saxitoxin,TOXIN,"Saxitoxin puffer fish poisoning in the United States, with the first report of Pyrodinium bahamense as the putative toxin source."
dino_pre2016,STX_DOC_000292,2006.0,dinoflagellate,dinoflagellate_stx,stx,TOXIN,"Saxitoxin puffer fish poisoning in the United States, with the first report of Pyrodinium bahamense as the putative toxin source."
dino_pre2016,STX_DOC_000292,2006.0,dinoflagellate,dinoflagellate_stx,paralytic shellfish poisoning,TOXIN,"Saxitoxin puffer fish poisoning in the United States, with the first report of Pyrodinium bahamense as the putative toxin source."
dino_pre2016,STX_DOC_000292,2006.0,dinoflagellate,dinoflagellate_stx,dinoflagellate,DINO_TAXON,"Saxitoxin puffer fish poisoning in the United States, with the first report of Pyrodinium bahamense as the putative toxin source."
dino_pre2016,STX_DOC_000292,2006.0,dinoflagellate,dinoflagellate_stx,pyrodinium,DINO_TAXON,"Saxitoxin puffer fish poisoning in the United States, with the first report of Pyrodinium bahamense as the putative toxin source."
dino_pre2016,STX_DOC_000292,2006.0,dinoflagellate,dinoflagellate_stx,pyrodinium bahamense,DINO_TAXON,"Saxitoxin puffer fish poisoning in the United States, with the first report of Pyrodinium bahamense as the putative toxin source."
dino_pre2016,STX_DOC_000292,2006.0,dinoflagellate,dinoflagellate_stx,bloom,ENV_FACTOR,"Saxitoxin puffer fish poisoning in the United States, with the first report of Pyrodinium bahamense as the putative toxin source."
dino_pre2016,STX_DOC_000292,2006.0,dinoflagellate,dinoflagellate_stx,hplc,DETECTION_METHOD,"Saxitoxin puffer fish poisoning in the United States, with the first report of Pyrodinium bahamense as the putative toxin source."
dino_pre2016,STX_DOC_000292,2006.0,dinoflagellate,dinoflagellate_stx,lc-ms,DETECTION_METHOD,"Saxitoxin puffer fish poisoning in the United States, with the first report of Pyrodinium bahamense as the putative toxin source."
dino_pre2016,STX_DOC_000292,2006.0,dinoflagellate,dinoflagellate_stx,mass spectrometry,DETECTION_METHOD,"Saxitoxin puffer fish poisoning in the United States, with the first report of Pyrodinium bahamense as the putative toxin source."
dino_pre2016,STX_DOC_000292,2006.0,dinoflagellate,dinoflagellate_stx,mouse bioassay,DETECTION_METHOD,"Saxitoxin puffer fish poisoning in the United States, with the first report of Pyrodinium bahamense as the putative toxin source."
dino_pre2016,STX_DOC_000292,2006.0,dinoflagellate,dinoflagellate_stx,elisa,DETECTION_METHOD,"Saxitoxin puffer fish poisoning in the United States, with the first report of Pyrodinium bahamense as the putative toxin source."
dino_pre2016,STX_DOC_000293,2006.0,dinoflagellate,dinoflagellate_stx,paralytic shellfish poisoning,TOXIN,Toxin profile and relative toxicity of three paralytic shellfish poisoning toxin- producing dinoflagellates from Malaysia
dino_pre2016,STX_DOC_000293,2006.0,dinoflagellate,dinoflagellate_stx,dinoflagellates,DINO_TAXON,Toxin profile and relative toxicity of three paralytic shellfish poisoning toxin- producing dinoflagellates from Malaysia
dino_pre2016,STX_DOC_000293,2006.0,dinoflagellate,dinoflagellate_stx,alexandrium,DINO_TAXON,Toxin profile and relative toxicity of three paralytic shellfish poisoning toxin- producing dinoflagellates from Malaysia
dino_pre2016,STX_DOC_000293,2006.0,dinoflagellate,dinoflagellate_stx,alexandrium minutum,DINO_TAXON,Toxin profile and relative toxicity of three paralytic shellfish poisoning toxin- producing dinoflagellates from Malaysia
dino_pre2016,STX_DOC_000293,2006.0,dinoflagellate,dinoflagellate_stx,alexandrium tamiyavanichii,DINO_TAXON,Toxin profile and relative toxicity of three paralytic shellfish poisoning toxin- producing dinoflagellates from Malaysia
dino_pre2016,STX_DOC_000293,2006.0,dinoflagellate,dinoflagellate_stx,pyrodinium,DINO_TAXON,Toxin profile and relative toxicity of three paralytic shellfish poisoning toxin- producing dinoflagellates from Malaysia
dino_pre2016,STX_DOC_000293,2006.0,dinoflagellate,dinoflagellate_stx,pyrodinium bahamense,DINO_TAXON,Toxin profile and relative toxicity of three paralytic shellfish poisoning toxin- producing dinoflagellates from Malaysia
dino_pre2016,STX_DOC_000293,2006.0,dinoflagellate,dinoflagellate_stx,toxicity,BIOLOGICAL_PROCESS,Toxin profile and relative toxicity of three paralytic shellfish poisoning toxin- producing dinoflagellates from Malaysia
dino_pre2016,STX_DOC_000293,2006.0,dinoflagellate,dinoflagellate_stx,hplc,DETECTION_METHOD,Toxin profile and relative toxicity of three paralytic shellfish poisoning toxin- producing dinoflagellates from Malaysia
dino_pre2016,STX_DOC_000294,2005.0,dinoflagellate,dinoflagellate_stx,dinoflagellate,DINO_TAXON,"Occurrence of Paralytic Shellfish Poison (PSP)-Producing Dinoflagellate Alexandrium tamarense in Hiroshima Bay, Hiroshima Prefecture, Japan, during 1993-2004 and Its PSP Profiles"
dino_pre2016,STX_DOC_000294,2005.0,dinoflagellate,dinoflagellate_stx,alexandrium,DINO_TAXON,"Occurrence of Paralytic Shellfish Poison (PSP)-Producing Dinoflagellate Alexandrium tamarense in Hiroshima Bay, Hiroshima Prefecture, Japan, during 1993-2004 and Its PSP Profiles"
dino_pre2016,STX_DOC_000294,2005.0,dinoflagellate,dinoflagellate_stx,alexandrium tamarense,DINO_TAXON,"Occurrence of Paralytic Shellfish Poison (PSP)-Producing Dinoflagellate Alexandrium tamarense in Hiroshima Bay, Hiroshima Prefecture, Japan, during 1993-2004 and Its PSP Profiles"
dino_pre2016,STX_DOC_000294,2005.0,dinoflagellate,dinoflagellate_stx,temperature,ENV_FACTOR,"Occurrence of Paralytic Shellfish Poison (PSP)-Producing Dinoflagellate Alexandrium tamarense in Hiroshima Bay, Hiroshima Prefecture, Japan, during 1993-2004 and Its PSP Profiles"
dino_pre2016,STX_DOC_000294,2005.0,dinoflagellate,dinoflagellate_stx,toxicity,BIOLOGICAL_PROCESS,"Occurrence of Paralytic Shellfish Poison (PSP)-Producing Dinoflagellate Alexandrium tamarense in Hiroshima Bay, Hiroshima Prefecture, Japan, during 1993-2004 and Its PSP Profiles"
dino_pre2016,STX_DOC_000295,2005.0,dinoflagellate,dinoflagellate_stx,dinoflagellate,DINO_TAXON,"Occurrence of paralytic shellfish poison (PSP)-producing dinoflagellate Alexandrium tamarense in Hiroshima Bay, Hiroshima Prefecture, Japan, during 1993-2004 and its PSP profiles."
dino_pre2016,STX_DOC_000295,2005.0,dinoflagellate,dinoflagellate_stx,alexandrium,DINO_TAXON,"Occurrence of paralytic shellfish poison (PSP)-producing dinoflagellate Alexandrium tamarense in Hiroshima Bay, Hiroshima Prefecture, Japan, during 1993-2004 and its PSP profiles."
dino_pre2016,STX_DOC_000295,2005.0,dinoflagellate,dinoflagellate_stx,alexandrium tamarense,DINO_TAXON,"Occurrence of paralytic shellfish poison (PSP)-producing dinoflagellate Alexandrium tamarense in Hiroshima Bay, Hiroshima Prefecture, Japan, during 1993-2004 and its PSP profiles."
dino_pre2016,STX_DOC_000295,2005.0,dinoflagellate,dinoflagellate_stx,temperature,ENV_FACTOR,"Occurrence of paralytic shellfish poison (PSP)-producing dinoflagellate Alexandrium tamarense in Hiroshima Bay, Hiroshima Prefecture, Japan, during 1993-2004 and its PSP profiles."
dino_pre2016,STX_DOC_000295,2005.0,dinoflagellate,dinoflagellate_stx,toxicity,BIOLOGICAL_PROCESS,"Occurrence of paralytic shellfish poison (PSP)-producing dinoflagellate Alexandrium tamarense in Hiroshima Bay, Hiroshima Prefecture, Japan, during 1993-2004 and its PSP profiles."
dino_pre2016,STX_DOC_000296,2004.0,dinoflagellate,dinoflagellate_stx,saxitoxin,TOXIN,"PSP-toxicification of the carnivorous gastropod Rapana venosa inhabiting the estuary of Nikoh River, Hiroshima Bay, Hiroshima Prefecture, Japan."
dino_pre2016,STX_DOC_000296,2004.0,dinoflagellate,dinoflagellate_stx,stx,TOXIN,"PSP-toxicification of the carnivorous gastropod Rapana venosa inhabiting the estuary of Nikoh River, Hiroshima Bay, Hiroshima Prefecture, Japan."
dino_pre2016,STX_DOC_000296,2004.0,dinoflagellate,dinoflagellate_stx,gonyautoxin,TOXIN,"PSP-toxicification of the carnivorous gastropod Rapana venosa inhabiting the estuary of Nikoh River, Hiroshima Bay, Hiroshima Prefecture, Japan."
dino_pre2016,STX_DOC_000296,2004.0,dinoflagellate,dinoflagellate_stx,alexandrium,DINO_TAXON,"PSP-toxicification of the carnivorous gastropod Rapana venosa inhabiting the estuary of Nikoh River, Hiroshima Bay, Hiroshima Prefecture, Japan."
dino_pre2016,STX_DOC_000296,2004.0,dinoflagellate,dinoflagellate_stx,alexandrium tamarense,DINO_TAXON,"PSP-toxicification of the carnivorous gastropod Rapana venosa inhabiting the estuary of Nikoh River, Hiroshima Bay, Hiroshima Prefecture, Japan."
dino_pre2016,STX_DOC_000296,2004.0,dinoflagellate,dinoflagellate_stx,toxicity,BIOLOGICAL_PROCESS,"PSP-toxicification of the carnivorous gastropod Rapana venosa inhabiting the estuary of Nikoh River, Hiroshima Bay, Hiroshima Prefecture, Japan."
dino_pre2016,STX_DOC_000300,1998.0,dinoflagellate,high_confidence_stx_biosynthesis,saxitoxin,TOXIN,Cell cycle dynamics and the physiology of saxitoxin biosynthesis in Alexandrium fundyense (Dinophyceae)
dino_pre2016,STX_DOC_000300,1998.0,dinoflagellate,high_confidence_stx_biosynthesis,stx,TOXIN,Cell cycle dynamics and the physiology of saxitoxin biosynthesis in Alexandrium fundyense (Dinophyceae)
dino_pre2016,STX_DOC_000300,1998.0,dinoflagellate,high_confidence_stx_biosynthesis,dinoflagellates,DINO_TAXON,Cell cycle dynamics and the physiology of saxitoxin biosynthesis in Alexandrium fundyense (Dinophyceae)
dino_pre2016,STX_DOC_000300,1998.0,dinoflagellate,high_confidence_stx_biosynthesis,alexandrium,DINO_TAXON,Cell cycle dynamics and the physiology of saxitoxin biosynthesis in Alexandrium fundyense (Dinophyceae)
dino_pre2016,STX_DOC_000300,1998.0,dinoflagellate,high_confidence_stx_biosynthesis,alexandrium fundyense,DINO_TAXON,Cell cycle dynamics and the physiology of saxitoxin biosynthesis in Alexandrium fundyense (Dinophyceae)
dino_pre2016,STX_DOC_000300,1998.0,dinoflagellate,high_confidence_stx_biosynthesis,temperature,ENV_FACTOR,Cell cycle dynamics and the physiology of saxitoxin biosynthesis in Alexandrium fundyense (Dinophyceae)
dino_pre2016,STX_DOC_000300,1998.0,dinoflagellate,high_confidence_stx_biosynthesis,phosphate,ENV_FACTOR,Cell cycle dynamics and the physiology of saxitoxin biosynthesis in Alexandrium fundyense (Dinophyceae)
dino_pre2016,STX_DOC_000300,1998.0,dinoflagellate,high_confidence_stx_biosynthesis,light,ENV_FACTOR,Cell cycle dynamics and the physiology of saxitoxin biosynthesis in Alexandrium fundyense (Dinophyceae)
dino_pre2016,STX_DOC_000300,1998.0,dinoflagellate,high_confidence_stx_biosynthesis,biosynthesis,BIOLOGICAL_PROCESS,Cell cycle dynamics and the physiology of saxitoxin biosynthesis in Alexandrium fundyense (Dinophyceae)
dino_pre2016,STX_DOC_000300,1998.0,dinoflagellate,high_confidence_stx_biosynthesis,saxitoxin biosynthesis,BIOLOGICAL_PROCESS,Cell cycle dynamics and the physiology of saxitoxin biosynthesis in Alexandrium fundyense (Dinophyceae)
dino_pre2016,STX_DOC_000300,1998.0,dinoflagellate,high_confidence_stx_biosynthesis,regulation,BIOLOGICAL_PROCESS,Cell cycle dynamics and the physiology of saxitoxin biosynthesis in Alexandrium fundyense (Dinophyceae)
dino_pre2016,STX_DOC_000300,1998.0,dinoflagellate,high_confidence_stx_biosynthesis,toxicity,BIOLOGICAL_PROCESS,Cell cycle dynamics and the physiology of saxitoxin biosynthesis in Alexandrium fundyense (Dinophyceae)
dino_pre2016,STX_DOC_000300,1998.0,dinoflagellate,high_confidence_stx_biosynthesis,toxin production,BIOLOGICAL_PROCESS,Cell cycle dynamics and the physiology of saxitoxin biosynthesis in Alexandrium fundyense (Dinophyceae)
dino_pre2016,STX_DOC_000317,2015.0,dinoflagellate,dinoflagellate_stx,saxitoxin,TOXIN,Biodiversity Study of Intracellular Bacteria Closely Associated with Paralytic Shellfish Poisoning Dinoflagellates Alexandrium tamarense and A. minutum
dino_pre2016,STX_DOC_000317,2015.0,dinoflagellate,dinoflagellate_stx,stx,TOXIN,Biodiversity Study of Intracellular Bacteria Closely Associated with Paralytic Shellfish Poisoning Dinoflagellates Alexandrium tamarense and A. minutum
dino_pre2016,STX_DOC_000317,2015.0,dinoflagellate,dinoflagellate_stx,paralytic shellfish poisoning,TOXIN,Biodiversity Study of Intracellular Bacteria Closely Associated with Paralytic Shellfish Poisoning Dinoflagellates Alexandrium tamarense and A. minutum
dino_pre2016,STX_DOC_000317,2015.0,dinoflagellate,dinoflagellate_stx,dinoflagellate,DINO_TAXON,Biodiversity Study of Intracellular Bacteria Closely Associated with Paralytic Shellfish Poisoning Dinoflagellates Alexandrium tamarense and A. minutum
dino_pre2016,STX_DOC_000317,2015.0,dinoflagellate,dinoflagellate_stx,dinoflagellates,DINO_TAXON,Biodiversity Study of Intracellular Bacteria Closely Associated with Paralytic Shellfish Poisoning Dinoflagellates Alexandrium tamarense and A. minutum
dino_pre2016,STX_DOC_000317,2015.0,dinoflagellate,dinoflagellate_stx,alexandrium,DINO_TAXON,Biodiversity Study of Intracellular Bacteria Closely Associated with Paralytic Shellfish Poisoning Dinoflagellates Alexandrium tamarense and A. minutum
dino_pre2016,STX_DOC_000317,2015.0,dinoflagellate,dinoflagellate_stx,alexandrium tamarense,DINO_TAXON,Biodiversity Study of Intracellular Bacteria Closely Associated with Paralytic Shellfish Poisoning Dinoflagellates Alexandrium tamarense and A. minutum
dino_pre2016,STX_DOC_000320,2014.0,dinoflagellate,dinoflagellate_stx,saxitoxin,TOXIN,"Cyst morphology, germination characteristics, and potential toxicity of <i>Pyrodinium bahamense</i> in the Gulf of California"
dino_pre2016,STX_DOC_000320,2014.0,dinoflagellate,dinoflagellate_stx,stx,TOXIN,"Cyst morphology, germination characteristics, and potential toxicity of <i>Pyrodinium bahamense</i> in the Gulf of California"
dino_pre2016,STX_DOC_000320,2014.0,dinoflagellate,dinoflagellate_stx,paralytic shellfish toxins,TOXIN,"Cyst morphology, germination characteristics, and potential toxicity of <i>Pyrodinium bahamense</i> in the Gulf of California"
dino_pre2016,STX_DOC_000320,2014.0,dinoflagellate,dinoflagellate_stx,dinoflagellate,DINO_TAXON,"Cyst morphology, germination characteristics, and potential toxicity of <i>Pyrodinium bahamense</i> in the Gulf of California"
dino_pre2016,STX_DOC_000320,2014.0,dinoflagellate,dinoflagellate_stx,pyrodinium,DINO_TAXON,"Cyst morphology, germination characteristics, and potential toxicity of <i>Pyrodinium bahamense</i> in the Gulf of California"
dino_pre2016,STX_DOC_000320,2014.0,dinoflagellate,dinoflagellate_stx,pyrodinium bahamense,DINO_TAXON,"Cyst morphology, germination characteristics, and potential toxicity of <i>Pyrodinium bahamense</i> in the Gulf of California"
dino_pre2016,STX_DOC_000320,2014.0,dinoflagellate,dinoflagellate_stx,temperature,ENV_FACTOR,"Cyst morphology, germination characteristics, and potential toxicity of <i>Pyrodinium bahamense</i> in the Gulf of California"
dino_pre2016,STX_DOC_000320,2014.0,dinoflagellate,dinoflagellate_stx,salinity,ENV_FACTOR,"Cyst morphology, germination characteristics, and potential toxicity of <i>Pyrodinium bahamense</i> in the Gulf of California"
dino_pre2016,STX_DOC_000320,2014.0,dinoflagellate,dinoflagellate_stx,light,ENV_FACTOR,"Cyst morphology, germination characteristics, and potential toxicity of <i>Pyrodinium bahamense</i> in the Gulf of California"
dino_pre2016,STX_DOC_000320,2014.0,dinoflagellate,dinoflagellate_stx,toxicity,BIOLOGICAL_PROCESS,"Cyst morphology, germination characteristics, and potential toxicity of <i>Pyrodinium bahamense</i> in the Gulf of California"
dino_pre2016,STX_DOC_000321,2013.0,dinoflagellate,dinoflagellate_stx,pst,TOXIN,"Nutrient pulse induces dynamic changes in cellular C:N:P, amino acids, and paralytic shellfish poisoning toxins in Alexandrium tamarense"
dino_pre2016,STX_DOC_000321,2013.0,dinoflagellate,dinoflagellate_stx,psts,TOXIN,"Nutrient pulse induces dynamic changes in cellular C:N:P, amino acids, and paralytic shellfish poisoning toxins in Alexandrium tamarense"
dino_pre2016,STX_DOC_000321,2013.0,dinoflagellate,dinoflagellate_stx,paralytic shellfish poisoning,TOXIN,"Nutrient pulse induces dynamic changes in cellular C:N:P, amino acids, and paralytic shellfish poisoning toxins in Alexandrium tamarense"
dino_pre2016,STX_DOC_000321,2013.0,dinoflagellate,dinoflagellate_stx,alexandrium,DINO_TAXON,"Nutrient pulse induces dynamic changes in cellular C:N:P, amino acids, and paralytic shellfish poisoning toxins in Alexandrium tamarense"
dino_pre2016,STX_DOC_000321,2013.0,dinoflagellate,dinoflagellate_stx,alexandrium tamarense,DINO_TAXON,"Nutrient pulse induces dynamic changes in cellular C:N:P, amino acids, and paralytic shellfish poisoning toxins in Alexandrium tamarense"
dino_pre2016,STX_DOC_000321,2013.0,dinoflagellate,dinoflagellate_stx,nitrogen,ENV_FACTOR,"Nutrient pulse induces dynamic changes in cellular C:N:P, amino acids, and paralytic shellfish poisoning toxins in Alexandrium tamarense"
dino_pre2016,STX_DOC_000321,2013.0,dinoflagellate,dinoflagellate_stx,phosphorus,ENV_FACTOR,"Nutrient pulse induces dynamic changes in cellular C:N:P, amino acids, and paralytic shellfish poisoning toxins in Alexandrium tamarense"
dino_pre2016,STX_DOC_000321,2013.0,dinoflagellate,dinoflagellate_stx,nutrient,ENV_FACTOR,"Nutrient pulse induces dynamic changes in cellular C:N:P, amino acids, and paralytic shellfish poisoning toxins in Alexandrium tamarense"
dino_pre2016,STX_DOC_000321,2013.0,dinoflagellate,dinoflagellate_stx,bloom,ENV_FACTOR,"Nutrient pulse induces dynamic changes in cellular C:N:P, amino acids, and paralytic shellfish poisoning toxins in Alexandrium tamarense"
dino_pre2016,STX_DOC_000321,2013.0,dinoflagellate,dinoflagellate_stx,harmful algal bloom,ENV_FACTOR,"Nutrient pulse induces dynamic changes in cellular C:N:P, amino acids, and paralytic shellfish poisoning toxins in Alexandrium tamarense"
dino_pre2016,STX_DOC_000322,2013.0,cross_taxa,high_confidence_stx_biosynthesis,paralytic shellfish toxin,TOXIN,Comparative Proteomic Analysis Reveals Proteins Putatively Involved in Toxin Biosynthesis in the Marine Dinoflagellate Alexandrium catenella
dino_pre2016,STX_DOC_000322,2013.0,cross_taxa,high_confidence_stx_biosynthesis,dinoflagellate,DINO_TAXON,Comparative Proteomic Analysis Reveals Proteins Putatively Involved in Toxin Biosynthesis in the Marine Dinoflagellate Alexandrium catenella
dino_pre2016,STX_DOC_000322,2013.0,cross_taxa,high_confidence_stx_biosynthesis,dinoflagellates,DINO_TAXON,Comparative Proteomic Analysis Reveals Proteins Putatively Involved in Toxin Biosynthesis in the Marine Dinoflagellate Alexandrium catenella
dino_pre2016,STX_DOC_000322,2013.0,cross_taxa,high_confidence_stx_biosynthesis,alexandrium,DINO_TAXON,Comparative Proteomic Analysis Reveals Proteins Putatively Involved in Toxin Biosynthesis in the Marine Dinoflagellate Alexandrium catenella
dino_pre2016,STX_DOC_000322,2013.0,cross_taxa,high_confidence_stx_biosynthesis,alexandrium catenella,DINO_TAXON,Comparative Proteomic Analysis Reveals Proteins Putatively Involved in Toxin Biosynthesis in the Marine Dinoflagellate Alexandrium catenella
dino_pre2016,STX_DOC_000322,2013.0,cross_taxa,high_confidence_stx_biosynthesis,cyanobacteria,CYANO_TAXON,Comparative Proteomic Analysis Reveals Proteins Putatively Involved in Toxin Biosynthesis in the Marine Dinoflagellate Alexandrium catenella
dino_pre2016,STX_DOC_000322,2013.0,cross_taxa,high_confidence_stx_biosynthesis,biosynthesis,BIOLOGICAL_PROCESS,Comparative Proteomic Analysis Reveals Proteins Putatively Involved in Toxin Biosynthesis in the Marine Dinoflagellate Alexandrium catenella
dino_pre2016,STX_DOC_000322,2013.0,cross_taxa,high_confidence_stx_biosynthesis,toxin biosynthesis,BIOLOGICAL_PROCESS,Comparative Proteomic Analysis Reveals Proteins Putatively Involved in Toxin Biosynthesis in the Marine Dinoflagellate Alexandrium catenella
dino_pre2016,STX_DOC_000322,2013.0,cross_taxa,high_confidence_stx_biosynthesis,mass spectrometry,DETECTION_METHOD,Comparative Proteomic Analysis Reveals Proteins Putatively Involved in Toxin Biosynthesis in the Marine Dinoflagellate Alexandrium catenella
dino_pre2016,STX_DOC_000323,2011.0,cross_taxa,high_confidence_stx_biosynthesis,saxitoxin,TOXIN,"First report of saxitoxin production by a species of the freshwater benthic cyanobacterium, Scytonema Agardh."
dino_pre2016,STX_DOC_000323,2011.0,cross_taxa,high_confidence_stx_biosynthesis,sxta,SXT_GENE,"First report of saxitoxin production by a species of the freshwater benthic cyanobacterium, Scytonema Agardh."
dino_pre2016,STX_DOC_000323,2011.0,cross_taxa,high_confidence_stx_biosynthesis,dinoflagellates,DINO_TAXON,"First report of saxitoxin production by a species of the freshwater benthic cyanobacterium, Scytonema Agardh."
dino_pre2016,STX_DOC_000323,2011.0,cross_taxa,high_confidence_stx_biosynthesis,cyanobacteria,CYANO_TAXON,"First report of saxitoxin production by a species of the freshwater benthic cyanobacterium, Scytonema Agardh."
dino_pre2016,STX_DOC_000323,2011.0,cross_taxa,high_confidence_stx_biosynthesis,cyanobacterium,CYANO_TAXON,"First report of saxitoxin production by a species of the freshwater benthic cyanobacterium, Scytonema Agardh."
dino_pre2016,STX_DOC_000323,2011.0,cross_taxa,high_confidence_stx_biosynthesis,scytonema,CYANO_TAXON,"First report of saxitoxin production by a species of the freshwater benthic cyanobacterium, Scytonema Agardh."
dino_pre2016,STX_DOC_000323,2011.0,cross_taxa,high_confidence_stx_biosynthesis,phylogenetic,BIOLOGICAL_PROCESS,"First report of saxitoxin production by a species of the freshwater benthic cyanobacterium, Scytonema Agardh."
dino_pre2016,STX_DOC_000325,2009.0,cross_taxa,dinoflagellate_stx,saxitoxin,TOXIN,Evolutionary and functional genomics of photosynthetic eukaryotes
dino_pre2016,STX_DOC_000325,2009.0,cross_taxa,dinoflagellate_stx,dinoflagellate,DINO_TAXON,Evolutionary and functional genomics of photosynthetic eukaryotes
dino_pre2016,STX_DOC_000325,2009.0,cross_taxa,dinoflagellate_stx,dinoflagellates,DINO_TAXON,Evolutionary and functional genomics of photosynthetic eukaryotes
dino_pre2016,STX_DOC_000325,2009.0,cross_taxa,dinoflagellate_stx,alexandrium,DINO_TAXON,Evolutionary and functional genomics of photosynthetic eukaryotes
dino_pre2016,STX_DOC_000325,2009.0,cross_taxa,dinoflagellate_stx,alexandrium tamarense,DINO_TAXON,Evolutionary and functional genomics of photosynthetic eukaryotes
dino_pre2016,STX_DOC_000325,2009.0,cross_taxa,dinoflagellate_stx,cyanobacteria,CYANO_TAXON,Evolutionary and functional genomics of photosynthetic eukaryotes
dino_pre2016,STX_DOC_000325,2009.0,cross_taxa,dinoflagellate_stx,cyanobacterial,CYANO_TAXON,Evolutionary and functional genomics of photosynthetic eukaryotes
dino_pre2016,STX_DOC_000325,2009.0,cross_taxa,dinoflagellate_stx,anabaena,CYANO_TAXON,Evolutionary and functional genomics of photosynthetic eukaryotes
dino_pre2016,STX_DOC_000325,2009.0,cross_taxa,dinoflagellate_stx,regulation,BIOLOGICAL_PROCESS,Evolutionary and functional genomics of photosynthetic eukaryotes
dino_pre2016,STX_DOC_000325,2009.0,cross_taxa,dinoflagellate_stx,expression,BIOLOGICAL_PROCESS,Evolutionary and functional genomics of photosynthetic eukaryotes
dino_pre2016,STX_DOC_000325,2009.0,cross_taxa,dinoflagellate_stx,gene expression,BIOLOGICAL_PROCESS,Evolutionary and functional genomics of photosynthetic eukaryotes
dino_pre2016,STX_DOC_000325,2009.0,cross_taxa,dinoflagellate_stx,evolution,BIOLOGICAL_PROCESS,Evolutionary and functional genomics of photosynthetic eukaryotes
dino_pre2016,STX_DOC_000325,2009.0,cross_taxa,dinoflagellate_stx,phylogenetic,BIOLOGICAL_PROCESS,Evolutionary and functional genomics of photosynthetic eukaryotes
dino_pre2016,STX_DOC_000327,2007.0,dinoflagellate,dinoflagellate_stx,saxitoxin,TOXIN,Effect of multiple antibiotic treatments on a paralytic shellfish toxin-producing culture of the dinoflagellate Alexandrium minutum
dino_pre2016,STX_DOC_000327,2007.0,dinoflagellate,dinoflagellate_stx,paralytic shellfish toxin,TOXIN,Effect of multiple antibiotic treatments on a paralytic shellfish toxin-producing culture of the dinoflagellate Alexandrium minutum
dino_pre2016,STX_DOC_000327,2007.0,dinoflagellate,dinoflagellate_stx,dinoflagellate,DINO_TAXON,Effect of multiple antibiotic treatments on a paralytic shellfish toxin-producing culture of the dinoflagellate Alexandrium minutum
dino_pre2016,STX_DOC_000327,2007.0,dinoflagellate,dinoflagellate_stx,alexandrium,DINO_TAXON,Effect of multiple antibiotic treatments on a paralytic shellfish toxin-producing culture of the dinoflagellate Alexandrium minutum
dino_pre2016,STX_DOC_000327,2007.0,dinoflagellate,dinoflagellate_stx,alexandrium minutum,DINO_TAXON,Effect of multiple antibiotic treatments on a paralytic shellfish toxin-producing culture of the dinoflagellate Alexandrium minutum
dino_pre2016,STX_DOC_000327,2007.0,dinoflagellate,dinoflagellate_stx,toxicity,BIOLOGICAL_PROCESS,Effect of multiple antibiotic treatments on a paralytic shellfish toxin-producing culture of the dinoflagellate Alexandrium minutum
dino_pre2016,STX_DOC_000327,2007.0,dinoflagellate,dinoflagellate_stx,toxin production,BIOLOGICAL_PROCESS,Effect of multiple antibiotic treatments on a paralytic shellfish toxin-producing culture of the dinoflagellate Alexandrium minutum
dino_pre2016,STX_DOC_000327,2007.0,dinoflagellate,dinoflagellate_stx,hplc,DETECTION_METHOD,Effect of multiple antibiotic treatments on a paralytic shellfish toxin-producing culture of the dinoflagellate Alexandrium minutum
dino_pre2016,STX_DOC_000328,2007.0,dinoflagellate,dinoflagellate_stx,gonyautoxin,TOXIN,Accumulation and Elimination Profiles of Paralytic Shellfish Poison in the Short-necked Clam Tapes japonica Fed with the Toxic Dinoflagellate Gymnodinium catenatum
dino_pre2016,STX_DOC_000328,2007.0,dinoflagellate,dinoflagellate_stx,gtx,TOXIN,Accumulation and Elimination Profiles of Paralytic Shellfish Poison in the Short-necked Clam Tapes japonica Fed with the Toxic Dinoflagellate Gymnodinium catenatum
dino_pre2016,STX_DOC_000328,2007.0,dinoflagellate,dinoflagellate_stx,dinoflagellate,DINO_TAXON,Accumulation and Elimination Profiles of Paralytic Shellfish Poison in the Short-necked Clam Tapes japonica Fed with the Toxic Dinoflagellate Gymnodinium catenatum
dino_pre2016,STX_DOC_000328,2007.0,dinoflagellate,dinoflagellate_stx,gymnodinium,DINO_TAXON,Accumulation and Elimination Profiles of Paralytic Shellfish Poison in the Short-necked Clam Tapes japonica Fed with the Toxic Dinoflagellate Gymnodinium catenatum
dino_pre2016,STX_DOC_000328,2007.0,dinoflagellate,dinoflagellate_stx,gymnodinium catenatum,DINO_TAXON,Accumulation and Elimination Profiles of Paralytic Shellfish Poison in the Short-necked Clam Tapes japonica Fed with the Toxic Dinoflagellate Gymnodinium catenatum
dino_pre2016,STX_DOC_000328,2007.0,dinoflagellate,dinoflagellate_stx,hplc,DETECTION_METHOD,Accumulation and Elimination Profiles of Paralytic Shellfish Poison in the Short-necked Clam Tapes japonica Fed with the Toxic Dinoflagellate Gymnodinium catenatum
dino_pre2016,STX_DOC_000329,2005.0,dinoflagellate,high_confidence_stx_biosynthesis,pst,TOXIN,"Use of two‐dimensional gel electrophoresis to differentiate morphospecies of <b><i>Alexandrium minutum</i></b>, a paralytic shellfish poisoning toxin‐producing dinoflagellate of harmful algal blooms"
dino_pre2016,STX_DOC_000329,2005.0,dinoflagellate,high_confidence_stx_biosynthesis,paralytic shellfish poisoning,TOXIN,"Use of two‐dimensional gel electrophoresis to differentiate morphospecies of <b><i>Alexandrium minutum</i></b>, a paralytic shellfish poisoning toxin‐producing dinoflagellate of harmful algal blooms"
dino_pre2016,STX_DOC_000329,2005.0,dinoflagellate,high_confidence_stx_biosynthesis,dinoflagellate,DINO_TAXON,"Use of two‐dimensional gel electrophoresis to differentiate morphospecies of <b><i>Alexandrium minutum</i></b>, a paralytic shellfish poisoning toxin‐producing dinoflagellate of harmful algal blooms"
dino_pre2016,STX_DOC_000329,2005.0,dinoflagellate,high_confidence_stx_biosynthesis,dinoflagellates,DINO_TAXON,"Use of two‐dimensional gel electrophoresis to differentiate morphospecies of <b><i>Alexandrium minutum</i></b>, a paralytic shellfish poisoning toxin‐producing dinoflagellate of harmful algal blooms"
dino_pre2016,STX_DOC_000329,2005.0,dinoflagellate,high_confidence_stx_biosynthesis,alexandrium,DINO_TAXON,"Use of two‐dimensional gel electrophoresis to differentiate morphospecies of <b><i>Alexandrium minutum</i></b>, a paralytic shellfish poisoning toxin‐producing dinoflagellate of harmful algal blooms"
dino_pre2016,STX_DOC_000329,2005.0,dinoflagellate,high_confidence_stx_biosynthesis,alexandrium minutum,DINO_TAXON,"Use of two‐dimensional gel electrophoresis to differentiate morphospecies of <b><i>Alexandrium minutum</i></b>, a paralytic shellfish poisoning toxin‐producing dinoflagellate of harmful algal blooms"
dino_pre2016,STX_DOC_000329,2005.0,dinoflagellate,high_confidence_stx_biosynthesis,biosynthesis,BIOLOGICAL_PROCESS,"Use of two‐dimensional gel electrophoresis to differentiate morphospecies of <b><i>Alexandrium minutum</i></b>, a paralytic shellfish poisoning toxin‐producing dinoflagellate of harmful algal blooms"
dino_pre2016,STX_DOC_000329,2005.0,dinoflagellate,high_confidence_stx_biosynthesis,toxin biosynthesis,BIOLOGICAL_PROCESS,"Use of two‐dimensional gel electrophoresis to differentiate morphospecies of <b><i>Alexandrium minutum</i></b>, a paralytic shellfish poisoning toxin‐producing dinoflagellate of harmful algal blooms"
dino_pre2016,STX_DOC_000329,2005.0,dinoflagellate,high_confidence_stx_biosynthesis,expression,BIOLOGICAL_PROCESS,"Use of two‐dimensional gel electrophoresis to differentiate morphospecies of <b><i>Alexandrium minutum</i></b>, a paralytic shellfish poisoning toxin‐producing dinoflagellate of harmful algal blooms"
dino_pre2016,STX_DOC_000331,2005.0,dinoflagellate,dinoflagellate_stx,saxitoxin,TOXIN,Phylogenetic analysis of toxic<i>Alexandrium</i>(Dinophyceae) isolates from South Africa: implications for the global phylogeography of the<i>Alexandrium tamarense</i>species complex
dino_pre2016,STX_DOC_000331,2005.0,dinoflagellate,dinoflagellate_stx,stx,TOXIN,Phylogenetic analysis of toxic<i>Alexandrium</i>(Dinophyceae) isolates from South Africa: implications for the global phylogeography of the<i>Alexandrium tamarense</i>species complex
dino_pre2016,STX_DOC_000331,2005.0,dinoflagellate,dinoflagellate_stx,neosaxitoxin,TOXIN,Phylogenetic analysis of toxic<i>Alexandrium</i>(Dinophyceae) isolates from South Africa: implications for the global phylogeography of the<i>Alexandrium tamarense</i>species complex
dino_pre2016,STX_DOC_000331,2005.0,dinoflagellate,dinoflagellate_stx,paralytic shellfish poisoning,TOXIN,Phylogenetic analysis of toxic<i>Alexandrium</i>(Dinophyceae) isolates from South Africa: implications for the global phylogeography of the<i>Alexandrium tamarense</i>species complex
dino_pre2016,STX_DOC_000331,2005.0,dinoflagellate,dinoflagellate_stx,dinoflagellates,DINO_TAXON,Phylogenetic analysis of toxic<i>Alexandrium</i>(Dinophyceae) isolates from South Africa: implications for the global phylogeography of the<i>Alexandrium tamarense</i>species complex
dino_pre2016,STX_DOC_000331,2005.0,dinoflagellate,dinoflagellate_stx,alexandrium,DINO_TAXON,Phylogenetic analysis of toxic<i>Alexandrium</i>(Dinophyceae) isolates from South Africa: implications for the global phylogeography of the<i>Alexandrium tamarense</i>species complex
dino_pre2016,STX_DOC_000331,2005.0,dinoflagellate,dinoflagellate_stx,alexandrium tamarense,DINO_TAXON,Phylogenetic analysis of toxic<i>Alexandrium</i>(Dinophyceae) isolates from South Africa: implications for the global phylogeography of the<i>Alexandrium tamarense</i>species complex
dino_pre2016,STX_DOC_000331,2005.0,dinoflagellate,dinoflagellate_stx,phylogenetic,BIOLOGICAL_PROCESS,Phylogenetic analysis of toxic<i>Alexandrium</i>(Dinophyceae) isolates from South Africa: implications for the global phylogeography of the<i>Alexandrium tamarense</i>species complex
dino_pre2016,STX_DOC_000331,2005.0,dinoflagellate,dinoflagellate_stx,toxicity,BIOLOGICAL_PROCESS,Phylogenetic analysis of toxic<i>Alexandrium</i>(Dinophyceae) isolates from South Africa: implications for the global phylogeography of the<i>Alexandrium tamarense</i>species complex
dino_pre2016,STX_DOC_000332,2005.0,dinoflagellate,dinoflagellate_stx,gtx,TOXIN,Paralytic Shellfish Poison (PSP) Profiles and Toxification of Short-necked Clams Fed with the Toxic Dinoflagellate Alexandrium tamarense
dino_pre2016,STX_DOC_000332,2005.0,dinoflagellate,dinoflagellate_stx,dinoflagellate,DINO_TAXON,Paralytic Shellfish Poison (PSP) Profiles and Toxification of Short-necked Clams Fed with the Toxic Dinoflagellate Alexandrium tamarense
dino_pre2016,STX_DOC_000332,2005.0,dinoflagellate,dinoflagellate_stx,alexandrium,DINO_TAXON,Paralytic Shellfish Poison (PSP) Profiles and Toxification of Short-necked Clams Fed with the Toxic Dinoflagellate Alexandrium tamarense
dino_pre2016,STX_DOC_000332,2005.0,dinoflagellate,dinoflagellate_stx,alexandrium tamarense,DINO_TAXON,Paralytic Shellfish Poison (PSP) Profiles and Toxification of Short-necked Clams Fed with the Toxic Dinoflagellate Alexandrium tamarense
dino_pre2016,STX_DOC_000332,2005.0,dinoflagellate,dinoflagellate_stx,toxicity,BIOLOGICAL_PROCESS,Paralytic Shellfish Poison (PSP) Profiles and Toxification of Short-necked Clams Fed with the Toxic Dinoflagellate Alexandrium tamarense
dino_pre2016,STX_DOC_000332,2005.0,dinoflagellate,dinoflagellate_stx,hplc,DETECTION_METHOD,Paralytic Shellfish Poison (PSP) Profiles and Toxification of Short-necked Clams Fed with the Toxic Dinoflagellate Alexandrium tamarense
dino_pre2016,STX_DOC_000332,2005.0,dinoflagellate,dinoflagellate_stx,mouse bioassay,DETECTION_METHOD,Paralytic Shellfish Poison (PSP) Profiles and Toxification of Short-necked Clams Fed with the Toxic Dinoflagellate Alexandrium tamarense
dino_pre2016,STX_DOC_000334,2005.0,dinoflagellate,dinoflagellate_stx,gtx,TOXIN,Paralytic shellfish poison (PSP) profiles and toxification of short-necked clams fed with the toxic dinoflagellate Alexandrium tamarense.
dino_pre2016,STX_DOC_000334,2005.0,dinoflagellate,dinoflagellate_stx,dinoflagellate,DINO_TAXON,Paralytic shellfish poison (PSP) profiles and toxification of short-necked clams fed with the toxic dinoflagellate Alexandrium tamarense.
dino_pre2016,STX_DOC_000334,2005.0,dinoflagellate,dinoflagellate_stx,alexandrium,DINO_TAXON,Paralytic shellfish poison (PSP) profiles and toxification of short-necked clams fed with the toxic dinoflagellate Alexandrium tamarense.
dino_pre2016,STX_DOC_000334,2005.0,dinoflagellate,dinoflagellate_stx,alexandrium tamarense,DINO_TAXON,Paralytic shellfish poison (PSP) profiles and toxification of short-necked clams fed with the toxic dinoflagellate Alexandrium tamarense.
dino_pre2016,STX_DOC_000334,2005.0,dinoflagellate,dinoflagellate_stx,toxicity,BIOLOGICAL_PROCESS,Paralytic shellfish poison (PSP) profiles and toxification of short-necked clams fed with the toxic dinoflagellate Alexandrium tamarense.
dino_pre2016,STX_DOC_000334,2005.0,dinoflagellate,dinoflagellate_stx,hplc,DETECTION_METHOD,Paralytic shellfish poison (PSP) profiles and toxification of short-necked clams fed with the toxic dinoflagellate Alexandrium tamarense.
dino_pre2016,STX_DOC_000334,2005.0,dinoflagellate,dinoflagellate_stx,mouse bioassay,DETECTION_METHOD,Paralytic shellfish poison (PSP) profiles and toxification of short-necked clams fed with the toxic dinoflagellate Alexandrium tamarense.
dino_pre2016,STX_DOC_000335,2004.0,dinoflagellate,dinoflagellate_stx,paralytic shellfish toxins,TOXIN,Phylogenetic and functional diversity of the cultivable bacterial community associated with the paralytic shellfish poisoning dinoflagellate Gymnodinium catenatum
dino_pre2016,STX_DOC_000335,2004.0,dinoflagellate,dinoflagellate_stx,pst,TOXIN,Phylogenetic and functional diversity of the cultivable bacterial community associated with the paralytic shellfish poisoning dinoflagellate Gymnodinium catenatum
dino_pre2016,STX_DOC_000335,2004.0,dinoflagellate,dinoflagellate_stx,paralytic shellfish poisoning,TOXIN,Phylogenetic and functional diversity of the cultivable bacterial community associated with the paralytic shellfish poisoning dinoflagellate Gymnodinium catenatum
dino_pre2016,STX_DOC_000335,2004.0,dinoflagellate,dinoflagellate_stx,dinoflagellate,DINO_TAXON,Phylogenetic and functional diversity of the cultivable bacterial community associated with the paralytic shellfish poisoning dinoflagellate Gymnodinium catenatum
dino_pre2016,STX_DOC_000335,2004.0,dinoflagellate,dinoflagellate_stx,dinoflagellates,DINO_TAXON,Phylogenetic and functional diversity of the cultivable bacterial community associated with the paralytic shellfish poisoning dinoflagellate Gymnodinium catenatum
dino_pre2016,STX_DOC_000335,2004.0,dinoflagellate,dinoflagellate_stx,gymnodinium,DINO_TAXON,Phylogenetic and functional diversity of the cultivable bacterial community associated with the paralytic shellfish poisoning dinoflagellate Gymnodinium catenatum
dino_pre2016,STX_DOC_000335,2004.0,dinoflagellate,dinoflagellate_stx,gymnodinium catenatum,DINO_TAXON,Phylogenetic and functional diversity of the cultivable bacterial community associated with the paralytic shellfish poisoning dinoflagellate Gymnodinium catenatum
dino_pre2016,STX_DOC_000335,2004.0,dinoflagellate,dinoflagellate_stx,bloom,ENV_FACTOR,Phylogenetic and functional diversity of the cultivable bacterial community associated with the paralytic shellfish poisoning dinoflagellate Gymnodinium catenatum
dino_pre2016,STX_DOC_000335,2004.0,dinoflagellate,dinoflagellate_stx,phylogenetic,BIOLOGICAL_PROCESS,Phylogenetic and functional diversity of the cultivable bacterial community associated with the paralytic shellfish poisoning dinoflagellate Gymnodinium catenatum
dino_pre2016,STX_DOC_000335,2004.0,dinoflagellate,dinoflagellate_stx,toxicity,BIOLOGICAL_PROCESS,Phylogenetic and functional diversity of the cultivable bacterial community associated with the paralytic shellfish poisoning dinoflagellate Gymnodinium catenatum
dino_pre2016,STX_DOC_000336,2003.0,dinoflagellate,high_confidence_stx_biosynthesis,paralytic shellfish toxins,TOXIN,Effects of salinity and two coastal waters on the growth and toxin content of the dinoflagellate Alexandrium minutum
dino_pre2016,STX_DOC_000336,2003.0,dinoflagellate,high_confidence_stx_biosynthesis,pst,TOXIN,Effects of salinity and two coastal waters on the growth and toxin content of the dinoflagellate Alexandrium minutum
dino_pre2016,STX_DOC_000336,2003.0,dinoflagellate,high_confidence_stx_biosynthesis,dinoflagellate,DINO_TAXON,Effects of salinity and two coastal waters on the growth and toxin content of the dinoflagellate Alexandrium minutum
dino_pre2016,STX_DOC_000336,2003.0,dinoflagellate,high_confidence_stx_biosynthesis,alexandrium,DINO_TAXON,Effects of salinity and two coastal waters on the growth and toxin content of the dinoflagellate Alexandrium minutum
dino_pre2016,STX_DOC_000336,2003.0,dinoflagellate,high_confidence_stx_biosynthesis,alexandrium minutum,DINO_TAXON,Effects of salinity and two coastal waters on the growth and toxin content of the dinoflagellate Alexandrium minutum
dino_pre2016,STX_DOC_000336,2003.0,dinoflagellate,high_confidence_stx_biosynthesis,salinity,ENV_FACTOR,Effects of salinity and two coastal waters on the growth and toxin content of the dinoflagellate Alexandrium minutum
dino_pre2016,STX_DOC_000336,2003.0,dinoflagellate,high_confidence_stx_biosynthesis,nutrient,ENV_FACTOR,Effects of salinity and two coastal waters on the growth and toxin content of the dinoflagellate Alexandrium minutum
dino_pre2016,STX_DOC_000336,2003.0,dinoflagellate,high_confidence_stx_biosynthesis,biosynthesis,BIOLOGICAL_PROCESS,Effects of salinity and two coastal waters on the growth and toxin content of the dinoflagellate Alexandrium minutum
dino_pre2016,STX_DOC_000336,2003.0,dinoflagellate,high_confidence_stx_biosynthesis,toxin biosynthesis,BIOLOGICAL_PROCESS,Effects of salinity and two coastal waters on the growth and toxin content of the dinoflagellate Alexandrium minutum
dino_pre2016,STX_DOC_000338,2003.0,cross_taxa,dinoflagellate_stx,paralytic shellfish toxin,TOXIN,Reevaluation of Production of Paralytic Shellfish Toxin by Bacteria Associated with Dinoflagellates of the Portuguese Coast
dino_pre2016,STX_DOC_000338,2003.0,cross_taxa,dinoflagellate_stx,paralytic shellfish toxins,TOXIN,Reevaluation of Production of Paralytic Shellfish Toxin by Bacteria Associated with Dinoflagellates of the Portuguese Coast
dino_pre2016,STX_DOC_000338,2003.0,cross_taxa,dinoflagellate_stx,pst,TOXIN,Reevaluation of Production of Paralytic Shellfish Toxin by Bacteria Associated with Dinoflagellates of the Portuguese Coast
dino_pre2016,STX_DOC_000338,2003.0,cross_taxa,dinoflagellate_stx,psts,TOXIN,Reevaluation of Production of Paralytic Shellfish Toxin by Bacteria Associated with Dinoflagellates of the Portuguese Coast
dino_pre2016,STX_DOC_000338,2003.0,cross_taxa,dinoflagellate_stx,dinoflagellate,DINO_TAXON,Reevaluation of Production of Paralytic Shellfish Toxin by Bacteria Associated with Dinoflagellates of the Portuguese Coast
dino_pre2016,STX_DOC_000338,2003.0,cross_taxa,dinoflagellate_stx,dinoflagellates,DINO_TAXON,Reevaluation of Production of Paralytic Shellfish Toxin by Bacteria Associated with Dinoflagellates of the Portuguese Coast
dino_pre2016,STX_DOC_000338,2003.0,cross_taxa,dinoflagellate_stx,cyanobacterial,CYANO_TAXON,Reevaluation of Production of Paralytic Shellfish Toxin by Bacteria Associated with Dinoflagellates of the Portuguese Coast
dino_pre2016,STX_DOC_000338,2003.0,cross_taxa,dinoflagellate_stx,toxin production,BIOLOGICAL_PROCESS,Reevaluation of Production of Paralytic Shellfish Toxin by Bacteria Associated with Dinoflagellates of the Portuguese Coast
dino_pre2016,STX_DOC_000340,2001.0,dinoflagellate,dinoflagellate_stx,saxitoxin,TOXIN,Comparison of paralytic shellfish toxin (PST) production by the dinoflagellates Alexandrium lusitanicum NEPCC 253 and Alexandrium tamarense NEPCC 407 in the presence and absence of bacteria
dino_pre2016,STX_DOC_000340,2001.0,dinoflagellate,dinoflagellate_stx,paralytic shellfish toxin,TOXIN,Comparison of paralytic shellfish toxin (PST) production by the dinoflagellates Alexandrium lusitanicum NEPCC 253 and Alexandrium tamarense NEPCC 407 in the presence and absence of bacteria
dino_pre2016,STX_DOC_000340,2001.0,dinoflagellate,dinoflagellate_stx,paralytic shellfish toxins,TOXIN,Comparison of paralytic shellfish toxin (PST) production by the dinoflagellates Alexandrium lusitanicum NEPCC 253 and Alexandrium tamarense NEPCC 407 in the presence and absence of bacteria
dino_pre2016,STX_DOC_000340,2001.0,dinoflagellate,dinoflagellate_stx,pst,TOXIN,Comparison of paralytic shellfish toxin (PST) production by the dinoflagellates Alexandrium lusitanicum NEPCC 253 and Alexandrium tamarense NEPCC 407 in the presence and absence of bacteria
dino_pre2016,STX_DOC_000340,2001.0,dinoflagellate,dinoflagellate_stx,dinoflagellates,DINO_TAXON,Comparison of paralytic shellfish toxin (PST) production by the dinoflagellates Alexandrium lusitanicum NEPCC 253 and Alexandrium tamarense NEPCC 407 in the presence and absence of bacteria
dino_pre2016,STX_DOC_000340,2001.0,dinoflagellate,dinoflagellate_stx,alexandrium,DINO_TAXON,Comparison of paralytic shellfish toxin (PST) production by the dinoflagellates Alexandrium lusitanicum NEPCC 253 and Alexandrium tamarense NEPCC 407 in the presence and absence of bacteria
dino_pre2016,STX_DOC_000340,2001.0,dinoflagellate,dinoflagellate_stx,alexandrium tamarense,DINO_TAXON,Comparison of paralytic shellfish toxin (PST) production by the dinoflagellates Alexandrium lusitanicum NEPCC 253 and Alexandrium tamarense NEPCC 407 in the presence and absence of bacteria
dino_pre2016,STX_DOC_000340,2001.0,dinoflagellate,dinoflagellate_stx,toxin production,BIOLOGICAL_PROCESS,Comparison of paralytic shellfish toxin (PST) production by the dinoflagellates Alexandrium lusitanicum NEPCC 253 and Alexandrium tamarense NEPCC 407 in the presence and absence of bacteria
dino_pre2016,STX_DOC_000341,2001.0,dinoflagellate,dinoflagellate_stx,saxitoxin,TOXIN,Comparison of paralytic shellfish toxin (PST) production by the dinoflagellates Alexandrium lusitanicum NEPCC 253 and Alexandrium tamarense NEPCC 407 in the presence and absence of bacteria
dino_pre2016,STX_DOC_000341,2001.0,dinoflagellate,dinoflagellate_stx,paralytic shellfish toxin,TOXIN,Comparison of paralytic shellfish toxin (PST) production by the dinoflagellates Alexandrium lusitanicum NEPCC 253 and Alexandrium tamarense NEPCC 407 in the presence and absence of bacteria
dino_pre2016,STX_DOC_000341,2001.0,dinoflagellate,dinoflagellate_stx,paralytic shellfish toxins,TOXIN,Comparison of paralytic shellfish toxin (PST) production by the dinoflagellates Alexandrium lusitanicum NEPCC 253 and Alexandrium tamarense NEPCC 407 in the presence and absence of bacteria
dino_pre2016,STX_DOC_000341,2001.0,dinoflagellate,dinoflagellate_stx,pst,TOXIN,Comparison of paralytic shellfish toxin (PST) production by the dinoflagellates Alexandrium lusitanicum NEPCC 253 and Alexandrium tamarense NEPCC 407 in the presence and absence of bacteria
dino_pre2016,STX_DOC_000341,2001.0,dinoflagellate,dinoflagellate_stx,dinoflagellates,DINO_TAXON,Comparison of paralytic shellfish toxin (PST) production by the dinoflagellates Alexandrium lusitanicum NEPCC 253 and Alexandrium tamarense NEPCC 407 in the presence and absence of bacteria
dino_pre2016,STX_DOC_000341,2001.0,dinoflagellate,dinoflagellate_stx,alexandrium,DINO_TAXON,Comparison of paralytic shellfish toxin (PST) production by the dinoflagellates Alexandrium lusitanicum NEPCC 253 and Alexandrium tamarense NEPCC 407 in the presence and absence of bacteria
dino_pre2016,STX_DOC_000341,2001.0,dinoflagellate,dinoflagellate_stx,alexandrium tamarense,DINO_TAXON,Comparison of paralytic shellfish toxin (PST) production by the dinoflagellates Alexandrium lusitanicum NEPCC 253 and Alexandrium tamarense NEPCC 407 in the presence and absence of bacteria
dino_pre2016,STX_DOC_000341,2001.0,dinoflagellate,dinoflagellate_stx,toxin production,BIOLOGICAL_PROCESS,Comparison of paralytic shellfish toxin (PST) production by the dinoflagellates Alexandrium lusitanicum NEPCC 253 and Alexandrium tamarense NEPCC 407 in the presence and absence of bacteria
dino_pre2016,STX_DOC_000343,2001.0,dinoflagellate,dinoflagellate_stx,saxitoxin,TOXIN,Comparison of paralytic shellfish toxin (PST) production by the dinoflagellates Alexandrium lusitanicum NEPCC 253 and Alexandrium tamarense NEPCC 407 in the presence and absence of bacteria.
dino_pre2016,STX_DOC_000343,2001.0,dinoflagellate,dinoflagellate_stx,paralytic shellfish toxin,TOXIN,Comparison of paralytic shellfish toxin (PST) production by the dinoflagellates Alexandrium lusitanicum NEPCC 253 and Alexandrium tamarense NEPCC 407 in the presence and absence of bacteria.
dino_pre2016,STX_DOC_000343,2001.0,dinoflagellate,dinoflagellate_stx,paralytic shellfish toxins,TOXIN,Comparison of paralytic shellfish toxin (PST) production by the dinoflagellates Alexandrium lusitanicum NEPCC 253 and Alexandrium tamarense NEPCC 407 in the presence and absence of bacteria.
dino_pre2016,STX_DOC_000343,2001.0,dinoflagellate,dinoflagellate_stx,pst,TOXIN,Comparison of paralytic shellfish toxin (PST) production by the dinoflagellates Alexandrium lusitanicum NEPCC 253 and Alexandrium tamarense NEPCC 407 in the presence and absence of bacteria.
dino_pre2016,STX_DOC_000343,2001.0,dinoflagellate,dinoflagellate_stx,dinoflagellates,DINO_TAXON,Comparison of paralytic shellfish toxin (PST) production by the dinoflagellates Alexandrium lusitanicum NEPCC 253 and Alexandrium tamarense NEPCC 407 in the presence and absence of bacteria.
dino_pre2016,STX_DOC_000343,2001.0,dinoflagellate,dinoflagellate_stx,alexandrium,DINO_TAXON,Comparison of paralytic shellfish toxin (PST) production by the dinoflagellates Alexandrium lusitanicum NEPCC 253 and Alexandrium tamarense NEPCC 407 in the presence and absence of bacteria.
dino_pre2016,STX_DOC_000343,2001.0,dinoflagellate,dinoflagellate_stx,alexandrium tamarense,DINO_TAXON,Comparison of paralytic shellfish toxin (PST) production by the dinoflagellates Alexandrium lusitanicum NEPCC 253 and Alexandrium tamarense NEPCC 407 in the presence and absence of bacteria.
dino_pre2016,STX_DOC_000343,2001.0,dinoflagellate,dinoflagellate_stx,toxin production,BIOLOGICAL_PROCESS,Comparison of paralytic shellfish toxin (PST) production by the dinoflagellates Alexandrium lusitanicum NEPCC 253 and Alexandrium tamarense NEPCC 407 in the presence and absence of bacteria.
dino_pre2016,STX_DOC_000345,2000.0,dinoflagellate,dinoflagellate_stx,gonyautoxin,TOXIN,"Influence of environmental and nutritional factors on growth, toxicity, and toxin profile of dinoflagellate Alexandrium minutum."
dino_pre2016,STX_DOC_000345,2000.0,dinoflagellate,dinoflagellate_stx,gtx,TOXIN,"Influence of environmental and nutritional factors on growth, toxicity, and toxin profile of dinoflagellate Alexandrium minutum."
dino_pre2016,STX_DOC_000345,2000.0,dinoflagellate,dinoflagellate_stx,dinoflagellate,DINO_TAXON,"Influence of environmental and nutritional factors on growth, toxicity, and toxin profile of dinoflagellate Alexandrium minutum."
dino_pre2016,STX_DOC_000345,2000.0,dinoflagellate,dinoflagellate_stx,alexandrium,DINO_TAXON,"Influence of environmental and nutritional factors on growth, toxicity, and toxin profile of dinoflagellate Alexandrium minutum."
dino_pre2016,STX_DOC_000345,2000.0,dinoflagellate,dinoflagellate_stx,alexandrium minutum,DINO_TAXON,"Influence of environmental and nutritional factors on growth, toxicity, and toxin profile of dinoflagellate Alexandrium minutum."
dino_pre2016,STX_DOC_000345,2000.0,dinoflagellate,dinoflagellate_stx,temperature,ENV_FACTOR,"Influence of environmental and nutritional factors on growth, toxicity, and toxin profile of dinoflagellate Alexandrium minutum."
dino_pre2016,STX_DOC_000345,2000.0,dinoflagellate,dinoflagellate_stx,salinity,ENV_FACTOR,"Influence of environmental and nutritional factors on growth, toxicity, and toxin profile of dinoflagellate Alexandrium minutum."
dino_pre2016,STX_DOC_000345,2000.0,dinoflagellate,dinoflagellate_stx,nitrate,ENV_FACTOR,"Influence of environmental and nutritional factors on growth, toxicity, and toxin profile of dinoflagellate Alexandrium minutum."
dino_pre2016,STX_DOC_000345,2000.0,dinoflagellate,dinoflagellate_stx,phosphate,ENV_FACTOR,"Influence of environmental and nutritional factors on growth, toxicity, and toxin profile of dinoflagellate Alexandrium minutum."
dino_pre2016,STX_DOC_000345,2000.0,dinoflagellate,dinoflagellate_stx,nutrients,ENV_FACTOR,"Influence of environmental and nutritional factors on growth, toxicity, and toxin profile of dinoflagellate Alexandrium minutum."
dino_pre2016,STX_DOC_000345,2000.0,dinoflagellate,dinoflagellate_stx,light,ENV_FACTOR,"Influence of environmental and nutritional factors on growth, toxicity, and toxin profile of dinoflagellate Alexandrium minutum."
dino_pre2016,STX_DOC_000345,2000.0,dinoflagellate,dinoflagellate_stx,toxicity,BIOLOGICAL_PROCESS,"Influence of environmental and nutritional factors on growth, toxicity, and toxin profile of dinoflagellate Alexandrium minutum."
dino_pre2016,STX_DOC_000345,2000.0,dinoflagellate,dinoflagellate_stx,toxin production,BIOLOGICAL_PROCESS,"Influence of environmental and nutritional factors on growth, toxicity, and toxin profile of dinoflagellate Alexandrium minutum."
dino_pre2016,STX_DOC_000347,1996.0,dinoflagellate,dinoflagellate_stx,saxitoxin,TOXIN,The resting cyst and toxicity of Alexandrium ostenfeldii (Dinophyceae) in New Zealand
dino_pre2016,STX_DOC_000347,1996.0,dinoflagellate,dinoflagellate_stx,stx,TOXIN,The resting cyst and toxicity of Alexandrium ostenfeldii (Dinophyceae) in New Zealand
dino_pre2016,STX_DOC_000347,1996.0,dinoflagellate,dinoflagellate_stx,gtx,TOXIN,The resting cyst and toxicity of Alexandrium ostenfeldii (Dinophyceae) in New Zealand
dino_pre2016,STX_DOC_000347,1996.0,dinoflagellate,dinoflagellate_stx,paralytic shellfish poisoning,TOXIN,The resting cyst and toxicity of Alexandrium ostenfeldii (Dinophyceae) in New Zealand
dino_pre2016,STX_DOC_000347,1996.0,dinoflagellate,dinoflagellate_stx,dinoflagellate,DINO_TAXON,The resting cyst and toxicity of Alexandrium ostenfeldii (Dinophyceae) in New Zealand
dino_pre2016,STX_DOC_000347,1996.0,dinoflagellate,dinoflagellate_stx,alexandrium,DINO_TAXON,The resting cyst and toxicity of Alexandrium ostenfeldii (Dinophyceae) in New Zealand
dino_pre2016,STX_DOC_000347,1996.0,dinoflagellate,dinoflagellate_stx,alexandrium ostenfeldii,DINO_TAXON,The resting cyst and toxicity of Alexandrium ostenfeldii (Dinophyceae) in New Zealand
dino_pre2016,STX_DOC_000347,1996.0,dinoflagellate,dinoflagellate_stx,toxicity,BIOLOGICAL_PROCESS,The resting cyst and toxicity of Alexandrium ostenfeldii (Dinophyceae) in New Zealand
dino_pre2016,STX_DOC_000347,1996.0,dinoflagellate,dinoflagellate_stx,hplc,DETECTION_METHOD,The resting cyst and toxicity of Alexandrium ostenfeldii (Dinophyceae) in New Zealand
dino_pre2016,STX_DOC_000348,1996.0,cross_taxa,dinoflagellate_stx,gonyautoxin,TOXIN,Screening of paralytic shellfish toxins in freshwater cyanobacteria and chemical confirmation of the toxins in cultured Anabaena circinalis from Australia
dino_pre2016,STX_DOC_000348,1996.0,cross_taxa,dinoflagellate_stx,paralytic shellfish toxins,TOXIN,Screening of paralytic shellfish toxins in freshwater cyanobacteria and chemical confirmation of the toxins in cultured Anabaena circinalis from Australia
dino_pre2016,STX_DOC_000348,1996.0,cross_taxa,dinoflagellate_stx,dinoflagellate,DINO_TAXON,Screening of paralytic shellfish toxins in freshwater cyanobacteria and chemical confirmation of the toxins in cultured Anabaena circinalis from Australia
dino_pre2016,STX_DOC_000348,1996.0,cross_taxa,dinoflagellate_stx,alexandrium,DINO_TAXON,Screening of paralytic shellfish toxins in freshwater cyanobacteria and chemical confirmation of the toxins in cultured Anabaena circinalis from Australia
dino_pre2016,STX_DOC_000348,1996.0,cross_taxa,dinoflagellate_stx,alexandrium tamarense,DINO_TAXON,Screening of paralytic shellfish toxins in freshwater cyanobacteria and chemical confirmation of the toxins in cultured Anabaena circinalis from Australia
dino_pre2016,STX_DOC_000348,1996.0,cross_taxa,dinoflagellate_stx,cyanobacteria,CYANO_TAXON,Screening of paralytic shellfish toxins in freshwater cyanobacteria and chemical confirmation of the toxins in cultured Anabaena circinalis from Australia
dino_pre2016,STX_DOC_000348,1996.0,cross_taxa,dinoflagellate_stx,cyanobacterial,CYANO_TAXON,Screening of paralytic shellfish toxins in freshwater cyanobacteria and chemical confirmation of the toxins in cultured Anabaena circinalis from Australia
dino_pre2016,STX_DOC_000348,1996.0,cross_taxa,dinoflagellate_stx,anabaena,CYANO_TAXON,Screening of paralytic shellfish toxins in freshwater cyanobacteria and chemical confirmation of the toxins in cultured Anabaena circinalis from Australia
dino_pre2016,STX_DOC_000348,1996.0,cross_taxa,dinoflagellate_stx,hplc,DETECTION_METHOD,Screening of paralytic shellfish toxins in freshwater cyanobacteria and chemical confirmation of the toxins in cultured Anabaena circinalis from Australia
dino_pre2016,STX_DOC_000348,1996.0,cross_taxa,dinoflagellate_stx,mass spectrometry,DETECTION_METHOD,Screening of paralytic shellfish toxins in freshwater cyanobacteria and chemical confirmation of the toxins in cultured Anabaena circinalis from Australia
dino_pre2016,STX_DOC_000350,1992.0,dinoflagellate,dinoflagellate_stx,saxitoxin,TOXIN,"Paralytic Shellfish Toxins in the Mussel Mytilus edulis and Dinoflagellate Alexandrium tamarense from Jinhae Bay, Korea"
dino_pre2016,STX_DOC_000350,1992.0,dinoflagellate,dinoflagellate_stx,neosaxitoxin,TOXIN,"Paralytic Shellfish Toxins in the Mussel Mytilus edulis and Dinoflagellate Alexandrium tamarense from Jinhae Bay, Korea"
dino_pre2016,STX_DOC_000350,1992.0,dinoflagellate,dinoflagellate_stx,gonyautoxin,TOXIN,"Paralytic Shellfish Toxins in the Mussel Mytilus edulis and Dinoflagellate Alexandrium tamarense from Jinhae Bay, Korea"
dino_pre2016,STX_DOC_000350,1992.0,dinoflagellate,dinoflagellate_stx,paralytic shellfish toxins,TOXIN,"Paralytic Shellfish Toxins in the Mussel Mytilus edulis and Dinoflagellate Alexandrium tamarense from Jinhae Bay, Korea"
dino_pre2016,STX_DOC_000350,1992.0,dinoflagellate,dinoflagellate_stx,dinoflagellate,DINO_TAXON,"Paralytic Shellfish Toxins in the Mussel Mytilus edulis and Dinoflagellate Alexandrium tamarense from Jinhae Bay, Korea"
dino_pre2016,STX_DOC_000350,1992.0,dinoflagellate,dinoflagellate_stx,alexandrium,DINO_TAXON,"Paralytic Shellfish Toxins in the Mussel Mytilus edulis and Dinoflagellate Alexandrium tamarense from Jinhae Bay, Korea"
dino_pre2016,STX_DOC_000350,1992.0,dinoflagellate,dinoflagellate_stx,alexandrium tamarense,DINO_TAXON,"Paralytic Shellfish Toxins in the Mussel Mytilus edulis and Dinoflagellate Alexandrium tamarense from Jinhae Bay, Korea"
dino_pre2016,STX_DOC_000350,1992.0,dinoflagellate,dinoflagellate_stx,toxicity,BIOLOGICAL_PROCESS,"Paralytic Shellfish Toxins in the Mussel Mytilus edulis and Dinoflagellate Alexandrium tamarense from Jinhae Bay, Korea"
dino_pre2016,STX_DOC_000350,1992.0,dinoflagellate,dinoflagellate_stx,mouse bioassay,DETECTION_METHOD,"Paralytic Shellfish Toxins in the Mussel Mytilus edulis and Dinoflagellate Alexandrium tamarense from Jinhae Bay, Korea"
dino_pre2016,STX_DOC_000351,1988.0,dinoflagellate,dinoflagellate_stx,paralytic shellfish toxins,TOXIN,Three estuarine Australian dinoflagellates that can produce paralytic shellfish toxins
dino_pre2016,STX_DOC_000351,1988.0,dinoflagellate,dinoflagellate_stx,paralytic shellfish poisoning,TOXIN,Three estuarine Australian dinoflagellates that can produce paralytic shellfish toxins
dino_pre2016,STX_DOC_000351,1988.0,dinoflagellate,dinoflagellate_stx,dinoflagellates,DINO_TAXON,Three estuarine Australian dinoflagellates that can produce paralytic shellfish toxins
dino_pre2016,STX_DOC_000351,1988.0,dinoflagellate,dinoflagellate_stx,alexandrium,DINO_TAXON,Three estuarine Australian dinoflagellates that can produce paralytic shellfish toxins
dino_pre2016,STX_DOC_000351,1988.0,dinoflagellate,dinoflagellate_stx,alexandrium catenella,DINO_TAXON,Three estuarine Australian dinoflagellates that can produce paralytic shellfish toxins
dino_pre2016,STX_DOC_000351,1988.0,dinoflagellate,dinoflagellate_stx,alexandrium minutum,DINO_TAXON,Three estuarine Australian dinoflagellates that can produce paralytic shellfish toxins
dino_pre2016,STX_DOC_000351,1988.0,dinoflagellate,dinoflagellate_stx,gymnodinium,DINO_TAXON,Three estuarine Australian dinoflagellates that can produce paralytic shellfish toxins
dino_pre2016,STX_DOC_000351,1988.0,dinoflagellate,dinoflagellate_stx,gymnodinium catenatum,DINO_TAXON,Three estuarine Australian dinoflagellates that can produce paralytic shellfish toxins
dino_pre2016,STX_DOC_000351,1988.0,dinoflagellate,dinoflagellate_stx,toxin production,BIOLOGICAL_PROCESS,Three estuarine Australian dinoflagellates that can produce paralytic shellfish toxins
dino_pre2016,STX_DOC_000351,1988.0,dinoflagellate,dinoflagellate_stx,hplc,DETECTION_METHOD,Three estuarine Australian dinoflagellates that can produce paralytic shellfish toxins
dino_pre2016,STX_DOC_000352,1987.0,dinoflagellate,dinoflagellate_stx,saxitoxin,TOXIN,Dinoflagellate Gymnodinium catenatum as the source of paralytic shellfish toxins in Tasmanian shellfish.
dino_pre2016,STX_DOC_000352,1987.0,dinoflagellate,dinoflagellate_stx,gonyautoxin,TOXIN,Dinoflagellate Gymnodinium catenatum as the source of paralytic shellfish toxins in Tasmanian shellfish.
dino_pre2016,STX_DOC_000352,1987.0,dinoflagellate,dinoflagellate_stx,paralytic shellfish toxins,TOXIN,Dinoflagellate Gymnodinium catenatum as the source of paralytic shellfish toxins in Tasmanian shellfish.
dino_pre2016,STX_DOC_000352,1987.0,dinoflagellate,dinoflagellate_stx,dinoflagellate,DINO_TAXON,Dinoflagellate Gymnodinium catenatum as the source of paralytic shellfish toxins in Tasmanian shellfish.
dino_pre2016,STX_DOC_000352,1987.0,dinoflagellate,dinoflagellate_stx,gymnodinium,DINO_TAXON,Dinoflagellate Gymnodinium catenatum as the source of paralytic shellfish toxins in Tasmanian shellfish.
dino_pre2016,STX_DOC_000352,1987.0,dinoflagellate,dinoflagellate_stx,gymnodinium catenatum,DINO_TAXON,Dinoflagellate Gymnodinium catenatum as the source of paralytic shellfish toxins in Tasmanian shellfish.
dino_pre2016,STX_DOC_000353,1983.0,dinoflagellate,dinoflagellate_stx,saxitoxin,TOXIN,"The occurrence of paralytic shellfish toxins in two species of xanthid crab from Suva barrier reef, Fiji Islands."
dino_pre2016,STX_DOC_000353,1983.0,dinoflagellate,dinoflagellate_stx,neosaxitoxin,TOXIN,"The occurrence of paralytic shellfish toxins in two species of xanthid crab from Suva barrier reef, Fiji Islands."
dino_pre2016,STX_DOC_000353,1983.0,dinoflagellate,dinoflagellate_stx,gonyautoxin,TOXIN,"The occurrence of paralytic shellfish toxins in two species of xanthid crab from Suva barrier reef, Fiji Islands."
dino_pre2016,STX_DOC_000353,1983.0,dinoflagellate,dinoflagellate_stx,paralytic shellfish toxins,TOXIN,"The occurrence of paralytic shellfish toxins in two species of xanthid crab from Suva barrier reef, Fiji Islands."
dino_pre2016,STX_DOC_000353,1983.0,dinoflagellate,dinoflagellate_stx,dinoflagellate,DINO_TAXON,"The occurrence of paralytic shellfish toxins in two species of xanthid crab from Suva barrier reef, Fiji Islands."
dino_pre2016,STX_DOC_000353,1983.0,dinoflagellate,dinoflagellate_stx,pyrodinium,DINO_TAXON,"The occurrence of paralytic shellfish toxins in two species of xanthid crab from Suva barrier reef, Fiji Islands."
dino_pre2016,STX_DOC_000353,1983.0,dinoflagellate,dinoflagellate_stx,pyrodinium bahamense,DINO_TAXON,"The occurrence of paralytic shellfish toxins in two species of xanthid crab from Suva barrier reef, Fiji Islands."
dino_pre2016,STX_DOC_000375,2015.0,dinoflagellate,dinoflagellate_stx,saxitoxin,TOXIN,A study of paralytic toxins in cultured mussels from Bulgarian Black Sea
dino_pre2016,STX_DOC_000375,2015.0,dinoflagellate,dinoflagellate_stx,stx,TOXIN,A study of paralytic toxins in cultured mussels from Bulgarian Black Sea
dino_pre2016,STX_DOC_000375,2015.0,dinoflagellate,dinoflagellate_stx,paralytic shellfish poisoning,TOXIN,A study of paralytic toxins in cultured mussels from Bulgarian Black Sea
dino_pre2016,STX_DOC_000375,2015.0,dinoflagellate,dinoflagellate_stx,dinoflagellates,DINO_TAXON,A study of paralytic toxins in cultured mussels from Bulgarian Black Sea
dino_pre2016,STX_DOC_000375,2015.0,dinoflagellate,dinoflagellate_stx,alexandrium,DINO_TAXON,A study of paralytic toxins in cultured mussels from Bulgarian Black Sea
dino_pre2016,STX_DOC_000375,2015.0,dinoflagellate,dinoflagellate_stx,alexandrium ostenfeldii,DINO_TAXON,A study of paralytic toxins in cultured mussels from Bulgarian Black Sea
dino_pre2016,STX_DOC_000375,2015.0,dinoflagellate,dinoflagellate_stx,gymnodinium,DINO_TAXON,A study of paralytic toxins in cultured mussels from Bulgarian Black Sea
dino_pre2016,STX_DOC_000375,2015.0,dinoflagellate,dinoflagellate_stx,toxicity,BIOLOGICAL_PROCESS,A study of paralytic toxins in cultured mussels from Bulgarian Black Sea
dino_pre2016,STX_DOC_000375,2015.0,dinoflagellate,dinoflagellate_stx,hplc,DETECTION_METHOD,A study of paralytic toxins in cultured mussels from Bulgarian Black Sea
dino_pre2016,STX_DOC_000376,2014.0,dinoflagellate,dinoflagellate_stx,stx,TOXIN,Bacterial Community Affects Toxin Production by Gymnodinium catenatum
dino_pre2016,STX_DOC_000376,2014.0,dinoflagellate,dinoflagellate_stx,paralytic shellfish toxin,TOXIN,Bacterial Community Affects Toxin Production by Gymnodinium catenatum
dino_pre2016,STX_DOC_000376,2014.0,dinoflagellate,dinoflagellate_stx,pst,TOXIN,Bacterial Community Affects Toxin Production by Gymnodinium catenatum
dino_pre2016,STX_DOC_000376,2014.0,dinoflagellate,dinoflagellate_stx,dinoflagellate,DINO_TAXON,Bacterial Community Affects Toxin Production by Gymnodinium catenatum
dino_pre2016,STX_DOC_000376,2014.0,dinoflagellate,dinoflagellate_stx,dinoflagellates,DINO_TAXON,Bacterial Community Affects Toxin Production by Gymnodinium catenatum
dino_pre2016,STX_DOC_000376,2014.0,dinoflagellate,dinoflagellate_stx,gymnodinium,DINO_TAXON,Bacterial Community Affects Toxin Production by Gymnodinium catenatum
dino_pre2016,STX_DOC_000376,2014.0,dinoflagellate,dinoflagellate_stx,gymnodinium catenatum,DINO_TAXON,Bacterial Community Affects Toxin Production by Gymnodinium catenatum
dino_pre2016,STX_DOC_000376,2014.0,dinoflagellate,dinoflagellate_stx,toxin production,BIOLOGICAL_PROCESS,Bacterial Community Affects Toxin Production by Gymnodinium catenatum
dino_pre2016,STX_DOC_000379,2013.0,cross_taxa,high_confidence_stx_biosynthesis,saxitoxin,TOXIN,Evolution and distribution of saxitoxin biosynthesis in dinoflagellates.
dino_pre2016,STX_DOC_000379,2013.0,cross_taxa,high_confidence_stx_biosynthesis,paralytic shellfish poisoning,TOXIN,Evolution and distribution of saxitoxin biosynthesis in dinoflagellates.
dino_pre2016,STX_DOC_000379,2013.0,cross_taxa,high_confidence_stx_biosynthesis,dinoflagellates,DINO_TAXON,Evolution and distribution of saxitoxin biosynthesis in dinoflagellates.
dino_pre2016,STX_DOC_000379,2013.0,cross_taxa,high_confidence_stx_biosynthesis,cyanobacteria,CYANO_TAXON,Evolution and distribution of saxitoxin biosynthesis in dinoflagellates.
dino_pre2016,STX_DOC_000379,2013.0,cross_taxa,high_confidence_stx_biosynthesis,cyanobacterial,CYANO_TAXON,Evolution and distribution of saxitoxin biosynthesis in dinoflagellates.
dino_pre2016,STX_DOC_000379,2013.0,cross_taxa,high_confidence_stx_biosynthesis,biosynthesis,BIOLOGICAL_PROCESS,Evolution and distribution of saxitoxin biosynthesis in dinoflagellates.
dino_pre2016,STX_DOC_000379,2013.0,cross_taxa,high_confidence_stx_biosynthesis,saxitoxin biosynthesis,BIOLOGICAL_PROCESS,Evolution and distribution of saxitoxin biosynthesis in dinoflagellates.
dino_pre2016,STX_DOC_000379,2013.0,cross_taxa,high_confidence_stx_biosynthesis,evolution,BIOLOGICAL_PROCESS,Evolution and distribution of saxitoxin biosynthesis in dinoflagellates.
dino_pre2016,STX_DOC_000379,2013.0,cross_taxa,high_confidence_stx_biosynthesis,horizontal gene transfer,BIOLOGICAL_PROCESS,Evolution and distribution of saxitoxin biosynthesis in dinoflagellates.
dino_pre2016,STX_DOC_000380,2013.0,dinoflagellate,high_confidence_stx_biosynthesis,saxitoxin,TOXIN,"Distribution, variation, and phylogeny of saxitoxin biosynthesis genes in the dinoflagellate genus Gymnodium"
dino_pre2016,STX_DOC_000380,2013.0,dinoflagellate,high_confidence_stx_biosynthesis,saxitoxin biosynthesis genes,SXT_GENE,"Distribution, variation, and phylogeny of saxitoxin biosynthesis genes in the dinoflagellate genus Gymnodium"
dino_pre2016,STX_DOC_000380,2013.0,dinoflagellate,high_confidence_stx_biosynthesis,dinoflagellate,DINO_TAXON,"Distribution, variation, and phylogeny of saxitoxin biosynthesis genes in the dinoflagellate genus Gymnodium"
dino_pre2016,STX_DOC_000380,2013.0,dinoflagellate,high_confidence_stx_biosynthesis,alexandrium,DINO_TAXON,"Distribution, variation, and phylogeny of saxitoxin biosynthesis genes in the dinoflagellate genus Gymnodium"
dino_pre2016,STX_DOC_000380,2013.0,dinoflagellate,high_confidence_stx_biosynthesis,gymnodinium,DINO_TAXON,"Distribution, variation, and phylogeny of saxitoxin biosynthesis genes in the dinoflagellate genus Gymnodium"
dino_pre2016,STX_DOC_000380,2013.0,dinoflagellate,high_confidence_stx_biosynthesis,gymnodinium catenatum,DINO_TAXON,"Distribution, variation, and phylogeny of saxitoxin biosynthesis genes in the dinoflagellate genus Gymnodium"
dino_pre2016,STX_DOC_000380,2013.0,dinoflagellate,high_confidence_stx_biosynthesis,pyrodinium,DINO_TAXON,"Distribution, variation, and phylogeny of saxitoxin biosynthesis genes in the dinoflagellate genus Gymnodium"
dino_pre2016,STX_DOC_000380,2013.0,dinoflagellate,high_confidence_stx_biosynthesis,biosynthesis,BIOLOGICAL_PROCESS,"Distribution, variation, and phylogeny of saxitoxin biosynthesis genes in the dinoflagellate genus Gymnodium"
dino_pre2016,STX_DOC_000380,2013.0,dinoflagellate,high_confidence_stx_biosynthesis,saxitoxin biosynthesis,BIOLOGICAL_PROCESS,"Distribution, variation, and phylogeny of saxitoxin biosynthesis genes in the dinoflagellate genus Gymnodium"
dino_pre2016,STX_DOC_000380,2013.0,dinoflagellate,high_confidence_stx_biosynthesis,phylogeny,BIOLOGICAL_PROCESS,"Distribution, variation, and phylogeny of saxitoxin biosynthesis genes in the dinoflagellate genus Gymnodium"
dino_pre2016,STX_DOC_000381,2012.0,dinoflagellate,high_confidence_stx_biosynthesis,saxitoxin,TOXIN,When naked became armored: an eight-gene phylogeny reveals monophyletic origin of theca in dinoflagellates.
dino_pre2016,STX_DOC_000381,2012.0,dinoflagellate,high_confidence_stx_biosynthesis,sxta,SXT_GENE,When naked became armored: an eight-gene phylogeny reveals monophyletic origin of theca in dinoflagellates.
dino_pre2016,STX_DOC_000381,2012.0,dinoflagellate,high_confidence_stx_biosynthesis,dinoflagellate,DINO_TAXON,When naked became armored: an eight-gene phylogeny reveals monophyletic origin of theca in dinoflagellates.
dino_pre2016,STX_DOC_000381,2012.0,dinoflagellate,high_confidence_stx_biosynthesis,dinoflagellates,DINO_TAXON,When naked became armored: an eight-gene phylogeny reveals monophyletic origin of theca in dinoflagellates.
dino_pre2016,STX_DOC_000381,2012.0,dinoflagellate,high_confidence_stx_biosynthesis,alexandrium,DINO_TAXON,When naked became armored: an eight-gene phylogeny reveals monophyletic origin of theca in dinoflagellates.
dino_pre2016,STX_DOC_000381,2012.0,dinoflagellate,high_confidence_stx_biosynthesis,gymnodinium,DINO_TAXON,When naked became armored: an eight-gene phylogeny reveals monophyletic origin of theca in dinoflagellates.
dino_pre2016,STX_DOC_000381,2012.0,dinoflagellate,high_confidence_stx_biosynthesis,pyrodinium,DINO_TAXON,When naked became armored: an eight-gene phylogeny reveals monophyletic origin of theca in dinoflagellates.
dino_pre2016,STX_DOC_000381,2012.0,dinoflagellate,high_confidence_stx_biosynthesis,evolution,BIOLOGICAL_PROCESS,When naked became armored: an eight-gene phylogeny reveals monophyletic origin of theca in dinoflagellates.
dino_pre2016,STX_DOC_000381,2012.0,dinoflagellate,high_confidence_stx_biosynthesis,phylogeny,BIOLOGICAL_PROCESS,When naked became armored: an eight-gene phylogeny reveals monophyletic origin of theca in dinoflagellates.
dino_pre2016,STX_DOC_000381,2012.0,dinoflagellate,high_confidence_stx_biosynthesis,phylogenetic,BIOLOGICAL_PROCESS,When naked became armored: an eight-gene phylogeny reveals monophyletic origin of theca in dinoflagellates.
dino_pre2016,STX_DOC_000381,2012.0,dinoflagellate,high_confidence_stx_biosynthesis,toxin production,BIOLOGICAL_PROCESS,When naked became armored: an eight-gene phylogeny reveals monophyletic origin of theca in dinoflagellates.
dino_pre2016,STX_DOC_000385,2010.0,cross_taxa,dinoflagellate_stx,paralytic shellfish poisoning,TOXIN,Comparative gene expression in toxic versus non-toxic strains of the marine dinoflagellate Alexandrium minutum
dino_pre2016,STX_DOC_000385,2010.0,cross_taxa,dinoflagellate_stx,dinoflagellate,DINO_TAXON,Comparative gene expression in toxic versus non-toxic strains of the marine dinoflagellate Alexandrium minutum
dino_pre2016,STX_DOC_000385,2010.0,cross_taxa,dinoflagellate_stx,dinoflagellates,DINO_TAXON,Comparative gene expression in toxic versus non-toxic strains of the marine dinoflagellate Alexandrium minutum
dino_pre2016,STX_DOC_000385,2010.0,cross_taxa,dinoflagellate_stx,alexandrium,DINO_TAXON,Comparative gene expression in toxic versus non-toxic strains of the marine dinoflagellate Alexandrium minutum
dino_pre2016,STX_DOC_000385,2010.0,cross_taxa,dinoflagellate_stx,alexandrium minutum,DINO_TAXON,Comparative gene expression in toxic versus non-toxic strains of the marine dinoflagellate Alexandrium minutum
dino_pre2016,STX_DOC_000385,2010.0,cross_taxa,dinoflagellate_stx,alexandrium tamarense,DINO_TAXON,Comparative gene expression in toxic versus non-toxic strains of the marine dinoflagellate Alexandrium minutum
dino_pre2016,STX_DOC_000385,2010.0,cross_taxa,dinoflagellate_stx,cyanobacteria,CYANO_TAXON,Comparative gene expression in toxic versus non-toxic strains of the marine dinoflagellate Alexandrium minutum
dino_pre2016,STX_DOC_000385,2010.0,cross_taxa,dinoflagellate_stx,cyanobacterial,CYANO_TAXON,Comparative gene expression in toxic versus non-toxic strains of the marine dinoflagellate Alexandrium minutum
dino_pre2016,STX_DOC_000385,2010.0,cross_taxa,dinoflagellate_stx,regulation,BIOLOGICAL_PROCESS,Comparative gene expression in toxic versus non-toxic strains of the marine dinoflagellate Alexandrium minutum
dino_pre2016,STX_DOC_000385,2010.0,cross_taxa,dinoflagellate_stx,expression,BIOLOGICAL_PROCESS,Comparative gene expression in toxic versus non-toxic strains of the marine dinoflagellate Alexandrium minutum
dino_pre2016,STX_DOC_000385,2010.0,cross_taxa,dinoflagellate_stx,gene expression,BIOLOGICAL_PROCESS,Comparative gene expression in toxic versus non-toxic strains of the marine dinoflagellate Alexandrium minutum
dino_pre2016,STX_DOC_000385,2010.0,cross_taxa,dinoflagellate_stx,toxin production,BIOLOGICAL_PROCESS,Comparative gene expression in toxic versus non-toxic strains of the marine dinoflagellate Alexandrium minutum
dino_pre2016,STX_DOC_000390,2002.0,dinoflagellate,dinoflagellate_stx,saxitoxin,TOXIN,A fast fluorimetric assay (FFA) for the detection of saxitoxin in natural phytoplankton samples
dino_pre2016,STX_DOC_000390,2002.0,dinoflagellate,dinoflagellate_stx,stx,TOXIN,A fast fluorimetric assay (FFA) for the detection of saxitoxin in natural phytoplankton samples
dino_pre2016,STX_DOC_000390,2002.0,dinoflagellate,dinoflagellate_stx,paralytic shellfish poisoning,TOXIN,A fast fluorimetric assay (FFA) for the detection of saxitoxin in natural phytoplankton samples
dino_pre2016,STX_DOC_000390,2002.0,dinoflagellate,dinoflagellate_stx,alexandrium,DINO_TAXON,A fast fluorimetric assay (FFA) for the detection of saxitoxin in natural phytoplankton samples
dino_pre2016,STX_DOC_000390,2002.0,dinoflagellate,dinoflagellate_stx,hplc,DETECTION_METHOD,A fast fluorimetric assay (FFA) for the detection of saxitoxin in natural phytoplankton samples
dino_pre2016,STX_DOC_000391,2001.0,dinoflagellate,dinoflagellate_stx,saxitoxin,TOXIN,Effect of fluid shear and irradiance on population growth and cellular toxin content of the <i>dinoflagellate Alexandrium fundyense</i>
dino_pre2016,STX_DOC_000391,2001.0,dinoflagellate,dinoflagellate_stx,paralytic shellfish poisoning,TOXIN,Effect of fluid shear and irradiance on population growth and cellular toxin content of the <i>dinoflagellate Alexandrium fundyense</i>
dino_pre2016,STX_DOC_000391,2001.0,dinoflagellate,dinoflagellate_stx,dinoflagellate,DINO_TAXON,Effect of fluid shear and irradiance on population growth and cellular toxin content of the <i>dinoflagellate Alexandrium fundyense</i>
dino_pre2016,STX_DOC_000391,2001.0,dinoflagellate,dinoflagellate_stx,dinoflagellates,DINO_TAXON,Effect of fluid shear and irradiance on population growth and cellular toxin content of the <i>dinoflagellate Alexandrium fundyense</i>
dino_pre2016,STX_DOC_000391,2001.0,dinoflagellate,dinoflagellate_stx,alexandrium,DINO_TAXON,Effect of fluid shear and irradiance on population growth and cellular toxin content of the <i>dinoflagellate Alexandrium fundyense</i>
dino_pre2016,STX_DOC_000391,2001.0,dinoflagellate,dinoflagellate_stx,alexandrium fundyense,DINO_TAXON,Effect of fluid shear and irradiance on population growth and cellular toxin content of the <i>dinoflagellate Alexandrium fundyense</i>
dino_pre2016,STX_DOC_000391,2001.0,dinoflagellate,dinoflagellate_stx,irradiance,ENV_FACTOR,Effect of fluid shear and irradiance on population growth and cellular toxin content of the <i>dinoflagellate Alexandrium fundyense</i>
dino_pre2016,STX_DOC_000392,1990.0,dinoflagellate,dinoflagellate_stx,saxitoxin,TOXIN,A toxin profile for shellfish involved in an outbreak of paralytic shellfish poisoning in India.
dino_pre2016,STX_DOC_000392,1990.0,dinoflagellate,dinoflagellate_stx,neosaxitoxin,TOXIN,A toxin profile for shellfish involved in an outbreak of paralytic shellfish poisoning in India.
dino_pre2016,STX_DOC_000392,1990.0,dinoflagellate,dinoflagellate_stx,paralytic shellfish poisoning,TOXIN,A toxin profile for shellfish involved in an outbreak of paralytic shellfish poisoning in India.
dino_pre2016,STX_DOC_000392,1990.0,dinoflagellate,dinoflagellate_stx,alexandrium,DINO_TAXON,A toxin profile for shellfish involved in an outbreak of paralytic shellfish poisoning in India.
dino_pre2016,STX_DOC_000393,1989.0,dinoflagellate,dinoflagellate_stx,saxitoxin,TOXIN,Paralytic shellfish poisoning in northwest Spain: the toxicity of the dinoflagellate Gymnodinium catenatum.
dino_pre2016,STX_DOC_000393,1989.0,dinoflagellate,dinoflagellate_stx,gtx,TOXIN,Paralytic shellfish poisoning in northwest Spain: the toxicity of the dinoflagellate Gymnodinium catenatum.
dino_pre2016,STX_DOC_000393,1989.0,dinoflagellate,dinoflagellate_stx,paralytic shellfish poisoning,TOXIN,Paralytic shellfish poisoning in northwest Spain: the toxicity of the dinoflagellate Gymnodinium catenatum.
dino_pre2016,STX_DOC_000393,1989.0,dinoflagellate,dinoflagellate_stx,dinoflagellate,DINO_TAXON,Paralytic shellfish poisoning in northwest Spain: the toxicity of the dinoflagellate Gymnodinium catenatum.
dino_pre2016,STX_DOC_000393,1989.0,dinoflagellate,dinoflagellate_stx,dinoflagellates,DINO_TAXON,Paralytic shellfish poisoning in northwest Spain: the toxicity of the dinoflagellate Gymnodinium catenatum.
dino_pre2016,STX_DOC_000393,1989.0,dinoflagellate,dinoflagellate_stx,gymnodinium,DINO_TAXON,Paralytic shellfish poisoning in northwest Spain: the toxicity of the dinoflagellate Gymnodinium catenatum.
dino_pre2016,STX_DOC_000393,1989.0,dinoflagellate,dinoflagellate_stx,gymnodinium catenatum,DINO_TAXON,Paralytic shellfish poisoning in northwest Spain: the toxicity of the dinoflagellate Gymnodinium catenatum.
dino_pre2016,STX_DOC_000393,1989.0,dinoflagellate,dinoflagellate_stx,toxicity,BIOLOGICAL_PROCESS,Paralytic shellfish poisoning in northwest Spain: the toxicity of the dinoflagellate Gymnodinium catenatum.
dino_pre2016,STX_DOC_000393,1989.0,dinoflagellate,dinoflagellate_stx,hplc,DETECTION_METHOD,Paralytic shellfish poisoning in northwest Spain: the toxicity of the dinoflagellate Gymnodinium catenatum.
dino_pre2016,STX_DOC_000394,1984.0,dinoflagellate,dinoflagellate_stx,saxitoxin,TOXIN,Paralytic Shellfish Toxins in Tropical Waters
dino_pre2016,STX_DOC_000394,1984.0,dinoflagellate,dinoflagellate_stx,neosaxitoxin,TOXIN,Paralytic Shellfish Toxins in Tropical Waters
dino_pre2016,STX_DOC_000394,1984.0,dinoflagellate,dinoflagellate_stx,paralytic shellfish toxins,TOXIN,Paralytic Shellfish Toxins in Tropical Waters
dino_pre2016,STX_DOC_000394,1984.0,dinoflagellate,dinoflagellate_stx,dinoflagellate,DINO_TAXON,Paralytic Shellfish Toxins in Tropical Waters
dino_pre2016,STX_DOC_000395,1979.0,dinoflagellate,dinoflagellate_stx,saxitoxin,TOXIN,"Paralytic Shellfish Toxins in the Sea Scallop, <i>Placopecten magellanicus</i>, in the Bay of Fundy"
dino_pre2016,STX_DOC_000395,1979.0,dinoflagellate,dinoflagellate_stx,neosaxitoxin,TOXIN,"Paralytic Shellfish Toxins in the Sea Scallop, <i>Placopecten magellanicus</i>, in the Bay of Fundy"
dino_pre2016,STX_DOC_000395,1979.0,dinoflagellate,dinoflagellate_stx,gonyautoxin,TOXIN,"Paralytic Shellfish Toxins in the Sea Scallop, <i>Placopecten magellanicus</i>, in the Bay of Fundy"
dino_pre2016,STX_DOC_000395,1979.0,dinoflagellate,dinoflagellate_stx,paralytic shellfish toxins,TOXIN,"Paralytic Shellfish Toxins in the Sea Scallop, <i>Placopecten magellanicus</i>, in the Bay of Fundy"
dino_pre2016,STX_DOC_000395,1979.0,dinoflagellate,dinoflagellate_stx,dinoflagellate,DINO_TAXON,"Paralytic Shellfish Toxins in the Sea Scallop, <i>Placopecten magellanicus</i>, in the Bay of Fundy"
dino_pre2016,STX_DOC_000395,1979.0,dinoflagellate,dinoflagellate_stx,toxicity,BIOLOGICAL_PROCESS,"Paralytic Shellfish Toxins in the Sea Scallop, <i>Placopecten magellanicus</i>, in the Bay of Fundy"
dino_pre2016,STX_DOC_000428,2014.0,dinoflagellate,dinoflagellate_stx,paralytic shellfish toxin,TOXIN,Estimating the contribution of N-sulfocarbamoyl paralytic shellfish toxin analogs GTX6 and C3+4 to the toxicity of mussels (Mytilus galloprovincialis) over a bloom of Gymnodinium catenatum.
dino_pre2016,STX_DOC_000428,2014.0,dinoflagellate,dinoflagellate_stx,paralytic shellfish poisoning,TOXIN,Estimating the contribution of N-sulfocarbamoyl paralytic shellfish toxin analogs GTX6 and C3+4 to the toxicity of mussels (Mytilus galloprovincialis) over a bloom of Gymnodinium catenatum.
dino_pre2016,STX_DOC_000428,2014.0,dinoflagellate,dinoflagellate_stx,dinoflagellate,DINO_TAXON,Estimating the contribution of N-sulfocarbamoyl paralytic shellfish toxin analogs GTX6 and C3+4 to the toxicity of mussels (Mytilus galloprovincialis) over a bloom of Gymnodinium catenatum.
dino_pre2016,STX_DOC_000428,2014.0,dinoflagellate,dinoflagellate_stx,gymnodinium,DINO_TAXON,Estimating the contribution of N-sulfocarbamoyl paralytic shellfish toxin analogs GTX6 and C3+4 to the toxicity of mussels (Mytilus galloprovincialis) over a bloom of Gymnodinium catenatum.
dino_pre2016,STX_DOC_000428,2014.0,dinoflagellate,dinoflagellate_stx,gymnodinium catenatum,DINO_TAXON,Estimating the contribution of N-sulfocarbamoyl paralytic shellfish toxin analogs GTX6 and C3+4 to the toxicity of mussels (Mytilus galloprovincialis) over a bloom of Gymnodinium catenatum.
dino_pre2016,STX_DOC_000428,2014.0,dinoflagellate,dinoflagellate_stx,bloom,ENV_FACTOR,Estimating the contribution of N-sulfocarbamoyl paralytic shellfish toxin analogs GTX6 and C3+4 to the toxicity of mussels (Mytilus galloprovincialis) over a bloom of Gymnodinium catenatum.
dino_pre2016,STX_DOC_000428,2014.0,dinoflagellate,dinoflagellate_stx,toxicity,BIOLOGICAL_PROCESS,Estimating the contribution of N-sulfocarbamoyl paralytic shellfish toxin analogs GTX6 and C3+4 to the toxicity of mussels (Mytilus galloprovincialis) over a bloom of Gymnodinium catenatum.
dino_pre2016,STX_DOC_000429,2014.0,dinoflagellate,dinoflagellate_stx,neosaxitoxin,TOXIN,Molecular phylogeny and PSP toxin profile of the Alexandrium tamarense species complex along the coast of China.
dino_pre2016,STX_DOC_000429,2014.0,dinoflagellate,dinoflagellate_stx,paralytic shellfish poisoning,TOXIN,Molecular phylogeny and PSP toxin profile of the Alexandrium tamarense species complex along the coast of China.
dino_pre2016,STX_DOC_000429,2014.0,dinoflagellate,dinoflagellate_stx,alexandrium,DINO_TAXON,Molecular phylogeny and PSP toxin profile of the Alexandrium tamarense species complex along the coast of China.
dino_pre2016,STX_DOC_000429,2014.0,dinoflagellate,dinoflagellate_stx,alexandrium tamarense,DINO_TAXON,Molecular phylogeny and PSP toxin profile of the Alexandrium tamarense species complex along the coast of China.
dino_pre2016,STX_DOC_000429,2014.0,dinoflagellate,dinoflagellate_stx,phylogeny,BIOLOGICAL_PROCESS,Molecular phylogeny and PSP toxin profile of the Alexandrium tamarense species complex along the coast of China.
dino_pre2016,STX_DOC_000429,2014.0,dinoflagellate,dinoflagellate_stx,hplc,DETECTION_METHOD,Molecular phylogeny and PSP toxin profile of the Alexandrium tamarense species complex along the coast of China.
dino_pre2016,STX_DOC_000430,2014.0,dinoflagellate,high_confidence_stx_biosynthesis,saxitoxin,TOXIN,Formal revision of the Alexandrium tamarense species complex (Dinophyceae) taxonomy: the introduction of five species with emphasis on molecular-based (rDNA) classification.
dino_pre2016,STX_DOC_000430,2014.0,dinoflagellate,high_confidence_stx_biosynthesis,paralytic shellfish poisoning,TOXIN,Formal revision of the Alexandrium tamarense species complex (Dinophyceae) taxonomy: the introduction of five species with emphasis on molecular-based (rDNA) classification.
dino_pre2016,STX_DOC_000430,2014.0,dinoflagellate,high_confidence_stx_biosynthesis,sxta,SXT_GENE,Formal revision of the Alexandrium tamarense species complex (Dinophyceae) taxonomy: the introduction of five species with emphasis on molecular-based (rDNA) classification.
dino_pre2016,STX_DOC_000430,2014.0,dinoflagellate,high_confidence_stx_biosynthesis,dinoflagellate,DINO_TAXON,Formal revision of the Alexandrium tamarense species complex (Dinophyceae) taxonomy: the introduction of five species with emphasis on molecular-based (rDNA) classification.
dino_pre2016,STX_DOC_000430,2014.0,dinoflagellate,high_confidence_stx_biosynthesis,alexandrium,DINO_TAXON,Formal revision of the Alexandrium tamarense species complex (Dinophyceae) taxonomy: the introduction of five species with emphasis on molecular-based (rDNA) classification.
dino_pre2016,STX_DOC_000430,2014.0,dinoflagellate,high_confidence_stx_biosynthesis,alexandrium tamarense,DINO_TAXON,Formal revision of the Alexandrium tamarense species complex (Dinophyceae) taxonomy: the introduction of five species with emphasis on molecular-based (rDNA) classification.
dino_pre2016,STX_DOC_000430,2014.0,dinoflagellate,high_confidence_stx_biosynthesis,toxicity,BIOLOGICAL_PROCESS,Formal revision of the Alexandrium tamarense species complex (Dinophyceae) taxonomy: the introduction of five species with emphasis on molecular-based (rDNA) classification.
dino_pre2016,STX_DOC_000431,2014.0,cross_taxa,dinoflagellate_stx,saxitoxin,TOXIN,Synthesis and identification of proposed biosynthetic intermediates of saxitoxin in the cyanobacterium Anabaena circinalis (TA04) and the dinoflagellate Alexandrium tamarense (Axat-2).
dino_pre2016,STX_DOC_000431,2014.0,cross_taxa,dinoflagellate_stx,stx,TOXIN,Synthesis and identification of proposed biosynthetic intermediates of saxitoxin in the cyanobacterium Anabaena circinalis (TA04) and the dinoflagellate Alexandrium tamarense (Axat-2).
dino_pre2016,STX_DOC_000431,2014.0,cross_taxa,dinoflagellate_stx,dinoflagellate,DINO_TAXON,Synthesis and identification of proposed biosynthetic intermediates of saxitoxin in the cyanobacterium Anabaena circinalis (TA04) and the dinoflagellate Alexandrium tamarense (Axat-2).
dino_pre2016,STX_DOC_000431,2014.0,cross_taxa,dinoflagellate_stx,alexandrium,DINO_TAXON,Synthesis and identification of proposed biosynthetic intermediates of saxitoxin in the cyanobacterium Anabaena circinalis (TA04) and the dinoflagellate Alexandrium tamarense (Axat-2).
dino_pre2016,STX_DOC_000431,2014.0,cross_taxa,dinoflagellate_stx,alexandrium tamarense,DINO_TAXON,Synthesis and identification of proposed biosynthetic intermediates of saxitoxin in the cyanobacterium Anabaena circinalis (TA04) and the dinoflagellate Alexandrium tamarense (Axat-2).
dino_pre2016,STX_DOC_000431,2014.0,cross_taxa,dinoflagellate_stx,cyanobacterium,CYANO_TAXON,Synthesis and identification of proposed biosynthetic intermediates of saxitoxin in the cyanobacterium Anabaena circinalis (TA04) and the dinoflagellate Alexandrium tamarense (Axat-2).
dino_pre2016,STX_DOC_000431,2014.0,cross_taxa,dinoflagellate_stx,anabaena,CYANO_TAXON,Synthesis and identification of proposed biosynthetic intermediates of saxitoxin in the cyanobacterium Anabaena circinalis (TA04) and the dinoflagellate Alexandrium tamarense (Axat-2).
dino_pre2016,STX_DOC_000433,2010.0,dinoflagellate,dinoflagellate_stx,gonyautoxin,TOXIN,"[Toxicity and toxin profile of the dinoflagellate Alexandrium tamiyavanichii and toxic mussels in Harima-Nada of Seto Inland Sea, Japan]."
dino_pre2016,STX_DOC_000433,2010.0,dinoflagellate,dinoflagellate_stx,gtx,TOXIN,"[Toxicity and toxin profile of the dinoflagellate Alexandrium tamiyavanichii and toxic mussels in Harima-Nada of Seto Inland Sea, Japan]."
dino_pre2016,STX_DOC_000433,2010.0,dinoflagellate,dinoflagellate_stx,dinoflagellate,DINO_TAXON,"[Toxicity and toxin profile of the dinoflagellate Alexandrium tamiyavanichii and toxic mussels in Harima-Nada of Seto Inland Sea, Japan]."
dino_pre2016,STX_DOC_000433,2010.0,dinoflagellate,dinoflagellate_stx,alexandrium,DINO_TAXON,"[Toxicity and toxin profile of the dinoflagellate Alexandrium tamiyavanichii and toxic mussels in Harima-Nada of Seto Inland Sea, Japan]."
dino_pre2016,STX_DOC_000433,2010.0,dinoflagellate,dinoflagellate_stx,alexandrium tamiyavanichii,DINO_TAXON,"[Toxicity and toxin profile of the dinoflagellate Alexandrium tamiyavanichii and toxic mussels in Harima-Nada of Seto Inland Sea, Japan]."
dino_pre2016,STX_DOC_000433,2010.0,dinoflagellate,dinoflagellate_stx,toxicity,BIOLOGICAL_PROCESS,"[Toxicity and toxin profile of the dinoflagellate Alexandrium tamiyavanichii and toxic mussels in Harima-Nada of Seto Inland Sea, Japan]."
dino_pre2016,STX_DOC_000434,2009.0,dinoflagellate,dinoflagellate_stx,saxitoxin,TOXIN,Marine biotoxins in shellfish – Saxitoxin group
dino_pre2016,STX_DOC_000434,2009.0,dinoflagellate,dinoflagellate_stx,stx,TOXIN,Marine biotoxins in shellfish – Saxitoxin group
dino_pre2016,STX_DOC_000434,2009.0,dinoflagellate,dinoflagellate_stx,paralytic shellfish poisoning,TOXIN,Marine biotoxins in shellfish – Saxitoxin group
dino_pre2016,STX_DOC_000434,2009.0,dinoflagellate,dinoflagellate_stx,dinoflagellates,DINO_TAXON,Marine biotoxins in shellfish – Saxitoxin group
dino_pre2016,STX_DOC_000434,2009.0,dinoflagellate,dinoflagellate_stx,alexandrium,DINO_TAXON,Marine biotoxins in shellfish – Saxitoxin group
dino_pre2016,STX_DOC_000435,2009.0,cross_taxa,dinoflagellate_stx,paralytic shellfish poisoning,TOXIN,Investigations into the transcriptome of the toxigenic marine dinoflagellate Alexandrium minutum
dino_pre2016,STX_DOC_000435,2009.0,cross_taxa,dinoflagellate_stx,dinoflagellate,DINO_TAXON,Investigations into the transcriptome of the toxigenic marine dinoflagellate Alexandrium minutum
dino_pre2016,STX_DOC_000435,2009.0,cross_taxa,dinoflagellate_stx,dinoflagellates,DINO_TAXON,Investigations into the transcriptome of the toxigenic marine dinoflagellate Alexandrium minutum
dino_pre2016,STX_DOC_000435,2009.0,cross_taxa,dinoflagellate_stx,alexandrium,DINO_TAXON,Investigations into the transcriptome of the toxigenic marine dinoflagellate Alexandrium minutum
dino_pre2016,STX_DOC_000435,2009.0,cross_taxa,dinoflagellate_stx,alexandrium minutum,DINO_TAXON,Investigations into the transcriptome of the toxigenic marine dinoflagellate Alexandrium minutum
dino_pre2016,STX_DOC_000435,2009.0,cross_taxa,dinoflagellate_stx,cyanobacteria,CYANO_TAXON,Investigations into the transcriptome of the toxigenic marine dinoflagellate Alexandrium minutum
dino_pre2016,STX_DOC_000435,2009.0,cross_taxa,dinoflagellate_stx,nutrient,ENV_FACTOR,Investigations into the transcriptome of the toxigenic marine dinoflagellate Alexandrium minutum
dino_pre2016,STX_DOC_000435,2009.0,cross_taxa,dinoflagellate_stx,light,ENV_FACTOR,Investigations into the transcriptome of the toxigenic marine dinoflagellate Alexandrium minutum
dino_pre2016,STX_DOC_000435,2009.0,cross_taxa,dinoflagellate_stx,bloom,ENV_FACTOR,Investigations into the transcriptome of the toxigenic marine dinoflagellate Alexandrium minutum
dino_pre2016,STX_DOC_000435,2009.0,cross_taxa,dinoflagellate_stx,regulation,BIOLOGICAL_PROCESS,Investigations into the transcriptome of the toxigenic marine dinoflagellate Alexandrium minutum
dino_pre2016,STX_DOC_000435,2009.0,cross_taxa,dinoflagellate_stx,expression,BIOLOGICAL_PROCESS,Investigations into the transcriptome of the toxigenic marine dinoflagellate Alexandrium minutum
dino_pre2016,STX_DOC_000435,2009.0,cross_taxa,dinoflagellate_stx,gene expression,BIOLOGICAL_PROCESS,Investigations into the transcriptome of the toxigenic marine dinoflagellate Alexandrium minutum
dino_pre2016,STX_DOC_000435,2009.0,cross_taxa,dinoflagellate_stx,transcriptome,BIOLOGICAL_PROCESS,Investigations into the transcriptome of the toxigenic marine dinoflagellate Alexandrium minutum
dino_pre2016,STX_DOC_000435,2009.0,cross_taxa,dinoflagellate_stx,transcriptomic,BIOLOGICAL_PROCESS,Investigations into the transcriptome of the toxigenic marine dinoflagellate Alexandrium minutum
dino_pre2016,STX_DOC_000436,2008.0,dinoflagellate,dinoflagellate_stx,paralytic shellfish toxin,TOXIN,Effects of nitrate and phosphate on grazer‐induced toxin production in <i>Alexandrium minutum</i>
dino_pre2016,STX_DOC_000436,2008.0,dinoflagellate,dinoflagellate_stx,pst,TOXIN,Effects of nitrate and phosphate on grazer‐induced toxin production in <i>Alexandrium minutum</i>
dino_pre2016,STX_DOC_000436,2008.0,dinoflagellate,dinoflagellate_stx,dinoflagellates,DINO_TAXON,Effects of nitrate and phosphate on grazer‐induced toxin production in <i>Alexandrium minutum</i>
dino_pre2016,STX_DOC_000436,2008.0,dinoflagellate,dinoflagellate_stx,alexandrium,DINO_TAXON,Effects of nitrate and phosphate on grazer‐induced toxin production in <i>Alexandrium minutum</i>
dino_pre2016,STX_DOC_000436,2008.0,dinoflagellate,dinoflagellate_stx,alexandrium minutum,DINO_TAXON,Effects of nitrate and phosphate on grazer‐induced toxin production in <i>Alexandrium minutum</i>
dino_pre2016,STX_DOC_000436,2008.0,dinoflagellate,dinoflagellate_stx,nitrogen,ENV_FACTOR,Effects of nitrate and phosphate on grazer‐induced toxin production in <i>Alexandrium minutum</i>
dino_pre2016,STX_DOC_000436,2008.0,dinoflagellate,dinoflagellate_stx,nitrate,ENV_FACTOR,Effects of nitrate and phosphate on grazer‐induced toxin production in <i>Alexandrium minutum</i>
dino_pre2016,STX_DOC_000436,2008.0,dinoflagellate,dinoflagellate_stx,phosphate,ENV_FACTOR,Effects of nitrate and phosphate on grazer‐induced toxin production in <i>Alexandrium minutum</i>
dino_pre2016,STX_DOC_000436,2008.0,dinoflagellate,dinoflagellate_stx,nutrient,ENV_FACTOR,Effects of nitrate and phosphate on grazer‐induced toxin production in <i>Alexandrium minutum</i>
dino_pre2016,STX_DOC_000436,2008.0,dinoflagellate,dinoflagellate_stx,toxin production,BIOLOGICAL_PROCESS,Effects of nitrate and phosphate on grazer‐induced toxin production in <i>Alexandrium minutum</i>
dino_pre2016,STX_DOC_000437,2006.0,dinoflagellate,dinoflagellate_stx,pst,TOXIN,"EFFECTS OF LIGHT AND TEMPERATURE ON GROWTH, NITRATE UPTAKE, AND TOXIN PRODUCTION OF TWO TROPICAL DINOFLAGELLATES:<i>ALEXANDRIUM TAMIYAVANICHII</i>AND<i>ALEXANDRIUM MINUTUM</i>(DINOPHYCEAE)<sup>1</sup>"
dino_pre2016,STX_DOC_000437,2006.0,dinoflagellate,dinoflagellate_stx,paralytic shellfish poisoning,TOXIN,"EFFECTS OF LIGHT AND TEMPERATURE ON GROWTH, NITRATE UPTAKE, AND TOXIN PRODUCTION OF TWO TROPICAL DINOFLAGELLATES:<i>ALEXANDRIUM TAMIYAVANICHII</i>AND<i>ALEXANDRIUM MINUTUM</i>(DINOPHYCEAE)<sup>1</sup>"
dino_pre2016,STX_DOC_000437,2006.0,dinoflagellate,dinoflagellate_stx,dinoflagellates,DINO_TAXON,"EFFECTS OF LIGHT AND TEMPERATURE ON GROWTH, NITRATE UPTAKE, AND TOXIN PRODUCTION OF TWO TROPICAL DINOFLAGELLATES:<i>ALEXANDRIUM TAMIYAVANICHII</i>AND<i>ALEXANDRIUM MINUTUM</i>(DINOPHYCEAE)<sup>1</sup>"
dino_pre2016,STX_DOC_000437,2006.0,dinoflagellate,dinoflagellate_stx,alexandrium,DINO_TAXON,"EFFECTS OF LIGHT AND TEMPERATURE ON GROWTH, NITRATE UPTAKE, AND TOXIN PRODUCTION OF TWO TROPICAL DINOFLAGELLATES:<i>ALEXANDRIUM TAMIYAVANICHII</i>AND<i>ALEXANDRIUM MINUTUM</i>(DINOPHYCEAE)<sup>1</sup>"
dino_pre2016,STX_DOC_000437,2006.0,dinoflagellate,dinoflagellate_stx,alexandrium minutum,DINO_TAXON,"EFFECTS OF LIGHT AND TEMPERATURE ON GROWTH, NITRATE UPTAKE, AND TOXIN PRODUCTION OF TWO TROPICAL DINOFLAGELLATES:<i>ALEXANDRIUM TAMIYAVANICHII</i>AND<i>ALEXANDRIUM MINUTUM</i>(DINOPHYCEAE)<sup>1</sup>"
dino_pre2016,STX_DOC_000437,2006.0,dinoflagellate,dinoflagellate_stx,alexandrium tamiyavanichii,DINO_TAXON,"EFFECTS OF LIGHT AND TEMPERATURE ON GROWTH, NITRATE UPTAKE, AND TOXIN PRODUCTION OF TWO TROPICAL DINOFLAGELLATES:<i>ALEXANDRIUM TAMIYAVANICHII</i>AND<i>ALEXANDRIUM MINUTUM</i>(DINOPHYCEAE)<sup>1</sup>"
dino_pre2016,STX_DOC_000437,2006.0,dinoflagellate,dinoflagellate_stx,temperature,ENV_FACTOR,"EFFECTS OF LIGHT AND TEMPERATURE ON GROWTH, NITRATE UPTAKE, AND TOXIN PRODUCTION OF TWO TROPICAL DINOFLAGELLATES:<i>ALEXANDRIUM TAMIYAVANICHII</i>AND<i>ALEXANDRIUM MINUTUM</i>(DINOPHYCEAE)<sup>1</sup>"
dino_pre2016,STX_DOC_000437,2006.0,dinoflagellate,dinoflagellate_stx,nitrate,ENV_FACTOR,"EFFECTS OF LIGHT AND TEMPERATURE ON GROWTH, NITRATE UPTAKE, AND TOXIN PRODUCTION OF TWO TROPICAL DINOFLAGELLATES:<i>ALEXANDRIUM TAMIYAVANICHII</i>AND<i>ALEXANDRIUM MINUTUM</i>(DINOPHYCEAE)<sup>1</sup>"
dino_pre2016,STX_DOC_000437,2006.0,dinoflagellate,dinoflagellate_stx,light,ENV_FACTOR,"EFFECTS OF LIGHT AND TEMPERATURE ON GROWTH, NITRATE UPTAKE, AND TOXIN PRODUCTION OF TWO TROPICAL DINOFLAGELLATES:<i>ALEXANDRIUM TAMIYAVANICHII</i>AND<i>ALEXANDRIUM MINUTUM</i>(DINOPHYCEAE)<sup>1</sup>"
dino_pre2016,STX_DOC_000437,2006.0,dinoflagellate,dinoflagellate_stx,irradiance,ENV_FACTOR,"EFFECTS OF LIGHT AND TEMPERATURE ON GROWTH, NITRATE UPTAKE, AND TOXIN PRODUCTION OF TWO TROPICAL DINOFLAGELLATES:<i>ALEXANDRIUM TAMIYAVANICHII</i>AND<i>ALEXANDRIUM MINUTUM</i>(DINOPHYCEAE)<sup>1</sup>"
dino_pre2016,STX_DOC_000437,2006.0,dinoflagellate,dinoflagellate_stx,toxin production,BIOLOGICAL_PROCESS,"EFFECTS OF LIGHT AND TEMPERATURE ON GROWTH, NITRATE UPTAKE, AND TOXIN PRODUCTION OF TWO TROPICAL DINOFLAGELLATES:<i>ALEXANDRIUM TAMIYAVANICHII</i>AND<i>ALEXANDRIUM MINUTUM</i>(DINOPHYCEAE)<sup>1</sup>"
dino_pre2016,STX_DOC_000438,2006.0,dinoflagellate,dinoflagellate_stx,saxitoxin,TOXIN,"Pigment profile and toxin composition during a red tide of<i>Gymnodinium catenatum</i>Graham and<i>Myrionecta rubra</i>(Lohman) Jankowski in coastal waters off Mar del Plata, Argentina"
dino_pre2016,STX_DOC_000438,2006.0,dinoflagellate,dinoflagellate_stx,dinoflagellate,DINO_TAXON,"Pigment profile and toxin composition during a red tide of<i>Gymnodinium catenatum</i>Graham and<i>Myrionecta rubra</i>(Lohman) Jankowski in coastal waters off Mar del Plata, Argentina"
dino_pre2016,STX_DOC_000438,2006.0,dinoflagellate,dinoflagellate_stx,gymnodinium,DINO_TAXON,"Pigment profile and toxin composition during a red tide of<i>Gymnodinium catenatum</i>Graham and<i>Myrionecta rubra</i>(Lohman) Jankowski in coastal waters off Mar del Plata, Argentina"
dino_pre2016,STX_DOC_000438,2006.0,dinoflagellate,dinoflagellate_stx,gymnodinium catenatum,DINO_TAXON,"Pigment profile and toxin composition during a red tide of<i>Gymnodinium catenatum</i>Graham and<i>Myrionecta rubra</i>(Lohman) Jankowski in coastal waters off Mar del Plata, Argentina"
dino_pre2016,STX_DOC_000438,2006.0,dinoflagellate,dinoflagellate_stx,bloom,ENV_FACTOR,"Pigment profile and toxin composition during a red tide of<i>Gymnodinium catenatum</i>Graham and<i>Myrionecta rubra</i>(Lohman) Jankowski in coastal waters off Mar del Plata, Argentina"
dino_pre2016,STX_DOC_000438,2006.0,dinoflagellate,dinoflagellate_stx,hplc,DETECTION_METHOD,"Pigment profile and toxin composition during a red tide of<i>Gymnodinium catenatum</i>Graham and<i>Myrionecta rubra</i>(Lohman) Jankowski in coastal waters off Mar del Plata, Argentina"
dino_pre2016,STX_DOC_000442,2003.0,dinoflagellate,dinoflagellate_stx,saxitoxin,TOXIN,Distribution of Alexandrium tamarense in Drake Passage and the Threat of Harmful Algal Blooms in the Antarctic Ocean
dino_pre2016,STX_DOC_000442,2003.0,dinoflagellate,dinoflagellate_stx,paralytic shellfish poisoning,TOXIN,Distribution of Alexandrium tamarense in Drake Passage and the Threat of Harmful Algal Blooms in the Antarctic Ocean
dino_pre2016,STX_DOC_000442,2003.0,dinoflagellate,dinoflagellate_stx,dinoflagellate,DINO_TAXON,Distribution of Alexandrium tamarense in Drake Passage and the Threat of Harmful Algal Blooms in the Antarctic Ocean
dino_pre2016,STX_DOC_000442,2003.0,dinoflagellate,dinoflagellate_stx,dinoflagellates,DINO_TAXON,Distribution of Alexandrium tamarense in Drake Passage and the Threat of Harmful Algal Blooms in the Antarctic Ocean
dino_pre2016,STX_DOC_000442,2003.0,dinoflagellate,dinoflagellate_stx,alexandrium,DINO_TAXON,Distribution of Alexandrium tamarense in Drake Passage and the Threat of Harmful Algal Blooms in the Antarctic Ocean
dino_pre2016,STX_DOC_000442,2003.0,dinoflagellate,dinoflagellate_stx,alexandrium tamarense,DINO_TAXON,Distribution of Alexandrium tamarense in Drake Passage and the Threat of Harmful Algal Blooms in the Antarctic Ocean
dino_pre2016,STX_DOC_000442,2003.0,dinoflagellate,dinoflagellate_stx,temperature,ENV_FACTOR,Distribution of Alexandrium tamarense in Drake Passage and the Threat of Harmful Algal Blooms in the Antarctic Ocean
dino_pre2016,STX_DOC_000444,2002.0,dinoflagellate,dinoflagellate_stx,paralytic shellfish toxin,TOXIN,Modelling changes in paralytic shellfish toxin content of dinoflagellates in response to nitrogen and phosphorus supply
dino_pre2016,STX_DOC_000444,2002.0,dinoflagellate,dinoflagellate_stx,dinoflagellate,DINO_TAXON,Modelling changes in paralytic shellfish toxin content of dinoflagellates in response to nitrogen and phosphorus supply
dino_pre2016,STX_DOC_000444,2002.0,dinoflagellate,dinoflagellate_stx,dinoflagellates,DINO_TAXON,Modelling changes in paralytic shellfish toxin content of dinoflagellates in response to nitrogen and phosphorus supply
dino_pre2016,STX_DOC_000444,2002.0,dinoflagellate,dinoflagellate_stx,alexandrium,DINO_TAXON,Modelling changes in paralytic shellfish toxin content of dinoflagellates in response to nitrogen and phosphorus supply
dino_pre2016,STX_DOC_000444,2002.0,dinoflagellate,dinoflagellate_stx,alexandrium fundyense,DINO_TAXON,Modelling changes in paralytic shellfish toxin content of dinoflagellates in response to nitrogen and phosphorus supply
dino_pre2016,STX_DOC_000444,2002.0,dinoflagellate,dinoflagellate_stx,nitrogen,ENV_FACTOR,Modelling changes in paralytic shellfish toxin content of dinoflagellates in response to nitrogen and phosphorus supply
dino_pre2016,STX_DOC_000444,2002.0,dinoflagellate,dinoflagellate_stx,phosphorus,ENV_FACTOR,Modelling changes in paralytic shellfish toxin content of dinoflagellates in response to nitrogen and phosphorus supply
dino_pre2016,STX_DOC_000444,2002.0,dinoflagellate,dinoflagellate_stx,nitrate,ENV_FACTOR,Modelling changes in paralytic shellfish toxin content of dinoflagellates in response to nitrogen and phosphorus supply
dino_pre2016,STX_DOC_000444,2002.0,dinoflagellate,dinoflagellate_stx,nutrient,ENV_FACTOR,Modelling changes in paralytic shellfish toxin content of dinoflagellates in response to nitrogen and phosphorus supply
dino_pre2016,STX_DOC_000444,2002.0,dinoflagellate,dinoflagellate_stx,nutrients,ENV_FACTOR,Modelling changes in paralytic shellfish toxin content of dinoflagellates in response to nitrogen and phosphorus supply
dino_pre2016,STX_DOC_000445,2002.0,cross_taxa,dinoflagellate_stx,paralytic shellfish toxin,TOXIN,Limited selection of sodium channel blocking toxin-producing bacteria from paralytic shellfish toxin-contaminated mussels (Aulacomya ater).
dino_pre2016,STX_DOC_000445,2002.0,cross_taxa,dinoflagellate_stx,paralytic shellfish toxins,TOXIN,Limited selection of sodium channel blocking toxin-producing bacteria from paralytic shellfish toxin-contaminated mussels (Aulacomya ater).
dino_pre2016,STX_DOC_000445,2002.0,cross_taxa,dinoflagellate_stx,pst,TOXIN,Limited selection of sodium channel blocking toxin-producing bacteria from paralytic shellfish toxin-contaminated mussels (Aulacomya ater).
dino_pre2016,STX_DOC_000445,2002.0,cross_taxa,dinoflagellate_stx,psts,TOXIN,Limited selection of sodium channel blocking toxin-producing bacteria from paralytic shellfish toxin-contaminated mussels (Aulacomya ater).
dino_pre2016,STX_DOC_000445,2002.0,cross_taxa,dinoflagellate_stx,dinoflagellates,DINO_TAXON,Limited selection of sodium channel blocking toxin-producing bacteria from paralytic shellfish toxin-contaminated mussels (Aulacomya ater).
dino_pre2016,STX_DOC_000445,2002.0,cross_taxa,dinoflagellate_stx,cyanobacteria,CYANO_TAXON,Limited selection of sodium channel blocking toxin-producing bacteria from paralytic shellfish toxin-contaminated mussels (Aulacomya ater).
dino_pre2016,STX_DOC_000447,1993.0,dinoflagellate,dinoflagellate_stx,gonyautoxin,TOXIN,Influence of initial toxicity and extraction procedure on paralytic toxin changes in the mussel.
dino_pre2016,STX_DOC_000447,1993.0,dinoflagellate,dinoflagellate_stx,alexandrium,DINO_TAXON,Influence of initial toxicity and extraction procedure on paralytic toxin changes in the mussel.
dino_pre2016,STX_DOC_000447,1993.0,dinoflagellate,dinoflagellate_stx,alexandrium tamarense,DINO_TAXON,Influence of initial toxicity and extraction procedure on paralytic toxin changes in the mussel.
dino_pre2016,STX_DOC_000447,1993.0,dinoflagellate,dinoflagellate_stx,toxicity,BIOLOGICAL_PROCESS,Influence of initial toxicity and extraction procedure on paralytic toxin changes in the mussel.
dino_pre2016,STX_DOC_000484,2015.0,dinoflagellate,dinoflagellate_stx,paralytic shellfish toxins,TOXIN,"Determining the Advantages, Costs, and Trade-Offs of a Novel Sodium Channel Mutation in the Copepod Acartia hudsonica to Paralytic Shellfish Toxins (PST)"
dino_pre2016,STX_DOC_000484,2015.0,dinoflagellate,dinoflagellate_stx,pst,TOXIN,"Determining the Advantages, Costs, and Trade-Offs of a Novel Sodium Channel Mutation in the Copepod Acartia hudsonica to Paralytic Shellfish Toxins (PST)"
dino_pre2016,STX_DOC_000484,2015.0,dinoflagellate,dinoflagellate_stx,psts,TOXIN,"Determining the Advantages, Costs, and Trade-Offs of a Novel Sodium Channel Mutation in the Copepod Acartia hudsonica to Paralytic Shellfish Toxins (PST)"
dino_pre2016,STX_DOC_000484,2015.0,dinoflagellate,dinoflagellate_stx,dinoflagellate,DINO_TAXON,"Determining the Advantages, Costs, and Trade-Offs of a Novel Sodium Channel Mutation in the Copepod Acartia hudsonica to Paralytic Shellfish Toxins (PST)"
dino_pre2016,STX_DOC_000484,2015.0,dinoflagellate,dinoflagellate_stx,alexandrium,DINO_TAXON,"Determining the Advantages, Costs, and Trade-Offs of a Novel Sodium Channel Mutation in the Copepod Acartia hudsonica to Paralytic Shellfish Toxins (PST)"
dino_pre2016,STX_DOC_000484,2015.0,dinoflagellate,dinoflagellate_stx,alexandrium fundyense,DINO_TAXON,"Determining the Advantages, Costs, and Trade-Offs of a Novel Sodium Channel Mutation in the Copepod Acartia hudsonica to Paralytic Shellfish Toxins (PST)"
dino_pre2016,STX_DOC_000484,2015.0,dinoflagellate,dinoflagellate_stx,expression,BIOLOGICAL_PROCESS,"Determining the Advantages, Costs, and Trade-Offs of a Novel Sodium Channel Mutation in the Copepod Acartia hudsonica to Paralytic Shellfish Toxins (PST)"
dino_pre2016,STX_DOC_000485,2015.0,dinoflagellate,high_confidence_stx_biosynthesis,saxitoxin,TOXIN,RNA Sequencing Revealed Numerous Polyketide Synthase Genes in the Harmful Dinoflagellate Karenia mikimotoi.
dino_pre2016,STX_DOC_000485,2015.0,dinoflagellate,high_confidence_stx_biosynthesis,sxta,SXT_GENE,RNA Sequencing Revealed Numerous Polyketide Synthase Genes in the Harmful Dinoflagellate Karenia mikimotoi.
dino_pre2016,STX_DOC_000485,2015.0,dinoflagellate,high_confidence_stx_biosynthesis,dinoflagellate,DINO_TAXON,RNA Sequencing Revealed Numerous Polyketide Synthase Genes in the Harmful Dinoflagellate Karenia mikimotoi.
dino_pre2016,STX_DOC_000485,2015.0,dinoflagellate,high_confidence_stx_biosynthesis,dinoflagellates,DINO_TAXON,RNA Sequencing Revealed Numerous Polyketide Synthase Genes in the Harmful Dinoflagellate Karenia mikimotoi.
dino_pre2016,STX_DOC_000485,2015.0,dinoflagellate,high_confidence_stx_biosynthesis,alexandrium,DINO_TAXON,RNA Sequencing Revealed Numerous Polyketide Synthase Genes in the Harmful Dinoflagellate Karenia mikimotoi.
dino_pre2016,STX_DOC_000485,2015.0,dinoflagellate,high_confidence_stx_biosynthesis,alexandrium fundyense,DINO_TAXON,RNA Sequencing Revealed Numerous Polyketide Synthase Genes in the Harmful Dinoflagellate Karenia mikimotoi.
dino_pre2016,STX_DOC_000485,2015.0,dinoflagellate,high_confidence_stx_biosynthesis,phylogenetic,BIOLOGICAL_PROCESS,RNA Sequencing Revealed Numerous Polyketide Synthase Genes in the Harmful Dinoflagellate Karenia mikimotoi.
dino_pre2016,STX_DOC_000485,2015.0,dinoflagellate,high_confidence_stx_biosynthesis,toxicity,BIOLOGICAL_PROCESS,RNA Sequencing Revealed Numerous Polyketide Synthase Genes in the Harmful Dinoflagellate Karenia mikimotoi.
dino_pre2016,STX_DOC_000486,2015.0,dinoflagellate,dinoflagellate_stx,saxitoxin,TOXIN,Results of a Saxitoxin Proficiency Test Including Characterization of Reference Material and Stability Studies.
dino_pre2016,STX_DOC_000486,2015.0,dinoflagellate,dinoflagellate_stx,stx,TOXIN,Results of a Saxitoxin Proficiency Test Including Characterization of Reference Material and Stability Studies.
dino_pre2016,STX_DOC_000486,2015.0,dinoflagellate,dinoflagellate_stx,paralytic shellfish poisoning,TOXIN,Results of a Saxitoxin Proficiency Test Including Characterization of Reference Material and Stability Studies.
dino_pre2016,STX_DOC_000486,2015.0,dinoflagellate,dinoflagellate_stx,dinoflagellate,DINO_TAXON,Results of a Saxitoxin Proficiency Test Including Characterization of Reference Material and Stability Studies.
dino_pre2016,STX_DOC_000486,2015.0,dinoflagellate,dinoflagellate_stx,alexandrium,DINO_TAXON,Results of a Saxitoxin Proficiency Test Including Characterization of Reference Material and Stability Studies.
dino_pre2016,STX_DOC_000486,2015.0,dinoflagellate,dinoflagellate_stx,alexandrium ostenfeldii,DINO_TAXON,Results of a Saxitoxin Proficiency Test Including Characterization of Reference Material and Stability Studies.
dino_pre2016,STX_DOC_000486,2015.0,dinoflagellate,dinoflagellate_stx,mass spectrometry,DETECTION_METHOD,Results of a Saxitoxin Proficiency Test Including Characterization of Reference Material and Stability Studies.
dino_pre2016,STX_DOC_000487,2015.0,dinoflagellate,dinoflagellate_stx,saxitoxin,TOXIN,"The effects of elevated CO<sub>2</sub> on the growth and toxicity of field populations and cultures of the saxitoxin-producing dinoflagellate, <i>Alexandrium fundyense</i>."
dino_pre2016,STX_DOC_000487,2015.0,dinoflagellate,dinoflagellate_stx,stx,TOXIN,"The effects of elevated CO<sub>2</sub> on the growth and toxicity of field populations and cultures of the saxitoxin-producing dinoflagellate, <i>Alexandrium fundyense</i>."
dino_pre2016,STX_DOC_000487,2015.0,dinoflagellate,dinoflagellate_stx,dinoflagellate,DINO_TAXON,"The effects of elevated CO<sub>2</sub> on the growth and toxicity of field populations and cultures of the saxitoxin-producing dinoflagellate, <i>Alexandrium fundyense</i>."
dino_pre2016,STX_DOC_000487,2015.0,dinoflagellate,dinoflagellate_stx,alexandrium,DINO_TAXON,"The effects of elevated CO<sub>2</sub> on the growth and toxicity of field populations and cultures of the saxitoxin-producing dinoflagellate, <i>Alexandrium fundyense</i>."
dino_pre2016,STX_DOC_000487,2015.0,dinoflagellate,dinoflagellate_stx,alexandrium fundyense,DINO_TAXON,"The effects of elevated CO<sub>2</sub> on the growth and toxicity of field populations and cultures of the saxitoxin-producing dinoflagellate, <i>Alexandrium fundyense</i>."
dino_pre2016,STX_DOC_000487,2015.0,dinoflagellate,dinoflagellate_stx,climate,ENV_FACTOR,"The effects of elevated CO<sub>2</sub> on the growth and toxicity of field populations and cultures of the saxitoxin-producing dinoflagellate, <i>Alexandrium fundyense</i>."
dino_pre2016,STX_DOC_000487,2015.0,dinoflagellate,dinoflagellate_stx,bloom,ENV_FACTOR,"The effects of elevated CO<sub>2</sub> on the growth and toxicity of field populations and cultures of the saxitoxin-producing dinoflagellate, <i>Alexandrium fundyense</i>."
dino_pre2016,STX_DOC_000487,2015.0,dinoflagellate,dinoflagellate_stx,toxicity,BIOLOGICAL_PROCESS,"The effects of elevated CO<sub>2</sub> on the growth and toxicity of field populations and cultures of the saxitoxin-producing dinoflagellate, <i>Alexandrium fundyense</i>."
dino_pre2016,STX_DOC_000488,2014.0,dinoflagellate,dinoflagellate_stx,gonyautoxin,TOXIN,Apoptosis of hemocytes from lions-paw scallop Nodipecten subnodosus induced with paralyzing shellfish poison from Gymnodinium catenatum.
dino_pre2016,STX_DOC_000488,2014.0,dinoflagellate,dinoflagellate_stx,gtx,TOXIN,Apoptosis of hemocytes from lions-paw scallop Nodipecten subnodosus induced with paralyzing shellfish poison from Gymnodinium catenatum.
dino_pre2016,STX_DOC_000488,2014.0,dinoflagellate,dinoflagellate_stx,dinoflagellate,DINO_TAXON,Apoptosis of hemocytes from lions-paw scallop Nodipecten subnodosus induced with paralyzing shellfish poison from Gymnodinium catenatum.
dino_pre2016,STX_DOC_000488,2014.0,dinoflagellate,dinoflagellate_stx,gymnodinium,DINO_TAXON,Apoptosis of hemocytes from lions-paw scallop Nodipecten subnodosus induced with paralyzing shellfish poison from Gymnodinium catenatum.
dino_pre2016,STX_DOC_000488,2014.0,dinoflagellate,dinoflagellate_stx,gymnodinium catenatum,DINO_TAXON,Apoptosis of hemocytes from lions-paw scallop Nodipecten subnodosus induced with paralyzing shellfish poison from Gymnodinium catenatum.
dino_pre2016,STX_DOC_000490,2013.0,cross_taxa,dinoflagellate_stx,pst,TOXIN,Correction: In Silico Analysis of Putative Paralytic Shellfish Poisoning Toxins Export Proteins in Cyanobacteria
dino_pre2016,STX_DOC_000490,2013.0,cross_taxa,dinoflagellate_stx,psts,TOXIN,Correction: In Silico Analysis of Putative Paralytic Shellfish Poisoning Toxins Export Proteins in Cyanobacteria
dino_pre2016,STX_DOC_000490,2013.0,cross_taxa,dinoflagellate_stx,paralytic shellfish poisoning,TOXIN,Correction: In Silico Analysis of Putative Paralytic Shellfish Poisoning Toxins Export Proteins in Cyanobacteria
dino_pre2016,STX_DOC_000490,2013.0,cross_taxa,dinoflagellate_stx,dinoflagellates,DINO_TAXON,Correction: In Silico Analysis of Putative Paralytic Shellfish Poisoning Toxins Export Proteins in Cyanobacteria
dino_pre2016,STX_DOC_000490,2013.0,cross_taxa,dinoflagellate_stx,cyanobacteria,CYANO_TAXON,Correction: In Silico Analysis of Putative Paralytic Shellfish Poisoning Toxins Export Proteins in Cyanobacteria
dino_pre2016,STX_DOC_000490,2013.0,cross_taxa,dinoflagellate_stx,cylindrospermopsis,CYANO_TAXON,Correction: In Silico Analysis of Putative Paralytic Shellfish Poisoning Toxins Export Proteins in Cyanobacteria
dino_pre2016,STX_DOC_000490,2013.0,cross_taxa,dinoflagellate_stx,phylogenetic,BIOLOGICAL_PROCESS,Correction: In Silico Analysis of Putative Paralytic Shellfish Poisoning Toxins Export Proteins in Cyanobacteria
dino_pre2016,STX_DOC_000490,2013.0,cross_taxa,dinoflagellate_stx,toxicity,BIOLOGICAL_PROCESS,Correction: In Silico Analysis of Putative Paralytic Shellfish Poisoning Toxins Export Proteins in Cyanobacteria
dino_pre2016,STX_DOC_000491,2013.0,cross_taxa,dinoflagellate_stx,pst,TOXIN,In silico analysis of putative paralytic shellfish poisoning toxins export proteins in cyanobacteria.
dino_pre2016,STX_DOC_000491,2013.0,cross_taxa,dinoflagellate_stx,psts,TOXIN,In silico analysis of putative paralytic shellfish poisoning toxins export proteins in cyanobacteria.
dino_pre2016,STX_DOC_000491,2013.0,cross_taxa,dinoflagellate_stx,paralytic shellfish poisoning,TOXIN,In silico analysis of putative paralytic shellfish poisoning toxins export proteins in cyanobacteria.
dino_pre2016,STX_DOC_000491,2013.0,cross_taxa,dinoflagellate_stx,dinoflagellates,DINO_TAXON,In silico analysis of putative paralytic shellfish poisoning toxins export proteins in cyanobacteria.
dino_pre2016,STX_DOC_000491,2013.0,cross_taxa,dinoflagellate_stx,cyanobacteria,CYANO_TAXON,In silico analysis of putative paralytic shellfish poisoning toxins export proteins in cyanobacteria.
dino_pre2016,STX_DOC_000491,2013.0,cross_taxa,dinoflagellate_stx,cylindrospermopsis,CYANO_TAXON,In silico analysis of putative paralytic shellfish poisoning toxins export proteins in cyanobacteria.
dino_pre2016,STX_DOC_000491,2013.0,cross_taxa,dinoflagellate_stx,phylogenetic,BIOLOGICAL_PROCESS,In silico analysis of putative paralytic shellfish poisoning toxins export proteins in cyanobacteria.
dino_pre2016,STX_DOC_000491,2013.0,cross_taxa,dinoflagellate_stx,toxicity,BIOLOGICAL_PROCESS,In silico analysis of putative paralytic shellfish poisoning toxins export proteins in cyanobacteria.
dino_pre2016,STX_DOC_000497,2010.0,dinoflagellate,high_confidence_stx_biosynthesis,paralytic shellfish poisoning,TOXIN,A Molecular and Co-Evolutionary Context for Grazer Induced Toxin Production in Alexandrium tamarense
dino_pre2016,STX_DOC_000497,2010.0,dinoflagellate,high_confidence_stx_biosynthesis,dinoflagellates,DINO_TAXON,A Molecular and Co-Evolutionary Context for Grazer Induced Toxin Production in Alexandrium tamarense
dino_pre2016,STX_DOC_000497,2010.0,dinoflagellate,high_confidence_stx_biosynthesis,alexandrium,DINO_TAXON,A Molecular and Co-Evolutionary Context for Grazer Induced Toxin Production in Alexandrium tamarense
dino_pre2016,STX_DOC_000497,2010.0,dinoflagellate,high_confidence_stx_biosynthesis,alexandrium minutum,DINO_TAXON,A Molecular and Co-Evolutionary Context for Grazer Induced Toxin Production in Alexandrium tamarense
dino_pre2016,STX_DOC_000497,2010.0,dinoflagellate,high_confidence_stx_biosynthesis,alexandrium tamarense,DINO_TAXON,A Molecular and Co-Evolutionary Context for Grazer Induced Toxin Production in Alexandrium tamarense
dino_pre2016,STX_DOC_000497,2010.0,dinoflagellate,high_confidence_stx_biosynthesis,biosynthesis,BIOLOGICAL_PROCESS,A Molecular and Co-Evolutionary Context for Grazer Induced Toxin Production in Alexandrium tamarense
dino_pre2016,STX_DOC_000497,2010.0,dinoflagellate,high_confidence_stx_biosynthesis,toxin biosynthesis,BIOLOGICAL_PROCESS,A Molecular and Co-Evolutionary Context for Grazer Induced Toxin Production in Alexandrium tamarense
dino_pre2016,STX_DOC_000497,2010.0,dinoflagellate,high_confidence_stx_biosynthesis,regulation,BIOLOGICAL_PROCESS,A Molecular and Co-Evolutionary Context for Grazer Induced Toxin Production in Alexandrium tamarense
dino_pre2016,STX_DOC_000497,2010.0,dinoflagellate,high_confidence_stx_biosynthesis,toxicity,BIOLOGICAL_PROCESS,A Molecular and Co-Evolutionary Context for Grazer Induced Toxin Production in Alexandrium tamarense
dino_pre2016,STX_DOC_000497,2010.0,dinoflagellate,high_confidence_stx_biosynthesis,toxin production,BIOLOGICAL_PROCESS,A Molecular and Co-Evolutionary Context for Grazer Induced Toxin Production in Alexandrium tamarense
dino_pre2016,STX_DOC_000498,2008.0,dinoflagellate,dinoflagellate_stx,saxitoxin,TOXIN,"Effects of the toxic dinoflagellate, <i>Alexandrium fundyense </i>on three species of larval fish: a food‐chain approach"
dino_pre2016,STX_DOC_000498,2008.0,dinoflagellate,dinoflagellate_stx,paralytic shellfish toxins,TOXIN,"Effects of the toxic dinoflagellate, <i>Alexandrium fundyense </i>on three species of larval fish: a food‐chain approach"
dino_pre2016,STX_DOC_000498,2008.0,dinoflagellate,dinoflagellate_stx,pst,TOXIN,"Effects of the toxic dinoflagellate, <i>Alexandrium fundyense </i>on three species of larval fish: a food‐chain approach"
dino_pre2016,STX_DOC_000498,2008.0,dinoflagellate,dinoflagellate_stx,dinoflagellate,DINO_TAXON,"Effects of the toxic dinoflagellate, <i>Alexandrium fundyense </i>on three species of larval fish: a food‐chain approach"
dino_pre2016,STX_DOC_000498,2008.0,dinoflagellate,dinoflagellate_stx,alexandrium,DINO_TAXON,"Effects of the toxic dinoflagellate, <i>Alexandrium fundyense </i>on three species of larval fish: a food‐chain approach"
dino_pre2016,STX_DOC_000498,2008.0,dinoflagellate,dinoflagellate_stx,alexandrium fundyense,DINO_TAXON,"Effects of the toxic dinoflagellate, <i>Alexandrium fundyense </i>on three species of larval fish: a food‐chain approach"
dino_pre2016,STX_DOC_000501,2006.0,dinoflagellate,dinoflagellate_stx,gonyautoxin,TOXIN,Accumulation of Paralytic Shellfish Poison (PSP) and Biotransformation of Its Components in Oysters Crassostrea gigas Fed with the Toxic Dinoflagellate Alexandrium tamarense
dino_pre2016,STX_DOC_000501,2006.0,dinoflagellate,dinoflagellate_stx,gtx,TOXIN,Accumulation of Paralytic Shellfish Poison (PSP) and Biotransformation of Its Components in Oysters Crassostrea gigas Fed with the Toxic Dinoflagellate Alexandrium tamarense
dino_pre2016,STX_DOC_000501,2006.0,dinoflagellate,dinoflagellate_stx,dinoflagellate,DINO_TAXON,Accumulation of Paralytic Shellfish Poison (PSP) and Biotransformation of Its Components in Oysters Crassostrea gigas Fed with the Toxic Dinoflagellate Alexandrium tamarense
dino_pre2016,STX_DOC_000501,2006.0,dinoflagellate,dinoflagellate_stx,alexandrium,DINO_TAXON,Accumulation of Paralytic Shellfish Poison (PSP) and Biotransformation of Its Components in Oysters Crassostrea gigas Fed with the Toxic Dinoflagellate Alexandrium tamarense
dino_pre2016,STX_DOC_000501,2006.0,dinoflagellate,dinoflagellate_stx,alexandrium tamarense,DINO_TAXON,Accumulation of Paralytic Shellfish Poison (PSP) and Biotransformation of Its Components in Oysters Crassostrea gigas Fed with the Toxic Dinoflagellate Alexandrium tamarense
dino_pre2016,STX_DOC_000501,2006.0,dinoflagellate,dinoflagellate_stx,toxicity,BIOLOGICAL_PROCESS,Accumulation of Paralytic Shellfish Poison (PSP) and Biotransformation of Its Components in Oysters Crassostrea gigas Fed with the Toxic Dinoflagellate Alexandrium tamarense
dino_pre2016,STX_DOC_000501,2006.0,dinoflagellate,dinoflagellate_stx,hplc,DETECTION_METHOD,Accumulation of Paralytic Shellfish Poison (PSP) and Biotransformation of Its Components in Oysters Crassostrea gigas Fed with the Toxic Dinoflagellate Alexandrium tamarense
dino_pre2016,STX_DOC_000502,2006.0,dinoflagellate,dinoflagellate_stx,gonyautoxin,TOXIN,"Accumulation of paralytic shellfish poison (PSP) and biotransformation of its components in oysters, Crassostrea gigas, fed with the toxic dinoflagellate Alexandrium tamarense."
dino_pre2016,STX_DOC_000502,2006.0,dinoflagellate,dinoflagellate_stx,gtx,TOXIN,"Accumulation of paralytic shellfish poison (PSP) and biotransformation of its components in oysters, Crassostrea gigas, fed with the toxic dinoflagellate Alexandrium tamarense."
dino_pre2016,STX_DOC_000502,2006.0,dinoflagellate,dinoflagellate_stx,dinoflagellate,DINO_TAXON,"Accumulation of paralytic shellfish poison (PSP) and biotransformation of its components in oysters, Crassostrea gigas, fed with the toxic dinoflagellate Alexandrium tamarense."
dino_pre2016,STX_DOC_000502,2006.0,dinoflagellate,dinoflagellate_stx,alexandrium,DINO_TAXON,"Accumulation of paralytic shellfish poison (PSP) and biotransformation of its components in oysters, Crassostrea gigas, fed with the toxic dinoflagellate Alexandrium tamarense."
dino_pre2016,STX_DOC_000502,2006.0,dinoflagellate,dinoflagellate_stx,alexandrium tamarense,DINO_TAXON,"Accumulation of paralytic shellfish poison (PSP) and biotransformation of its components in oysters, Crassostrea gigas, fed with the toxic dinoflagellate Alexandrium tamarense."
dino_pre2016,STX_DOC_000502,2006.0,dinoflagellate,dinoflagellate_stx,toxicity,BIOLOGICAL_PROCESS,"Accumulation of paralytic shellfish poison (PSP) and biotransformation of its components in oysters, Crassostrea gigas, fed with the toxic dinoflagellate Alexandrium tamarense."
dino_pre2016,STX_DOC_000502,2006.0,dinoflagellate,dinoflagellate_stx,hplc,DETECTION_METHOD,"Accumulation of paralytic shellfish poison (PSP) and biotransformation of its components in oysters, Crassostrea gigas, fed with the toxic dinoflagellate Alexandrium tamarense."
dino_pre2016,STX_DOC_000505,2005.0,dinoflagellate,dinoflagellate_stx,paralytic shellfish toxin,TOXIN,Identification and characterization of a “biomarker of toxicity” from the proteome of the paralytic shellfish toxin‐producing dinoflagellate <b><i>Alexandrium tamarense</i></b> (Dinophyceae)
dino_pre2016,STX_DOC_000505,2005.0,dinoflagellate,dinoflagellate_stx,pst,TOXIN,Identification and characterization of a “biomarker of toxicity” from the proteome of the paralytic shellfish toxin‐producing dinoflagellate <b><i>Alexandrium tamarense</i></b> (Dinophyceae)
dino_pre2016,STX_DOC_000505,2005.0,dinoflagellate,dinoflagellate_stx,dinoflagellate,DINO_TAXON,Identification and characterization of a “biomarker of toxicity” from the proteome of the paralytic shellfish toxin‐producing dinoflagellate <b><i>Alexandrium tamarense</i></b> (Dinophyceae)
dino_pre2016,STX_DOC_000505,2005.0,dinoflagellate,dinoflagellate_stx,dinoflagellates,DINO_TAXON,Identification and characterization of a “biomarker of toxicity” from the proteome of the paralytic shellfish toxin‐producing dinoflagellate <b><i>Alexandrium tamarense</i></b> (Dinophyceae)
dino_pre2016,STX_DOC_000505,2005.0,dinoflagellate,dinoflagellate_stx,alexandrium,DINO_TAXON,Identification and characterization of a “biomarker of toxicity” from the proteome of the paralytic shellfish toxin‐producing dinoflagellate <b><i>Alexandrium tamarense</i></b> (Dinophyceae)
dino_pre2016,STX_DOC_000505,2005.0,dinoflagellate,dinoflagellate_stx,alexandrium tamarense,DINO_TAXON,Identification and characterization of a “biomarker of toxicity” from the proteome of the paralytic shellfish toxin‐producing dinoflagellate <b><i>Alexandrium tamarense</i></b> (Dinophyceae)
dino_pre2016,STX_DOC_000505,2005.0,dinoflagellate,dinoflagellate_stx,bloom,ENV_FACTOR,Identification and characterization of a “biomarker of toxicity” from the proteome of the paralytic shellfish toxin‐producing dinoflagellate <b><i>Alexandrium tamarense</i></b> (Dinophyceae)
dino_pre2016,STX_DOC_000505,2005.0,dinoflagellate,dinoflagellate_stx,toxicity,BIOLOGICAL_PROCESS,Identification and characterization of a “biomarker of toxicity” from the proteome of the paralytic shellfish toxin‐producing dinoflagellate <b><i>Alexandrium tamarense</i></b> (Dinophyceae)
dino_pre2016,STX_DOC_000507,2003.0,dinoflagellate,dinoflagellate_stx,saxitoxin,TOXIN,Three Novel Hydroxybenzoate Saxitoxin Analogues Isolated from the Dinoflagellate <i>Gymnodinium catenatum</i>
dino_pre2016,STX_DOC_000507,2003.0,dinoflagellate,dinoflagellate_stx,paralytic shellfish poisoning,TOXIN,Three Novel Hydroxybenzoate Saxitoxin Analogues Isolated from the Dinoflagellate <i>Gymnodinium catenatum</i>
dino_pre2016,STX_DOC_000507,2003.0,dinoflagellate,dinoflagellate_stx,dinoflagellate,DINO_TAXON,Three Novel Hydroxybenzoate Saxitoxin Analogues Isolated from the Dinoflagellate <i>Gymnodinium catenatum</i>
dino_pre2016,STX_DOC_000507,2003.0,dinoflagellate,dinoflagellate_stx,gymnodinium,DINO_TAXON,Three Novel Hydroxybenzoate Saxitoxin Analogues Isolated from the Dinoflagellate <i>Gymnodinium catenatum</i>
dino_pre2016,STX_DOC_000507,2003.0,dinoflagellate,dinoflagellate_stx,gymnodinium catenatum,DINO_TAXON,Three Novel Hydroxybenzoate Saxitoxin Analogues Isolated from the Dinoflagellate <i>Gymnodinium catenatum</i>
dino_pre2016,STX_DOC_000507,2003.0,dinoflagellate,dinoflagellate_stx,lc-ms,DETECTION_METHOD,Three Novel Hydroxybenzoate Saxitoxin Analogues Isolated from the Dinoflagellate <i>Gymnodinium catenatum</i>
dino_pre2016,STX_DOC_000508,2003.0,dinoflagellate,dinoflagellate_stx,paralytic shellfish poisoning,TOXIN,Effects of the toxic dinoflagellate Alexandrium fundyense on the copepod Acartia hudsonica: a test of the mechanisms that reduce ingestion rates
dino_pre2016,STX_DOC_000508,2003.0,dinoflagellate,dinoflagellate_stx,dinoflagellate,DINO_TAXON,Effects of the toxic dinoflagellate Alexandrium fundyense on the copepod Acartia hudsonica: a test of the mechanisms that reduce ingestion rates
dino_pre2016,STX_DOC_000508,2003.0,dinoflagellate,dinoflagellate_stx,dinoflagellates,DINO_TAXON,Effects of the toxic dinoflagellate Alexandrium fundyense on the copepod Acartia hudsonica: a test of the mechanisms that reduce ingestion rates
dino_pre2016,STX_DOC_000508,2003.0,dinoflagellate,dinoflagellate_stx,alexandrium,DINO_TAXON,Effects of the toxic dinoflagellate Alexandrium fundyense on the copepod Acartia hudsonica: a test of the mechanisms that reduce ingestion rates
dino_pre2016,STX_DOC_000508,2003.0,dinoflagellate,dinoflagellate_stx,alexandrium tamarense,DINO_TAXON,Effects of the toxic dinoflagellate Alexandrium fundyense on the copepod Acartia hudsonica: a test of the mechanisms that reduce ingestion rates
dino_pre2016,STX_DOC_000508,2003.0,dinoflagellate,dinoflagellate_stx,alexandrium fundyense,DINO_TAXON,Effects of the toxic dinoflagellate Alexandrium fundyense on the copepod Acartia hudsonica: a test of the mechanisms that reduce ingestion rates
dino_pre2016,STX_DOC_000508,2003.0,dinoflagellate,dinoflagellate_stx,bloom,ENV_FACTOR,Effects of the toxic dinoflagellate Alexandrium fundyense on the copepod Acartia hudsonica: a test of the mechanisms that reduce ingestion rates
dino_pre2016,STX_DOC_000508,2003.0,dinoflagellate,dinoflagellate_stx,harmful algal bloom,ENV_FACTOR,Effects of the toxic dinoflagellate Alexandrium fundyense on the copepod Acartia hudsonica: a test of the mechanisms that reduce ingestion rates
dino_pre2016,STX_DOC_000508,2003.0,dinoflagellate,dinoflagellate_stx,toxicity,BIOLOGICAL_PROCESS,Effects of the toxic dinoflagellate Alexandrium fundyense on the copepod Acartia hudsonica: a test of the mechanisms that reduce ingestion rates
dino_pre2016,STX_DOC_000509,2003.0,dinoflagellate,dinoflagellate_stx,saxitoxin,TOXIN,Three novel hydroxybenzoate saxitoxin analogues isolated from the dinoflagellate Gymnodinium catenatum.
dino_pre2016,STX_DOC_000509,2003.0,dinoflagellate,dinoflagellate_stx,paralytic shellfish poisoning,TOXIN,Three novel hydroxybenzoate saxitoxin analogues isolated from the dinoflagellate Gymnodinium catenatum.
dino_pre2016,STX_DOC_000509,2003.0,dinoflagellate,dinoflagellate_stx,dinoflagellate,DINO_TAXON,Three novel hydroxybenzoate saxitoxin analogues isolated from the dinoflagellate Gymnodinium catenatum.
dino_pre2016,STX_DOC_000509,2003.0,dinoflagellate,dinoflagellate_stx,gymnodinium,DINO_TAXON,Three novel hydroxybenzoate saxitoxin analogues isolated from the dinoflagellate Gymnodinium catenatum.
dino_pre2016,STX_DOC_000509,2003.0,dinoflagellate,dinoflagellate_stx,gymnodinium catenatum,DINO_TAXON,Three novel hydroxybenzoate saxitoxin analogues isolated from the dinoflagellate Gymnodinium catenatum.
dino_pre2016,STX_DOC_000509,2003.0,dinoflagellate,dinoflagellate_stx,lc-ms,DETECTION_METHOD,Three novel hydroxybenzoate saxitoxin analogues isolated from the dinoflagellate Gymnodinium catenatum.
dino_pre2016,STX_DOC_000510,2003.0,dinoflagellate,dinoflagellate_stx,paralytic shellfish toxins,TOXIN,Kinetics of accumulation and transformation of paralytic shellfish toxins in the blue mussel Mytilus galloprovincialis.
dino_pre2016,STX_DOC_000510,2003.0,dinoflagellate,dinoflagellate_stx,paralytic shellfish poisoning,TOXIN,Kinetics of accumulation and transformation of paralytic shellfish toxins in the blue mussel Mytilus galloprovincialis.
dino_pre2016,STX_DOC_000510,2003.0,dinoflagellate,dinoflagellate_stx,dinoflagellate,DINO_TAXON,Kinetics of accumulation and transformation of paralytic shellfish toxins in the blue mussel Mytilus galloprovincialis.
dino_pre2016,STX_DOC_000510,2003.0,dinoflagellate,dinoflagellate_stx,alexandrium,DINO_TAXON,Kinetics of accumulation and transformation of paralytic shellfish toxins in the blue mussel Mytilus galloprovincialis.
dino_pre2016,STX_DOC_000510,2003.0,dinoflagellate,dinoflagellate_stx,alexandrium minutum,DINO_TAXON,Kinetics of accumulation and transformation of paralytic shellfish toxins in the blue mussel Mytilus galloprovincialis.
dino_pre2016,STX_DOC_000511,2003.0,dinoflagellate,dinoflagellate_stx,paralytic shellfish toxin,TOXIN,"PARALYTIC SHELLFISH TOXINS IN PUGET SOUND, WASHINGTON STATE"
dino_pre2016,STX_DOC_000511,2003.0,dinoflagellate,dinoflagellate_stx,paralytic shellfish toxins,TOXIN,"PARALYTIC SHELLFISH TOXINS IN PUGET SOUND, WASHINGTON STATE"
dino_pre2016,STX_DOC_000511,2003.0,dinoflagellate,dinoflagellate_stx,paralytic shellfish poisoning,TOXIN,"PARALYTIC SHELLFISH TOXINS IN PUGET SOUND, WASHINGTON STATE"
dino_pre2016,STX_DOC_000511,2003.0,dinoflagellate,dinoflagellate_stx,dinoflagellates,DINO_TAXON,"PARALYTIC SHELLFISH TOXINS IN PUGET SOUND, WASHINGTON STATE"
dino_pre2016,STX_DOC_000511,2003.0,dinoflagellate,dinoflagellate_stx,alexandrium,DINO_TAXON,"PARALYTIC SHELLFISH TOXINS IN PUGET SOUND, WASHINGTON STATE"
dino_pre2016,STX_DOC_000511,2003.0,dinoflagellate,dinoflagellate_stx,climate,ENV_FACTOR,"PARALYTIC SHELLFISH TOXINS IN PUGET SOUND, WASHINGTON STATE"
dino_pre2016,STX_DOC_000511,2003.0,dinoflagellate,dinoflagellate_stx,bloom,ENV_FACTOR,"PARALYTIC SHELLFISH TOXINS IN PUGET SOUND, WASHINGTON STATE"
dino_pre2016,STX_DOC_000512,2002.0,dinoflagellate,dinoflagellate_stx,saxitoxin,TOXIN,Purification and characterization of sulfotransferase specific to O-22 of 11-hydroxy saxitoxin from the toxic dinoflagellate Gymnodinium catenatum (dinophyceae)
dino_pre2016,STX_DOC_000512,2002.0,dinoflagellate,dinoflagellate_stx,stx,TOXIN,Purification and characterization of sulfotransferase specific to O-22 of 11-hydroxy saxitoxin from the toxic dinoflagellate Gymnodinium catenatum (dinophyceae)
dino_pre2016,STX_DOC_000512,2002.0,dinoflagellate,dinoflagellate_stx,dinoflagellate,DINO_TAXON,Purification and characterization of sulfotransferase specific to O-22 of 11-hydroxy saxitoxin from the toxic dinoflagellate Gymnodinium catenatum (dinophyceae)
dino_pre2016,STX_DOC_000512,2002.0,dinoflagellate,dinoflagellate_stx,gymnodinium,DINO_TAXON,Purification and characterization of sulfotransferase specific to O-22 of 11-hydroxy saxitoxin from the toxic dinoflagellate Gymnodinium catenatum (dinophyceae)
dino_pre2016,STX_DOC_000512,2002.0,dinoflagellate,dinoflagellate_stx,gymnodinium catenatum,DINO_TAXON,Purification and characterization of sulfotransferase specific to O-22 of 11-hydroxy saxitoxin from the toxic dinoflagellate Gymnodinium catenatum (dinophyceae)
dino_pre2016,STX_DOC_000514,2001.0,dinoflagellate,dinoflagellate_stx,gonyautoxin,TOXIN,Non-selective retention of PSP toxins by the mussel Mytilus galloprovincialis fed with the toxic dinoflagellate Alexandrium tamarense.
dino_pre2016,STX_DOC_000514,2001.0,dinoflagellate,dinoflagellate_stx,paralytic shellfish poisoning,TOXIN,Non-selective retention of PSP toxins by the mussel Mytilus galloprovincialis fed with the toxic dinoflagellate Alexandrium tamarense.
dino_pre2016,STX_DOC_000514,2001.0,dinoflagellate,dinoflagellate_stx,dinoflagellate,DINO_TAXON,Non-selective retention of PSP toxins by the mussel Mytilus galloprovincialis fed with the toxic dinoflagellate Alexandrium tamarense.
dino_pre2016,STX_DOC_000514,2001.0,dinoflagellate,dinoflagellate_stx,alexandrium,DINO_TAXON,Non-selective retention of PSP toxins by the mussel Mytilus galloprovincialis fed with the toxic dinoflagellate Alexandrium tamarense.
dino_pre2016,STX_DOC_000514,2001.0,dinoflagellate,dinoflagellate_stx,alexandrium tamarense,DINO_TAXON,Non-selective retention of PSP toxins by the mussel Mytilus galloprovincialis fed with the toxic dinoflagellate Alexandrium tamarense.
dino_pre2016,STX_DOC_000514,2001.0,dinoflagellate,dinoflagellate_stx,hplc,DETECTION_METHOD,Non-selective retention of PSP toxins by the mussel Mytilus galloprovincialis fed with the toxic dinoflagellate Alexandrium tamarense.
dino_pre2016,STX_DOC_000515,2000.0,dinoflagellate,dinoflagellate_stx,stx,TOXIN,Comparative efficiencies of different non-toxic microalgal diets in detoxification of PSP-contaminated oysters (Crassostrea gigas Thunberg).
dino_pre2016,STX_DOC_000515,2000.0,dinoflagellate,dinoflagellate_stx,dinoflagellate,DINO_TAXON,Comparative efficiencies of different non-toxic microalgal diets in detoxification of PSP-contaminated oysters (Crassostrea gigas Thunberg).
dino_pre2016,STX_DOC_000515,2000.0,dinoflagellate,dinoflagellate_stx,alexandrium,DINO_TAXON,Comparative efficiencies of different non-toxic microalgal diets in detoxification of PSP-contaminated oysters (Crassostrea gigas Thunberg).
dino_pre2016,STX_DOC_000515,2000.0,dinoflagellate,dinoflagellate_stx,alexandrium minutum,DINO_TAXON,Comparative efficiencies of different non-toxic microalgal diets in detoxification of PSP-contaminated oysters (Crassostrea gigas Thunberg).
dino_pre2016,STX_DOC_000516,2000.0,dinoflagellate,dinoflagellate_stx,saxitoxin,TOXIN,Paralytic shellfish poisoning toxins induce xenobiotic metabolising enzymes in Atlantic salmon (Salmo salar).
dino_pre2016,STX_DOC_000516,2000.0,dinoflagellate,dinoflagellate_stx,stx,TOXIN,Paralytic shellfish poisoning toxins induce xenobiotic metabolising enzymes in Atlantic salmon (Salmo salar).
dino_pre2016,STX_DOC_000516,2000.0,dinoflagellate,dinoflagellate_stx,paralytic shellfish poisoning,TOXIN,Paralytic shellfish poisoning toxins induce xenobiotic metabolising enzymes in Atlantic salmon (Salmo salar).
dino_pre2016,STX_DOC_000516,2000.0,dinoflagellate,dinoflagellate_stx,dinoflagellate,DINO_TAXON,Paralytic shellfish poisoning toxins induce xenobiotic metabolising enzymes in Atlantic salmon (Salmo salar).
dino_pre2016,STX_DOC_000516,2000.0,dinoflagellate,dinoflagellate_stx,alexandrium,DINO_TAXON,Paralytic shellfish poisoning toxins induce xenobiotic metabolising enzymes in Atlantic salmon (Salmo salar).
dino_pre2016,STX_DOC_000516,2000.0,dinoflagellate,dinoflagellate_stx,alexandrium fundyense,DINO_TAXON,Paralytic shellfish poisoning toxins induce xenobiotic metabolising enzymes in Atlantic salmon (Salmo salar).
dino_pre2016,STX_DOC_000517,1998.0,dinoflagellate,dinoflagellate_stx,paralytic shellfish toxins,TOXIN,Solid-phase extraction and high-performance liquid chromatography procedures for the analysis of paralytic shellfish toxins.
dino_pre2016,STX_DOC_000517,1998.0,dinoflagellate,dinoflagellate_stx,paralytic shellfish poisoning,TOXIN,Solid-phase extraction and high-performance liquid chromatography procedures for the analysis of paralytic shellfish toxins.
dino_pre2016,STX_DOC_000517,1998.0,dinoflagellate,dinoflagellate_stx,dinoflagellate,DINO_TAXON,Solid-phase extraction and high-performance liquid chromatography procedures for the analysis of paralytic shellfish toxins.
dino_pre2016,STX_DOC_000517,1998.0,dinoflagellate,dinoflagellate_stx,alexandrium,DINO_TAXON,Solid-phase extraction and high-performance liquid chromatography procedures for the analysis of paralytic shellfish toxins.
dino_pre2016,STX_DOC_000517,1998.0,dinoflagellate,dinoflagellate_stx,gymnodinium,DINO_TAXON,Solid-phase extraction and high-performance liquid chromatography procedures for the analysis of paralytic shellfish toxins.
dino_pre2016,STX_DOC_000517,1998.0,dinoflagellate,dinoflagellate_stx,gymnodinium catenatum,DINO_TAXON,Solid-phase extraction and high-performance liquid chromatography procedures for the analysis of paralytic shellfish toxins.
dino_pre2016,STX_DOC_000517,1998.0,dinoflagellate,dinoflagellate_stx,hplc,DETECTION_METHOD,Solid-phase extraction and high-performance liquid chromatography procedures for the analysis of paralytic shellfish toxins.
dino_pre2016,STX_DOC_000518,1998.0,dinoflagellate,dinoflagellate_stx,gtx,TOXIN,"Transmission of the paralytic shellfish poisoning toxins, from dinoflagellate to gastropod."
dino_pre2016,STX_DOC_000518,1998.0,dinoflagellate,dinoflagellate_stx,paralytic shellfish poisoning,TOXIN,"Transmission of the paralytic shellfish poisoning toxins, from dinoflagellate to gastropod."
dino_pre2016,STX_DOC_000518,1998.0,dinoflagellate,dinoflagellate_stx,dinoflagellate,DINO_TAXON,"Transmission of the paralytic shellfish poisoning toxins, from dinoflagellate to gastropod."
dino_pre2016,STX_DOC_000518,1998.0,dinoflagellate,dinoflagellate_stx,alexandrium,DINO_TAXON,"Transmission of the paralytic shellfish poisoning toxins, from dinoflagellate to gastropod."
dino_pre2016,STX_DOC_000518,1998.0,dinoflagellate,dinoflagellate_stx,alexandrium minutum,DINO_TAXON,"Transmission of the paralytic shellfish poisoning toxins, from dinoflagellate to gastropod."
dino_pre2016,STX_DOC_000518,1998.0,dinoflagellate,dinoflagellate_stx,toxicity,BIOLOGICAL_PROCESS,"Transmission of the paralytic shellfish poisoning toxins, from dinoflagellate to gastropod."
dino_pre2016,STX_DOC_000520,1988.0,dinoflagellate,dinoflagellate_stx,saxitoxin,TOXIN,"THE UNIQUE, MICRORETICULATE CYST OF THE NAKED DINOFLAGELLATE GYMNODINIUM CATENATUM"
dino_pre2016,STX_DOC_000520,1988.0,dinoflagellate,dinoflagellate_stx,paralytic shellfish poisoning,TOXIN,"THE UNIQUE, MICRORETICULATE CYST OF THE NAKED DINOFLAGELLATE GYMNODINIUM CATENATUM"
dino_pre2016,STX_DOC_000520,1988.0,dinoflagellate,dinoflagellate_stx,dinoflagellate,DINO_TAXON,"THE UNIQUE, MICRORETICULATE CYST OF THE NAKED DINOFLAGELLATE GYMNODINIUM CATENATUM"
dino_pre2016,STX_DOC_000520,1988.0,dinoflagellate,dinoflagellate_stx,dinoflagellates,DINO_TAXON,"THE UNIQUE, MICRORETICULATE CYST OF THE NAKED DINOFLAGELLATE GYMNODINIUM CATENATUM"
dino_pre2016,STX_DOC_000520,1988.0,dinoflagellate,dinoflagellate_stx,gymnodinium,DINO_TAXON,"THE UNIQUE, MICRORETICULATE CYST OF THE NAKED DINOFLAGELLATE GYMNODINIUM CATENATUM"
dino_pre2016,STX_DOC_000520,1988.0,dinoflagellate,dinoflagellate_stx,gymnodinium catenatum,DINO_TAXON,"THE UNIQUE, MICRORETICULATE CYST OF THE NAKED DINOFLAGELLATE GYMNODINIUM CATENATUM"
dino_pre2016,STX_DOC_000520,1988.0,dinoflagellate,dinoflagellate_stx,bloom,ENV_FACTOR,"THE UNIQUE, MICRORETICULATE CYST OF THE NAKED DINOFLAGELLATE GYMNODINIUM CATENATUM"
dino_pre2016,STX_DOC_000560,2015.0,dinoflagellate,dinoflagellate_stx,saxitoxin,TOXIN,Detection of human exposure to saxitoxin and neosaxitoxin in urine by online-solid phase extraction-liquid chromatography-tandem mass spectrometry.
dino_pre2016,STX_DOC_000560,2015.0,dinoflagellate,dinoflagellate_stx,stx,TOXIN,Detection of human exposure to saxitoxin and neosaxitoxin in urine by online-solid phase extraction-liquid chromatography-tandem mass spectrometry.
dino_pre2016,STX_DOC_000560,2015.0,dinoflagellate,dinoflagellate_stx,neosaxitoxin,TOXIN,Detection of human exposure to saxitoxin and neosaxitoxin in urine by online-solid phase extraction-liquid chromatography-tandem mass spectrometry.
dino_pre2016,STX_DOC_000560,2015.0,dinoflagellate,dinoflagellate_stx,paralytic shellfish poisoning,TOXIN,Detection of human exposure to saxitoxin and neosaxitoxin in urine by online-solid phase extraction-liquid chromatography-tandem mass spectrometry.
dino_pre2016,STX_DOC_000560,2015.0,dinoflagellate,dinoflagellate_stx,dinoflagellates,DINO_TAXON,Detection of human exposure to saxitoxin and neosaxitoxin in urine by online-solid phase extraction-liquid chromatography-tandem mass spectrometry.
dino_pre2016,STX_DOC_000560,2015.0,dinoflagellate,dinoflagellate_stx,mass spectrometry,DETECTION_METHOD,Detection of human exposure to saxitoxin and neosaxitoxin in urine by online-solid phase extraction-liquid chromatography-tandem mass spectrometry.
dino_pre2016,STX_DOC_000561,2015.0,dinoflagellate,dinoflagellate_stx,paralytic shellfish poisoning,TOXIN,Interactive effects of ocean acidification and nitrogen limitation on two bloom-forming dinoflagellate species
dino_pre2016,STX_DOC_000561,2015.0,dinoflagellate,dinoflagellate_stx,dinoflagellate,DINO_TAXON,Interactive effects of ocean acidification and nitrogen limitation on two bloom-forming dinoflagellate species
dino_pre2016,STX_DOC_000561,2015.0,dinoflagellate,dinoflagellate_stx,alexandrium,DINO_TAXON,Interactive effects of ocean acidification and nitrogen limitation on two bloom-forming dinoflagellate species
dino_pre2016,STX_DOC_000561,2015.0,dinoflagellate,dinoflagellate_stx,alexandrium fundyense,DINO_TAXON,Interactive effects of ocean acidification and nitrogen limitation on two bloom-forming dinoflagellate species
dino_pre2016,STX_DOC_000561,2015.0,dinoflagellate,dinoflagellate_stx,nitrogen,ENV_FACTOR,Interactive effects of ocean acidification and nitrogen limitation on two bloom-forming dinoflagellate species
dino_pre2016,STX_DOC_000561,2015.0,dinoflagellate,dinoflagellate_stx,nutrient,ENV_FACTOR,Interactive effects of ocean acidification and nitrogen limitation on two bloom-forming dinoflagellate species
dino_pre2016,STX_DOC_000561,2015.0,dinoflagellate,dinoflagellate_stx,climate,ENV_FACTOR,Interactive effects of ocean acidification and nitrogen limitation on two bloom-forming dinoflagellate species
dino_pre2016,STX_DOC_000561,2015.0,dinoflagellate,dinoflagellate_stx,bloom,ENV_FACTOR,Interactive effects of ocean acidification and nitrogen limitation on two bloom-forming dinoflagellate species
dino_pre2016,STX_DOC_000561,2015.0,dinoflagellate,dinoflagellate_stx,toxicity,BIOLOGICAL_PROCESS,Interactive effects of ocean acidification and nitrogen limitation on two bloom-forming dinoflagellate species
dino_pre2016,STX_DOC_000562,2014.0,dinoflagellate,high_confidence_stx_biosynthesis,saxitoxin,TOXIN,"Alexandrium diversaporum sp. nov., a new non-saxitoxin producing species: Phylogeny, morphology and sxtA genes."
dino_pre2016,STX_DOC_000562,2014.0,dinoflagellate,high_confidence_stx_biosynthesis,pst,TOXIN,"Alexandrium diversaporum sp. nov., a new non-saxitoxin producing species: Phylogeny, morphology and sxtA genes."
dino_pre2016,STX_DOC_000562,2014.0,dinoflagellate,high_confidence_stx_biosynthesis,sxta,SXT_GENE,"Alexandrium diversaporum sp. nov., a new non-saxitoxin producing species: Phylogeny, morphology and sxtA genes."
dino_pre2016,STX_DOC_000562,2014.0,dinoflagellate,high_confidence_stx_biosynthesis,dinoflagellate,DINO_TAXON,"Alexandrium diversaporum sp. nov., a new non-saxitoxin producing species: Phylogeny, morphology and sxtA genes."
dino_pre2016,STX_DOC_000562,2014.0,dinoflagellate,high_confidence_stx_biosynthesis,alexandrium,DINO_TAXON,"Alexandrium diversaporum sp. nov., a new non-saxitoxin producing species: Phylogeny, morphology and sxtA genes."
dino_pre2016,STX_DOC_000562,2014.0,dinoflagellate,high_confidence_stx_biosynthesis,alexandrium leei,DINO_TAXON,"Alexandrium diversaporum sp. nov., a new non-saxitoxin producing species: Phylogeny, morphology and sxtA genes."
dino_pre2016,STX_DOC_000562,2014.0,dinoflagellate,high_confidence_stx_biosynthesis,phylogeny,BIOLOGICAL_PROCESS,"Alexandrium diversaporum sp. nov., a new non-saxitoxin producing species: Phylogeny, morphology and sxtA genes."
dino_pre2016,STX_DOC_000565,2013.0,dinoflagellate,dinoflagellate_stx,saxitoxin,TOXIN,"Transcriptomic Profiling of Genes Related to Cell Division, Metabolism and Toxin Production in the Dinoflagellate “Alexandrium fundyense”"
dino_pre2016,STX_DOC_000565,2013.0,dinoflagellate,dinoflagellate_stx,dinoflagellate,DINO_TAXON,"Transcriptomic Profiling of Genes Related to Cell Division, Metabolism and Toxin Production in the Dinoflagellate “Alexandrium fundyense”"
dino_pre2016,STX_DOC_000565,2013.0,dinoflagellate,dinoflagellate_stx,alexandrium,DINO_TAXON,"Transcriptomic Profiling of Genes Related to Cell Division, Metabolism and Toxin Production in the Dinoflagellate “Alexandrium fundyense”"
dino_pre2016,STX_DOC_000565,2013.0,dinoflagellate,dinoflagellate_stx,alexandrium fundyense,DINO_TAXON,"Transcriptomic Profiling of Genes Related to Cell Division, Metabolism and Toxin Production in the Dinoflagellate “Alexandrium fundyense”"
dino_pre2016,STX_DOC_000565,2013.0,dinoflagellate,dinoflagellate_stx,nitrogen,ENV_FACTOR,"Transcriptomic Profiling of Genes Related to Cell Division, Metabolism and Toxin Production in the Dinoflagellate “Alexandrium fundyense”"
dino_pre2016,STX_DOC_000565,2013.0,dinoflagellate,dinoflagellate_stx,nutrients,ENV_FACTOR,"Transcriptomic Profiling of Genes Related to Cell Division, Metabolism and Toxin Production in the Dinoflagellate “Alexandrium fundyense”"
dino_pre2016,STX_DOC_000565,2013.0,dinoflagellate,dinoflagellate_stx,light,ENV_FACTOR,"Transcriptomic Profiling of Genes Related to Cell Division, Metabolism and Toxin Production in the Dinoflagellate “Alexandrium fundyense”"
dino_pre2016,STX_DOC_000565,2013.0,dinoflagellate,dinoflagellate_stx,bloom,ENV_FACTOR,"Transcriptomic Profiling of Genes Related to Cell Division, Metabolism and Toxin Production in the Dinoflagellate “Alexandrium fundyense”"
dino_pre2016,STX_DOC_000565,2013.0,dinoflagellate,dinoflagellate_stx,regulation,BIOLOGICAL_PROCESS,"Transcriptomic Profiling of Genes Related to Cell Division, Metabolism and Toxin Production in the Dinoflagellate “Alexandrium fundyense”"
dino_pre2016,STX_DOC_000565,2013.0,dinoflagellate,dinoflagellate_stx,transcriptome,BIOLOGICAL_PROCESS,"Transcriptomic Profiling of Genes Related to Cell Division, Metabolism and Toxin Production in the Dinoflagellate “Alexandrium fundyense”"
dino_pre2016,STX_DOC_000565,2013.0,dinoflagellate,dinoflagellate_stx,transcriptomic,BIOLOGICAL_PROCESS,"Transcriptomic Profiling of Genes Related to Cell Division, Metabolism and Toxin Production in the Dinoflagellate “Alexandrium fundyense”"
dino_pre2016,STX_DOC_000565,2013.0,dinoflagellate,dinoflagellate_stx,toxin production,BIOLOGICAL_PROCESS,"Transcriptomic Profiling of Genes Related to Cell Division, Metabolism and Toxin Production in the Dinoflagellate “Alexandrium fundyense”"
dino_pre2016,STX_DOC_000566,2013.0,dinoflagellate,dinoflagellate_stx,saxitoxin,TOXIN,First report of the use of a saxitoxin-protein conjugate to develop a DNA aptamer to a small molecule toxin.
dino_pre2016,STX_DOC_000566,2013.0,dinoflagellate,dinoflagellate_stx,stx,TOXIN,First report of the use of a saxitoxin-protein conjugate to develop a DNA aptamer to a small molecule toxin.
dino_pre2016,STX_DOC_000566,2013.0,dinoflagellate,dinoflagellate_stx,paralytic shellfish toxins,TOXIN,First report of the use of a saxitoxin-protein conjugate to develop a DNA aptamer to a small molecule toxin.
dino_pre2016,STX_DOC_000566,2013.0,dinoflagellate,dinoflagellate_stx,paralytic shellfish poisoning,TOXIN,First report of the use of a saxitoxin-protein conjugate to develop a DNA aptamer to a small molecule toxin.
dino_pre2016,STX_DOC_000566,2013.0,dinoflagellate,dinoflagellate_stx,dinoflagellates,DINO_TAXON,First report of the use of a saxitoxin-protein conjugate to develop a DNA aptamer to a small molecule toxin.
dino_pre2016,STX_DOC_000567,2012.0,dinoflagellate,dinoflagellate_stx,saxitoxin,TOXIN,[Seasonal dynamics of genus Alexandrium (potentially toxic dinoflagellate) in the lagoon of Bizerte (North of Tunisia) and controls by the abiotic factors].
dino_pre2016,STX_DOC_000567,2012.0,dinoflagellate,dinoflagellate_stx,paralytic shellfish poisoning,TOXIN,[Seasonal dynamics of genus Alexandrium (potentially toxic dinoflagellate) in the lagoon of Bizerte (North of Tunisia) and controls by the abiotic factors].
dino_pre2016,STX_DOC_000567,2012.0,dinoflagellate,dinoflagellate_stx,dinoflagellate,DINO_TAXON,[Seasonal dynamics of genus Alexandrium (potentially toxic dinoflagellate) in the lagoon of Bizerte (North of Tunisia) and controls by the abiotic factors].
dino_pre2016,STX_DOC_000567,2012.0,dinoflagellate,dinoflagellate_stx,alexandrium,DINO_TAXON,[Seasonal dynamics of genus Alexandrium (potentially toxic dinoflagellate) in the lagoon of Bizerte (North of Tunisia) and controls by the abiotic factors].
dino_pre2016,STX_DOC_000567,2012.0,dinoflagellate,dinoflagellate_stx,temperature,ENV_FACTOR,[Seasonal dynamics of genus Alexandrium (potentially toxic dinoflagellate) in the lagoon of Bizerte (North of Tunisia) and controls by the abiotic factors].
dino_pre2016,STX_DOC_000567,2012.0,dinoflagellate,dinoflagellate_stx,salinity,ENV_FACTOR,[Seasonal dynamics of genus Alexandrium (potentially toxic dinoflagellate) in the lagoon of Bizerte (North of Tunisia) and controls by the abiotic factors].
dino_pre2016,STX_DOC_000567,2012.0,dinoflagellate,dinoflagellate_stx,nutrient,ENV_FACTOR,[Seasonal dynamics of genus Alexandrium (potentially toxic dinoflagellate) in the lagoon of Bizerte (North of Tunisia) and controls by the abiotic factors].
dino_pre2016,STX_DOC_000568,2012.0,dinoflagellate,dinoflagellate_stx,paralytic shellfish poisoning,TOXIN,Toxin levels and profiles in microalgae from the north-Western Adriatic Sea--15 years of studies on cultured species.
dino_pre2016,STX_DOC_000568,2012.0,dinoflagellate,dinoflagellate_stx,alexandrium,DINO_TAXON,Toxin levels and profiles in microalgae from the north-Western Adriatic Sea--15 years of studies on cultured species.
dino_pre2016,STX_DOC_000568,2012.0,dinoflagellate,dinoflagellate_stx,alexandrium minutum,DINO_TAXON,Toxin levels and profiles in microalgae from the north-Western Adriatic Sea--15 years of studies on cultured species.
dino_pre2016,STX_DOC_000568,2012.0,dinoflagellate,dinoflagellate_stx,alexandrium ostenfeldii,DINO_TAXON,Toxin levels and profiles in microalgae from the north-Western Adriatic Sea--15 years of studies on cultured species.
dino_pre2016,STX_DOC_000568,2012.0,dinoflagellate,dinoflagellate_stx,protoceratium,DINO_TAXON,Toxin levels and profiles in microalgae from the north-Western Adriatic Sea--15 years of studies on cultured species.
dino_pre2016,STX_DOC_000568,2012.0,dinoflagellate,dinoflagellate_stx,protoceratium reticulatum,DINO_TAXON,Toxin levels and profiles in microalgae from the north-Western Adriatic Sea--15 years of studies on cultured species.
dino_pre2016,STX_DOC_000568,2012.0,dinoflagellate,dinoflagellate_stx,toxicity,BIOLOGICAL_PROCESS,Toxin levels and profiles in microalgae from the north-Western Adriatic Sea--15 years of studies on cultured species.
dino_pre2016,STX_DOC_000569,2012.0,dinoflagellate,dinoflagellate_stx,saxitoxin,TOXIN,"Analysis of Poisoning Cases, Monitoring and Risk Warning for Marine Toxins (TTX, PSP and CTXs) in Taiwan"
dino_pre2016,STX_DOC_000569,2012.0,dinoflagellate,dinoflagellate_stx,gonyautoxin,TOXIN,"Analysis of Poisoning Cases, Monitoring and Risk Warning for Marine Toxins (TTX, PSP and CTXs) in Taiwan"
dino_pre2016,STX_DOC_000569,2012.0,dinoflagellate,dinoflagellate_stx,dinoflagellate,DINO_TAXON,"Analysis of Poisoning Cases, Monitoring and Risk Warning for Marine Toxins (TTX, PSP and CTXs) in Taiwan"
dino_pre2016,STX_DOC_000569,2012.0,dinoflagellate,dinoflagellate_stx,dinoflagellates,DINO_TAXON,"Analysis of Poisoning Cases, Monitoring and Risk Warning for Marine Toxins (TTX, PSP and CTXs) in Taiwan"
dino_pre2016,STX_DOC_000569,2012.0,dinoflagellate,dinoflagellate_stx,alexandrium,DINO_TAXON,"Analysis of Poisoning Cases, Monitoring and Risk Warning for Marine Toxins (TTX, PSP and CTXs) in Taiwan"
dino_pre2016,STX_DOC_000569,2012.0,dinoflagellate,dinoflagellate_stx,alexandrium minutum,DINO_TAXON,"Analysis of Poisoning Cases, Monitoring and Risk Warning for Marine Toxins (TTX, PSP and CTXs) in Taiwan"
dino_pre2016,STX_DOC_000569,2012.0,dinoflagellate,dinoflagellate_stx,hplc,DETECTION_METHOD,"Analysis of Poisoning Cases, Monitoring and Risk Warning for Marine Toxins (TTX, PSP and CTXs) in Taiwan"
dino_pre2016,STX_DOC_000569,2012.0,dinoflagellate,dinoflagellate_stx,lc-ms,DETECTION_METHOD,"Analysis of Poisoning Cases, Monitoring and Risk Warning for Marine Toxins (TTX, PSP and CTXs) in Taiwan"
dino_pre2016,STX_DOC_000569,2012.0,dinoflagellate,dinoflagellate_stx,lc-ms/ms,DETECTION_METHOD,"Analysis of Poisoning Cases, Monitoring and Risk Warning for Marine Toxins (TTX, PSP and CTXs) in Taiwan"
dino_pre2016,STX_DOC_000569,2012.0,dinoflagellate,dinoflagellate_stx,mouse bioassay,DETECTION_METHOD,"Analysis of Poisoning Cases, Monitoring and Risk Warning for Marine Toxins (TTX, PSP and CTXs) in Taiwan"
dino_pre2016,STX_DOC_000570,2012.0,dinoflagellate,dinoflagellate_stx,saxitoxin,TOXIN,Determination of paralytic shellfish toxins in shellfish by receptor binding assay: collaborative study.
dino_pre2016,STX_DOC_000570,2012.0,dinoflagellate,dinoflagellate_stx,stx,TOXIN,Determination of paralytic shellfish toxins in shellfish by receptor binding assay: collaborative study.
dino_pre2016,STX_DOC_000570,2012.0,dinoflagellate,dinoflagellate_stx,paralytic shellfish toxins,TOXIN,Determination of paralytic shellfish toxins in shellfish by receptor binding assay: collaborative study.
dino_pre2016,STX_DOC_000570,2012.0,dinoflagellate,dinoflagellate_stx,pst,TOXIN,Determination of paralytic shellfish toxins in shellfish by receptor binding assay: collaborative study.
dino_pre2016,STX_DOC_000570,2012.0,dinoflagellate,dinoflagellate_stx,dinoflagellate,DINO_TAXON,Determination of paralytic shellfish toxins in shellfish by receptor binding assay: collaborative study.
dino_pre2016,STX_DOC_000570,2012.0,dinoflagellate,dinoflagellate_stx,toxicity,BIOLOGICAL_PROCESS,Determination of paralytic shellfish toxins in shellfish by receptor binding assay: collaborative study.
dino_pre2016,STX_DOC_000570,2012.0,dinoflagellate,dinoflagellate_stx,hplc,DETECTION_METHOD,Determination of paralytic shellfish toxins in shellfish by receptor binding assay: collaborative study.
dino_pre2016,STX_DOC_000570,2012.0,dinoflagellate,dinoflagellate_stx,mouse bioassay,DETECTION_METHOD,Determination of paralytic shellfish toxins in shellfish by receptor binding assay: collaborative study.
dino_pre2016,STX_DOC_000571,2011.0,dinoflagellate,dinoflagellate_stx,dinoflagellate,DINO_TAXON,Effects of Different Nitrogen Sources on the Growth and Toxin Production of Toxic Dinoflagellate Alexandrium minutum
dino_pre2016,STX_DOC_000571,2011.0,dinoflagellate,dinoflagellate_stx,alexandrium,DINO_TAXON,Effects of Different Nitrogen Sources on the Growth and Toxin Production of Toxic Dinoflagellate Alexandrium minutum
dino_pre2016,STX_DOC_000571,2011.0,dinoflagellate,dinoflagellate_stx,alexandrium minutum,DINO_TAXON,Effects of Different Nitrogen Sources on the Growth and Toxin Production of Toxic Dinoflagellate Alexandrium minutum
dino_pre2016,STX_DOC_000571,2011.0,dinoflagellate,dinoflagellate_stx,nitrogen,ENV_FACTOR,Effects of Different Nitrogen Sources on the Growth and Toxin Production of Toxic Dinoflagellate Alexandrium minutum
dino_pre2016,STX_DOC_000571,2011.0,dinoflagellate,dinoflagellate_stx,nitrate,ENV_FACTOR,Effects of Different Nitrogen Sources on the Growth and Toxin Production of Toxic Dinoflagellate Alexandrium minutum
dino_pre2016,STX_DOC_000571,2011.0,dinoflagellate,dinoflagellate_stx,toxicity,BIOLOGICAL_PROCESS,Effects of Different Nitrogen Sources on the Growth and Toxin Production of Toxic Dinoflagellate Alexandrium minutum
dino_pre2016,STX_DOC_000571,2011.0,dinoflagellate,dinoflagellate_stx,toxin production,BIOLOGICAL_PROCESS,Effects of Different Nitrogen Sources on the Growth and Toxin Production of Toxic Dinoflagellate Alexandrium minutum
dino_pre2016,STX_DOC_000572,2010.0,dinoflagellate,dinoflagellate_stx,paralytic shellfish poisoning,TOXIN,Effects of environmental regimens on the toxin profile of Alexandrium ostenfeldii.
dino_pre2016,STX_DOC_000572,2010.0,dinoflagellate,dinoflagellate_stx,dinoflagellate,DINO_TAXON,Effects of environmental regimens on the toxin profile of Alexandrium ostenfeldii.
dino_pre2016,STX_DOC_000572,2010.0,dinoflagellate,dinoflagellate_stx,dinoflagellates,DINO_TAXON,Effects of environmental regimens on the toxin profile of Alexandrium ostenfeldii.
dino_pre2016,STX_DOC_000572,2010.0,dinoflagellate,dinoflagellate_stx,alexandrium,DINO_TAXON,Effects of environmental regimens on the toxin profile of Alexandrium ostenfeldii.
dino_pre2016,STX_DOC_000572,2010.0,dinoflagellate,dinoflagellate_stx,alexandrium ostenfeldii,DINO_TAXON,Effects of environmental regimens on the toxin profile of Alexandrium ostenfeldii.
dino_pre2016,STX_DOC_000572,2010.0,dinoflagellate,dinoflagellate_stx,salinity,ENV_FACTOR,Effects of environmental regimens on the toxin profile of Alexandrium ostenfeldii.
dino_pre2016,STX_DOC_000572,2010.0,dinoflagellate,dinoflagellate_stx,light,ENV_FACTOR,Effects of environmental regimens on the toxin profile of Alexandrium ostenfeldii.
dino_pre2016,STX_DOC_000572,2010.0,dinoflagellate,dinoflagellate_stx,toxicity,BIOLOGICAL_PROCESS,Effects of environmental regimens on the toxin profile of Alexandrium ostenfeldii.
dino_pre2016,STX_DOC_000572,2010.0,dinoflagellate,dinoflagellate_stx,toxin production,BIOLOGICAL_PROCESS,Effects of environmental regimens on the toxin profile of Alexandrium ostenfeldii.
dino_pre2016,STX_DOC_000572,2010.0,dinoflagellate,dinoflagellate_stx,lc-ms,DETECTION_METHOD,Effects of environmental regimens on the toxin profile of Alexandrium ostenfeldii.
dino_pre2016,STX_DOC_000572,2010.0,dinoflagellate,dinoflagellate_stx,mass spectrometry,DETECTION_METHOD,Effects of environmental regimens on the toxin profile of Alexandrium ostenfeldii.
dino_pre2016,STX_DOC_000573,2010.0,dinoflagellate,dinoflagellate_stx,saxitoxin,TOXIN,Metabolites of saxitoxin analogues in bivalves contaminated by Gymnodinium catenatum.
dino_pre2016,STX_DOC_000573,2010.0,dinoflagellate,dinoflagellate_stx,stx,TOXIN,Metabolites of saxitoxin analogues in bivalves contaminated by Gymnodinium catenatum.
dino_pre2016,STX_DOC_000573,2010.0,dinoflagellate,dinoflagellate_stx,alexandrium,DINO_TAXON,Metabolites of saxitoxin analogues in bivalves contaminated by Gymnodinium catenatum.
dino_pre2016,STX_DOC_000573,2010.0,dinoflagellate,dinoflagellate_stx,alexandrium tamarense,DINO_TAXON,Metabolites of saxitoxin analogues in bivalves contaminated by Gymnodinium catenatum.
dino_pre2016,STX_DOC_000573,2010.0,dinoflagellate,dinoflagellate_stx,gymnodinium,DINO_TAXON,Metabolites of saxitoxin analogues in bivalves contaminated by Gymnodinium catenatum.
dino_pre2016,STX_DOC_000573,2010.0,dinoflagellate,dinoflagellate_stx,gymnodinium catenatum,DINO_TAXON,Metabolites of saxitoxin analogues in bivalves contaminated by Gymnodinium catenatum.
dino_pre2016,STX_DOC_000573,2010.0,dinoflagellate,dinoflagellate_stx,mass spectrometry,DETECTION_METHOD,Metabolites of saxitoxin analogues in bivalves contaminated by Gymnodinium catenatum.
dino_pre2016,STX_DOC_000574,2010.0,dinoflagellate,dinoflagellate_stx,saxitoxin,TOXIN,Paralytic shellfish toxin concentration and cell density changes in Pyrodinium bahamense -Noctiluca scintillans feeding experiments.
dino_pre2016,STX_DOC_000574,2010.0,dinoflagellate,dinoflagellate_stx,paralytic shellfish toxin,TOXIN,Paralytic shellfish toxin concentration and cell density changes in Pyrodinium bahamense -Noctiluca scintillans feeding experiments.
dino_pre2016,STX_DOC_000574,2010.0,dinoflagellate,dinoflagellate_stx,dinoflagellate,DINO_TAXON,Paralytic shellfish toxin concentration and cell density changes in Pyrodinium bahamense -Noctiluca scintillans feeding experiments.
dino_pre2016,STX_DOC_000574,2010.0,dinoflagellate,dinoflagellate_stx,gymnodinium,DINO_TAXON,Paralytic shellfish toxin concentration and cell density changes in Pyrodinium bahamense -Noctiluca scintillans feeding experiments.
dino_pre2016,STX_DOC_000574,2010.0,dinoflagellate,dinoflagellate_stx,pyrodinium,DINO_TAXON,Paralytic shellfish toxin concentration and cell density changes in Pyrodinium bahamense -Noctiluca scintillans feeding experiments.
dino_pre2016,STX_DOC_000574,2010.0,dinoflagellate,dinoflagellate_stx,pyrodinium bahamense,DINO_TAXON,Paralytic shellfish toxin concentration and cell density changes in Pyrodinium bahamense -Noctiluca scintillans feeding experiments.
dino_pre2016,STX_DOC_000574,2010.0,dinoflagellate,dinoflagellate_stx,nutrients,ENV_FACTOR,Paralytic shellfish toxin concentration and cell density changes in Pyrodinium bahamense -Noctiluca scintillans feeding experiments.
dino_pre2016,STX_DOC_000576,2009.0,dinoflagellate,dinoflagellate_stx,gtx,TOXIN,Evaluation of the production of paralytic shellfish poisoning toxins by extracellular bacteria isolated from the toxic dinoflagellate<i>Alexandrium minutum</i>
dino_pre2016,STX_DOC_000576,2009.0,dinoflagellate,dinoflagellate_stx,paralytic shellfish poisoning,TOXIN,Evaluation of the production of paralytic shellfish poisoning toxins by extracellular bacteria isolated from the toxic dinoflagellate<i>Alexandrium minutum</i>
dino_pre2016,STX_DOC_000576,2009.0,dinoflagellate,dinoflagellate_stx,dinoflagellate,DINO_TAXON,Evaluation of the production of paralytic shellfish poisoning toxins by extracellular bacteria isolated from the toxic dinoflagellate<i>Alexandrium minutum</i>
dino_pre2016,STX_DOC_000576,2009.0,dinoflagellate,dinoflagellate_stx,dinoflagellates,DINO_TAXON,Evaluation of the production of paralytic shellfish poisoning toxins by extracellular bacteria isolated from the toxic dinoflagellate<i>Alexandrium minutum</i>
dino_pre2016,STX_DOC_000576,2009.0,dinoflagellate,dinoflagellate_stx,alexandrium,DINO_TAXON,Evaluation of the production of paralytic shellfish poisoning toxins by extracellular bacteria isolated from the toxic dinoflagellate<i>Alexandrium minutum</i>
dino_pre2016,STX_DOC_000576,2009.0,dinoflagellate,dinoflagellate_stx,alexandrium minutum,DINO_TAXON,Evaluation of the production of paralytic shellfish poisoning toxins by extracellular bacteria isolated from the toxic dinoflagellate<i>Alexandrium minutum</i>
dino_pre2016,STX_DOC_000576,2009.0,dinoflagellate,dinoflagellate_stx,hplc,DETECTION_METHOD,Evaluation of the production of paralytic shellfish poisoning toxins by extracellular bacteria isolated from the toxic dinoflagellate<i>Alexandrium minutum</i>
dino_pre2016,STX_DOC_000577,2008.0,cross_taxa,high_confidence_stx_biosynthesis,saxitoxin,TOXIN,Identification of a saxitoxin biosynthesis gene with a history of frequent horizontal gene transfers.
dino_pre2016,STX_DOC_000577,2008.0,cross_taxa,high_confidence_stx_biosynthesis,paralytic shellfish poisoning,TOXIN,Identification of a saxitoxin biosynthesis gene with a history of frequent horizontal gene transfers.
dino_pre2016,STX_DOC_000577,2008.0,cross_taxa,high_confidence_stx_biosynthesis,saxitoxin biosynthesis gene,SXT_GENE,Identification of a saxitoxin biosynthesis gene with a history of frequent horizontal gene transfers.
dino_pre2016,STX_DOC_000577,2008.0,cross_taxa,high_confidence_stx_biosynthesis,dinoflagellates,DINO_TAXON,Identification of a saxitoxin biosynthesis gene with a history of frequent horizontal gene transfers.
dino_pre2016,STX_DOC_000577,2008.0,cross_taxa,high_confidence_stx_biosynthesis,cyanobacteria,CYANO_TAXON,Identification of a saxitoxin biosynthesis gene with a history of frequent horizontal gene transfers.
dino_pre2016,STX_DOC_000577,2008.0,cross_taxa,high_confidence_stx_biosynthesis,biosynthesis,BIOLOGICAL_PROCESS,Identification of a saxitoxin biosynthesis gene with a history of frequent horizontal gene transfers.
dino_pre2016,STX_DOC_000577,2008.0,cross_taxa,high_confidence_stx_biosynthesis,saxitoxin biosynthesis,BIOLOGICAL_PROCESS,Identification of a saxitoxin biosynthesis gene with a history of frequent horizontal gene transfers.
dino_pre2016,STX_DOC_000577,2008.0,cross_taxa,high_confidence_stx_biosynthesis,phylogeny,BIOLOGICAL_PROCESS,Identification of a saxitoxin biosynthesis gene with a history of frequent horizontal gene transfers.
dino_pre2016,STX_DOC_000577,2008.0,cross_taxa,high_confidence_stx_biosynthesis,phylogenetic,BIOLOGICAL_PROCESS,Identification of a saxitoxin biosynthesis gene with a history of frequent horizontal gene transfers.
dino_pre2016,STX_DOC_000577,2008.0,cross_taxa,high_confidence_stx_biosynthesis,horizontal gene transfer,BIOLOGICAL_PROCESS,Identification of a saxitoxin biosynthesis gene with a history of frequent horizontal gene transfers.
dino_pre2016,STX_DOC_000579,2008.0,cross_taxa,dinoflagellate_stx,saxitoxin,TOXIN,Non-traditional vectors for paralytic shellfish poisoning.
dino_pre2016,STX_DOC_000579,2008.0,cross_taxa,dinoflagellate_stx,stx,TOXIN,Non-traditional vectors for paralytic shellfish poisoning.
dino_pre2016,STX_DOC_000579,2008.0,cross_taxa,dinoflagellate_stx,paralytic shellfish poisoning,TOXIN,Non-traditional vectors for paralytic shellfish poisoning.
dino_pre2016,STX_DOC_000579,2008.0,cross_taxa,dinoflagellate_stx,dinoflagellates,DINO_TAXON,Non-traditional vectors for paralytic shellfish poisoning.
dino_pre2016,STX_DOC_000579,2008.0,cross_taxa,dinoflagellate_stx,cyanobacteria,CYANO_TAXON,Non-traditional vectors for paralytic shellfish poisoning.
dino_pre2016,STX_DOC_000579,2008.0,cross_taxa,dinoflagellate_stx,bloom,ENV_FACTOR,Non-traditional vectors for paralytic shellfish poisoning.
dino_pre2016,STX_DOC_000580,2008.0,cross_taxa,dinoflagellate_stx,saxitoxin,TOXIN,Non-Traditional Vectors for Paralytic Shellfish Poisoning
dino_pre2016,STX_DOC_000580,2008.0,cross_taxa,dinoflagellate_stx,stx,TOXIN,Non-Traditional Vectors for Paralytic Shellfish Poisoning
dino_pre2016,STX_DOC_000580,2008.0,cross_taxa,dinoflagellate_stx,paralytic shellfish poisoning,TOXIN,Non-Traditional Vectors for Paralytic Shellfish Poisoning
dino_pre2016,STX_DOC_000580,2008.0,cross_taxa,dinoflagellate_stx,dinoflagellates,DINO_TAXON,Non-Traditional Vectors for Paralytic Shellfish Poisoning
dino_pre2016,STX_DOC_000580,2008.0,cross_taxa,dinoflagellate_stx,cyanobacteria,CYANO_TAXON,Non-Traditional Vectors for Paralytic Shellfish Poisoning
dino_pre2016,STX_DOC_000580,2008.0,cross_taxa,dinoflagellate_stx,bloom,ENV_FACTOR,Non-Traditional Vectors for Paralytic Shellfish Poisoning
dino_pre2016,STX_DOC_000581,2007.0,dinoflagellate,dinoflagellate_stx,saxitoxin,TOXIN,Use of<i>Perna</i>viridis as a Bioindicator of Paralytic Shellfish Toxins at Low<i>Pyrodinium bahamense</i>var<i>compressum</i>Density using a Radioreceptor Assay
dino_pre2016,STX_DOC_000581,2007.0,dinoflagellate,dinoflagellate_stx,paralytic shellfish toxins,TOXIN,Use of<i>Perna</i>viridis as a Bioindicator of Paralytic Shellfish Toxins at Low<i>Pyrodinium bahamense</i>var<i>compressum</i>Density using a Radioreceptor Assay
dino_pre2016,STX_DOC_000581,2007.0,dinoflagellate,dinoflagellate_stx,paralytic shellfish poisoning,TOXIN,Use of<i>Perna</i>viridis as a Bioindicator of Paralytic Shellfish Toxins at Low<i>Pyrodinium bahamense</i>var<i>compressum</i>Density using a Radioreceptor Assay
dino_pre2016,STX_DOC_000581,2007.0,dinoflagellate,dinoflagellate_stx,pyrodinium,DINO_TAXON,Use of<i>Perna</i>viridis as a Bioindicator of Paralytic Shellfish Toxins at Low<i>Pyrodinium bahamense</i>var<i>compressum</i>Density using a Radioreceptor Assay
dino_pre2016,STX_DOC_000581,2007.0,dinoflagellate,dinoflagellate_stx,pyrodinium bahamense,DINO_TAXON,Use of<i>Perna</i>viridis as a Bioindicator of Paralytic Shellfish Toxins at Low<i>Pyrodinium bahamense</i>var<i>compressum</i>Density using a Radioreceptor Assay
dino_pre2016,STX_DOC_000581,2007.0,dinoflagellate,dinoflagellate_stx,bloom,ENV_FACTOR,Use of<i>Perna</i>viridis as a Bioindicator of Paralytic Shellfish Toxins at Low<i>Pyrodinium bahamense</i>var<i>compressum</i>Density using a Radioreceptor Assay
dino_pre2016,STX_DOC_000581,2007.0,dinoflagellate,dinoflagellate_stx,toxicity,BIOLOGICAL_PROCESS,Use of<i>Perna</i>viridis as a Bioindicator of Paralytic Shellfish Toxins at Low<i>Pyrodinium bahamense</i>var<i>compressum</i>Density using a Radioreceptor Assay
dino_pre2016,STX_DOC_000581,2007.0,dinoflagellate,dinoflagellate_stx,mouse bioassay,DETECTION_METHOD,Use of<i>Perna</i>viridis as a Bioindicator of Paralytic Shellfish Toxins at Low<i>Pyrodinium bahamense</i>var<i>compressum</i>Density using a Radioreceptor Assay
dino_pre2016,STX_DOC_000582,2006.0,dinoflagellate,dinoflagellate_stx,saxitoxin,TOXIN,Factors affecting the distribution of Pyrodinium bahamense var. bahamense in coastal waters of Florida
dino_pre2016,STX_DOC_000582,2006.0,dinoflagellate,dinoflagellate_stx,dinoflagellate,DINO_TAXON,Factors affecting the distribution of Pyrodinium bahamense var. bahamense in coastal waters of Florida
dino_pre2016,STX_DOC_000582,2006.0,dinoflagellate,dinoflagellate_stx,pyrodinium,DINO_TAXON,Factors affecting the distribution of Pyrodinium bahamense var. bahamense in coastal waters of Florida
dino_pre2016,STX_DOC_000582,2006.0,dinoflagellate,dinoflagellate_stx,pyrodinium bahamense,DINO_TAXON,Factors affecting the distribution of Pyrodinium bahamense var. bahamense in coastal waters of Florida
dino_pre2016,STX_DOC_000582,2006.0,dinoflagellate,dinoflagellate_stx,temperature,ENV_FACTOR,Factors affecting the distribution of Pyrodinium bahamense var. bahamense in coastal waters of Florida
dino_pre2016,STX_DOC_000582,2006.0,dinoflagellate,dinoflagellate_stx,salinity,ENV_FACTOR,Factors affecting the distribution of Pyrodinium bahamense var. bahamense in coastal waters of Florida
dino_pre2016,STX_DOC_000582,2006.0,dinoflagellate,dinoflagellate_stx,nutrient,ENV_FACTOR,Factors affecting the distribution of Pyrodinium bahamense var. bahamense in coastal waters of Florida
dino_pre2016,STX_DOC_000582,2006.0,dinoflagellate,dinoflagellate_stx,bloom,ENV_FACTOR,Factors affecting the distribution of Pyrodinium bahamense var. bahamense in coastal waters of Florida
dino_pre2016,STX_DOC_000582,2006.0,dinoflagellate,dinoflagellate_stx,regulation,BIOLOGICAL_PROCESS,Factors affecting the distribution of Pyrodinium bahamense var. bahamense in coastal waters of Florida
dino_pre2016,STX_DOC_000583,2005.0,dinoflagellate,dinoflagellate_stx,saxitoxin,TOXIN,Identification and Characterization of Potentially Algal‐lytic Marine Bacteria Strongly Associated with the Toxic Dinoflagellate <i>Alexandrium catenella</i>
dino_pre2016,STX_DOC_000583,2005.0,dinoflagellate,dinoflagellate_stx,paralytic shellfish poisoning,TOXIN,Identification and Characterization of Potentially Algal‐lytic Marine Bacteria Strongly Associated with the Toxic Dinoflagellate <i>Alexandrium catenella</i>
dino_pre2016,STX_DOC_000583,2005.0,dinoflagellate,dinoflagellate_stx,dinoflagellate,DINO_TAXON,Identification and Characterization of Potentially Algal‐lytic Marine Bacteria Strongly Associated with the Toxic Dinoflagellate <i>Alexandrium catenella</i>
dino_pre2016,STX_DOC_000583,2005.0,dinoflagellate,dinoflagellate_stx,alexandrium,DINO_TAXON,Identification and Characterization of Potentially Algal‐lytic Marine Bacteria Strongly Associated with the Toxic Dinoflagellate <i>Alexandrium catenella</i>
dino_pre2016,STX_DOC_000583,2005.0,dinoflagellate,dinoflagellate_stx,alexandrium catenella,DINO_TAXON,Identification and Characterization of Potentially Algal‐lytic Marine Bacteria Strongly Associated with the Toxic Dinoflagellate <i>Alexandrium catenella</i>
dino_pre2016,STX_DOC_000583,2005.0,dinoflagellate,dinoflagellate_stx,nutrient,ENV_FACTOR,Identification and Characterization of Potentially Algal‐lytic Marine Bacteria Strongly Associated with the Toxic Dinoflagellate <i>Alexandrium catenella</i>
dino_pre2016,STX_DOC_000583,2005.0,dinoflagellate,dinoflagellate_stx,nutrients,ENV_FACTOR,Identification and Characterization of Potentially Algal‐lytic Marine Bacteria Strongly Associated with the Toxic Dinoflagellate <i>Alexandrium catenella</i>
dino_pre2016,STX_DOC_000583,2005.0,dinoflagellate,dinoflagellate_stx,expression,BIOLOGICAL_PROCESS,Identification and Characterization of Potentially Algal‐lytic Marine Bacteria Strongly Associated with the Toxic Dinoflagellate <i>Alexandrium catenella</i>
dino_pre2016,STX_DOC_000583,2005.0,dinoflagellate,dinoflagellate_stx,phylogenetic,BIOLOGICAL_PROCESS,Identification and Characterization of Potentially Algal‐lytic Marine Bacteria Strongly Associated with the Toxic Dinoflagellate <i>Alexandrium catenella</i>
dino_pre2016,STX_DOC_000584,2005.0,dinoflagellate,dinoflagellate_stx,saxitoxin,TOXIN,Identification and characterization of potentially algal-lytic marine bacteria strongly associated with the toxic dinoflagellate Alexandrium catenella.
dino_pre2016,STX_DOC_000584,2005.0,dinoflagellate,dinoflagellate_stx,paralytic shellfish poisoning,TOXIN,Identification and characterization of potentially algal-lytic marine bacteria strongly associated with the toxic dinoflagellate Alexandrium catenella.
dino_pre2016,STX_DOC_000584,2005.0,dinoflagellate,dinoflagellate_stx,dinoflagellate,DINO_TAXON,Identification and characterization of potentially algal-lytic marine bacteria strongly associated with the toxic dinoflagellate Alexandrium catenella.
dino_pre2016,STX_DOC_000584,2005.0,dinoflagellate,dinoflagellate_stx,alexandrium,DINO_TAXON,Identification and characterization of potentially algal-lytic marine bacteria strongly associated with the toxic dinoflagellate Alexandrium catenella.
dino_pre2016,STX_DOC_000584,2005.0,dinoflagellate,dinoflagellate_stx,alexandrium catenella,DINO_TAXON,Identification and characterization of potentially algal-lytic marine bacteria strongly associated with the toxic dinoflagellate Alexandrium catenella.
dino_pre2016,STX_DOC_000584,2005.0,dinoflagellate,dinoflagellate_stx,nutrient,ENV_FACTOR,Identification and characterization of potentially algal-lytic marine bacteria strongly associated with the toxic dinoflagellate Alexandrium catenella.
dino_pre2016,STX_DOC_000584,2005.0,dinoflagellate,dinoflagellate_stx,nutrients,ENV_FACTOR,Identification and characterization of potentially algal-lytic marine bacteria strongly associated with the toxic dinoflagellate Alexandrium catenella.
dino_pre2016,STX_DOC_000584,2005.0,dinoflagellate,dinoflagellate_stx,expression,BIOLOGICAL_PROCESS,Identification and characterization of potentially algal-lytic marine bacteria strongly associated with the toxic dinoflagellate Alexandrium catenella.
dino_pre2016,STX_DOC_000584,2005.0,dinoflagellate,dinoflagellate_stx,phylogenetic,BIOLOGICAL_PROCESS,Identification and characterization of potentially algal-lytic marine bacteria strongly associated with the toxic dinoflagellate Alexandrium catenella.
dino_pre2016,STX_DOC_000588,2003.0,dinoflagellate,dinoflagellate_stx,saxitoxin,TOXIN,Effect of Associated Bacteria on the Growth and Toxicity of <i>Alexandrium catenella</i>
dino_pre2016,STX_DOC_000588,2003.0,dinoflagellate,dinoflagellate_stx,paralytic shellfish poisoning,TOXIN,Effect of Associated Bacteria on the Growth and Toxicity of <i>Alexandrium catenella</i>
dino_pre2016,STX_DOC_000588,2003.0,dinoflagellate,dinoflagellate_stx,dinoflagellate,DINO_TAXON,Effect of Associated Bacteria on the Growth and Toxicity of <i>Alexandrium catenella</i>
dino_pre2016,STX_DOC_000588,2003.0,dinoflagellate,dinoflagellate_stx,dinoflagellates,DINO_TAXON,Effect of Associated Bacteria on the Growth and Toxicity of <i>Alexandrium catenella</i>
dino_pre2016,STX_DOC_000588,2003.0,dinoflagellate,dinoflagellate_stx,alexandrium,DINO_TAXON,Effect of Associated Bacteria on the Growth and Toxicity of <i>Alexandrium catenella</i>
dino_pre2016,STX_DOC_000588,2003.0,dinoflagellate,dinoflagellate_stx,alexandrium catenella,DINO_TAXON,Effect of Associated Bacteria on the Growth and Toxicity of <i>Alexandrium catenella</i>
dino_pre2016,STX_DOC_000588,2003.0,dinoflagellate,dinoflagellate_stx,toxicity,BIOLOGICAL_PROCESS,Effect of Associated Bacteria on the Growth and Toxicity of <i>Alexandrium catenella</i>
dino_pre2016,STX_DOC_000588,2003.0,dinoflagellate,dinoflagellate_stx,toxin production,BIOLOGICAL_PROCESS,Effect of Associated Bacteria on the Growth and Toxicity of <i>Alexandrium catenella</i>
dino_pre2016,STX_DOC_000588,2003.0,dinoflagellate,dinoflagellate_stx,hplc,DETECTION_METHOD,Effect of Associated Bacteria on the Growth and Toxicity of <i>Alexandrium catenella</i>
dino_pre2016,STX_DOC_000588,2003.0,dinoflagellate,dinoflagellate_stx,mouse bioassay,DETECTION_METHOD,Effect of Associated Bacteria on the Growth and Toxicity of <i>Alexandrium catenella</i>
dino_pre2016,STX_DOC_000589,2003.0,dinoflagellate,dinoflagellate_stx,saxitoxin,TOXIN,Effect of associated bacteria on the growth and toxicity of Alexandrium catenella.
dino_pre2016,STX_DOC_000589,2003.0,dinoflagellate,dinoflagellate_stx,paralytic shellfish poisoning,TOXIN,Effect of associated bacteria on the growth and toxicity of Alexandrium catenella.
dino_pre2016,STX_DOC_000589,2003.0,dinoflagellate,dinoflagellate_stx,dinoflagellate,DINO_TAXON,Effect of associated bacteria on the growth and toxicity of Alexandrium catenella.
dino_pre2016,STX_DOC_000589,2003.0,dinoflagellate,dinoflagellate_stx,dinoflagellates,DINO_TAXON,Effect of associated bacteria on the growth and toxicity of Alexandrium catenella.
dino_pre2016,STX_DOC_000589,2003.0,dinoflagellate,dinoflagellate_stx,alexandrium,DINO_TAXON,Effect of associated bacteria on the growth and toxicity of Alexandrium catenella.
dino_pre2016,STX_DOC_000589,2003.0,dinoflagellate,dinoflagellate_stx,alexandrium catenella,DINO_TAXON,Effect of associated bacteria on the growth and toxicity of Alexandrium catenella.
dino_pre2016,STX_DOC_000589,2003.0,dinoflagellate,dinoflagellate_stx,toxicity,BIOLOGICAL_PROCESS,Effect of associated bacteria on the growth and toxicity of Alexandrium catenella.
dino_pre2016,STX_DOC_000589,2003.0,dinoflagellate,dinoflagellate_stx,toxin production,BIOLOGICAL_PROCESS,Effect of associated bacteria on the growth and toxicity of Alexandrium catenella.
dino_pre2016,STX_DOC_000589,2003.0,dinoflagellate,dinoflagellate_stx,hplc,DETECTION_METHOD,Effect of associated bacteria on the growth and toxicity of Alexandrium catenella.
dino_pre2016,STX_DOC_000589,2003.0,dinoflagellate,dinoflagellate_stx,mouse bioassay,DETECTION_METHOD,Effect of associated bacteria on the growth and toxicity of Alexandrium catenella.
dino_pre2016,STX_DOC_000590,2002.0,dinoflagellate,dinoflagellate_stx,paralytic shellfish poisoning,TOXIN,Utilization efficiency of nitrogen associated with riverine dissolved organic carbon (&amp;amp;amp;amp;amp;amp;amp;amp;amp;amp;GT1 kDa) by two toxin-producing phytoplankton species
dino_pre2016,STX_DOC_000590,2002.0,dinoflagellate,dinoflagellate_stx,dinoflagellate,DINO_TAXON,Utilization efficiency of nitrogen associated with riverine dissolved organic carbon (&amp;amp;amp;amp;amp;amp;amp;amp;amp;amp;GT1 kDa) by two toxin-producing phytoplankton species
dino_pre2016,STX_DOC_000590,2002.0,dinoflagellate,dinoflagellate_stx,dinoflagellates,DINO_TAXON,Utilization efficiency of nitrogen associated with riverine dissolved organic carbon (&amp;amp;amp;amp;amp;amp;amp;amp;amp;amp;GT1 kDa) by two toxin-producing phytoplankton species
dino_pre2016,STX_DOC_000590,2002.0,dinoflagellate,dinoflagellate_stx,alexandrium,DINO_TAXON,Utilization efficiency of nitrogen associated with riverine dissolved organic carbon (&amp;amp;amp;amp;amp;amp;amp;amp;amp;amp;GT1 kDa) by two toxin-producing phytoplankton species
dino_pre2016,STX_DOC_000590,2002.0,dinoflagellate,dinoflagellate_stx,alexandrium tamarense,DINO_TAXON,Utilization efficiency of nitrogen associated with riverine dissolved organic carbon (&amp;amp;amp;amp;amp;amp;amp;amp;amp;amp;GT1 kDa) by two toxin-producing phytoplankton species
dino_pre2016,STX_DOC_000590,2002.0,dinoflagellate,dinoflagellate_stx,nitrogen,ENV_FACTOR,Utilization efficiency of nitrogen associated with riverine dissolved organic carbon (&amp;amp;amp;amp;amp;amp;amp;amp;amp;amp;GT1 kDa) by two toxin-producing phytoplankton species
dino_pre2016,STX_DOC_000590,2002.0,dinoflagellate,dinoflagellate_stx,nitrate,ENV_FACTOR,Utilization efficiency of nitrogen associated with riverine dissolved organic carbon (&amp;amp;amp;amp;amp;amp;amp;amp;amp;amp;GT1 kDa) by two toxin-producing phytoplankton species
dino_pre2016,STX_DOC_000590,2002.0,dinoflagellate,dinoflagellate_stx,bloom,ENV_FACTOR,Utilization efficiency of nitrogen associated with riverine dissolved organic carbon (&amp;amp;amp;amp;amp;amp;amp;amp;amp;amp;GT1 kDa) by two toxin-producing phytoplankton species
dino_pre2016,STX_DOC_000590,2002.0,dinoflagellate,dinoflagellate_stx,toxicity,BIOLOGICAL_PROCESS,Utilization efficiency of nitrogen associated with riverine dissolved organic carbon (&amp;amp;amp;amp;amp;amp;amp;amp;amp;amp;GT1 kDa) by two toxin-producing phytoplankton species
dino_pre2016,STX_DOC_000591,2002.0,dinoflagellate,dinoflagellate_stx,paralytic shellfish toxins,TOXIN,"Particle size fractionation of paralytic shellfish toxins (PSTs): seasonal distribution and bacterial production in the St Lawrence estuary, Canada."
dino_pre2016,STX_DOC_000591,2002.0,dinoflagellate,dinoflagellate_stx,pst,TOXIN,"Particle size fractionation of paralytic shellfish toxins (PSTs): seasonal distribution and bacterial production in the St Lawrence estuary, Canada."
dino_pre2016,STX_DOC_000591,2002.0,dinoflagellate,dinoflagellate_stx,psts,TOXIN,"Particle size fractionation of paralytic shellfish toxins (PSTs): seasonal distribution and bacterial production in the St Lawrence estuary, Canada."
dino_pre2016,STX_DOC_000591,2002.0,dinoflagellate,dinoflagellate_stx,alexandrium,DINO_TAXON,"Particle size fractionation of paralytic shellfish toxins (PSTs): seasonal distribution and bacterial production in the St Lawrence estuary, Canada."
dino_pre2016,STX_DOC_000591,2002.0,dinoflagellate,dinoflagellate_stx,alexandrium tamarense,DINO_TAXON,"Particle size fractionation of paralytic shellfish toxins (PSTs): seasonal distribution and bacterial production in the St Lawrence estuary, Canada."
dino_pre2016,STX_DOC_000591,2002.0,dinoflagellate,dinoflagellate_stx,hplc,DETECTION_METHOD,"Particle size fractionation of paralytic shellfish toxins (PSTs): seasonal distribution and bacterial production in the St Lawrence estuary, Canada."
dino_pre2016,STX_DOC_000591,2002.0,dinoflagellate,dinoflagellate_stx,mouse bioassay,DETECTION_METHOD,"Particle size fractionation of paralytic shellfish toxins (PSTs): seasonal distribution and bacterial production in the St Lawrence estuary, Canada."
dino_pre2016,STX_DOC_000593,2001.0,dinoflagellate,dinoflagellate_stx,saxitoxin,TOXIN,Are<i>Pyrodinium</i>Blooms in the Southeast Asian Region Recurring and Spreading? A View at the End of the Millennium
dino_pre2016,STX_DOC_000593,2001.0,dinoflagellate,dinoflagellate_stx,paralytic shellfish poisoning,TOXIN,Are<i>Pyrodinium</i>Blooms in the Southeast Asian Region Recurring and Spreading? A View at the End of the Millennium
dino_pre2016,STX_DOC_000593,2001.0,dinoflagellate,dinoflagellate_stx,dinoflagellate,DINO_TAXON,Are<i>Pyrodinium</i>Blooms in the Southeast Asian Region Recurring and Spreading? A View at the End of the Millennium
dino_pre2016,STX_DOC_000593,2001.0,dinoflagellate,dinoflagellate_stx,pyrodinium,DINO_TAXON,Are<i>Pyrodinium</i>Blooms in the Southeast Asian Region Recurring and Spreading? A View at the End of the Millennium
dino_pre2016,STX_DOC_000593,2001.0,dinoflagellate,dinoflagellate_stx,pyrodinium bahamense,DINO_TAXON,Are<i>Pyrodinium</i>Blooms in the Southeast Asian Region Recurring and Spreading? A View at the End of the Millennium
dino_pre2016,STX_DOC_000593,2001.0,dinoflagellate,dinoflagellate_stx,bloom,ENV_FACTOR,Are<i>Pyrodinium</i>Blooms in the Southeast Asian Region Recurring and Spreading? A View at the End of the Millennium
dino_pre2016,STX_DOC_000594,2001.0,dinoflagellate,dinoflagellate_stx,saxitoxin,TOXIN,Are Pyrodinium Blooms in the Southeast Asian Region Recurring and Spreading? A View at the End of the Millennium
dino_pre2016,STX_DOC_000594,2001.0,dinoflagellate,dinoflagellate_stx,paralytic shellfish poisoning,TOXIN,Are Pyrodinium Blooms in the Southeast Asian Region Recurring and Spreading? A View at the End of the Millennium
dino_pre2016,STX_DOC_000594,2001.0,dinoflagellate,dinoflagellate_stx,dinoflagellate,DINO_TAXON,Are Pyrodinium Blooms in the Southeast Asian Region Recurring and Spreading? A View at the End of the Millennium
dino_pre2016,STX_DOC_000594,2001.0,dinoflagellate,dinoflagellate_stx,pyrodinium,DINO_TAXON,Are Pyrodinium Blooms in the Southeast Asian Region Recurring and Spreading? A View at the End of the Millennium
dino_pre2016,STX_DOC_000594,2001.0,dinoflagellate,dinoflagellate_stx,pyrodinium bahamense,DINO_TAXON,Are Pyrodinium Blooms in the Southeast Asian Region Recurring and Spreading? A View at the End of the Millennium
dino_pre2016,STX_DOC_000594,2001.0,dinoflagellate,dinoflagellate_stx,bloom,ENV_FACTOR,Are Pyrodinium Blooms in the Southeast Asian Region Recurring and Spreading? A View at the End of the Millennium
dino_pre2016,STX_DOC_000596,2001.0,dinoflagellate,dinoflagellate_stx,saxitoxin,TOXIN,Are Pyrodinium blooms in the Southeast Asian region recurring and spreading? A view at the end of the millennium.
dino_pre2016,STX_DOC_000596,2001.0,dinoflagellate,dinoflagellate_stx,paralytic shellfish poisoning,TOXIN,Are Pyrodinium blooms in the Southeast Asian region recurring and spreading? A view at the end of the millennium.
dino_pre2016,STX_DOC_000596,2001.0,dinoflagellate,dinoflagellate_stx,dinoflagellate,DINO_TAXON,Are Pyrodinium blooms in the Southeast Asian region recurring and spreading? A view at the end of the millennium.
dino_pre2016,STX_DOC_000596,2001.0,dinoflagellate,dinoflagellate_stx,pyrodinium,DINO_TAXON,Are Pyrodinium blooms in the Southeast Asian region recurring and spreading? A view at the end of the millennium.
dino_pre2016,STX_DOC_000596,2001.0,dinoflagellate,dinoflagellate_stx,pyrodinium bahamense,DINO_TAXON,Are Pyrodinium blooms in the Southeast Asian region recurring and spreading? A view at the end of the millennium.
dino_pre2016,STX_DOC_000596,2001.0,dinoflagellate,dinoflagellate_stx,bloom,ENV_FACTOR,Are Pyrodinium blooms in the Southeast Asian region recurring and spreading? A view at the end of the millennium.
dino_pre2016,STX_DOC_000597,1995.0,dinoflagellate,dinoflagellate_stx,saxitoxin,TOXIN,Postcolumn Derivatization Liquid Chromatographic Method for Paralytic Shellfish Toxins
dino_pre2016,STX_DOC_000597,1995.0,dinoflagellate,dinoflagellate_stx,gonyautoxin,TOXIN,Postcolumn Derivatization Liquid Chromatographic Method for Paralytic Shellfish Toxins
dino_pre2016,STX_DOC_000597,1995.0,dinoflagellate,dinoflagellate_stx,paralytic shellfish toxins,TOXIN,Postcolumn Derivatization Liquid Chromatographic Method for Paralytic Shellfish Toxins
dino_pre2016,STX_DOC_000597,1995.0,dinoflagellate,dinoflagellate_stx,dinoflagellate,DINO_TAXON,Postcolumn Derivatization Liquid Chromatographic Method for Paralytic Shellfish Toxins
dino_pre2016,STX_DOC_000597,1995.0,dinoflagellate,dinoflagellate_stx,toxicity,BIOLOGICAL_PROCESS,Postcolumn Derivatization Liquid Chromatographic Method for Paralytic Shellfish Toxins
dino_pre2016,STX_DOC_000597,1995.0,dinoflagellate,dinoflagellate_stx,mouse bioassay,DETECTION_METHOD,Postcolumn Derivatization Liquid Chromatographic Method for Paralytic Shellfish Toxins
dino_pre2016,STX_DOC_000598,1995.0,cross_taxa,dinoflagellate_stx,stx,TOXIN,"The impact of harmful algal blooms on finfish. Mortality, pathology and toxicology"
dino_pre2016,STX_DOC_000598,1995.0,cross_taxa,dinoflagellate_stx,gonyautoxin,TOXIN,"The impact of harmful algal blooms on finfish. Mortality, pathology and toxicology"
dino_pre2016,STX_DOC_000598,1995.0,cross_taxa,dinoflagellate_stx,dinoflagellates,DINO_TAXON,"The impact of harmful algal blooms on finfish. Mortality, pathology and toxicology"
dino_pre2016,STX_DOC_000598,1995.0,cross_taxa,dinoflagellate_stx,gymnodinium,DINO_TAXON,"The impact of harmful algal blooms on finfish. Mortality, pathology and toxicology"
dino_pre2016,STX_DOC_000598,1995.0,cross_taxa,dinoflagellate_stx,pyrodinium,DINO_TAXON,"The impact of harmful algal blooms on finfish. Mortality, pathology and toxicology"
dino_pre2016,STX_DOC_000598,1995.0,cross_taxa,dinoflagellate_stx,cyanobacteria,CYANO_TAXON,"The impact of harmful algal blooms on finfish. Mortality, pathology and toxicology"
dino_pre2016,STX_DOC_000598,1995.0,cross_taxa,dinoflagellate_stx,toxicity,BIOLOGICAL_PROCESS,"The impact of harmful algal blooms on finfish. Mortality, pathology and toxicology"
dino_pre2016,STX_DOC_000599,1994.0,cross_taxa,dinoflagellate_stx,saxitoxin,TOXIN,Isolation and purification procedures for the preparation of paralytic shellfish poisoning toxin standards
dino_pre2016,STX_DOC_000599,1994.0,cross_taxa,dinoflagellate_stx,paralytic shellfish poisoning,TOXIN,Isolation and purification procedures for the preparation of paralytic shellfish poisoning toxin standards
dino_pre2016,STX_DOC_000599,1994.0,cross_taxa,dinoflagellate_stx,dinoflagellate,DINO_TAXON,Isolation and purification procedures for the preparation of paralytic shellfish poisoning toxin standards
dino_pre2016,STX_DOC_000599,1994.0,cross_taxa,dinoflagellate_stx,alexandrium,DINO_TAXON,Isolation and purification procedures for the preparation of paralytic shellfish poisoning toxin standards
dino_pre2016,STX_DOC_000599,1994.0,cross_taxa,dinoflagellate_stx,cyanobacterium,CYANO_TAXON,Isolation and purification procedures for the preparation of paralytic shellfish poisoning toxin standards
dino_pre2016,STX_DOC_000599,1994.0,cross_taxa,dinoflagellate_stx,aphanizomenon,CYANO_TAXON,Isolation and purification procedures for the preparation of paralytic shellfish poisoning toxin standards
dino_pre2016,STX_DOC_000599,1994.0,cross_taxa,dinoflagellate_stx,hplc,DETECTION_METHOD,Isolation and purification procedures for the preparation of paralytic shellfish poisoning toxin standards
dino_pre2016,STX_DOC_000599,1994.0,cross_taxa,dinoflagellate_stx,mass spectrometry,DETECTION_METHOD,Isolation and purification procedures for the preparation of paralytic shellfish poisoning toxin standards
dino_pre2016,STX_DOC_000600,1994.0,cross_taxa,dinoflagellate_stx,saxitoxin,TOXIN,Isolation and purification procedures for the preparation of paralytic shellfish poisoning toxin standards.
dino_pre2016,STX_DOC_000600,1994.0,cross_taxa,dinoflagellate_stx,paralytic shellfish poisoning,TOXIN,Isolation and purification procedures for the preparation of paralytic shellfish poisoning toxin standards.
dino_pre2016,STX_DOC_000600,1994.0,cross_taxa,dinoflagellate_stx,dinoflagellate,DINO_TAXON,Isolation and purification procedures for the preparation of paralytic shellfish poisoning toxin standards.
dino_pre2016,STX_DOC_000600,1994.0,cross_taxa,dinoflagellate_stx,alexandrium,DINO_TAXON,Isolation and purification procedures for the preparation of paralytic shellfish poisoning toxin standards.
dino_pre2016,STX_DOC_000600,1994.0,cross_taxa,dinoflagellate_stx,cyanobacterium,CYANO_TAXON,Isolation and purification procedures for the preparation of paralytic shellfish poisoning toxin standards.
dino_pre2016,STX_DOC_000600,1994.0,cross_taxa,dinoflagellate_stx,aphanizomenon,CYANO_TAXON,Isolation and purification procedures for the preparation of paralytic shellfish poisoning toxin standards.
dino_pre2016,STX_DOC_000600,1994.0,cross_taxa,dinoflagellate_stx,hplc,DETECTION_METHOD,Isolation and purification procedures for the preparation of paralytic shellfish poisoning toxin standards.
dino_pre2016,STX_DOC_000600,1994.0,cross_taxa,dinoflagellate_stx,mass spectrometry,DETECTION_METHOD,Isolation and purification procedures for the preparation of paralytic shellfish poisoning toxin standards.
dino_pre2016,STX_DOC_000601,1988.0,dinoflagellate,dinoflagellate_stx,saxitoxin,TOXIN,"Protogonyaulax cohorticula, a toxic dinoflagellate found in the Gulf of Thailand."
dino_pre2016,STX_DOC_000601,1988.0,dinoflagellate,dinoflagellate_stx,gonyautoxin,TOXIN,"Protogonyaulax cohorticula, a toxic dinoflagellate found in the Gulf of Thailand."
dino_pre2016,STX_DOC_000601,1988.0,dinoflagellate,dinoflagellate_stx,paralytic shellfish poisoning,TOXIN,"Protogonyaulax cohorticula, a toxic dinoflagellate found in the Gulf of Thailand."
dino_pre2016,STX_DOC_000601,1988.0,dinoflagellate,dinoflagellate_stx,dinoflagellate,DINO_TAXON,"Protogonyaulax cohorticula, a toxic dinoflagellate found in the Gulf of Thailand."
dino_pre2016,STX_DOC_000601,1988.0,dinoflagellate,dinoflagellate_stx,hplc,DETECTION_METHOD,"Protogonyaulax cohorticula, a toxic dinoflagellate found in the Gulf of Thailand."
dino_pre2016,STX_DOC_000602,1986.0,dinoflagellate,dinoflagellate_stx,saxitoxin,TOXIN,Effects of saxitoxin analogues and ligand competition on sodium currents of squid axons.
dino_pre2016,STX_DOC_000602,1986.0,dinoflagellate,dinoflagellate_stx,stx,TOXIN,Effects of saxitoxin analogues and ligand competition on sodium currents of squid axons.
dino_pre2016,STX_DOC_000602,1986.0,dinoflagellate,dinoflagellate_stx,gonyautoxin,TOXIN,Effects of saxitoxin analogues and ligand competition on sodium currents of squid axons.
dino_pre2016,STX_DOC_000602,1986.0,dinoflagellate,dinoflagellate_stx,dinoflagellates,DINO_TAXON,Effects of saxitoxin analogues and ligand competition on sodium currents of squid axons.
dino_pre2016,STX_DOC_000603,1984.0,dinoflagellate,dinoflagellate_stx,saxitoxin,TOXIN,Biosynthesis of Paralytic Shellfish Toxins
dino_pre2016,STX_DOC_000603,1984.0,dinoflagellate,dinoflagellate_stx,neosaxitoxin,TOXIN,Biosynthesis of Paralytic Shellfish Toxins
dino_pre2016,STX_DOC_000603,1984.0,dinoflagellate,dinoflagellate_stx,gonyautoxin,TOXIN,Biosynthesis of Paralytic Shellfish Toxins
dino_pre2016,STX_DOC_000603,1984.0,dinoflagellate,dinoflagellate_stx,paralytic shellfish toxins,TOXIN,Biosynthesis of Paralytic Shellfish Toxins
dino_pre2016,STX_DOC_000603,1984.0,dinoflagellate,dinoflagellate_stx,dinoflagellates,DINO_TAXON,Biosynthesis of Paralytic Shellfish Toxins
dino_pre2016,STX_DOC_000603,1984.0,dinoflagellate,dinoflagellate_stx,biosynthesis,BIOLOGICAL_PROCESS,Biosynthesis of Paralytic Shellfish Toxins
dino_pre2016,STX_DOC_000642,2015.0,dinoflagellate,dinoflagellate_stx,stx,TOXIN,Monitoring Oregon Coastal Harmful Algae: Observations and implications of a harmful algal bloom-monitoring project
dino_pre2016,STX_DOC_000642,2015.0,dinoflagellate,dinoflagellate_stx,alexandrium,DINO_TAXON,Monitoring Oregon Coastal Harmful Algae: Observations and implications of a harmful algal bloom-monitoring project
dino_pre2016,STX_DOC_000642,2015.0,dinoflagellate,dinoflagellate_stx,warming,ENV_FACTOR,Monitoring Oregon Coastal Harmful Algae: Observations and implications of a harmful algal bloom-monitoring project
dino_pre2016,STX_DOC_000642,2015.0,dinoflagellate,dinoflagellate_stx,bloom,ENV_FACTOR,Monitoring Oregon Coastal Harmful Algae: Observations and implications of a harmful algal bloom-monitoring project
dino_pre2016,STX_DOC_000642,2015.0,dinoflagellate,dinoflagellate_stx,harmful algal bloom,ENV_FACTOR,Monitoring Oregon Coastal Harmful Algae: Observations and implications of a harmful algal bloom-monitoring project
dino_pre2016,STX_DOC_000642,2015.0,dinoflagellate,dinoflagellate_stx,toxicity,BIOLOGICAL_PROCESS,Monitoring Oregon Coastal Harmful Algae: Observations and implications of a harmful algal bloom-monitoring project
dino_pre2016,STX_DOC_000643,2015.0,dinoflagellate,dinoflagellate_stx,saxitoxin,TOXIN,Saxitoxin Modulates Immunological Parameters and Gene Transcription in Mytilus chilensis Hemocytes.
dino_pre2016,STX_DOC_000643,2015.0,dinoflagellate,dinoflagellate_stx,stx,TOXIN,Saxitoxin Modulates Immunological Parameters and Gene Transcription in Mytilus chilensis Hemocytes.
dino_pre2016,STX_DOC_000643,2015.0,dinoflagellate,dinoflagellate_stx,paralytic shellfish poisoning,TOXIN,Saxitoxin Modulates Immunological Parameters and Gene Transcription in Mytilus chilensis Hemocytes.
dino_pre2016,STX_DOC_000643,2015.0,dinoflagellate,dinoflagellate_stx,dinoflagellates,DINO_TAXON,Saxitoxin Modulates Immunological Parameters and Gene Transcription in Mytilus chilensis Hemocytes.
dino_pre2016,STX_DOC_000643,2015.0,dinoflagellate,dinoflagellate_stx,alexandrium,DINO_TAXON,Saxitoxin Modulates Immunological Parameters and Gene Transcription in Mytilus chilensis Hemocytes.
dino_pre2016,STX_DOC_000643,2015.0,dinoflagellate,dinoflagellate_stx,transcription,BIOLOGICAL_PROCESS,Saxitoxin Modulates Immunological Parameters and Gene Transcription in Mytilus chilensis Hemocytes.
dino_pre2016,STX_DOC_000645,2014.0,dinoflagellate,high_confidence_stx_biosynthesis,saxitoxin,TOXIN,WITHDRAWN: Gene expression and molecular evolution of sxtA4 in a saxitoxin producing dinoflagellate Alexandrium catenella.
dino_pre2016,STX_DOC_000645,2014.0,dinoflagellate,high_confidence_stx_biosynthesis,sxta4,SXT_GENE,WITHDRAWN: Gene expression and molecular evolution of sxtA4 in a saxitoxin producing dinoflagellate Alexandrium catenella.
dino_pre2016,STX_DOC_000645,2014.0,dinoflagellate,high_confidence_stx_biosynthesis,dinoflagellate,DINO_TAXON,WITHDRAWN: Gene expression and molecular evolution of sxtA4 in a saxitoxin producing dinoflagellate Alexandrium catenella.
dino_pre2016,STX_DOC_000645,2014.0,dinoflagellate,high_confidence_stx_biosynthesis,alexandrium,DINO_TAXON,WITHDRAWN: Gene expression and molecular evolution of sxtA4 in a saxitoxin producing dinoflagellate Alexandrium catenella.
dino_pre2016,STX_DOC_000645,2014.0,dinoflagellate,high_confidence_stx_biosynthesis,alexandrium catenella,DINO_TAXON,WITHDRAWN: Gene expression and molecular evolution of sxtA4 in a saxitoxin producing dinoflagellate Alexandrium catenella.
dino_pre2016,STX_DOC_000645,2014.0,dinoflagellate,high_confidence_stx_biosynthesis,expression,BIOLOGICAL_PROCESS,WITHDRAWN: Gene expression and molecular evolution of sxtA4 in a saxitoxin producing dinoflagellate Alexandrium catenella.
dino_pre2016,STX_DOC_000645,2014.0,dinoflagellate,high_confidence_stx_biosynthesis,gene expression,BIOLOGICAL_PROCESS,WITHDRAWN: Gene expression and molecular evolution of sxtA4 in a saxitoxin producing dinoflagellate Alexandrium catenella.
dino_pre2016,STX_DOC_000645,2014.0,dinoflagellate,high_confidence_stx_biosynthesis,evolution,BIOLOGICAL_PROCESS,WITHDRAWN: Gene expression and molecular evolution of sxtA4 in a saxitoxin producing dinoflagellate Alexandrium catenella.
dino_pre2016,STX_DOC_000649,2014.0,dinoflagellate,dinoflagellate_stx,saxitoxin,TOXIN,"Fatal paralytic shellfish poisoning in Kittlitz's Murrelet (Brachyramphus brevirostris) nestlings, Alaska, USA."
dino_pre2016,STX_DOC_000649,2014.0,dinoflagellate,dinoflagellate_stx,paralytic shellfish poisoning,TOXIN,"Fatal paralytic shellfish poisoning in Kittlitz's Murrelet (Brachyramphus brevirostris) nestlings, Alaska, USA."
dino_pre2016,STX_DOC_000649,2014.0,dinoflagellate,dinoflagellate_stx,dinoflagellates,DINO_TAXON,"Fatal paralytic shellfish poisoning in Kittlitz's Murrelet (Brachyramphus brevirostris) nestlings, Alaska, USA."
dino_pre2016,STX_DOC_000649,2014.0,dinoflagellate,dinoflagellate_stx,alexandrium,DINO_TAXON,"Fatal paralytic shellfish poisoning in Kittlitz's Murrelet (Brachyramphus brevirostris) nestlings, Alaska, USA."
dino_pre2016,STX_DOC_000652,2013.0,dinoflagellate,dinoflagellate_stx,paralytic shellfish toxins,TOXIN,"Genomics study of the exposure effect of Gymnodinium catenatum, a paralyzing toxin producer, on Crassostrea gigas' defense system and detoxification genes."
dino_pre2016,STX_DOC_000652,2013.0,dinoflagellate,dinoflagellate_stx,pst,TOXIN,"Genomics study of the exposure effect of Gymnodinium catenatum, a paralyzing toxin producer, on Crassostrea gigas' defense system and detoxification genes."
dino_pre2016,STX_DOC_000652,2013.0,dinoflagellate,dinoflagellate_stx,dinoflagellate,DINO_TAXON,"Genomics study of the exposure effect of Gymnodinium catenatum, a paralyzing toxin producer, on Crassostrea gigas' defense system and detoxification genes."
dino_pre2016,STX_DOC_000652,2013.0,dinoflagellate,dinoflagellate_stx,gymnodinium,DINO_TAXON,"Genomics study of the exposure effect of Gymnodinium catenatum, a paralyzing toxin producer, on Crassostrea gigas' defense system and detoxification genes."
dino_pre2016,STX_DOC_000652,2013.0,dinoflagellate,dinoflagellate_stx,gymnodinium catenatum,DINO_TAXON,"Genomics study of the exposure effect of Gymnodinium catenatum, a paralyzing toxin producer, on Crassostrea gigas' defense system and detoxification genes."
dino_pre2016,STX_DOC_000652,2013.0,dinoflagellate,dinoflagellate_stx,expression,BIOLOGICAL_PROCESS,"Genomics study of the exposure effect of Gymnodinium catenatum, a paralyzing toxin producer, on Crassostrea gigas' defense system and detoxification genes."
dino_pre2016,STX_DOC_000652,2013.0,dinoflagellate,dinoflagellate_stx,gene expression,BIOLOGICAL_PROCESS,"Genomics study of the exposure effect of Gymnodinium catenatum, a paralyzing toxin producer, on Crassostrea gigas' defense system and detoxification genes."
dino_pre2016,STX_DOC_000652,2013.0,dinoflagellate,dinoflagellate_stx,transcription,BIOLOGICAL_PROCESS,"Genomics study of the exposure effect of Gymnodinium catenatum, a paralyzing toxin producer, on Crassostrea gigas' defense system and detoxification genes."
dino_pre2016,STX_DOC_000655,2011.0,dinoflagellate,dinoflagellate_stx,saxitoxin,TOXIN,Presence of benzoate type toxins in Gymnodinium catenatum Graham isolated from the Mexican Pacific.
dino_pre2016,STX_DOC_000655,2011.0,dinoflagellate,dinoflagellate_stx,stx,TOXIN,Presence of benzoate type toxins in Gymnodinium catenatum Graham isolated from the Mexican Pacific.
dino_pre2016,STX_DOC_000655,2011.0,dinoflagellate,dinoflagellate_stx,gtx,TOXIN,Presence of benzoate type toxins in Gymnodinium catenatum Graham isolated from the Mexican Pacific.
dino_pre2016,STX_DOC_000655,2011.0,dinoflagellate,dinoflagellate_stx,gymnodinium,DINO_TAXON,Presence of benzoate type toxins in Gymnodinium catenatum Graham isolated from the Mexican Pacific.
dino_pre2016,STX_DOC_000655,2011.0,dinoflagellate,dinoflagellate_stx,gymnodinium catenatum,DINO_TAXON,Presence of benzoate type toxins in Gymnodinium catenatum Graham isolated from the Mexican Pacific.
dino_pre2016,STX_DOC_000655,2011.0,dinoflagellate,dinoflagellate_stx,hplc,DETECTION_METHOD,Presence of benzoate type toxins in Gymnodinium catenatum Graham isolated from the Mexican Pacific.
dino_pre2016,STX_DOC_000656,2010.0,dinoflagellate,dinoflagellate_stx,saxitoxin,TOXIN,"Evidence of selection for resistance to paralytic shellfish toxins during the early life history of soft‐shell clam, <i>Mya arenaria</i>, populations"
dino_pre2016,STX_DOC_000656,2010.0,dinoflagellate,dinoflagellate_stx,paralytic shellfish toxins,TOXIN,"Evidence of selection for resistance to paralytic shellfish toxins during the early life history of soft‐shell clam, <i>Mya arenaria</i>, populations"
dino_pre2016,STX_DOC_000656,2010.0,dinoflagellate,dinoflagellate_stx,paralytic shellfish poisoning,TOXIN,"Evidence of selection for resistance to paralytic shellfish toxins during the early life history of soft‐shell clam, <i>Mya arenaria</i>, populations"
dino_pre2016,STX_DOC_000656,2010.0,dinoflagellate,dinoflagellate_stx,alexandrium,DINO_TAXON,"Evidence of selection for resistance to paralytic shellfish toxins during the early life history of soft‐shell clam, <i>Mya arenaria</i>, populations"
dino_pre2016,STX_DOC_000656,2010.0,dinoflagellate,dinoflagellate_stx,alexandrium tamarense,DINO_TAXON,"Evidence of selection for resistance to paralytic shellfish toxins during the early life history of soft‐shell clam, <i>Mya arenaria</i>, populations"
dino_pre2016,STX_DOC_000657,2009.0,dinoflagellate,dinoflagellate_stx,paralytic shellfish toxin,TOXIN,Allelopathic effects of Alexandrium tamarense on other algae: evidence from mixed growth experiments
dino_pre2016,STX_DOC_000657,2009.0,dinoflagellate,dinoflagellate_stx,pst,TOXIN,Allelopathic effects of Alexandrium tamarense on other algae: evidence from mixed growth experiments
dino_pre2016,STX_DOC_000657,2009.0,dinoflagellate,dinoflagellate_stx,dinoflagellate,DINO_TAXON,Allelopathic effects of Alexandrium tamarense on other algae: evidence from mixed growth experiments
dino_pre2016,STX_DOC_000657,2009.0,dinoflagellate,dinoflagellate_stx,alexandrium,DINO_TAXON,Allelopathic effects of Alexandrium tamarense on other algae: evidence from mixed growth experiments
dino_pre2016,STX_DOC_000657,2009.0,dinoflagellate,dinoflagellate_stx,alexandrium tamarense,DINO_TAXON,Allelopathic effects of Alexandrium tamarense on other algae: evidence from mixed growth experiments
dino_pre2016,STX_DOC_000657,2009.0,dinoflagellate,dinoflagellate_stx,nutrient,ENV_FACTOR,Allelopathic effects of Alexandrium tamarense on other algae: evidence from mixed growth experiments
dino_pre2016,STX_DOC_000658,2008.0,dinoflagellate,dinoflagellate_stx,saxitoxin,TOXIN,Isolation and structure elucidation of new and unusual saxitoxin analogues from mussels.
dino_pre2016,STX_DOC_000658,2008.0,dinoflagellate,dinoflagellate_stx,paralytic shellfish poisoning,TOXIN,Isolation and structure elucidation of new and unusual saxitoxin analogues from mussels.
dino_pre2016,STX_DOC_000658,2008.0,dinoflagellate,dinoflagellate_stx,dinoflagellate,DINO_TAXON,Isolation and structure elucidation of new and unusual saxitoxin analogues from mussels.
dino_pre2016,STX_DOC_000658,2008.0,dinoflagellate,dinoflagellate_stx,alexandrium,DINO_TAXON,Isolation and structure elucidation of new and unusual saxitoxin analogues from mussels.
dino_pre2016,STX_DOC_000658,2008.0,dinoflagellate,dinoflagellate_stx,alexandrium tamarense,DINO_TAXON,Isolation and structure elucidation of new and unusual saxitoxin analogues from mussels.
dino_pre2016,STX_DOC_000658,2008.0,dinoflagellate,dinoflagellate_stx,bloom,ENV_FACTOR,Isolation and structure elucidation of new and unusual saxitoxin analogues from mussels.
dino_pre2016,STX_DOC_000658,2008.0,dinoflagellate,dinoflagellate_stx,mass spectrometry,DETECTION_METHOD,Isolation and structure elucidation of new and unusual saxitoxin analogues from mussels.
dino_pre2016,STX_DOC_000659,2008.0,dinoflagellate,dinoflagellate_stx,stx,TOXIN,"Detoxification of Pacific oyster<i>Crassostrea gigas</i>fed on diets of<i>Skeletonema costatum</i>with and without silt, following PSP contamination by<i>Alexandrium minutum</i>"
dino_pre2016,STX_DOC_000659,2008.0,dinoflagellate,dinoflagellate_stx,paralytic shellfish poisoning,TOXIN,"Detoxification of Pacific oyster<i>Crassostrea gigas</i>fed on diets of<i>Skeletonema costatum</i>with and without silt, following PSP contamination by<i>Alexandrium minutum</i>"
dino_pre2016,STX_DOC_000659,2008.0,dinoflagellate,dinoflagellate_stx,alexandrium,DINO_TAXON,"Detoxification of Pacific oyster<i>Crassostrea gigas</i>fed on diets of<i>Skeletonema costatum</i>with and without silt, following PSP contamination by<i>Alexandrium minutum</i>"
dino_pre2016,STX_DOC_000659,2008.0,dinoflagellate,dinoflagellate_stx,alexandrium minutum,DINO_TAXON,"Detoxification of Pacific oyster<i>Crassostrea gigas</i>fed on diets of<i>Skeletonema costatum</i>with and without silt, following PSP contamination by<i>Alexandrium minutum</i>"
dino_pre2016,STX_DOC_000660,2008.0,dinoflagellate,dinoflagellate_stx,paralytic shellfish toxins,TOXIN,Behavioral and physiological responses to PSP toxins in Mya arenaria populations in relation to previous exposure to red tides
dino_pre2016,STX_DOC_000660,2008.0,dinoflagellate,dinoflagellate_stx,psts,TOXIN,Behavioral and physiological responses to PSP toxins in Mya arenaria populations in relation to previous exposure to red tides
dino_pre2016,STX_DOC_000660,2008.0,dinoflagellate,dinoflagellate_stx,paralytic shellfish poisoning,TOXIN,Behavioral and physiological responses to PSP toxins in Mya arenaria populations in relation to previous exposure to red tides
dino_pre2016,STX_DOC_000660,2008.0,dinoflagellate,dinoflagellate_stx,alexandrium,DINO_TAXON,Behavioral and physiological responses to PSP toxins in Mya arenaria populations in relation to previous exposure to red tides
dino_pre2016,STX_DOC_000660,2008.0,dinoflagellate,dinoflagellate_stx,alexandrium tamarense,DINO_TAXON,Behavioral and physiological responses to PSP toxins in Mya arenaria populations in relation to previous exposure to red tides
dino_pre2016,STX_DOC_000660,2008.0,dinoflagellate,dinoflagellate_stx,toxicity,BIOLOGICAL_PROCESS,Behavioral and physiological responses to PSP toxins in Mya arenaria populations in relation to previous exposure to red tides
dino_pre2016,STX_DOC_000661,2007.0,dinoflagellate,dinoflagellate_stx,paralytic shellfish poisoning,TOXIN,Toxic and harmful marine phytoplankton and microalgae (HABs) in Mexican Coasts
dino_pre2016,STX_DOC_000661,2007.0,dinoflagellate,dinoflagellate_stx,dinoflagellates,DINO_TAXON,Toxic and harmful marine phytoplankton and microalgae (HABs) in Mexican Coasts
dino_pre2016,STX_DOC_000661,2007.0,dinoflagellate,dinoflagellate_stx,gymnodinium,DINO_TAXON,Toxic and harmful marine phytoplankton and microalgae (HABs) in Mexican Coasts
dino_pre2016,STX_DOC_000661,2007.0,dinoflagellate,dinoflagellate_stx,gymnodinium catenatum,DINO_TAXON,Toxic and harmful marine phytoplankton and microalgae (HABs) in Mexican Coasts
dino_pre2016,STX_DOC_000661,2007.0,dinoflagellate,dinoflagellate_stx,pyrodinium,DINO_TAXON,Toxic and harmful marine phytoplankton and microalgae (HABs) in Mexican Coasts
dino_pre2016,STX_DOC_000661,2007.0,dinoflagellate,dinoflagellate_stx,pyrodinium bahamense,DINO_TAXON,Toxic and harmful marine phytoplankton and microalgae (HABs) in Mexican Coasts
dino_pre2016,STX_DOC_000662,2007.0,dinoflagellate,dinoflagellate_stx,paralytic shellfish poisoning,TOXIN,Toxic and harmful marine phytoplankton and microalgae (HABs) in Mexican Coasts.
dino_pre2016,STX_DOC_000662,2007.0,dinoflagellate,dinoflagellate_stx,dinoflagellates,DINO_TAXON,Toxic and harmful marine phytoplankton and microalgae (HABs) in Mexican Coasts.
dino_pre2016,STX_DOC_000662,2007.0,dinoflagellate,dinoflagellate_stx,gymnodinium,DINO_TAXON,Toxic and harmful marine phytoplankton and microalgae (HABs) in Mexican Coasts.
dino_pre2016,STX_DOC_000662,2007.0,dinoflagellate,dinoflagellate_stx,gymnodinium catenatum,DINO_TAXON,Toxic and harmful marine phytoplankton and microalgae (HABs) in Mexican Coasts.
dino_pre2016,STX_DOC_000662,2007.0,dinoflagellate,dinoflagellate_stx,pyrodinium,DINO_TAXON,Toxic and harmful marine phytoplankton and microalgae (HABs) in Mexican Coasts.
dino_pre2016,STX_DOC_000662,2007.0,dinoflagellate,dinoflagellate_stx,pyrodinium bahamense,DINO_TAXON,Toxic and harmful marine phytoplankton and microalgae (HABs) in Mexican Coasts.
dino_pre2016,STX_DOC_000663,2006.0,dinoflagellate,dinoflagellate_stx,paralytic shellfish toxin,TOXIN,"Marinobacter algicola sp. nov., isolated from laboratory cultures of paralytic shellfish toxin-producing dinoflagellates"
dino_pre2016,STX_DOC_000663,2006.0,dinoflagellate,dinoflagellate_stx,dinoflagellates,DINO_TAXON,"Marinobacter algicola sp. nov., isolated from laboratory cultures of paralytic shellfish toxin-producing dinoflagellates"
dino_pre2016,STX_DOC_000663,2006.0,dinoflagellate,dinoflagellate_stx,alexandrium,DINO_TAXON,"Marinobacter algicola sp. nov., isolated from laboratory cultures of paralytic shellfish toxin-producing dinoflagellates"
dino_pre2016,STX_DOC_000663,2006.0,dinoflagellate,dinoflagellate_stx,alexandrium tamarense,DINO_TAXON,"Marinobacter algicola sp. nov., isolated from laboratory cultures of paralytic shellfish toxin-producing dinoflagellates"
dino_pre2016,STX_DOC_000663,2006.0,dinoflagellate,dinoflagellate_stx,gymnodinium,DINO_TAXON,"Marinobacter algicola sp. nov., isolated from laboratory cultures of paralytic shellfish toxin-producing dinoflagellates"
dino_pre2016,STX_DOC_000663,2006.0,dinoflagellate,dinoflagellate_stx,gymnodinium catenatum,DINO_TAXON,"Marinobacter algicola sp. nov., isolated from laboratory cultures of paralytic shellfish toxin-producing dinoflagellates"
dino_pre2016,STX_DOC_000663,2006.0,dinoflagellate,dinoflagellate_stx,phylogenetic,BIOLOGICAL_PROCESS,"Marinobacter algicola sp. nov., isolated from laboratory cultures of paralytic shellfish toxin-producing dinoflagellates"
dino_pre2016,STX_DOC_000664,2006.0,dinoflagellate,dinoflagellate_stx,stx,TOXIN,Síndrome de envenenamiento paralizante por consumo de moluscos
dino_pre2016,STX_DOC_000664,2006.0,dinoflagellate,dinoflagellate_stx,alexandrium,DINO_TAXON,Síndrome de envenenamiento paralizante por consumo de moluscos
dino_pre2016,STX_DOC_000664,2006.0,dinoflagellate,dinoflagellate_stx,gymnodinium,DINO_TAXON,Síndrome de envenenamiento paralizante por consumo de moluscos
dino_pre2016,STX_DOC_000664,2006.0,dinoflagellate,dinoflagellate_stx,gymnodinium catenatum,DINO_TAXON,Síndrome de envenenamiento paralizante por consumo de moluscos
dino_pre2016,STX_DOC_000664,2006.0,dinoflagellate,dinoflagellate_stx,pyrodinium,DINO_TAXON,Síndrome de envenenamiento paralizante por consumo de moluscos
dino_pre2016,STX_DOC_000664,2006.0,dinoflagellate,dinoflagellate_stx,pyrodinium bahamense,DINO_TAXON,Síndrome de envenenamiento paralizante por consumo de moluscos
dino_pre2016,STX_DOC_000665,2006.0,dinoflagellate,dinoflagellate_stx,saxitoxin,TOXIN,"Paralytic shellfish poisoning (PSP) toxins in North Atlantic right whales Eubalaena glacialis and their zooplankton prey in the Bay of Fundy, Canada"
dino_pre2016,STX_DOC_000665,2006.0,dinoflagellate,dinoflagellate_stx,stx,TOXIN,"Paralytic shellfish poisoning (PSP) toxins in North Atlantic right whales Eubalaena glacialis and their zooplankton prey in the Bay of Fundy, Canada"
dino_pre2016,STX_DOC_000665,2006.0,dinoflagellate,dinoflagellate_stx,paralytic shellfish poisoning,TOXIN,"Paralytic shellfish poisoning (PSP) toxins in North Atlantic right whales Eubalaena glacialis and their zooplankton prey in the Bay of Fundy, Canada"
dino_pre2016,STX_DOC_000665,2006.0,dinoflagellate,dinoflagellate_stx,dinoflagellates,DINO_TAXON,"Paralytic shellfish poisoning (PSP) toxins in North Atlantic right whales Eubalaena glacialis and their zooplankton prey in the Bay of Fundy, Canada"
dino_pre2016,STX_DOC_000665,2006.0,dinoflagellate,dinoflagellate_stx,alexandrium,DINO_TAXON,"Paralytic shellfish poisoning (PSP) toxins in North Atlantic right whales Eubalaena glacialis and their zooplankton prey in the Bay of Fundy, Canada"
dino_pre2016,STX_DOC_000667,2001.0,dinoflagellate,dinoflagellate_stx,saxitoxin,TOXIN,"Variability in Toxicity of the Dinoflagellate Alexandrium Tamarense Isolated from Hiroshima Bay, Western Japan, as a Reflection of Changing Environmental Conditions"
dino_pre2016,STX_DOC_000667,2001.0,dinoflagellate,dinoflagellate_stx,dinoflagellate,DINO_TAXON,"Variability in Toxicity of the Dinoflagellate Alexandrium Tamarense Isolated from Hiroshima Bay, Western Japan, as a Reflection of Changing Environmental Conditions"
dino_pre2016,STX_DOC_000667,2001.0,dinoflagellate,dinoflagellate_stx,alexandrium,DINO_TAXON,"Variability in Toxicity of the Dinoflagellate Alexandrium Tamarense Isolated from Hiroshima Bay, Western Japan, as a Reflection of Changing Environmental Conditions"
dino_pre2016,STX_DOC_000667,2001.0,dinoflagellate,dinoflagellate_stx,alexandrium tamarense,DINO_TAXON,"Variability in Toxicity of the Dinoflagellate Alexandrium Tamarense Isolated from Hiroshima Bay, Western Japan, as a Reflection of Changing Environmental Conditions"
dino_pre2016,STX_DOC_000667,2001.0,dinoflagellate,dinoflagellate_stx,temperature,ENV_FACTOR,"Variability in Toxicity of the Dinoflagellate Alexandrium Tamarense Isolated from Hiroshima Bay, Western Japan, as a Reflection of Changing Environmental Conditions"
dino_pre2016,STX_DOC_000667,2001.0,dinoflagellate,dinoflagellate_stx,salinity,ENV_FACTOR,"Variability in Toxicity of the Dinoflagellate Alexandrium Tamarense Isolated from Hiroshima Bay, Western Japan, as a Reflection of Changing Environmental Conditions"
dino_pre2016,STX_DOC_000667,2001.0,dinoflagellate,dinoflagellate_stx,light,ENV_FACTOR,"Variability in Toxicity of the Dinoflagellate Alexandrium Tamarense Isolated from Hiroshima Bay, Western Japan, as a Reflection of Changing Environmental Conditions"
dino_pre2016,STX_DOC_000667,2001.0,dinoflagellate,dinoflagellate_stx,toxicity,BIOLOGICAL_PROCESS,"Variability in Toxicity of the Dinoflagellate Alexandrium Tamarense Isolated from Hiroshima Bay, Western Japan, as a Reflection of Changing Environmental Conditions"
dino_pre2016,STX_DOC_000667,2001.0,dinoflagellate,dinoflagellate_stx,toxin production,BIOLOGICAL_PROCESS,"Variability in Toxicity of the Dinoflagellate Alexandrium Tamarense Isolated from Hiroshima Bay, Western Japan, as a Reflection of Changing Environmental Conditions"
dino_pre2016,STX_DOC_000668,2001.0,dinoflagellate,dinoflagellate_stx,paralytic shellfish toxins,TOXIN,"Comparative studies on mycosporine-like amino acids, paralytic shellfish toxins and pigment profiles of the toxic dinoflagellates Alexandrium tamarense, A. catenella and A. minutum"
dino_pre2016,STX_DOC_000668,2001.0,dinoflagellate,dinoflagellate_stx,dinoflagellate,DINO_TAXON,"Comparative studies on mycosporine-like amino acids, paralytic shellfish toxins and pigment profiles of the toxic dinoflagellates Alexandrium tamarense, A. catenella and A. minutum"
dino_pre2016,STX_DOC_000668,2001.0,dinoflagellate,dinoflagellate_stx,dinoflagellates,DINO_TAXON,"Comparative studies on mycosporine-like amino acids, paralytic shellfish toxins and pigment profiles of the toxic dinoflagellates Alexandrium tamarense, A. catenella and A. minutum"
dino_pre2016,STX_DOC_000668,2001.0,dinoflagellate,dinoflagellate_stx,alexandrium,DINO_TAXON,"Comparative studies on mycosporine-like amino acids, paralytic shellfish toxins and pigment profiles of the toxic dinoflagellates Alexandrium tamarense, A. catenella and A. minutum"
dino_pre2016,STX_DOC_000668,2001.0,dinoflagellate,dinoflagellate_stx,alexandrium tamarense,DINO_TAXON,"Comparative studies on mycosporine-like amino acids, paralytic shellfish toxins and pigment profiles of the toxic dinoflagellates Alexandrium tamarense, A. catenella and A. minutum"
dino_pre2016,STX_DOC_000668,2001.0,dinoflagellate,dinoflagellate_stx,light,ENV_FACTOR,"Comparative studies on mycosporine-like amino acids, paralytic shellfish toxins and pigment profiles of the toxic dinoflagellates Alexandrium tamarense, A. catenella and A. minutum"
dino_pre2016,STX_DOC_000668,2001.0,dinoflagellate,dinoflagellate_stx,bloom,ENV_FACTOR,"Comparative studies on mycosporine-like amino acids, paralytic shellfish toxins and pigment profiles of the toxic dinoflagellates Alexandrium tamarense, A. catenella and A. minutum"
dino_pre2016,STX_DOC_000668,2001.0,dinoflagellate,dinoflagellate_stx,hplc,DETECTION_METHOD,"Comparative studies on mycosporine-like amino acids, paralytic shellfish toxins and pigment profiles of the toxic dinoflagellates Alexandrium tamarense, A. catenella and A. minutum"
dino_pre2016,STX_DOC_000669,2001.0,dinoflagellate,dinoflagellate_stx,saxitoxin,TOXIN,Ichthyotoxicity studies of milkfish Chanos chanos fingerlings exposed to a harmful dinoflagellate Alexandrium minutum.
dino_pre2016,STX_DOC_000669,2001.0,dinoflagellate,dinoflagellate_stx,stx,TOXIN,Ichthyotoxicity studies of milkfish Chanos chanos fingerlings exposed to a harmful dinoflagellate Alexandrium minutum.
dino_pre2016,STX_DOC_000669,2001.0,dinoflagellate,dinoflagellate_stx,dinoflagellate,DINO_TAXON,Ichthyotoxicity studies of milkfish Chanos chanos fingerlings exposed to a harmful dinoflagellate Alexandrium minutum.
dino_pre2016,STX_DOC_000669,2001.0,dinoflagellate,dinoflagellate_stx,alexandrium,DINO_TAXON,Ichthyotoxicity studies of milkfish Chanos chanos fingerlings exposed to a harmful dinoflagellate Alexandrium minutum.
dino_pre2016,STX_DOC_000669,2001.0,dinoflagellate,dinoflagellate_stx,alexandrium minutum,DINO_TAXON,Ichthyotoxicity studies of milkfish Chanos chanos fingerlings exposed to a harmful dinoflagellate Alexandrium minutum.
dino_pre2016,STX_DOC_000669,2001.0,dinoflagellate,dinoflagellate_stx,light,ENV_FACTOR,Ichthyotoxicity studies of milkfish Chanos chanos fingerlings exposed to a harmful dinoflagellate Alexandrium minutum.
dino_pre2016,STX_DOC_000670,2000.0,dinoflagellate,dinoflagellate_stx,saxitoxin,TOXIN,"Saxitoxin and neosaxitoxin as toxic principles of Alexandrium andersoni (Dinophyceae) from the Gulf of Naples, Italy."
dino_pre2016,STX_DOC_000670,2000.0,dinoflagellate,dinoflagellate_stx,stx,TOXIN,"Saxitoxin and neosaxitoxin as toxic principles of Alexandrium andersoni (Dinophyceae) from the Gulf of Naples, Italy."
dino_pre2016,STX_DOC_000670,2000.0,dinoflagellate,dinoflagellate_stx,neosaxitoxin,TOXIN,"Saxitoxin and neosaxitoxin as toxic principles of Alexandrium andersoni (Dinophyceae) from the Gulf of Naples, Italy."
dino_pre2016,STX_DOC_000670,2000.0,dinoflagellate,dinoflagellate_stx,dinoflagellate,DINO_TAXON,"Saxitoxin and neosaxitoxin as toxic principles of Alexandrium andersoni (Dinophyceae) from the Gulf of Naples, Italy."
dino_pre2016,STX_DOC_000670,2000.0,dinoflagellate,dinoflagellate_stx,alexandrium,DINO_TAXON,"Saxitoxin and neosaxitoxin as toxic principles of Alexandrium andersoni (Dinophyceae) from the Gulf of Naples, Italy."
dino_pre2016,STX_DOC_000670,2000.0,dinoflagellate,dinoflagellate_stx,toxicity,BIOLOGICAL_PROCESS,"Saxitoxin and neosaxitoxin as toxic principles of Alexandrium andersoni (Dinophyceae) from the Gulf of Naples, Italy."
dino_pre2016,STX_DOC_000670,2000.0,dinoflagellate,dinoflagellate_stx,mouse bioassay,DETECTION_METHOD,"Saxitoxin and neosaxitoxin as toxic principles of Alexandrium andersoni (Dinophyceae) from the Gulf of Naples, Italy."
dino_pre2016,STX_DOC_000671,1999.0,dinoflagellate,dinoflagellate_stx,saxitoxin,TOXIN,A receptor binding assay for paralytic shellfish poisoning toxins: recent advances and applications.
dino_pre2016,STX_DOC_000671,1999.0,dinoflagellate,dinoflagellate_stx,stx,TOXIN,A receptor binding assay for paralytic shellfish poisoning toxins: recent advances and applications.
dino_pre2016,STX_DOC_000671,1999.0,dinoflagellate,dinoflagellate_stx,paralytic shellfish poisoning,TOXIN,A receptor binding assay for paralytic shellfish poisoning toxins: recent advances and applications.
dino_pre2016,STX_DOC_000671,1999.0,dinoflagellate,dinoflagellate_stx,dinoflagellates,DINO_TAXON,A receptor binding assay for paralytic shellfish poisoning toxins: recent advances and applications.
dino_pre2016,STX_DOC_000671,1999.0,dinoflagellate,dinoflagellate_stx,alexandrium,DINO_TAXON,A receptor binding assay for paralytic shellfish poisoning toxins: recent advances and applications.
dino_pre2016,STX_DOC_000671,1999.0,dinoflagellate,dinoflagellate_stx,toxicity,BIOLOGICAL_PROCESS,A receptor binding assay for paralytic shellfish poisoning toxins: recent advances and applications.
dino_pre2016,STX_DOC_000671,1999.0,dinoflagellate,dinoflagellate_stx,hplc,DETECTION_METHOD,A receptor binding assay for paralytic shellfish poisoning toxins: recent advances and applications.
dino_pre2016,STX_DOC_000672,1998.0,dinoflagellate,dinoflagellate_stx,gonyautoxin,TOXIN,"Appearance of Gymnodinium catenatum in Association with the Toxification of Bivalves in Kamae, Oita Prefecture, Japan"
dino_pre2016,STX_DOC_000672,1998.0,dinoflagellate,dinoflagellate_stx,dinoflagellate,DINO_TAXON,"Appearance of Gymnodinium catenatum in Association with the Toxification of Bivalves in Kamae, Oita Prefecture, Japan"
dino_pre2016,STX_DOC_000672,1998.0,dinoflagellate,dinoflagellate_stx,alexandrium,DINO_TAXON,"Appearance of Gymnodinium catenatum in Association with the Toxification of Bivalves in Kamae, Oita Prefecture, Japan"
dino_pre2016,STX_DOC_000672,1998.0,dinoflagellate,dinoflagellate_stx,alexandrium catenella,DINO_TAXON,"Appearance of Gymnodinium catenatum in Association with the Toxification of Bivalves in Kamae, Oita Prefecture, Japan"
dino_pre2016,STX_DOC_000672,1998.0,dinoflagellate,dinoflagellate_stx,gymnodinium,DINO_TAXON,"Appearance of Gymnodinium catenatum in Association with the Toxification of Bivalves in Kamae, Oita Prefecture, Japan"
dino_pre2016,STX_DOC_000672,1998.0,dinoflagellate,dinoflagellate_stx,gymnodinium catenatum,DINO_TAXON,"Appearance of Gymnodinium catenatum in Association with the Toxification of Bivalves in Kamae, Oita Prefecture, Japan"
dino_pre2016,STX_DOC_000672,1998.0,dinoflagellate,dinoflagellate_stx,toxicity,BIOLOGICAL_PROCESS,"Appearance of Gymnodinium catenatum in Association with the Toxification of Bivalves in Kamae, Oita Prefecture, Japan"
dino_pre2016,STX_DOC_000674,1997.0,dinoflagellate,dinoflagellate_stx,paralytic shellfish toxin,TOXIN,"Vertical migration, nutrition and toxicity in the dinoflagellate Alexandrium tamarense"
dino_pre2016,STX_DOC_000674,1997.0,dinoflagellate,dinoflagellate_stx,dinoflagellate,DINO_TAXON,"Vertical migration, nutrition and toxicity in the dinoflagellate Alexandrium tamarense"
dino_pre2016,STX_DOC_000674,1997.0,dinoflagellate,dinoflagellate_stx,dinoflagellates,DINO_TAXON,"Vertical migration, nutrition and toxicity in the dinoflagellate Alexandrium tamarense"
dino_pre2016,STX_DOC_000674,1997.0,dinoflagellate,dinoflagellate_stx,alexandrium,DINO_TAXON,"Vertical migration, nutrition and toxicity in the dinoflagellate Alexandrium tamarense"
dino_pre2016,STX_DOC_000674,1997.0,dinoflagellate,dinoflagellate_stx,alexandrium tamarense,DINO_TAXON,"Vertical migration, nutrition and toxicity in the dinoflagellate Alexandrium tamarense"
dino_pre2016,STX_DOC_000674,1997.0,dinoflagellate,dinoflagellate_stx,nitrate,ENV_FACTOR,"Vertical migration, nutrition and toxicity in the dinoflagellate Alexandrium tamarense"
dino_pre2016,STX_DOC_000674,1997.0,dinoflagellate,dinoflagellate_stx,light,ENV_FACTOR,"Vertical migration, nutrition and toxicity in the dinoflagellate Alexandrium tamarense"
dino_pre2016,STX_DOC_000674,1997.0,dinoflagellate,dinoflagellate_stx,toxicity,BIOLOGICAL_PROCESS,"Vertical migration, nutrition and toxicity in the dinoflagellate Alexandrium tamarense"
dino_pre2016,STX_DOC_000674,1997.0,dinoflagellate,dinoflagellate_stx,toxin production,BIOLOGICAL_PROCESS,"Vertical migration, nutrition and toxicity in the dinoflagellate Alexandrium tamarense"
dino_pre2016,STX_DOC_000675,1996.0,dinoflagellate,dinoflagellate_stx,saxitoxin,TOXIN,Paralytic shellfish poisoning in southern China.
dino_pre2016,STX_DOC_000675,1996.0,dinoflagellate,dinoflagellate_stx,paralytic shellfish poisoning,TOXIN,Paralytic shellfish poisoning in southern China.
dino_pre2016,STX_DOC_000675,1996.0,dinoflagellate,dinoflagellate_stx,alexandrium,DINO_TAXON,Paralytic shellfish poisoning in southern China.
dino_pre2016,STX_DOC_000675,1996.0,dinoflagellate,dinoflagellate_stx,alexandrium tamarense,DINO_TAXON,Paralytic shellfish poisoning in southern China.
dino_pre2016,STX_DOC_000675,1996.0,dinoflagellate,dinoflagellate_stx,toxicity,BIOLOGICAL_PROCESS,Paralytic shellfish poisoning in southern China.
dino_pre2016,STX_DOC_000676,1992.0,dinoflagellate,dinoflagellate_stx,saxitoxin,TOXIN,"Paralytic shellfish poison (saxitoxin family) bioassays: automated endpoint determination and standardization of the in vitro tissue culture bioassay, and comparison with the standard mouse bioassay."
dino_pre2016,STX_DOC_000676,1992.0,dinoflagellate,dinoflagellate_stx,stx,TOXIN,"Paralytic shellfish poison (saxitoxin family) bioassays: automated endpoint determination and standardization of the in vitro tissue culture bioassay, and comparison with the standard mouse bioassay."
dino_pre2016,STX_DOC_000676,1992.0,dinoflagellate,dinoflagellate_stx,paralytic shellfish poisoning,TOXIN,"Paralytic shellfish poison (saxitoxin family) bioassays: automated endpoint determination and standardization of the in vitro tissue culture bioassay, and comparison with the standard mouse bioassay."
dino_pre2016,STX_DOC_000676,1992.0,dinoflagellate,dinoflagellate_stx,dinoflagellates,DINO_TAXON,"Paralytic shellfish poison (saxitoxin family) bioassays: automated endpoint determination and standardization of the in vitro tissue culture bioassay, and comparison with the standard mouse bioassay."
dino_pre2016,STX_DOC_000676,1992.0,dinoflagellate,dinoflagellate_stx,alexandrium,DINO_TAXON,"Paralytic shellfish poison (saxitoxin family) bioassays: automated endpoint determination and standardization of the in vitro tissue culture bioassay, and comparison with the standard mouse bioassay."
dino_pre2016,STX_DOC_000676,1992.0,dinoflagellate,dinoflagellate_stx,hplc,DETECTION_METHOD,"Paralytic shellfish poison (saxitoxin family) bioassays: automated endpoint determination and standardization of the in vitro tissue culture bioassay, and comparison with the standard mouse bioassay."
dino_pre2016,STX_DOC_000676,1992.0,dinoflagellate,dinoflagellate_stx,mouse bioassay,DETECTION_METHOD,"Paralytic shellfish poison (saxitoxin family) bioassays: automated endpoint determination and standardization of the in vitro tissue culture bioassay, and comparison with the standard mouse bioassay."
dino_pre2016,STX_DOC_000677,1991.0,dinoflagellate,dinoflagellate_stx,paralytic shellfish toxins,TOXIN,Influence of dinoflagellate cell toxicity on uptake and loss of paralytic shellfish toxins in the northern quahog Mercenaria mercenaria
dino_pre2016,STX_DOC_000677,1991.0,dinoflagellate,dinoflagellate_stx,paralytic shellfish poisoning,TOXIN,Influence of dinoflagellate cell toxicity on uptake and loss of paralytic shellfish toxins in the northern quahog Mercenaria mercenaria
dino_pre2016,STX_DOC_000677,1991.0,dinoflagellate,dinoflagellate_stx,dinoflagellate,DINO_TAXON,Influence of dinoflagellate cell toxicity on uptake and loss of paralytic shellfish toxins in the northern quahog Mercenaria mercenaria
dino_pre2016,STX_DOC_000677,1991.0,dinoflagellate,dinoflagellate_stx,dinoflagellates,DINO_TAXON,Influence of dinoflagellate cell toxicity on uptake and loss of paralytic shellfish toxins in the northern quahog Mercenaria mercenaria
dino_pre2016,STX_DOC_000677,1991.0,dinoflagellate,dinoflagellate_stx,alexandrium,DINO_TAXON,Influence of dinoflagellate cell toxicity on uptake and loss of paralytic shellfish toxins in the northern quahog Mercenaria mercenaria
dino_pre2016,STX_DOC_000677,1991.0,dinoflagellate,dinoflagellate_stx,bloom,ENV_FACTOR,Influence of dinoflagellate cell toxicity on uptake and loss of paralytic shellfish toxins in the northern quahog Mercenaria mercenaria
dino_pre2016,STX_DOC_000677,1991.0,dinoflagellate,dinoflagellate_stx,toxicity,BIOLOGICAL_PROCESS,Influence of dinoflagellate cell toxicity on uptake and loss of paralytic shellfish toxins in the northern quahog Mercenaria mercenaria
dino_pre2016,STX_DOC_000677,1991.0,dinoflagellate,dinoflagellate_stx,hplc,DETECTION_METHOD,Influence of dinoflagellate cell toxicity on uptake and loss of paralytic shellfish toxins in the northern quahog Mercenaria mercenaria
dino_pre2016,STX_DOC_000724,2015.0,dinoflagellate,dinoflagellate_stx,paralytic shellfish toxins,TOXIN,Changes in gene expression and histological injuries as a result of exposure of<i>Crassostrea gigas</i>to the toxic dinoflagellate<i>Gymnodinium catenatum</i>
dino_pre2016,STX_DOC_000724,2015.0,dinoflagellate,dinoflagellate_stx,pst,TOXIN,Changes in gene expression and histological injuries as a result of exposure of<i>Crassostrea gigas</i>to the toxic dinoflagellate<i>Gymnodinium catenatum</i>
dino_pre2016,STX_DOC_000724,2015.0,dinoflagellate,dinoflagellate_stx,dinoflagellate,DINO_TAXON,Changes in gene expression and histological injuries as a result of exposure of<i>Crassostrea gigas</i>to the toxic dinoflagellate<i>Gymnodinium catenatum</i>
dino_pre2016,STX_DOC_000724,2015.0,dinoflagellate,dinoflagellate_stx,gymnodinium,DINO_TAXON,Changes in gene expression and histological injuries as a result of exposure of<i>Crassostrea gigas</i>to the toxic dinoflagellate<i>Gymnodinium catenatum</i>
dino_pre2016,STX_DOC_000724,2015.0,dinoflagellate,dinoflagellate_stx,gymnodinium catenatum,DINO_TAXON,Changes in gene expression and histological injuries as a result of exposure of<i>Crassostrea gigas</i>to the toxic dinoflagellate<i>Gymnodinium catenatum</i>
dino_pre2016,STX_DOC_000724,2015.0,dinoflagellate,dinoflagellate_stx,regulation,BIOLOGICAL_PROCESS,Changes in gene expression and histological injuries as a result of exposure of<i>Crassostrea gigas</i>to the toxic dinoflagellate<i>Gymnodinium catenatum</i>
dino_pre2016,STX_DOC_000724,2015.0,dinoflagellate,dinoflagellate_stx,expression,BIOLOGICAL_PROCESS,Changes in gene expression and histological injuries as a result of exposure of<i>Crassostrea gigas</i>to the toxic dinoflagellate<i>Gymnodinium catenatum</i>
dino_pre2016,STX_DOC_000724,2015.0,dinoflagellate,dinoflagellate_stx,gene expression,BIOLOGICAL_PROCESS,Changes in gene expression and histological injuries as a result of exposure of<i>Crassostrea gigas</i>to the toxic dinoflagellate<i>Gymnodinium catenatum</i>
dino_pre2016,STX_DOC_000724,2015.0,dinoflagellate,dinoflagellate_stx,transcription,BIOLOGICAL_PROCESS,Changes in gene expression and histological injuries as a result of exposure of<i>Crassostrea gigas</i>to the toxic dinoflagellate<i>Gymnodinium catenatum</i>
dino_pre2016,STX_DOC_000726,2015.0,dinoflagellate,dinoflagellate_stx,saxitoxin,TOXIN,"Lethal paralytic shellfish poisoning from consumption of green mussel broth, Western Samar, Philippines, August 2013."
dino_pre2016,STX_DOC_000726,2015.0,dinoflagellate,dinoflagellate_stx,paralytic shellfish poisoning,TOXIN,"Lethal paralytic shellfish poisoning from consumption of green mussel broth, Western Samar, Philippines, August 2013."
dino_pre2016,STX_DOC_000726,2015.0,dinoflagellate,dinoflagellate_stx,dinoflagellate,DINO_TAXON,"Lethal paralytic shellfish poisoning from consumption of green mussel broth, Western Samar, Philippines, August 2013."
dino_pre2016,STX_DOC_000726,2015.0,dinoflagellate,dinoflagellate_stx,pyrodinium,DINO_TAXON,"Lethal paralytic shellfish poisoning from consumption of green mussel broth, Western Samar, Philippines, August 2013."
dino_pre2016,STX_DOC_000726,2015.0,dinoflagellate,dinoflagellate_stx,pyrodinium bahamense,DINO_TAXON,"Lethal paralytic shellfish poisoning from consumption of green mussel broth, Western Samar, Philippines, August 2013."
dino_pre2016,STX_DOC_000728,2014.0,dinoflagellate,dinoflagellate_stx,saxitoxin,TOXIN,Effect of temperature on growth and paralytic toxin profiles in isolates of Gymnodinium catenatum (Dinophyceae) from the Pacific coast of Mexico.
dino_pre2016,STX_DOC_000728,2014.0,dinoflagellate,dinoflagellate_stx,paralytic shellfish toxins,TOXIN,Effect of temperature on growth and paralytic toxin profiles in isolates of Gymnodinium catenatum (Dinophyceae) from the Pacific coast of Mexico.
dino_pre2016,STX_DOC_000728,2014.0,dinoflagellate,dinoflagellate_stx,gymnodinium,DINO_TAXON,Effect of temperature on growth and paralytic toxin profiles in isolates of Gymnodinium catenatum (Dinophyceae) from the Pacific coast of Mexico.
dino_pre2016,STX_DOC_000728,2014.0,dinoflagellate,dinoflagellate_stx,gymnodinium catenatum,DINO_TAXON,Effect of temperature on growth and paralytic toxin profiles in isolates of Gymnodinium catenatum (Dinophyceae) from the Pacific coast of Mexico.
dino_pre2016,STX_DOC_000728,2014.0,dinoflagellate,dinoflagellate_stx,temperature,ENV_FACTOR,Effect of temperature on growth and paralytic toxin profiles in isolates of Gymnodinium catenatum (Dinophyceae) from the Pacific coast of Mexico.
dino_pre2016,STX_DOC_000728,2014.0,dinoflagellate,dinoflagellate_stx,irradiance,ENV_FACTOR,Effect of temperature on growth and paralytic toxin profiles in isolates of Gymnodinium catenatum (Dinophyceae) from the Pacific coast of Mexico.
dino_pre2016,STX_DOC_000728,2014.0,dinoflagellate,dinoflagellate_stx,toxicity,BIOLOGICAL_PROCESS,Effect of temperature on growth and paralytic toxin profiles in isolates of Gymnodinium catenatum (Dinophyceae) from the Pacific coast of Mexico.
dino_pre2016,STX_DOC_000728,2014.0,dinoflagellate,dinoflagellate_stx,hplc,DETECTION_METHOD,Effect of temperature on growth and paralytic toxin profiles in isolates of Gymnodinium catenatum (Dinophyceae) from the Pacific coast of Mexico.
dino_pre2016,STX_DOC_000730,2013.0,dinoflagellate,dinoflagellate_stx,dinoflagellate,DINO_TAXON,"Study of molecularly imprinted solid-phase extraction of gonyautoxins 2,3 in the cultured dinoflagellate Alexandrium tamarense by high-performance liquid chromatography with fluorescence detection."
dino_pre2016,STX_DOC_000730,2013.0,dinoflagellate,dinoflagellate_stx,alexandrium,DINO_TAXON,"Study of molecularly imprinted solid-phase extraction of gonyautoxins 2,3 in the cultured dinoflagellate Alexandrium tamarense by high-performance liquid chromatography with fluorescence detection."
dino_pre2016,STX_DOC_000730,2013.0,dinoflagellate,dinoflagellate_stx,alexandrium tamarense,DINO_TAXON,"Study of molecularly imprinted solid-phase extraction of gonyautoxins 2,3 in the cultured dinoflagellate Alexandrium tamarense by high-performance liquid chromatography with fluorescence detection."
dino_pre2016,STX_DOC_000730,2013.0,dinoflagellate,dinoflagellate_stx,hplc,DETECTION_METHOD,"Study of molecularly imprinted solid-phase extraction of gonyautoxins 2,3 in the cultured dinoflagellate Alexandrium tamarense by high-performance liquid chromatography with fluorescence detection."
dino_pre2016,STX_DOC_000731,2013.0,dinoflagellate,dinoflagellate_stx,saxitoxin,TOXIN,Transcriptional responses of Mytilus chilensis exposed in vivo to saxitoxin (STX)
dino_pre2016,STX_DOC_000731,2013.0,dinoflagellate,dinoflagellate_stx,stx,TOXIN,Transcriptional responses of Mytilus chilensis exposed in vivo to saxitoxin (STX)
dino_pre2016,STX_DOC_000731,2013.0,dinoflagellate,dinoflagellate_stx,paralytic shellfish poisoning,TOXIN,Transcriptional responses of Mytilus chilensis exposed in vivo to saxitoxin (STX)
dino_pre2016,STX_DOC_000731,2013.0,dinoflagellate,dinoflagellate_stx,alexandrium,DINO_TAXON,Transcriptional responses of Mytilus chilensis exposed in vivo to saxitoxin (STX)
dino_pre2016,STX_DOC_000731,2013.0,dinoflagellate,dinoflagellate_stx,expression,BIOLOGICAL_PROCESS,Transcriptional responses of Mytilus chilensis exposed in vivo to saxitoxin (STX)
dino_pre2016,STX_DOC_000731,2013.0,dinoflagellate,dinoflagellate_stx,gene expression,BIOLOGICAL_PROCESS,Transcriptional responses of Mytilus chilensis exposed in vivo to saxitoxin (STX)
dino_pre2016,STX_DOC_000731,2013.0,dinoflagellate,dinoflagellate_stx,transcription,BIOLOGICAL_PROCESS,Transcriptional responses of Mytilus chilensis exposed in vivo to saxitoxin (STX)
dino_pre2016,STX_DOC_000734,2013.0,dinoflagellate,dinoflagellate_stx,paralytic shellfish toxins,TOXIN,"Exposure to the Neurotoxic Dinoflagellate, Alexandrium catenella, Induces Apoptosis of the Hemocytes of the Oyster, Crassostrea gigas"
dino_pre2016,STX_DOC_000734,2013.0,dinoflagellate,dinoflagellate_stx,psts,TOXIN,"Exposure to the Neurotoxic Dinoflagellate, Alexandrium catenella, Induces Apoptosis of the Hemocytes of the Oyster, Crassostrea gigas"
dino_pre2016,STX_DOC_000734,2013.0,dinoflagellate,dinoflagellate_stx,dinoflagellate,DINO_TAXON,"Exposure to the Neurotoxic Dinoflagellate, Alexandrium catenella, Induces Apoptosis of the Hemocytes of the Oyster, Crassostrea gigas"
dino_pre2016,STX_DOC_000734,2013.0,dinoflagellate,dinoflagellate_stx,alexandrium,DINO_TAXON,"Exposure to the Neurotoxic Dinoflagellate, Alexandrium catenella, Induces Apoptosis of the Hemocytes of the Oyster, Crassostrea gigas"
dino_pre2016,STX_DOC_000734,2013.0,dinoflagellate,dinoflagellate_stx,alexandrium catenella,DINO_TAXON,"Exposure to the Neurotoxic Dinoflagellate, Alexandrium catenella, Induces Apoptosis of the Hemocytes of the Oyster, Crassostrea gigas"
dino_pre2016,STX_DOC_000734,2013.0,dinoflagellate,dinoflagellate_stx,expression,BIOLOGICAL_PROCESS,"Exposure to the Neurotoxic Dinoflagellate, Alexandrium catenella, Induces Apoptosis of the Hemocytes of the Oyster, Crassostrea gigas"
dino_pre2016,STX_DOC_000737,2012.0,dinoflagellate,dinoflagellate_stx,paralytic shellfish toxin,TOXIN,Reactive oxygen species are linked to the toxicity of the dinoflagellate Alexandrium spp. to protists
dino_pre2016,STX_DOC_000737,2012.0,dinoflagellate,dinoflagellate_stx,pst,TOXIN,Reactive oxygen species are linked to the toxicity of the dinoflagellate Alexandrium spp. to protists
dino_pre2016,STX_DOC_000737,2012.0,dinoflagellate,dinoflagellate_stx,dinoflagellate,DINO_TAXON,Reactive oxygen species are linked to the toxicity of the dinoflagellate Alexandrium spp. to protists
dino_pre2016,STX_DOC_000737,2012.0,dinoflagellate,dinoflagellate_stx,alexandrium,DINO_TAXON,Reactive oxygen species are linked to the toxicity of the dinoflagellate Alexandrium spp. to protists
dino_pre2016,STX_DOC_000737,2012.0,dinoflagellate,dinoflagellate_stx,alexandrium tamarense,DINO_TAXON,Reactive oxygen species are linked to the toxicity of the dinoflagellate Alexandrium spp. to protists
dino_pre2016,STX_DOC_000737,2012.0,dinoflagellate,dinoflagellate_stx,toxicity,BIOLOGICAL_PROCESS,Reactive oxygen species are linked to the toxicity of the dinoflagellate Alexandrium spp. to protists
dino_pre2016,STX_DOC_000738,2012.0,dinoflagellate,dinoflagellate_stx,saxitoxin,TOXIN,Saxitoxin exposure in an endangered fish: association of a shortnose sturgeon mortality event with a harmful algal bloom
dino_pre2016,STX_DOC_000738,2012.0,dinoflagellate,dinoflagellate_stx,stx,TOXIN,Saxitoxin exposure in an endangered fish: association of a shortnose sturgeon mortality event with a harmful algal bloom
dino_pre2016,STX_DOC_000738,2012.0,dinoflagellate,dinoflagellate_stx,dinoflagellate,DINO_TAXON,Saxitoxin exposure in an endangered fish: association of a shortnose sturgeon mortality event with a harmful algal bloom
dino_pre2016,STX_DOC_000738,2012.0,dinoflagellate,dinoflagellate_stx,alexandrium,DINO_TAXON,Saxitoxin exposure in an endangered fish: association of a shortnose sturgeon mortality event with a harmful algal bloom
dino_pre2016,STX_DOC_000738,2012.0,dinoflagellate,dinoflagellate_stx,bloom,ENV_FACTOR,Saxitoxin exposure in an endangered fish: association of a shortnose sturgeon mortality event with a harmful algal bloom
dino_pre2016,STX_DOC_000738,2012.0,dinoflagellate,dinoflagellate_stx,harmful algal bloom,ENV_FACTOR,Saxitoxin exposure in an endangered fish: association of a shortnose sturgeon mortality event with a harmful algal bloom
dino_pre2016,STX_DOC_000738,2012.0,dinoflagellate,dinoflagellate_stx,mass spectrometry,DETECTION_METHOD,Saxitoxin exposure in an endangered fish: association of a shortnose sturgeon mortality event with a harmful algal bloom
dino_pre2016,STX_DOC_000741,2008.0,dinoflagellate,dinoflagellate_stx,dinoflagellate,DINO_TAXON,"Occurrence of PSP-producing dinoflagellate Alexandrium tamiyavanichii in Bingo-Nada, the central coastal water of the Seto Inland Sea, Hiroshima Prefecture, Japan."
dino_pre2016,STX_DOC_000741,2008.0,dinoflagellate,dinoflagellate_stx,alexandrium,DINO_TAXON,"Occurrence of PSP-producing dinoflagellate Alexandrium tamiyavanichii in Bingo-Nada, the central coastal water of the Seto Inland Sea, Hiroshima Prefecture, Japan."
dino_pre2016,STX_DOC_000741,2008.0,dinoflagellate,dinoflagellate_stx,alexandrium catenella,DINO_TAXON,"Occurrence of PSP-producing dinoflagellate Alexandrium tamiyavanichii in Bingo-Nada, the central coastal water of the Seto Inland Sea, Hiroshima Prefecture, Japan."
dino_pre2016,STX_DOC_000741,2008.0,dinoflagellate,dinoflagellate_stx,alexandrium tamiyavanichii,DINO_TAXON,"Occurrence of PSP-producing dinoflagellate Alexandrium tamiyavanichii in Bingo-Nada, the central coastal water of the Seto Inland Sea, Hiroshima Prefecture, Japan."
dino_pre2016,STX_DOC_000741,2008.0,dinoflagellate,dinoflagellate_stx,toxicity,BIOLOGICAL_PROCESS,"Occurrence of PSP-producing dinoflagellate Alexandrium tamiyavanichii in Bingo-Nada, the central coastal water of the Seto Inland Sea, Hiroshima Prefecture, Japan."
dino_pre2016,STX_DOC_000741,2008.0,dinoflagellate,dinoflagellate_stx,hplc,DETECTION_METHOD,"Occurrence of PSP-producing dinoflagellate Alexandrium tamiyavanichii in Bingo-Nada, the central coastal water of the Seto Inland Sea, Hiroshima Prefecture, Japan."
dino_pre2016,STX_DOC_000743,2006.0,dinoflagellate,dinoflagellate_stx,dinoflagellate,DINO_TAXON,New trends in marine chemical ecology
dino_pre2016,STX_DOC_000743,2006.0,dinoflagellate,dinoflagellate_stx,dinoflagellates,DINO_TAXON,New trends in marine chemical ecology
dino_pre2016,STX_DOC_000743,2006.0,dinoflagellate,dinoflagellate_stx,nitrogen,ENV_FACTOR,New trends in marine chemical ecology
dino_pre2016,STX_DOC_000743,2006.0,dinoflagellate,dinoflagellate_stx,phosphorus,ENV_FACTOR,New trends in marine chemical ecology
dino_pre2016,STX_DOC_000743,2006.0,dinoflagellate,dinoflagellate_stx,nutrient,ENV_FACTOR,New trends in marine chemical ecology
dino_pre2016,STX_DOC_000743,2006.0,dinoflagellate,dinoflagellate_stx,nutrients,ENV_FACTOR,New trends in marine chemical ecology
dino_pre2016,STX_DOC_000743,2006.0,dinoflagellate,dinoflagellate_stx,bloom,ENV_FACTOR,New trends in marine chemical ecology
dino_pre2016,STX_DOC_000743,2006.0,dinoflagellate,dinoflagellate_stx,regulation,BIOLOGICAL_PROCESS,New trends in marine chemical ecology
dino_pre2016,STX_DOC_000750,2004.0,dinoflagellate,dinoflagellate_stx,saxitoxin,TOXIN,High affinity for the rat brain sodium channel of newly discovered hydroxybenzoate saxitoxin analogues from the dinoflagellate Gymnodinium catenatum.
dino_pre2016,STX_DOC_000750,2004.0,dinoflagellate,dinoflagellate_stx,paralytic shellfish toxins,TOXIN,High affinity for the rat brain sodium channel of newly discovered hydroxybenzoate saxitoxin analogues from the dinoflagellate Gymnodinium catenatum.
dino_pre2016,STX_DOC_000750,2004.0,dinoflagellate,dinoflagellate_stx,dinoflagellate,DINO_TAXON,High affinity for the rat brain sodium channel of newly discovered hydroxybenzoate saxitoxin analogues from the dinoflagellate Gymnodinium catenatum.
dino_pre2016,STX_DOC_000750,2004.0,dinoflagellate,dinoflagellate_stx,gymnodinium,DINO_TAXON,High affinity for the rat brain sodium channel of newly discovered hydroxybenzoate saxitoxin analogues from the dinoflagellate Gymnodinium catenatum.
dino_pre2016,STX_DOC_000750,2004.0,dinoflagellate,dinoflagellate_stx,gymnodinium catenatum,DINO_TAXON,High affinity for the rat brain sodium channel of newly discovered hydroxybenzoate saxitoxin analogues from the dinoflagellate Gymnodinium catenatum.
dino_pre2016,STX_DOC_000753,2004.0,dinoflagellate,dinoflagellate_stx,saxitoxin,TOXIN,"Pharmacological effects of the marine toxins, brevetoxin and saxitoxin, on murine frontal cortex neuronal networks."
dino_pre2016,STX_DOC_000753,2004.0,dinoflagellate,dinoflagellate_stx,stx,TOXIN,"Pharmacological effects of the marine toxins, brevetoxin and saxitoxin, on murine frontal cortex neuronal networks."
dino_pre2016,STX_DOC_000753,2004.0,dinoflagellate,dinoflagellate_stx,dinoflagellates,DINO_TAXON,"Pharmacological effects of the marine toxins, brevetoxin and saxitoxin, on murine frontal cortex neuronal networks."
dino_pre2016,STX_DOC_000755,2003.0,dinoflagellate,dinoflagellate_stx,paralytic shellfish poisoning,TOXIN,Discrimination of the toxigenic dinoflagellates <i>Alexandrium tamarense</i> and <i>A. ostenfeldii</i> in co-occurring natural populations from Scottish coastal waters
dino_pre2016,STX_DOC_000755,2003.0,dinoflagellate,dinoflagellate_stx,dinoflagellate,DINO_TAXON,Discrimination of the toxigenic dinoflagellates <i>Alexandrium tamarense</i> and <i>A. ostenfeldii</i> in co-occurring natural populations from Scottish coastal waters
dino_pre2016,STX_DOC_000755,2003.0,dinoflagellate,dinoflagellate_stx,dinoflagellates,DINO_TAXON,Discrimination of the toxigenic dinoflagellates <i>Alexandrium tamarense</i> and <i>A. ostenfeldii</i> in co-occurring natural populations from Scottish coastal waters
dino_pre2016,STX_DOC_000755,2003.0,dinoflagellate,dinoflagellate_stx,alexandrium,DINO_TAXON,Discrimination of the toxigenic dinoflagellates <i>Alexandrium tamarense</i> and <i>A. ostenfeldii</i> in co-occurring natural populations from Scottish coastal waters
dino_pre2016,STX_DOC_000755,2003.0,dinoflagellate,dinoflagellate_stx,alexandrium tamarense,DINO_TAXON,Discrimination of the toxigenic dinoflagellates <i>Alexandrium tamarense</i> and <i>A. ostenfeldii</i> in co-occurring natural populations from Scottish coastal waters
dino_pre2016,STX_DOC_000755,2003.0,dinoflagellate,dinoflagellate_stx,light,ENV_FACTOR,Discrimination of the toxigenic dinoflagellates <i>Alexandrium tamarense</i> and <i>A. ostenfeldii</i> in co-occurring natural populations from Scottish coastal waters
dino_pre2016,STX_DOC_000756,2003.0,dinoflagellate,dinoflagellate_stx,saxitoxin,TOXIN,Polyketide synthase genes from marine dinoflagellates.
dino_pre2016,STX_DOC_000756,2003.0,dinoflagellate,dinoflagellate_stx,dinoflagellate,DINO_TAXON,Polyketide synthase genes from marine dinoflagellates.
dino_pre2016,STX_DOC_000756,2003.0,dinoflagellate,dinoflagellate_stx,dinoflagellates,DINO_TAXON,Polyketide synthase genes from marine dinoflagellates.
dino_pre2016,STX_DOC_000756,2003.0,dinoflagellate,dinoflagellate_stx,gymnodinium,DINO_TAXON,Polyketide synthase genes from marine dinoflagellates.
dino_pre2016,STX_DOC_000756,2003.0,dinoflagellate,dinoflagellate_stx,gymnodinium catenatum,DINO_TAXON,Polyketide synthase genes from marine dinoflagellates.
dino_pre2016,STX_DOC_000756,2003.0,dinoflagellate,dinoflagellate_stx,light,ENV_FACTOR,Polyketide synthase genes from marine dinoflagellates.
dino_pre2016,STX_DOC_000756,2003.0,dinoflagellate,dinoflagellate_stx,biosynthesis,BIOLOGICAL_PROCESS,Polyketide synthase genes from marine dinoflagellates.
dino_pre2016,STX_DOC_000756,2003.0,dinoflagellate,dinoflagellate_stx,expression,BIOLOGICAL_PROCESS,Polyketide synthase genes from marine dinoflagellates.
dino_pre2016,STX_DOC_000756,2003.0,dinoflagellate,dinoflagellate_stx,phylogenetic,BIOLOGICAL_PROCESS,Polyketide synthase genes from marine dinoflagellates.
dino_pre2016,STX_DOC_000758,2002.0,dinoflagellate,dinoflagellate_stx,paralytic shellfish poisoning,TOXIN,Paralytic shellfish poisoning toxins in France linked to a human-introduced strain of Alexandrium catenella from the western Pacific: evidence from DNAand toxin analysis
dino_pre2016,STX_DOC_000758,2002.0,dinoflagellate,dinoflagellate_stx,dinoflagellate,DINO_TAXON,Paralytic shellfish poisoning toxins in France linked to a human-introduced strain of Alexandrium catenella from the western Pacific: evidence from DNAand toxin analysis
dino_pre2016,STX_DOC_000758,2002.0,dinoflagellate,dinoflagellate_stx,alexandrium,DINO_TAXON,Paralytic shellfish poisoning toxins in France linked to a human-introduced strain of Alexandrium catenella from the western Pacific: evidence from DNAand toxin analysis
dino_pre2016,STX_DOC_000758,2002.0,dinoflagellate,dinoflagellate_stx,alexandrium catenella,DINO_TAXON,Paralytic shellfish poisoning toxins in France linked to a human-introduced strain of Alexandrium catenella from the western Pacific: evidence from DNAand toxin analysis
dino_pre2016,STX_DOC_000758,2002.0,dinoflagellate,dinoflagellate_stx,alexandrium tamarense,DINO_TAXON,Paralytic shellfish poisoning toxins in France linked to a human-introduced strain of Alexandrium catenella from the western Pacific: evidence from DNAand toxin analysis
dino_pre2016,STX_DOC_000758,2002.0,dinoflagellate,dinoflagellate_stx,bloom,ENV_FACTOR,Paralytic shellfish poisoning toxins in France linked to a human-introduced strain of Alexandrium catenella from the western Pacific: evidence from DNAand toxin analysis
dino_pre2016,STX_DOC_000759,2002.0,dinoflagellate,dinoflagellate_stx,paralytic shellfish poisoning,TOXIN,Ecological advantages of toxin production by the dinoflagellate Alexandrium minutum under phosphorus limitation
dino_pre2016,STX_DOC_000759,2002.0,dinoflagellate,dinoflagellate_stx,dinoflagellate,DINO_TAXON,Ecological advantages of toxin production by the dinoflagellate Alexandrium minutum under phosphorus limitation
dino_pre2016,STX_DOC_000759,2002.0,dinoflagellate,dinoflagellate_stx,alexandrium,DINO_TAXON,Ecological advantages of toxin production by the dinoflagellate Alexandrium minutum under phosphorus limitation
dino_pre2016,STX_DOC_000759,2002.0,dinoflagellate,dinoflagellate_stx,alexandrium minutum,DINO_TAXON,Ecological advantages of toxin production by the dinoflagellate Alexandrium minutum under phosphorus limitation
dino_pre2016,STX_DOC_000759,2002.0,dinoflagellate,dinoflagellate_stx,phosphorus,ENV_FACTOR,Ecological advantages of toxin production by the dinoflagellate Alexandrium minutum under phosphorus limitation
dino_pre2016,STX_DOC_000759,2002.0,dinoflagellate,dinoflagellate_stx,phosphate,ENV_FACTOR,Ecological advantages of toxin production by the dinoflagellate Alexandrium minutum under phosphorus limitation
dino_pre2016,STX_DOC_000759,2002.0,dinoflagellate,dinoflagellate_stx,nutrient,ENV_FACTOR,Ecological advantages of toxin production by the dinoflagellate Alexandrium minutum under phosphorus limitation
dino_pre2016,STX_DOC_000759,2002.0,dinoflagellate,dinoflagellate_stx,toxin production,BIOLOGICAL_PROCESS,Ecological advantages of toxin production by the dinoflagellate Alexandrium minutum under phosphorus limitation
dino_pre2016,STX_DOC_000760,2001.0,dinoflagellate,dinoflagellate_stx,paralytic shellfish toxins,TOXIN,Accumulation of paralytic shellfish poisoning toxins in bivalves and an ascidian fed on Alexandrium tamarense cells
dino_pre2016,STX_DOC_000760,2001.0,dinoflagellate,dinoflagellate_stx,paralytic shellfish poisoning,TOXIN,Accumulation of paralytic shellfish poisoning toxins in bivalves and an ascidian fed on Alexandrium tamarense cells
dino_pre2016,STX_DOC_000760,2001.0,dinoflagellate,dinoflagellate_stx,dinoflagellate,DINO_TAXON,Accumulation of paralytic shellfish poisoning toxins in bivalves and an ascidian fed on Alexandrium tamarense cells
dino_pre2016,STX_DOC_000760,2001.0,dinoflagellate,dinoflagellate_stx,alexandrium,DINO_TAXON,Accumulation of paralytic shellfish poisoning toxins in bivalves and an ascidian fed on Alexandrium tamarense cells
dino_pre2016,STX_DOC_000760,2001.0,dinoflagellate,dinoflagellate_stx,alexandrium tamarense,DINO_TAXON,Accumulation of paralytic shellfish poisoning toxins in bivalves and an ascidian fed on Alexandrium tamarense cells
dino_pre2016,STX_DOC_000761,2001.0,dinoflagellate,dinoflagellate_stx,paralytic shellfish toxins,TOXIN,"Accumulation of paralytic shellfish toxins in the scallop Patinopecten yessoensis caused by the dinoflagellate Alexandrium catenella in Otsuchi Bay, Iwate Prefecture, northern Pacific coast of Japan"
dino_pre2016,STX_DOC_000761,2001.0,dinoflagellate,dinoflagellate_stx,dinoflagellate,DINO_TAXON,"Accumulation of paralytic shellfish toxins in the scallop Patinopecten yessoensis caused by the dinoflagellate Alexandrium catenella in Otsuchi Bay, Iwate Prefecture, northern Pacific coast of Japan"
dino_pre2016,STX_DOC_000761,2001.0,dinoflagellate,dinoflagellate_stx,dinoflagellates,DINO_TAXON,"Accumulation of paralytic shellfish toxins in the scallop Patinopecten yessoensis caused by the dinoflagellate Alexandrium catenella in Otsuchi Bay, Iwate Prefecture, northern Pacific coast of Japan"
dino_pre2016,STX_DOC_000761,2001.0,dinoflagellate,dinoflagellate_stx,alexandrium,DINO_TAXON,"Accumulation of paralytic shellfish toxins in the scallop Patinopecten yessoensis caused by the dinoflagellate Alexandrium catenella in Otsuchi Bay, Iwate Prefecture, northern Pacific coast of Japan"
dino_pre2016,STX_DOC_000761,2001.0,dinoflagellate,dinoflagellate_stx,alexandrium catenella,DINO_TAXON,"Accumulation of paralytic shellfish toxins in the scallop Patinopecten yessoensis caused by the dinoflagellate Alexandrium catenella in Otsuchi Bay, Iwate Prefecture, northern Pacific coast of Japan"
dino_pre2016,STX_DOC_000761,2001.0,dinoflagellate,dinoflagellate_stx,bloom,ENV_FACTOR,"Accumulation of paralytic shellfish toxins in the scallop Patinopecten yessoensis caused by the dinoflagellate Alexandrium catenella in Otsuchi Bay, Iwate Prefecture, northern Pacific coast of Japan"
dino_pre2016,STX_DOC_000761,2001.0,dinoflagellate,dinoflagellate_stx,toxicity,BIOLOGICAL_PROCESS,"Accumulation of paralytic shellfish toxins in the scallop Patinopecten yessoensis caused by the dinoflagellate Alexandrium catenella in Otsuchi Bay, Iwate Prefecture, northern Pacific coast of Japan"
dino_pre2016,STX_DOC_000764,1998.0,dinoflagellate,dinoflagellate_stx,saxitoxin,TOXIN,Paralytic shellfish poisoning: clinical and electrophysiological observations.
dino_pre2016,STX_DOC_000764,1998.0,dinoflagellate,dinoflagellate_stx,paralytic shellfish poisoning,TOXIN,Paralytic shellfish poisoning: clinical and electrophysiological observations.
dino_pre2016,STX_DOC_000764,1998.0,dinoflagellate,dinoflagellate_stx,dinoflagellate,DINO_TAXON,Paralytic shellfish poisoning: clinical and electrophysiological observations.
dino_pre2016,STX_DOC_000764,1998.0,dinoflagellate,dinoflagellate_stx,gymnodinium,DINO_TAXON,Paralytic shellfish poisoning: clinical and electrophysiological observations.
dino_pre2016,STX_DOC_000764,1998.0,dinoflagellate,dinoflagellate_stx,gymnodinium catenatum,DINO_TAXON,Paralytic shellfish poisoning: clinical and electrophysiological observations.
dino_pre2016,STX_DOC_000765,1998.0,dinoflagellate,dinoflagellate_stx,saxitoxin,TOXIN,Paralytic shellfish poisoning; A review
dino_pre2016,STX_DOC_000765,1998.0,dinoflagellate,dinoflagellate_stx,paralytic shellfish poisoning,TOXIN,Paralytic shellfish poisoning; A review
dino_pre2016,STX_DOC_000765,1998.0,dinoflagellate,dinoflagellate_stx,dinoflagellates,DINO_TAXON,Paralytic shellfish poisoning; A review
dino_pre2016,STX_DOC_000765,1998.0,dinoflagellate,dinoflagellate_stx,alexandrium,DINO_TAXON,Paralytic shellfish poisoning; A review
dino_pre2016,STX_DOC_000765,1998.0,dinoflagellate,dinoflagellate_stx,climate,ENV_FACTOR,Paralytic shellfish poisoning; A review
dino_pre2016,STX_DOC_000765,1998.0,dinoflagellate,dinoflagellate_stx,bloom,ENV_FACTOR,Paralytic shellfish poisoning; A review
dino_pre2016,STX_DOC_000765,1998.0,dinoflagellate,dinoflagellate_stx,toxicity,BIOLOGICAL_PROCESS,Paralytic shellfish poisoning; A review
dino_pre2016,STX_DOC_000765,1998.0,dinoflagellate,dinoflagellate_stx,mouse bioassay,DETECTION_METHOD,Paralytic shellfish poisoning; A review
dino_pre2016,STX_DOC_000769,1994.0,cross_taxa,dinoflagellate_stx,saxitoxin,TOXIN,Paralytic shellfish poisons from Australian cyanobacterial blooms
dino_pre2016,STX_DOC_000769,1994.0,cross_taxa,dinoflagellate_stx,dinoflagellates,DINO_TAXON,Paralytic shellfish poisons from Australian cyanobacterial blooms
dino_pre2016,STX_DOC_000769,1994.0,cross_taxa,dinoflagellate_stx,cyanobacterium,CYANO_TAXON,Paralytic shellfish poisons from Australian cyanobacterial blooms
dino_pre2016,STX_DOC_000769,1994.0,cross_taxa,dinoflagellate_stx,cyanobacterial,CYANO_TAXON,Paralytic shellfish poisons from Australian cyanobacterial blooms
dino_pre2016,STX_DOC_000769,1994.0,cross_taxa,dinoflagellate_stx,anabaena,CYANO_TAXON,Paralytic shellfish poisons from Australian cyanobacterial blooms
dino_pre2016,STX_DOC_000769,1994.0,cross_taxa,dinoflagellate_stx,bloom,ENV_FACTOR,Paralytic shellfish poisons from Australian cyanobacterial blooms
dino_pre2016,STX_DOC_000769,1994.0,cross_taxa,dinoflagellate_stx,hplc,DETECTION_METHOD,Paralytic shellfish poisons from Australian cyanobacterial blooms
dino_pre2016,STX_DOC_000770,1991.0,dinoflagellate,dinoflagellate_stx,saxitoxin,TOXIN,<i>Gymnodinium catenatum</i>toxins from mussels (<i>mytilus galloprovincialis</i>)
dino_pre2016,STX_DOC_000770,1991.0,dinoflagellate,dinoflagellate_stx,paralytic shellfish poisoning,TOXIN,<i>Gymnodinium catenatum</i>toxins from mussels (<i>mytilus galloprovincialis</i>)
dino_pre2016,STX_DOC_000770,1991.0,dinoflagellate,dinoflagellate_stx,dinoflagellate,DINO_TAXON,<i>Gymnodinium catenatum</i>toxins from mussels (<i>mytilus galloprovincialis</i>)
dino_pre2016,STX_DOC_000770,1991.0,dinoflagellate,dinoflagellate_stx,gymnodinium,DINO_TAXON,<i>Gymnodinium catenatum</i>toxins from mussels (<i>mytilus galloprovincialis</i>)
dino_pre2016,STX_DOC_000770,1991.0,dinoflagellate,dinoflagellate_stx,gymnodinium catenatum,DINO_TAXON,<i>Gymnodinium catenatum</i>toxins from mussels (<i>mytilus galloprovincialis</i>)
dino_pre2016,STX_DOC_000770,1991.0,dinoflagellate,dinoflagellate_stx,toxicity,BIOLOGICAL_PROCESS,<i>Gymnodinium catenatum</i>toxins from mussels (<i>mytilus galloprovincialis</i>)
dino_pre2016,STX_DOC_000770,1991.0,dinoflagellate,dinoflagellate_stx,mouse bioassay,DETECTION_METHOD,<i>Gymnodinium catenatum</i>toxins from mussels (<i>mytilus galloprovincialis</i>)
dino_pre2016,STX_DOC_000771,1990.0,dinoflagellate,dinoflagellate_stx,saxitoxin,TOXIN,"[Paralytic shellfish poisoning by Spondylus calcifer contaminated with Pyrodinium bahamense, Costa Rica, 1989-1990]."
dino_pre2016,STX_DOC_000771,1990.0,dinoflagellate,dinoflagellate_stx,paralytic shellfish poisoning,TOXIN,"[Paralytic shellfish poisoning by Spondylus calcifer contaminated with Pyrodinium bahamense, Costa Rica, 1989-1990]."
dino_pre2016,STX_DOC_000771,1990.0,dinoflagellate,dinoflagellate_stx,dinoflagellate,DINO_TAXON,"[Paralytic shellfish poisoning by Spondylus calcifer contaminated with Pyrodinium bahamense, Costa Rica, 1989-1990]."
dino_pre2016,STX_DOC_000771,1990.0,dinoflagellate,dinoflagellate_stx,pyrodinium,DINO_TAXON,"[Paralytic shellfish poisoning by Spondylus calcifer contaminated with Pyrodinium bahamense, Costa Rica, 1989-1990]."
dino_pre2016,STX_DOC_000771,1990.0,dinoflagellate,dinoflagellate_stx,pyrodinium bahamense,DINO_TAXON,"[Paralytic shellfish poisoning by Spondylus calcifer contaminated with Pyrodinium bahamense, Costa Rica, 1989-1990]."
dino_pre2016,STX_DOC_000772,1990.0,dinoflagellate,dinoflagellate_stx,saxitoxin,TOXIN,"[Paralytic shellfish poisoning by Spondylus calcifer contaminated with Pyrodinium bahamense, Costa Rica, 1989-1990]."
dino_pre2016,STX_DOC_000772,1990.0,dinoflagellate,dinoflagellate_stx,paralytic shellfish poisoning,TOXIN,"[Paralytic shellfish poisoning by Spondylus calcifer contaminated with Pyrodinium bahamense, Costa Rica, 1989-1990]."
dino_pre2016,STX_DOC_000772,1990.0,dinoflagellate,dinoflagellate_stx,dinoflagellate,DINO_TAXON,"[Paralytic shellfish poisoning by Spondylus calcifer contaminated with Pyrodinium bahamense, Costa Rica, 1989-1990]."
dino_pre2016,STX_DOC_000772,1990.0,dinoflagellate,dinoflagellate_stx,pyrodinium,DINO_TAXON,"[Paralytic shellfish poisoning by Spondylus calcifer contaminated with Pyrodinium bahamense, Costa Rica, 1989-1990]."
dino_pre2016,STX_DOC_000772,1990.0,dinoflagellate,dinoflagellate_stx,pyrodinium bahamense,DINO_TAXON,"[Paralytic shellfish poisoning by Spondylus calcifer contaminated with Pyrodinium bahamense, Costa Rica, 1989-1990]."
dino_pre2016,STX_DOC_000773,1985.0,dinoflagellate,dinoflagellate_stx,saxitoxin,TOXIN,Distribution of paralytic toxins in California shellfish.
dino_pre2016,STX_DOC_000773,1985.0,dinoflagellate,dinoflagellate_stx,stx,TOXIN,Distribution of paralytic toxins in California shellfish.
dino_pre2016,STX_DOC_000773,1985.0,dinoflagellate,dinoflagellate_stx,dinoflagellate,DINO_TAXON,Distribution of paralytic toxins in California shellfish.
dino_pre2016,STX_DOC_000773,1985.0,dinoflagellate,dinoflagellate_stx,bloom,ENV_FACTOR,Distribution of paralytic toxins in California shellfish.
dino_pre2016,STX_DOC_000773,1985.0,dinoflagellate,dinoflagellate_stx,toxicity,BIOLOGICAL_PROCESS,Distribution of paralytic toxins in California shellfish.
dino_pre2016,STX_DOC_000774,1984.0,dinoflagellate,dinoflagellate_stx,paralytic shellfish toxins,TOXIN,"Structures of two paralytic shellfish toxins, gonyautoxins V and VI, isolated from a tropical dinoflagellate, Pyrodinium bahamense var. compressa"
dino_pre2016,STX_DOC_000774,1984.0,dinoflagellate,dinoflagellate_stx,dinoflagellate,DINO_TAXON,"Structures of two paralytic shellfish toxins, gonyautoxins V and VI, isolated from a tropical dinoflagellate, Pyrodinium bahamense var. compressa"
dino_pre2016,STX_DOC_000774,1984.0,dinoflagellate,dinoflagellate_stx,pyrodinium,DINO_TAXON,"Structures of two paralytic shellfish toxins, gonyautoxins V and VI, isolated from a tropical dinoflagellate, Pyrodinium bahamense var. compressa"
dino_pre2016,STX_DOC_000774,1984.0,dinoflagellate,dinoflagellate_stx,pyrodinium bahamense,DINO_TAXON,"Structures of two paralytic shellfish toxins, gonyautoxins V and VI, isolated from a tropical dinoflagellate, Pyrodinium bahamense var. compressa"
dino_pre2016,STX_DOC_000776,1982.0,dinoflagellate,dinoflagellate_stx,saxitoxin,TOXIN,"Resting Cysts of the Toxic, Red Tide Dinoflagellate <i>Gonyaulax excavate</i> in Bay of Fundy Sediments"
dino_pre2016,STX_DOC_000776,1982.0,dinoflagellate,dinoflagellate_stx,stx,TOXIN,"Resting Cysts of the Toxic, Red Tide Dinoflagellate <i>Gonyaulax excavate</i> in Bay of Fundy Sediments"
dino_pre2016,STX_DOC_000776,1982.0,dinoflagellate,dinoflagellate_stx,paralytic shellfish toxins,TOXIN,"Resting Cysts of the Toxic, Red Tide Dinoflagellate <i>Gonyaulax excavate</i> in Bay of Fundy Sediments"
dino_pre2016,STX_DOC_000776,1982.0,dinoflagellate,dinoflagellate_stx,dinoflagellate,DINO_TAXON,"Resting Cysts of the Toxic, Red Tide Dinoflagellate <i>Gonyaulax excavate</i> in Bay of Fundy Sediments"
dino_pre2016,STX_DOC_000776,1982.0,dinoflagellate,dinoflagellate_stx,bloom,ENV_FACTOR,"Resting Cysts of the Toxic, Red Tide Dinoflagellate <i>Gonyaulax excavate</i> in Bay of Fundy Sediments"
dino_pre2016,STX_DOC_000776,1982.0,dinoflagellate,dinoflagellate_stx,toxicity,BIOLOGICAL_PROCESS,"Resting Cysts of the Toxic, Red Tide Dinoflagellate <i>Gonyaulax excavate</i> in Bay of Fundy Sediments"
dino_pre2016,STX_DOC_000776,1982.0,dinoflagellate,dinoflagellate_stx,mouse bioassay,DETECTION_METHOD,"Resting Cysts of the Toxic, Red Tide Dinoflagellate <i>Gonyaulax excavate</i> in Bay of Fundy Sediments"
dino_pre2016,STX_DOC_000827,2015.0,dinoflagellate,dinoflagellate_stx,saxitoxin,TOXIN,Saxitoxin and the Ochre Sea Star: Molecule of Keystone Significance and a Classic Keystone Species.
dino_pre2016,STX_DOC_000827,2015.0,dinoflagellate,dinoflagellate_stx,stx,TOXIN,Saxitoxin and the Ochre Sea Star: Molecule of Keystone Significance and a Classic Keystone Species.
dino_pre2016,STX_DOC_000827,2015.0,dinoflagellate,dinoflagellate_stx,dinoflagellates,DINO_TAXON,Saxitoxin and the Ochre Sea Star: Molecule of Keystone Significance and a Classic Keystone Species.
dino_pre2016,STX_DOC_000828,2015.0,dinoflagellate,dinoflagellate_stx,saxitoxin,TOXIN,Observation of the Saxitoxin Producing Microalgae in the Kenyan Kilindini Port Creek Waters
dino_pre2016,STX_DOC_000828,2015.0,dinoflagellate,dinoflagellate_stx,alexandrium,DINO_TAXON,Observation of the Saxitoxin Producing Microalgae in the Kenyan Kilindini Port Creek Waters
dino_pre2016,STX_DOC_000828,2015.0,dinoflagellate,dinoflagellate_stx,alexandrium catenella,DINO_TAXON,Observation of the Saxitoxin Producing Microalgae in the Kenyan Kilindini Port Creek Waters
dino_pre2016,STX_DOC_000828,2015.0,dinoflagellate,dinoflagellate_stx,pyrodinium,DINO_TAXON,Observation of the Saxitoxin Producing Microalgae in the Kenyan Kilindini Port Creek Waters
dino_pre2016,STX_DOC_000828,2015.0,dinoflagellate,dinoflagellate_stx,pyrodinium bahamense,DINO_TAXON,Observation of the Saxitoxin Producing Microalgae in the Kenyan Kilindini Port Creek Waters
dino_pre2016,STX_DOC_000829,2015.0,dinoflagellate,dinoflagellate_stx,paralytic shellfish poisoning,TOXIN,Biodiversity of the Symbiotic Bacteria Associated with Toxic Marine Dinoflagellate Alexandrium tamarense
dino_pre2016,STX_DOC_000829,2015.0,dinoflagellate,dinoflagellate_stx,dinoflagellate,DINO_TAXON,Biodiversity of the Symbiotic Bacteria Associated with Toxic Marine Dinoflagellate Alexandrium tamarense
dino_pre2016,STX_DOC_000829,2015.0,dinoflagellate,dinoflagellate_stx,dinoflagellates,DINO_TAXON,Biodiversity of the Symbiotic Bacteria Associated with Toxic Marine Dinoflagellate Alexandrium tamarense
dino_pre2016,STX_DOC_000829,2015.0,dinoflagellate,dinoflagellate_stx,alexandrium,DINO_TAXON,Biodiversity of the Symbiotic Bacteria Associated with Toxic Marine Dinoflagellate Alexandrium tamarense
dino_pre2016,STX_DOC_000829,2015.0,dinoflagellate,dinoflagellate_stx,alexandrium tamarense,DINO_TAXON,Biodiversity of the Symbiotic Bacteria Associated with Toxic Marine Dinoflagellate Alexandrium tamarense
dino_pre2016,STX_DOC_000829,2015.0,dinoflagellate,dinoflagellate_stx,phylogenetic,BIOLOGICAL_PROCESS,Biodiversity of the Symbiotic Bacteria Associated with Toxic Marine Dinoflagellate Alexandrium tamarense
dino_pre2016,STX_DOC_000830,2014.0,cross_taxa,dinoflagellate_stx,paralytic shellfish poisoning,TOXIN,Dinoflagellate Toxins: An Overview
dino_pre2016,STX_DOC_000830,2014.0,cross_taxa,dinoflagellate_stx,dinoflagellate,DINO_TAXON,Dinoflagellate Toxins: An Overview
dino_pre2016,STX_DOC_000830,2014.0,cross_taxa,dinoflagellate_stx,dinoflagellates,DINO_TAXON,Dinoflagellate Toxins: An Overview
dino_pre2016,STX_DOC_000830,2014.0,cross_taxa,dinoflagellate_stx,alexandrium,DINO_TAXON,Dinoflagellate Toxins: An Overview
dino_pre2016,STX_DOC_000830,2014.0,cross_taxa,dinoflagellate_stx,cyanobacteria,CYANO_TAXON,Dinoflagellate Toxins: An Overview
dino_pre2016,STX_DOC_000831,2014.0,dinoflagellate,dinoflagellate_stx,dinoflagellate,DINO_TAXON,"De novo assembly of a transcriptome for Calanus finmarchicus (Crustacea, Copepoda)--the dominant zooplankter of the North Atlantic Ocean."
dino_pre2016,STX_DOC_000831,2014.0,dinoflagellate,dinoflagellate_stx,alexandrium,DINO_TAXON,"De novo assembly of a transcriptome for Calanus finmarchicus (Crustacea, Copepoda)--the dominant zooplankter of the North Atlantic Ocean."
dino_pre2016,STX_DOC_000831,2014.0,dinoflagellate,dinoflagellate_stx,alexandrium fundyense,DINO_TAXON,"De novo assembly of a transcriptome for Calanus finmarchicus (Crustacea, Copepoda)--the dominant zooplankter of the North Atlantic Ocean."
dino_pre2016,STX_DOC_000831,2014.0,dinoflagellate,dinoflagellate_stx,warming,ENV_FACTOR,"De novo assembly of a transcriptome for Calanus finmarchicus (Crustacea, Copepoda)--the dominant zooplankter of the North Atlantic Ocean."
dino_pre2016,STX_DOC_000831,2014.0,dinoflagellate,dinoflagellate_stx,biosynthesis,BIOLOGICAL_PROCESS,"De novo assembly of a transcriptome for Calanus finmarchicus (Crustacea, Copepoda)--the dominant zooplankter of the North Atlantic Ocean."
dino_pre2016,STX_DOC_000831,2014.0,dinoflagellate,dinoflagellate_stx,expression,BIOLOGICAL_PROCESS,"De novo assembly of a transcriptome for Calanus finmarchicus (Crustacea, Copepoda)--the dominant zooplankter of the North Atlantic Ocean."
dino_pre2016,STX_DOC_000831,2014.0,dinoflagellate,dinoflagellate_stx,transcriptome,BIOLOGICAL_PROCESS,"De novo assembly of a transcriptome for Calanus finmarchicus (Crustacea, Copepoda)--the dominant zooplankter of the North Atlantic Ocean."
dino_pre2016,STX_DOC_000831,2014.0,dinoflagellate,dinoflagellate_stx,gene duplication,BIOLOGICAL_PROCESS,"De novo assembly of a transcriptome for Calanus finmarchicus (Crustacea, Copepoda)--the dominant zooplankter of the North Atlantic Ocean."
dino_pre2016,STX_DOC_000832,2014.0,cross_taxa,dinoflagellate_stx,paralytic shellfish toxins,TOXIN,BMAA in shellfish from two Portuguese transitional water bodies suggests the marine dinoflagellate Gymnodinium catenatum as a potential BMAA source.
dino_pre2016,STX_DOC_000832,2014.0,cross_taxa,dinoflagellate_stx,dinoflagellate,DINO_TAXON,BMAA in shellfish from two Portuguese transitional water bodies suggests the marine dinoflagellate Gymnodinium catenatum as a potential BMAA source.
dino_pre2016,STX_DOC_000832,2014.0,cross_taxa,dinoflagellate_stx,gymnodinium,DINO_TAXON,BMAA in shellfish from two Portuguese transitional water bodies suggests the marine dinoflagellate Gymnodinium catenatum as a potential BMAA source.
dino_pre2016,STX_DOC_000832,2014.0,cross_taxa,dinoflagellate_stx,gymnodinium catenatum,DINO_TAXON,BMAA in shellfish from two Portuguese transitional water bodies suggests the marine dinoflagellate Gymnodinium catenatum as a potential BMAA source.
dino_pre2016,STX_DOC_000832,2014.0,cross_taxa,dinoflagellate_stx,cyanobacterial,CYANO_TAXON,BMAA in shellfish from two Portuguese transitional water bodies suggests the marine dinoflagellate Gymnodinium catenatum as a potential BMAA source.
dino_pre2016,STX_DOC_000833,2013.0,cross_taxa,dinoflagellate_stx,saxitoxin,TOXIN,Paralytic shellfish toxins inhibit copper uptake in Chlamydomonas reinhardtii.
dino_pre2016,STX_DOC_000833,2013.0,cross_taxa,dinoflagellate_stx,paralytic shellfish toxins,TOXIN,Paralytic shellfish toxins inhibit copper uptake in Chlamydomonas reinhardtii.
dino_pre2016,STX_DOC_000833,2013.0,cross_taxa,dinoflagellate_stx,dinoflagellates,DINO_TAXON,Paralytic shellfish toxins inhibit copper uptake in Chlamydomonas reinhardtii.
dino_pre2016,STX_DOC_000833,2013.0,cross_taxa,dinoflagellate_stx,cyanobacteria,CYANO_TAXON,Paralytic shellfish toxins inhibit copper uptake in Chlamydomonas reinhardtii.
dino_pre2016,STX_DOC_000833,2013.0,cross_taxa,dinoflagellate_stx,bloom,ENV_FACTOR,Paralytic shellfish toxins inhibit copper uptake in Chlamydomonas reinhardtii.
dino_pre2016,STX_DOC_000833,2013.0,cross_taxa,dinoflagellate_stx,expression,BIOLOGICAL_PROCESS,Paralytic shellfish toxins inhibit copper uptake in Chlamydomonas reinhardtii.
dino_pre2016,STX_DOC_000835,2013.0,dinoflagellate,dinoflagellate_stx,paralytic shellfish toxin,TOXIN,Genetic and genotoxic impacts in the oyster Crassostrea gigas exposed to the harmful alga Alexandrium minutum.
dino_pre2016,STX_DOC_000835,2013.0,dinoflagellate,dinoflagellate_stx,pst,TOXIN,Genetic and genotoxic impacts in the oyster Crassostrea gigas exposed to the harmful alga Alexandrium minutum.
dino_pre2016,STX_DOC_000835,2013.0,dinoflagellate,dinoflagellate_stx,alexandrium,DINO_TAXON,Genetic and genotoxic impacts in the oyster Crassostrea gigas exposed to the harmful alga Alexandrium minutum.
dino_pre2016,STX_DOC_000835,2013.0,dinoflagellate,dinoflagellate_stx,alexandrium minutum,DINO_TAXON,Genetic and genotoxic impacts in the oyster Crassostrea gigas exposed to the harmful alga Alexandrium minutum.
dino_pre2016,STX_DOC_000835,2013.0,dinoflagellate,dinoflagellate_stx,bloom,ENV_FACTOR,Genetic and genotoxic impacts in the oyster Crassostrea gigas exposed to the harmful alga Alexandrium minutum.
dino_pre2016,STX_DOC_000835,2013.0,dinoflagellate,dinoflagellate_stx,transcription,BIOLOGICAL_PROCESS,Genetic and genotoxic impacts in the oyster Crassostrea gigas exposed to the harmful alga Alexandrium minutum.
dino_pre2016,STX_DOC_000837,2013.0,dinoflagellate,high_confidence_stx_biosynthesis,saxitoxin,TOXIN,Expressed Sequence Tag Analysis of Toxic Alexandrium tamarense and Identification of Saxitoxin Biosynthetic Genes
dino_pre2016,STX_DOC_000837,2013.0,dinoflagellate,high_confidence_stx_biosynthesis,alexandrium,DINO_TAXON,Expressed Sequence Tag Analysis of Toxic Alexandrium tamarense and Identification of Saxitoxin Biosynthetic Genes
dino_pre2016,STX_DOC_000837,2013.0,dinoflagellate,high_confidence_stx_biosynthesis,alexandrium tamarense,DINO_TAXON,Expressed Sequence Tag Analysis of Toxic Alexandrium tamarense and Identification of Saxitoxin Biosynthetic Genes
dino_pre2016,STX_DOC_000838,2012.0,dinoflagellate,high_confidence_stx_biosynthesis,saxitoxin,TOXIN,A reinvestigation of saxitoxin production and sxtA in the ‘non-toxic’ Alexandrium tamarense Group V clade
dino_pre2016,STX_DOC_000838,2012.0,dinoflagellate,high_confidence_stx_biosynthesis,sxta,SXT_GENE,A reinvestigation of saxitoxin production and sxtA in the ‘non-toxic’ Alexandrium tamarense Group V clade
dino_pre2016,STX_DOC_000838,2012.0,dinoflagellate,high_confidence_stx_biosynthesis,alexandrium,DINO_TAXON,A reinvestigation of saxitoxin production and sxtA in the ‘non-toxic’ Alexandrium tamarense Group V clade
dino_pre2016,STX_DOC_000838,2012.0,dinoflagellate,high_confidence_stx_biosynthesis,alexandrium tamarense,DINO_TAXON,A reinvestigation of saxitoxin production and sxtA in the ‘non-toxic’ Alexandrium tamarense Group V clade
dino_pre2016,STX_DOC_000840,2012.0,dinoflagellate,dinoflagellate_stx,dinoflagellate,DINO_TAXON,"Accumulation, Biotransformation, Histopathology and Paralysis in the Pacific Calico Scallop Argopecten ventricosus by the Paralyzing Toxins of the Dinoflagellate Gymnodinium catenatum"
dino_pre2016,STX_DOC_000840,2012.0,dinoflagellate,dinoflagellate_stx,dinoflagellates,DINO_TAXON,"Accumulation, Biotransformation, Histopathology and Paralysis in the Pacific Calico Scallop Argopecten ventricosus by the Paralyzing Toxins of the Dinoflagellate Gymnodinium catenatum"
dino_pre2016,STX_DOC_000840,2012.0,dinoflagellate,dinoflagellate_stx,gymnodinium,DINO_TAXON,"Accumulation, Biotransformation, Histopathology and Paralysis in the Pacific Calico Scallop Argopecten ventricosus by the Paralyzing Toxins of the Dinoflagellate Gymnodinium catenatum"
dino_pre2016,STX_DOC_000840,2012.0,dinoflagellate,dinoflagellate_stx,gymnodinium catenatum,DINO_TAXON,"Accumulation, Biotransformation, Histopathology and Paralysis in the Pacific Calico Scallop Argopecten ventricosus by the Paralyzing Toxins of the Dinoflagellate Gymnodinium catenatum"
dino_pre2016,STX_DOC_000840,2012.0,dinoflagellate,dinoflagellate_stx,hplc,DETECTION_METHOD,"Accumulation, Biotransformation, Histopathology and Paralysis in the Pacific Calico Scallop Argopecten ventricosus by the Paralyzing Toxins of the Dinoflagellate Gymnodinium catenatum"
dino_pre2016,STX_DOC_000841,2012.0,dinoflagellate,dinoflagellate_stx,alexandrium,DINO_TAXON,Efecto de diferentes proporciones de nitrógeno/fósforo en el crecimiento y toxicidad de Alexandrium Catenella (Dinoflagellata)
dino_pre2016,STX_DOC_000841,2012.0,dinoflagellate,dinoflagellate_stx,alexandrium catenella,DINO_TAXON,Efecto de diferentes proporciones de nitrógeno/fósforo en el crecimiento y toxicidad de Alexandrium Catenella (Dinoflagellata)
dino_pre2016,STX_DOC_000841,2012.0,dinoflagellate,dinoflagellate_stx,nitrogen,ENV_FACTOR,Efecto de diferentes proporciones de nitrógeno/fósforo en el crecimiento y toxicidad de Alexandrium Catenella (Dinoflagellata)
dino_pre2016,STX_DOC_000841,2012.0,dinoflagellate,dinoflagellate_stx,phosphorus,ENV_FACTOR,Efecto de diferentes proporciones de nitrógeno/fósforo en el crecimiento y toxicidad de Alexandrium Catenella (Dinoflagellata)
dino_pre2016,STX_DOC_000841,2012.0,dinoflagellate,dinoflagellate_stx,nutrient,ENV_FACTOR,Efecto de diferentes proporciones de nitrógeno/fósforo en el crecimiento y toxicidad de Alexandrium Catenella (Dinoflagellata)
dino_pre2016,STX_DOC_000841,2012.0,dinoflagellate,dinoflagellate_stx,nutrients,ENV_FACTOR,Efecto de diferentes proporciones de nitrógeno/fósforo en el crecimiento y toxicidad de Alexandrium Catenella (Dinoflagellata)
dino_pre2016,STX_DOC_000841,2012.0,dinoflagellate,dinoflagellate_stx,toxicity,BIOLOGICAL_PROCESS,Efecto de diferentes proporciones de nitrógeno/fósforo en el crecimiento y toxicidad de Alexandrium Catenella (Dinoflagellata)
dino_pre2016,STX_DOC_000841,2012.0,dinoflagellate,dinoflagellate_stx,toxin production,BIOLOGICAL_PROCESS,Efecto de diferentes proporciones de nitrógeno/fósforo en el crecimiento y toxicidad de Alexandrium Catenella (Dinoflagellata)
dino_pre2016,STX_DOC_000842,2011.0,dinoflagellate,dinoflagellate_stx,saxitoxin,TOXIN,"Alterations of 3,4-dihydroxyphenylethylamine and its metabolite 3,4-dihydroxyphenylacetic produced in rat brain tissues after systemic administration of saxitoxin."
dino_pre2016,STX_DOC_000842,2011.0,dinoflagellate,dinoflagellate_stx,stx,TOXIN,"Alterations of 3,4-dihydroxyphenylethylamine and its metabolite 3,4-dihydroxyphenylacetic produced in rat brain tissues after systemic administration of saxitoxin."
dino_pre2016,STX_DOC_000842,2011.0,dinoflagellate,dinoflagellate_stx,paralytic shellfish poisoning,TOXIN,"Alterations of 3,4-dihydroxyphenylethylamine and its metabolite 3,4-dihydroxyphenylacetic produced in rat brain tissues after systemic administration of saxitoxin."
dino_pre2016,STX_DOC_000842,2011.0,dinoflagellate,dinoflagellate_stx,dinoflagellates,DINO_TAXON,"Alterations of 3,4-dihydroxyphenylethylamine and its metabolite 3,4-dihydroxyphenylacetic produced in rat brain tissues after systemic administration of saxitoxin."
dino_pre2016,STX_DOC_000844,2011.0,dinoflagellate,dinoflagellate_stx,saxitoxin,TOXIN,Comparison of biosensor platforms for surface plasmon resonance based detection of paralytic shellfish toxins.
dino_pre2016,STX_DOC_000844,2011.0,dinoflagellate,dinoflagellate_stx,paralytic shellfish toxins,TOXIN,Comparison of biosensor platforms for surface plasmon resonance based detection of paralytic shellfish toxins.
dino_pre2016,STX_DOC_000844,2011.0,dinoflagellate,dinoflagellate_stx,paralytic shellfish poisoning,TOXIN,Comparison of biosensor platforms for surface plasmon resonance based detection of paralytic shellfish toxins.
dino_pre2016,STX_DOC_000844,2011.0,dinoflagellate,dinoflagellate_stx,dinoflagellates,DINO_TAXON,Comparison of biosensor platforms for surface plasmon resonance based detection of paralytic shellfish toxins.
dino_pre2016,STX_DOC_000844,2011.0,dinoflagellate,dinoflagellate_stx,hplc,DETECTION_METHOD,Comparison of biosensor platforms for surface plasmon resonance based detection of paralytic shellfish toxins.
dino_pre2016,STX_DOC_000844,2011.0,dinoflagellate,dinoflagellate_stx,mouse bioassay,DETECTION_METHOD,Comparison of biosensor platforms for surface plasmon resonance based detection of paralytic shellfish toxins.
dino_pre2016,STX_DOC_000844,2011.0,dinoflagellate,dinoflagellate_stx,biosensor,DETECTION_METHOD,Comparison of biosensor platforms for surface plasmon resonance based detection of paralytic shellfish toxins.
dino_pre2016,STX_DOC_000846,2010.0,dinoflagellate,dinoflagellate_stx,stx,TOXIN,Paralytic shellfish poisoning: seafood safety and human health perspectives.
dino_pre2016,STX_DOC_000846,2010.0,dinoflagellate,dinoflagellate_stx,paralytic shellfish poisoning,TOXIN,Paralytic shellfish poisoning: seafood safety and human health perspectives.
dino_pre2016,STX_DOC_000846,2010.0,dinoflagellate,dinoflagellate_stx,dinoflagellate,DINO_TAXON,Paralytic shellfish poisoning: seafood safety and human health perspectives.
dino_pre2016,STX_DOC_000847,2010.0,dinoflagellate,dinoflagellate_stx,paralytic shellfish poisoning,TOXIN,Bacterial diversity of Gymnodinium catenatum and its relationship to dinoflagellate toxicity
dino_pre2016,STX_DOC_000847,2010.0,dinoflagellate,dinoflagellate_stx,dinoflagellate,DINO_TAXON,Bacterial diversity of Gymnodinium catenatum and its relationship to dinoflagellate toxicity
dino_pre2016,STX_DOC_000847,2010.0,dinoflagellate,dinoflagellate_stx,dinoflagellates,DINO_TAXON,Bacterial diversity of Gymnodinium catenatum and its relationship to dinoflagellate toxicity
dino_pre2016,STX_DOC_000847,2010.0,dinoflagellate,dinoflagellate_stx,gymnodinium,DINO_TAXON,Bacterial diversity of Gymnodinium catenatum and its relationship to dinoflagellate toxicity
dino_pre2016,STX_DOC_000847,2010.0,dinoflagellate,dinoflagellate_stx,gymnodinium catenatum,DINO_TAXON,Bacterial diversity of Gymnodinium catenatum and its relationship to dinoflagellate toxicity
dino_pre2016,STX_DOC_000847,2010.0,dinoflagellate,dinoflagellate_stx,phylogenetic,BIOLOGICAL_PROCESS,Bacterial diversity of Gymnodinium catenatum and its relationship to dinoflagellate toxicity
dino_pre2016,STX_DOC_000847,2010.0,dinoflagellate,dinoflagellate_stx,toxicity,BIOLOGICAL_PROCESS,Bacterial diversity of Gymnodinium catenatum and its relationship to dinoflagellate toxicity
dino_pre2016,STX_DOC_000847,2010.0,dinoflagellate,dinoflagellate_stx,toxin production,BIOLOGICAL_PROCESS,Bacterial diversity of Gymnodinium catenatum and its relationship to dinoflagellate toxicity
dino_pre2016,STX_DOC_000848,2010.0,dinoflagellate,dinoflagellate_stx,saxitoxin,TOXIN,Monitoring Program for Harmful Algal Blooms in Salvadoran Waters: Report of Pyrodinium bahamense from November 2009 to June 2010.
dino_pre2016,STX_DOC_000848,2010.0,dinoflagellate,dinoflagellate_stx,stx,TOXIN,Monitoring Program for Harmful Algal Blooms in Salvadoran Waters: Report of Pyrodinium bahamense from November 2009 to June 2010.
dino_pre2016,STX_DOC_000848,2010.0,dinoflagellate,dinoflagellate_stx,pyrodinium,DINO_TAXON,Monitoring Program for Harmful Algal Blooms in Salvadoran Waters: Report of Pyrodinium bahamense from November 2009 to June 2010.
dino_pre2016,STX_DOC_000848,2010.0,dinoflagellate,dinoflagellate_stx,pyrodinium bahamense,DINO_TAXON,Monitoring Program for Harmful Algal Blooms in Salvadoran Waters: Report of Pyrodinium bahamense from November 2009 to June 2010.
dino_pre2016,STX_DOC_000848,2010.0,dinoflagellate,dinoflagellate_stx,bloom,ENV_FACTOR,Monitoring Program for Harmful Algal Blooms in Salvadoran Waters: Report of Pyrodinium bahamense from November 2009 to June 2010.
dino_pre2016,STX_DOC_000848,2010.0,dinoflagellate,dinoflagellate_stx,toxicity,BIOLOGICAL_PROCESS,Monitoring Program for Harmful Algal Blooms in Salvadoran Waters: Report of Pyrodinium bahamense from November 2009 to June 2010.
dino_pre2016,STX_DOC_000848,2010.0,dinoflagellate,dinoflagellate_stx,hplc,DETECTION_METHOD,Monitoring Program for Harmful Algal Blooms in Salvadoran Waters: Report of Pyrodinium bahamense from November 2009 to June 2010.
dino_pre2016,STX_DOC_000848,2010.0,dinoflagellate,dinoflagellate_stx,mouse bioassay,DETECTION_METHOD,Monitoring Program for Harmful Algal Blooms in Salvadoran Waters: Report of Pyrodinium bahamense from November 2009 to June 2010.
dino_pre2016,STX_DOC_000850,2009.0,cross_taxa,dinoflagellate_stx,saxitoxin,TOXIN,Screening the toxicity and toxin content of blooms of the cyanobacterium Trichodesmium erythraeum (Ehrenberg) in northeast Brasil
dino_pre2016,STX_DOC_000850,2009.0,cross_taxa,dinoflagellate_stx,dinoflagellates,DINO_TAXON,Screening the toxicity and toxin content of blooms of the cyanobacterium Trichodesmium erythraeum (Ehrenberg) in northeast Brasil
dino_pre2016,STX_DOC_000850,2009.0,cross_taxa,dinoflagellate_stx,cyanobacterium,CYANO_TAXON,Screening the toxicity and toxin content of blooms of the cyanobacterium Trichodesmium erythraeum (Ehrenberg) in northeast Brasil
dino_pre2016,STX_DOC_000850,2009.0,cross_taxa,dinoflagellate_stx,nitrogen,ENV_FACTOR,Screening the toxicity and toxin content of blooms of the cyanobacterium Trichodesmium erythraeum (Ehrenberg) in northeast Brasil
dino_pre2016,STX_DOC_000850,2009.0,cross_taxa,dinoflagellate_stx,toxicity,BIOLOGICAL_PROCESS,Screening the toxicity and toxin content of blooms of the cyanobacterium Trichodesmium erythraeum (Ehrenberg) in northeast Brasil
dino_pre2016,STX_DOC_000850,2009.0,cross_taxa,dinoflagellate_stx,hplc,DETECTION_METHOD,Screening the toxicity and toxin content of blooms of the cyanobacterium Trichodesmium erythraeum (Ehrenberg) in northeast Brasil
dino_pre2016,STX_DOC_000850,2009.0,cross_taxa,dinoflagellate_stx,mouse bioassay,DETECTION_METHOD,Screening the toxicity and toxin content of blooms of the cyanobacterium Trichodesmium erythraeum (Ehrenberg) in northeast Brasil
dino_pre2016,STX_DOC_000850,2009.0,cross_taxa,dinoflagellate_stx,elisa,DETECTION_METHOD,Screening the toxicity and toxin content of blooms of the cyanobacterium Trichodesmium erythraeum (Ehrenberg) in northeast Brasil
dino_pre2016,STX_DOC_000853,2007.0,dinoflagellate,dinoflagellate_stx,paralytic shellfish poisoning,TOXIN,Profiles of paralytic shellfish poisoning toxins in shellfish from Portugal explained by carbamoylase activity.
dino_pre2016,STX_DOC_000853,2007.0,dinoflagellate,dinoflagellate_stx,gymnodinium,DINO_TAXON,Profiles of paralytic shellfish poisoning toxins in shellfish from Portugal explained by carbamoylase activity.
dino_pre2016,STX_DOC_000853,2007.0,dinoflagellate,dinoflagellate_stx,gymnodinium catenatum,DINO_TAXON,Profiles of paralytic shellfish poisoning toxins in shellfish from Portugal explained by carbamoylase activity.
dino_pre2016,STX_DOC_000853,2007.0,dinoflagellate,dinoflagellate_stx,bloom,ENV_FACTOR,Profiles of paralytic shellfish poisoning toxins in shellfish from Portugal explained by carbamoylase activity.
dino_pre2016,STX_DOC_000853,2007.0,dinoflagellate,dinoflagellate_stx,hplc,DETECTION_METHOD,Profiles of paralytic shellfish poisoning toxins in shellfish from Portugal explained by carbamoylase activity.
dino_pre2016,STX_DOC_000856,2006.0,cross_taxa,dinoflagellate_stx,paralytic shellfish poisoning,TOXIN,Ecological and toxicological effects of inorganic nitrogen pollution in aquatic ecosystems: A global assessment.
dino_pre2016,STX_DOC_000856,2006.0,cross_taxa,dinoflagellate_stx,dinoflagellates,DINO_TAXON,Ecological and toxicological effects of inorganic nitrogen pollution in aquatic ecosystems: A global assessment.
dino_pre2016,STX_DOC_000856,2006.0,cross_taxa,dinoflagellate_stx,cyanobacteria,CYANO_TAXON,Ecological and toxicological effects of inorganic nitrogen pollution in aquatic ecosystems: A global assessment.
dino_pre2016,STX_DOC_000856,2006.0,cross_taxa,dinoflagellate_stx,salinity,ENV_FACTOR,Ecological and toxicological effects of inorganic nitrogen pollution in aquatic ecosystems: A global assessment.
dino_pre2016,STX_DOC_000856,2006.0,cross_taxa,dinoflagellate_stx,nitrogen,ENV_FACTOR,Ecological and toxicological effects of inorganic nitrogen pollution in aquatic ecosystems: A global assessment.
dino_pre2016,STX_DOC_000856,2006.0,cross_taxa,dinoflagellate_stx,nitrate,ENV_FACTOR,Ecological and toxicological effects of inorganic nitrogen pollution in aquatic ecosystems: A global assessment.
dino_pre2016,STX_DOC_000856,2006.0,cross_taxa,dinoflagellate_stx,toxicity,BIOLOGICAL_PROCESS,Ecological and toxicological effects of inorganic nitrogen pollution in aquatic ecosystems: A global assessment.
dino_pre2016,STX_DOC_000857,2004.0,dinoflagellate,dinoflagellate_stx,dinoflagellate,DINO_TAXON,Copepod egg production and hatching success is reduced by maternal diets of a non-neurotoxic strain of the dinoflagellate Alexandrium tamarense
dino_pre2016,STX_DOC_000857,2004.0,dinoflagellate,dinoflagellate_stx,dinoflagellates,DINO_TAXON,Copepod egg production and hatching success is reduced by maternal diets of a non-neurotoxic strain of the dinoflagellate Alexandrium tamarense
dino_pre2016,STX_DOC_000857,2004.0,dinoflagellate,dinoflagellate_stx,alexandrium,DINO_TAXON,Copepod egg production and hatching success is reduced by maternal diets of a non-neurotoxic strain of the dinoflagellate Alexandrium tamarense
dino_pre2016,STX_DOC_000857,2004.0,dinoflagellate,dinoflagellate_stx,alexandrium tamarense,DINO_TAXON,Copepod egg production and hatching success is reduced by maternal diets of a non-neurotoxic strain of the dinoflagellate Alexandrium tamarense
dino_pre2016,STX_DOC_000857,2004.0,dinoflagellate,dinoflagellate_stx,hplc,DETECTION_METHOD,Copepod egg production and hatching success is reduced by maternal diets of a non-neurotoxic strain of the dinoflagellate Alexandrium tamarense
dino_pre2016,STX_DOC_000858,2004.0,dinoflagellate,dinoflagellate_stx,saxitoxin,TOXIN,Morphological abnormalities and sensorimotor deficits in larval fish exposed to dissolved saxitoxin.
dino_pre2016,STX_DOC_000858,2004.0,dinoflagellate,dinoflagellate_stx,stx,TOXIN,Morphological abnormalities and sensorimotor deficits in larval fish exposed to dissolved saxitoxin.
dino_pre2016,STX_DOC_000858,2004.0,dinoflagellate,dinoflagellate_stx,paralytic shellfish poisoning,TOXIN,Morphological abnormalities and sensorimotor deficits in larval fish exposed to dissolved saxitoxin.
dino_pre2016,STX_DOC_000858,2004.0,dinoflagellate,dinoflagellate_stx,dinoflagellate,DINO_TAXON,Morphological abnormalities and sensorimotor deficits in larval fish exposed to dissolved saxitoxin.
dino_pre2016,STX_DOC_000859,2004.0,dinoflagellate,dinoflagellate_stx,saxitoxin,TOXIN,Gas-phase dissociation reactions of protonated saxitoxin and neosaxitoxin.
dino_pre2016,STX_DOC_000859,2004.0,dinoflagellate,dinoflagellate_stx,stx,TOXIN,Gas-phase dissociation reactions of protonated saxitoxin and neosaxitoxin.
dino_pre2016,STX_DOC_000859,2004.0,dinoflagellate,dinoflagellate_stx,neosaxitoxin,TOXIN,Gas-phase dissociation reactions of protonated saxitoxin and neosaxitoxin.
dino_pre2016,STX_DOC_000859,2004.0,dinoflagellate,dinoflagellate_stx,dinoflagellates,DINO_TAXON,Gas-phase dissociation reactions of protonated saxitoxin and neosaxitoxin.
dino_pre2016,STX_DOC_000859,2004.0,dinoflagellate,dinoflagellate_stx,mass spectrometry,DETECTION_METHOD,Gas-phase dissociation reactions of protonated saxitoxin and neosaxitoxin.
dino_pre2016,STX_DOC_000860,2004.0,dinoflagellate,dinoflagellate_stx,saxitoxin,TOXIN,Proficiency studies on the determination of paralytic shellfish poisoning toxins in shellfish.
dino_pre2016,STX_DOC_000860,2004.0,dinoflagellate,dinoflagellate_stx,stx,TOXIN,Proficiency studies on the determination of paralytic shellfish poisoning toxins in shellfish.
dino_pre2016,STX_DOC_000860,2004.0,dinoflagellate,dinoflagellate_stx,paralytic shellfish poisoning,TOXIN,Proficiency studies on the determination of paralytic shellfish poisoning toxins in shellfish.
dino_pre2016,STX_DOC_000860,2004.0,dinoflagellate,dinoflagellate_stx,dinoflagellates,DINO_TAXON,Proficiency studies on the determination of paralytic shellfish poisoning toxins in shellfish.
dino_pre2016,STX_DOC_000860,2004.0,dinoflagellate,dinoflagellate_stx,mouse bioassay,DETECTION_METHOD,Proficiency studies on the determination of paralytic shellfish poisoning toxins in shellfish.
dino_pre2016,STX_DOC_000863,2003.0,dinoflagellate,dinoflagellate_stx,saxitoxin,TOXIN,A Fluorimetric Microplate Assay for Detection and Quantitation of Toxins Causing Paralytic Shellfish Poisoning
dino_pre2016,STX_DOC_000863,2003.0,dinoflagellate,dinoflagellate_stx,paralytic shellfish toxins,TOXIN,A Fluorimetric Microplate Assay for Detection and Quantitation of Toxins Causing Paralytic Shellfish Poisoning
dino_pre2016,STX_DOC_000863,2003.0,dinoflagellate,dinoflagellate_stx,paralytic shellfish poisoning,TOXIN,A Fluorimetric Microplate Assay for Detection and Quantitation of Toxins Causing Paralytic Shellfish Poisoning
dino_pre2016,STX_DOC_000863,2003.0,dinoflagellate,dinoflagellate_stx,dinoflagellates,DINO_TAXON,A Fluorimetric Microplate Assay for Detection and Quantitation of Toxins Causing Paralytic Shellfish Poisoning
dino_pre2016,STX_DOC_000863,2003.0,dinoflagellate,dinoflagellate_stx,toxicity,BIOLOGICAL_PROCESS,A Fluorimetric Microplate Assay for Detection and Quantitation of Toxins Causing Paralytic Shellfish Poisoning
dino_pre2016,STX_DOC_000864,2003.0,dinoflagellate,dinoflagellate_stx,dinoflagellate,DINO_TAXON,"Culture Studies of Alexandrium affine (Dinophyceae), a Non-Toxic Cyst Forming Dinoflagellate from Bahía Concepción, Gulf of California"
dino_pre2016,STX_DOC_000864,2003.0,dinoflagellate,dinoflagellate_stx,alexandrium,DINO_TAXON,"Culture Studies of Alexandrium affine (Dinophyceae), a Non-Toxic Cyst Forming Dinoflagellate from Bahía Concepción, Gulf of California"
dino_pre2016,STX_DOC_000864,2003.0,dinoflagellate,dinoflagellate_stx,alexandrium affine,DINO_TAXON,"Culture Studies of Alexandrium affine (Dinophyceae), a Non-Toxic Cyst Forming Dinoflagellate from Bahía Concepción, Gulf of California"
dino_pre2016,STX_DOC_000864,2003.0,dinoflagellate,dinoflagellate_stx,temperature,ENV_FACTOR,"Culture Studies of Alexandrium affine (Dinophyceae), a Non-Toxic Cyst Forming Dinoflagellate from Bahía Concepción, Gulf of California"
dino_pre2016,STX_DOC_000864,2003.0,dinoflagellate,dinoflagellate_stx,nutrient,ENV_FACTOR,"Culture Studies of Alexandrium affine (Dinophyceae), a Non-Toxic Cyst Forming Dinoflagellate from Bahía Concepción, Gulf of California"
dino_pre2016,STX_DOC_000864,2003.0,dinoflagellate,dinoflagellate_stx,light,ENV_FACTOR,"Culture Studies of Alexandrium affine (Dinophyceae), a Non-Toxic Cyst Forming Dinoflagellate from Bahía Concepción, Gulf of California"
dino_pre2016,STX_DOC_000864,2003.0,dinoflagellate,dinoflagellate_stx,hplc,DETECTION_METHOD,"Culture Studies of Alexandrium affine (Dinophyceae), a Non-Toxic Cyst Forming Dinoflagellate from Bahía Concepción, Gulf of California"
dino_pre2016,STX_DOC_000867,2003.0,dinoflagellate,dinoflagellate_stx,saxitoxin,TOXIN,A fluorimetric microplate assay for detection and quantitation of toxins causing paralytic shellfish poisoning.
dino_pre2016,STX_DOC_000867,2003.0,dinoflagellate,dinoflagellate_stx,paralytic shellfish toxins,TOXIN,A fluorimetric microplate assay for detection and quantitation of toxins causing paralytic shellfish poisoning.
dino_pre2016,STX_DOC_000867,2003.0,dinoflagellate,dinoflagellate_stx,paralytic shellfish poisoning,TOXIN,A fluorimetric microplate assay for detection and quantitation of toxins causing paralytic shellfish poisoning.
dino_pre2016,STX_DOC_000867,2003.0,dinoflagellate,dinoflagellate_stx,dinoflagellates,DINO_TAXON,A fluorimetric microplate assay for detection and quantitation of toxins causing paralytic shellfish poisoning.
dino_pre2016,STX_DOC_000867,2003.0,dinoflagellate,dinoflagellate_stx,toxicity,BIOLOGICAL_PROCESS,A fluorimetric microplate assay for detection and quantitation of toxins causing paralytic shellfish poisoning.
dino_pre2016,STX_DOC_000868,2002.0,dinoflagellate,dinoflagellate_stx,stx,TOXIN,Accumulation of paralytic shellfish poisoning toxins in the edible shore crab Telmessus acutidens.
dino_pre2016,STX_DOC_000868,2002.0,dinoflagellate,dinoflagellate_stx,paralytic shellfish poisoning,TOXIN,Accumulation of paralytic shellfish poisoning toxins in the edible shore crab Telmessus acutidens.
dino_pre2016,STX_DOC_000868,2002.0,dinoflagellate,dinoflagellate_stx,dinoflagellates,DINO_TAXON,Accumulation of paralytic shellfish poisoning toxins in the edible shore crab Telmessus acutidens.
dino_pre2016,STX_DOC_000868,2002.0,dinoflagellate,dinoflagellate_stx,toxicity,BIOLOGICAL_PROCESS,Accumulation of paralytic shellfish poisoning toxins in the edible shore crab Telmessus acutidens.
dino_pre2016,STX_DOC_000868,2002.0,dinoflagellate,dinoflagellate_stx,hplc,DETECTION_METHOD,Accumulation of paralytic shellfish poisoning toxins in the edible shore crab Telmessus acutidens.
dino_pre2016,STX_DOC_000868,2002.0,dinoflagellate,dinoflagellate_stx,mouse bioassay,DETECTION_METHOD,Accumulation of paralytic shellfish poisoning toxins in the edible shore crab Telmessus acutidens.
dino_pre2016,STX_DOC_000869,2000.0,dinoflagellate,dinoflagellate_stx,saxitoxin,TOXIN,"Assays for Dinoflagellate Toxins, Specifically Brevetoxin, Ciguatoxin, and Saxitoxin"
dino_pre2016,STX_DOC_000869,2000.0,dinoflagellate,dinoflagellate_stx,paralytic shellfish poisoning,TOXIN,"Assays for Dinoflagellate Toxins, Specifically Brevetoxin, Ciguatoxin, and Saxitoxin"
dino_pre2016,STX_DOC_000869,2000.0,dinoflagellate,dinoflagellate_stx,dinoflagellate,DINO_TAXON,"Assays for Dinoflagellate Toxins, Specifically Brevetoxin, Ciguatoxin, and Saxitoxin"
dino_pre2016,STX_DOC_000870,2000.0,dinoflagellate,dinoflagellate_stx,dinoflagellate,DINO_TAXON,Short-term and long-term effects of the toxic dinoflagellate Alexandrium minutum on the copepod Acartia clausi
dino_pre2016,STX_DOC_000870,2000.0,dinoflagellate,dinoflagellate_stx,dinoflagellates,DINO_TAXON,Short-term and long-term effects of the toxic dinoflagellate Alexandrium minutum on the copepod Acartia clausi
dino_pre2016,STX_DOC_000870,2000.0,dinoflagellate,dinoflagellate_stx,alexandrium,DINO_TAXON,Short-term and long-term effects of the toxic dinoflagellate Alexandrium minutum on the copepod Acartia clausi
dino_pre2016,STX_DOC_000870,2000.0,dinoflagellate,dinoflagellate_stx,alexandrium minutum,DINO_TAXON,Short-term and long-term effects of the toxic dinoflagellate Alexandrium minutum on the copepod Acartia clausi
dino_pre2016,STX_DOC_000870,2000.0,dinoflagellate,dinoflagellate_stx,toxicity,BIOLOGICAL_PROCESS,Short-term and long-term effects of the toxic dinoflagellate Alexandrium minutum on the copepod Acartia clausi
dino_pre2016,STX_DOC_000871,2000.0,dinoflagellate,dinoflagellate_stx,saxitoxin,TOXIN,High sensitivity bioassay of paralytic (PSP) and amnesic (ASP) algal toxins based on the fluorimetric detection of [Ca(2+)](i) in rat cortical primary cultures.
dino_pre2016,STX_DOC_000871,2000.0,dinoflagellate,dinoflagellate_stx,stx,TOXIN,High sensitivity bioassay of paralytic (PSP) and amnesic (ASP) algal toxins based on the fluorimetric detection of [Ca(2+)](i) in rat cortical primary cultures.
dino_pre2016,STX_DOC_000871,2000.0,dinoflagellate,dinoflagellate_stx,alexandrium,DINO_TAXON,High sensitivity bioassay of paralytic (PSP) and amnesic (ASP) algal toxins based on the fluorimetric detection of [Ca(2+)](i) in rat cortical primary cultures.
dino_pre2016,STX_DOC_000871,2000.0,dinoflagellate,dinoflagellate_stx,hplc,DETECTION_METHOD,High sensitivity bioassay of paralytic (PSP) and amnesic (ASP) algal toxins based on the fluorimetric detection of [Ca(2+)](i) in rat cortical primary cultures.
dino_pre2016,STX_DOC_000872,2000.0,dinoflagellate,dinoflagellate_stx,paralytic shellfish poisoning,TOXIN,Phosphorus limitation might promote more toxin content in the marine invader dinoflagellate Alexandrium minutum
dino_pre2016,STX_DOC_000872,2000.0,dinoflagellate,dinoflagellate_stx,dinoflagellate,DINO_TAXON,Phosphorus limitation might promote more toxin content in the marine invader dinoflagellate Alexandrium minutum
dino_pre2016,STX_DOC_000872,2000.0,dinoflagellate,dinoflagellate_stx,alexandrium,DINO_TAXON,Phosphorus limitation might promote more toxin content in the marine invader dinoflagellate Alexandrium minutum
dino_pre2016,STX_DOC_000872,2000.0,dinoflagellate,dinoflagellate_stx,alexandrium minutum,DINO_TAXON,Phosphorus limitation might promote more toxin content in the marine invader dinoflagellate Alexandrium minutum
dino_pre2016,STX_DOC_000872,2000.0,dinoflagellate,dinoflagellate_stx,phosphorus,ENV_FACTOR,Phosphorus limitation might promote more toxin content in the marine invader dinoflagellate Alexandrium minutum
dino_pre2016,STX_DOC_000872,2000.0,dinoflagellate,dinoflagellate_stx,nutrient,ENV_FACTOR,Phosphorus limitation might promote more toxin content in the marine invader dinoflagellate Alexandrium minutum
dino_pre2016,STX_DOC_000872,2000.0,dinoflagellate,dinoflagellate_stx,toxin production,BIOLOGICAL_PROCESS,Phosphorus limitation might promote more toxin content in the marine invader dinoflagellate Alexandrium minutum
dino_pre2016,STX_DOC_000874,1999.0,dinoflagellate,dinoflagellate_stx,paralytic shellfish poisoning,TOXIN,Mid-ocean exchange of container vessel ballast water. 1:Seasonal factors affecting the transport of harmful diatoms and dinoflagellates
dino_pre2016,STX_DOC_000874,1999.0,dinoflagellate,dinoflagellate_stx,dinoflagellate,DINO_TAXON,Mid-ocean exchange of container vessel ballast water. 1:Seasonal factors affecting the transport of harmful diatoms and dinoflagellates
dino_pre2016,STX_DOC_000874,1999.0,dinoflagellate,dinoflagellate_stx,dinoflagellates,DINO_TAXON,Mid-ocean exchange of container vessel ballast water. 1:Seasonal factors affecting the transport of harmful diatoms and dinoflagellates
dino_pre2016,STX_DOC_000874,1999.0,dinoflagellate,dinoflagellate_stx,alexandrium,DINO_TAXON,Mid-ocean exchange of container vessel ballast water. 1:Seasonal factors affecting the transport of harmful diatoms and dinoflagellates
dino_pre2016,STX_DOC_000874,1999.0,dinoflagellate,dinoflagellate_stx,alexandrium catenella,DINO_TAXON,Mid-ocean exchange of container vessel ballast water. 1:Seasonal factors affecting the transport of harmful diatoms and dinoflagellates
dino_pre2016,STX_DOC_000875,1995.0,dinoflagellate,dinoflagellate_stx,paralytic shellfish poisoning,TOXIN,Early warning of toxic dinoflagellate blooms of <i>Gymnodinium catenatum</i> in southern Tasmanian waters
dino_pre2016,STX_DOC_000875,1995.0,dinoflagellate,dinoflagellate_stx,dinoflagellate,DINO_TAXON,Early warning of toxic dinoflagellate blooms of <i>Gymnodinium catenatum</i> in southern Tasmanian waters
dino_pre2016,STX_DOC_000875,1995.0,dinoflagellate,dinoflagellate_stx,gymnodinium,DINO_TAXON,Early warning of toxic dinoflagellate blooms of <i>Gymnodinium catenatum</i> in southern Tasmanian waters
dino_pre2016,STX_DOC_000875,1995.0,dinoflagellate,dinoflagellate_stx,gymnodinium catenatum,DINO_TAXON,Early warning of toxic dinoflagellate blooms of <i>Gymnodinium catenatum</i> in southern Tasmanian waters
dino_pre2016,STX_DOC_000875,1995.0,dinoflagellate,dinoflagellate_stx,temperature,ENV_FACTOR,Early warning of toxic dinoflagellate blooms of <i>Gymnodinium catenatum</i> in southern Tasmanian waters
dino_pre2016,STX_DOC_000875,1995.0,dinoflagellate,dinoflagellate_stx,bloom,ENV_FACTOR,Early warning of toxic dinoflagellate blooms of <i>Gymnodinium catenatum</i> in southern Tasmanian waters
dino_pre2016,STX_DOC_000875,1995.0,dinoflagellate,dinoflagellate_stx,toxicity,BIOLOGICAL_PROCESS,Early warning of toxic dinoflagellate blooms of <i>Gymnodinium catenatum</i> in southern Tasmanian waters
dino_pre2016,STX_DOC_000877,1991.0,dinoflagellate,dinoflagellate_stx,saxitoxin,TOXIN,Relative insensitivity of butter clam neurons to saxitoxin; a pre-adaptation for sequestering paralytic shellfish poisoning toxins as a chemical defense
dino_pre2016,STX_DOC_000877,1991.0,dinoflagellate,dinoflagellate_stx,stx,TOXIN,Relative insensitivity of butter clam neurons to saxitoxin; a pre-adaptation for sequestering paralytic shellfish poisoning toxins as a chemical defense
dino_pre2016,STX_DOC_000877,1991.0,dinoflagellate,dinoflagellate_stx,paralytic shellfish poisoning,TOXIN,Relative insensitivity of butter clam neurons to saxitoxin; a pre-adaptation for sequestering paralytic shellfish poisoning toxins as a chemical defense
dino_pre2016,STX_DOC_000877,1991.0,dinoflagellate,dinoflagellate_stx,dinoflagellate,DINO_TAXON,Relative insensitivity of butter clam neurons to saxitoxin; a pre-adaptation for sequestering paralytic shellfish poisoning toxins as a chemical defense
dino_pre2016,STX_DOC_000877,1991.0,dinoflagellate,dinoflagellate_stx,evolution,BIOLOGICAL_PROCESS,Relative insensitivity of butter clam neurons to saxitoxin; a pre-adaptation for sequestering paralytic shellfish poisoning toxins as a chemical defense
dino_pre2016,STX_DOC_000878,1991.0,dinoflagellate,dinoflagellate_stx,saxitoxin,TOXIN,Paralytic shellfish poisoning toxins mediate feeding behavior of sea otters
dino_pre2016,STX_DOC_000878,1991.0,dinoflagellate,dinoflagellate_stx,stx,TOXIN,Paralytic shellfish poisoning toxins mediate feeding behavior of sea otters
dino_pre2016,STX_DOC_000878,1991.0,dinoflagellate,dinoflagellate_stx,paralytic shellfish poisoning,TOXIN,Paralytic shellfish poisoning toxins mediate feeding behavior of sea otters
dino_pre2016,STX_DOC_000878,1991.0,dinoflagellate,dinoflagellate_stx,dinoflagellate,DINO_TAXON,Paralytic shellfish poisoning toxins mediate feeding behavior of sea otters
dino_pre2016,STX_DOC_000878,1991.0,dinoflagellate,dinoflagellate_stx,toxicity,BIOLOGICAL_PROCESS,Paralytic shellfish poisoning toxins mediate feeding behavior of sea otters
dino_pre2016,STX_DOC_000879,1991.0,dinoflagellate,dinoflagellate_stx,saxitoxin,TOXIN,Analysis of paralytic shellfish poisons by capillary electrophoresis.
dino_pre2016,STX_DOC_000879,1991.0,dinoflagellate,dinoflagellate_stx,neosaxitoxin,TOXIN,Analysis of paralytic shellfish poisons by capillary electrophoresis.
dino_pre2016,STX_DOC_000879,1991.0,dinoflagellate,dinoflagellate_stx,paralytic shellfish poisoning,TOXIN,Analysis of paralytic shellfish poisons by capillary electrophoresis.
dino_pre2016,STX_DOC_000879,1991.0,dinoflagellate,dinoflagellate_stx,dinoflagellates,DINO_TAXON,Analysis of paralytic shellfish poisons by capillary electrophoresis.
dino_pre2016,STX_DOC_000880,1991.0,dinoflagellate,dinoflagellate_stx,saxitoxin,TOXIN,Relative insensitivity of butter clam neurons to saxitoxin: a pre-adaptation for sequestering paralytic shellfish poisoning toxins as a chemical def ense
dino_pre2016,STX_DOC_000880,1991.0,dinoflagellate,dinoflagellate_stx,stx,TOXIN,Relative insensitivity of butter clam neurons to saxitoxin: a pre-adaptation for sequestering paralytic shellfish poisoning toxins as a chemical def ense
dino_pre2016,STX_DOC_000880,1991.0,dinoflagellate,dinoflagellate_stx,paralytic shellfish poisoning,TOXIN,Relative insensitivity of butter clam neurons to saxitoxin: a pre-adaptation for sequestering paralytic shellfish poisoning toxins as a chemical def ense
dino_pre2016,STX_DOC_000880,1991.0,dinoflagellate,dinoflagellate_stx,dinoflagellate,DINO_TAXON,Relative insensitivity of butter clam neurons to saxitoxin: a pre-adaptation for sequestering paralytic shellfish poisoning toxins as a chemical def ense
dino_pre2016,STX_DOC_000880,1991.0,dinoflagellate,dinoflagellate_stx,evolution,BIOLOGICAL_PROCESS,Relative insensitivity of butter clam neurons to saxitoxin: a pre-adaptation for sequestering paralytic shellfish poisoning toxins as a chemical def ense
dino_pre2016,STX_DOC_000881,1989.0,dinoflagellate,dinoflagellate_stx,saxitoxin,TOXIN,Humpback Whales (<i>Megaptera novaeangliae</i>) Fatally Poisoned by Dinoflagellate Toxin
dino_pre2016,STX_DOC_000881,1989.0,dinoflagellate,dinoflagellate_stx,stx,TOXIN,Humpback Whales (<i>Megaptera novaeangliae</i>) Fatally Poisoned by Dinoflagellate Toxin
dino_pre2016,STX_DOC_000881,1989.0,dinoflagellate,dinoflagellate_stx,paralytic shellfish poisoning,TOXIN,Humpback Whales (<i>Megaptera novaeangliae</i>) Fatally Poisoned by Dinoflagellate Toxin
dino_pre2016,STX_DOC_000881,1989.0,dinoflagellate,dinoflagellate_stx,dinoflagellate,DINO_TAXON,Humpback Whales (<i>Megaptera novaeangliae</i>) Fatally Poisoned by Dinoflagellate Toxin
dino_pre2016,STX_DOC_000882,1978.0,dinoflagellate,dinoflagellate_stx,saxitoxin,TOXIN,Paralytic Toxins in the Dinoflagellate <i>Gonyaulax excavata</i> and in Shellfish
dino_pre2016,STX_DOC_000882,1978.0,dinoflagellate,dinoflagellate_stx,stx,TOXIN,Paralytic Toxins in the Dinoflagellate <i>Gonyaulax excavata</i> and in Shellfish
dino_pre2016,STX_DOC_000882,1978.0,dinoflagellate,dinoflagellate_stx,paralytic shellfish poisoning,TOXIN,Paralytic Toxins in the Dinoflagellate <i>Gonyaulax excavata</i> and in Shellfish
dino_pre2016,STX_DOC_000882,1978.0,dinoflagellate,dinoflagellate_stx,dinoflagellate,DINO_TAXON,Paralytic Toxins in the Dinoflagellate <i>Gonyaulax excavata</i> and in Shellfish
dino_pre2016,STX_DOC_000882,1978.0,dinoflagellate,dinoflagellate_stx,mouse bioassay,DETECTION_METHOD,Paralytic Toxins in the Dinoflagellate <i>Gonyaulax excavata</i> and in Shellfish
dino_pre2016,STX_DOC_000933,2015.0,dinoflagellate,dinoflagellate_stx,paralytic shellfish toxins,TOXIN,Predator lipids induce paralytic shellfish toxins in bloom-forming algae
dino_pre2016,STX_DOC_000933,2015.0,dinoflagellate,dinoflagellate_stx,dinoflagellate,DINO_TAXON,Predator lipids induce paralytic shellfish toxins in bloom-forming algae
dino_pre2016,STX_DOC_000933,2015.0,dinoflagellate,dinoflagellate_stx,alexandrium,DINO_TAXON,Predator lipids induce paralytic shellfish toxins in bloom-forming algae
dino_pre2016,STX_DOC_000933,2015.0,dinoflagellate,dinoflagellate_stx,alexandrium minutum,DINO_TAXON,Predator lipids induce paralytic shellfish toxins in bloom-forming algae
dino_pre2016,STX_DOC_000933,2015.0,dinoflagellate,dinoflagellate_stx,bloom,ENV_FACTOR,Predator lipids induce paralytic shellfish toxins in bloom-forming algae
dino_pre2016,STX_DOC_000937,2014.0,dinoflagellate,dinoflagellate_stx,saxitoxin,TOXIN,"The effects of elevated CO<sub>2</sub> on the growth and toxicity of field populations and cultures of the saxitoxin-producing dinoflagellate, <i>Alexandrium fundyense</i>"
dino_pre2016,STX_DOC_000937,2014.0,dinoflagellate,dinoflagellate_stx,dinoflagellate,DINO_TAXON,"The effects of elevated CO<sub>2</sub> on the growth and toxicity of field populations and cultures of the saxitoxin-producing dinoflagellate, <i>Alexandrium fundyense</i>"
dino_pre2016,STX_DOC_000937,2014.0,dinoflagellate,dinoflagellate_stx,alexandrium,DINO_TAXON,"The effects of elevated CO<sub>2</sub> on the growth and toxicity of field populations and cultures of the saxitoxin-producing dinoflagellate, <i>Alexandrium fundyense</i>"
dino_pre2016,STX_DOC_000937,2014.0,dinoflagellate,dinoflagellate_stx,alexandrium fundyense,DINO_TAXON,"The effects of elevated CO<sub>2</sub> on the growth and toxicity of field populations and cultures of the saxitoxin-producing dinoflagellate, <i>Alexandrium fundyense</i>"
dino_pre2016,STX_DOC_000937,2014.0,dinoflagellate,dinoflagellate_stx,climate,ENV_FACTOR,"The effects of elevated CO<sub>2</sub> on the growth and toxicity of field populations and cultures of the saxitoxin-producing dinoflagellate, <i>Alexandrium fundyense</i>"
dino_pre2016,STX_DOC_000937,2014.0,dinoflagellate,dinoflagellate_stx,toxicity,BIOLOGICAL_PROCESS,"The effects of elevated CO<sub>2</sub> on the growth and toxicity of field populations and cultures of the saxitoxin-producing dinoflagellate, <i>Alexandrium fundyense</i>"
dino_pre2016,STX_DOC_000939,2014.0,dinoflagellate,dinoflagellate_stx,pst,TOXIN,Impact of elevated pCO₂ on paralytic shellfish poisoning toxin content and composition in Alexandrium tamarense.
dino_pre2016,STX_DOC_000939,2014.0,dinoflagellate,dinoflagellate_stx,paralytic shellfish poisoning,TOXIN,Impact of elevated pCO₂ on paralytic shellfish poisoning toxin content and composition in Alexandrium tamarense.
dino_pre2016,STX_DOC_000939,2014.0,dinoflagellate,dinoflagellate_stx,alexandrium,DINO_TAXON,Impact of elevated pCO₂ on paralytic shellfish poisoning toxin content and composition in Alexandrium tamarense.
dino_pre2016,STX_DOC_000939,2014.0,dinoflagellate,dinoflagellate_stx,alexandrium tamarense,DINO_TAXON,Impact of elevated pCO₂ on paralytic shellfish poisoning toxin content and composition in Alexandrium tamarense.
dino_pre2016,STX_DOC_000939,2014.0,dinoflagellate,dinoflagellate_stx,regulation,BIOLOGICAL_PROCESS,Impact of elevated pCO₂ on paralytic shellfish poisoning toxin content and composition in Alexandrium tamarense.
dino_pre2016,STX_DOC_000939,2014.0,dinoflagellate,dinoflagellate_stx,transcriptomic,BIOLOGICAL_PROCESS,Impact of elevated pCO₂ on paralytic shellfish poisoning toxin content and composition in Alexandrium tamarense.
dino_pre2016,STX_DOC_000939,2014.0,dinoflagellate,dinoflagellate_stx,toxicity,BIOLOGICAL_PROCESS,Impact of elevated pCO₂ on paralytic shellfish poisoning toxin content and composition in Alexandrium tamarense.
dino_pre2016,STX_DOC_000940,2014.0,dinoflagellate,dinoflagellate_stx,paralytic shellfish poisoning,TOXIN,"First report of a massive bloom of Alexandrium minutum (Dinophyceae) in middle North Atlantic: a coastal lagoon in S. Jorge Island, Azores."
dino_pre2016,STX_DOC_000940,2014.0,dinoflagellate,dinoflagellate_stx,dinoflagellate,DINO_TAXON,"First report of a massive bloom of Alexandrium minutum (Dinophyceae) in middle North Atlantic: a coastal lagoon in S. Jorge Island, Azores."
dino_pre2016,STX_DOC_000940,2014.0,dinoflagellate,dinoflagellate_stx,alexandrium,DINO_TAXON,"First report of a massive bloom of Alexandrium minutum (Dinophyceae) in middle North Atlantic: a coastal lagoon in S. Jorge Island, Azores."
dino_pre2016,STX_DOC_000940,2014.0,dinoflagellate,dinoflagellate_stx,alexandrium minutum,DINO_TAXON,"First report of a massive bloom of Alexandrium minutum (Dinophyceae) in middle North Atlantic: a coastal lagoon in S. Jorge Island, Azores."
dino_pre2016,STX_DOC_000940,2014.0,dinoflagellate,dinoflagellate_stx,bloom,ENV_FACTOR,"First report of a massive bloom of Alexandrium minutum (Dinophyceae) in middle North Atlantic: a coastal lagoon in S. Jorge Island, Azores."
dino_pre2016,STX_DOC_000941,2014.0,dinoflagellate,dinoflagellate_stx,paralytic shellfish poisoning,TOXIN,RNA sequencing and de novo assembly of the digestive gland transcriptome in Mytilus galloprovincialis fed with toxinogenic and non-toxic strains of Alexandrium minutum
dino_pre2016,STX_DOC_000941,2014.0,dinoflagellate,dinoflagellate_stx,dinoflagellate,DINO_TAXON,RNA sequencing and de novo assembly of the digestive gland transcriptome in Mytilus galloprovincialis fed with toxinogenic and non-toxic strains of Alexandrium minutum
dino_pre2016,STX_DOC_000941,2014.0,dinoflagellate,dinoflagellate_stx,alexandrium,DINO_TAXON,RNA sequencing and de novo assembly of the digestive gland transcriptome in Mytilus galloprovincialis fed with toxinogenic and non-toxic strains of Alexandrium minutum
dino_pre2016,STX_DOC_000941,2014.0,dinoflagellate,dinoflagellate_stx,alexandrium minutum,DINO_TAXON,RNA sequencing and de novo assembly of the digestive gland transcriptome in Mytilus galloprovincialis fed with toxinogenic and non-toxic strains of Alexandrium minutum
dino_pre2016,STX_DOC_000941,2014.0,dinoflagellate,dinoflagellate_stx,expression,BIOLOGICAL_PROCESS,RNA sequencing and de novo assembly of the digestive gland transcriptome in Mytilus galloprovincialis fed with toxinogenic and non-toxic strains of Alexandrium minutum
dino_pre2016,STX_DOC_000941,2014.0,dinoflagellate,dinoflagellate_stx,gene expression,BIOLOGICAL_PROCESS,RNA sequencing and de novo assembly of the digestive gland transcriptome in Mytilus galloprovincialis fed with toxinogenic and non-toxic strains of Alexandrium minutum
dino_pre2016,STX_DOC_000941,2014.0,dinoflagellate,dinoflagellate_stx,transcriptome,BIOLOGICAL_PROCESS,RNA sequencing and de novo assembly of the digestive gland transcriptome in Mytilus galloprovincialis fed with toxinogenic and non-toxic strains of Alexandrium minutum
dino_pre2016,STX_DOC_000942,2013.0,dinoflagellate,dinoflagellate_stx,saxitoxin,TOXIN,The quantitative real-time PCR applications in the monitoring of marine harmful algal bloom (HAB) species.
dino_pre2016,STX_DOC_000942,2013.0,dinoflagellate,dinoflagellate_stx,alexandrium,DINO_TAXON,The quantitative real-time PCR applications in the monitoring of marine harmful algal bloom (HAB) species.
dino_pre2016,STX_DOC_000942,2013.0,dinoflagellate,dinoflagellate_stx,alexandrium catenella,DINO_TAXON,The quantitative real-time PCR applications in the monitoring of marine harmful algal bloom (HAB) species.
dino_pre2016,STX_DOC_000942,2013.0,dinoflagellate,dinoflagellate_stx,bloom,ENV_FACTOR,The quantitative real-time PCR applications in the monitoring of marine harmful algal bloom (HAB) species.
dino_pre2016,STX_DOC_000942,2013.0,dinoflagellate,dinoflagellate_stx,harmful algal bloom,ENV_FACTOR,The quantitative real-time PCR applications in the monitoring of marine harmful algal bloom (HAB) species.
dino_pre2016,STX_DOC_000942,2013.0,dinoflagellate,dinoflagellate_stx,biosensor,DETECTION_METHOD,The quantitative real-time PCR applications in the monitoring of marine harmful algal bloom (HAB) species.
dino_pre2016,STX_DOC_000945,2012.0,dinoflagellate,dinoflagellate_stx,paralytic shellfish toxins,TOXIN,Hydroxybenzoate paralytic shellfish toxins induce transient GST activity depletion and chromosomal damage in white seabream (Diplodus sargus).
dino_pre2016,STX_DOC_000945,2012.0,dinoflagellate,dinoflagellate_stx,psts,TOXIN,Hydroxybenzoate paralytic shellfish toxins induce transient GST activity depletion and chromosomal damage in white seabream (Diplodus sargus).
dino_pre2016,STX_DOC_000945,2012.0,dinoflagellate,dinoflagellate_stx,gymnodinium,DINO_TAXON,Hydroxybenzoate paralytic shellfish toxins induce transient GST activity depletion and chromosomal damage in white seabream (Diplodus sargus).
dino_pre2016,STX_DOC_000945,2012.0,dinoflagellate,dinoflagellate_stx,gymnodinium catenatum,DINO_TAXON,Hydroxybenzoate paralytic shellfish toxins induce transient GST activity depletion and chromosomal damage in white seabream (Diplodus sargus).
dino_pre2016,STX_DOC_000949,2011.0,dinoflagellate,dinoflagellate_stx,paralytic shellfish toxin,TOXIN,<i>Alexandrium catenella</i>and<i>Alexandrium tamarense</i>in the North Lake of Tunis: bloom characteristics and the occurrence of paralytic shellfish toxin
dino_pre2016,STX_DOC_000949,2011.0,dinoflagellate,dinoflagellate_stx,alexandrium,DINO_TAXON,<i>Alexandrium catenella</i>and<i>Alexandrium tamarense</i>in the North Lake of Tunis: bloom characteristics and the occurrence of paralytic shellfish toxin
dino_pre2016,STX_DOC_000949,2011.0,dinoflagellate,dinoflagellate_stx,alexandrium catenella,DINO_TAXON,<i>Alexandrium catenella</i>and<i>Alexandrium tamarense</i>in the North Lake of Tunis: bloom characteristics and the occurrence of paralytic shellfish toxin
dino_pre2016,STX_DOC_000949,2011.0,dinoflagellate,dinoflagellate_stx,alexandrium tamarense,DINO_TAXON,<i>Alexandrium catenella</i>and<i>Alexandrium tamarense</i>in the North Lake of Tunis: bloom characteristics and the occurrence of paralytic shellfish toxin
dino_pre2016,STX_DOC_000949,2011.0,dinoflagellate,dinoflagellate_stx,bloom,ENV_FACTOR,<i>Alexandrium catenella</i>and<i>Alexandrium tamarense</i>in the North Lake of Tunis: bloom characteristics and the occurrence of paralytic shellfish toxin
dino_pre2016,STX_DOC_000954,2009.0,dinoflagellate,dinoflagellate_stx,paralytic shellfish toxins,TOXIN,Accumulation of paralytic shellfish toxins in digestive gland of Octopus vulgaris during bloom events including the dinoflagellate Gymnodinium catenatum.
dino_pre2016,STX_DOC_000954,2009.0,dinoflagellate,dinoflagellate_stx,dinoflagellate,DINO_TAXON,Accumulation of paralytic shellfish toxins in digestive gland of Octopus vulgaris during bloom events including the dinoflagellate Gymnodinium catenatum.
dino_pre2016,STX_DOC_000954,2009.0,dinoflagellate,dinoflagellate_stx,gymnodinium,DINO_TAXON,Accumulation of paralytic shellfish toxins in digestive gland of Octopus vulgaris during bloom events including the dinoflagellate Gymnodinium catenatum.
dino_pre2016,STX_DOC_000954,2009.0,dinoflagellate,dinoflagellate_stx,gymnodinium catenatum,DINO_TAXON,Accumulation of paralytic shellfish toxins in digestive gland of Octopus vulgaris during bloom events including the dinoflagellate Gymnodinium catenatum.
dino_pre2016,STX_DOC_000954,2009.0,dinoflagellate,dinoflagellate_stx,bloom,ENV_FACTOR,Accumulation of paralytic shellfish toxins in digestive gland of Octopus vulgaris during bloom events including the dinoflagellate Gymnodinium catenatum.
dino_pre2016,STX_DOC_000955,2009.0,dinoflagellate,dinoflagellate_stx,paralytic shellfish poisoning,TOXIN,PHENOTYPIC VARIATION AND GENOTYPIC DIVERSITY IN A PLANKTONIC POPULATION OF THE TOXIGENIC MARINE DINOFLAGELLATE ALEXANDRIUM TAMARENSE (DINOPHYCEAE)1
dino_pre2016,STX_DOC_000955,2009.0,dinoflagellate,dinoflagellate_stx,dinoflagellate,DINO_TAXON,PHENOTYPIC VARIATION AND GENOTYPIC DIVERSITY IN A PLANKTONIC POPULATION OF THE TOXIGENIC MARINE DINOFLAGELLATE ALEXANDRIUM TAMARENSE (DINOPHYCEAE)1
dino_pre2016,STX_DOC_000955,2009.0,dinoflagellate,dinoflagellate_stx,alexandrium,DINO_TAXON,PHENOTYPIC VARIATION AND GENOTYPIC DIVERSITY IN A PLANKTONIC POPULATION OF THE TOXIGENIC MARINE DINOFLAGELLATE ALEXANDRIUM TAMARENSE (DINOPHYCEAE)1
dino_pre2016,STX_DOC_000955,2009.0,dinoflagellate,dinoflagellate_stx,alexandrium tamarense,DINO_TAXON,PHENOTYPIC VARIATION AND GENOTYPIC DIVERSITY IN A PLANKTONIC POPULATION OF THE TOXIGENIC MARINE DINOFLAGELLATE ALEXANDRIUM TAMARENSE (DINOPHYCEAE)1
dino_pre2016,STX_DOC_000955,2009.0,dinoflagellate,dinoflagellate_stx,expression,BIOLOGICAL_PROCESS,PHENOTYPIC VARIATION AND GENOTYPIC DIVERSITY IN A PLANKTONIC POPULATION OF THE TOXIGENIC MARINE DINOFLAGELLATE ALEXANDRIUM TAMARENSE (DINOPHYCEAE)1
dino_pre2016,STX_DOC_000957,2008.0,dinoflagellate,dinoflagellate_stx,stx,TOXIN,"Effect of PSP toxins in white leg shrimp Litopenaeus vannamei Boone, 1931."
dino_pre2016,STX_DOC_000957,2008.0,dinoflagellate,dinoflagellate_stx,paralytic shellfish toxins,TOXIN,"Effect of PSP toxins in white leg shrimp Litopenaeus vannamei Boone, 1931."
dino_pre2016,STX_DOC_000957,2008.0,dinoflagellate,dinoflagellate_stx,gymnodinium,DINO_TAXON,"Effect of PSP toxins in white leg shrimp Litopenaeus vannamei Boone, 1931."
dino_pre2016,STX_DOC_000957,2008.0,dinoflagellate,dinoflagellate_stx,gymnodinium catenatum,DINO_TAXON,"Effect of PSP toxins in white leg shrimp Litopenaeus vannamei Boone, 1931."
dino_pre2016,STX_DOC_000958,2006.0,dinoflagellate,dinoflagellate_stx,paralytic shellfish poisoning,TOXIN,Cell bioassay for paralytic shellfish poisoning (PSP): comparison with postcolumn derivatization liquid chromatographic analysis and application to the monitoring of PSP in shellfish.
dino_pre2016,STX_DOC_000958,2006.0,dinoflagellate,dinoflagellate_stx,alexandrium,DINO_TAXON,Cell bioassay for paralytic shellfish poisoning (PSP): comparison with postcolumn derivatization liquid chromatographic analysis and application to the monitoring of PSP in shellfish.
dino_pre2016,STX_DOC_000958,2006.0,dinoflagellate,dinoflagellate_stx,alexandrium tamarense,DINO_TAXON,Cell bioassay for paralytic shellfish poisoning (PSP): comparison with postcolumn derivatization liquid chromatographic analysis and application to the monitoring of PSP in shellfish.
dino_pre2016,STX_DOC_000958,2006.0,dinoflagellate,dinoflagellate_stx,toxicity,BIOLOGICAL_PROCESS,Cell bioassay for paralytic shellfish poisoning (PSP): comparison with postcolumn derivatization liquid chromatographic analysis and application to the monitoring of PSP in shellfish.
dino_pre2016,STX_DOC_000958,2006.0,dinoflagellate,dinoflagellate_stx,mouse bioassay,DETECTION_METHOD,Cell bioassay for paralytic shellfish poisoning (PSP): comparison with postcolumn derivatization liquid chromatographic analysis and application to the monitoring of PSP in shellfish.
dino_pre2016,STX_DOC_000959,2006.0,dinoflagellate,dinoflagellate_stx,saxitoxin,TOXIN,"Detection of marine toxins, brevetoxin-3 and saxitoxin, in seawater using neuronal networks."
dino_pre2016,STX_DOC_000959,2006.0,dinoflagellate,dinoflagellate_stx,stx,TOXIN,"Detection of marine toxins, brevetoxin-3 and saxitoxin, in seawater using neuronal networks."
dino_pre2016,STX_DOC_000959,2006.0,dinoflagellate,dinoflagellate_stx,alexandrium,DINO_TAXON,"Detection of marine toxins, brevetoxin-3 and saxitoxin, in seawater using neuronal networks."
dino_pre2016,STX_DOC_000959,2006.0,dinoflagellate,dinoflagellate_stx,alexandrium fundyense,DINO_TAXON,"Detection of marine toxins, brevetoxin-3 and saxitoxin, in seawater using neuronal networks."
dino_pre2016,STX_DOC_000959,2006.0,dinoflagellate,dinoflagellate_stx,biosensor,DETECTION_METHOD,"Detection of marine toxins, brevetoxin-3 and saxitoxin, in seawater using neuronal networks."
dino_pre2016,STX_DOC_000960,2006.0,dinoflagellate,dinoflagellate_stx,saxitoxin,TOXIN,Bacterial endosymbionts of Pyrodinium bahamense var. compressum.
dino_pre2016,STX_DOC_000960,2006.0,dinoflagellate,dinoflagellate_stx,paralytic shellfish poisoning,TOXIN,Bacterial endosymbionts of Pyrodinium bahamense var. compressum.
dino_pre2016,STX_DOC_000960,2006.0,dinoflagellate,dinoflagellate_stx,pyrodinium,DINO_TAXON,Bacterial endosymbionts of Pyrodinium bahamense var. compressum.
dino_pre2016,STX_DOC_000960,2006.0,dinoflagellate,dinoflagellate_stx,pyrodinium bahamense,DINO_TAXON,Bacterial endosymbionts of Pyrodinium bahamense var. compressum.
dino_pre2016,STX_DOC_000960,2006.0,dinoflagellate,dinoflagellate_stx,toxicity,BIOLOGICAL_PROCESS,Bacterial endosymbionts of Pyrodinium bahamense var. compressum.
dino_pre2016,STX_DOC_000961,2005.0,dinoflagellate,dinoflagellate_stx,saxitoxin,TOXIN,"Detection of Marine Toxins, Brevetoxin-3 and Saxitoxin, in Seawater Using Neuronal Networks"
dino_pre2016,STX_DOC_000961,2005.0,dinoflagellate,dinoflagellate_stx,stx,TOXIN,"Detection of Marine Toxins, Brevetoxin-3 and Saxitoxin, in Seawater Using Neuronal Networks"
dino_pre2016,STX_DOC_000961,2005.0,dinoflagellate,dinoflagellate_stx,alexandrium,DINO_TAXON,"Detection of Marine Toxins, Brevetoxin-3 and Saxitoxin, in Seawater Using Neuronal Networks"
dino_pre2016,STX_DOC_000961,2005.0,dinoflagellate,dinoflagellate_stx,alexandrium fundyense,DINO_TAXON,"Detection of Marine Toxins, Brevetoxin-3 and Saxitoxin, in Seawater Using Neuronal Networks"
dino_pre2016,STX_DOC_000961,2005.0,dinoflagellate,dinoflagellate_stx,biosensor,DETECTION_METHOD,"Detection of Marine Toxins, Brevetoxin-3 and Saxitoxin, in Seawater Using Neuronal Networks"
dino_pre2016,STX_DOC_000962,2005.0,dinoflagellate,dinoflagellate_stx,paralytic shellfish toxins,TOXIN,Comparative study on differential accumulation of PSP toxins between cockle (Acanthocardia tuberculatum) and sweet clam (Callista chione).
dino_pre2016,STX_DOC_000962,2005.0,dinoflagellate,dinoflagellate_stx,gymnodinium,DINO_TAXON,Comparative study on differential accumulation of PSP toxins between cockle (Acanthocardia tuberculatum) and sweet clam (Callista chione).
dino_pre2016,STX_DOC_000962,2005.0,dinoflagellate,dinoflagellate_stx,gymnodinium catenatum,DINO_TAXON,Comparative study on differential accumulation of PSP toxins between cockle (Acanthocardia tuberculatum) and sweet clam (Callista chione).
dino_pre2016,STX_DOC_000962,2005.0,dinoflagellate,dinoflagellate_stx,toxicity,BIOLOGICAL_PROCESS,Comparative study on differential accumulation of PSP toxins between cockle (Acanthocardia tuberculatum) and sweet clam (Callista chione).
dino_pre2016,STX_DOC_000964,2004.0,dinoflagellate,dinoflagellate_stx,saxitoxin,TOXIN,The loss of PSP toxin production in a formerly toxic Alexandrium lusitanicum clone.
dino_pre2016,STX_DOC_000964,2004.0,dinoflagellate,dinoflagellate_stx,dinoflagellates,DINO_TAXON,The loss of PSP toxin production in a formerly toxic Alexandrium lusitanicum clone.
dino_pre2016,STX_DOC_000964,2004.0,dinoflagellate,dinoflagellate_stx,alexandrium,DINO_TAXON,The loss of PSP toxin production in a formerly toxic Alexandrium lusitanicum clone.
dino_pre2016,STX_DOC_000964,2004.0,dinoflagellate,dinoflagellate_stx,toxicity,BIOLOGICAL_PROCESS,The loss of PSP toxin production in a formerly toxic Alexandrium lusitanicum clone.
dino_pre2016,STX_DOC_000964,2004.0,dinoflagellate,dinoflagellate_stx,toxin production,BIOLOGICAL_PROCESS,The loss of PSP toxin production in a formerly toxic Alexandrium lusitanicum clone.
dino_pre2016,STX_DOC_000964,2004.0,dinoflagellate,dinoflagellate_stx,hplc,DETECTION_METHOD,The loss of PSP toxin production in a formerly toxic Alexandrium lusitanicum clone.
dino_pre2016,STX_DOC_000964,2004.0,dinoflagellate,dinoflagellate_stx,mouse bioassay,DETECTION_METHOD,The loss of PSP toxin production in a formerly toxic Alexandrium lusitanicum clone.
dino_pre2016,STX_DOC_000965,2003.0,dinoflagellate,dinoflagellate_stx,paralytic shellfish poisoning,TOXIN,"Accumulation of paralytic shellfish poisoning toxins in planktonic copepods during a bloom of the toxic dinoflagellate Alexandrium tamarense in Hiroshima Bay, western Japan"
dino_pre2016,STX_DOC_000965,2003.0,dinoflagellate,dinoflagellate_stx,dinoflagellate,DINO_TAXON,"Accumulation of paralytic shellfish poisoning toxins in planktonic copepods during a bloom of the toxic dinoflagellate Alexandrium tamarense in Hiroshima Bay, western Japan"
dino_pre2016,STX_DOC_000965,2003.0,dinoflagellate,dinoflagellate_stx,alexandrium,DINO_TAXON,"Accumulation of paralytic shellfish poisoning toxins in planktonic copepods during a bloom of the toxic dinoflagellate Alexandrium tamarense in Hiroshima Bay, western Japan"
dino_pre2016,STX_DOC_000965,2003.0,dinoflagellate,dinoflagellate_stx,alexandrium tamarense,DINO_TAXON,"Accumulation of paralytic shellfish poisoning toxins in planktonic copepods during a bloom of the toxic dinoflagellate Alexandrium tamarense in Hiroshima Bay, western Japan"
dino_pre2016,STX_DOC_000965,2003.0,dinoflagellate,dinoflagellate_stx,bloom,ENV_FACTOR,"Accumulation of paralytic shellfish poisoning toxins in planktonic copepods during a bloom of the toxic dinoflagellate Alexandrium tamarense in Hiroshima Bay, western Japan"
dino_pre2016,STX_DOC_000967,2003.0,dinoflagellate,dinoflagellate_stx,paralytic shellfish poisoning,TOXIN,Phylogeny and biogeography of the toxic dinoflagellate Alexandrium
dino_pre2016,STX_DOC_000967,2003.0,dinoflagellate,dinoflagellate_stx,dinoflagellate,DINO_TAXON,Phylogeny and biogeography of the toxic dinoflagellate Alexandrium
dino_pre2016,STX_DOC_000967,2003.0,dinoflagellate,dinoflagellate_stx,dinoflagellates,DINO_TAXON,Phylogeny and biogeography of the toxic dinoflagellate Alexandrium
dino_pre2016,STX_DOC_000967,2003.0,dinoflagellate,dinoflagellate_stx,alexandrium,DINO_TAXON,Phylogeny and biogeography of the toxic dinoflagellate Alexandrium
dino_pre2016,STX_DOC_000967,2003.0,dinoflagellate,dinoflagellate_stx,bloom,ENV_FACTOR,Phylogeny and biogeography of the toxic dinoflagellate Alexandrium
dino_pre2016,STX_DOC_000967,2003.0,dinoflagellate,dinoflagellate_stx,phylogeny,BIOLOGICAL_PROCESS,Phylogeny and biogeography of the toxic dinoflagellate Alexandrium
dino_pre2016,STX_DOC_000968,2002.0,dinoflagellate,dinoflagellate_stx,paralytic shellfish poisoning,TOXIN,Toxic marine dinoflagellates in Singapore waters that cause seafood poisonings
dino_pre2016,STX_DOC_000968,2002.0,dinoflagellate,dinoflagellate_stx,dinoflagellate,DINO_TAXON,Toxic marine dinoflagellates in Singapore waters that cause seafood poisonings
dino_pre2016,STX_DOC_000968,2002.0,dinoflagellate,dinoflagellate_stx,dinoflagellates,DINO_TAXON,Toxic marine dinoflagellates in Singapore waters that cause seafood poisonings
dino_pre2016,STX_DOC_000969,2002.0,dinoflagellate,dinoflagellate_stx,paralytic shellfish poisoning,TOXIN,Toxic marine dinoflagellates in Singapore waters that cause seafood poisonings.
dino_pre2016,STX_DOC_000969,2002.0,dinoflagellate,dinoflagellate_stx,dinoflagellate,DINO_TAXON,Toxic marine dinoflagellates in Singapore waters that cause seafood poisonings.
dino_pre2016,STX_DOC_000969,2002.0,dinoflagellate,dinoflagellate_stx,dinoflagellates,DINO_TAXON,Toxic marine dinoflagellates in Singapore waters that cause seafood poisonings.
dino_pre2016,STX_DOC_000970,2000.0,dinoflagellate,dinoflagellate_stx,saxitoxin,TOXIN,Saxitoxin
dino_pre2016,STX_DOC_000970,2000.0,dinoflagellate,dinoflagellate_stx,stx,TOXIN,Saxitoxin
dino_pre2016,STX_DOC_000970,2000.0,dinoflagellate,dinoflagellate_stx,dinoflagellate,DINO_TAXON,Saxitoxin
dino_pre2016,STX_DOC_000970,2000.0,dinoflagellate,dinoflagellate_stx,dinoflagellates,DINO_TAXON,Saxitoxin
dino_pre2016,STX_DOC_000971,2000.0,cross_taxa,dinoflagellate_stx,paralytic shellfish toxins,TOXIN,Seafood and Freshwater Toxins
dino_pre2016,STX_DOC_000971,2000.0,cross_taxa,dinoflagellate_stx,paralytic shellfish poisoning,TOXIN,Seafood and Freshwater Toxins
dino_pre2016,STX_DOC_000971,2000.0,cross_taxa,dinoflagellate_stx,dinoflagellates,DINO_TAXON,Seafood and Freshwater Toxins
dino_pre2016,STX_DOC_000971,2000.0,cross_taxa,dinoflagellate_stx,cyanobacterial,CYANO_TAXON,Seafood and Freshwater Toxins
dino_pre2016,STX_DOC_000971,2000.0,cross_taxa,dinoflagellate_stx,biosynthesis,BIOLOGICAL_PROCESS,Seafood and Freshwater Toxins
dino_pre2016,STX_DOC_000971,2000.0,cross_taxa,dinoflagellate_stx,toxicity,BIOLOGICAL_PROCESS,Seafood and Freshwater Toxins
dino_pre2016,STX_DOC_000971,2000.0,cross_taxa,dinoflagellate_stx,mouse bioassay,DETECTION_METHOD,Seafood and Freshwater Toxins
dino_pre2016,STX_DOC_000971,2000.0,cross_taxa,dinoflagellate_stx,chemical analysis,DETECTION_METHOD,Seafood and Freshwater Toxins
dino_pre2016,STX_DOC_000972,2000.0,dinoflagellate,dinoflagellate_stx,saxitoxin,TOXIN,Application of a channel biosensor for toxicity measurements in cultured Alexandrium tamarense.
dino_pre2016,STX_DOC_000972,2000.0,dinoflagellate,dinoflagellate_stx,stx,TOXIN,Application of a channel biosensor for toxicity measurements in cultured Alexandrium tamarense.
dino_pre2016,STX_DOC_000972,2000.0,dinoflagellate,dinoflagellate_stx,alexandrium,DINO_TAXON,Application of a channel biosensor for toxicity measurements in cultured Alexandrium tamarense.
dino_pre2016,STX_DOC_000972,2000.0,dinoflagellate,dinoflagellate_stx,alexandrium tamarense,DINO_TAXON,Application of a channel biosensor for toxicity measurements in cultured Alexandrium tamarense.
dino_pre2016,STX_DOC_000972,2000.0,dinoflagellate,dinoflagellate_stx,toxicity,BIOLOGICAL_PROCESS,Application of a channel biosensor for toxicity measurements in cultured Alexandrium tamarense.
dino_pre2016,STX_DOC_000972,2000.0,dinoflagellate,dinoflagellate_stx,biosensor,DETECTION_METHOD,Application of a channel biosensor for toxicity measurements in cultured Alexandrium tamarense.
dino_pre2016,STX_DOC_000973,1999.0,dinoflagellate,dinoflagellate_stx,saxitoxin,TOXIN,High performance liquid chromatography coupled with post-column electrochemical oxidation for the detection of PSP toxins
dino_pre2016,STX_DOC_000973,1999.0,dinoflagellate,dinoflagellate_stx,dinoflagellates,DINO_TAXON,High performance liquid chromatography coupled with post-column electrochemical oxidation for the detection of PSP toxins
dino_pre2016,STX_DOC_000973,1999.0,dinoflagellate,dinoflagellate_stx,alexandrium,DINO_TAXON,High performance liquid chromatography coupled with post-column electrochemical oxidation for the detection of PSP toxins
dino_pre2016,STX_DOC_000973,1999.0,dinoflagellate,dinoflagellate_stx,alexandrium tamarense,DINO_TAXON,High performance liquid chromatography coupled with post-column electrochemical oxidation for the detection of PSP toxins
dino_pre2016,STX_DOC_000973,1999.0,dinoflagellate,dinoflagellate_stx,temperature,ENV_FACTOR,High performance liquid chromatography coupled with post-column electrochemical oxidation for the detection of PSP toxins
dino_pre2016,STX_DOC_000973,1999.0,dinoflagellate,dinoflagellate_stx,hplc,DETECTION_METHOD,High performance liquid chromatography coupled with post-column electrochemical oxidation for the detection of PSP toxins
dino_pre2016,STX_DOC_000973,1999.0,dinoflagellate,dinoflagellate_stx,mouse bioassay,DETECTION_METHOD,High performance liquid chromatography coupled with post-column electrochemical oxidation for the detection of PSP toxins
dino_pre2016,STX_DOC_000974,1999.0,dinoflagellate,dinoflagellate_stx,paralytic shellfish poisoning,TOXIN,Effect of different nitrogen/phosphorus nutrient ratios on the toxin content in Alexandrium minutum
dino_pre2016,STX_DOC_000974,1999.0,dinoflagellate,dinoflagellate_stx,alexandrium,DINO_TAXON,Effect of different nitrogen/phosphorus nutrient ratios on the toxin content in Alexandrium minutum
dino_pre2016,STX_DOC_000974,1999.0,dinoflagellate,dinoflagellate_stx,alexandrium minutum,DINO_TAXON,Effect of different nitrogen/phosphorus nutrient ratios on the toxin content in Alexandrium minutum
dino_pre2016,STX_DOC_000974,1999.0,dinoflagellate,dinoflagellate_stx,nitrogen,ENV_FACTOR,Effect of different nitrogen/phosphorus nutrient ratios on the toxin content in Alexandrium minutum
dino_pre2016,STX_DOC_000974,1999.0,dinoflagellate,dinoflagellate_stx,phosphorus,ENV_FACTOR,Effect of different nitrogen/phosphorus nutrient ratios on the toxin content in Alexandrium minutum
dino_pre2016,STX_DOC_000974,1999.0,dinoflagellate,dinoflagellate_stx,nutrient,ENV_FACTOR,Effect of different nitrogen/phosphorus nutrient ratios on the toxin content in Alexandrium minutum
dino_pre2016,STX_DOC_000974,1999.0,dinoflagellate,dinoflagellate_stx,nutrients,ENV_FACTOR,Effect of different nitrogen/phosphorus nutrient ratios on the toxin content in Alexandrium minutum
dino_pre2016,STX_DOC_000975,1999.0,dinoflagellate,dinoflagellate_stx,saxitoxin,TOXIN,High performance liquid chromatography coupled with post-column electrochemical oxidation for the detection of PSP toxins.
dino_pre2016,STX_DOC_000975,1999.0,dinoflagellate,dinoflagellate_stx,dinoflagellates,DINO_TAXON,High performance liquid chromatography coupled with post-column electrochemical oxidation for the detection of PSP toxins.
dino_pre2016,STX_DOC_000975,1999.0,dinoflagellate,dinoflagellate_stx,alexandrium,DINO_TAXON,High performance liquid chromatography coupled with post-column electrochemical oxidation for the detection of PSP toxins.
dino_pre2016,STX_DOC_000975,1999.0,dinoflagellate,dinoflagellate_stx,alexandrium tamarense,DINO_TAXON,High performance liquid chromatography coupled with post-column electrochemical oxidation for the detection of PSP toxins.
dino_pre2016,STX_DOC_000975,1999.0,dinoflagellate,dinoflagellate_stx,temperature,ENV_FACTOR,High performance liquid chromatography coupled with post-column electrochemical oxidation for the detection of PSP toxins.
dino_pre2016,STX_DOC_000975,1999.0,dinoflagellate,dinoflagellate_stx,hplc,DETECTION_METHOD,High performance liquid chromatography coupled with post-column electrochemical oxidation for the detection of PSP toxins.
dino_pre2016,STX_DOC_000975,1999.0,dinoflagellate,dinoflagellate_stx,mouse bioassay,DETECTION_METHOD,High performance liquid chromatography coupled with post-column electrochemical oxidation for the detection of PSP toxins.
dino_pre2016,STX_DOC_000976,1998.0,dinoflagellate,dinoflagellate_stx,saxitoxin,TOXIN,Repression of fecundity in the neritic copepod Acartia clausi exposed to the toxic dinoflagellate Alexandrium lusitanicum:relationship between feeding and egg production
dino_pre2016,STX_DOC_000976,1998.0,dinoflagellate,dinoflagellate_stx,dinoflagellate,DINO_TAXON,Repression of fecundity in the neritic copepod Acartia clausi exposed to the toxic dinoflagellate Alexandrium lusitanicum:relationship between feeding and egg production
dino_pre2016,STX_DOC_000976,1998.0,dinoflagellate,dinoflagellate_stx,alexandrium,DINO_TAXON,Repression of fecundity in the neritic copepod Acartia clausi exposed to the toxic dinoflagellate Alexandrium lusitanicum:relationship between feeding and egg production
dino_pre2016,STX_DOC_000977,1998.0,dinoflagellate,dinoflagellate_stx,saxitoxin,TOXIN,Microalgal blooms: a global issue with negative impact in Chile.
dino_pre2016,STX_DOC_000977,1998.0,dinoflagellate,dinoflagellate_stx,paralytic shellfish poisoning,TOXIN,Microalgal blooms: a global issue with negative impact in Chile.
dino_pre2016,STX_DOC_000977,1998.0,dinoflagellate,dinoflagellate_stx,alexandrium,DINO_TAXON,Microalgal blooms: a global issue with negative impact in Chile.
dino_pre2016,STX_DOC_000977,1998.0,dinoflagellate,dinoflagellate_stx,alexandrium catenella,DINO_TAXON,Microalgal blooms: a global issue with negative impact in Chile.
dino_pre2016,STX_DOC_000978,1998.0,dinoflagellate,dinoflagellate_stx,saxitoxin,TOXIN,Microalgal blooms: a global issue with negative impact in Chile.
dino_pre2016,STX_DOC_000978,1998.0,dinoflagellate,dinoflagellate_stx,paralytic shellfish poisoning,TOXIN,Microalgal blooms: a global issue with negative impact in Chile.
dino_pre2016,STX_DOC_000978,1998.0,dinoflagellate,dinoflagellate_stx,alexandrium,DINO_TAXON,Microalgal blooms: a global issue with negative impact in Chile.
dino_pre2016,STX_DOC_000978,1998.0,dinoflagellate,dinoflagellate_stx,alexandrium catenella,DINO_TAXON,Microalgal blooms: a global issue with negative impact in Chile.
dino_pre2016,STX_DOC_000979,1997.0,dinoflagellate,dinoflagellate_stx,saxitoxin,TOXIN,Toxin variability during the cell cycle of the dinoflagellate <i>Alexandrium fundyense</i>
dino_pre2016,STX_DOC_000979,1997.0,dinoflagellate,dinoflagellate_stx,dinoflagellate,DINO_TAXON,Toxin variability during the cell cycle of the dinoflagellate <i>Alexandrium fundyense</i>
dino_pre2016,STX_DOC_000979,1997.0,dinoflagellate,dinoflagellate_stx,alexandrium,DINO_TAXON,Toxin variability during the cell cycle of the dinoflagellate <i>Alexandrium fundyense</i>
dino_pre2016,STX_DOC_000979,1997.0,dinoflagellate,dinoflagellate_stx,alexandrium fundyense,DINO_TAXON,Toxin variability during the cell cycle of the dinoflagellate <i>Alexandrium fundyense</i>
dino_pre2016,STX_DOC_000979,1997.0,dinoflagellate,dinoflagellate_stx,light,ENV_FACTOR,Toxin variability during the cell cycle of the dinoflagellate <i>Alexandrium fundyense</i>
dino_pre2016,STX_DOC_000979,1997.0,dinoflagellate,dinoflagellate_stx,toxin production,BIOLOGICAL_PROCESS,Toxin variability during the cell cycle of the dinoflagellate <i>Alexandrium fundyense</i>
dino_pre2016,STX_DOC_000982,1992.0,dinoflagellate,dinoflagellate_stx,saxitoxin,TOXIN,"Ionspray mass spectrometry of marine toxins. III. Analysis of paralytic shellfish poisoning toxins by flow‐injection analysis, liquid chromatography/mass spectrometry and capillary electrophoresis/mass spectrometry"
dino_pre2016,STX_DOC_000982,1992.0,dinoflagellate,dinoflagellate_stx,paralytic shellfish poisoning,TOXIN,"Ionspray mass spectrometry of marine toxins. III. Analysis of paralytic shellfish poisoning toxins by flow‐injection analysis, liquid chromatography/mass spectrometry and capillary electrophoresis/mass spectrometry"
dino_pre2016,STX_DOC_000982,1992.0,dinoflagellate,dinoflagellate_stx,dinoflagellate,DINO_TAXON,"Ionspray mass spectrometry of marine toxins. III. Analysis of paralytic shellfish poisoning toxins by flow‐injection analysis, liquid chromatography/mass spectrometry and capillary electrophoresis/mass spectrometry"
dino_pre2016,STX_DOC_000982,1992.0,dinoflagellate,dinoflagellate_stx,alexandrium,DINO_TAXON,"Ionspray mass spectrometry of marine toxins. III. Analysis of paralytic shellfish poisoning toxins by flow‐injection analysis, liquid chromatography/mass spectrometry and capillary electrophoresis/mass spectrometry"
dino_pre2016,STX_DOC_000982,1992.0,dinoflagellate,dinoflagellate_stx,mass spectrometry,DETECTION_METHOD,"Ionspray mass spectrometry of marine toxins. III. Analysis of paralytic shellfish poisoning toxins by flow‐injection analysis, liquid chromatography/mass spectrometry and capillary electrophoresis/mass spectrometry"
dino_pre2016,STX_DOC_000983,1992.0,dinoflagellate,dinoflagellate_stx,paralytic shellfish toxin,TOXIN,Toxin composition of resting cysts of Alexandrium tamarense (Dinophyceae).
dino_pre2016,STX_DOC_000983,1992.0,dinoflagellate,dinoflagellate_stx,dinoflagellate,DINO_TAXON,Toxin composition of resting cysts of Alexandrium tamarense (Dinophyceae).
dino_pre2016,STX_DOC_000983,1992.0,dinoflagellate,dinoflagellate_stx,alexandrium,DINO_TAXON,Toxin composition of resting cysts of Alexandrium tamarense (Dinophyceae).
dino_pre2016,STX_DOC_000983,1992.0,dinoflagellate,dinoflagellate_stx,alexandrium tamarense,DINO_TAXON,Toxin composition of resting cysts of Alexandrium tamarense (Dinophyceae).
dino_pre2016,STX_DOC_000983,1992.0,dinoflagellate,dinoflagellate_stx,bloom,ENV_FACTOR,Toxin composition of resting cysts of Alexandrium tamarense (Dinophyceae).
dino_pre2016,STX_DOC_000983,1992.0,dinoflagellate,dinoflagellate_stx,biosynthesis,BIOLOGICAL_PROCESS,Toxin composition of resting cysts of Alexandrium tamarense (Dinophyceae).
dino_pre2016,STX_DOC_000984,1992.0,dinoflagellate,dinoflagellate_stx,saxitoxin,TOXIN,"Ionspray mass spectrometry of marine toxins. III. Analysis of paralytic shellfish poisoning toxins by flow-injection analysis, liquid chromatography/mass spectrometry and capillary electrophoresis/mass spectrometry."
dino_pre2016,STX_DOC_000984,1992.0,dinoflagellate,dinoflagellate_stx,paralytic shellfish poisoning,TOXIN,"Ionspray mass spectrometry of marine toxins. III. Analysis of paralytic shellfish poisoning toxins by flow-injection analysis, liquid chromatography/mass spectrometry and capillary electrophoresis/mass spectrometry."
dino_pre2016,STX_DOC_000984,1992.0,dinoflagellate,dinoflagellate_stx,dinoflagellate,DINO_TAXON,"Ionspray mass spectrometry of marine toxins. III. Analysis of paralytic shellfish poisoning toxins by flow-injection analysis, liquid chromatography/mass spectrometry and capillary electrophoresis/mass spectrometry."
dino_pre2016,STX_DOC_000984,1992.0,dinoflagellate,dinoflagellate_stx,alexandrium,DINO_TAXON,"Ionspray mass spectrometry of marine toxins. III. Analysis of paralytic shellfish poisoning toxins by flow-injection analysis, liquid chromatography/mass spectrometry and capillary electrophoresis/mass spectrometry."
dino_pre2016,STX_DOC_000984,1992.0,dinoflagellate,dinoflagellate_stx,mass spectrometry,DETECTION_METHOD,"Ionspray mass spectrometry of marine toxins. III. Analysis of paralytic shellfish poisoning toxins by flow-injection analysis, liquid chromatography/mass spectrometry and capillary electrophoresis/mass spectrometry."
dino_pre2016,STX_DOC_000987,1977.0,dinoflagellate,dinoflagellate_stx,saxitoxin,TOXIN,Paralytic Shellfish Poisoning: A Review
dino_pre2016,STX_DOC_000987,1977.0,dinoflagellate,dinoflagellate_stx,paralytic shellfish poisoning,TOXIN,Paralytic Shellfish Poisoning: A Review
dino_pre2016,STX_DOC_000987,1977.0,dinoflagellate,dinoflagellate_stx,dinoflagellate,DINO_TAXON,Paralytic Shellfish Poisoning: A Review
dino_pre2016,STX_DOC_000987,1977.0,dinoflagellate,dinoflagellate_stx,dinoflagellates,DINO_TAXON,Paralytic Shellfish Poisoning: A Review
dino_pre2016,STX_DOC_000988,1977.0,dinoflagellate,dinoflagellate_stx,saxitoxin,TOXIN,Paralytic shellfish poisoning: a review.
dino_pre2016,STX_DOC_000988,1977.0,dinoflagellate,dinoflagellate_stx,paralytic shellfish poisoning,TOXIN,Paralytic shellfish poisoning: a review.
dino_pre2016,STX_DOC_000988,1977.0,dinoflagellate,dinoflagellate_stx,dinoflagellate,DINO_TAXON,Paralytic shellfish poisoning: a review.
dino_pre2016,STX_DOC_000988,1977.0,dinoflagellate,dinoflagellate_stx,dinoflagellates,DINO_TAXON,Paralytic shellfish poisoning: a review.
dino_pre2016,STX_DOC_000989,1968.0,cross_taxa,dinoflagellate_stx,saxitoxin,TOXIN,Toxins of a Blue-Green Alga: Similarity to Saxitoxin
dino_pre2016,STX_DOC_000989,1968.0,cross_taxa,dinoflagellate_stx,paralytic shellfish toxin,TOXIN,Toxins of a Blue-Green Alga: Similarity to Saxitoxin
dino_pre2016,STX_DOC_000989,1968.0,cross_taxa,dinoflagellate_stx,dinoflagellate,DINO_TAXON,Toxins of a Blue-Green Alga: Similarity to Saxitoxin
dino_pre2016,STX_DOC_000989,1968.0,cross_taxa,dinoflagellate_stx,aphanizomenon,CYANO_TAXON,Toxins of a Blue-Green Alga: Similarity to Saxitoxin
dino_pre2016,STX_DOC_000990,1968.0,cross_taxa,dinoflagellate_stx,saxitoxin,TOXIN,Toxins of a blue-green alga: similarity to saxitoxin.
dino_pre2016,STX_DOC_000990,1968.0,cross_taxa,dinoflagellate_stx,paralytic shellfish toxin,TOXIN,Toxins of a blue-green alga: similarity to saxitoxin.
dino_pre2016,STX_DOC_000990,1968.0,cross_taxa,dinoflagellate_stx,dinoflagellate,DINO_TAXON,Toxins of a blue-green alga: similarity to saxitoxin.
dino_pre2016,STX_DOC_000990,1968.0,cross_taxa,dinoflagellate_stx,aphanizomenon,CYANO_TAXON,Toxins of a blue-green alga: similarity to saxitoxin.
dino_pre2016,STX_DOC_001046,2015.0,dinoflagellate,dinoflagellate_stx,paralytic shellfish toxins,TOXIN,"Influence of predator-prey evolutionary history, chemical alarm-cues, and feeding selection on induction of toxin production in a marine dinoflagellate"
dino_pre2016,STX_DOC_001046,2015.0,dinoflagellate,dinoflagellate_stx,dinoflagellate,DINO_TAXON,"Influence of predator-prey evolutionary history, chemical alarm-cues, and feeding selection on induction of toxin production in a marine dinoflagellate"
dino_pre2016,STX_DOC_001046,2015.0,dinoflagellate,dinoflagellate_stx,alexandrium,DINO_TAXON,"Influence of predator-prey evolutionary history, chemical alarm-cues, and feeding selection on induction of toxin production in a marine dinoflagellate"
dino_pre2016,STX_DOC_001046,2015.0,dinoflagellate,dinoflagellate_stx,alexandrium fundyense,DINO_TAXON,"Influence of predator-prey evolutionary history, chemical alarm-cues, and feeding selection on induction of toxin production in a marine dinoflagellate"
dino_pre2016,STX_DOC_001046,2015.0,dinoflagellate,dinoflagellate_stx,toxin production,BIOLOGICAL_PROCESS,"Influence of predator-prey evolutionary history, chemical alarm-cues, and feeding selection on induction of toxin production in a marine dinoflagellate"
dino_pre2016,STX_DOC_001047,2015.0,dinoflagellate,dinoflagellate_stx,paralytic shellfish toxin,TOXIN,A multi-phylum study of grazer-induced paralytic shellfish toxin production in the dinoflagellate Alexandrium fundyense: A new perspective on control of algal toxicity
dino_pre2016,STX_DOC_001047,2015.0,dinoflagellate,dinoflagellate_stx,dinoflagellate,DINO_TAXON,A multi-phylum study of grazer-induced paralytic shellfish toxin production in the dinoflagellate Alexandrium fundyense: A new perspective on control of algal toxicity
dino_pre2016,STX_DOC_001047,2015.0,dinoflagellate,dinoflagellate_stx,alexandrium,DINO_TAXON,A multi-phylum study of grazer-induced paralytic shellfish toxin production in the dinoflagellate Alexandrium fundyense: A new perspective on control of algal toxicity
dino_pre2016,STX_DOC_001047,2015.0,dinoflagellate,dinoflagellate_stx,alexandrium fundyense,DINO_TAXON,A multi-phylum study of grazer-induced paralytic shellfish toxin production in the dinoflagellate Alexandrium fundyense: A new perspective on control of algal toxicity
dino_pre2016,STX_DOC_001047,2015.0,dinoflagellate,dinoflagellate_stx,toxicity,BIOLOGICAL_PROCESS,A multi-phylum study of grazer-induced paralytic shellfish toxin production in the dinoflagellate Alexandrium fundyense: A new perspective on control of algal toxicity
dino_pre2016,STX_DOC_001047,2015.0,dinoflagellate,dinoflagellate_stx,toxin production,BIOLOGICAL_PROCESS,A multi-phylum study of grazer-induced paralytic shellfish toxin production in the dinoflagellate Alexandrium fundyense: A new perspective on control of algal toxicity
dino_pre2016,STX_DOC_001049,2015.0,dinoflagellate,dinoflagellate_stx,paralytic shellfish poisoning,TOXIN,Effect of the endoparasite Amoebophrya sp. on toxin content and composition in the paralytic shellfish poisoning dinoflagellate Alexandrium fundyense (Dinophyceae)
dino_pre2016,STX_DOC_001049,2015.0,dinoflagellate,dinoflagellate_stx,dinoflagellate,DINO_TAXON,Effect of the endoparasite Amoebophrya sp. on toxin content and composition in the paralytic shellfish poisoning dinoflagellate Alexandrium fundyense (Dinophyceae)
dino_pre2016,STX_DOC_001049,2015.0,dinoflagellate,dinoflagellate_stx,alexandrium,DINO_TAXON,Effect of the endoparasite Amoebophrya sp. on toxin content and composition in the paralytic shellfish poisoning dinoflagellate Alexandrium fundyense (Dinophyceae)
dino_pre2016,STX_DOC_001049,2015.0,dinoflagellate,dinoflagellate_stx,alexandrium fundyense,DINO_TAXON,Effect of the endoparasite Amoebophrya sp. on toxin content and composition in the paralytic shellfish poisoning dinoflagellate Alexandrium fundyense (Dinophyceae)
dino_pre2016,STX_DOC_001052,2015.0,dinoflagellate,dinoflagellate_stx,paralytic shellfish poisoning,TOXIN,"HARMFUL MICROALGAE ASSEMBLAGE IN THE AQUACULTURE AREA OF AMAN ISLAND, NORTHEN STRAIT OF MALACCA"
dino_pre2016,STX_DOC_001052,2015.0,dinoflagellate,dinoflagellate_stx,dinoflagellates,DINO_TAXON,"HARMFUL MICROALGAE ASSEMBLAGE IN THE AQUACULTURE AREA OF AMAN ISLAND, NORTHEN STRAIT OF MALACCA"
dino_pre2016,STX_DOC_001052,2015.0,dinoflagellate,dinoflagellate_stx,alexandrium,DINO_TAXON,"HARMFUL MICROALGAE ASSEMBLAGE IN THE AQUACULTURE AREA OF AMAN ISLAND, NORTHEN STRAIT OF MALACCA"
dino_pre2016,STX_DOC_001052,2015.0,dinoflagellate,dinoflagellate_stx,bloom,ENV_FACTOR,"HARMFUL MICROALGAE ASSEMBLAGE IN THE AQUACULTURE AREA OF AMAN ISLAND, NORTHEN STRAIT OF MALACCA"
dino_pre2016,STX_DOC_001052,2015.0,dinoflagellate,dinoflagellate_stx,harmful algal bloom,ENV_FACTOR,"HARMFUL MICROALGAE ASSEMBLAGE IN THE AQUACULTURE AREA OF AMAN ISLAND, NORTHEN STRAIT OF MALACCA"
dino_pre2016,STX_DOC_001056,2014.0,dinoflagellate,dinoflagellate_stx,paralytic shellfish poisoning,TOXIN,Contrasting Physiological Responses of Two Populations of the Razor Clam Tagelus dombeii with Different Histories of Exposure to Paralytic Shellfish Poisoning (PSP)
dino_pre2016,STX_DOC_001056,2014.0,dinoflagellate,dinoflagellate_stx,dinoflagellate,DINO_TAXON,Contrasting Physiological Responses of Two Populations of the Razor Clam Tagelus dombeii with Different Histories of Exposure to Paralytic Shellfish Poisoning (PSP)
dino_pre2016,STX_DOC_001056,2014.0,dinoflagellate,dinoflagellate_stx,alexandrium,DINO_TAXON,Contrasting Physiological Responses of Two Populations of the Razor Clam Tagelus dombeii with Different Histories of Exposure to Paralytic Shellfish Poisoning (PSP)
dino_pre2016,STX_DOC_001056,2014.0,dinoflagellate,dinoflagellate_stx,alexandrium catenella,DINO_TAXON,Contrasting Physiological Responses of Two Populations of the Razor Clam Tagelus dombeii with Different Histories of Exposure to Paralytic Shellfish Poisoning (PSP)
dino_pre2016,STX_DOC_001058,2013.0,dinoflagellate,dinoflagellate_stx,saxitoxin,TOXIN,Effects of the dinoflagellate Alexandrium minutum and its toxin (saxitoxin) on the functional activity and gene expression of Crassostrea gigas hemocytes
dino_pre2016,STX_DOC_001058,2013.0,dinoflagellate,dinoflagellate_stx,dinoflagellate,DINO_TAXON,Effects of the dinoflagellate Alexandrium minutum and its toxin (saxitoxin) on the functional activity and gene expression of Crassostrea gigas hemocytes
dino_pre2016,STX_DOC_001058,2013.0,dinoflagellate,dinoflagellate_stx,alexandrium,DINO_TAXON,Effects of the dinoflagellate Alexandrium minutum and its toxin (saxitoxin) on the functional activity and gene expression of Crassostrea gigas hemocytes
dino_pre2016,STX_DOC_001058,2013.0,dinoflagellate,dinoflagellate_stx,alexandrium minutum,DINO_TAXON,Effects of the dinoflagellate Alexandrium minutum and its toxin (saxitoxin) on the functional activity and gene expression of Crassostrea gigas hemocytes
dino_pre2016,STX_DOC_001058,2013.0,dinoflagellate,dinoflagellate_stx,expression,BIOLOGICAL_PROCESS,Effects of the dinoflagellate Alexandrium minutum and its toxin (saxitoxin) on the functional activity and gene expression of Crassostrea gigas hemocytes
dino_pre2016,STX_DOC_001058,2013.0,dinoflagellate,dinoflagellate_stx,gene expression,BIOLOGICAL_PROCESS,Effects of the dinoflagellate Alexandrium minutum and its toxin (saxitoxin) on the functional activity and gene expression of Crassostrea gigas hemocytes
dino_pre2016,STX_DOC_001065,2012.0,dinoflagellate,dinoflagellate_stx,pst,TOXIN,"Global toxicology, ecophysiology and population relationships of the chainforming PST dinoflagellate Gymnodinium catenatum"
dino_pre2016,STX_DOC_001065,2012.0,dinoflagellate,dinoflagellate_stx,dinoflagellate,DINO_TAXON,"Global toxicology, ecophysiology and population relationships of the chainforming PST dinoflagellate Gymnodinium catenatum"
dino_pre2016,STX_DOC_001065,2012.0,dinoflagellate,dinoflagellate_stx,gymnodinium,DINO_TAXON,"Global toxicology, ecophysiology and population relationships of the chainforming PST dinoflagellate Gymnodinium catenatum"
dino_pre2016,STX_DOC_001065,2012.0,dinoflagellate,dinoflagellate_stx,gymnodinium catenatum,DINO_TAXON,"Global toxicology, ecophysiology and population relationships of the chainforming PST dinoflagellate Gymnodinium catenatum"
dino_pre2016,STX_DOC_001067,2011.0,dinoflagellate,dinoflagellate_stx,paralytic shellfish poisoning,TOXIN,Physical and immunoaffinity extraction of paralytic shellfish poisoning toxins from cultures of the dinoflagellate Alexandrium tamarense
dino_pre2016,STX_DOC_001067,2011.0,dinoflagellate,dinoflagellate_stx,dinoflagellate,DINO_TAXON,Physical and immunoaffinity extraction of paralytic shellfish poisoning toxins from cultures of the dinoflagellate Alexandrium tamarense
dino_pre2016,STX_DOC_001067,2011.0,dinoflagellate,dinoflagellate_stx,alexandrium,DINO_TAXON,Physical and immunoaffinity extraction of paralytic shellfish poisoning toxins from cultures of the dinoflagellate Alexandrium tamarense
dino_pre2016,STX_DOC_001067,2011.0,dinoflagellate,dinoflagellate_stx,alexandrium tamarense,DINO_TAXON,Physical and immunoaffinity extraction of paralytic shellfish poisoning toxins from cultures of the dinoflagellate Alexandrium tamarense
dino_pre2016,STX_DOC_001071,2010.0,cross_taxa,dinoflagellate_stx,paralytic shellfish toxins,TOXIN,Biosynthesis and Molecular Genetics of Polyketides in Marine Dinoflagellates
dino_pre2016,STX_DOC_001071,2010.0,cross_taxa,dinoflagellate_stx,dinoflagellate,DINO_TAXON,Biosynthesis and Molecular Genetics of Polyketides in Marine Dinoflagellates
dino_pre2016,STX_DOC_001071,2010.0,cross_taxa,dinoflagellate_stx,dinoflagellates,DINO_TAXON,Biosynthesis and Molecular Genetics of Polyketides in Marine Dinoflagellates
dino_pre2016,STX_DOC_001071,2010.0,cross_taxa,dinoflagellate_stx,cyanobacteria,CYANO_TAXON,Biosynthesis and Molecular Genetics of Polyketides in Marine Dinoflagellates
dino_pre2016,STX_DOC_001071,2010.0,cross_taxa,dinoflagellate_stx,biosynthesis,BIOLOGICAL_PROCESS,Biosynthesis and Molecular Genetics of Polyketides in Marine Dinoflagellates
dino_pre2016,STX_DOC_001071,2010.0,cross_taxa,dinoflagellate_stx,evolution,BIOLOGICAL_PROCESS,Biosynthesis and Molecular Genetics of Polyketides in Marine Dinoflagellates
dino_pre2016,STX_DOC_001072,2010.0,dinoflagellate,dinoflagellate_stx,dinoflagellate,DINO_TAXON,Ecological and physiological studies of Gymnodinium catenatum in the Mexican Pacific: a review.
dino_pre2016,STX_DOC_001072,2010.0,dinoflagellate,dinoflagellate_stx,gymnodinium,DINO_TAXON,Ecological and physiological studies of Gymnodinium catenatum in the Mexican Pacific: a review.
dino_pre2016,STX_DOC_001072,2010.0,dinoflagellate,dinoflagellate_stx,gymnodinium catenatum,DINO_TAXON,Ecological and physiological studies of Gymnodinium catenatum in the Mexican Pacific: a review.
dino_pre2016,STX_DOC_001072,2010.0,dinoflagellate,dinoflagellate_stx,nutrients,ENV_FACTOR,Ecological and physiological studies of Gymnodinium catenatum in the Mexican Pacific: a review.
dino_pre2016,STX_DOC_001072,2010.0,dinoflagellate,dinoflagellate_stx,toxicity,BIOLOGICAL_PROCESS,Ecological and physiological studies of Gymnodinium catenatum in the Mexican Pacific: a review.
dino_pre2016,STX_DOC_001073,2009.0,dinoflagellate,dinoflagellate_stx,paralytic shellfish toxin,TOXIN,Is photosynthesis a requirement for paralytic shellfish toxin production in the dinoflagellate Alexandrium minutum algal–bacterial consortium?
dino_pre2016,STX_DOC_001073,2009.0,dinoflagellate,dinoflagellate_stx,dinoflagellate,DINO_TAXON,Is photosynthesis a requirement for paralytic shellfish toxin production in the dinoflagellate Alexandrium minutum algal–bacterial consortium?
dino_pre2016,STX_DOC_001073,2009.0,dinoflagellate,dinoflagellate_stx,alexandrium,DINO_TAXON,Is photosynthesis a requirement for paralytic shellfish toxin production in the dinoflagellate Alexandrium minutum algal–bacterial consortium?
dino_pre2016,STX_DOC_001073,2009.0,dinoflagellate,dinoflagellate_stx,alexandrium minutum,DINO_TAXON,Is photosynthesis a requirement for paralytic shellfish toxin production in the dinoflagellate Alexandrium minutum algal–bacterial consortium?
dino_pre2016,STX_DOC_001073,2009.0,dinoflagellate,dinoflagellate_stx,toxin production,BIOLOGICAL_PROCESS,Is photosynthesis a requirement for paralytic shellfish toxin production in the dinoflagellate Alexandrium minutum algal–bacterial consortium?
dino_pre2016,STX_DOC_001076,2007.0,dinoflagellate,dinoflagellate_stx,saxitoxin,TOXIN,On the allelochemical potency of the marine dinoflagellate Alexandrium ostenfeldii against heterotrophic and autotrophic protists
dino_pre2016,STX_DOC_001076,2007.0,dinoflagellate,dinoflagellate_stx,dinoflagellate,DINO_TAXON,On the allelochemical potency of the marine dinoflagellate Alexandrium ostenfeldii against heterotrophic and autotrophic protists
dino_pre2016,STX_DOC_001076,2007.0,dinoflagellate,dinoflagellate_stx,alexandrium,DINO_TAXON,On the allelochemical potency of the marine dinoflagellate Alexandrium ostenfeldii against heterotrophic and autotrophic protists
dino_pre2016,STX_DOC_001076,2007.0,dinoflagellate,dinoflagellate_stx,alexandrium ostenfeldii,DINO_TAXON,On the allelochemical potency of the marine dinoflagellate Alexandrium ostenfeldii against heterotrophic and autotrophic protists
dino_pre2016,STX_DOC_001077,2007.0,dinoflagellate,dinoflagellate_stx,paralytic shellfish poisoning,TOXIN,"Comparative study of the life cycles of <i>Alexandrium tamutum</i> and <i>Alexandrium minutum</i> (Gonyaulacales, Dinophyceae) in culture<sup>1</sup>"
dino_pre2016,STX_DOC_001077,2007.0,dinoflagellate,dinoflagellate_stx,alexandrium,DINO_TAXON,"Comparative study of the life cycles of <i>Alexandrium tamutum</i> and <i>Alexandrium minutum</i> (Gonyaulacales, Dinophyceae) in culture<sup>1</sup>"
dino_pre2016,STX_DOC_001077,2007.0,dinoflagellate,dinoflagellate_stx,alexandrium minutum,DINO_TAXON,"Comparative study of the life cycles of <i>Alexandrium tamutum</i> and <i>Alexandrium minutum</i> (Gonyaulacales, Dinophyceae) in culture<sup>1</sup>"
dino_pre2016,STX_DOC_001077,2007.0,dinoflagellate,dinoflagellate_stx,light,ENV_FACTOR,"Comparative study of the life cycles of <i>Alexandrium tamutum</i> and <i>Alexandrium minutum</i> (Gonyaulacales, Dinophyceae) in culture<sup>1</sup>"
dino_pre2016,STX_DOC_001078,2007.0,dinoflagellate,dinoflagellate_stx,saxitoxin,TOXIN,Morphology and phylogeny of Gymnodinium trapeziforme sp. nov. (Dinophyceae): a new dinoflagellate from the southeast coast of Iran that forms microreticulate resting cysts
dino_pre2016,STX_DOC_001078,2007.0,dinoflagellate,dinoflagellate_stx,dinoflagellate,DINO_TAXON,Morphology and phylogeny of Gymnodinium trapeziforme sp. nov. (Dinophyceae): a new dinoflagellate from the southeast coast of Iran that forms microreticulate resting cysts
dino_pre2016,STX_DOC_001078,2007.0,dinoflagellate,dinoflagellate_stx,gymnodinium,DINO_TAXON,Morphology and phylogeny of Gymnodinium trapeziforme sp. nov. (Dinophyceae): a new dinoflagellate from the southeast coast of Iran that forms microreticulate resting cysts
dino_pre2016,STX_DOC_001078,2007.0,dinoflagellate,dinoflagellate_stx,gymnodinium catenatum,DINO_TAXON,Morphology and phylogeny of Gymnodinium trapeziforme sp. nov. (Dinophyceae): a new dinoflagellate from the southeast coast of Iran that forms microreticulate resting cysts
dino_pre2016,STX_DOC_001078,2007.0,dinoflagellate,dinoflagellate_stx,phylogeny,BIOLOGICAL_PROCESS,Morphology and phylogeny of Gymnodinium trapeziforme sp. nov. (Dinophyceae): a new dinoflagellate from the southeast coast of Iran that forms microreticulate resting cysts
dino_pre2016,STX_DOC_001080,2006.0,dinoflagellate,dinoflagellate_stx,paralytic shellfish poisoning,TOXIN,Lack of accumulation of paralytic shellfish poisoning (PSP) toxins in the tintinnid ciliate Favella taraikaensis feeding on the toxic dinoflagellate Alexandrium tamarense
dino_pre2016,STX_DOC_001080,2006.0,dinoflagellate,dinoflagellate_stx,dinoflagellate,DINO_TAXON,Lack of accumulation of paralytic shellfish poisoning (PSP) toxins in the tintinnid ciliate Favella taraikaensis feeding on the toxic dinoflagellate Alexandrium tamarense
dino_pre2016,STX_DOC_001080,2006.0,dinoflagellate,dinoflagellate_stx,alexandrium,DINO_TAXON,Lack of accumulation of paralytic shellfish poisoning (PSP) toxins in the tintinnid ciliate Favella taraikaensis feeding on the toxic dinoflagellate Alexandrium tamarense
dino_pre2016,STX_DOC_001080,2006.0,dinoflagellate,dinoflagellate_stx,alexandrium tamarense,DINO_TAXON,Lack of accumulation of paralytic shellfish poisoning (PSP) toxins in the tintinnid ciliate Favella taraikaensis feeding on the toxic dinoflagellate Alexandrium tamarense
dino_pre2016,STX_DOC_001080,2006.0,dinoflagellate,dinoflagellate_stx,toxicity,BIOLOGICAL_PROCESS,Lack of accumulation of paralytic shellfish poisoning (PSP) toxins in the tintinnid ciliate Favella taraikaensis feeding on the toxic dinoflagellate Alexandrium tamarense
dino_pre2016,STX_DOC_001082,2004.0,dinoflagellate,dinoflagellate_stx,stx,TOXIN,"Paralytic shellfish poison outbreaks in the Penzé estuary: Environmental factors affecting toxin uptake in the oyster,<b><i>Crassostrea gigas</i></b>"
dino_pre2016,STX_DOC_001082,2004.0,dinoflagellate,dinoflagellate_stx,alexandrium,DINO_TAXON,"Paralytic shellfish poison outbreaks in the Penzé estuary: Environmental factors affecting toxin uptake in the oyster,<b><i>Crassostrea gigas</i></b>"
dino_pre2016,STX_DOC_001082,2004.0,dinoflagellate,dinoflagellate_stx,alexandrium minutum,DINO_TAXON,"Paralytic shellfish poison outbreaks in the Penzé estuary: Environmental factors affecting toxin uptake in the oyster,<b><i>Crassostrea gigas</i></b>"
dino_pre2016,STX_DOC_001082,2004.0,dinoflagellate,dinoflagellate_stx,salinity,ENV_FACTOR,"Paralytic shellfish poison outbreaks in the Penzé estuary: Environmental factors affecting toxin uptake in the oyster,<b><i>Crassostrea gigas</i></b>"
dino_pre2016,STX_DOC_001083,2003.0,dinoflagellate,dinoflagellate_stx,paralytic shellfish toxin,TOXIN,"Paralytic shellfish toxin profile in strains of the dinoflagellate Gymnodinium catenatum Graham and the scallop Argopecten ventricosus G.B. Sowerby II from Bahıa Concepción, Gulf of California, Mexico"
dino_pre2016,STX_DOC_001083,2003.0,dinoflagellate,dinoflagellate_stx,dinoflagellate,DINO_TAXON,"Paralytic shellfish toxin profile in strains of the dinoflagellate Gymnodinium catenatum Graham and the scallop Argopecten ventricosus G.B. Sowerby II from Bahıa Concepción, Gulf of California, Mexico"
dino_pre2016,STX_DOC_001083,2003.0,dinoflagellate,dinoflagellate_stx,gymnodinium,DINO_TAXON,"Paralytic shellfish toxin profile in strains of the dinoflagellate Gymnodinium catenatum Graham and the scallop Argopecten ventricosus G.B. Sowerby II from Bahıa Concepción, Gulf of California, Mexico"
dino_pre2016,STX_DOC_001083,2003.0,dinoflagellate,dinoflagellate_stx,gymnodinium catenatum,DINO_TAXON,"Paralytic shellfish toxin profile in strains of the dinoflagellate Gymnodinium catenatum Graham and the scallop Argopecten ventricosus G.B. Sowerby II from Bahıa Concepción, Gulf of California, Mexico"
dino_pre2016,STX_DOC_001084,2003.0,dinoflagellate,dinoflagellate_stx,saxitoxin,TOXIN,High affinity for the rat brain sodium channel of newly discovered hydroxybenzoate saxitoxin analogues from the dinoflagellate Gymnodinium catenatum
dino_pre2016,STX_DOC_001084,2003.0,dinoflagellate,dinoflagellate_stx,dinoflagellate,DINO_TAXON,High affinity for the rat brain sodium channel of newly discovered hydroxybenzoate saxitoxin analogues from the dinoflagellate Gymnodinium catenatum
dino_pre2016,STX_DOC_001084,2003.0,dinoflagellate,dinoflagellate_stx,gymnodinium,DINO_TAXON,High affinity for the rat brain sodium channel of newly discovered hydroxybenzoate saxitoxin analogues from the dinoflagellate Gymnodinium catenatum
dino_pre2016,STX_DOC_001084,2003.0,dinoflagellate,dinoflagellate_stx,gymnodinium catenatum,DINO_TAXON,High affinity for the rat brain sodium channel of newly discovered hydroxybenzoate saxitoxin analogues from the dinoflagellate Gymnodinium catenatum
dino_pre2016,STX_DOC_001085,2003.0,dinoflagellate,dinoflagellate_stx,paralytic shellfish poisoning,TOXIN,Paralytic shellfish poisoning (PSP) toxin profiles and short-term detoxification kinetics in mussels Mytilus galloprovincialis fed with the toxic dinoflagellate Alexandrium tamarense
dino_pre2016,STX_DOC_001085,2003.0,dinoflagellate,dinoflagellate_stx,dinoflagellate,DINO_TAXON,Paralytic shellfish poisoning (PSP) toxin profiles and short-term detoxification kinetics in mussels Mytilus galloprovincialis fed with the toxic dinoflagellate Alexandrium tamarense
dino_pre2016,STX_DOC_001085,2003.0,dinoflagellate,dinoflagellate_stx,alexandrium,DINO_TAXON,Paralytic shellfish poisoning (PSP) toxin profiles and short-term detoxification kinetics in mussels Mytilus galloprovincialis fed with the toxic dinoflagellate Alexandrium tamarense
dino_pre2016,STX_DOC_001085,2003.0,dinoflagellate,dinoflagellate_stx,alexandrium tamarense,DINO_TAXON,Paralytic shellfish poisoning (PSP) toxin profiles and short-term detoxification kinetics in mussels Mytilus galloprovincialis fed with the toxic dinoflagellate Alexandrium tamarense
dino_pre2016,STX_DOC_001086,2003.0,dinoflagellate,dinoflagellate_stx,paralytic shellfish poisoning,TOXIN,Phycotoxin accumulation in zooplankton feeding on Alexandrium fundyense--vector or sink?
dino_pre2016,STX_DOC_001086,2003.0,dinoflagellate,dinoflagellate_stx,dinoflagellates,DINO_TAXON,Phycotoxin accumulation in zooplankton feeding on Alexandrium fundyense--vector or sink?
dino_pre2016,STX_DOC_001086,2003.0,dinoflagellate,dinoflagellate_stx,alexandrium,DINO_TAXON,Phycotoxin accumulation in zooplankton feeding on Alexandrium fundyense--vector or sink?
dino_pre2016,STX_DOC_001086,2003.0,dinoflagellate,dinoflagellate_stx,alexandrium fundyense,DINO_TAXON,Phycotoxin accumulation in zooplankton feeding on Alexandrium fundyense--vector or sink?
dino_pre2016,STX_DOC_001087,2002.0,dinoflagellate,dinoflagellate_stx,paralytic shellfish toxin,TOXIN,Nutritional supplementation to increase growth and paralytic shellfish toxin productivity by the marine dinoflagellate Alexandrium tamarense
dino_pre2016,STX_DOC_001087,2002.0,dinoflagellate,dinoflagellate_stx,dinoflagellate,DINO_TAXON,Nutritional supplementation to increase growth and paralytic shellfish toxin productivity by the marine dinoflagellate Alexandrium tamarense
dino_pre2016,STX_DOC_001087,2002.0,dinoflagellate,dinoflagellate_stx,alexandrium,DINO_TAXON,Nutritional supplementation to increase growth and paralytic shellfish toxin productivity by the marine dinoflagellate Alexandrium tamarense
dino_pre2016,STX_DOC_001087,2002.0,dinoflagellate,dinoflagellate_stx,alexandrium tamarense,DINO_TAXON,Nutritional supplementation to increase growth and paralytic shellfish toxin productivity by the marine dinoflagellate Alexandrium tamarense
dino_pre2016,STX_DOC_001088,2002.0,dinoflagellate,dinoflagellate_stx,paralytic shellfish poisoning,TOXIN,Toxic effects of Alexandrium spp. on heterotrophic dinoflagellates: an allelochemical defence mechanism independent of PSP-toxin content
dino_pre2016,STX_DOC_001088,2002.0,dinoflagellate,dinoflagellate_stx,dinoflagellate,DINO_TAXON,Toxic effects of Alexandrium spp. on heterotrophic dinoflagellates: an allelochemical defence mechanism independent of PSP-toxin content
dino_pre2016,STX_DOC_001088,2002.0,dinoflagellate,dinoflagellate_stx,dinoflagellates,DINO_TAXON,Toxic effects of Alexandrium spp. on heterotrophic dinoflagellates: an allelochemical defence mechanism independent of PSP-toxin content
dino_pre2016,STX_DOC_001088,2002.0,dinoflagellate,dinoflagellate_stx,alexandrium,DINO_TAXON,Toxic effects of Alexandrium spp. on heterotrophic dinoflagellates: an allelochemical defence mechanism independent of PSP-toxin content
dino_pre2016,STX_DOC_001088,2002.0,dinoflagellate,dinoflagellate_stx,hplc,DETECTION_METHOD,Toxic effects of Alexandrium spp. on heterotrophic dinoflagellates: an allelochemical defence mechanism independent of PSP-toxin content
dino_pre2016,STX_DOC_001089,2002.0,dinoflagellate,dinoflagellate_stx,paralytic shellfish poisoning,TOXIN,Fate of paralytic shellfish poisoning toxins ingested by the copepod Acartia clausi
dino_pre2016,STX_DOC_001089,2002.0,dinoflagellate,dinoflagellate_stx,dinoflagellate,DINO_TAXON,Fate of paralytic shellfish poisoning toxins ingested by the copepod Acartia clausi
dino_pre2016,STX_DOC_001089,2002.0,dinoflagellate,dinoflagellate_stx,alexandrium,DINO_TAXON,Fate of paralytic shellfish poisoning toxins ingested by the copepod Acartia clausi
dino_pre2016,STX_DOC_001089,2002.0,dinoflagellate,dinoflagellate_stx,alexandrium minutum,DINO_TAXON,Fate of paralytic shellfish poisoning toxins ingested by the copepod Acartia clausi
dino_pre2016,STX_DOC_001090,2001.0,dinoflagellate,dinoflagellate_stx,paralytic shellfish toxins,TOXIN,Characterisation of bacterial communities associated with toxic and non-toxic dinoflagellates: Alexandrium spp. and Scrippsiella trochoidea
dino_pre2016,STX_DOC_001090,2001.0,dinoflagellate,dinoflagellate_stx,dinoflagellate,DINO_TAXON,Characterisation of bacterial communities associated with toxic and non-toxic dinoflagellates: Alexandrium spp. and Scrippsiella trochoidea
dino_pre2016,STX_DOC_001090,2001.0,dinoflagellate,dinoflagellate_stx,dinoflagellates,DINO_TAXON,Characterisation of bacterial communities associated with toxic and non-toxic dinoflagellates: Alexandrium spp. and Scrippsiella trochoidea
dino_pre2016,STX_DOC_001090,2001.0,dinoflagellate,dinoflagellate_stx,alexandrium,DINO_TAXON,Characterisation of bacterial communities associated with toxic and non-toxic dinoflagellates: Alexandrium spp. and Scrippsiella trochoidea
dino_pre2016,STX_DOC_001090,2001.0,dinoflagellate,dinoflagellate_stx,phylogenetic,BIOLOGICAL_PROCESS,Characterisation of bacterial communities associated with toxic and non-toxic dinoflagellates: Alexandrium spp. and Scrippsiella trochoidea
dino_pre2016,STX_DOC_001092,1999.0,dinoflagellate,dinoflagellate_stx,paralytic shellfish poisoning,TOXIN,Copepod grazing selection and particle discrimination on the basis of PSP toxin content
dino_pre2016,STX_DOC_001092,1999.0,dinoflagellate,dinoflagellate_stx,dinoflagellate,DINO_TAXON,Copepod grazing selection and particle discrimination on the basis of PSP toxin content
dino_pre2016,STX_DOC_001092,1999.0,dinoflagellate,dinoflagellate_stx,dinoflagellates,DINO_TAXON,Copepod grazing selection and particle discrimination on the basis of PSP toxin content
dino_pre2016,STX_DOC_001092,1999.0,dinoflagellate,dinoflagellate_stx,alexandrium,DINO_TAXON,Copepod grazing selection and particle discrimination on the basis of PSP toxin content
dino_pre2016,STX_DOC_001093,1997.0,dinoflagellate,dinoflagellate_stx,paralytic shellfish toxins,TOXIN,Bacterial influence on the production of paralytic shellfish toxins by dinoflagellated algae
dino_pre2016,STX_DOC_001093,1997.0,dinoflagellate,dinoflagellate_stx,dinoflagellate,DINO_TAXON,Bacterial influence on the production of paralytic shellfish toxins by dinoflagellated algae
dino_pre2016,STX_DOC_001093,1997.0,dinoflagellate,dinoflagellate_stx,alexandrium,DINO_TAXON,Bacterial influence on the production of paralytic shellfish toxins by dinoflagellated algae
dino_pre2016,STX_DOC_001093,1997.0,dinoflagellate,dinoflagellate_stx,alexandrium tamarense,DINO_TAXON,Bacterial influence on the production of paralytic shellfish toxins by dinoflagellated algae
dino_pre2016,STX_DOC_001093,1997.0,dinoflagellate,dinoflagellate_stx,toxicity,BIOLOGICAL_PROCESS,Bacterial influence on the production of paralytic shellfish toxins by dinoflagellated algae
dino_pre2016,STX_DOC_001094,1997.0,dinoflagellate,dinoflagellate_stx,paralytic shellfish poisoning,TOXIN,Bloom dynamics of toxic <i>Alexandrium</i> species in the northeastern U.S
dino_pre2016,STX_DOC_001094,1997.0,dinoflagellate,dinoflagellate_stx,dinoflagellates,DINO_TAXON,Bloom dynamics of toxic <i>Alexandrium</i> species in the northeastern U.S
dino_pre2016,STX_DOC_001094,1997.0,dinoflagellate,dinoflagellate_stx,alexandrium,DINO_TAXON,Bloom dynamics of toxic <i>Alexandrium</i> species in the northeastern U.S
dino_pre2016,STX_DOC_001094,1997.0,dinoflagellate,dinoflagellate_stx,bloom,ENV_FACTOR,Bloom dynamics of toxic <i>Alexandrium</i> species in the northeastern U.S
dino_pre2016,STX_DOC_001095,1996.0,dinoflagellate,dinoflagellate_stx,paralytic shellfish poisoning,TOXIN,"Occurrence of tetrodotoxin in Alexandrium tamarense, a causative dinoflagellate of paralytic shellfish poisoning"
dino_pre2016,STX_DOC_001095,1996.0,dinoflagellate,dinoflagellate_stx,dinoflagellate,DINO_TAXON,"Occurrence of tetrodotoxin in Alexandrium tamarense, a causative dinoflagellate of paralytic shellfish poisoning"
dino_pre2016,STX_DOC_001095,1996.0,dinoflagellate,dinoflagellate_stx,alexandrium,DINO_TAXON,"Occurrence of tetrodotoxin in Alexandrium tamarense, a causative dinoflagellate of paralytic shellfish poisoning"
dino_pre2016,STX_DOC_001095,1996.0,dinoflagellate,dinoflagellate_stx,alexandrium tamarense,DINO_TAXON,"Occurrence of tetrodotoxin in Alexandrium tamarense, a causative dinoflagellate of paralytic shellfish poisoning"
dino_pre2016,STX_DOC_001097,1996.0,dinoflagellate,dinoflagellate_stx,paralytic shellfish poisoning,TOXIN,Purification and properties of paralytic shellfish poisoning toxins sulfotransferase from toxic dinoflagellate Gymnodinium catenatum
dino_pre2016,STX_DOC_001097,1996.0,dinoflagellate,dinoflagellate_stx,dinoflagellate,DINO_TAXON,Purification and properties of paralytic shellfish poisoning toxins sulfotransferase from toxic dinoflagellate Gymnodinium catenatum
dino_pre2016,STX_DOC_001097,1996.0,dinoflagellate,dinoflagellate_stx,gymnodinium,DINO_TAXON,Purification and properties of paralytic shellfish poisoning toxins sulfotransferase from toxic dinoflagellate Gymnodinium catenatum
dino_pre2016,STX_DOC_001097,1996.0,dinoflagellate,dinoflagellate_stx,gymnodinium catenatum,DINO_TAXON,Purification and properties of paralytic shellfish poisoning toxins sulfotransferase from toxic dinoflagellate Gymnodinium catenatum
dino_pre2016,STX_DOC_001099,1993.0,dinoflagellate,dinoflagellate_stx,paralytic shellfish toxin,TOXIN,Comparative study on paralytic shellfish toxin profiles of the dinoflagellate Gymnodinium catenatum from three different countries
dino_pre2016,STX_DOC_001099,1993.0,dinoflagellate,dinoflagellate_stx,dinoflagellate,DINO_TAXON,Comparative study on paralytic shellfish toxin profiles of the dinoflagellate Gymnodinium catenatum from three different countries
dino_pre2016,STX_DOC_001099,1993.0,dinoflagellate,dinoflagellate_stx,gymnodinium,DINO_TAXON,Comparative study on paralytic shellfish toxin profiles of the dinoflagellate Gymnodinium catenatum from three different countries
dino_pre2016,STX_DOC_001099,1993.0,dinoflagellate,dinoflagellate_stx,gymnodinium catenatum,DINO_TAXON,Comparative study on paralytic shellfish toxin profiles of the dinoflagellate Gymnodinium catenatum from three different countries
dino_pre2016,STX_DOC_001101,1989.0,dinoflagellate,dinoflagellate_stx,paralytic shellfish poisoning,TOXIN,Paralytic shellfish poisoning in northwest Spain: The toxicity of the dinoflagellate Gymnodinium catenatum
dino_pre2016,STX_DOC_001101,1989.0,dinoflagellate,dinoflagellate_stx,dinoflagellate,DINO_TAXON,Paralytic shellfish poisoning in northwest Spain: The toxicity of the dinoflagellate Gymnodinium catenatum
dino_pre2016,STX_DOC_001101,1989.0,dinoflagellate,dinoflagellate_stx,gymnodinium,DINO_TAXON,Paralytic shellfish poisoning in northwest Spain: The toxicity of the dinoflagellate Gymnodinium catenatum
dino_pre2016,STX_DOC_001101,1989.0,dinoflagellate,dinoflagellate_stx,gymnodinium catenatum,DINO_TAXON,Paralytic shellfish poisoning in northwest Spain: The toxicity of the dinoflagellate Gymnodinium catenatum
dino_pre2016,STX_DOC_001101,1989.0,dinoflagellate,dinoflagellate_stx,toxicity,BIOLOGICAL_PROCESS,Paralytic shellfish poisoning in northwest Spain: The toxicity of the dinoflagellate Gymnodinium catenatum
dino_pre2016,STX_DOC_001102,1989.0,dinoflagellate,dinoflagellate_stx,paralytic shellfish toxins,TOXIN,Production of Paralytic Shellfish Toxins by the Dinoflagellate &lt;i&gt;Alexandrium minutum&lt;/i&gt; Halim from Australia
dino_pre2016,STX_DOC_001102,1989.0,dinoflagellate,dinoflagellate_stx,dinoflagellate,DINO_TAXON,Production of Paralytic Shellfish Toxins by the Dinoflagellate &lt;i&gt;Alexandrium minutum&lt;/i&gt; Halim from Australia
dino_pre2016,STX_DOC_001102,1989.0,dinoflagellate,dinoflagellate_stx,alexandrium,DINO_TAXON,Production of Paralytic Shellfish Toxins by the Dinoflagellate &lt;i&gt;Alexandrium minutum&lt;/i&gt; Halim from Australia
dino_pre2016,STX_DOC_001102,1989.0,dinoflagellate,dinoflagellate_stx,alexandrium minutum,DINO_TAXON,Production of Paralytic Shellfish Toxins by the Dinoflagellate &lt;i&gt;Alexandrium minutum&lt;/i&gt; Halim from Australia
dino_pre2016,STX_DOC_001103,1987.0,dinoflagellate,dinoflagellate_stx,paralytic shellfish toxins,TOXIN,Dinoflagellate Gymnodinium catenatum as the source of paralytic shellfish toxins in Tasmanian shellfish
dino_pre2016,STX_DOC_001103,1987.0,dinoflagellate,dinoflagellate_stx,dinoflagellate,DINO_TAXON,Dinoflagellate Gymnodinium catenatum as the source of paralytic shellfish toxins in Tasmanian shellfish
dino_pre2016,STX_DOC_001103,1987.0,dinoflagellate,dinoflagellate_stx,gymnodinium,DINO_TAXON,Dinoflagellate Gymnodinium catenatum as the source of paralytic shellfish toxins in Tasmanian shellfish
dino_pre2016,STX_DOC_001103,1987.0,dinoflagellate,dinoflagellate_stx,gymnodinium catenatum,DINO_TAXON,Dinoflagellate Gymnodinium catenatum as the source of paralytic shellfish toxins in Tasmanian shellfish
dino_pre2016,STX_DOC_001106,1977.0,dinoflagellate,dinoflagellate_stx,paralytic shellfish poisoning,TOXIN,"Observations on <i>Pyrodinium bahamense</i> Plate, a toxic dinoflagellate, in Papua New Guinea"
dino_pre2016,STX_DOC_001106,1977.0,dinoflagellate,dinoflagellate_stx,dinoflagellate,DINO_TAXON,"Observations on <i>Pyrodinium bahamense</i> Plate, a toxic dinoflagellate, in Papua New Guinea"
dino_pre2016,STX_DOC_001106,1977.0,dinoflagellate,dinoflagellate_stx,pyrodinium,DINO_TAXON,"Observations on <i>Pyrodinium bahamense</i> Plate, a toxic dinoflagellate, in Papua New Guinea"
dino_pre2016,STX_DOC_001106,1977.0,dinoflagellate,dinoflagellate_stx,pyrodinium bahamense,DINO_TAXON,"Observations on <i>Pyrodinium bahamense</i> Plate, a toxic dinoflagellate, in Papua New Guinea"
dino_pre2016,STX_DOC_001152,2015.0,dinoflagellate,dinoflagellate_stx,saxitoxin,TOXIN,"An improved functional assay for rapid detection of marine toxins, saxitoxin and brevetoxin using a portable cardiomyocyte-based potential biosensor."
dino_pre2016,STX_DOC_001152,2015.0,dinoflagellate,dinoflagellate_stx,stx,TOXIN,"An improved functional assay for rapid detection of marine toxins, saxitoxin and brevetoxin using a portable cardiomyocyte-based potential biosensor."
dino_pre2016,STX_DOC_001152,2015.0,dinoflagellate,dinoflagellate_stx,dinoflagellates,DINO_TAXON,"An improved functional assay for rapid detection of marine toxins, saxitoxin and brevetoxin using a portable cardiomyocyte-based potential biosensor."
dino_pre2016,STX_DOC_001152,2015.0,dinoflagellate,dinoflagellate_stx,biosensor,DETECTION_METHOD,"An improved functional assay for rapid detection of marine toxins, saxitoxin and brevetoxin using a portable cardiomyocyte-based potential biosensor."
dino_pre2016,STX_DOC_001157,2013.0,dinoflagellate,dinoflagellate_stx,saxitoxin,TOXIN,"Evaluation of the MIDTAL microarray chip for monitoring toxic microalgae in the Orkney Islands, U.K."
dino_pre2016,STX_DOC_001157,2013.0,dinoflagellate,dinoflagellate_stx,alexandrium,DINO_TAXON,"Evaluation of the MIDTAL microarray chip for monitoring toxic microalgae in the Orkney Islands, U.K."
dino_pre2016,STX_DOC_001157,2013.0,dinoflagellate,dinoflagellate_stx,alexandrium tamarense,DINO_TAXON,"Evaluation of the MIDTAL microarray chip for monitoring toxic microalgae in the Orkney Islands, U.K."
dino_pre2016,STX_DOC_001157,2013.0,dinoflagellate,dinoflagellate_stx,light,ENV_FACTOR,"Evaluation of the MIDTAL microarray chip for monitoring toxic microalgae in the Orkney Islands, U.K."
dino_pre2016,STX_DOC_001159,2013.0,dinoflagellate,dinoflagellate_stx,paralytic shellfish toxins,TOXIN,Paralytic shellfish toxins or spirolides? The role of environmental and genetic factors in toxin production of the Alexandrium ostenfeldii complex
dino_pre2016,STX_DOC_001159,2013.0,dinoflagellate,dinoflagellate_stx,alexandrium,DINO_TAXON,Paralytic shellfish toxins or spirolides? The role of environmental and genetic factors in toxin production of the Alexandrium ostenfeldii complex
dino_pre2016,STX_DOC_001159,2013.0,dinoflagellate,dinoflagellate_stx,alexandrium ostenfeldii,DINO_TAXON,Paralytic shellfish toxins or spirolides? The role of environmental and genetic factors in toxin production of the Alexandrium ostenfeldii complex
dino_pre2016,STX_DOC_001159,2013.0,dinoflagellate,dinoflagellate_stx,toxin production,BIOLOGICAL_PROCESS,Paralytic shellfish toxins or spirolides? The role of environmental and genetic factors in toxin production of the Alexandrium ostenfeldii complex
dino_pre2016,STX_DOC_001162,2013.0,dinoflagellate,dinoflagellate_stx,paralytic shellfish toxins,TOXIN,Determining the Role of a Novel Sodium Channel Mutation on Tolerance to Paralytic Shellfish Toxins in the Marine Copepod Acartia hudsonica
dino_pre2016,STX_DOC_001162,2013.0,dinoflagellate,dinoflagellate_stx,dinoflagellate,DINO_TAXON,Determining the Role of a Novel Sodium Channel Mutation on Tolerance to Paralytic Shellfish Toxins in the Marine Copepod Acartia hudsonica
dino_pre2016,STX_DOC_001162,2013.0,dinoflagellate,dinoflagellate_stx,alexandrium,DINO_TAXON,Determining the Role of a Novel Sodium Channel Mutation on Tolerance to Paralytic Shellfish Toxins in the Marine Copepod Acartia hudsonica
dino_pre2016,STX_DOC_001162,2013.0,dinoflagellate,dinoflagellate_stx,bloom,ENV_FACTOR,Determining the Role of a Novel Sodium Channel Mutation on Tolerance to Paralytic Shellfish Toxins in the Marine Copepod Acartia hudsonica
dino_pre2016,STX_DOC_001162,2013.0,dinoflagellate,dinoflagellate_stx,expression,BIOLOGICAL_PROCESS,Determining the Role of a Novel Sodium Channel Mutation on Tolerance to Paralytic Shellfish Toxins in the Marine Copepod Acartia hudsonica
dino_pre2016,STX_DOC_001171,2009.0,dinoflagellate,dinoflagellate_stx,saxitoxin,TOXIN,Effects of systemic administration of saxitoxin on serotonin levels in some discrete rat brain regions.
dino_pre2016,STX_DOC_001171,2009.0,dinoflagellate,dinoflagellate_stx,stx,TOXIN,Effects of systemic administration of saxitoxin on serotonin levels in some discrete rat brain regions.
dino_pre2016,STX_DOC_001171,2009.0,dinoflagellate,dinoflagellate_stx,dinoflagellates,DINO_TAXON,Effects of systemic administration of saxitoxin on serotonin levels in some discrete rat brain regions.
dino_pre2016,STX_DOC_001171,2009.0,dinoflagellate,dinoflagellate_stx,toxicity,BIOLOGICAL_PROCESS,Effects of systemic administration of saxitoxin on serotonin levels in some discrete rat brain regions.
dino_pre2016,STX_DOC_001171,2009.0,dinoflagellate,dinoflagellate_stx,hplc,DETECTION_METHOD,Effects of systemic administration of saxitoxin on serotonin levels in some discrete rat brain regions.
dino_pre2016,STX_DOC_001173,2008.0,dinoflagellate,dinoflagellate_stx,psts,TOXIN,Toxicity of <i>Alexandrium lusitanicum</i> to gastropod larvae is not caused by paralytic-shellfish-poisoning toxins.
dino_pre2016,STX_DOC_001173,2008.0,dinoflagellate,dinoflagellate_stx,dinoflagellate,DINO_TAXON,Toxicity of <i>Alexandrium lusitanicum</i> to gastropod larvae is not caused by paralytic-shellfish-poisoning toxins.
dino_pre2016,STX_DOC_001173,2008.0,dinoflagellate,dinoflagellate_stx,alexandrium,DINO_TAXON,Toxicity of <i>Alexandrium lusitanicum</i> to gastropod larvae is not caused by paralytic-shellfish-poisoning toxins.
dino_pre2016,STX_DOC_001173,2008.0,dinoflagellate,dinoflagellate_stx,bloom,ENV_FACTOR,Toxicity of <i>Alexandrium lusitanicum</i> to gastropod larvae is not caused by paralytic-shellfish-poisoning toxins.
dino_pre2016,STX_DOC_001173,2008.0,dinoflagellate,dinoflagellate_stx,toxicity,BIOLOGICAL_PROCESS,Toxicity of <i>Alexandrium lusitanicum</i> to gastropod larvae is not caused by paralytic-shellfish-poisoning toxins.
dino_pre2016,STX_DOC_001175,2007.0,dinoflagellate,dinoflagellate_stx,paralytic shellfish toxins,TOXIN,"Paralytic shellfish toxins in zooplankton, mussels, lobsters and caged Atlantic salmon, Salmo salar, during a bloom of Alexandrium fundyense off Grand Manan Island, in the Bay of Fundy"
dino_pre2016,STX_DOC_001175,2007.0,dinoflagellate,dinoflagellate_stx,alexandrium,DINO_TAXON,"Paralytic shellfish toxins in zooplankton, mussels, lobsters and caged Atlantic salmon, Salmo salar, during a bloom of Alexandrium fundyense off Grand Manan Island, in the Bay of Fundy"
dino_pre2016,STX_DOC_001175,2007.0,dinoflagellate,dinoflagellate_stx,alexandrium fundyense,DINO_TAXON,"Paralytic shellfish toxins in zooplankton, mussels, lobsters and caged Atlantic salmon, Salmo salar, during a bloom of Alexandrium fundyense off Grand Manan Island, in the Bay of Fundy"
dino_pre2016,STX_DOC_001175,2007.0,dinoflagellate,dinoflagellate_stx,bloom,ENV_FACTOR,"Paralytic shellfish toxins in zooplankton, mussels, lobsters and caged Atlantic salmon, Salmo salar, during a bloom of Alexandrium fundyense off Grand Manan Island, in the Bay of Fundy"
dino_pre2016,STX_DOC_001180,2006.0,dinoflagellate,dinoflagellate_stx,paralytic shellfish poisoning,TOXIN,"Remarkable difference in accumulation of paralytic shellfish poisoning toxins among bivalve species exposed to Pyrodinium bahamense var. compressum bloom in Masinloc bay, Philippines"
dino_pre2016,STX_DOC_001180,2006.0,dinoflagellate,dinoflagellate_stx,pyrodinium,DINO_TAXON,"Remarkable difference in accumulation of paralytic shellfish poisoning toxins among bivalve species exposed to Pyrodinium bahamense var. compressum bloom in Masinloc bay, Philippines"
dino_pre2016,STX_DOC_001180,2006.0,dinoflagellate,dinoflagellate_stx,pyrodinium bahamense,DINO_TAXON,"Remarkable difference in accumulation of paralytic shellfish poisoning toxins among bivalve species exposed to Pyrodinium bahamense var. compressum bloom in Masinloc bay, Philippines"
dino_pre2016,STX_DOC_001180,2006.0,dinoflagellate,dinoflagellate_stx,bloom,ENV_FACTOR,"Remarkable difference in accumulation of paralytic shellfish poisoning toxins among bivalve species exposed to Pyrodinium bahamense var. compressum bloom in Masinloc bay, Philippines"
dino_pre2016,STX_DOC_001181,2006.0,dinoflagellate,dinoflagellate_stx,paralytic shellfish poisoning,TOXIN,Growth kinetics and paralytic shellfish poisoning toxin production in phosphorus-limited cultures of Alexandrium catenella
dino_pre2016,STX_DOC_001181,2006.0,dinoflagellate,dinoflagellate_stx,alexandrium,DINO_TAXON,Growth kinetics and paralytic shellfish poisoning toxin production in phosphorus-limited cultures of Alexandrium catenella
dino_pre2016,STX_DOC_001181,2006.0,dinoflagellate,dinoflagellate_stx,alexandrium catenella,DINO_TAXON,Growth kinetics and paralytic shellfish poisoning toxin production in phosphorus-limited cultures of Alexandrium catenella
dino_pre2016,STX_DOC_001181,2006.0,dinoflagellate,dinoflagellate_stx,phosphorus,ENV_FACTOR,Growth kinetics and paralytic shellfish poisoning toxin production in phosphorus-limited cultures of Alexandrium catenella
dino_pre2016,STX_DOC_001181,2006.0,dinoflagellate,dinoflagellate_stx,toxin production,BIOLOGICAL_PROCESS,Growth kinetics and paralytic shellfish poisoning toxin production in phosphorus-limited cultures of Alexandrium catenella
dino_pre2016,STX_DOC_001182,2006.0,dinoflagellate,dinoflagellate_stx,saxitoxin,TOXIN,Adaptive evolution of tetrodotoxin resistance in animals.
dino_pre2016,STX_DOC_001182,2006.0,dinoflagellate,dinoflagellate_stx,stx,TOXIN,Adaptive evolution of tetrodotoxin resistance in animals.
dino_pre2016,STX_DOC_001182,2006.0,dinoflagellate,dinoflagellate_stx,dinoflagellates,DINO_TAXON,Adaptive evolution of tetrodotoxin resistance in animals.
dino_pre2016,STX_DOC_001182,2006.0,dinoflagellate,dinoflagellate_stx,evolution,BIOLOGICAL_PROCESS,Adaptive evolution of tetrodotoxin resistance in animals.
dino_pre2016,STX_DOC_001185,2004.0,dinoflagellate,dinoflagellate_stx,saxitoxin,TOXIN,Toxin and molecular analysis of Gymnodinium catenatum (Dinophyceae) strains from Galicia (NW Spain) and Andalucia (S Spain)
dino_pre2016,STX_DOC_001185,2004.0,dinoflagellate,dinoflagellate_stx,gymnodinium,DINO_TAXON,Toxin and molecular analysis of Gymnodinium catenatum (Dinophyceae) strains from Galicia (NW Spain) and Andalucia (S Spain)
dino_pre2016,STX_DOC_001185,2004.0,dinoflagellate,dinoflagellate_stx,gymnodinium catenatum,DINO_TAXON,Toxin and molecular analysis of Gymnodinium catenatum (Dinophyceae) strains from Galicia (NW Spain) and Andalucia (S Spain)
dino_pre2016,STX_DOC_001185,2004.0,dinoflagellate,dinoflagellate_stx,bloom,ENV_FACTOR,Toxin and molecular analysis of Gymnodinium catenatum (Dinophyceae) strains from Galicia (NW Spain) and Andalucia (S Spain)
dino_pre2016,STX_DOC_001187,2004.0,dinoflagellate,dinoflagellate_stx,saxitoxin,TOXIN,"A description of Pyrodinium bahamense (Dinophyceae) from the Indian River Lagoon, Florida, USA"
dino_pre2016,STX_DOC_001187,2004.0,dinoflagellate,dinoflagellate_stx,pyrodinium,DINO_TAXON,"A description of Pyrodinium bahamense (Dinophyceae) from the Indian River Lagoon, Florida, USA"
dino_pre2016,STX_DOC_001187,2004.0,dinoflagellate,dinoflagellate_stx,pyrodinium bahamense,DINO_TAXON,"A description of Pyrodinium bahamense (Dinophyceae) from the Indian River Lagoon, Florida, USA"
dino_pre2016,STX_DOC_001187,2004.0,dinoflagellate,dinoflagellate_stx,light,ENV_FACTOR,"A description of Pyrodinium bahamense (Dinophyceae) from the Indian River Lagoon, Florida, USA"
dino_pre2016,STX_DOC_001188,2004.0,dinoflagellate,dinoflagellate_stx,gtx,TOXIN,[Isolation and purification of gonyautoxins from Alexandrium mimutum Halim].
dino_pre2016,STX_DOC_001188,2004.0,dinoflagellate,dinoflagellate_stx,alexandrium,DINO_TAXON,[Isolation and purification of gonyautoxins from Alexandrium mimutum Halim].
dino_pre2016,STX_DOC_001189,2003.0,dinoflagellate,dinoflagellate_stx,saxitoxin,TOXIN,"GTX4 imposters: characterization of fluorescent compounds synthesized by Pseudomonas stutzeri SF/PS and Pseudomonas/Alteromonas PTB-1, symbionts of saxitoxin-producing Alexandrium spp."
dino_pre2016,STX_DOC_001189,2003.0,dinoflagellate,dinoflagellate_stx,alexandrium,DINO_TAXON,"GTX4 imposters: characterization of fluorescent compounds synthesized by Pseudomonas stutzeri SF/PS and Pseudomonas/Alteromonas PTB-1, symbionts of saxitoxin-producing Alexandrium spp."
dino_pre2016,STX_DOC_001193,2002.0,dinoflagellate,dinoflagellate_stx,saxitoxin,TOXIN,Transcript Levels of the Eukaryotic Translation Initiation Factor 5A Gene Peak at Early G <sub>1</sub> Phase of the Cell Cycle in the Dinoflagellate <i>Crypthecodinium cohnii</i>
dino_pre2016,STX_DOC_001193,2002.0,dinoflagellate,dinoflagellate_stx,dinoflagellate,DINO_TAXON,Transcript Levels of the Eukaryotic Translation Initiation Factor 5A Gene Peak at Early G <sub>1</sub> Phase of the Cell Cycle in the Dinoflagellate <i>Crypthecodinium cohnii</i>
dino_pre2016,STX_DOC_001193,2002.0,dinoflagellate,dinoflagellate_stx,dinoflagellates,DINO_TAXON,Transcript Levels of the Eukaryotic Translation Initiation Factor 5A Gene Peak at Early G <sub>1</sub> Phase of the Cell Cycle in the Dinoflagellate <i>Crypthecodinium cohnii</i>
dino_pre2016,STX_DOC_001193,2002.0,dinoflagellate,dinoflagellate_stx,bloom,ENV_FACTOR,Transcript Levels of the Eukaryotic Translation Initiation Factor 5A Gene Peak at Early G <sub>1</sub> Phase of the Cell Cycle in the Dinoflagellate <i>Crypthecodinium cohnii</i>
dino_pre2016,STX_DOC_001193,2002.0,dinoflagellate,dinoflagellate_stx,phylogenetic,BIOLOGICAL_PROCESS,Transcript Levels of the Eukaryotic Translation Initiation Factor 5A Gene Peak at Early G <sub>1</sub> Phase of the Cell Cycle in the Dinoflagellate <i>Crypthecodinium cohnii</i>
dino_pre2016,STX_DOC_001194,2002.0,dinoflagellate,dinoflagellate_stx,saxitoxin,TOXIN,Transcript levels of the eukaryotic translation initiation factor 5A gene peak at early G(1) phase of the cell cycle in the dinoflagellate Crypthecodinium cohnii.
dino_pre2016,STX_DOC_001194,2002.0,dinoflagellate,dinoflagellate_stx,dinoflagellate,DINO_TAXON,Transcript levels of the eukaryotic translation initiation factor 5A gene peak at early G(1) phase of the cell cycle in the dinoflagellate Crypthecodinium cohnii.
dino_pre2016,STX_DOC_001194,2002.0,dinoflagellate,dinoflagellate_stx,dinoflagellates,DINO_TAXON,Transcript levels of the eukaryotic translation initiation factor 5A gene peak at early G(1) phase of the cell cycle in the dinoflagellate Crypthecodinium cohnii.
dino_pre2016,STX_DOC_001194,2002.0,dinoflagellate,dinoflagellate_stx,bloom,ENV_FACTOR,Transcript levels of the eukaryotic translation initiation factor 5A gene peak at early G(1) phase of the cell cycle in the dinoflagellate Crypthecodinium cohnii.
dino_pre2016,STX_DOC_001194,2002.0,dinoflagellate,dinoflagellate_stx,phylogenetic,BIOLOGICAL_PROCESS,Transcript levels of the eukaryotic translation initiation factor 5A gene peak at early G(1) phase of the cell cycle in the dinoflagellate Crypthecodinium cohnii.
dino_pre2016,STX_DOC_001196,2000.0,dinoflagellate,dinoflagellate_stx,saxitoxin,TOXIN,"Saxitoxin and neosaxitoxin as toxic principles of Alexandrium andersoni (Dinophyceae) from the Gulf of Naples, Italy"
dino_pre2016,STX_DOC_001196,2000.0,dinoflagellate,dinoflagellate_stx,neosaxitoxin,TOXIN,"Saxitoxin and neosaxitoxin as toxic principles of Alexandrium andersoni (Dinophyceae) from the Gulf of Naples, Italy"
dino_pre2016,STX_DOC_001196,2000.0,dinoflagellate,dinoflagellate_stx,alexandrium,DINO_TAXON,"Saxitoxin and neosaxitoxin as toxic principles of Alexandrium andersoni (Dinophyceae) from the Gulf of Naples, Italy"
dino_pre2016,STX_DOC_001198,2000.0,dinoflagellate,dinoflagellate_stx,paralytic shellfish poisoning,TOXIN,"Accumulation of red tide toxins in larger size fractions of zooplankton assemblages from Massachusetts Bay, USA"
dino_pre2016,STX_DOC_001198,2000.0,dinoflagellate,dinoflagellate_stx,dinoflagellate,DINO_TAXON,"Accumulation of red tide toxins in larger size fractions of zooplankton assemblages from Massachusetts Bay, USA"
dino_pre2016,STX_DOC_001198,2000.0,dinoflagellate,dinoflagellate_stx,alexandrium,DINO_TAXON,"Accumulation of red tide toxins in larger size fractions of zooplankton assemblages from Massachusetts Bay, USA"
dino_pre2016,STX_DOC_001198,2000.0,dinoflagellate,dinoflagellate_stx,toxicity,BIOLOGICAL_PROCESS,"Accumulation of red tide toxins in larger size fractions of zooplankton assemblages from Massachusetts Bay, USA"
dino_pre2016,STX_DOC_001198,2000.0,dinoflagellate,dinoflagellate_stx,hplc,DETECTION_METHOD,"Accumulation of red tide toxins in larger size fractions of zooplankton assemblages from Massachusetts Bay, USA"
dino_pre2016,STX_DOC_001198,2000.0,dinoflagellate,dinoflagellate_stx,mouse bioassay,DETECTION_METHOD,"Accumulation of red tide toxins in larger size fractions of zooplankton assemblages from Massachusetts Bay, USA"
dino_pre2016,STX_DOC_001201,1998.0,dinoflagellate,dinoflagellate_stx,paralytic shellfish poisoning,TOXIN,Transport of toxic dinoflagellates via ships' ballast water:bioeconomic risk assessment and efficacy of possible ballast water management strategies
dino_pre2016,STX_DOC_001201,1998.0,dinoflagellate,dinoflagellate_stx,dinoflagellate,DINO_TAXON,Transport of toxic dinoflagellates via ships' ballast water:bioeconomic risk assessment and efficacy of possible ballast water management strategies
dino_pre2016,STX_DOC_001201,1998.0,dinoflagellate,dinoflagellate_stx,dinoflagellates,DINO_TAXON,Transport of toxic dinoflagellates via ships' ballast water:bioeconomic risk assessment and efficacy of possible ballast water management strategies
dino_pre2016,STX_DOC_001202,1997.0,dinoflagellate,dinoflagellate_stx,paralytic shellfish poisoning,TOXIN,Harmful algal blooms and red tide problems on the U.S. west coast
dino_pre2016,STX_DOC_001202,1997.0,dinoflagellate,dinoflagellate_stx,dinoflagellates,DINO_TAXON,Harmful algal blooms and red tide problems on the U.S. west coast
dino_pre2016,STX_DOC_001202,1997.0,dinoflagellate,dinoflagellate_stx,alexandrium,DINO_TAXON,Harmful algal blooms and red tide problems on the U.S. west coast
dino_pre2016,STX_DOC_001202,1997.0,dinoflagellate,dinoflagellate_stx,bloom,ENV_FACTOR,Harmful algal blooms and red tide problems on the U.S. west coast
dino_pre2016,STX_DOC_001203,1994.0,dinoflagellate,dinoflagellate_stx,paralytic shellfish poisoning,TOXIN,Characteristics of paralytic shellfish poisoning toxins derived from short-necked clams (Tapes japonica) in Mikawa Bay.
dino_pre2016,STX_DOC_001203,1994.0,dinoflagellate,dinoflagellate_stx,alexandrium,DINO_TAXON,Characteristics of paralytic shellfish poisoning toxins derived from short-necked clams (Tapes japonica) in Mikawa Bay.
dino_pre2016,STX_DOC_001203,1994.0,dinoflagellate,dinoflagellate_stx,alexandrium tamarense,DINO_TAXON,Characteristics of paralytic shellfish poisoning toxins derived from short-necked clams (Tapes japonica) in Mikawa Bay.
dino_pre2016,STX_DOC_001203,1994.0,dinoflagellate,dinoflagellate_stx,bloom,ENV_FACTOR,Characteristics of paralytic shellfish poisoning toxins derived from short-necked clams (Tapes japonica) in Mikawa Bay.
dino_pre2016,STX_DOC_001203,1994.0,dinoflagellate,dinoflagellate_stx,mouse bioassay,DETECTION_METHOD,Characteristics of paralytic shellfish poisoning toxins derived from short-necked clams (Tapes japonica) in Mikawa Bay.
dino_pre2016,STX_DOC_001204,1992.0,dinoflagellate,dinoflagellate_stx,paralytic shellfish poisoning,TOXIN,"Eutrophication, marine biotoxins, human health."
dino_pre2016,STX_DOC_001204,1992.0,dinoflagellate,dinoflagellate_stx,dinoflagellate,DINO_TAXON,"Eutrophication, marine biotoxins, human health."
dino_pre2016,STX_DOC_001204,1992.0,dinoflagellate,dinoflagellate_stx,dinoflagellates,DINO_TAXON,"Eutrophication, marine biotoxins, human health."
dino_pre2016,STX_DOC_001204,1992.0,dinoflagellate,dinoflagellate_stx,bloom,ENV_FACTOR,"Eutrophication, marine biotoxins, human health."
dino_pre2016,STX_DOC_001205,1991.0,dinoflagellate,dinoflagellate_stx,saxitoxin,TOXIN,[Poisoning by paralytic molluscan toxins in Oaxaca].
dino_pre2016,STX_DOC_001205,1991.0,dinoflagellate,dinoflagellate_stx,paralytic shellfish poisoning,TOXIN,[Poisoning by paralytic molluscan toxins in Oaxaca].
dino_pre2016,STX_DOC_001205,1991.0,dinoflagellate,dinoflagellate_stx,dinoflagellates,DINO_TAXON,[Poisoning by paralytic molluscan toxins in Oaxaca].
dino_pre2016,STX_DOC_001206,1990.0,dinoflagellate,dinoflagellate_stx,saxitoxin,TOXIN,The Saxitoxins
dino_pre2016,STX_DOC_001206,1990.0,dinoflagellate,dinoflagellate_stx,dinoflagellates,DINO_TAXON,The Saxitoxins
dino_pre2016,STX_DOC_001207,1989.0,dinoflagellate,dinoflagellate_stx,dinoflagellates,DINO_TAXON,Patterns of experimental contamination by Protogonyaulax tamarensis in some French commercial shellfish.
dino_pre2016,STX_DOC_001208,1988.0,dinoflagellate,dinoflagellate_stx,saxitoxin,TOXIN,INTRACELLULAR LOCALIZATION OF SAXITOXINS IN THE DINOFLAGELLATE <i>GONYAULAX TAMARENSIS</i><sup>1</sup>
dino_pre2016,STX_DOC_001208,1988.0,dinoflagellate,dinoflagellate_stx,dinoflagellate,DINO_TAXON,INTRACELLULAR LOCALIZATION OF SAXITOXINS IN THE DINOFLAGELLATE <i>GONYAULAX TAMARENSIS</i><sup>1</sup>
dino_pre2016,STX_DOC_001209,1987.0,dinoflagellate,dinoflagellate_stx,saxitoxin,TOXIN,Shellfish and Fish Poisoning Related to the Toxic Dinoflagellates
dino_pre2016,STX_DOC_001209,1987.0,dinoflagellate,dinoflagellate_stx,paralytic shellfish poisoning,TOXIN,Shellfish and Fish Poisoning Related to the Toxic Dinoflagellates
dino_pre2016,STX_DOC_001209,1987.0,dinoflagellate,dinoflagellate_stx,dinoflagellates,DINO_TAXON,Shellfish and Fish Poisoning Related to the Toxic Dinoflagellates
dino_pre2016,STX_DOC_001210,1987.0,dinoflagellate,dinoflagellate_stx,saxitoxin,TOXIN,Shellfish and fish poisoning related to the toxic dinoflagellates.
dino_pre2016,STX_DOC_001210,1987.0,dinoflagellate,dinoflagellate_stx,paralytic shellfish poisoning,TOXIN,Shellfish and fish poisoning related to the toxic dinoflagellates.
dino_pre2016,STX_DOC_001210,1987.0,dinoflagellate,dinoflagellate_stx,dinoflagellates,DINO_TAXON,Shellfish and fish poisoning related to the toxic dinoflagellates.
dino_pre2016,STX_DOC_001211,1986.0,dinoflagellate,dinoflagellate_stx,saxitoxin,TOXIN,High toxin content in the dinoflagellate Gonyaulax excavata in nature.
dino_pre2016,STX_DOC_001211,1986.0,dinoflagellate,dinoflagellate_stx,stx,TOXIN,High toxin content in the dinoflagellate Gonyaulax excavata in nature.
dino_pre2016,STX_DOC_001211,1986.0,dinoflagellate,dinoflagellate_stx,dinoflagellate,DINO_TAXON,High toxin content in the dinoflagellate Gonyaulax excavata in nature.
dino_pre2016,STX_DOC_001211,1986.0,dinoflagellate,dinoflagellate_stx,mouse bioassay,DETECTION_METHOD,High toxin content in the dinoflagellate Gonyaulax excavata in nature.
dino_pre2016,STX_DOC_001212,1984.0,dinoflagellate,dinoflagellate_stx,saxitoxin,TOXIN,"Dinoflagellate neurotoxins related to saxitoxin: Structures of toxins C3 and C4, and confirmation of the structure of neosaxitoxin"
dino_pre2016,STX_DOC_001212,1984.0,dinoflagellate,dinoflagellate_stx,neosaxitoxin,TOXIN,"Dinoflagellate neurotoxins related to saxitoxin: Structures of toxins C3 and C4, and confirmation of the structure of neosaxitoxin"
dino_pre2016,STX_DOC_001212,1984.0,dinoflagellate,dinoflagellate_stx,dinoflagellate,DINO_TAXON,"Dinoflagellate neurotoxins related to saxitoxin: Structures of toxins C3 and C4, and confirmation of the structure of neosaxitoxin"
dino_pre2016,STX_DOC_001213,1984.0,dinoflagellate,dinoflagellate_stx,paralytic shellfish toxins,TOXIN,Cryptic Paralytic Shellfish Toxins
dino_pre2016,STX_DOC_001213,1984.0,dinoflagellate,dinoflagellate_stx,dinoflagellates,DINO_TAXON,Cryptic Paralytic Shellfish Toxins
dino_pre2016,STX_DOC_001213,1984.0,dinoflagellate,dinoflagellate_stx,toxicity,BIOLOGICAL_PROCESS,Cryptic Paralytic Shellfish Toxins
dino_pre2016,STX_DOC_001214,1984.0,dinoflagellate,dinoflagellate_stx,saxitoxin,TOXIN,Occurrence of saxitoxin in puffer fish.
dino_pre2016,STX_DOC_001214,1984.0,dinoflagellate,dinoflagellate_stx,paralytic shellfish toxin,TOXIN,Occurrence of saxitoxin in puffer fish.
dino_pre2016,STX_DOC_001214,1984.0,dinoflagellate,dinoflagellate_stx,dinoflagellate,DINO_TAXON,Occurrence of saxitoxin in puffer fish.
dino_pre2016,STX_DOC_001215,1983.0,dinoflagellate,dinoflagellate_stx,paralytic shellfish poisoning,TOXIN,Natural occurrence of decarbamoylsaxitoxin in tropical dinoflagellate and bivalves.
dino_pre2016,STX_DOC_001215,1983.0,dinoflagellate,dinoflagellate_stx,dinoflagellate,DINO_TAXON,Natural occurrence of decarbamoylsaxitoxin in tropical dinoflagellate and bivalves.
dino_pre2016,STX_DOC_001271,2015.0,dinoflagellate,dinoflagellate_stx,paralytic shellfish toxin,TOXIN,Comparison of paralytic shellfish toxin profiles of Alexandrium tamarense and blue mussel (Mytilus edulis) in Korea
dino_pre2016,STX_DOC_001271,2015.0,dinoflagellate,dinoflagellate_stx,alexandrium,DINO_TAXON,Comparison of paralytic shellfish toxin profiles of Alexandrium tamarense and blue mussel (Mytilus edulis) in Korea
dino_pre2016,STX_DOC_001271,2015.0,dinoflagellate,dinoflagellate_stx,alexandrium tamarense,DINO_TAXON,Comparison of paralytic shellfish toxin profiles of Alexandrium tamarense and blue mussel (Mytilus edulis) in Korea
dino_pre2016,STX_DOC_001273,2015.0,dinoflagellate,dinoflagellate_stx,paralytic shellfish toxins,TOXIN,Profiles of paralytic shellfish toxins in bivalves of low and elevated toxicities following exposure to Gymnodinium catenatum blooms in Portuguese estuarine and coastal waters
dino_pre2016,STX_DOC_001273,2015.0,dinoflagellate,dinoflagellate_stx,gymnodinium,DINO_TAXON,Profiles of paralytic shellfish toxins in bivalves of low and elevated toxicities following exposure to Gymnodinium catenatum blooms in Portuguese estuarine and coastal waters
dino_pre2016,STX_DOC_001273,2015.0,dinoflagellate,dinoflagellate_stx,gymnodinium catenatum,DINO_TAXON,Profiles of paralytic shellfish toxins in bivalves of low and elevated toxicities following exposure to Gymnodinium catenatum blooms in Portuguese estuarine and coastal waters
dino_pre2016,STX_DOC_001274,2015.0,dinoflagellate,dinoflagellate_stx,paralytic shellfish toxins,TOXIN,The presence of 12β-deoxydecarbamoylsaxitoxin in the Japanese toxic dinoflagellate Alexandrium determined by simultaneous analysis for paralytic shellfish toxins using HILIC-LC–MS/MS
dino_pre2016,STX_DOC_001274,2015.0,dinoflagellate,dinoflagellate_stx,dinoflagellate,DINO_TAXON,The presence of 12β-deoxydecarbamoylsaxitoxin in the Japanese toxic dinoflagellate Alexandrium determined by simultaneous analysis for paralytic shellfish toxins using HILIC-LC–MS/MS
dino_pre2016,STX_DOC_001274,2015.0,dinoflagellate,dinoflagellate_stx,alexandrium,DINO_TAXON,The presence of 12β-deoxydecarbamoylsaxitoxin in the Japanese toxic dinoflagellate Alexandrium determined by simultaneous analysis for paralytic shellfish toxins using HILIC-LC–MS/MS
dino_pre2016,STX_DOC_001279,2013.0,dinoflagellate,dinoflagellate_stx,paralytic shellfish toxin,TOXIN,"Effects of feeding Alexandrium tamarense, a paralytic shellfish toxin producer, on antioxidant enzymes in scallops (Patinopecten yessoensis) and mussels (Mytilus galloprovincialis)"
dino_pre2016,STX_DOC_001279,2013.0,dinoflagellate,dinoflagellate_stx,alexandrium,DINO_TAXON,"Effects of feeding Alexandrium tamarense, a paralytic shellfish toxin producer, on antioxidant enzymes in scallops (Patinopecten yessoensis) and mussels (Mytilus galloprovincialis)"
dino_pre2016,STX_DOC_001279,2013.0,dinoflagellate,dinoflagellate_stx,alexandrium tamarense,DINO_TAXON,"Effects of feeding Alexandrium tamarense, a paralytic shellfish toxin producer, on antioxidant enzymes in scallops (Patinopecten yessoensis) and mussels (Mytilus galloprovincialis)"
dino_pre2016,STX_DOC_001280,2013.0,cross_taxa,dinoflagellate_stx,dinoflagellates,DINO_TAXON,Evaluation of mysids and sea urchins exposed to saxitoxins.
dino_pre2016,STX_DOC_001280,2013.0,cross_taxa,dinoflagellate_stx,cyanobacteria,CYANO_TAXON,Evaluation of mysids and sea urchins exposed to saxitoxins.
dino_pre2016,STX_DOC_001282,2013.0,dinoflagellate,dinoflagellate_stx,paralytic shellfish poisoning,TOXIN,High CO2 promotes the production of paralytic shellfish poisoning toxins by Alexandrium catenella from Southern California waters
dino_pre2016,STX_DOC_001282,2013.0,dinoflagellate,dinoflagellate_stx,alexandrium,DINO_TAXON,High CO2 promotes the production of paralytic shellfish poisoning toxins by Alexandrium catenella from Southern California waters
dino_pre2016,STX_DOC_001282,2013.0,dinoflagellate,dinoflagellate_stx,alexandrium catenella,DINO_TAXON,High CO2 promotes the production of paralytic shellfish poisoning toxins by Alexandrium catenella from Southern California waters
dino_pre2016,STX_DOC_001283,2012.0,dinoflagellate,dinoflagellate_stx,paralytic shellfish poisoning,TOXIN,A comparative study for PSP toxins quantification by using MBA and HPLC official methods in shellfish.
dino_pre2016,STX_DOC_001283,2012.0,dinoflagellate,dinoflagellate_stx,alexandrium,DINO_TAXON,A comparative study for PSP toxins quantification by using MBA and HPLC official methods in shellfish.
dino_pre2016,STX_DOC_001283,2012.0,dinoflagellate,dinoflagellate_stx,gymnodinium,DINO_TAXON,A comparative study for PSP toxins quantification by using MBA and HPLC official methods in shellfish.
dino_pre2016,STX_DOC_001283,2012.0,dinoflagellate,dinoflagellate_stx,regulation,BIOLOGICAL_PROCESS,A comparative study for PSP toxins quantification by using MBA and HPLC official methods in shellfish.
dino_pre2016,STX_DOC_001283,2012.0,dinoflagellate,dinoflagellate_stx,toxicity,BIOLOGICAL_PROCESS,A comparative study for PSP toxins quantification by using MBA and HPLC official methods in shellfish.
dino_pre2016,STX_DOC_001283,2012.0,dinoflagellate,dinoflagellate_stx,hplc,DETECTION_METHOD,A comparative study for PSP toxins quantification by using MBA and HPLC official methods in shellfish.
dino_pre2016,STX_DOC_001283,2012.0,dinoflagellate,dinoflagellate_stx,mouse bioassay,DETECTION_METHOD,A comparative study for PSP toxins quantification by using MBA and HPLC official methods in shellfish.
dino_pre2016,STX_DOC_001284,2012.0,cross_taxa,dinoflagellate_stx,saxitoxin,TOXIN,Inhibition of copper uptake in yeast reveals the copper transporter Ctr1p as a potential molecular target of saxitoxin.
dino_pre2016,STX_DOC_001284,2012.0,cross_taxa,dinoflagellate_stx,dinoflagellates,DINO_TAXON,Inhibition of copper uptake in yeast reveals the copper transporter Ctr1p as a potential molecular target of saxitoxin.
dino_pre2016,STX_DOC_001284,2012.0,cross_taxa,dinoflagellate_stx,cyanobacteria,CYANO_TAXON,Inhibition of copper uptake in yeast reveals the copper transporter Ctr1p as a potential molecular target of saxitoxin.
dino_pre2016,STX_DOC_001284,2012.0,cross_taxa,dinoflagellate_stx,expression,BIOLOGICAL_PROCESS,Inhibition of copper uptake in yeast reveals the copper transporter Ctr1p as a potential molecular target of saxitoxin.
dino_pre2016,STX_DOC_001291,2010.0,dinoflagellate,dinoflagellate_stx,paralytic shellfish toxins,TOXIN,Characterization of paralytic shellfish toxins in seawater and sardines (Sardina pilchardus) during blooms of Gymnodinium catenatum
dino_pre2016,STX_DOC_001291,2010.0,dinoflagellate,dinoflagellate_stx,gymnodinium,DINO_TAXON,Characterization of paralytic shellfish toxins in seawater and sardines (Sardina pilchardus) during blooms of Gymnodinium catenatum
dino_pre2016,STX_DOC_001291,2010.0,dinoflagellate,dinoflagellate_stx,gymnodinium catenatum,DINO_TAXON,Characterization of paralytic shellfish toxins in seawater and sardines (Sardina pilchardus) during blooms of Gymnodinium catenatum
dino_pre2016,STX_DOC_001292,2010.0,dinoflagellate,dinoflagellate_stx,saxitoxin,TOXIN,Hydrolysis of hydroxybenzoate saxitoxin analogues originating from Gymnodinium catenatum
dino_pre2016,STX_DOC_001292,2010.0,dinoflagellate,dinoflagellate_stx,gymnodinium,DINO_TAXON,Hydrolysis of hydroxybenzoate saxitoxin analogues originating from Gymnodinium catenatum
dino_pre2016,STX_DOC_001292,2010.0,dinoflagellate,dinoflagellate_stx,gymnodinium catenatum,DINO_TAXON,Hydrolysis of hydroxybenzoate saxitoxin analogues originating from Gymnodinium catenatum
dino_pre2016,STX_DOC_001295,2010.0,cross_taxa,dinoflagellate_stx,dinoflagellates,DINO_TAXON,Effects of marine toxins on the reproduction and early stages development of aquatic organisms.
dino_pre2016,STX_DOC_001295,2010.0,cross_taxa,dinoflagellate_stx,cyanobacteria,CYANO_TAXON,Effects of marine toxins on the reproduction and early stages development of aquatic organisms.
dino_pre2016,STX_DOC_001297,2009.0,dinoflagellate,dinoflagellate_stx,paralytic shellfish poisoning,TOXIN,"Effect of iron on growth, biochemical composition and paralytic shellfish poisoning toxins production of Alexandrium tamarense"
dino_pre2016,STX_DOC_001297,2009.0,dinoflagellate,dinoflagellate_stx,alexandrium,DINO_TAXON,"Effect of iron on growth, biochemical composition and paralytic shellfish poisoning toxins production of Alexandrium tamarense"
dino_pre2016,STX_DOC_001297,2009.0,dinoflagellate,dinoflagellate_stx,alexandrium tamarense,DINO_TAXON,"Effect of iron on growth, biochemical composition and paralytic shellfish poisoning toxins production of Alexandrium tamarense"
dino_pre2016,STX_DOC_001300,2009.0,cross_taxa,dinoflagellate_stx,saxitoxin,TOXIN,Transcriptional profiling of Saccharomyces cerevisiae upon exposure to saxitoxin.
dino_pre2016,STX_DOC_001300,2009.0,cross_taxa,dinoflagellate_stx,dinoflagellates,DINO_TAXON,Transcriptional profiling of Saccharomyces cerevisiae upon exposure to saxitoxin.
dino_pre2016,STX_DOC_001300,2009.0,cross_taxa,dinoflagellate_stx,cyanobacteria,CYANO_TAXON,Transcriptional profiling of Saccharomyces cerevisiae upon exposure to saxitoxin.
dino_pre2016,STX_DOC_001300,2009.0,cross_taxa,dinoflagellate_stx,expression,BIOLOGICAL_PROCESS,Transcriptional profiling of Saccharomyces cerevisiae upon exposure to saxitoxin.
dino_pre2016,STX_DOC_001303,2008.0,dinoflagellate,dinoflagellate_stx,paralytic shellfish poisoning,TOXIN,Neurotoxins from Marine Dinoflagellates: A Brief Review
dino_pre2016,STX_DOC_001303,2008.0,dinoflagellate,dinoflagellate_stx,dinoflagellate,DINO_TAXON,Neurotoxins from Marine Dinoflagellates: A Brief Review
dino_pre2016,STX_DOC_001303,2008.0,dinoflagellate,dinoflagellate_stx,dinoflagellates,DINO_TAXON,Neurotoxins from Marine Dinoflagellates: A Brief Review
dino_pre2016,STX_DOC_001304,2008.0,dinoflagellate,dinoflagellate_stx,paralytic shellfish poisoning,TOXIN,Neurotoxins from Marine Dinoflagellates: A Brief Review
dino_pre2016,STX_DOC_001304,2008.0,dinoflagellate,dinoflagellate_stx,dinoflagellate,DINO_TAXON,Neurotoxins from Marine Dinoflagellates: A Brief Review
dino_pre2016,STX_DOC_001304,2008.0,dinoflagellate,dinoflagellate_stx,dinoflagellates,DINO_TAXON,Neurotoxins from Marine Dinoflagellates: A Brief Review
dino_pre2016,STX_DOC_001305,2007.0,dinoflagellate,dinoflagellate_stx,paralytic shellfish toxins,TOXIN,Widespread presence of hydrophobic paralytic shellfish toxins in Gymnodinium catenatum
dino_pre2016,STX_DOC_001305,2007.0,dinoflagellate,dinoflagellate_stx,gymnodinium,DINO_TAXON,Widespread presence of hydrophobic paralytic shellfish toxins in Gymnodinium catenatum
dino_pre2016,STX_DOC_001305,2007.0,dinoflagellate,dinoflagellate_stx,gymnodinium catenatum,DINO_TAXON,Widespread presence of hydrophobic paralytic shellfish toxins in Gymnodinium catenatum
dino_pre2016,STX_DOC_001308,2007.0,dinoflagellate,dinoflagellate_stx,paralytic shellfish toxin,TOXIN,"<i>Sam</i>
                    ,
                    <i>Sahh</i>
                    and
                    <i>Map</i>
                    gene expression during cell division and paralytic shellfish toxin production of
                    <i>Alexandrium catenella</i>
                    (Dinophyceae)"
dino_pre2016,STX_DOC_001308,2007.0,dinoflagellate,dinoflagellate_stx,alexandrium,DINO_TAXON,"<i>Sam</i>
                    ,
                    <i>Sahh</i>
                    and
                    <i>Map</i>
                    gene expression during cell division and paralytic shellfish toxin production of
                    <i>Alexandrium catenella</i>
                    (Dinophyceae)"
dino_pre2016,STX_DOC_001308,2007.0,dinoflagellate,dinoflagellate_stx,alexandrium catenella,DINO_TAXON,"<i>Sam</i>
                    ,
                    <i>Sahh</i>
                    and
                    <i>Map</i>
                    gene expression during cell division and paralytic shellfish toxin production of
                    <i>Alexandrium catenella</i>
                    (Dinophyceae)"
dino_pre2016,STX_DOC_001308,2007.0,dinoflagellate,dinoflagellate_stx,expression,BIOLOGICAL_PROCESS,"<i>Sam</i>
                    ,
                    <i>Sahh</i>
                    and
                    <i>Map</i>
                    gene expression during cell division and paralytic shellfish toxin production of
                    <i>Alexandrium catenella</i>
                    (Dinophyceae)"
dino_pre2016,STX_DOC_001308,2007.0,dinoflagellate,dinoflagellate_stx,gene expression,BIOLOGICAL_PROCESS,"<i>Sam</i>
                    ,
                    <i>Sahh</i>
                    and
                    <i>Map</i>
                    gene expression during cell division and paralytic shellfish toxin production of
                    <i>Alexandrium catenella</i>
                    (Dinophyceae)"
dino_pre2016,STX_DOC_001308,2007.0,dinoflagellate,dinoflagellate_stx,toxin production,BIOLOGICAL_PROCESS,"<i>Sam</i>
                    ,
                    <i>Sahh</i>
                    and
                    <i>Map</i>
                    gene expression during cell division and paralytic shellfish toxin production of
                    <i>Alexandrium catenella</i>
                    (Dinophyceae)"
dino_pre2016,STX_DOC_001312,2006.0,dinoflagellate,dinoflagellate_stx,paralytic shellfish toxin,TOXIN,Variations in paralytic shellfish toxin and homolog production in two strains of Alexandrium tamarense after antibiotic treatments
dino_pre2016,STX_DOC_001312,2006.0,dinoflagellate,dinoflagellate_stx,alexandrium,DINO_TAXON,Variations in paralytic shellfish toxin and homolog production in two strains of Alexandrium tamarense after antibiotic treatments
dino_pre2016,STX_DOC_001312,2006.0,dinoflagellate,dinoflagellate_stx,alexandrium tamarense,DINO_TAXON,Variations in paralytic shellfish toxin and homolog production in two strains of Alexandrium tamarense after antibiotic treatments
dino_pre2016,STX_DOC_001313,2006.0,dinoflagellate,dinoflagellate_stx,paralytic shellfish poisoning,TOXIN,Paralytic Shellfish Poisoning Toxin Accumulation in Four Mussel Species Fed on Toxic Alexandrium tamarense
dino_pre2016,STX_DOC_001313,2006.0,dinoflagellate,dinoflagellate_stx,alexandrium,DINO_TAXON,Paralytic Shellfish Poisoning Toxin Accumulation in Four Mussel Species Fed on Toxic Alexandrium tamarense
dino_pre2016,STX_DOC_001313,2006.0,dinoflagellate,dinoflagellate_stx,alexandrium tamarense,DINO_TAXON,Paralytic Shellfish Poisoning Toxin Accumulation in Four Mussel Species Fed on Toxic Alexandrium tamarense
dino_pre2016,STX_DOC_001314,2006.0,dinoflagellate,dinoflagellate_stx,dinoflagellate,DINO_TAXON,Cytotoxicity in the marine dinoflagellate Prorocentrum mexicanum from Brazil.
dino_pre2016,STX_DOC_001314,2006.0,dinoflagellate,dinoflagellate_stx,dinoflagellates,DINO_TAXON,Cytotoxicity in the marine dinoflagellate Prorocentrum mexicanum from Brazil.
dino_pre2016,STX_DOC_001316,2005.0,dinoflagellate,dinoflagellate_stx,paralytic shellfish toxin,TOXIN,"Comparative paralytic shellfish toxin profiles in the strains of Gymnodinium catenatum Graham from the Gulf of California, Mexico."
dino_pre2016,STX_DOC_001316,2005.0,dinoflagellate,dinoflagellate_stx,gymnodinium,DINO_TAXON,"Comparative paralytic shellfish toxin profiles in the strains of Gymnodinium catenatum Graham from the Gulf of California, Mexico."
dino_pre2016,STX_DOC_001316,2005.0,dinoflagellate,dinoflagellate_stx,gymnodinium catenatum,DINO_TAXON,"Comparative paralytic shellfish toxin profiles in the strains of Gymnodinium catenatum Graham from the Gulf of California, Mexico."
dino_pre2016,STX_DOC_001318,2004.0,dinoflagellate,dinoflagellate_stx,paralytic shellfish toxin,TOXIN,Paralytic shellfish toxin profiles of different geographic populations of Gymnodinium catenatum (Dinophyceae) in Korean coastal waters
dino_pre2016,STX_DOC_001318,2004.0,dinoflagellate,dinoflagellate_stx,gymnodinium,DINO_TAXON,Paralytic shellfish toxin profiles of different geographic populations of Gymnodinium catenatum (Dinophyceae) in Korean coastal waters
dino_pre2016,STX_DOC_001318,2004.0,dinoflagellate,dinoflagellate_stx,gymnodinium catenatum,DINO_TAXON,Paralytic shellfish toxin profiles of different geographic populations of Gymnodinium catenatum (Dinophyceae) in Korean coastal waters
dino_pre2016,STX_DOC_001319,2004.0,dinoflagellate,dinoflagellate_stx,paralytic shellfish toxin,TOXIN,Paralytic shellfish toxin profiles of different geographic populations of Gymnodinium catenatum (Dinophyceae) in Korean coastal waters
dino_pre2016,STX_DOC_001319,2004.0,dinoflagellate,dinoflagellate_stx,gymnodinium,DINO_TAXON,Paralytic shellfish toxin profiles of different geographic populations of Gymnodinium catenatum (Dinophyceae) in Korean coastal waters
dino_pre2016,STX_DOC_001319,2004.0,dinoflagellate,dinoflagellate_stx,gymnodinium catenatum,DINO_TAXON,Paralytic shellfish toxin profiles of different geographic populations of Gymnodinium catenatum (Dinophyceae) in Korean coastal waters
dino_pre2016,STX_DOC_001320,2004.0,dinoflagellate,dinoflagellate_stx,paralytic shellfish poisoning,TOXIN,<i>ALEXANDRIUM TAMUTUM</i> SP. NOV. (DINOPHYCEAE): A NEW NONTOXIC SPECIES IN THE GENUS <i>ALEXANDRIUM</i><sup>1</sup>
dino_pre2016,STX_DOC_001320,2004.0,dinoflagellate,dinoflagellate_stx,dinoflagellate,DINO_TAXON,<i>ALEXANDRIUM TAMUTUM</i> SP. NOV. (DINOPHYCEAE): A NEW NONTOXIC SPECIES IN THE GENUS <i>ALEXANDRIUM</i><sup>1</sup>
dino_pre2016,STX_DOC_001320,2004.0,dinoflagellate,dinoflagellate_stx,alexandrium,DINO_TAXON,<i>ALEXANDRIUM TAMUTUM</i> SP. NOV. (DINOPHYCEAE): A NEW NONTOXIC SPECIES IN THE GENUS <i>ALEXANDRIUM</i><sup>1</sup>
dino_pre2016,STX_DOC_001320,2004.0,dinoflagellate,dinoflagellate_stx,phylogenetic,BIOLOGICAL_PROCESS,<i>ALEXANDRIUM TAMUTUM</i> SP. NOV. (DINOPHYCEAE): A NEW NONTOXIC SPECIES IN THE GENUS <i>ALEXANDRIUM</i><sup>1</sup>
dino_pre2016,STX_DOC_001321,2004.0,dinoflagellate,dinoflagellate_stx,paralytic shellfish toxin,TOXIN,Comparative paralytic shellfish toxin profiles in two marine bivalves during outbreaks of Gymnodinium catenatum (Dinophyceae) in the Gulf of California.
dino_pre2016,STX_DOC_001321,2004.0,dinoflagellate,dinoflagellate_stx,gymnodinium,DINO_TAXON,Comparative paralytic shellfish toxin profiles in two marine bivalves during outbreaks of Gymnodinium catenatum (Dinophyceae) in the Gulf of California.
dino_pre2016,STX_DOC_001321,2004.0,dinoflagellate,dinoflagellate_stx,gymnodinium catenatum,DINO_TAXON,Comparative paralytic shellfish toxin profiles in two marine bivalves during outbreaks of Gymnodinium catenatum (Dinophyceae) in the Gulf of California.
dino_pre2016,STX_DOC_001328,2000.0,dinoflagellate,dinoflagellate_stx,saxitoxin,TOXIN,Modification of an algal culture medium for sustained growth of a saxitoxin-producing isolate of Alexandrium minutum
dino_pre2016,STX_DOC_001328,2000.0,dinoflagellate,dinoflagellate_stx,alexandrium,DINO_TAXON,Modification of an algal culture medium for sustained growth of a saxitoxin-producing isolate of Alexandrium minutum
dino_pre2016,STX_DOC_001328,2000.0,dinoflagellate,dinoflagellate_stx,alexandrium minutum,DINO_TAXON,Modification of an algal culture medium for sustained growth of a saxitoxin-producing isolate of Alexandrium minutum
dino_pre2016,STX_DOC_001333,1997.0,dinoflagellate,dinoflagellate_stx,paralytic shellfish toxins,TOXIN,Evidence for production of paralytic shellfish toxins by bacteria associated with Alexandrium spp. (Dinophyta) in culture
dino_pre2016,STX_DOC_001333,1997.0,dinoflagellate,dinoflagellate_stx,dinoflagellates,DINO_TAXON,Evidence for production of paralytic shellfish toxins by bacteria associated with Alexandrium spp. (Dinophyta) in culture
dino_pre2016,STX_DOC_001333,1997.0,dinoflagellate,dinoflagellate_stx,alexandrium,DINO_TAXON,Evidence for production of paralytic shellfish toxins by bacteria associated with Alexandrium spp. (Dinophyta) in culture
dino_pre2016,STX_DOC_001333,1997.0,dinoflagellate,dinoflagellate_stx,mass spectrometry,DETECTION_METHOD,Evidence for production of paralytic shellfish toxins by bacteria associated with Alexandrium spp. (Dinophyta) in culture
dino_pre2016,STX_DOC_001335,1996.0,dinoflagellate,dinoflagellate_stx,paralytic shellfish toxins,TOXIN,"Grazing of toxic dinoflagellates, Alexandrium spp., by adult copepods of coastal Maine: Implications for the fate of paralytic shellfish toxins in marine food webs"
dino_pre2016,STX_DOC_001335,1996.0,dinoflagellate,dinoflagellate_stx,dinoflagellates,DINO_TAXON,"Grazing of toxic dinoflagellates, Alexandrium spp., by adult copepods of coastal Maine: Implications for the fate of paralytic shellfish toxins in marine food webs"
dino_pre2016,STX_DOC_001335,1996.0,dinoflagellate,dinoflagellate_stx,alexandrium,DINO_TAXON,"Grazing of toxic dinoflagellates, Alexandrium spp., by adult copepods of coastal Maine: Implications for the fate of paralytic shellfish toxins in marine food webs"
dino_pre2016,STX_DOC_001337,1986.0,dinoflagellate,dinoflagellate_stx,paralytic shellfish poisoning,TOXIN,Paralytic shellfish poisoning with a Gymnodinium catenatum red tide on the Pacific Coast of Mexico
dino_pre2016,STX_DOC_001337,1986.0,dinoflagellate,dinoflagellate_stx,gymnodinium,DINO_TAXON,Paralytic shellfish poisoning with a Gymnodinium catenatum red tide on the Pacific Coast of Mexico
dino_pre2016,STX_DOC_001337,1986.0,dinoflagellate,dinoflagellate_stx,gymnodinium catenatum,DINO_TAXON,Paralytic shellfish poisoning with a Gymnodinium catenatum red tide on the Pacific Coast of Mexico
dino_pre2016,STX_DOC_001338,1986.0,dinoflagellate,dinoflagellate_stx,saxitoxin,TOXIN,Effects of coconut milk and brown sugar on crude toxins from mussels exposed to Pyrodinium bahamense var. compressa
dino_pre2016,STX_DOC_001338,1986.0,dinoflagellate,dinoflagellate_stx,pyrodinium,DINO_TAXON,Effects of coconut milk and brown sugar on crude toxins from mussels exposed to Pyrodinium bahamense var. compressa
dino_pre2016,STX_DOC_001338,1986.0,dinoflagellate,dinoflagellate_stx,pyrodinium bahamense,DINO_TAXON,Effects of coconut milk and brown sugar on crude toxins from mussels exposed to Pyrodinium bahamense var. compressa
dino_pre2016,STX_DOC_001338,1986.0,dinoflagellate,dinoflagellate_stx,toxicity,BIOLOGICAL_PROCESS,Effects of coconut milk and brown sugar on crude toxins from mussels exposed to Pyrodinium bahamense var. compressa
dino_pre2016,STX_DOC_001339,1985.0,dinoflagellate,dinoflagellate_stx,paralytic shellfish poisoning,TOXIN,"Paralytic shellfish poisoning due to Pyrodinium bahamense var. compressa in Mati, Davao Oriental, Philippines"
dino_pre2016,STX_DOC_001339,1985.0,dinoflagellate,dinoflagellate_stx,pyrodinium,DINO_TAXON,"Paralytic shellfish poisoning due to Pyrodinium bahamense var. compressa in Mati, Davao Oriental, Philippines"
dino_pre2016,STX_DOC_001339,1985.0,dinoflagellate,dinoflagellate_stx,pyrodinium bahamense,DINO_TAXON,"Paralytic shellfish poisoning due to Pyrodinium bahamense var. compressa in Mati, Davao Oriental, Philippines"
dino_pre2016,STX_DOC_001340,1985.0,dinoflagellate,dinoflagellate_stx,saxitoxin,TOXIN,Brevetoxin-B of Gymnodinium breve toxin-induced contractions of smooth muscles due to the transmitter release from nerves.
dino_pre2016,STX_DOC_001340,1985.0,dinoflagellate,dinoflagellate_stx,dinoflagellate,DINO_TAXON,Brevetoxin-B of Gymnodinium breve toxin-induced contractions of smooth muscles due to the transmitter release from nerves.
dino_pre2016,STX_DOC_001340,1985.0,dinoflagellate,dinoflagellate_stx,gymnodinium,DINO_TAXON,Brevetoxin-B of Gymnodinium breve toxin-induced contractions of smooth muscles due to the transmitter release from nerves.
dino_pre2016,STX_DOC_001341,1984.0,dinoflagellate,dinoflagellate_stx,paralytic shellfish toxins,TOXIN,Paralytic Shellfish Toxins and Finfish
dino_pre2016,STX_DOC_001341,1984.0,dinoflagellate,dinoflagellate_stx,dinoflagellates,DINO_TAXON,Paralytic Shellfish Toxins and Finfish
dino_pre2016,STX_DOC_001341,1984.0,dinoflagellate,dinoflagellate_stx,pyrodinium,DINO_TAXON,Paralytic Shellfish Toxins and Finfish
dino_pre2016,STX_DOC_001342,1978.0,dinoflagellate,dinoflagellate_stx,paralytic shellfish poisoning,TOXIN,SALINITY EFFECTS ON GROWTH AND TOXIN CONTENT OF <i>GONYAULAX EXCAVATA</i>. A MARINE DINOFLAGELLATE CAUSING PARALYTIC SHELLFISH POISONING<sup>1</sup>
dino_pre2016,STX_DOC_001342,1978.0,dinoflagellate,dinoflagellate_stx,dinoflagellate,DINO_TAXON,SALINITY EFFECTS ON GROWTH AND TOXIN CONTENT OF <i>GONYAULAX EXCAVATA</i>. A MARINE DINOFLAGELLATE CAUSING PARALYTIC SHELLFISH POISONING<sup>1</sup>
dino_pre2016,STX_DOC_001342,1978.0,dinoflagellate,dinoflagellate_stx,salinity,ENV_FACTOR,SALINITY EFFECTS ON GROWTH AND TOXIN CONTENT OF <i>GONYAULAX EXCAVATA</i>. A MARINE DINOFLAGELLATE CAUSING PARALYTIC SHELLFISH POISONING<sup>1</sup>
dino_pre2016,STX_DOC_001342,1978.0,dinoflagellate,dinoflagellate_stx,toxicity,BIOLOGICAL_PROCESS,SALINITY EFFECTS ON GROWTH AND TOXIN CONTENT OF <i>GONYAULAX EXCAVATA</i>. A MARINE DINOFLAGELLATE CAUSING PARALYTIC SHELLFISH POISONING<sup>1</sup>
dino_pre2016,STX_DOC_001384,2013.0,dinoflagellate,dinoflagellate_stx,saxitoxin,TOXIN,Novel hydrolysis-probe based qPCR assay to detect saxitoxin transcripts of dinoflagellates in environmental samples
dino_pre2016,STX_DOC_001384,2013.0,dinoflagellate,dinoflagellate_stx,dinoflagellates,DINO_TAXON,Novel hydrolysis-probe based qPCR assay to detect saxitoxin transcripts of dinoflagellates in environmental samples
dino_pre2016,STX_DOC_001398,2001.0,dinoflagellate,dinoflagellate_stx,dinoflagellate,DINO_TAXON,"[Red tide bloom produced by Lingulodinium polyedrum (Peridiniales, Dinophyceae) in Bahía Culebra, Papagayo Gulf, Costa Rica]."
dino_pre2016,STX_DOC_001398,2001.0,dinoflagellate,dinoflagellate_stx,bloom,ENV_FACTOR,"[Red tide bloom produced by Lingulodinium polyedrum (Peridiniales, Dinophyceae) in Bahía Culebra, Papagayo Gulf, Costa Rica]."
dino_pre2016,STX_DOC_001399,1996.0,dinoflagellate,dinoflagellate_stx,paralytic shellfish toxins,TOXIN,An automated HPLC method for the rapid analysis of paralytic shellfish toxins from dinoflagellates and bacteria using precolumn oxidation at low temperature
dino_pre2016,STX_DOC_001399,1996.0,dinoflagellate,dinoflagellate_stx,dinoflagellates,DINO_TAXON,An automated HPLC method for the rapid analysis of paralytic shellfish toxins from dinoflagellates and bacteria using precolumn oxidation at low temperature
dino_pre2016,STX_DOC_001399,1996.0,dinoflagellate,dinoflagellate_stx,temperature,ENV_FACTOR,An automated HPLC method for the rapid analysis of paralytic shellfish toxins from dinoflagellates and bacteria using precolumn oxidation at low temperature
dino_pre2016,STX_DOC_001399,1996.0,dinoflagellate,dinoflagellate_stx,hplc,DETECTION_METHOD,An automated HPLC method for the rapid analysis of paralytic shellfish toxins from dinoflagellates and bacteria using precolumn oxidation at low temperature
dino_pre2016,STX_DOC_001401,1994.0,dinoflagellate,dinoflagellate_stx,paralytic shellfish poisoning,TOXIN,Characteristics of paralytic shellfish poisoning toxins derived from short‐necked clams (<i>Tapes japonica</i>) in Mikawa Bay
dino_pre2016,STX_DOC_001401,1994.0,dinoflagellate,dinoflagellate_stx,alexandrium,DINO_TAXON,Characteristics of paralytic shellfish poisoning toxins derived from short‐necked clams (<i>Tapes japonica</i>) in Mikawa Bay
dino_pre2016,STX_DOC_001401,1994.0,dinoflagellate,dinoflagellate_stx,bloom,ENV_FACTOR,Characteristics of paralytic shellfish poisoning toxins derived from short‐necked clams (<i>Tapes japonica</i>) in Mikawa Bay
dino_pre2016,STX_DOC_001401,1994.0,dinoflagellate,dinoflagellate_stx,mouse bioassay,DETECTION_METHOD,Characteristics of paralytic shellfish poisoning toxins derived from short‐necked clams (<i>Tapes japonica</i>) in Mikawa Bay
dino_pre2016,STX_DOC_001402,1992.0,dinoflagellate,dinoflagellate_stx,paralytic shellfish toxins,TOXIN,Causative organism of paralytic shellfish toxins other than dinoflagellates
dino_pre2016,STX_DOC_001402,1992.0,dinoflagellate,dinoflagellate_stx,dinoflagellates,DINO_TAXON,Causative organism of paralytic shellfish toxins other than dinoflagellates
dino_pre2016,STX_DOC_001402,1992.0,dinoflagellate,dinoflagellate_stx,bloom,ENV_FACTOR,Causative organism of paralytic shellfish toxins other than dinoflagellates
dino_pre2016,STX_DOC_001404,1987.0,dinoflagellate,dinoflagellate_stx,saxitoxin,TOXIN,Comparative cytotoxicity of aflatoxin B1 and saxitoxin in cell cultures.
dino_pre2016,STX_DOC_001404,1987.0,dinoflagellate,dinoflagellate_stx,dinoflagellate,DINO_TAXON,Comparative cytotoxicity of aflatoxin B1 and saxitoxin in cell cultures.
dino_pre2016,STX_DOC_001409,1980.0,dinoflagellate,dinoflagellate_stx,saxitoxin,TOXIN,Toxins of some marine algae (Pyrrophyta).
dino_pre2016,STX_DOC_001409,1980.0,dinoflagellate,dinoflagellate_stx,dinoflagellates,DINO_TAXON,Toxins of some marine algae (Pyrrophyta).
dino_pre2016,STX_DOC_001411,1976.0,dinoflagellate,dinoflagellate_stx,saxitoxin,TOXIN,Occurrence of toxic bivalves in association with the bloom of Gonyaulax sp. in owase bay.
dino_pre2016,STX_DOC_001411,1976.0,dinoflagellate,dinoflagellate_stx,dinoflagellate,DINO_TAXON,Occurrence of toxic bivalves in association with the bloom of Gonyaulax sp. in owase bay.
dino_pre2016,STX_DOC_001411,1976.0,dinoflagellate,dinoflagellate_stx,bloom,ENV_FACTOR,Occurrence of toxic bivalves in association with the bloom of Gonyaulax sp. in owase bay.
dino_pre2016,STX_DOC_001439,2015.0,dinoflagellate,dinoflagellate_stx,saxitoxin,TOXIN,4. Alexandrium spp.: genetic and ecological factors influencing saxitoxin production and proliferation
dino_pre2016,STX_DOC_001439,2015.0,dinoflagellate,dinoflagellate_stx,alexandrium,DINO_TAXON,4. Alexandrium spp.: genetic and ecological factors influencing saxitoxin production and proliferation
dino_pre2016,STX_DOC_001442,2013.0,dinoflagellate,dinoflagellate_stx,paralytic shellfish poisoning,TOXIN,Transformation of paralytic shellfish poisoning toxins in UK surf clams (Spisula solida) for targeted production of reference materials.
dino_pre2016,STX_DOC_001442,2013.0,dinoflagellate,dinoflagellate_stx,alexandrium,DINO_TAXON,Transformation of paralytic shellfish poisoning toxins in UK surf clams (Spisula solida) for targeted production of reference materials.
dino_pre2016,STX_DOC_001444,2012.0,dinoflagellate,dinoflagellate_stx,saxitoxin,TOXIN,Developmental toxicity of one marine dinoflagellate toxicant - Saxitoxin
dino_pre2016,STX_DOC_001444,2012.0,dinoflagellate,dinoflagellate_stx,dinoflagellate,DINO_TAXON,Developmental toxicity of one marine dinoflagellate toxicant - Saxitoxin
dino_pre2016,STX_DOC_001444,2012.0,dinoflagellate,dinoflagellate_stx,toxicity,BIOLOGICAL_PROCESS,Developmental toxicity of one marine dinoflagellate toxicant - Saxitoxin
dino_pre2016,STX_DOC_001450,2010.0,dinoflagellate,dinoflagellate_stx,dinoflagellates,DINO_TAXON,Human risk associated with palytoxin exposure.
dino_pre2016,STX_DOC_001450,2010.0,dinoflagellate,dinoflagellate_stx,toxicity,BIOLOGICAL_PROCESS,Human risk associated with palytoxin exposure.
dino_pre2016,STX_DOC_001453,2010.0,dinoflagellate,dinoflagellate_stx,paralytic shellfish toxins,TOXIN,A feasibility study into the provision of Paralytic Shellfish Toxins laboratory reference materials by mass culture of Alexandrium and shellfish feeding experiments
dino_pre2016,STX_DOC_001453,2010.0,dinoflagellate,dinoflagellate_stx,alexandrium,DINO_TAXON,A feasibility study into the provision of Paralytic Shellfish Toxins laboratory reference materials by mass culture of Alexandrium and shellfish feeding experiments
dino_pre2016,STX_DOC_001463,2007.0,dinoflagellate,dinoflagellate_stx,paralytic shellfish toxin,TOXIN,Chemical ecology of paralytic shellfish toxin producing dinoflagellates
dino_pre2016,STX_DOC_001463,2007.0,dinoflagellate,dinoflagellate_stx,dinoflagellates,DINO_TAXON,Chemical ecology of paralytic shellfish toxin producing dinoflagellates
dino_pre2016,STX_DOC_001464,2006.0,dinoflagellate,dinoflagellate_stx,paralytic shellfish toxins,TOXIN,"The uptake, distribution and elimination of paralytic shellfish toxins in mussels and fish exposed to toxic dinoflagellates"
dino_pre2016,STX_DOC_001464,2006.0,dinoflagellate,dinoflagellate_stx,dinoflagellates,DINO_TAXON,"The uptake, distribution and elimination of paralytic shellfish toxins in mussels and fish exposed to toxic dinoflagellates"
dino_pre2016,STX_DOC_001465,2006.0,dinoflagellate,dinoflagellate_stx,paralytic shellfish toxin,TOXIN,Paralytic shellfish toxin profiles and toxin variability of the genus Alexandrium (Dinophyceae) isolated from the Southeast China Sea
dino_pre2016,STX_DOC_001465,2006.0,dinoflagellate,dinoflagellate_stx,alexandrium,DINO_TAXON,Paralytic shellfish toxin profiles and toxin variability of the genus Alexandrium (Dinophyceae) isolated from the Southeast China Sea
dino_pre2016,STX_DOC_001466,2006.0,dinoflagellate,dinoflagellate_stx,saxitoxin,TOXIN,Toxins of concern to animals and people.
dino_pre2016,STX_DOC_001466,2006.0,dinoflagellate,dinoflagellate_stx,dinoflagellate,DINO_TAXON,Toxins of concern to animals and people.
dino_pre2016,STX_DOC_001469,2005.0,dinoflagellate,dinoflagellate_stx,gonyautoxin,TOXIN,Gonyautoxin: new treatment for healing acute and chronic anal fissures.
dino_pre2016,STX_DOC_001469,2005.0,dinoflagellate,dinoflagellate_stx,dinoflagellates,DINO_TAXON,Gonyautoxin: new treatment for healing acute and chronic anal fissures.
dino_pre2016,STX_DOC_001475,2001.0,dinoflagellate,dinoflagellate_stx,paralytic shellfish toxins,TOXIN,Laboratory bioproduction of paralytic shellfish toxins in dinoflagellates
dino_pre2016,STX_DOC_001475,2001.0,dinoflagellate,dinoflagellate_stx,dinoflagellates,DINO_TAXON,Laboratory bioproduction of paralytic shellfish toxins in dinoflagellates
dino_pre2016,STX_DOC_001480,1998.0,dinoflagellate,dinoflagellate_stx,paralytic shellfish poisoning,TOXIN,"Transmission of the paralytic shellfish poisoning toxins, from dinoflagellate to gastropod"
dino_pre2016,STX_DOC_001480,1998.0,dinoflagellate,dinoflagellate_stx,dinoflagellate,DINO_TAXON,"Transmission of the paralytic shellfish poisoning toxins, from dinoflagellate to gastropod"
dino_pre2016,STX_DOC_001481,1996.0,dinoflagellate,dinoflagellate_stx,paralytic shellfish toxin,TOXIN,Effects of two paralytic shellfish toxin producing dinoflagellates on the pelagic harpacticoid copepod Euterpina acutifrons
dino_pre2016,STX_DOC_001481,1996.0,dinoflagellate,dinoflagellate_stx,dinoflagellates,DINO_TAXON,Effects of two paralytic shellfish toxin producing dinoflagellates on the pelagic harpacticoid copepod Euterpina acutifrons
dino_pre2016,STX_DOC_001482,1992.0,dinoflagellate,dinoflagellate_stx,saxitoxin,TOXIN,Properties and use of botulinum toxin and other microbial neurotoxins in medicine
dino_pre2016,STX_DOC_001482,1992.0,dinoflagellate,dinoflagellate_stx,dinoflagellates,DINO_TAXON,Properties and use of botulinum toxin and other microbial neurotoxins in medicine
dino_pre2016,STX_DOC_001482,1992.0,dinoflagellate,dinoflagellate_stx,toxicity,BIOLOGICAL_PROCESS,Properties and use of botulinum toxin and other microbial neurotoxins in medicine
dino_pre2016,STX_DOC_001483,1992.0,dinoflagellate,dinoflagellate_stx,saxitoxin,TOXIN,Brevetoxins bind to multiple classes of sites in rat brain synaptosomes.
dino_pre2016,STX_DOC_001483,1992.0,dinoflagellate,dinoflagellate_stx,dinoflagellate,DINO_TAXON,Brevetoxins bind to multiple classes of sites in rat brain synaptosomes.
dino_pre2016,STX_DOC_001484,1992.0,dinoflagellate,dinoflagellate_stx,saxitoxin,TOXIN,Properties and use of botulinum toxin and other microbial neurotoxins in medicine.
dino_pre2016,STX_DOC_001484,1992.0,dinoflagellate,dinoflagellate_stx,dinoflagellates,DINO_TAXON,Properties and use of botulinum toxin and other microbial neurotoxins in medicine.
dino_pre2016,STX_DOC_001484,1992.0,dinoflagellate,dinoflagellate_stx,toxicity,BIOLOGICAL_PROCESS,Properties and use of botulinum toxin and other microbial neurotoxins in medicine.
dino_pre2016,STX_DOC_001485,1991.0,dinoflagellate,dinoflagellate_stx,paralytic shellfish toxins,TOXIN,Influence of dinoflagellate cell toxicity on uptake and loss of paralytic shellfish toxins in the northern quahog Mercenaria mercenaria
dino_pre2016,STX_DOC_001485,1991.0,dinoflagellate,dinoflagellate_stx,dinoflagellate,DINO_TAXON,Influence of dinoflagellate cell toxicity on uptake and loss of paralytic shellfish toxins in the northern quahog Mercenaria mercenaria
dino_pre2016,STX_DOC_001485,1991.0,dinoflagellate,dinoflagellate_stx,toxicity,BIOLOGICAL_PROCESS,Influence of dinoflagellate cell toxicity on uptake and loss of paralytic shellfish toxins in the northern quahog Mercenaria mercenaria
dino_pre2016,STX_DOC_001486,1990.0,dinoflagellate,dinoflagellate_stx,paralytic shellfish toxins,TOXIN,The detection of paralytic shellfish toxins in red-tide gonyaulacoid dinoflagellates by an enzyme-linked immunoassay
dino_pre2016,STX_DOC_001486,1990.0,dinoflagellate,dinoflagellate_stx,dinoflagellates,DINO_TAXON,The detection of paralytic shellfish toxins in red-tide gonyaulacoid dinoflagellates by an enzyme-linked immunoassay
dino_pre2016,STX_DOC_001487,1990.0,dinoflagellate,dinoflagellate_stx,paralytic shellfish toxin,TOXIN,Comparative studies on paralytic shellfish toxin profile of dinoflagellates and bivalves
dino_pre2016,STX_DOC_001487,1990.0,dinoflagellate,dinoflagellate_stx,dinoflagellates,DINO_TAXON,Comparative studies on paralytic shellfish toxin profile of dinoflagellates and bivalves
dino_pre2016,STX_DOC_001488,1989.0,dinoflagellate,dinoflagellate_stx,paralytic shellfish toxins,TOXIN,Paralytic shellfish toxins in bivalves which are not associated with dinoflagellates
dino_pre2016,STX_DOC_001488,1989.0,dinoflagellate,dinoflagellate_stx,dinoflagellates,DINO_TAXON,Paralytic shellfish toxins in bivalves which are not associated with dinoflagellates
dino_pre2016,STX_DOC_001489,1987.0,dinoflagellate,dinoflagellate_stx,paralytic shellfish toxin,TOXIN,87:6491 Variation in paralytic shellfish toxin composition within the Protogonyaulax tamarensis/catenella species complex; red tide dinoflagellates
dino_pre2016,STX_DOC_001489,1987.0,dinoflagellate,dinoflagellate_stx,dinoflagellates,DINO_TAXON,87:6491 Variation in paralytic shellfish toxin composition within the Protogonyaulax tamarensis/catenella species complex; red tide dinoflagellates
dino_pre2016,STX_DOC_001490,1987.0,dinoflagellate,dinoflagellate_stx,paralytic shellfish toxin,TOXIN,Variation in paralytic shellfish toxin composition within the Protogonyaulax tamaronsis/catenella species complex; red tide dinoflagellates
dino_pre2016,STX_DOC_001490,1987.0,dinoflagellate,dinoflagellate_stx,dinoflagellates,DINO_TAXON,Variation in paralytic shellfish toxin composition within the Protogonyaulax tamaronsis/catenella species complex; red tide dinoflagellates
dino_pre2016,STX_DOC_001491,1986.0,dinoflagellate,dinoflagellate_stx,paralytic shellfish poisoning,TOXIN,Paralytic shellfish poisoning in Singapore.
dino_pre2016,STX_DOC_001491,1986.0,dinoflagellate,dinoflagellate_stx,dinoflagellates,DINO_TAXON,Paralytic shellfish poisoning in Singapore.
dino_pre2016,STX_DOC_001491,1986.0,dinoflagellate,dinoflagellate_stx,mouse bioassay,DETECTION_METHOD,Paralytic shellfish poisoning in Singapore.
dino_pre2016,STX_DOC_001493,1984.0,dinoflagellate,dinoflagellate_stx,paralytic shellfish poisoning,TOXIN,"Detoxification of Pyrodinium-generated paralytic shellfish poisoning toxin in Perna viridis from Western Samar, Philippines"
dino_pre2016,STX_DOC_001493,1984.0,dinoflagellate,dinoflagellate_stx,pyrodinium,DINO_TAXON,"Detoxification of Pyrodinium-generated paralytic shellfish poisoning toxin in Perna viridis from Western Samar, Philippines"
dino_pre2016,STX_DOC_001494,1984.0,dinoflagellate,dinoflagellate_stx,paralytic shellfish poisoning,TOXIN,Red tides and paralytic shellfish poisoning in the Philippines
dino_pre2016,STX_DOC_001494,1984.0,dinoflagellate,dinoflagellate_stx,dinoflagellate,DINO_TAXON,Red tides and paralytic shellfish poisoning in the Philippines
dino_pre2016,STX_DOC_001495,1983.0,dinoflagellate,dinoflagellate_stx,paralytic shellfish toxin,TOXIN,Shellfish poisoning and the ocurrence of potentially toxic dinoflagellates in Norwegian waters
dino_pre2016,STX_DOC_001495,1983.0,dinoflagellate,dinoflagellate_stx,dinoflagellates,DINO_TAXON,Shellfish poisoning and the ocurrence of potentially toxic dinoflagellates in Norwegian waters
dino_pre2016,STX_DOC_001496,1983.0,dinoflagellate,dinoflagellate_stx,paralytic shellfish poisoning,TOXIN,Paralytic Shellfish Poisoning: Effects on Breeding Terns
dino_pre2016,STX_DOC_001496,1983.0,dinoflagellate,dinoflagellate_stx,dinoflagellate,DINO_TAXON,Paralytic Shellfish Poisoning: Effects on Breeding Terns
dino_pre2016,STX_DOC_001497,1982.0,dinoflagellate,dinoflagellate_stx,saxitoxin,TOXIN,Dinoflagellate neurotoxins related to saxitoxin: Structure and latent activity of toxins B1 and B21
dino_pre2016,STX_DOC_001497,1982.0,dinoflagellate,dinoflagellate_stx,dinoflagellate,DINO_TAXON,Dinoflagellate neurotoxins related to saxitoxin: Structure and latent activity of toxins B1 and B21
dino_pre2016,STX_DOC_001498,1981.0,dinoflagellate,dinoflagellate_stx,saxitoxin,TOXIN,Flow cytometric analysis of cellular saxitoxin in the dinoflagellate Gonyaulax tamarensis var. excavata
dino_pre2016,STX_DOC_001498,1981.0,dinoflagellate,dinoflagellate_stx,dinoflagellate,DINO_TAXON,Flow cytometric analysis of cellular saxitoxin in the dinoflagellate Gonyaulax tamarensis var. excavata
dino_pre2016,STX_DOC_001499,1981.0,dinoflagellate,dinoflagellate_stx,saxitoxin,TOXIN,Flow cytometric analysis of cellular saxitoxin in the dinoflagellate Gonyaulax tamarensis var. excavata.
dino_pre2016,STX_DOC_001499,1981.0,dinoflagellate,dinoflagellate_stx,dinoflagellate,DINO_TAXON,Flow cytometric analysis of cellular saxitoxin in the dinoflagellate Gonyaulax tamarensis var. excavata.
dino_pre2016,STX_DOC_001500,1980.0,dinoflagellate,dinoflagellate_stx,saxitoxin,TOXIN,[Determination of saxitoxin in canned shellfish (author's transl)].
dino_pre2016,STX_DOC_001500,1980.0,dinoflagellate,dinoflagellate_stx,dinoflagellates,DINO_TAXON,[Determination of saxitoxin in canned shellfish (author's transl)].
dino_pre2016,STX_DOC_001501,1979.0,dinoflagellate,dinoflagellate_stx,saxitoxin,TOXIN,Measurements of paralytic shellfish poisons. A review of biological and chemical procedures.
dino_pre2016,STX_DOC_001501,1979.0,dinoflagellate,dinoflagellate_stx,dinoflagellate,DINO_TAXON,Measurements of paralytic shellfish poisons. A review of biological and chemical procedures.
dino_pre2016,STX_DOC_001501,1979.0,dinoflagellate,dinoflagellate_stx,mouse bioassay,DETECTION_METHOD,Measurements of paralytic shellfish poisons. A review of biological and chemical procedures.
dino_pre2016,STX_DOC_001502,1979.0,dinoflagellate,dinoflagellate_stx,paralytic shellfish poisoning,TOXIN,Paralytic shellfish poisoning. A report of 17 cases in Cape Town.
dino_pre2016,STX_DOC_001502,1979.0,dinoflagellate,dinoflagellate_stx,dinoflagellates,DINO_TAXON,Paralytic shellfish poisoning. A report of 17 cases in Cape Town.
dino_pre2016,STX_DOC_001503,1979.0,dinoflagellate,dinoflagellate_stx,paralytic shellfish poisoning,TOXIN,Paralytic shellfish poisoning. A report of 17 cases in Cape Town.
dino_pre2016,STX_DOC_001503,1979.0,dinoflagellate,dinoflagellate_stx,dinoflagellates,DINO_TAXON,Paralytic shellfish poisoning. A report of 17 cases in Cape Town.
dino_pre2016,STX_DOC_001504,1978.0,dinoflagellate,dinoflagellate_stx,saxitoxin,TOXIN,The occurrence of saxitoxin and other toxins in various dinoflagellates
dino_pre2016,STX_DOC_001504,1978.0,dinoflagellate,dinoflagellate_stx,dinoflagellates,DINO_TAXON,The occurrence of saxitoxin and other toxins in various dinoflagellates
dino_pre2016,STX_DOC_001506,1978.0,dinoflagellate,dinoflagellate_stx,paralytic shellfish poisoning,TOXIN,[A new pathophysiological explanation of ciguaterra (author's transl)].
dino_pre2016,STX_DOC_001506,1978.0,dinoflagellate,dinoflagellate_stx,dinoflagellate,DINO_TAXON,[A new pathophysiological explanation of ciguaterra (author's transl)].
dino_pre2016,STX_DOC_001507,1978.0,dinoflagellate,dinoflagellate_stx,saxitoxin,TOXIN,The occurrence of saxitoxin and other toxins in various dinoflagellates.
dino_pre2016,STX_DOC_001507,1978.0,dinoflagellate,dinoflagellate_stx,dinoflagellates,DINO_TAXON,The occurrence of saxitoxin and other toxins in various dinoflagellates.
dino_pre2016,STX_DOC_001508,1977.0,dinoflagellate,dinoflagellate_stx,saxitoxin,TOXIN,[Poisoning after ingestion of mussels (mytilus edulis) (author's transl)].
dino_pre2016,STX_DOC_001508,1977.0,dinoflagellate,dinoflagellate_stx,dinoflagellate,DINO_TAXON,[Poisoning after ingestion of mussels (mytilus edulis) (author's transl)].
dino_pre2016,STX_DOC_001509,1976.0,dinoflagellate,dinoflagellate_stx,paralytic shellfish poisoning,TOXIN,Fish and Shellfish Poisoning
dino_pre2016,STX_DOC_001509,1976.0,dinoflagellate,dinoflagellate_stx,dinoflagellates,DINO_TAXON,Fish and Shellfish Poisoning
dino_pre2016,STX_DOC_001510,1976.0,dinoflagellate,dinoflagellate_stx,gonyautoxin,TOXIN,Letter: Structures of gonyautoxin II and III from the East Coast toxic dinoflagellate Gonyaulax tamarensis.
dino_pre2016,STX_DOC_001510,1976.0,dinoflagellate,dinoflagellate_stx,dinoflagellate,DINO_TAXON,Letter: Structures of gonyautoxin II and III from the East Coast toxic dinoflagellate Gonyaulax tamarensis.
dino_pre2016,STX_DOC_001511,1975.0,dinoflagellate,dinoflagellate_stx,saxitoxin,TOXIN,Mechanism of action of a new toxin from gonyaulax tamarensis on nerve membranes.
dino_pre2016,STX_DOC_001511,1975.0,dinoflagellate,dinoflagellate_stx,dinoflagellate,DINO_TAXON,Mechanism of action of a new toxin from gonyaulax tamarensis on nerve membranes.
dino_pre2016,STX_DOC_001732,2012.0,dinoflagellate,dinoflagellate_stx,gtx,TOXIN,Analysis of paralytic shellfish toxins and their metabolites in shellfish from the North Yellow Sea of China
dino_pre2016,STX_DOC_001732,2012.0,dinoflagellate,dinoflagellate_stx,paralytic shellfish toxins,TOXIN,Analysis of paralytic shellfish toxins and their metabolites in shellfish from the North Yellow Sea of China
dino_pre2016,STX_DOC_001732,2012.0,dinoflagellate,dinoflagellate_stx,paralytic shellfish poisoning,TOXIN,Analysis of paralytic shellfish toxins and their metabolites in shellfish from the North Yellow Sea of China
dino_pre2016,STX_DOC_001732,2012.0,dinoflagellate,dinoflagellate_stx,toxicity,BIOLOGICAL_PROCESS,Analysis of paralytic shellfish toxins and their metabolites in shellfish from the North Yellow Sea of China
dino_pre2016,STX_DOC_001733,2012.0,dinoflagellate,dinoflagellate_stx,alexandrium,DINO_TAXON,Effects of different nitrate and phosphate concentrations on the growth and toxin production of an Alexandrium tamarense strain collected from Drake Passage
dino_pre2016,STX_DOC_001733,2012.0,dinoflagellate,dinoflagellate_stx,alexandrium tamarense,DINO_TAXON,Effects of different nitrate and phosphate concentrations on the growth and toxin production of an Alexandrium tamarense strain collected from Drake Passage
dino_pre2016,STX_DOC_001733,2012.0,dinoflagellate,dinoflagellate_stx,nitrate,ENV_FACTOR,Effects of different nitrate and phosphate concentrations on the growth and toxin production of an Alexandrium tamarense strain collected from Drake Passage
dino_pre2016,STX_DOC_001733,2012.0,dinoflagellate,dinoflagellate_stx,phosphate,ENV_FACTOR,Effects of different nitrate and phosphate concentrations on the growth and toxin production of an Alexandrium tamarense strain collected from Drake Passage
dino_pre2016,STX_DOC_001733,2012.0,dinoflagellate,dinoflagellate_stx,nutrients,ENV_FACTOR,Effects of different nitrate and phosphate concentrations on the growth and toxin production of an Alexandrium tamarense strain collected from Drake Passage
dino_pre2016,STX_DOC_001733,2012.0,dinoflagellate,dinoflagellate_stx,bloom,ENV_FACTOR,Effects of different nitrate and phosphate concentrations on the growth and toxin production of an Alexandrium tamarense strain collected from Drake Passage
dino_pre2016,STX_DOC_001733,2012.0,dinoflagellate,dinoflagellate_stx,toxicity,BIOLOGICAL_PROCESS,Effects of different nitrate and phosphate concentrations on the growth and toxin production of an Alexandrium tamarense strain collected from Drake Passage
dino_pre2016,STX_DOC_001733,2012.0,dinoflagellate,dinoflagellate_stx,toxin production,BIOLOGICAL_PROCESS,Effects of different nitrate and phosphate concentrations on the growth and toxin production of an Alexandrium tamarense strain collected from Drake Passage
dino_pre2016,STX_DOC_001733,2012.0,dinoflagellate,dinoflagellate_stx,hplc,DETECTION_METHOD,Effects of different nitrate and phosphate concentrations on the growth and toxin production of an Alexandrium tamarense strain collected from Drake Passage
dino_pre2016,STX_DOC_001734,2012.0,dinoflagellate,dinoflagellate_stx,paralytic shellfish poisoning,TOXIN,Monitoring phytoplankton and marine biotoxins in production waters of the Netherlands: results after one decade
dino_pre2016,STX_DOC_001734,2012.0,dinoflagellate,dinoflagellate_stx,alexandrium,DINO_TAXON,Monitoring phytoplankton and marine biotoxins in production waters of the Netherlands: results after one decade
dino_pre2016,STX_DOC_001734,2012.0,dinoflagellate,dinoflagellate_stx,toxicity,BIOLOGICAL_PROCESS,Monitoring phytoplankton and marine biotoxins in production waters of the Netherlands: results after one decade
dino_pre2016,STX_DOC_001735,2011.0,dinoflagellate,dinoflagellate_stx,saxitoxin,TOXIN,"Extraordinary conservation, gene loss, and positive selection in the evolution of an ancient neurotoxin"
dino_pre2016,STX_DOC_001735,2011.0,dinoflagellate,dinoflagellate_stx,cyanobacteria,CYANO_TAXON,"Extraordinary conservation, gene loss, and positive selection in the evolution of an ancient neurotoxin"
dino_pre2016,STX_DOC_001735,2011.0,dinoflagellate,dinoflagellate_stx,nitrogen,ENV_FACTOR,"Extraordinary conservation, gene loss, and positive selection in the evolution of an ancient neurotoxin"
dino_pre2016,STX_DOC_001735,2011.0,dinoflagellate,dinoflagellate_stx,biosynthesis,BIOLOGICAL_PROCESS,"Extraordinary conservation, gene loss, and positive selection in the evolution of an ancient neurotoxin"
dino_pre2016,STX_DOC_001735,2011.0,dinoflagellate,dinoflagellate_stx,evolution,BIOLOGICAL_PROCESS,"Extraordinary conservation, gene loss, and positive selection in the evolution of an ancient neurotoxin"
dino_pre2016,STX_DOC_001735,2011.0,dinoflagellate,dinoflagellate_stx,horizontal gene transfer,BIOLOGICAL_PROCESS,"Extraordinary conservation, gene loss, and positive selection in the evolution of an ancient neurotoxin"
dino_pre2016,STX_DOC_001735,2011.0,dinoflagellate,dinoflagellate_stx,gene loss,BIOLOGICAL_PROCESS,"Extraordinary conservation, gene loss, and positive selection in the evolution of an ancient neurotoxin"
dino_pre2016,STX_DOC_001736,2011.0,dinoflagellate,dinoflagellate_stx,paralytic shellfish poisoning,TOXIN,"Dynamics of Alexandrium fundyense blooms and shellfish toxicity in the Nauset Marsh System of Cape Cod (Massachusetts, USA)"
dino_pre2016,STX_DOC_001736,2011.0,dinoflagellate,dinoflagellate_stx,alexandrium,DINO_TAXON,"Dynamics of Alexandrium fundyense blooms and shellfish toxicity in the Nauset Marsh System of Cape Cod (Massachusetts, USA)"
dino_pre2016,STX_DOC_001736,2011.0,dinoflagellate,dinoflagellate_stx,alexandrium fundyense,DINO_TAXON,"Dynamics of Alexandrium fundyense blooms and shellfish toxicity in the Nauset Marsh System of Cape Cod (Massachusetts, USA)"
dino_pre2016,STX_DOC_001736,2011.0,dinoflagellate,dinoflagellate_stx,nutrient,ENV_FACTOR,"Dynamics of Alexandrium fundyense blooms and shellfish toxicity in the Nauset Marsh System of Cape Cod (Massachusetts, USA)"
dino_pre2016,STX_DOC_001736,2011.0,dinoflagellate,dinoflagellate_stx,bloom,ENV_FACTOR,"Dynamics of Alexandrium fundyense blooms and shellfish toxicity in the Nauset Marsh System of Cape Cod (Massachusetts, USA)"
dino_pre2016,STX_DOC_001736,2011.0,dinoflagellate,dinoflagellate_stx,toxicity,BIOLOGICAL_PROCESS,"Dynamics of Alexandrium fundyense blooms and shellfish toxicity in the Nauset Marsh System of Cape Cod (Massachusetts, USA)"
dino_pre2016,STX_DOC_001737,2010.0,dinoflagellate,dinoflagellate_stx,saxitoxin,TOXIN,Comparison of analytical tools and biological assays for detection of paralytic shellfish poisoning toxins
dino_pre2016,STX_DOC_001737,2010.0,dinoflagellate,dinoflagellate_stx,psts,TOXIN,Comparison of analytical tools and biological assays for detection of paralytic shellfish poisoning toxins
dino_pre2016,STX_DOC_001737,2010.0,dinoflagellate,dinoflagellate_stx,paralytic shellfish poisoning,TOXIN,Comparison of analytical tools and biological assays for detection of paralytic shellfish poisoning toxins
dino_pre2016,STX_DOC_001737,2010.0,dinoflagellate,dinoflagellate_stx,cyanobacteria,CYANO_TAXON,Comparison of analytical tools and biological assays for detection of paralytic shellfish poisoning toxins
dino_pre2016,STX_DOC_001737,2010.0,dinoflagellate,dinoflagellate_stx,toxicity,BIOLOGICAL_PROCESS,Comparison of analytical tools and biological assays for detection of paralytic shellfish poisoning toxins
dino_pre2016,STX_DOC_001737,2010.0,dinoflagellate,dinoflagellate_stx,mouse bioassay,DETECTION_METHOD,Comparison of analytical tools and biological assays for detection of paralytic shellfish poisoning toxins
dino_pre2016,STX_DOC_001739,2007.0,dinoflagellate,dinoflagellate_stx,paralytic shellfish poisoning,TOXIN,Biotechnological significance of toxic marine dinoflagellates
dino_pre2016,STX_DOC_001739,2007.0,dinoflagellate,dinoflagellate_stx,dinoflagellate,DINO_TAXON,Biotechnological significance of toxic marine dinoflagellates
dino_pre2016,STX_DOC_001739,2007.0,dinoflagellate,dinoflagellate_stx,dinoflagellates,DINO_TAXON,Biotechnological significance of toxic marine dinoflagellates
dino_pre2016,STX_DOC_001740,2006.0,dinoflagellate,dinoflagellate_stx,paralytic shellfish poisoning,TOXIN,Toxin profile of Alexandrium ostenfeldii (Dinophyceae) from the Northern Adriatic Sea revealed by liquid chromatography-mass spectrometry
dino_pre2016,STX_DOC_001740,2006.0,dinoflagellate,dinoflagellate_stx,dinoflagellate,DINO_TAXON,Toxin profile of Alexandrium ostenfeldii (Dinophyceae) from the Northern Adriatic Sea revealed by liquid chromatography-mass spectrometry
dino_pre2016,STX_DOC_001740,2006.0,dinoflagellate,dinoflagellate_stx,alexandrium,DINO_TAXON,Toxin profile of Alexandrium ostenfeldii (Dinophyceae) from the Northern Adriatic Sea revealed by liquid chromatography-mass spectrometry
dino_pre2016,STX_DOC_001740,2006.0,dinoflagellate,dinoflagellate_stx,alexandrium ostenfeldii,DINO_TAXON,Toxin profile of Alexandrium ostenfeldii (Dinophyceae) from the Northern Adriatic Sea revealed by liquid chromatography-mass spectrometry
dino_pre2016,STX_DOC_001740,2006.0,dinoflagellate,dinoflagellate_stx,lc-ms,DETECTION_METHOD,Toxin profile of Alexandrium ostenfeldii (Dinophyceae) from the Northern Adriatic Sea revealed by liquid chromatography-mass spectrometry
dino_pre2016,STX_DOC_001740,2006.0,dinoflagellate,dinoflagellate_stx,mass spectrometry,DETECTION_METHOD,Toxin profile of Alexandrium ostenfeldii (Dinophyceae) from the Northern Adriatic Sea revealed by liquid chromatography-mass spectrometry
dino_pre2016,STX_DOC_001741,2006.0,dinoflagellate,dinoflagellate_stx,dinoflagellate,DINO_TAXON,Nitrate and phosphate supplementation to increase toxin production by the marine dinoflagellate Alexandrium tamarense
dino_pre2016,STX_DOC_001741,2006.0,dinoflagellate,dinoflagellate_stx,alexandrium,DINO_TAXON,Nitrate and phosphate supplementation to increase toxin production by the marine dinoflagellate Alexandrium tamarense
dino_pre2016,STX_DOC_001741,2006.0,dinoflagellate,dinoflagellate_stx,alexandrium tamarense,DINO_TAXON,Nitrate and phosphate supplementation to increase toxin production by the marine dinoflagellate Alexandrium tamarense
dino_pre2016,STX_DOC_001741,2006.0,dinoflagellate,dinoflagellate_stx,nitrate,ENV_FACTOR,Nitrate and phosphate supplementation to increase toxin production by the marine dinoflagellate Alexandrium tamarense
dino_pre2016,STX_DOC_001741,2006.0,dinoflagellate,dinoflagellate_stx,phosphate,ENV_FACTOR,Nitrate and phosphate supplementation to increase toxin production by the marine dinoflagellate Alexandrium tamarense
dino_pre2016,STX_DOC_001741,2006.0,dinoflagellate,dinoflagellate_stx,toxin production,BIOLOGICAL_PROCESS,Nitrate and phosphate supplementation to increase toxin production by the marine dinoflagellate Alexandrium tamarense
dino_pre2016,STX_DOC_001742,2006.0,dinoflagellate,dinoflagellate_stx,dinoflagellate,DINO_TAXON,Nitrogen:Phosphorus supply ratio may control the protein and total toxin of dinoflagellate Alexandrium tamarense
dino_pre2016,STX_DOC_001742,2006.0,dinoflagellate,dinoflagellate_stx,alexandrium,DINO_TAXON,Nitrogen:Phosphorus supply ratio may control the protein and total toxin of dinoflagellate Alexandrium tamarense
dino_pre2016,STX_DOC_001742,2006.0,dinoflagellate,dinoflagellate_stx,alexandrium tamarense,DINO_TAXON,Nitrogen:Phosphorus supply ratio may control the protein and total toxin of dinoflagellate Alexandrium tamarense
dino_pre2016,STX_DOC_001742,2006.0,dinoflagellate,dinoflagellate_stx,nitrogen,ENV_FACTOR,Nitrogen:Phosphorus supply ratio may control the protein and total toxin of dinoflagellate Alexandrium tamarense
dino_pre2016,STX_DOC_001742,2006.0,dinoflagellate,dinoflagellate_stx,phosphorus,ENV_FACTOR,Nitrogen:Phosphorus supply ratio may control the protein and total toxin of dinoflagellate Alexandrium tamarense
dino_pre2016,STX_DOC_001742,2006.0,dinoflagellate,dinoflagellate_stx,nutrient,ENV_FACTOR,Nitrogen:Phosphorus supply ratio may control the protein and total toxin of dinoflagellate Alexandrium tamarense
dino_pre2016,STX_DOC_001742,2006.0,dinoflagellate,dinoflagellate_stx,regulation,BIOLOGICAL_PROCESS,Nitrogen:Phosphorus supply ratio may control the protein and total toxin of dinoflagellate Alexandrium tamarense
dino_pre2016,STX_DOC_001743,2005.0,dinoflagellate,dinoflagellate_stx,paralytic shellfish poisoning,TOXIN,[Analysis of paralytic shellfish poison of bivalves in seafood market in Guangzhou]
dino_pre2016,STX_DOC_001743,2005.0,dinoflagellate,dinoflagellate_stx,toxicity,BIOLOGICAL_PROCESS,[Analysis of paralytic shellfish poison of bivalves in seafood market in Guangzhou]
dino_pre2016,STX_DOC_001743,2005.0,dinoflagellate,dinoflagellate_stx,hplc,DETECTION_METHOD,[Analysis of paralytic shellfish poison of bivalves in seafood market in Guangzhou]
dino_pre2016,STX_DOC_001743,2005.0,dinoflagellate,dinoflagellate_stx,mouse bioassay,DETECTION_METHOD,[Analysis of paralytic shellfish poison of bivalves in seafood market in Guangzhou]
dino_pre2016,STX_DOC_001744,2004.0,dinoflagellate,dinoflagellate_stx,dinoflagellate,DINO_TAXON,Variability in toxicity of the dinoflagellate Alexandrium tamarense in response to different nitrogen sources and concentrations
dino_pre2016,STX_DOC_001744,2004.0,dinoflagellate,dinoflagellate_stx,dinoflagellates,DINO_TAXON,Variability in toxicity of the dinoflagellate Alexandrium tamarense in response to different nitrogen sources and concentrations
dino_pre2016,STX_DOC_001744,2004.0,dinoflagellate,dinoflagellate_stx,alexandrium,DINO_TAXON,Variability in toxicity of the dinoflagellate Alexandrium tamarense in response to different nitrogen sources and concentrations
dino_pre2016,STX_DOC_001744,2004.0,dinoflagellate,dinoflagellate_stx,alexandrium tamarense,DINO_TAXON,Variability in toxicity of the dinoflagellate Alexandrium tamarense in response to different nitrogen sources and concentrations
dino_pre2016,STX_DOC_001744,2004.0,dinoflagellate,dinoflagellate_stx,nitrogen,ENV_FACTOR,Variability in toxicity of the dinoflagellate Alexandrium tamarense in response to different nitrogen sources and concentrations
dino_pre2016,STX_DOC_001744,2004.0,dinoflagellate,dinoflagellate_stx,nitrate,ENV_FACTOR,Variability in toxicity of the dinoflagellate Alexandrium tamarense in response to different nitrogen sources and concentrations
dino_pre2016,STX_DOC_001744,2004.0,dinoflagellate,dinoflagellate_stx,nutrient,ENV_FACTOR,Variability in toxicity of the dinoflagellate Alexandrium tamarense in response to different nitrogen sources and concentrations
dino_pre2016,STX_DOC_001744,2004.0,dinoflagellate,dinoflagellate_stx,toxicity,BIOLOGICAL_PROCESS,Variability in toxicity of the dinoflagellate Alexandrium tamarense in response to different nitrogen sources and concentrations
dino_pre2016,STX_DOC_001744,2004.0,dinoflagellate,dinoflagellate_stx,toxin production,BIOLOGICAL_PROCESS,Variability in toxicity of the dinoflagellate Alexandrium tamarense in response to different nitrogen sources and concentrations
dino_pre2016,STX_DOC_001745,2004.0,dinoflagellate,dinoflagellate_stx,toxicity,BIOLOGICAL_PROCESS,Use of sodium transfer tissue biosensor (STTB) for monitoring of marine toxic organism
dino_pre2016,STX_DOC_001745,2004.0,dinoflagellate,dinoflagellate_stx,hplc,DETECTION_METHOD,Use of sodium transfer tissue biosensor (STTB) for monitoring of marine toxic organism
dino_pre2016,STX_DOC_001745,2004.0,dinoflagellate,dinoflagellate_stx,biosensor,DETECTION_METHOD,Use of sodium transfer tissue biosensor (STTB) for monitoring of marine toxic organism
dino_pre2016,STX_DOC_001746,2003.0,dinoflagellate,dinoflagellate_stx,dinoflagellate,DINO_TAXON,Effect of antibiotic treatment on toxin production by Alexandrium tamarense
dino_pre2016,STX_DOC_001746,2003.0,dinoflagellate,dinoflagellate_stx,alexandrium,DINO_TAXON,Effect of antibiotic treatment on toxin production by Alexandrium tamarense
dino_pre2016,STX_DOC_001746,2003.0,dinoflagellate,dinoflagellate_stx,alexandrium tamarense,DINO_TAXON,Effect of antibiotic treatment on toxin production by Alexandrium tamarense
dino_pre2016,STX_DOC_001746,2003.0,dinoflagellate,dinoflagellate_stx,nutrients,ENV_FACTOR,Effect of antibiotic treatment on toxin production by Alexandrium tamarense
dino_pre2016,STX_DOC_001746,2003.0,dinoflagellate,dinoflagellate_stx,toxin production,BIOLOGICAL_PROCESS,Effect of antibiotic treatment on toxin production by Alexandrium tamarense
dino_pre2016,STX_DOC_001747,2003.0,dinoflagellate,dinoflagellate_stx,paralytic shellfish toxins,TOXIN,[Paralytic shellfish toxins in shellfish from the coast of high frequent harmful algae blooms occurrence areas in East China Sea and South China Sea]
dino_pre2016,STX_DOC_001747,2003.0,dinoflagellate,dinoflagellate_stx,paralytic shellfish poisoning,TOXIN,[Paralytic shellfish toxins in shellfish from the coast of high frequent harmful algae blooms occurrence areas in East China Sea and South China Sea]
dino_pre2016,STX_DOC_001747,2003.0,dinoflagellate,dinoflagellate_stx,toxicity,BIOLOGICAL_PROCESS,[Paralytic shellfish toxins in shellfish from the coast of high frequent harmful algae blooms occurrence areas in East China Sea and South China Sea]
dino_pre2016,STX_DOC_001748,2002.0,dinoflagellate,dinoflagellate_stx,nitrogen,ENV_FACTOR,"Harmful algal blooms and eutrophication: Nutrient sources, composition, and consequences"
dino_pre2016,STX_DOC_001748,2002.0,dinoflagellate,dinoflagellate_stx,phosphorus,ENV_FACTOR,"Harmful algal blooms and eutrophication: Nutrient sources, composition, and consequences"
dino_pre2016,STX_DOC_001748,2002.0,dinoflagellate,dinoflagellate_stx,nutrient,ENV_FACTOR,"Harmful algal blooms and eutrophication: Nutrient sources, composition, and consequences"
dino_pre2016,STX_DOC_001748,2002.0,dinoflagellate,dinoflagellate_stx,nutrients,ENV_FACTOR,"Harmful algal blooms and eutrophication: Nutrient sources, composition, and consequences"
dino_pre2016,STX_DOC_001748,2002.0,dinoflagellate,dinoflagellate_stx,toxicity,BIOLOGICAL_PROCESS,"Harmful algal blooms and eutrophication: Nutrient sources, composition, and consequences"
dino_pre2016,STX_DOC_001749,2000.0,dinoflagellate,dinoflagellate_stx,paralytic shellfish toxin,TOXIN,Growth dynamics and toxicity of Alexandrium fundyense (Dinophyceae): the effect of changing N:P supply ratios on internal toxin and nutrient levels
dino_pre2016,STX_DOC_001749,2000.0,dinoflagellate,dinoflagellate_stx,alexandrium,DINO_TAXON,Growth dynamics and toxicity of Alexandrium fundyense (Dinophyceae): the effect of changing N:P supply ratios on internal toxin and nutrient levels
dino_pre2016,STX_DOC_001749,2000.0,dinoflagellate,dinoflagellate_stx,alexandrium fundyense,DINO_TAXON,Growth dynamics and toxicity of Alexandrium fundyense (Dinophyceae): the effect of changing N:P supply ratios on internal toxin and nutrient levels
dino_pre2016,STX_DOC_001749,2000.0,dinoflagellate,dinoflagellate_stx,nitrate,ENV_FACTOR,Growth dynamics and toxicity of Alexandrium fundyense (Dinophyceae): the effect of changing N:P supply ratios on internal toxin and nutrient levels
dino_pre2016,STX_DOC_001749,2000.0,dinoflagellate,dinoflagellate_stx,nutrient,ENV_FACTOR,Growth dynamics and toxicity of Alexandrium fundyense (Dinophyceae): the effect of changing N:P supply ratios on internal toxin and nutrient levels
dino_pre2016,STX_DOC_001749,2000.0,dinoflagellate,dinoflagellate_stx,toxicity,BIOLOGICAL_PROCESS,Growth dynamics and toxicity of Alexandrium fundyense (Dinophyceae): the effect of changing N:P supply ratios on internal toxin and nutrient levels
