dataset,document_id,year,taxon_scope,relevance_class,entity,entity_type,title
dino_post2015,STX_DOC_000001,2024.0,cross_taxa,high_confidence_stx_biosynthesis,saxitoxin,TOXIN,Polyphyletic origin of saxitoxin biosynthesis genes in the marine dinoflagellate Alexandrium revealed by comparative transcriptomics.
dino_post2015,STX_DOC_000001,2024.0,cross_taxa,high_confidence_stx_biosynthesis,stx,TOXIN,Polyphyletic origin of saxitoxin biosynthesis genes in the marine dinoflagellate Alexandrium revealed by comparative transcriptomics.
dino_post2015,STX_DOC_000001,2024.0,cross_taxa,high_confidence_stx_biosynthesis,sxta,SXT_GENE,Polyphyletic origin of saxitoxin biosynthesis genes in the marine dinoflagellate Alexandrium revealed by comparative transcriptomics.
dino_post2015,STX_DOC_000001,2024.0,cross_taxa,high_confidence_stx_biosynthesis,sxta4,SXT_GENE,Polyphyletic origin of saxitoxin biosynthesis genes in the marine dinoflagellate Alexandrium revealed by comparative transcriptomics.
dino_post2015,STX_DOC_000001,2024.0,cross_taxa,high_confidence_stx_biosynthesis,sxtb,SXT_GENE,Polyphyletic origin of saxitoxin biosynthesis genes in the marine dinoflagellate Alexandrium revealed by comparative transcriptomics.
dino_post2015,STX_DOC_000001,2024.0,cross_taxa,high_confidence_stx_biosynthesis,sxtd,SXT_GENE,Polyphyletic origin of saxitoxin biosynthesis genes in the marine dinoflagellate Alexandrium revealed by comparative transcriptomics.
dino_post2015,STX_DOC_000001,2024.0,cross_taxa,high_confidence_stx_biosynthesis,sxtg,SXT_GENE,Polyphyletic origin of saxitoxin biosynthesis genes in the marine dinoflagellate Alexandrium revealed by comparative transcriptomics.
dino_post2015,STX_DOC_000001,2024.0,cross_taxa,high_confidence_stx_biosynthesis,sxth,SXT_GENE,Polyphyletic origin of saxitoxin biosynthesis genes in the marine dinoflagellate Alexandrium revealed by comparative transcriptomics.
dino_post2015,STX_DOC_000001,2024.0,cross_taxa,high_confidence_stx_biosynthesis,sxti,SXT_GENE,Polyphyletic origin of saxitoxin biosynthesis genes in the marine dinoflagellate Alexandrium revealed by comparative transcriptomics.
dino_post2015,STX_DOC_000001,2024.0,cross_taxa,high_confidence_stx_biosynthesis,sxts,SXT_GENE,Polyphyletic origin of saxitoxin biosynthesis genes in the marine dinoflagellate Alexandrium revealed by comparative transcriptomics.
dino_post2015,STX_DOC_000001,2024.0,cross_taxa,high_confidence_stx_biosynthesis,sxtu,SXT_GENE,Polyphyletic origin of saxitoxin biosynthesis genes in the marine dinoflagellate Alexandrium revealed by comparative transcriptomics.
dino_post2015,STX_DOC_000001,2024.0,cross_taxa,high_confidence_stx_biosynthesis,sxt genes,SXT_GENE,Polyphyletic origin of saxitoxin biosynthesis genes in the marine dinoflagellate Alexandrium revealed by comparative transcriptomics.
dino_post2015,STX_DOC_000001,2024.0,cross_taxa,high_confidence_stx_biosynthesis,saxitoxin biosynthesis genes,SXT_GENE,Polyphyletic origin of saxitoxin biosynthesis genes in the marine dinoflagellate Alexandrium revealed by comparative transcriptomics.
dino_post2015,STX_DOC_000001,2024.0,cross_taxa,high_confidence_stx_biosynthesis,dinoflagellate,DINO_TAXON,Polyphyletic origin of saxitoxin biosynthesis genes in the marine dinoflagellate Alexandrium revealed by comparative transcriptomics.
dino_post2015,STX_DOC_000001,2024.0,cross_taxa,high_confidence_stx_biosynthesis,dinoflagellates,DINO_TAXON,Polyphyletic origin of saxitoxin biosynthesis genes in the marine dinoflagellate Alexandrium revealed by comparative transcriptomics.
dino_post2015,STX_DOC_000001,2024.0,cross_taxa,high_confidence_stx_biosynthesis,alexandrium,DINO_TAXON,Polyphyletic origin of saxitoxin biosynthesis genes in the marine dinoflagellate Alexandrium revealed by comparative transcriptomics.
dino_post2015,STX_DOC_000001,2024.0,cross_taxa,high_confidence_stx_biosynthesis,cyanobacteria,CYANO_TAXON,Polyphyletic origin of saxitoxin biosynthesis genes in the marine dinoflagellate Alexandrium revealed by comparative transcriptomics.
dino_post2015,STX_DOC_000001,2024.0,cross_taxa,high_confidence_stx_biosynthesis,biosynthesis,BIOLOGICAL_PROCESS,Polyphyletic origin of saxitoxin biosynthesis genes in the marine dinoflagellate Alexandrium revealed by comparative transcriptomics.
dino_post2015,STX_DOC_000001,2024.0,cross_taxa,high_confidence_stx_biosynthesis,saxitoxin biosynthesis,BIOLOGICAL_PROCESS,Polyphyletic origin of saxitoxin biosynthesis genes in the marine dinoflagellate Alexandrium revealed by comparative transcriptomics.
dino_post2015,STX_DOC_000001,2024.0,cross_taxa,high_confidence_stx_biosynthesis,expression,BIOLOGICAL_PROCESS,Polyphyletic origin of saxitoxin biosynthesis genes in the marine dinoflagellate Alexandrium revealed by comparative transcriptomics.
dino_post2015,STX_DOC_000001,2024.0,cross_taxa,high_confidence_stx_biosynthesis,transcriptome,BIOLOGICAL_PROCESS,Polyphyletic origin of saxitoxin biosynthesis genes in the marine dinoflagellate Alexandrium revealed by comparative transcriptomics.
dino_post2015,STX_DOC_000001,2024.0,cross_taxa,high_confidence_stx_biosynthesis,phylogeny,BIOLOGICAL_PROCESS,Polyphyletic origin of saxitoxin biosynthesis genes in the marine dinoflagellate Alexandrium revealed by comparative transcriptomics.
dino_post2015,STX_DOC_000001,2024.0,cross_taxa,high_confidence_stx_biosynthesis,phylogenetic,BIOLOGICAL_PROCESS,Polyphyletic origin of saxitoxin biosynthesis genes in the marine dinoflagellate Alexandrium revealed by comparative transcriptomics.
dino_post2015,STX_DOC_000001,2024.0,cross_taxa,high_confidence_stx_biosynthesis,horizontal gene transfer,BIOLOGICAL_PROCESS,Polyphyletic origin of saxitoxin biosynthesis genes in the marine dinoflagellate Alexandrium revealed by comparative transcriptomics.
dino_post2015,STX_DOC_000002,2025.0,cross_taxa,high_confidence_stx_biosynthesis,saxitoxin,TOXIN,Transcriptomic comparison unveils saxitoxin biosynthesis genes in the marine dinoflagellate Gymnodinium catenatum.
dino_post2015,STX_DOC_000002,2025.0,cross_taxa,high_confidence_stx_biosynthesis,stx,TOXIN,Transcriptomic comparison unveils saxitoxin biosynthesis genes in the marine dinoflagellate Gymnodinium catenatum.
dino_post2015,STX_DOC_000002,2025.0,cross_taxa,high_confidence_stx_biosynthesis,paralytic shellfish poisoning,TOXIN,Transcriptomic comparison unveils saxitoxin biosynthesis genes in the marine dinoflagellate Gymnodinium catenatum.
dino_post2015,STX_DOC_000002,2025.0,cross_taxa,high_confidence_stx_biosynthesis,sxta,SXT_GENE,Transcriptomic comparison unveils saxitoxin biosynthesis genes in the marine dinoflagellate Gymnodinium catenatum.
dino_post2015,STX_DOC_000002,2025.0,cross_taxa,high_confidence_stx_biosynthesis,sxta4,SXT_GENE,Transcriptomic comparison unveils saxitoxin biosynthesis genes in the marine dinoflagellate Gymnodinium catenatum.
dino_post2015,STX_DOC_000002,2025.0,cross_taxa,high_confidence_stx_biosynthesis,sxtb,SXT_GENE,Transcriptomic comparison unveils saxitoxin biosynthesis genes in the marine dinoflagellate Gymnodinium catenatum.
dino_post2015,STX_DOC_000002,2025.0,cross_taxa,high_confidence_stx_biosynthesis,sxtg,SXT_GENE,Transcriptomic comparison unveils saxitoxin biosynthesis genes in the marine dinoflagellate Gymnodinium catenatum.
dino_post2015,STX_DOC_000002,2025.0,cross_taxa,high_confidence_stx_biosynthesis,sxti,SXT_GENE,Transcriptomic comparison unveils saxitoxin biosynthesis genes in the marine dinoflagellate Gymnodinium catenatum.
dino_post2015,STX_DOC_000002,2025.0,cross_taxa,high_confidence_stx_biosynthesis,sxts,SXT_GENE,Transcriptomic comparison unveils saxitoxin biosynthesis genes in the marine dinoflagellate Gymnodinium catenatum.
dino_post2015,STX_DOC_000002,2025.0,cross_taxa,high_confidence_stx_biosynthesis,sxtu,SXT_GENE,Transcriptomic comparison unveils saxitoxin biosynthesis genes in the marine dinoflagellate Gymnodinium catenatum.
dino_post2015,STX_DOC_000002,2025.0,cross_taxa,high_confidence_stx_biosynthesis,sxt genes,SXT_GENE,Transcriptomic comparison unveils saxitoxin biosynthesis genes in the marine dinoflagellate Gymnodinium catenatum.
dino_post2015,STX_DOC_000002,2025.0,cross_taxa,high_confidence_stx_biosynthesis,saxitoxin biosynthesis genes,SXT_GENE,Transcriptomic comparison unveils saxitoxin biosynthesis genes in the marine dinoflagellate Gymnodinium catenatum.
dino_post2015,STX_DOC_000002,2025.0,cross_taxa,high_confidence_stx_biosynthesis,dinoflagellate,DINO_TAXON,Transcriptomic comparison unveils saxitoxin biosynthesis genes in the marine dinoflagellate Gymnodinium catenatum.
dino_post2015,STX_DOC_000002,2025.0,cross_taxa,high_confidence_stx_biosynthesis,dinoflagellates,DINO_TAXON,Transcriptomic comparison unveils saxitoxin biosynthesis genes in the marine dinoflagellate Gymnodinium catenatum.
dino_post2015,STX_DOC_000002,2025.0,cross_taxa,high_confidence_stx_biosynthesis,alexandrium,DINO_TAXON,Transcriptomic comparison unveils saxitoxin biosynthesis genes in the marine dinoflagellate Gymnodinium catenatum.
dino_post2015,STX_DOC_000002,2025.0,cross_taxa,high_confidence_stx_biosynthesis,gymnodinium,DINO_TAXON,Transcriptomic comparison unveils saxitoxin biosynthesis genes in the marine dinoflagellate Gymnodinium catenatum.
dino_post2015,STX_DOC_000002,2025.0,cross_taxa,high_confidence_stx_biosynthesis,gymnodinium catenatum,DINO_TAXON,Transcriptomic comparison unveils saxitoxin biosynthesis genes in the marine dinoflagellate Gymnodinium catenatum.
dino_post2015,STX_DOC_000002,2025.0,cross_taxa,high_confidence_stx_biosynthesis,cyanobacteria,CYANO_TAXON,Transcriptomic comparison unveils saxitoxin biosynthesis genes in the marine dinoflagellate Gymnodinium catenatum.
dino_post2015,STX_DOC_000002,2025.0,cross_taxa,high_confidence_stx_biosynthesis,biosynthesis,BIOLOGICAL_PROCESS,Transcriptomic comparison unveils saxitoxin biosynthesis genes in the marine dinoflagellate Gymnodinium catenatum.
dino_post2015,STX_DOC_000002,2025.0,cross_taxa,high_confidence_stx_biosynthesis,saxitoxin biosynthesis,BIOLOGICAL_PROCESS,Transcriptomic comparison unveils saxitoxin biosynthesis genes in the marine dinoflagellate Gymnodinium catenatum.
dino_post2015,STX_DOC_000002,2025.0,cross_taxa,high_confidence_stx_biosynthesis,expression,BIOLOGICAL_PROCESS,Transcriptomic comparison unveils saxitoxin biosynthesis genes in the marine dinoflagellate Gymnodinium catenatum.
dino_post2015,STX_DOC_000002,2025.0,cross_taxa,high_confidence_stx_biosynthesis,gene expression,BIOLOGICAL_PROCESS,Transcriptomic comparison unveils saxitoxin biosynthesis genes in the marine dinoflagellate Gymnodinium catenatum.
dino_post2015,STX_DOC_000002,2025.0,cross_taxa,high_confidence_stx_biosynthesis,transcriptome,BIOLOGICAL_PROCESS,Transcriptomic comparison unveils saxitoxin biosynthesis genes in the marine dinoflagellate Gymnodinium catenatum.
dino_post2015,STX_DOC_000002,2025.0,cross_taxa,high_confidence_stx_biosynthesis,transcriptomic,BIOLOGICAL_PROCESS,Transcriptomic comparison unveils saxitoxin biosynthesis genes in the marine dinoflagellate Gymnodinium catenatum.
dino_post2015,STX_DOC_000002,2025.0,cross_taxa,high_confidence_stx_biosynthesis,phylogenetic,BIOLOGICAL_PROCESS,Transcriptomic comparison unveils saxitoxin biosynthesis genes in the marine dinoflagellate Gymnodinium catenatum.
dino_post2015,STX_DOC_000003,2020.0,dinoflagellate,high_confidence_stx_biosynthesis,saxitoxin,TOXIN,Comparative transcriptomics of toxin synthesis genes between the non-toxin producing dinoflagellate Cochlodinium polykrikoides and toxigenic Alexandrium pacificum.
dino_post2015,STX_DOC_000003,2020.0,dinoflagellate,high_confidence_stx_biosynthesis,stx,TOXIN,Comparative transcriptomics of toxin synthesis genes between the non-toxin producing dinoflagellate Cochlodinium polykrikoides and toxigenic Alexandrium pacificum.
dino_post2015,STX_DOC_000003,2020.0,dinoflagellate,high_confidence_stx_biosynthesis,sxta,SXT_GENE,Comparative transcriptomics of toxin synthesis genes between the non-toxin producing dinoflagellate Cochlodinium polykrikoides and toxigenic Alexandrium pacificum.
dino_post2015,STX_DOC_000003,2020.0,dinoflagellate,high_confidence_stx_biosynthesis,sxtb,SXT_GENE,Comparative transcriptomics of toxin synthesis genes between the non-toxin producing dinoflagellate Cochlodinium polykrikoides and toxigenic Alexandrium pacificum.
dino_post2015,STX_DOC_000003,2020.0,dinoflagellate,high_confidence_stx_biosynthesis,sxtd,SXT_GENE,Comparative transcriptomics of toxin synthesis genes between the non-toxin producing dinoflagellate Cochlodinium polykrikoides and toxigenic Alexandrium pacificum.
dino_post2015,STX_DOC_000003,2020.0,dinoflagellate,high_confidence_stx_biosynthesis,sxtg,SXT_GENE,Comparative transcriptomics of toxin synthesis genes between the non-toxin producing dinoflagellate Cochlodinium polykrikoides and toxigenic Alexandrium pacificum.
dino_post2015,STX_DOC_000003,2020.0,dinoflagellate,high_confidence_stx_biosynthesis,sxth,SXT_GENE,Comparative transcriptomics of toxin synthesis genes between the non-toxin producing dinoflagellate Cochlodinium polykrikoides and toxigenic Alexandrium pacificum.
dino_post2015,STX_DOC_000003,2020.0,dinoflagellate,high_confidence_stx_biosynthesis,sxti,SXT_GENE,Comparative transcriptomics of toxin synthesis genes between the non-toxin producing dinoflagellate Cochlodinium polykrikoides and toxigenic Alexandrium pacificum.
dino_post2015,STX_DOC_000003,2020.0,dinoflagellate,high_confidence_stx_biosynthesis,sxts,SXT_GENE,Comparative transcriptomics of toxin synthesis genes between the non-toxin producing dinoflagellate Cochlodinium polykrikoides and toxigenic Alexandrium pacificum.
dino_post2015,STX_DOC_000003,2020.0,dinoflagellate,high_confidence_stx_biosynthesis,sxtu,SXT_GENE,Comparative transcriptomics of toxin synthesis genes between the non-toxin producing dinoflagellate Cochlodinium polykrikoides and toxigenic Alexandrium pacificum.
dino_post2015,STX_DOC_000003,2020.0,dinoflagellate,high_confidence_stx_biosynthesis,sxt genes,SXT_GENE,Comparative transcriptomics of toxin synthesis genes between the non-toxin producing dinoflagellate Cochlodinium polykrikoides and toxigenic Alexandrium pacificum.
dino_post2015,STX_DOC_000003,2020.0,dinoflagellate,high_confidence_stx_biosynthesis,dinoflagellate,DINO_TAXON,Comparative transcriptomics of toxin synthesis genes between the non-toxin producing dinoflagellate Cochlodinium polykrikoides and toxigenic Alexandrium pacificum.
dino_post2015,STX_DOC_000003,2020.0,dinoflagellate,high_confidence_stx_biosynthesis,dinoflagellates,DINO_TAXON,Comparative transcriptomics of toxin synthesis genes between the non-toxin producing dinoflagellate Cochlodinium polykrikoides and toxigenic Alexandrium pacificum.
dino_post2015,STX_DOC_000003,2020.0,dinoflagellate,high_confidence_stx_biosynthesis,alexandrium,DINO_TAXON,Comparative transcriptomics of toxin synthesis genes between the non-toxin producing dinoflagellate Cochlodinium polykrikoides and toxigenic Alexandrium pacificum.
dino_post2015,STX_DOC_000003,2020.0,dinoflagellate,high_confidence_stx_biosynthesis,alexandrium pacificum,DINO_TAXON,Comparative transcriptomics of toxin synthesis genes between the non-toxin producing dinoflagellate Cochlodinium polykrikoides and toxigenic Alexandrium pacificum.
dino_post2015,STX_DOC_000003,2020.0,dinoflagellate,high_confidence_stx_biosynthesis,biosynthesis,BIOLOGICAL_PROCESS,Comparative transcriptomics of toxin synthesis genes between the non-toxin producing dinoflagellate Cochlodinium polykrikoides and toxigenic Alexandrium pacificum.
dino_post2015,STX_DOC_000003,2020.0,dinoflagellate,high_confidence_stx_biosynthesis,phylogenetic,BIOLOGICAL_PROCESS,Comparative transcriptomics of toxin synthesis genes between the non-toxin producing dinoflagellate Cochlodinium polykrikoides and toxigenic Alexandrium pacificum.
dino_post2015,STX_DOC_000004,2016.0,cross_taxa,high_confidence_stx_biosynthesis,saxitoxin,TOXIN,Gene expression in the biosynthesis of Paralytic Shellfish Poisoning (PSP) toxins in dinoflagellates: a mini review
dino_post2015,STX_DOC_000004,2016.0,cross_taxa,high_confidence_stx_biosynthesis,stx,TOXIN,Gene expression in the biosynthesis of Paralytic Shellfish Poisoning (PSP) toxins in dinoflagellates: a mini review
dino_post2015,STX_DOC_000004,2016.0,cross_taxa,high_confidence_stx_biosynthesis,paralytic shellfish poisoning,TOXIN,Gene expression in the biosynthesis of Paralytic Shellfish Poisoning (PSP) toxins in dinoflagellates: a mini review
dino_post2015,STX_DOC_000004,2016.0,cross_taxa,high_confidence_stx_biosynthesis,sxta,SXT_GENE,Gene expression in the biosynthesis of Paralytic Shellfish Poisoning (PSP) toxins in dinoflagellates: a mini review
dino_post2015,STX_DOC_000004,2016.0,cross_taxa,high_confidence_stx_biosynthesis,sxtb,SXT_GENE,Gene expression in the biosynthesis of Paralytic Shellfish Poisoning (PSP) toxins in dinoflagellates: a mini review
dino_post2015,STX_DOC_000004,2016.0,cross_taxa,high_confidence_stx_biosynthesis,sxtd,SXT_GENE,Gene expression in the biosynthesis of Paralytic Shellfish Poisoning (PSP) toxins in dinoflagellates: a mini review
dino_post2015,STX_DOC_000004,2016.0,cross_taxa,high_confidence_stx_biosynthesis,sxtg,SXT_GENE,Gene expression in the biosynthesis of Paralytic Shellfish Poisoning (PSP) toxins in dinoflagellates: a mini review
dino_post2015,STX_DOC_000004,2016.0,cross_taxa,high_confidence_stx_biosynthesis,sxth,SXT_GENE,Gene expression in the biosynthesis of Paralytic Shellfish Poisoning (PSP) toxins in dinoflagellates: a mini review
dino_post2015,STX_DOC_000004,2016.0,cross_taxa,high_confidence_stx_biosynthesis,sxti,SXT_GENE,Gene expression in the biosynthesis of Paralytic Shellfish Poisoning (PSP) toxins in dinoflagellates: a mini review
dino_post2015,STX_DOC_000004,2016.0,cross_taxa,high_confidence_stx_biosynthesis,sxts,SXT_GENE,Gene expression in the biosynthesis of Paralytic Shellfish Poisoning (PSP) toxins in dinoflagellates: a mini review
dino_post2015,STX_DOC_000004,2016.0,cross_taxa,high_confidence_stx_biosynthesis,sxtu,SXT_GENE,Gene expression in the biosynthesis of Paralytic Shellfish Poisoning (PSP) toxins in dinoflagellates: a mini review
dino_post2015,STX_DOC_000004,2016.0,cross_taxa,high_confidence_stx_biosynthesis,dinoflagellate,DINO_TAXON,Gene expression in the biosynthesis of Paralytic Shellfish Poisoning (PSP) toxins in dinoflagellates: a mini review
dino_post2015,STX_DOC_000004,2016.0,cross_taxa,high_confidence_stx_biosynthesis,dinoflagellates,DINO_TAXON,Gene expression in the biosynthesis of Paralytic Shellfish Poisoning (PSP) toxins in dinoflagellates: a mini review
dino_post2015,STX_DOC_000004,2016.0,cross_taxa,high_confidence_stx_biosynthesis,alexandrium,DINO_TAXON,Gene expression in the biosynthesis of Paralytic Shellfish Poisoning (PSP) toxins in dinoflagellates: a mini review
dino_post2015,STX_DOC_000004,2016.0,cross_taxa,high_confidence_stx_biosynthesis,cyanobacteria,CYANO_TAXON,Gene expression in the biosynthesis of Paralytic Shellfish Poisoning (PSP) toxins in dinoflagellates: a mini review
dino_post2015,STX_DOC_000004,2016.0,cross_taxa,high_confidence_stx_biosynthesis,biosynthesis,BIOLOGICAL_PROCESS,Gene expression in the biosynthesis of Paralytic Shellfish Poisoning (PSP) toxins in dinoflagellates: a mini review
dino_post2015,STX_DOC_000004,2016.0,cross_taxa,high_confidence_stx_biosynthesis,expression,BIOLOGICAL_PROCESS,Gene expression in the biosynthesis of Paralytic Shellfish Poisoning (PSP) toxins in dinoflagellates: a mini review
dino_post2015,STX_DOC_000004,2016.0,cross_taxa,high_confidence_stx_biosynthesis,gene expression,BIOLOGICAL_PROCESS,Gene expression in the biosynthesis of Paralytic Shellfish Poisoning (PSP) toxins in dinoflagellates: a mini review
dino_post2015,STX_DOC_000004,2016.0,cross_taxa,high_confidence_stx_biosynthesis,evolution,BIOLOGICAL_PROCESS,Gene expression in the biosynthesis of Paralytic Shellfish Poisoning (PSP) toxins in dinoflagellates: a mini review
dino_post2015,STX_DOC_000004,2016.0,cross_taxa,high_confidence_stx_biosynthesis,horizontal gene transfer,BIOLOGICAL_PROCESS,Gene expression in the biosynthesis of Paralytic Shellfish Poisoning (PSP) toxins in dinoflagellates: a mini review
dino_post2015,STX_DOC_000004,2016.0,cross_taxa,high_confidence_stx_biosynthesis,toxin production,BIOLOGICAL_PROCESS,Gene expression in the biosynthesis of Paralytic Shellfish Poisoning (PSP) toxins in dinoflagellates: a mini review
dino_post2015,STX_DOC_000005,2023.0,dinoflagellate,high_confidence_stx_biosynthesis,saxitoxin,TOXIN,Effects of nitrate on the saxitoxins biosynthesis revealed by sxt genes in the toxic dinoflagellate Alexandrium pacificum (group IV).
dino_post2015,STX_DOC_000005,2023.0,dinoflagellate,high_confidence_stx_biosynthesis,stx,TOXIN,Effects of nitrate on the saxitoxins biosynthesis revealed by sxt genes in the toxic dinoflagellate Alexandrium pacificum (group IV).
dino_post2015,STX_DOC_000005,2023.0,dinoflagellate,high_confidence_stx_biosynthesis,paralytic shellfish poisoning,TOXIN,Effects of nitrate on the saxitoxins biosynthesis revealed by sxt genes in the toxic dinoflagellate Alexandrium pacificum (group IV).
dino_post2015,STX_DOC_000005,2023.0,dinoflagellate,high_confidence_stx_biosynthesis,sxta,SXT_GENE,Effects of nitrate on the saxitoxins biosynthesis revealed by sxt genes in the toxic dinoflagellate Alexandrium pacificum (group IV).
dino_post2015,STX_DOC_000005,2023.0,dinoflagellate,high_confidence_stx_biosynthesis,sxta4,SXT_GENE,Effects of nitrate on the saxitoxins biosynthesis revealed by sxt genes in the toxic dinoflagellate Alexandrium pacificum (group IV).
dino_post2015,STX_DOC_000005,2023.0,dinoflagellate,high_confidence_stx_biosynthesis,sxtb,SXT_GENE,Effects of nitrate on the saxitoxins biosynthesis revealed by sxt genes in the toxic dinoflagellate Alexandrium pacificum (group IV).
dino_post2015,STX_DOC_000005,2023.0,dinoflagellate,high_confidence_stx_biosynthesis,sxtg,SXT_GENE,Effects of nitrate on the saxitoxins biosynthesis revealed by sxt genes in the toxic dinoflagellate Alexandrium pacificum (group IV).
dino_post2015,STX_DOC_000005,2023.0,dinoflagellate,high_confidence_stx_biosynthesis,sxti,SXT_GENE,Effects of nitrate on the saxitoxins biosynthesis revealed by sxt genes in the toxic dinoflagellate Alexandrium pacificum (group IV).
dino_post2015,STX_DOC_000005,2023.0,dinoflagellate,high_confidence_stx_biosynthesis,sxt genes,SXT_GENE,Effects of nitrate on the saxitoxins biosynthesis revealed by sxt genes in the toxic dinoflagellate Alexandrium pacificum (group IV).
dino_post2015,STX_DOC_000005,2023.0,dinoflagellate,high_confidence_stx_biosynthesis,dinoflagellate,DINO_TAXON,Effects of nitrate on the saxitoxins biosynthesis revealed by sxt genes in the toxic dinoflagellate Alexandrium pacificum (group IV).
dino_post2015,STX_DOC_000005,2023.0,dinoflagellate,high_confidence_stx_biosynthesis,dinoflagellates,DINO_TAXON,Effects of nitrate on the saxitoxins biosynthesis revealed by sxt genes in the toxic dinoflagellate Alexandrium pacificum (group IV).
dino_post2015,STX_DOC_000005,2023.0,dinoflagellate,high_confidence_stx_biosynthesis,alexandrium,DINO_TAXON,Effects of nitrate on the saxitoxins biosynthesis revealed by sxt genes in the toxic dinoflagellate Alexandrium pacificum (group IV).
dino_post2015,STX_DOC_000005,2023.0,dinoflagellate,high_confidence_stx_biosynthesis,alexandrium pacificum,DINO_TAXON,Effects of nitrate on the saxitoxins biosynthesis revealed by sxt genes in the toxic dinoflagellate Alexandrium pacificum (group IV).
dino_post2015,STX_DOC_000005,2023.0,dinoflagellate,high_confidence_stx_biosynthesis,nitrogen,ENV_FACTOR,Effects of nitrate on the saxitoxins biosynthesis revealed by sxt genes in the toxic dinoflagellate Alexandrium pacificum (group IV).
dino_post2015,STX_DOC_000005,2023.0,dinoflagellate,high_confidence_stx_biosynthesis,nitrate,ENV_FACTOR,Effects of nitrate on the saxitoxins biosynthesis revealed by sxt genes in the toxic dinoflagellate Alexandrium pacificum (group IV).
dino_post2015,STX_DOC_000005,2023.0,dinoflagellate,high_confidence_stx_biosynthesis,biosynthesis,BIOLOGICAL_PROCESS,Effects of nitrate on the saxitoxins biosynthesis revealed by sxt genes in the toxic dinoflagellate Alexandrium pacificum (group IV).
dino_post2015,STX_DOC_000005,2023.0,dinoflagellate,high_confidence_stx_biosynthesis,expression,BIOLOGICAL_PROCESS,Effects of nitrate on the saxitoxins biosynthesis revealed by sxt genes in the toxic dinoflagellate Alexandrium pacificum (group IV).
dino_post2015,STX_DOC_000005,2023.0,dinoflagellate,high_confidence_stx_biosynthesis,toxicity,BIOLOGICAL_PROCESS,Effects of nitrate on the saxitoxins biosynthesis revealed by sxt genes in the toxic dinoflagellate Alexandrium pacificum (group IV).
dino_post2015,STX_DOC_000010,2026.0,dinoflagellate,high_confidence_stx_biosynthesis,saxitoxin,TOXIN,Saxitoxin biosynthesis genes in the marine dinoflagellate Gymnodinium: Transcriptomes of toxic and non-toxic species and their environmental insights.
dino_post2015,STX_DOC_000010,2026.0,dinoflagellate,high_confidence_stx_biosynthesis,stx,TOXIN,Saxitoxin biosynthesis genes in the marine dinoflagellate Gymnodinium: Transcriptomes of toxic and non-toxic species and their environmental insights.
dino_post2015,STX_DOC_000010,2026.0,dinoflagellate,high_confidence_stx_biosynthesis,paralytic shellfish toxins,TOXIN,Saxitoxin biosynthesis genes in the marine dinoflagellate Gymnodinium: Transcriptomes of toxic and non-toxic species and their environmental insights.
dino_post2015,STX_DOC_000010,2026.0,dinoflagellate,high_confidence_stx_biosynthesis,psts,TOXIN,Saxitoxin biosynthesis genes in the marine dinoflagellate Gymnodinium: Transcriptomes of toxic and non-toxic species and their environmental insights.
dino_post2015,STX_DOC_000010,2026.0,dinoflagellate,high_confidence_stx_biosynthesis,sxta,SXT_GENE,Saxitoxin biosynthesis genes in the marine dinoflagellate Gymnodinium: Transcriptomes of toxic and non-toxic species and their environmental insights.
dino_post2015,STX_DOC_000010,2026.0,dinoflagellate,high_confidence_stx_biosynthesis,sxtb,SXT_GENE,Saxitoxin biosynthesis genes in the marine dinoflagellate Gymnodinium: Transcriptomes of toxic and non-toxic species and their environmental insights.
dino_post2015,STX_DOC_000010,2026.0,dinoflagellate,high_confidence_stx_biosynthesis,sxtg,SXT_GENE,Saxitoxin biosynthesis genes in the marine dinoflagellate Gymnodinium: Transcriptomes of toxic and non-toxic species and their environmental insights.
dino_post2015,STX_DOC_000010,2026.0,dinoflagellate,high_confidence_stx_biosynthesis,sxt gene,SXT_GENE,Saxitoxin biosynthesis genes in the marine dinoflagellate Gymnodinium: Transcriptomes of toxic and non-toxic species and their environmental insights.
dino_post2015,STX_DOC_000010,2026.0,dinoflagellate,high_confidence_stx_biosynthesis,sxt genes,SXT_GENE,Saxitoxin biosynthesis genes in the marine dinoflagellate Gymnodinium: Transcriptomes of toxic and non-toxic species and their environmental insights.
dino_post2015,STX_DOC_000010,2026.0,dinoflagellate,high_confidence_stx_biosynthesis,saxitoxin biosynthesis genes,SXT_GENE,Saxitoxin biosynthesis genes in the marine dinoflagellate Gymnodinium: Transcriptomes of toxic and non-toxic species and their environmental insights.
dino_post2015,STX_DOC_000010,2026.0,dinoflagellate,high_confidence_stx_biosynthesis,dinoflagellate,DINO_TAXON,Saxitoxin biosynthesis genes in the marine dinoflagellate Gymnodinium: Transcriptomes of toxic and non-toxic species and their environmental insights.
dino_post2015,STX_DOC_000010,2026.0,dinoflagellate,high_confidence_stx_biosynthesis,dinoflagellates,DINO_TAXON,Saxitoxin biosynthesis genes in the marine dinoflagellate Gymnodinium: Transcriptomes of toxic and non-toxic species and their environmental insights.
dino_post2015,STX_DOC_000010,2026.0,dinoflagellate,high_confidence_stx_biosynthesis,gymnodinium,DINO_TAXON,Saxitoxin biosynthesis genes in the marine dinoflagellate Gymnodinium: Transcriptomes of toxic and non-toxic species and their environmental insights.
dino_post2015,STX_DOC_000010,2026.0,dinoflagellate,high_confidence_stx_biosynthesis,biosynthesis,BIOLOGICAL_PROCESS,Saxitoxin biosynthesis genes in the marine dinoflagellate Gymnodinium: Transcriptomes of toxic and non-toxic species and their environmental insights.
dino_post2015,STX_DOC_000010,2026.0,dinoflagellate,high_confidence_stx_biosynthesis,saxitoxin biosynthesis,BIOLOGICAL_PROCESS,Saxitoxin biosynthesis genes in the marine dinoflagellate Gymnodinium: Transcriptomes of toxic and non-toxic species and their environmental insights.
dino_post2015,STX_DOC_000010,2026.0,dinoflagellate,high_confidence_stx_biosynthesis,transcriptome,BIOLOGICAL_PROCESS,Saxitoxin biosynthesis genes in the marine dinoflagellate Gymnodinium: Transcriptomes of toxic and non-toxic species and their environmental insights.
dino_post2015,STX_DOC_000010,2026.0,dinoflagellate,high_confidence_stx_biosynthesis,phylogenetic,BIOLOGICAL_PROCESS,Saxitoxin biosynthesis genes in the marine dinoflagellate Gymnodinium: Transcriptomes of toxic and non-toxic species and their environmental insights.
dino_post2015,STX_DOC_000010,2026.0,dinoflagellate,high_confidence_stx_biosynthesis,gene loss,BIOLOGICAL_PROCESS,Saxitoxin biosynthesis genes in the marine dinoflagellate Gymnodinium: Transcriptomes of toxic and non-toxic species and their environmental insights.
dino_post2015,STX_DOC_000010,2026.0,dinoflagellate,high_confidence_stx_biosynthesis,toxin profiling,DETECTION_METHOD,Saxitoxin biosynthesis genes in the marine dinoflagellate Gymnodinium: Transcriptomes of toxic and non-toxic species and their environmental insights.
dino_post2015,STX_DOC_000011,2024.0,dinoflagellate,dinoflagellate_stx,saxitoxin,TOXIN,Toxin Profile of the Dinoflagellate Gymnodinium Catenatum Bloom in Libyan Mediterranean Coastal Waters
dino_post2015,STX_DOC_000011,2024.0,dinoflagellate,dinoflagellate_stx,stx,TOXIN,Toxin Profile of the Dinoflagellate Gymnodinium Catenatum Bloom in Libyan Mediterranean Coastal Waters
dino_post2015,STX_DOC_000011,2024.0,dinoflagellate,dinoflagellate_stx,neosaxitoxin,TOXIN,Toxin Profile of the Dinoflagellate Gymnodinium Catenatum Bloom in Libyan Mediterranean Coastal Waters
dino_post2015,STX_DOC_000011,2024.0,dinoflagellate,dinoflagellate_stx,gonyautoxin,TOXIN,Toxin Profile of the Dinoflagellate Gymnodinium Catenatum Bloom in Libyan Mediterranean Coastal Waters
dino_post2015,STX_DOC_000011,2024.0,dinoflagellate,dinoflagellate_stx,paralytic shellfish toxins,TOXIN,Toxin Profile of the Dinoflagellate Gymnodinium Catenatum Bloom in Libyan Mediterranean Coastal Waters
dino_post2015,STX_DOC_000011,2024.0,dinoflagellate,dinoflagellate_stx,psts,TOXIN,Toxin Profile of the Dinoflagellate Gymnodinium Catenatum Bloom in Libyan Mediterranean Coastal Waters
dino_post2015,STX_DOC_000011,2024.0,dinoflagellate,dinoflagellate_stx,dinoflagellate,DINO_TAXON,Toxin Profile of the Dinoflagellate Gymnodinium Catenatum Bloom in Libyan Mediterranean Coastal Waters
dino_post2015,STX_DOC_000011,2024.0,dinoflagellate,dinoflagellate_stx,dinoflagellates,DINO_TAXON,Toxin Profile of the Dinoflagellate Gymnodinium Catenatum Bloom in Libyan Mediterranean Coastal Waters
dino_post2015,STX_DOC_000011,2024.0,dinoflagellate,dinoflagellate_stx,gymnodinium,DINO_TAXON,Toxin Profile of the Dinoflagellate Gymnodinium Catenatum Bloom in Libyan Mediterranean Coastal Waters
dino_post2015,STX_DOC_000011,2024.0,dinoflagellate,dinoflagellate_stx,gymnodinium catenatum,DINO_TAXON,Toxin Profile of the Dinoflagellate Gymnodinium Catenatum Bloom in Libyan Mediterranean Coastal Waters
dino_post2015,STX_DOC_000011,2024.0,dinoflagellate,dinoflagellate_stx,nutrient,ENV_FACTOR,Toxin Profile of the Dinoflagellate Gymnodinium Catenatum Bloom in Libyan Mediterranean Coastal Waters
dino_post2015,STX_DOC_000011,2024.0,dinoflagellate,dinoflagellate_stx,bloom,ENV_FACTOR,Toxin Profile of the Dinoflagellate Gymnodinium Catenatum Bloom in Libyan Mediterranean Coastal Waters
dino_post2015,STX_DOC_000011,2024.0,dinoflagellate,dinoflagellate_stx,toxicity,BIOLOGICAL_PROCESS,Toxin Profile of the Dinoflagellate Gymnodinium Catenatum Bloom in Libyan Mediterranean Coastal Waters
dino_post2015,STX_DOC_000011,2024.0,dinoflagellate,dinoflagellate_stx,hplc,DETECTION_METHOD,Toxin Profile of the Dinoflagellate Gymnodinium Catenatum Bloom in Libyan Mediterranean Coastal Waters
dino_post2015,STX_DOC_000012,2016.0,cross_taxa,high_confidence_stx_biosynthesis,saxitoxin,TOXIN,Physiological and transcriptional responses to inorganic nutrition in a tropical Pacific strain of Alexandrium minutum: Implications for the saxitoxin genes and toxin production.
dino_post2015,STX_DOC_000012,2016.0,cross_taxa,high_confidence_stx_biosynthesis,stx,TOXIN,Physiological and transcriptional responses to inorganic nutrition in a tropical Pacific strain of Alexandrium minutum: Implications for the saxitoxin genes and toxin production.
dino_post2015,STX_DOC_000012,2016.0,cross_taxa,high_confidence_stx_biosynthesis,paralytic shellfish poisoning,TOXIN,Physiological and transcriptional responses to inorganic nutrition in a tropical Pacific strain of Alexandrium minutum: Implications for the saxitoxin genes and toxin production.
dino_post2015,STX_DOC_000012,2016.0,cross_taxa,high_confidence_stx_biosynthesis,sxta,SXT_GENE,Physiological and transcriptional responses to inorganic nutrition in a tropical Pacific strain of Alexandrium minutum: Implications for the saxitoxin genes and toxin production.
dino_post2015,STX_DOC_000012,2016.0,cross_taxa,high_confidence_stx_biosynthesis,sxta4,SXT_GENE,Physiological and transcriptional responses to inorganic nutrition in a tropical Pacific strain of Alexandrium minutum: Implications for the saxitoxin genes and toxin production.
dino_post2015,STX_DOC_000012,2016.0,cross_taxa,high_confidence_stx_biosynthesis,sxtg,SXT_GENE,Physiological and transcriptional responses to inorganic nutrition in a tropical Pacific strain of Alexandrium minutum: Implications for the saxitoxin genes and toxin production.
dino_post2015,STX_DOC_000012,2016.0,cross_taxa,high_confidence_stx_biosynthesis,sxti,SXT_GENE,Physiological and transcriptional responses to inorganic nutrition in a tropical Pacific strain of Alexandrium minutum: Implications for the saxitoxin genes and toxin production.
dino_post2015,STX_DOC_000012,2016.0,cross_taxa,high_confidence_stx_biosynthesis,sxt genes,SXT_GENE,Physiological and transcriptional responses to inorganic nutrition in a tropical Pacific strain of Alexandrium minutum: Implications for the saxitoxin genes and toxin production.
dino_post2015,STX_DOC_000012,2016.0,cross_taxa,high_confidence_stx_biosynthesis,dinoflagellates,DINO_TAXON,Physiological and transcriptional responses to inorganic nutrition in a tropical Pacific strain of Alexandrium minutum: Implications for the saxitoxin genes and toxin production.
dino_post2015,STX_DOC_000012,2016.0,cross_taxa,high_confidence_stx_biosynthesis,alexandrium,DINO_TAXON,Physiological and transcriptional responses to inorganic nutrition in a tropical Pacific strain of Alexandrium minutum: Implications for the saxitoxin genes and toxin production.
dino_post2015,STX_DOC_000012,2016.0,cross_taxa,high_confidence_stx_biosynthesis,alexandrium minutum,DINO_TAXON,Physiological and transcriptional responses to inorganic nutrition in a tropical Pacific strain of Alexandrium minutum: Implications for the saxitoxin genes and toxin production.
dino_post2015,STX_DOC_000012,2016.0,cross_taxa,high_confidence_stx_biosynthesis,cyanobacteria,CYANO_TAXON,Physiological and transcriptional responses to inorganic nutrition in a tropical Pacific strain of Alexandrium minutum: Implications for the saxitoxin genes and toxin production.
dino_post2015,STX_DOC_000012,2016.0,cross_taxa,high_confidence_stx_biosynthesis,nitrogen,ENV_FACTOR,Physiological and transcriptional responses to inorganic nutrition in a tropical Pacific strain of Alexandrium minutum: Implications for the saxitoxin genes and toxin production.
dino_post2015,STX_DOC_000012,2016.0,cross_taxa,high_confidence_stx_biosynthesis,phosphorus,ENV_FACTOR,Physiological and transcriptional responses to inorganic nutrition in a tropical Pacific strain of Alexandrium minutum: Implications for the saxitoxin genes and toxin production.
dino_post2015,STX_DOC_000012,2016.0,cross_taxa,high_confidence_stx_biosynthesis,nitrate,ENV_FACTOR,Physiological and transcriptional responses to inorganic nutrition in a tropical Pacific strain of Alexandrium minutum: Implications for the saxitoxin genes and toxin production.
dino_post2015,STX_DOC_000012,2016.0,cross_taxa,high_confidence_stx_biosynthesis,biosynthesis,BIOLOGICAL_PROCESS,Physiological and transcriptional responses to inorganic nutrition in a tropical Pacific strain of Alexandrium minutum: Implications for the saxitoxin genes and toxin production.
dino_post2015,STX_DOC_000012,2016.0,cross_taxa,high_confidence_stx_biosynthesis,expression,BIOLOGICAL_PROCESS,Physiological and transcriptional responses to inorganic nutrition in a tropical Pacific strain of Alexandrium minutum: Implications for the saxitoxin genes and toxin production.
dino_post2015,STX_DOC_000012,2016.0,cross_taxa,high_confidence_stx_biosynthesis,transcriptomic,BIOLOGICAL_PROCESS,Physiological and transcriptional responses to inorganic nutrition in a tropical Pacific strain of Alexandrium minutum: Implications for the saxitoxin genes and toxin production.
dino_post2015,STX_DOC_000012,2016.0,cross_taxa,high_confidence_stx_biosynthesis,toxin production,BIOLOGICAL_PROCESS,Physiological and transcriptional responses to inorganic nutrition in a tropical Pacific strain of Alexandrium minutum: Implications for the saxitoxin genes and toxin production.
dino_post2015,STX_DOC_000013,2020.0,dinoflagellate,dinoflagellate_stx,saxitoxin,TOXIN,Change in Paralytic Shellfish Toxins in the Mussel <i>Mytilus galloprovincialis</i> Depending on Dynamics of Harmful <i>Alexandrium catenella</i> (Group I) in the Geoje Coast (South Korea) during Bloom Season.
dino_post2015,STX_DOC_000013,2020.0,dinoflagellate,dinoflagellate_stx,stx,TOXIN,Change in Paralytic Shellfish Toxins in the Mussel <i>Mytilus galloprovincialis</i> Depending on Dynamics of Harmful <i>Alexandrium catenella</i> (Group I) in the Geoje Coast (South Korea) during Bloom Season.
dino_post2015,STX_DOC_000013,2020.0,dinoflagellate,dinoflagellate_stx,gonyautoxin,TOXIN,Change in Paralytic Shellfish Toxins in the Mussel <i>Mytilus galloprovincialis</i> Depending on Dynamics of Harmful <i>Alexandrium catenella</i> (Group I) in the Geoje Coast (South Korea) during Bloom Season.
dino_post2015,STX_DOC_000013,2020.0,dinoflagellate,dinoflagellate_stx,gtx,TOXIN,Change in Paralytic Shellfish Toxins in the Mussel <i>Mytilus galloprovincialis</i> Depending on Dynamics of Harmful <i>Alexandrium catenella</i> (Group I) in the Geoje Coast (South Korea) during Bloom Season.
dino_post2015,STX_DOC_000013,2020.0,dinoflagellate,dinoflagellate_stx,paralytic shellfish toxins,TOXIN,Change in Paralytic Shellfish Toxins in the Mussel <i>Mytilus galloprovincialis</i> Depending on Dynamics of Harmful <i>Alexandrium catenella</i> (Group I) in the Geoje Coast (South Korea) during Bloom Season.
dino_post2015,STX_DOC_000013,2020.0,dinoflagellate,dinoflagellate_stx,pst,TOXIN,Change in Paralytic Shellfish Toxins in the Mussel <i>Mytilus galloprovincialis</i> Depending on Dynamics of Harmful <i>Alexandrium catenella</i> (Group I) in the Geoje Coast (South Korea) during Bloom Season.
dino_post2015,STX_DOC_000013,2020.0,dinoflagellate,dinoflagellate_stx,psts,TOXIN,Change in Paralytic Shellfish Toxins in the Mussel <i>Mytilus galloprovincialis</i> Depending on Dynamics of Harmful <i>Alexandrium catenella</i> (Group I) in the Geoje Coast (South Korea) during Bloom Season.
dino_post2015,STX_DOC_000013,2020.0,dinoflagellate,dinoflagellate_stx,alexandrium,DINO_TAXON,Change in Paralytic Shellfish Toxins in the Mussel <i>Mytilus galloprovincialis</i> Depending on Dynamics of Harmful <i>Alexandrium catenella</i> (Group I) in the Geoje Coast (South Korea) during Bloom Season.
dino_post2015,STX_DOC_000013,2020.0,dinoflagellate,dinoflagellate_stx,alexandrium catenella,DINO_TAXON,Change in Paralytic Shellfish Toxins in the Mussel <i>Mytilus galloprovincialis</i> Depending on Dynamics of Harmful <i>Alexandrium catenella</i> (Group I) in the Geoje Coast (South Korea) during Bloom Season.
dino_post2015,STX_DOC_000013,2020.0,dinoflagellate,dinoflagellate_stx,salinity,ENV_FACTOR,Change in Paralytic Shellfish Toxins in the Mussel <i>Mytilus galloprovincialis</i> Depending on Dynamics of Harmful <i>Alexandrium catenella</i> (Group I) in the Geoje Coast (South Korea) during Bloom Season.
dino_post2015,STX_DOC_000013,2020.0,dinoflagellate,dinoflagellate_stx,nutrient,ENV_FACTOR,Change in Paralytic Shellfish Toxins in the Mussel <i>Mytilus galloprovincialis</i> Depending on Dynamics of Harmful <i>Alexandrium catenella</i> (Group I) in the Geoje Coast (South Korea) during Bloom Season.
dino_post2015,STX_DOC_000013,2020.0,dinoflagellate,dinoflagellate_stx,bloom,ENV_FACTOR,Change in Paralytic Shellfish Toxins in the Mussel <i>Mytilus galloprovincialis</i> Depending on Dynamics of Harmful <i>Alexandrium catenella</i> (Group I) in the Geoje Coast (South Korea) during Bloom Season.
dino_post2015,STX_DOC_000014,2026.0,cross_taxa,high_confidence_stx_biosynthesis,saxitoxin,TOXIN,Transcriptomic insights into polyketides and toxin biosynthesis genes in freshwater dinoflagellates.
dino_post2015,STX_DOC_000014,2026.0,cross_taxa,high_confidence_stx_biosynthesis,stx,TOXIN,Transcriptomic insights into polyketides and toxin biosynthesis genes in freshwater dinoflagellates.
dino_post2015,STX_DOC_000014,2026.0,cross_taxa,high_confidence_stx_biosynthesis,sxta4,SXT_GENE,Transcriptomic insights into polyketides and toxin biosynthesis genes in freshwater dinoflagellates.
dino_post2015,STX_DOC_000014,2026.0,cross_taxa,high_confidence_stx_biosynthesis,sxtd,SXT_GENE,Transcriptomic insights into polyketides and toxin biosynthesis genes in freshwater dinoflagellates.
dino_post2015,STX_DOC_000014,2026.0,cross_taxa,high_confidence_stx_biosynthesis,sxth,SXT_GENE,Transcriptomic insights into polyketides and toxin biosynthesis genes in freshwater dinoflagellates.
dino_post2015,STX_DOC_000014,2026.0,cross_taxa,high_confidence_stx_biosynthesis,sxti,SXT_GENE,Transcriptomic insights into polyketides and toxin biosynthesis genes in freshwater dinoflagellates.
dino_post2015,STX_DOC_000014,2026.0,cross_taxa,high_confidence_stx_biosynthesis,sxts,SXT_GENE,Transcriptomic insights into polyketides and toxin biosynthesis genes in freshwater dinoflagellates.
dino_post2015,STX_DOC_000014,2026.0,cross_taxa,high_confidence_stx_biosynthesis,sxtu,SXT_GENE,Transcriptomic insights into polyketides and toxin biosynthesis genes in freshwater dinoflagellates.
dino_post2015,STX_DOC_000014,2026.0,cross_taxa,high_confidence_stx_biosynthesis,dinoflagellate,DINO_TAXON,Transcriptomic insights into polyketides and toxin biosynthesis genes in freshwater dinoflagellates.
dino_post2015,STX_DOC_000014,2026.0,cross_taxa,high_confidence_stx_biosynthesis,dinoflagellates,DINO_TAXON,Transcriptomic insights into polyketides and toxin biosynthesis genes in freshwater dinoflagellates.
dino_post2015,STX_DOC_000014,2026.0,cross_taxa,high_confidence_stx_biosynthesis,cyanobacteria,CYANO_TAXON,Transcriptomic insights into polyketides and toxin biosynthesis genes in freshwater dinoflagellates.
dino_post2015,STX_DOC_000014,2026.0,cross_taxa,high_confidence_stx_biosynthesis,biosynthesis,BIOLOGICAL_PROCESS,Transcriptomic insights into polyketides and toxin biosynthesis genes in freshwater dinoflagellates.
dino_post2015,STX_DOC_000014,2026.0,cross_taxa,high_confidence_stx_biosynthesis,toxin biosynthesis,BIOLOGICAL_PROCESS,Transcriptomic insights into polyketides and toxin biosynthesis genes in freshwater dinoflagellates.
dino_post2015,STX_DOC_000014,2026.0,cross_taxa,high_confidence_stx_biosynthesis,transcriptome,BIOLOGICAL_PROCESS,Transcriptomic insights into polyketides and toxin biosynthesis genes in freshwater dinoflagellates.
dino_post2015,STX_DOC_000014,2026.0,cross_taxa,high_confidence_stx_biosynthesis,transcriptomic,BIOLOGICAL_PROCESS,Transcriptomic insights into polyketides and toxin biosynthesis genes in freshwater dinoflagellates.
dino_post2015,STX_DOC_000014,2026.0,cross_taxa,high_confidence_stx_biosynthesis,phylogenetic,BIOLOGICAL_PROCESS,Transcriptomic insights into polyketides and toxin biosynthesis genes in freshwater dinoflagellates.
dino_post2015,STX_DOC_000017,2017.0,cross_taxa,dinoflagellate_stx,saxitoxin,TOXIN,"Prevalence, Variability and Bioconcentration of Saxitoxin-Group in Different Marine Species Present in the Food Chain."
dino_post2015,STX_DOC_000017,2017.0,cross_taxa,dinoflagellate_stx,stx,TOXIN,"Prevalence, Variability and Bioconcentration of Saxitoxin-Group in Different Marine Species Present in the Food Chain."
dino_post2015,STX_DOC_000017,2017.0,cross_taxa,dinoflagellate_stx,neosaxitoxin,TOXIN,"Prevalence, Variability and Bioconcentration of Saxitoxin-Group in Different Marine Species Present in the Food Chain."
dino_post2015,STX_DOC_000017,2017.0,cross_taxa,dinoflagellate_stx,gonyautoxin,TOXIN,"Prevalence, Variability and Bioconcentration of Saxitoxin-Group in Different Marine Species Present in the Food Chain."
dino_post2015,STX_DOC_000017,2017.0,cross_taxa,dinoflagellate_stx,dinoflagellates,DINO_TAXON,"Prevalence, Variability and Bioconcentration of Saxitoxin-Group in Different Marine Species Present in the Food Chain."
dino_post2015,STX_DOC_000017,2017.0,cross_taxa,dinoflagellate_stx,alexandrium,DINO_TAXON,"Prevalence, Variability and Bioconcentration of Saxitoxin-Group in Different Marine Species Present in the Food Chain."
dino_post2015,STX_DOC_000017,2017.0,cross_taxa,dinoflagellate_stx,gymnodinium,DINO_TAXON,"Prevalence, Variability and Bioconcentration of Saxitoxin-Group in Different Marine Species Present in the Food Chain."
dino_post2015,STX_DOC_000017,2017.0,cross_taxa,dinoflagellate_stx,pyrodinium,DINO_TAXON,"Prevalence, Variability and Bioconcentration of Saxitoxin-Group in Different Marine Species Present in the Food Chain."
dino_post2015,STX_DOC_000017,2017.0,cross_taxa,dinoflagellate_stx,cyanobacteria,CYANO_TAXON,"Prevalence, Variability and Bioconcentration of Saxitoxin-Group in Different Marine Species Present in the Food Chain."
dino_post2015,STX_DOC_000017,2017.0,cross_taxa,dinoflagellate_stx,toxicity,BIOLOGICAL_PROCESS,"Prevalence, Variability and Bioconcentration of Saxitoxin-Group in Different Marine Species Present in the Food Chain."
dino_post2015,STX_DOC_000019,2017.0,cross_taxa,high_confidence_stx_biosynthesis,stx,TOXIN,Transcriptional and Physiological Responses of Genes Related to Nutrient Uptakes and Toxin Production of Alexandrium minutum (Dinophyceae) in Malaysia Waters
dino_post2015,STX_DOC_000019,2017.0,cross_taxa,high_confidence_stx_biosynthesis,paralytic shellfish poisoning,TOXIN,Transcriptional and Physiological Responses of Genes Related to Nutrient Uptakes and Toxin Production of Alexandrium minutum (Dinophyceae) in Malaysia Waters
dino_post2015,STX_DOC_000019,2017.0,cross_taxa,high_confidence_stx_biosynthesis,sxta,SXT_GENE,Transcriptional and Physiological Responses of Genes Related to Nutrient Uptakes and Toxin Production of Alexandrium minutum (Dinophyceae) in Malaysia Waters
dino_post2015,STX_DOC_000019,2017.0,cross_taxa,high_confidence_stx_biosynthesis,sxta4,SXT_GENE,Transcriptional and Physiological Responses of Genes Related to Nutrient Uptakes and Toxin Production of Alexandrium minutum (Dinophyceae) in Malaysia Waters
dino_post2015,STX_DOC_000019,2017.0,cross_taxa,high_confidence_stx_biosynthesis,sxtg,SXT_GENE,Transcriptional and Physiological Responses of Genes Related to Nutrient Uptakes and Toxin Production of Alexandrium minutum (Dinophyceae) in Malaysia Waters
dino_post2015,STX_DOC_000019,2017.0,cross_taxa,high_confidence_stx_biosynthesis,sxti,SXT_GENE,Transcriptional and Physiological Responses of Genes Related to Nutrient Uptakes and Toxin Production of Alexandrium minutum (Dinophyceae) in Malaysia Waters
dino_post2015,STX_DOC_000019,2017.0,cross_taxa,high_confidence_stx_biosynthesis,dinoflagellates,DINO_TAXON,Transcriptional and Physiological Responses of Genes Related to Nutrient Uptakes and Toxin Production of Alexandrium minutum (Dinophyceae) in Malaysia Waters
dino_post2015,STX_DOC_000019,2017.0,cross_taxa,high_confidence_stx_biosynthesis,alexandrium,DINO_TAXON,Transcriptional and Physiological Responses of Genes Related to Nutrient Uptakes and Toxin Production of Alexandrium minutum (Dinophyceae) in Malaysia Waters
dino_post2015,STX_DOC_000019,2017.0,cross_taxa,high_confidence_stx_biosynthesis,alexandrium minutum,DINO_TAXON,Transcriptional and Physiological Responses of Genes Related to Nutrient Uptakes and Toxin Production of Alexandrium minutum (Dinophyceae) in Malaysia Waters
dino_post2015,STX_DOC_000019,2017.0,cross_taxa,high_confidence_stx_biosynthesis,cyanobacteria,CYANO_TAXON,Transcriptional and Physiological Responses of Genes Related to Nutrient Uptakes and Toxin Production of Alexandrium minutum (Dinophyceae) in Malaysia Waters
dino_post2015,STX_DOC_000019,2017.0,cross_taxa,high_confidence_stx_biosynthesis,nitrogen,ENV_FACTOR,Transcriptional and Physiological Responses of Genes Related to Nutrient Uptakes and Toxin Production of Alexandrium minutum (Dinophyceae) in Malaysia Waters
dino_post2015,STX_DOC_000019,2017.0,cross_taxa,high_confidence_stx_biosynthesis,phosphorus,ENV_FACTOR,Transcriptional and Physiological Responses of Genes Related to Nutrient Uptakes and Toxin Production of Alexandrium minutum (Dinophyceae) in Malaysia Waters
dino_post2015,STX_DOC_000019,2017.0,cross_taxa,high_confidence_stx_biosynthesis,nitrate,ENV_FACTOR,Transcriptional and Physiological Responses of Genes Related to Nutrient Uptakes and Toxin Production of Alexandrium minutum (Dinophyceae) in Malaysia Waters
dino_post2015,STX_DOC_000019,2017.0,cross_taxa,high_confidence_stx_biosynthesis,phosphate,ENV_FACTOR,Transcriptional and Physiological Responses of Genes Related to Nutrient Uptakes and Toxin Production of Alexandrium minutum (Dinophyceae) in Malaysia Waters
dino_post2015,STX_DOC_000019,2017.0,cross_taxa,high_confidence_stx_biosynthesis,nutrient,ENV_FACTOR,Transcriptional and Physiological Responses of Genes Related to Nutrient Uptakes and Toxin Production of Alexandrium minutum (Dinophyceae) in Malaysia Waters
dino_post2015,STX_DOC_000019,2017.0,cross_taxa,high_confidence_stx_biosynthesis,nutrients,ENV_FACTOR,Transcriptional and Physiological Responses of Genes Related to Nutrient Uptakes and Toxin Production of Alexandrium minutum (Dinophyceae) in Malaysia Waters
dino_post2015,STX_DOC_000019,2017.0,cross_taxa,high_confidence_stx_biosynthesis,bloom,ENV_FACTOR,Transcriptional and Physiological Responses of Genes Related to Nutrient Uptakes and Toxin Production of Alexandrium minutum (Dinophyceae) in Malaysia Waters
dino_post2015,STX_DOC_000019,2017.0,cross_taxa,high_confidence_stx_biosynthesis,biosynthesis,BIOLOGICAL_PROCESS,Transcriptional and Physiological Responses of Genes Related to Nutrient Uptakes and Toxin Production of Alexandrium minutum (Dinophyceae) in Malaysia Waters
dino_post2015,STX_DOC_000019,2017.0,cross_taxa,high_confidence_stx_biosynthesis,regulation,BIOLOGICAL_PROCESS,Transcriptional and Physiological Responses of Genes Related to Nutrient Uptakes and Toxin Production of Alexandrium minutum (Dinophyceae) in Malaysia Waters
dino_post2015,STX_DOC_000019,2017.0,cross_taxa,high_confidence_stx_biosynthesis,expression,BIOLOGICAL_PROCESS,Transcriptional and Physiological Responses of Genes Related to Nutrient Uptakes and Toxin Production of Alexandrium minutum (Dinophyceae) in Malaysia Waters
dino_post2015,STX_DOC_000019,2017.0,cross_taxa,high_confidence_stx_biosynthesis,transcriptomic,BIOLOGICAL_PROCESS,Transcriptional and Physiological Responses of Genes Related to Nutrient Uptakes and Toxin Production of Alexandrium minutum (Dinophyceae) in Malaysia Waters
dino_post2015,STX_DOC_000019,2017.0,cross_taxa,high_confidence_stx_biosynthesis,toxin production,BIOLOGICAL_PROCESS,Transcriptional and Physiological Responses of Genes Related to Nutrient Uptakes and Toxin Production of Alexandrium minutum (Dinophyceae) in Malaysia Waters
dino_post2015,STX_DOC_000020,2021.0,dinoflagellate,high_confidence_stx_biosynthesis,saxitoxin,TOXIN,"Insights into <i>Alexandrium minutum</i> Nutrient Acquisition, Metabolism and Saxitoxin Biosynthesis through Comprehensive Transcriptome Survey."
dino_post2015,STX_DOC_000020,2021.0,dinoflagellate,high_confidence_stx_biosynthesis,paralytic shellfish poisoning,TOXIN,"Insights into <i>Alexandrium minutum</i> Nutrient Acquisition, Metabolism and Saxitoxin Biosynthesis through Comprehensive Transcriptome Survey."
dino_post2015,STX_DOC_000020,2021.0,dinoflagellate,high_confidence_stx_biosynthesis,sxta,SXT_GENE,"Insights into <i>Alexandrium minutum</i> Nutrient Acquisition, Metabolism and Saxitoxin Biosynthesis through Comprehensive Transcriptome Survey."
dino_post2015,STX_DOC_000020,2021.0,dinoflagellate,high_confidence_stx_biosynthesis,sxtb,SXT_GENE,"Insights into <i>Alexandrium minutum</i> Nutrient Acquisition, Metabolism and Saxitoxin Biosynthesis through Comprehensive Transcriptome Survey."
dino_post2015,STX_DOC_000020,2021.0,dinoflagellate,high_confidence_stx_biosynthesis,sxtg,SXT_GENE,"Insights into <i>Alexandrium minutum</i> Nutrient Acquisition, Metabolism and Saxitoxin Biosynthesis through Comprehensive Transcriptome Survey."
dino_post2015,STX_DOC_000020,2021.0,dinoflagellate,high_confidence_stx_biosynthesis,dinoflagellate,DINO_TAXON,"Insights into <i>Alexandrium minutum</i> Nutrient Acquisition, Metabolism and Saxitoxin Biosynthesis through Comprehensive Transcriptome Survey."
dino_post2015,STX_DOC_000020,2021.0,dinoflagellate,high_confidence_stx_biosynthesis,dinoflagellates,DINO_TAXON,"Insights into <i>Alexandrium minutum</i> Nutrient Acquisition, Metabolism and Saxitoxin Biosynthesis through Comprehensive Transcriptome Survey."
dino_post2015,STX_DOC_000020,2021.0,dinoflagellate,high_confidence_stx_biosynthesis,alexandrium,DINO_TAXON,"Insights into <i>Alexandrium minutum</i> Nutrient Acquisition, Metabolism and Saxitoxin Biosynthesis through Comprehensive Transcriptome Survey."
dino_post2015,STX_DOC_000020,2021.0,dinoflagellate,high_confidence_stx_biosynthesis,alexandrium minutum,DINO_TAXON,"Insights into <i>Alexandrium minutum</i> Nutrient Acquisition, Metabolism and Saxitoxin Biosynthesis through Comprehensive Transcriptome Survey."
dino_post2015,STX_DOC_000020,2021.0,dinoflagellate,high_confidence_stx_biosynthesis,nitrogen,ENV_FACTOR,"Insights into <i>Alexandrium minutum</i> Nutrient Acquisition, Metabolism and Saxitoxin Biosynthesis through Comprehensive Transcriptome Survey."
dino_post2015,STX_DOC_000020,2021.0,dinoflagellate,high_confidence_stx_biosynthesis,phosphorus,ENV_FACTOR,"Insights into <i>Alexandrium minutum</i> Nutrient Acquisition, Metabolism and Saxitoxin Biosynthesis through Comprehensive Transcriptome Survey."
dino_post2015,STX_DOC_000020,2021.0,dinoflagellate,high_confidence_stx_biosynthesis,nutrient,ENV_FACTOR,"Insights into <i>Alexandrium minutum</i> Nutrient Acquisition, Metabolism and Saxitoxin Biosynthesis through Comprehensive Transcriptome Survey."
dino_post2015,STX_DOC_000020,2021.0,dinoflagellate,high_confidence_stx_biosynthesis,bloom,ENV_FACTOR,"Insights into <i>Alexandrium minutum</i> Nutrient Acquisition, Metabolism and Saxitoxin Biosynthesis through Comprehensive Transcriptome Survey."
dino_post2015,STX_DOC_000020,2021.0,dinoflagellate,high_confidence_stx_biosynthesis,biosynthesis,BIOLOGICAL_PROCESS,"Insights into <i>Alexandrium minutum</i> Nutrient Acquisition, Metabolism and Saxitoxin Biosynthesis through Comprehensive Transcriptome Survey."
dino_post2015,STX_DOC_000020,2021.0,dinoflagellate,high_confidence_stx_biosynthesis,toxin biosynthesis,BIOLOGICAL_PROCESS,"Insights into <i>Alexandrium minutum</i> Nutrient Acquisition, Metabolism and Saxitoxin Biosynthesis through Comprehensive Transcriptome Survey."
dino_post2015,STX_DOC_000020,2021.0,dinoflagellate,high_confidence_stx_biosynthesis,saxitoxin biosynthesis,BIOLOGICAL_PROCESS,"Insights into <i>Alexandrium minutum</i> Nutrient Acquisition, Metabolism and Saxitoxin Biosynthesis through Comprehensive Transcriptome Survey."
dino_post2015,STX_DOC_000020,2021.0,dinoflagellate,high_confidence_stx_biosynthesis,transcriptome,BIOLOGICAL_PROCESS,"Insights into <i>Alexandrium minutum</i> Nutrient Acquisition, Metabolism and Saxitoxin Biosynthesis through Comprehensive Transcriptome Survey."
dino_post2015,STX_DOC_000021,2016.0,dinoflagellate,high_confidence_stx_biosynthesis,stx,TOXIN,Quantity of the dinoflagellate sxtA4 gene and cell density correlates with paralytic shellfish toxin production in Alexandrium ostenfeldii blooms.
dino_post2015,STX_DOC_000021,2016.0,dinoflagellate,high_confidence_stx_biosynthesis,paralytic shellfish toxin,TOXIN,Quantity of the dinoflagellate sxtA4 gene and cell density correlates with paralytic shellfish toxin production in Alexandrium ostenfeldii blooms.
dino_post2015,STX_DOC_000021,2016.0,dinoflagellate,high_confidence_stx_biosynthesis,paralytic shellfish toxins,TOXIN,Quantity of the dinoflagellate sxtA4 gene and cell density correlates with paralytic shellfish toxin production in Alexandrium ostenfeldii blooms.
dino_post2015,STX_DOC_000021,2016.0,dinoflagellate,high_confidence_stx_biosynthesis,pst,TOXIN,Quantity of the dinoflagellate sxtA4 gene and cell density correlates with paralytic shellfish toxin production in Alexandrium ostenfeldii blooms.
dino_post2015,STX_DOC_000021,2016.0,dinoflagellate,high_confidence_stx_biosynthesis,sxta4,SXT_GENE,Quantity of the dinoflagellate sxtA4 gene and cell density correlates with paralytic shellfish toxin production in Alexandrium ostenfeldii blooms.
dino_post2015,STX_DOC_000021,2016.0,dinoflagellate,high_confidence_stx_biosynthesis,dinoflagellate,DINO_TAXON,Quantity of the dinoflagellate sxtA4 gene and cell density correlates with paralytic shellfish toxin production in Alexandrium ostenfeldii blooms.
dino_post2015,STX_DOC_000021,2016.0,dinoflagellate,high_confidence_stx_biosynthesis,dinoflagellates,DINO_TAXON,Quantity of the dinoflagellate sxtA4 gene and cell density correlates with paralytic shellfish toxin production in Alexandrium ostenfeldii blooms.
dino_post2015,STX_DOC_000021,2016.0,dinoflagellate,high_confidence_stx_biosynthesis,alexandrium,DINO_TAXON,Quantity of the dinoflagellate sxtA4 gene and cell density correlates with paralytic shellfish toxin production in Alexandrium ostenfeldii blooms.
dino_post2015,STX_DOC_000021,2016.0,dinoflagellate,high_confidence_stx_biosynthesis,alexandrium ostenfeldii,DINO_TAXON,Quantity of the dinoflagellate sxtA4 gene and cell density correlates with paralytic shellfish toxin production in Alexandrium ostenfeldii blooms.
dino_post2015,STX_DOC_000021,2016.0,dinoflagellate,high_confidence_stx_biosynthesis,gymnodinium,DINO_TAXON,Quantity of the dinoflagellate sxtA4 gene and cell density correlates with paralytic shellfish toxin production in Alexandrium ostenfeldii blooms.
dino_post2015,STX_DOC_000021,2016.0,dinoflagellate,high_confidence_stx_biosynthesis,gymnodinium catenatum,DINO_TAXON,Quantity of the dinoflagellate sxtA4 gene and cell density correlates with paralytic shellfish toxin production in Alexandrium ostenfeldii blooms.
dino_post2015,STX_DOC_000021,2016.0,dinoflagellate,high_confidence_stx_biosynthesis,pyrodinium,DINO_TAXON,Quantity of the dinoflagellate sxtA4 gene and cell density correlates with paralytic shellfish toxin production in Alexandrium ostenfeldii blooms.
dino_post2015,STX_DOC_000021,2016.0,dinoflagellate,high_confidence_stx_biosynthesis,pyrodinium bahamense,DINO_TAXON,Quantity of the dinoflagellate sxtA4 gene and cell density correlates with paralytic shellfish toxin production in Alexandrium ostenfeldii blooms.
dino_post2015,STX_DOC_000021,2016.0,dinoflagellate,high_confidence_stx_biosynthesis,bloom,ENV_FACTOR,Quantity of the dinoflagellate sxtA4 gene and cell density correlates with paralytic shellfish toxin production in Alexandrium ostenfeldii blooms.
dino_post2015,STX_DOC_000021,2016.0,dinoflagellate,high_confidence_stx_biosynthesis,biosynthesis,BIOLOGICAL_PROCESS,Quantity of the dinoflagellate sxtA4 gene and cell density correlates with paralytic shellfish toxin production in Alexandrium ostenfeldii blooms.
dino_post2015,STX_DOC_000021,2016.0,dinoflagellate,high_confidence_stx_biosynthesis,toxicity,BIOLOGICAL_PROCESS,Quantity of the dinoflagellate sxtA4 gene and cell density correlates with paralytic shellfish toxin production in Alexandrium ostenfeldii blooms.
dino_post2015,STX_DOC_000021,2016.0,dinoflagellate,high_confidence_stx_biosynthesis,toxin production,BIOLOGICAL_PROCESS,Quantity of the dinoflagellate sxtA4 gene and cell density correlates with paralytic shellfish toxin production in Alexandrium ostenfeldii blooms.
dino_post2015,STX_DOC_000023,2024.0,dinoflagellate,high_confidence_stx_biosynthesis,saxitoxin,TOXIN,"Intracellular abundance, localization, and enzymatic activity of a saxitoxin biosynthesis enzyme, SxtG, in two sister subclones of the dinoflagellate Alexandrium catenella with extremely different levels of paralytic shellfish toxins."
dino_post2015,STX_DOC_000023,2024.0,dinoflagellate,high_confidence_stx_biosynthesis,stx,TOXIN,"Intracellular abundance, localization, and enzymatic activity of a saxitoxin biosynthesis enzyme, SxtG, in two sister subclones of the dinoflagellate Alexandrium catenella with extremely different levels of paralytic shellfish toxins."
dino_post2015,STX_DOC_000023,2024.0,dinoflagellate,high_confidence_stx_biosynthesis,paralytic shellfish toxins,TOXIN,"Intracellular abundance, localization, and enzymatic activity of a saxitoxin biosynthesis enzyme, SxtG, in two sister subclones of the dinoflagellate Alexandrium catenella with extremely different levels of paralytic shellfish toxins."
dino_post2015,STX_DOC_000023,2024.0,dinoflagellate,high_confidence_stx_biosynthesis,pst,TOXIN,"Intracellular abundance, localization, and enzymatic activity of a saxitoxin biosynthesis enzyme, SxtG, in two sister subclones of the dinoflagellate Alexandrium catenella with extremely different levels of paralytic shellfish toxins."
dino_post2015,STX_DOC_000023,2024.0,dinoflagellate,high_confidence_stx_biosynthesis,psts,TOXIN,"Intracellular abundance, localization, and enzymatic activity of a saxitoxin biosynthesis enzyme, SxtG, in two sister subclones of the dinoflagellate Alexandrium catenella with extremely different levels of paralytic shellfish toxins."
dino_post2015,STX_DOC_000023,2024.0,dinoflagellate,high_confidence_stx_biosynthesis,paralytic shellfish poisoning,TOXIN,"Intracellular abundance, localization, and enzymatic activity of a saxitoxin biosynthesis enzyme, SxtG, in two sister subclones of the dinoflagellate Alexandrium catenella with extremely different levels of paralytic shellfish toxins."
dino_post2015,STX_DOC_000023,2024.0,dinoflagellate,high_confidence_stx_biosynthesis,sxta,SXT_GENE,"Intracellular abundance, localization, and enzymatic activity of a saxitoxin biosynthesis enzyme, SxtG, in two sister subclones of the dinoflagellate Alexandrium catenella with extremely different levels of paralytic shellfish toxins."
dino_post2015,STX_DOC_000023,2024.0,dinoflagellate,high_confidence_stx_biosynthesis,sxtg,SXT_GENE,"Intracellular abundance, localization, and enzymatic activity of a saxitoxin biosynthesis enzyme, SxtG, in two sister subclones of the dinoflagellate Alexandrium catenella with extremely different levels of paralytic shellfish toxins."
dino_post2015,STX_DOC_000023,2024.0,dinoflagellate,high_confidence_stx_biosynthesis,dinoflagellate,DINO_TAXON,"Intracellular abundance, localization, and enzymatic activity of a saxitoxin biosynthesis enzyme, SxtG, in two sister subclones of the dinoflagellate Alexandrium catenella with extremely different levels of paralytic shellfish toxins."
dino_post2015,STX_DOC_000023,2024.0,dinoflagellate,high_confidence_stx_biosynthesis,dinoflagellates,DINO_TAXON,"Intracellular abundance, localization, and enzymatic activity of a saxitoxin biosynthesis enzyme, SxtG, in two sister subclones of the dinoflagellate Alexandrium catenella with extremely different levels of paralytic shellfish toxins."
dino_post2015,STX_DOC_000023,2024.0,dinoflagellate,high_confidence_stx_biosynthesis,alexandrium,DINO_TAXON,"Intracellular abundance, localization, and enzymatic activity of a saxitoxin biosynthesis enzyme, SxtG, in two sister subclones of the dinoflagellate Alexandrium catenella with extremely different levels of paralytic shellfish toxins."
dino_post2015,STX_DOC_000023,2024.0,dinoflagellate,high_confidence_stx_biosynthesis,alexandrium catenella,DINO_TAXON,"Intracellular abundance, localization, and enzymatic activity of a saxitoxin biosynthesis enzyme, SxtG, in two sister subclones of the dinoflagellate Alexandrium catenella with extremely different levels of paralytic shellfish toxins."
dino_post2015,STX_DOC_000023,2024.0,dinoflagellate,high_confidence_stx_biosynthesis,biosynthesis,BIOLOGICAL_PROCESS,"Intracellular abundance, localization, and enzymatic activity of a saxitoxin biosynthesis enzyme, SxtG, in two sister subclones of the dinoflagellate Alexandrium catenella with extremely different levels of paralytic shellfish toxins."
dino_post2015,STX_DOC_000023,2024.0,dinoflagellate,high_confidence_stx_biosynthesis,saxitoxin biosynthesis,BIOLOGICAL_PROCESS,"Intracellular abundance, localization, and enzymatic activity of a saxitoxin biosynthesis enzyme, SxtG, in two sister subclones of the dinoflagellate Alexandrium catenella with extremely different levels of paralytic shellfish toxins."
dino_post2015,STX_DOC_000023,2024.0,dinoflagellate,high_confidence_stx_biosynthesis,toxicity,BIOLOGICAL_PROCESS,"Intracellular abundance, localization, and enzymatic activity of a saxitoxin biosynthesis enzyme, SxtG, in two sister subclones of the dinoflagellate Alexandrium catenella with extremely different levels of paralytic shellfish toxins."
dino_post2015,STX_DOC_000025,2023.0,dinoflagellate,high_confidence_stx_biosynthesis,stx,TOXIN,Proteomic and toxicological analysis of the response of dinoflagellate Alexandrium catenella to changes in NaNO<sub>3</sub> concentration.
dino_post2015,STX_DOC_000025,2023.0,dinoflagellate,high_confidence_stx_biosynthesis,paralytic shellfish toxins,TOXIN,Proteomic and toxicological analysis of the response of dinoflagellate Alexandrium catenella to changes in NaNO<sub>3</sub> concentration.
dino_post2015,STX_DOC_000025,2023.0,dinoflagellate,high_confidence_stx_biosynthesis,pst,TOXIN,Proteomic and toxicological analysis of the response of dinoflagellate Alexandrium catenella to changes in NaNO<sub>3</sub> concentration.
dino_post2015,STX_DOC_000025,2023.0,dinoflagellate,high_confidence_stx_biosynthesis,psts,TOXIN,Proteomic and toxicological analysis of the response of dinoflagellate Alexandrium catenella to changes in NaNO<sub>3</sub> concentration.
dino_post2015,STX_DOC_000025,2023.0,dinoflagellate,high_confidence_stx_biosynthesis,paralytic shellfish poisoning,TOXIN,Proteomic and toxicological analysis of the response of dinoflagellate Alexandrium catenella to changes in NaNO<sub>3</sub> concentration.
dino_post2015,STX_DOC_000025,2023.0,dinoflagellate,high_confidence_stx_biosynthesis,sxta,SXT_GENE,Proteomic and toxicological analysis of the response of dinoflagellate Alexandrium catenella to changes in NaNO<sub>3</sub> concentration.
dino_post2015,STX_DOC_000025,2023.0,dinoflagellate,high_confidence_stx_biosynthesis,sxtg,SXT_GENE,Proteomic and toxicological analysis of the response of dinoflagellate Alexandrium catenella to changes in NaNO<sub>3</sub> concentration.
dino_post2015,STX_DOC_000025,2023.0,dinoflagellate,high_confidence_stx_biosynthesis,dinoflagellate,DINO_TAXON,Proteomic and toxicological analysis of the response of dinoflagellate Alexandrium catenella to changes in NaNO<sub>3</sub> concentration.
dino_post2015,STX_DOC_000025,2023.0,dinoflagellate,high_confidence_stx_biosynthesis,dinoflagellates,DINO_TAXON,Proteomic and toxicological analysis of the response of dinoflagellate Alexandrium catenella to changes in NaNO<sub>3</sub> concentration.
dino_post2015,STX_DOC_000025,2023.0,dinoflagellate,high_confidence_stx_biosynthesis,alexandrium,DINO_TAXON,Proteomic and toxicological analysis of the response of dinoflagellate Alexandrium catenella to changes in NaNO<sub>3</sub> concentration.
dino_post2015,STX_DOC_000025,2023.0,dinoflagellate,high_confidence_stx_biosynthesis,alexandrium catenella,DINO_TAXON,Proteomic and toxicological analysis of the response of dinoflagellate Alexandrium catenella to changes in NaNO<sub>3</sub> concentration.
dino_post2015,STX_DOC_000025,2023.0,dinoflagellate,high_confidence_stx_biosynthesis,nitrogen,ENV_FACTOR,Proteomic and toxicological analysis of the response of dinoflagellate Alexandrium catenella to changes in NaNO<sub>3</sub> concentration.
dino_post2015,STX_DOC_000025,2023.0,dinoflagellate,high_confidence_stx_biosynthesis,nitrate,ENV_FACTOR,Proteomic and toxicological analysis of the response of dinoflagellate Alexandrium catenella to changes in NaNO<sub>3</sub> concentration.
dino_post2015,STX_DOC_000025,2023.0,dinoflagellate,high_confidence_stx_biosynthesis,biosynthesis,BIOLOGICAL_PROCESS,Proteomic and toxicological analysis of the response of dinoflagellate Alexandrium catenella to changes in NaNO<sub>3</sub> concentration.
dino_post2015,STX_DOC_000025,2023.0,dinoflagellate,high_confidence_stx_biosynthesis,expression,BIOLOGICAL_PROCESS,Proteomic and toxicological analysis of the response of dinoflagellate Alexandrium catenella to changes in NaNO<sub>3</sub> concentration.
dino_post2015,STX_DOC_000025,2023.0,dinoflagellate,high_confidence_stx_biosynthesis,mass spectrometry,DETECTION_METHOD,Proteomic and toxicological analysis of the response of dinoflagellate Alexandrium catenella to changes in NaNO<sub>3</sub> concentration.
dino_post2015,STX_DOC_000026,2022.0,cross_taxa,high_confidence_stx_biosynthesis,saxitoxin,TOXIN,"CHARACTERIZATION OF THE SAXITOXIN BIOSYNTHETIC STARTING GENE, sxtA, IN THE TOXIC DINOFLAGELLATE, Pyrodinium bahamense var. compressum"
dino_post2015,STX_DOC_000026,2022.0,cross_taxa,high_confidence_stx_biosynthesis,sxta,SXT_GENE,"CHARACTERIZATION OF THE SAXITOXIN BIOSYNTHETIC STARTING GENE, sxtA, IN THE TOXIC DINOFLAGELLATE, Pyrodinium bahamense var. compressum"
dino_post2015,STX_DOC_000026,2022.0,cross_taxa,high_confidence_stx_biosynthesis,sxta4,SXT_GENE,"CHARACTERIZATION OF THE SAXITOXIN BIOSYNTHETIC STARTING GENE, sxtA, IN THE TOXIC DINOFLAGELLATE, Pyrodinium bahamense var. compressum"
dino_post2015,STX_DOC_000026,2022.0,cross_taxa,high_confidence_stx_biosynthesis,dinoflagellate,DINO_TAXON,"CHARACTERIZATION OF THE SAXITOXIN BIOSYNTHETIC STARTING GENE, sxtA, IN THE TOXIC DINOFLAGELLATE, Pyrodinium bahamense var. compressum"
dino_post2015,STX_DOC_000026,2022.0,cross_taxa,high_confidence_stx_biosynthesis,dinoflagellates,DINO_TAXON,"CHARACTERIZATION OF THE SAXITOXIN BIOSYNTHETIC STARTING GENE, sxtA, IN THE TOXIC DINOFLAGELLATE, Pyrodinium bahamense var. compressum"
dino_post2015,STX_DOC_000026,2022.0,cross_taxa,high_confidence_stx_biosynthesis,alexandrium,DINO_TAXON,"CHARACTERIZATION OF THE SAXITOXIN BIOSYNTHETIC STARTING GENE, sxtA, IN THE TOXIC DINOFLAGELLATE, Pyrodinium bahamense var. compressum"
dino_post2015,STX_DOC_000026,2022.0,cross_taxa,high_confidence_stx_biosynthesis,alexandrium tamarense,DINO_TAXON,"CHARACTERIZATION OF THE SAXITOXIN BIOSYNTHETIC STARTING GENE, sxtA, IN THE TOXIC DINOFLAGELLATE, Pyrodinium bahamense var. compressum"
dino_post2015,STX_DOC_000026,2022.0,cross_taxa,high_confidence_stx_biosynthesis,alexandrium fundyense,DINO_TAXON,"CHARACTERIZATION OF THE SAXITOXIN BIOSYNTHETIC STARTING GENE, sxtA, IN THE TOXIC DINOFLAGELLATE, Pyrodinium bahamense var. compressum"
dino_post2015,STX_DOC_000026,2022.0,cross_taxa,high_confidence_stx_biosynthesis,pyrodinium,DINO_TAXON,"CHARACTERIZATION OF THE SAXITOXIN BIOSYNTHETIC STARTING GENE, sxtA, IN THE TOXIC DINOFLAGELLATE, Pyrodinium bahamense var. compressum"
dino_post2015,STX_DOC_000026,2022.0,cross_taxa,high_confidence_stx_biosynthesis,pyrodinium bahamense,DINO_TAXON,"CHARACTERIZATION OF THE SAXITOXIN BIOSYNTHETIC STARTING GENE, sxtA, IN THE TOXIC DINOFLAGELLATE, Pyrodinium bahamense var. compressum"
dino_post2015,STX_DOC_000026,2022.0,cross_taxa,high_confidence_stx_biosynthesis,cyanobacteria,CYANO_TAXON,"CHARACTERIZATION OF THE SAXITOXIN BIOSYNTHETIC STARTING GENE, sxtA, IN THE TOXIC DINOFLAGELLATE, Pyrodinium bahamense var. compressum"
dino_post2015,STX_DOC_000026,2022.0,cross_taxa,high_confidence_stx_biosynthesis,bloom,ENV_FACTOR,"CHARACTERIZATION OF THE SAXITOXIN BIOSYNTHETIC STARTING GENE, sxtA, IN THE TOXIC DINOFLAGELLATE, Pyrodinium bahamense var. compressum"
dino_post2015,STX_DOC_000026,2022.0,cross_taxa,high_confidence_stx_biosynthesis,biosynthesis,BIOLOGICAL_PROCESS,"CHARACTERIZATION OF THE SAXITOXIN BIOSYNTHETIC STARTING GENE, sxtA, IN THE TOXIC DINOFLAGELLATE, Pyrodinium bahamense var. compressum"
dino_post2015,STX_DOC_000026,2022.0,cross_taxa,high_confidence_stx_biosynthesis,saxitoxin biosynthesis,BIOLOGICAL_PROCESS,"CHARACTERIZATION OF THE SAXITOXIN BIOSYNTHETIC STARTING GENE, sxtA, IN THE TOXIC DINOFLAGELLATE, Pyrodinium bahamense var. compressum"
dino_post2015,STX_DOC_000026,2022.0,cross_taxa,high_confidence_stx_biosynthesis,expression,BIOLOGICAL_PROCESS,"CHARACTERIZATION OF THE SAXITOXIN BIOSYNTHETIC STARTING GENE, sxtA, IN THE TOXIC DINOFLAGELLATE, Pyrodinium bahamense var. compressum"
dino_post2015,STX_DOC_000027,2020.0,dinoflagellate,high_confidence_stx_biosynthesis,saxitoxin,TOXIN,Transcriptome survey and toxin measurements reveal evolutionary modification and loss of saxitoxin biosynthesis genes in the dinoflagellates Amphidinium carterae and Prorocentrum micans.
dino_post2015,STX_DOC_000027,2020.0,dinoflagellate,high_confidence_stx_biosynthesis,stx,TOXIN,Transcriptome survey and toxin measurements reveal evolutionary modification and loss of saxitoxin biosynthesis genes in the dinoflagellates Amphidinium carterae and Prorocentrum micans.
dino_post2015,STX_DOC_000027,2020.0,dinoflagellate,high_confidence_stx_biosynthesis,sxta,SXT_GENE,Transcriptome survey and toxin measurements reveal evolutionary modification and loss of saxitoxin biosynthesis genes in the dinoflagellates Amphidinium carterae and Prorocentrum micans.
dino_post2015,STX_DOC_000027,2020.0,dinoflagellate,high_confidence_stx_biosynthesis,sxtb,SXT_GENE,Transcriptome survey and toxin measurements reveal evolutionary modification and loss of saxitoxin biosynthesis genes in the dinoflagellates Amphidinium carterae and Prorocentrum micans.
dino_post2015,STX_DOC_000027,2020.0,dinoflagellate,high_confidence_stx_biosynthesis,sxtd,SXT_GENE,Transcriptome survey and toxin measurements reveal evolutionary modification and loss of saxitoxin biosynthesis genes in the dinoflagellates Amphidinium carterae and Prorocentrum micans.
dino_post2015,STX_DOC_000027,2020.0,dinoflagellate,high_confidence_stx_biosynthesis,sxtg,SXT_GENE,Transcriptome survey and toxin measurements reveal evolutionary modification and loss of saxitoxin biosynthesis genes in the dinoflagellates Amphidinium carterae and Prorocentrum micans.
dino_post2015,STX_DOC_000027,2020.0,dinoflagellate,high_confidence_stx_biosynthesis,sxt genes,SXT_GENE,Transcriptome survey and toxin measurements reveal evolutionary modification and loss of saxitoxin biosynthesis genes in the dinoflagellates Amphidinium carterae and Prorocentrum micans.
dino_post2015,STX_DOC_000027,2020.0,dinoflagellate,high_confidence_stx_biosynthesis,saxitoxin biosynthesis genes,SXT_GENE,Transcriptome survey and toxin measurements reveal evolutionary modification and loss of saxitoxin biosynthesis genes in the dinoflagellates Amphidinium carterae and Prorocentrum micans.
dino_post2015,STX_DOC_000027,2020.0,dinoflagellate,high_confidence_stx_biosynthesis,dinoflagellates,DINO_TAXON,Transcriptome survey and toxin measurements reveal evolutionary modification and loss of saxitoxin biosynthesis genes in the dinoflagellates Amphidinium carterae and Prorocentrum micans.
dino_post2015,STX_DOC_000027,2020.0,dinoflagellate,high_confidence_stx_biosynthesis,alexandrium,DINO_TAXON,Transcriptome survey and toxin measurements reveal evolutionary modification and loss of saxitoxin biosynthesis genes in the dinoflagellates Amphidinium carterae and Prorocentrum micans.
dino_post2015,STX_DOC_000027,2020.0,dinoflagellate,high_confidence_stx_biosynthesis,alexandrium pacificum,DINO_TAXON,Transcriptome survey and toxin measurements reveal evolutionary modification and loss of saxitoxin biosynthesis genes in the dinoflagellates Amphidinium carterae and Prorocentrum micans.
dino_post2015,STX_DOC_000027,2020.0,dinoflagellate,high_confidence_stx_biosynthesis,biosynthesis,BIOLOGICAL_PROCESS,Transcriptome survey and toxin measurements reveal evolutionary modification and loss of saxitoxin biosynthesis genes in the dinoflagellates Amphidinium carterae and Prorocentrum micans.
dino_post2015,STX_DOC_000027,2020.0,dinoflagellate,high_confidence_stx_biosynthesis,saxitoxin biosynthesis,BIOLOGICAL_PROCESS,Transcriptome survey and toxin measurements reveal evolutionary modification and loss of saxitoxin biosynthesis genes in the dinoflagellates Amphidinium carterae and Prorocentrum micans.
dino_post2015,STX_DOC_000027,2020.0,dinoflagellate,high_confidence_stx_biosynthesis,transcriptome,BIOLOGICAL_PROCESS,Transcriptome survey and toxin measurements reveal evolutionary modification and loss of saxitoxin biosynthesis genes in the dinoflagellates Amphidinium carterae and Prorocentrum micans.
dino_post2015,STX_DOC_000032,2023.0,dinoflagellate,dinoflagellate_stx,saxitoxin,TOXIN,Contamination status of paralytic shellfish toxins in shellfish from Southeastern China in 2017-2021.
dino_post2015,STX_DOC_000032,2023.0,dinoflagellate,dinoflagellate_stx,stx,TOXIN,Contamination status of paralytic shellfish toxins in shellfish from Southeastern China in 2017-2021.
dino_post2015,STX_DOC_000032,2023.0,dinoflagellate,dinoflagellate_stx,neosaxitoxin,TOXIN,Contamination status of paralytic shellfish toxins in shellfish from Southeastern China in 2017-2021.
dino_post2015,STX_DOC_000032,2023.0,dinoflagellate,dinoflagellate_stx,gonyautoxin,TOXIN,Contamination status of paralytic shellfish toxins in shellfish from Southeastern China in 2017-2021.
dino_post2015,STX_DOC_000032,2023.0,dinoflagellate,dinoflagellate_stx,paralytic shellfish toxins,TOXIN,Contamination status of paralytic shellfish toxins in shellfish from Southeastern China in 2017-2021.
dino_post2015,STX_DOC_000032,2023.0,dinoflagellate,dinoflagellate_stx,psts,TOXIN,Contamination status of paralytic shellfish toxins in shellfish from Southeastern China in 2017-2021.
dino_post2015,STX_DOC_000032,2023.0,dinoflagellate,dinoflagellate_stx,dinoflagellates,DINO_TAXON,Contamination status of paralytic shellfish toxins in shellfish from Southeastern China in 2017-2021.
dino_post2015,STX_DOC_000032,2023.0,dinoflagellate,dinoflagellate_stx,mass spectrometry,DETECTION_METHOD,Contamination status of paralytic shellfish toxins in shellfish from Southeastern China in 2017-2021.
dino_post2015,STX_DOC_000033,2023.0,cross_taxa,high_confidence_stx_biosynthesis,stx,TOXIN,Saxitoxins-producing potential of the marine dinoflagellate Alexandrium affine and its environmental implications revealed by toxins and transcriptome profiling.
dino_post2015,STX_DOC_000033,2023.0,cross_taxa,high_confidence_stx_biosynthesis,paralytic shellfish poisoning,TOXIN,Saxitoxins-producing potential of the marine dinoflagellate Alexandrium affine and its environmental implications revealed by toxins and transcriptome profiling.
dino_post2015,STX_DOC_000033,2023.0,cross_taxa,high_confidence_stx_biosynthesis,sxta4,SXT_GENE,Saxitoxins-producing potential of the marine dinoflagellate Alexandrium affine and its environmental implications revealed by toxins and transcriptome profiling.
dino_post2015,STX_DOC_000033,2023.0,cross_taxa,high_confidence_stx_biosynthesis,sxtg,SXT_GENE,Saxitoxins-producing potential of the marine dinoflagellate Alexandrium affine and its environmental implications revealed by toxins and transcriptome profiling.
dino_post2015,STX_DOC_000033,2023.0,cross_taxa,high_confidence_stx_biosynthesis,sxt genes,SXT_GENE,Saxitoxins-producing potential of the marine dinoflagellate Alexandrium affine and its environmental implications revealed by toxins and transcriptome profiling.
dino_post2015,STX_DOC_000033,2023.0,cross_taxa,high_confidence_stx_biosynthesis,dinoflagellate,DINO_TAXON,Saxitoxins-producing potential of the marine dinoflagellate Alexandrium affine and its environmental implications revealed by toxins and transcriptome profiling.
dino_post2015,STX_DOC_000033,2023.0,cross_taxa,high_confidence_stx_biosynthesis,dinoflagellates,DINO_TAXON,Saxitoxins-producing potential of the marine dinoflagellate Alexandrium affine and its environmental implications revealed by toxins and transcriptome profiling.
dino_post2015,STX_DOC_000033,2023.0,cross_taxa,high_confidence_stx_biosynthesis,alexandrium,DINO_TAXON,Saxitoxins-producing potential of the marine dinoflagellate Alexandrium affine and its environmental implications revealed by toxins and transcriptome profiling.
dino_post2015,STX_DOC_000033,2023.0,cross_taxa,high_confidence_stx_biosynthesis,alexandrium affine,DINO_TAXON,Saxitoxins-producing potential of the marine dinoflagellate Alexandrium affine and its environmental implications revealed by toxins and transcriptome profiling.
dino_post2015,STX_DOC_000033,2023.0,cross_taxa,high_confidence_stx_biosynthesis,cyanobacteria,CYANO_TAXON,Saxitoxins-producing potential of the marine dinoflagellate Alexandrium affine and its environmental implications revealed by toxins and transcriptome profiling.
dino_post2015,STX_DOC_000033,2023.0,cross_taxa,high_confidence_stx_biosynthesis,temperature,ENV_FACTOR,Saxitoxins-producing potential of the marine dinoflagellate Alexandrium affine and its environmental implications revealed by toxins and transcriptome profiling.
dino_post2015,STX_DOC_000033,2023.0,cross_taxa,high_confidence_stx_biosynthesis,nitrate,ENV_FACTOR,Saxitoxins-producing potential of the marine dinoflagellate Alexandrium affine and its environmental implications revealed by toxins and transcriptome profiling.
dino_post2015,STX_DOC_000033,2023.0,cross_taxa,high_confidence_stx_biosynthesis,bloom,ENV_FACTOR,Saxitoxins-producing potential of the marine dinoflagellate Alexandrium affine and its environmental implications revealed by toxins and transcriptome profiling.
dino_post2015,STX_DOC_000033,2023.0,cross_taxa,high_confidence_stx_biosynthesis,harmful algal bloom,ENV_FACTOR,Saxitoxins-producing potential of the marine dinoflagellate Alexandrium affine and its environmental implications revealed by toxins and transcriptome profiling.
dino_post2015,STX_DOC_000033,2023.0,cross_taxa,high_confidence_stx_biosynthesis,biosynthesis,BIOLOGICAL_PROCESS,Saxitoxins-producing potential of the marine dinoflagellate Alexandrium affine and its environmental implications revealed by toxins and transcriptome profiling.
dino_post2015,STX_DOC_000033,2023.0,cross_taxa,high_confidence_stx_biosynthesis,transcriptome,BIOLOGICAL_PROCESS,Saxitoxins-producing potential of the marine dinoflagellate Alexandrium affine and its environmental implications revealed by toxins and transcriptome profiling.
dino_post2015,STX_DOC_000033,2023.0,cross_taxa,high_confidence_stx_biosynthesis,toxicity,BIOLOGICAL_PROCESS,Saxitoxins-producing potential of the marine dinoflagellate Alexandrium affine and its environmental implications revealed by toxins and transcriptome profiling.
dino_post2015,STX_DOC_000034,2022.0,cross_taxa,high_confidence_stx_biosynthesis,saxitoxin,TOXIN,Unveiling the genomic structures and evolutionary events of the saxitoxin biosynthetic gene sxtA in the marine toxic dinoflagellate Alexandrium.
dino_post2015,STX_DOC_000034,2022.0,cross_taxa,high_confidence_stx_biosynthesis,stx,TOXIN,Unveiling the genomic structures and evolutionary events of the saxitoxin biosynthetic gene sxtA in the marine toxic dinoflagellate Alexandrium.
dino_post2015,STX_DOC_000034,2022.0,cross_taxa,high_confidence_stx_biosynthesis,paralytic shellfish poisoning,TOXIN,Unveiling the genomic structures and evolutionary events of the saxitoxin biosynthetic gene sxtA in the marine toxic dinoflagellate Alexandrium.
dino_post2015,STX_DOC_000034,2022.0,cross_taxa,high_confidence_stx_biosynthesis,sxta,SXT_GENE,Unveiling the genomic structures and evolutionary events of the saxitoxin biosynthetic gene sxtA in the marine toxic dinoflagellate Alexandrium.
dino_post2015,STX_DOC_000034,2022.0,cross_taxa,high_confidence_stx_biosynthesis,sxta4,SXT_GENE,Unveiling the genomic structures and evolutionary events of the saxitoxin biosynthetic gene sxtA in the marine toxic dinoflagellate Alexandrium.
dino_post2015,STX_DOC_000034,2022.0,cross_taxa,high_confidence_stx_biosynthesis,dinoflagellate,DINO_TAXON,Unveiling the genomic structures and evolutionary events of the saxitoxin biosynthetic gene sxtA in the marine toxic dinoflagellate Alexandrium.
dino_post2015,STX_DOC_000034,2022.0,cross_taxa,high_confidence_stx_biosynthesis,dinoflagellates,DINO_TAXON,Unveiling the genomic structures and evolutionary events of the saxitoxin biosynthetic gene sxtA in the marine toxic dinoflagellate Alexandrium.
dino_post2015,STX_DOC_000034,2022.0,cross_taxa,high_confidence_stx_biosynthesis,alexandrium,DINO_TAXON,Unveiling the genomic structures and evolutionary events of the saxitoxin biosynthetic gene sxtA in the marine toxic dinoflagellate Alexandrium.
dino_post2015,STX_DOC_000034,2022.0,cross_taxa,high_confidence_stx_biosynthesis,alexandrium catenella,DINO_TAXON,Unveiling the genomic structures and evolutionary events of the saxitoxin biosynthetic gene sxtA in the marine toxic dinoflagellate Alexandrium.
dino_post2015,STX_DOC_000034,2022.0,cross_taxa,high_confidence_stx_biosynthesis,cyanobacteria,CYANO_TAXON,Unveiling the genomic structures and evolutionary events of the saxitoxin biosynthetic gene sxtA in the marine toxic dinoflagellate Alexandrium.
dino_post2015,STX_DOC_000034,2022.0,cross_taxa,high_confidence_stx_biosynthesis,biosynthesis,BIOLOGICAL_PROCESS,Unveiling the genomic structures and evolutionary events of the saxitoxin biosynthetic gene sxtA in the marine toxic dinoflagellate Alexandrium.
dino_post2015,STX_DOC_000034,2022.0,cross_taxa,high_confidence_stx_biosynthesis,toxin biosynthesis,BIOLOGICAL_PROCESS,Unveiling the genomic structures and evolutionary events of the saxitoxin biosynthetic gene sxtA in the marine toxic dinoflagellate Alexandrium.
dino_post2015,STX_DOC_000034,2022.0,cross_taxa,high_confidence_stx_biosynthesis,phylogenetic,BIOLOGICAL_PROCESS,Unveiling the genomic structures and evolutionary events of the saxitoxin biosynthetic gene sxtA in the marine toxic dinoflagellate Alexandrium.
dino_post2015,STX_DOC_000037,2024.0,cross_taxa,high_confidence_stx_biosynthesis,saxitoxin,TOXIN,"Synthesis and Identification of decarbamoyloxySaxitoxins in Toxic Microalgae and their Reactions with the Oxygenase, SxtT, Reveal Saxitoxin Biosynthesis."
dino_post2015,STX_DOC_000037,2024.0,cross_taxa,high_confidence_stx_biosynthesis,stx,TOXIN,"Synthesis and Identification of decarbamoyloxySaxitoxins in Toxic Microalgae and their Reactions with the Oxygenase, SxtT, Reveal Saxitoxin Biosynthesis."
dino_post2015,STX_DOC_000037,2024.0,cross_taxa,high_confidence_stx_biosynthesis,paralytic shellfish toxins,TOXIN,"Synthesis and Identification of decarbamoyloxySaxitoxins in Toxic Microalgae and their Reactions with the Oxygenase, SxtT, Reveal Saxitoxin Biosynthesis."
dino_post2015,STX_DOC_000037,2024.0,cross_taxa,high_confidence_stx_biosynthesis,psts,TOXIN,"Synthesis and Identification of decarbamoyloxySaxitoxins in Toxic Microalgae and their Reactions with the Oxygenase, SxtT, Reveal Saxitoxin Biosynthesis."
dino_post2015,STX_DOC_000037,2024.0,cross_taxa,high_confidence_stx_biosynthesis,dinoflagellate,DINO_TAXON,"Synthesis and Identification of decarbamoyloxySaxitoxins in Toxic Microalgae and their Reactions with the Oxygenase, SxtT, Reveal Saxitoxin Biosynthesis."
dino_post2015,STX_DOC_000037,2024.0,cross_taxa,high_confidence_stx_biosynthesis,dinoflagellates,DINO_TAXON,"Synthesis and Identification of decarbamoyloxySaxitoxins in Toxic Microalgae and their Reactions with the Oxygenase, SxtT, Reveal Saxitoxin Biosynthesis."
dino_post2015,STX_DOC_000037,2024.0,cross_taxa,high_confidence_stx_biosynthesis,alexandrium,DINO_TAXON,"Synthesis and Identification of decarbamoyloxySaxitoxins in Toxic Microalgae and their Reactions with the Oxygenase, SxtT, Reveal Saxitoxin Biosynthesis."
dino_post2015,STX_DOC_000037,2024.0,cross_taxa,high_confidence_stx_biosynthesis,alexandrium catenella,DINO_TAXON,"Synthesis and Identification of decarbamoyloxySaxitoxins in Toxic Microalgae and their Reactions with the Oxygenase, SxtT, Reveal Saxitoxin Biosynthesis."
dino_post2015,STX_DOC_000037,2024.0,cross_taxa,high_confidence_stx_biosynthesis,gymnodinium,DINO_TAXON,"Synthesis and Identification of decarbamoyloxySaxitoxins in Toxic Microalgae and their Reactions with the Oxygenase, SxtT, Reveal Saxitoxin Biosynthesis."
dino_post2015,STX_DOC_000037,2024.0,cross_taxa,high_confidence_stx_biosynthesis,gymnodinium catenatum,DINO_TAXON,"Synthesis and Identification of decarbamoyloxySaxitoxins in Toxic Microalgae and their Reactions with the Oxygenase, SxtT, Reveal Saxitoxin Biosynthesis."
dino_post2015,STX_DOC_000037,2024.0,cross_taxa,high_confidence_stx_biosynthesis,cyanobacteria,CYANO_TAXON,"Synthesis and Identification of decarbamoyloxySaxitoxins in Toxic Microalgae and their Reactions with the Oxygenase, SxtT, Reveal Saxitoxin Biosynthesis."
dino_post2015,STX_DOC_000037,2024.0,cross_taxa,high_confidence_stx_biosynthesis,cyanobacterium,CYANO_TAXON,"Synthesis and Identification of decarbamoyloxySaxitoxins in Toxic Microalgae and their Reactions with the Oxygenase, SxtT, Reveal Saxitoxin Biosynthesis."
dino_post2015,STX_DOC_000037,2024.0,cross_taxa,high_confidence_stx_biosynthesis,dolichospermum,CYANO_TAXON,"Synthesis and Identification of decarbamoyloxySaxitoxins in Toxic Microalgae and their Reactions with the Oxygenase, SxtT, Reveal Saxitoxin Biosynthesis."
dino_post2015,STX_DOC_000037,2024.0,cross_taxa,high_confidence_stx_biosynthesis,biosynthesis,BIOLOGICAL_PROCESS,"Synthesis and Identification of decarbamoyloxySaxitoxins in Toxic Microalgae and their Reactions with the Oxygenase, SxtT, Reveal Saxitoxin Biosynthesis."
dino_post2015,STX_DOC_000037,2024.0,cross_taxa,high_confidence_stx_biosynthesis,saxitoxin biosynthesis,BIOLOGICAL_PROCESS,"Synthesis and Identification of decarbamoyloxySaxitoxins in Toxic Microalgae and their Reactions with the Oxygenase, SxtT, Reveal Saxitoxin Biosynthesis."
dino_post2015,STX_DOC_000038,2017.0,dinoflagellate,dinoflagellate_stx,saxitoxin,TOXIN,Proposed Biotransformation Pathways for New Metabolites of Paralytic Shellfish Toxins Based on Field and Experimental Mussel Samples.
dino_post2015,STX_DOC_000038,2017.0,dinoflagellate,dinoflagellate_stx,stx,TOXIN,Proposed Biotransformation Pathways for New Metabolites of Paralytic Shellfish Toxins Based on Field and Experimental Mussel Samples.
dino_post2015,STX_DOC_000038,2017.0,dinoflagellate,dinoflagellate_stx,neosaxitoxin,TOXIN,Proposed Biotransformation Pathways for New Metabolites of Paralytic Shellfish Toxins Based on Field and Experimental Mussel Samples.
dino_post2015,STX_DOC_000038,2017.0,dinoflagellate,dinoflagellate_stx,gonyautoxin,TOXIN,Proposed Biotransformation Pathways for New Metabolites of Paralytic Shellfish Toxins Based on Field and Experimental Mussel Samples.
dino_post2015,STX_DOC_000038,2017.0,dinoflagellate,dinoflagellate_stx,gtx,TOXIN,Proposed Biotransformation Pathways for New Metabolites of Paralytic Shellfish Toxins Based on Field and Experimental Mussel Samples.
dino_post2015,STX_DOC_000038,2017.0,dinoflagellate,dinoflagellate_stx,paralytic shellfish toxins,TOXIN,Proposed Biotransformation Pathways for New Metabolites of Paralytic Shellfish Toxins Based on Field and Experimental Mussel Samples.
dino_post2015,STX_DOC_000038,2017.0,dinoflagellate,dinoflagellate_stx,pst,TOXIN,Proposed Biotransformation Pathways for New Metabolites of Paralytic Shellfish Toxins Based on Field and Experimental Mussel Samples.
dino_post2015,STX_DOC_000038,2017.0,dinoflagellate,dinoflagellate_stx,psts,TOXIN,Proposed Biotransformation Pathways for New Metabolites of Paralytic Shellfish Toxins Based on Field and Experimental Mussel Samples.
dino_post2015,STX_DOC_000038,2017.0,dinoflagellate,dinoflagellate_stx,alexandrium,DINO_TAXON,Proposed Biotransformation Pathways for New Metabolites of Paralytic Shellfish Toxins Based on Field and Experimental Mussel Samples.
dino_post2015,STX_DOC_000038,2017.0,dinoflagellate,dinoflagellate_stx,alexandrium tamarense,DINO_TAXON,Proposed Biotransformation Pathways for New Metabolites of Paralytic Shellfish Toxins Based on Field and Experimental Mussel Samples.
dino_post2015,STX_DOC_000042,2018.0,cross_taxa,high_confidence_stx_biosynthesis,saxitoxin,TOXIN,Insertions within the Saxitoxin Biosynthetic Gene Cluster Result in Differential Toxin Profiles.
dino_post2015,STX_DOC_000042,2018.0,cross_taxa,high_confidence_stx_biosynthesis,neosaxitoxin,TOXIN,Insertions within the Saxitoxin Biosynthetic Gene Cluster Result in Differential Toxin Profiles.
dino_post2015,STX_DOC_000042,2018.0,cross_taxa,high_confidence_stx_biosynthesis,gonyautoxin,TOXIN,Insertions within the Saxitoxin Biosynthetic Gene Cluster Result in Differential Toxin Profiles.
dino_post2015,STX_DOC_000042,2018.0,cross_taxa,high_confidence_stx_biosynthesis,paralytic shellfish toxin,TOXIN,Insertions within the Saxitoxin Biosynthetic Gene Cluster Result in Differential Toxin Profiles.
dino_post2015,STX_DOC_000042,2018.0,cross_taxa,high_confidence_stx_biosynthesis,paralytic shellfish toxins,TOXIN,Insertions within the Saxitoxin Biosynthetic Gene Cluster Result in Differential Toxin Profiles.
dino_post2015,STX_DOC_000042,2018.0,cross_taxa,high_confidence_stx_biosynthesis,sxt gene,SXT_GENE,Insertions within the Saxitoxin Biosynthetic Gene Cluster Result in Differential Toxin Profiles.
dino_post2015,STX_DOC_000042,2018.0,cross_taxa,high_confidence_stx_biosynthesis,dinoflagellates,DINO_TAXON,Insertions within the Saxitoxin Biosynthetic Gene Cluster Result in Differential Toxin Profiles.
dino_post2015,STX_DOC_000042,2018.0,cross_taxa,high_confidence_stx_biosynthesis,cyanobacteria,CYANO_TAXON,Insertions within the Saxitoxin Biosynthetic Gene Cluster Result in Differential Toxin Profiles.
dino_post2015,STX_DOC_000042,2018.0,cross_taxa,high_confidence_stx_biosynthesis,scytonema,CYANO_TAXON,Insertions within the Saxitoxin Biosynthetic Gene Cluster Result in Differential Toxin Profiles.
dino_post2015,STX_DOC_000042,2018.0,cross_taxa,high_confidence_stx_biosynthesis,biosynthesis,BIOLOGICAL_PROCESS,Insertions within the Saxitoxin Biosynthetic Gene Cluster Result in Differential Toxin Profiles.
dino_post2015,STX_DOC_000042,2018.0,cross_taxa,high_confidence_stx_biosynthesis,toxin biosynthesis,BIOLOGICAL_PROCESS,Insertions within the Saxitoxin Biosynthetic Gene Cluster Result in Differential Toxin Profiles.
dino_post2015,STX_DOC_000044,2023.0,cross_taxa,high_confidence_stx_biosynthesis,saxitoxin,TOXIN,Amplification of Genes Associated with Saxitoxin Biosynthesis in Bacteria Associated with Pyrodinium bahamense var. compressum Using Primers Designed from Other Saxitoxin-Producing Organisms
dino_post2015,STX_DOC_000044,2023.0,cross_taxa,high_confidence_stx_biosynthesis,stx,TOXIN,Amplification of Genes Associated with Saxitoxin Biosynthesis in Bacteria Associated with Pyrodinium bahamense var. compressum Using Primers Designed from Other Saxitoxin-Producing Organisms
dino_post2015,STX_DOC_000044,2023.0,cross_taxa,high_confidence_stx_biosynthesis,sxt genes,SXT_GENE,Amplification of Genes Associated with Saxitoxin Biosynthesis in Bacteria Associated with Pyrodinium bahamense var. compressum Using Primers Designed from Other Saxitoxin-Producing Organisms
dino_post2015,STX_DOC_000044,2023.0,cross_taxa,high_confidence_stx_biosynthesis,dinoflagellate,DINO_TAXON,Amplification of Genes Associated with Saxitoxin Biosynthesis in Bacteria Associated with Pyrodinium bahamense var. compressum Using Primers Designed from Other Saxitoxin-Producing Organisms
dino_post2015,STX_DOC_000044,2023.0,cross_taxa,high_confidence_stx_biosynthesis,dinoflagellates,DINO_TAXON,Amplification of Genes Associated with Saxitoxin Biosynthesis in Bacteria Associated with Pyrodinium bahamense var. compressum Using Primers Designed from Other Saxitoxin-Producing Organisms
dino_post2015,STX_DOC_000044,2023.0,cross_taxa,high_confidence_stx_biosynthesis,alexandrium,DINO_TAXON,Amplification of Genes Associated with Saxitoxin Biosynthesis in Bacteria Associated with Pyrodinium bahamense var. compressum Using Primers Designed from Other Saxitoxin-Producing Organisms
dino_post2015,STX_DOC_000044,2023.0,cross_taxa,high_confidence_stx_biosynthesis,alexandrium fundyense,DINO_TAXON,Amplification of Genes Associated with Saxitoxin Biosynthesis in Bacteria Associated with Pyrodinium bahamense var. compressum Using Primers Designed from Other Saxitoxin-Producing Organisms
dino_post2015,STX_DOC_000044,2023.0,cross_taxa,high_confidence_stx_biosynthesis,pyrodinium,DINO_TAXON,Amplification of Genes Associated with Saxitoxin Biosynthesis in Bacteria Associated with Pyrodinium bahamense var. compressum Using Primers Designed from Other Saxitoxin-Producing Organisms
dino_post2015,STX_DOC_000044,2023.0,cross_taxa,high_confidence_stx_biosynthesis,pyrodinium bahamense,DINO_TAXON,Amplification of Genes Associated with Saxitoxin Biosynthesis in Bacteria Associated with Pyrodinium bahamense var. compressum Using Primers Designed from Other Saxitoxin-Producing Organisms
dino_post2015,STX_DOC_000044,2023.0,cross_taxa,high_confidence_stx_biosynthesis,cyanobacteria,CYANO_TAXON,Amplification of Genes Associated with Saxitoxin Biosynthesis in Bacteria Associated with Pyrodinium bahamense var. compressum Using Primers Designed from Other Saxitoxin-Producing Organisms
dino_post2015,STX_DOC_000044,2023.0,cross_taxa,high_confidence_stx_biosynthesis,aphanizomenon,CYANO_TAXON,Amplification of Genes Associated with Saxitoxin Biosynthesis in Bacteria Associated with Pyrodinium bahamense var. compressum Using Primers Designed from Other Saxitoxin-Producing Organisms
dino_post2015,STX_DOC_000044,2023.0,cross_taxa,high_confidence_stx_biosynthesis,anabaena,CYANO_TAXON,Amplification of Genes Associated with Saxitoxin Biosynthesis in Bacteria Associated with Pyrodinium bahamense var. compressum Using Primers Designed from Other Saxitoxin-Producing Organisms
dino_post2015,STX_DOC_000044,2023.0,cross_taxa,high_confidence_stx_biosynthesis,biosynthesis,BIOLOGICAL_PROCESS,Amplification of Genes Associated with Saxitoxin Biosynthesis in Bacteria Associated with Pyrodinium bahamense var. compressum Using Primers Designed from Other Saxitoxin-Producing Organisms
dino_post2015,STX_DOC_000044,2023.0,cross_taxa,high_confidence_stx_biosynthesis,saxitoxin biosynthesis,BIOLOGICAL_PROCESS,Amplification of Genes Associated with Saxitoxin Biosynthesis in Bacteria Associated with Pyrodinium bahamense var. compressum Using Primers Designed from Other Saxitoxin-Producing Organisms
dino_post2015,STX_DOC_000047,2025.0,dinoflagellate,high_confidence_stx_biosynthesis,saxitoxin,TOXIN,"Temperature-Driven Intraspecific Diversity in Paralytic Shellfish Toxin Profiles of the Dinoflagellate Alexandrium pacificum and Intragenic Variation in the Saxitoxin Biosynthetic Gene, sxtA4."
dino_post2015,STX_DOC_000047,2025.0,dinoflagellate,high_confidence_stx_biosynthesis,paralytic shellfish toxin,TOXIN,"Temperature-Driven Intraspecific Diversity in Paralytic Shellfish Toxin Profiles of the Dinoflagellate Alexandrium pacificum and Intragenic Variation in the Saxitoxin Biosynthetic Gene, sxtA4."
dino_post2015,STX_DOC_000047,2025.0,dinoflagellate,high_confidence_stx_biosynthesis,paralytic shellfish toxins,TOXIN,"Temperature-Driven Intraspecific Diversity in Paralytic Shellfish Toxin Profiles of the Dinoflagellate Alexandrium pacificum and Intragenic Variation in the Saxitoxin Biosynthetic Gene, sxtA4."
dino_post2015,STX_DOC_000047,2025.0,dinoflagellate,high_confidence_stx_biosynthesis,psts,TOXIN,"Temperature-Driven Intraspecific Diversity in Paralytic Shellfish Toxin Profiles of the Dinoflagellate Alexandrium pacificum and Intragenic Variation in the Saxitoxin Biosynthetic Gene, sxtA4."
dino_post2015,STX_DOC_000047,2025.0,dinoflagellate,high_confidence_stx_biosynthesis,sxta4,SXT_GENE,"Temperature-Driven Intraspecific Diversity in Paralytic Shellfish Toxin Profiles of the Dinoflagellate Alexandrium pacificum and Intragenic Variation in the Saxitoxin Biosynthetic Gene, sxtA4."
dino_post2015,STX_DOC_000047,2025.0,dinoflagellate,high_confidence_stx_biosynthesis,dinoflagellate,DINO_TAXON,"Temperature-Driven Intraspecific Diversity in Paralytic Shellfish Toxin Profiles of the Dinoflagellate Alexandrium pacificum and Intragenic Variation in the Saxitoxin Biosynthetic Gene, sxtA4."
dino_post2015,STX_DOC_000047,2025.0,dinoflagellate,high_confidence_stx_biosynthesis,alexandrium,DINO_TAXON,"Temperature-Driven Intraspecific Diversity in Paralytic Shellfish Toxin Profiles of the Dinoflagellate Alexandrium pacificum and Intragenic Variation in the Saxitoxin Biosynthetic Gene, sxtA4."
dino_post2015,STX_DOC_000047,2025.0,dinoflagellate,high_confidence_stx_biosynthesis,alexandrium pacificum,DINO_TAXON,"Temperature-Driven Intraspecific Diversity in Paralytic Shellfish Toxin Profiles of the Dinoflagellate Alexandrium pacificum and Intragenic Variation in the Saxitoxin Biosynthetic Gene, sxtA4."
dino_post2015,STX_DOC_000047,2025.0,dinoflagellate,high_confidence_stx_biosynthesis,temperature,ENV_FACTOR,"Temperature-Driven Intraspecific Diversity in Paralytic Shellfish Toxin Profiles of the Dinoflagellate Alexandrium pacificum and Intragenic Variation in the Saxitoxin Biosynthetic Gene, sxtA4."
dino_post2015,STX_DOC_000047,2025.0,dinoflagellate,high_confidence_stx_biosynthesis,biosynthesis,BIOLOGICAL_PROCESS,"Temperature-Driven Intraspecific Diversity in Paralytic Shellfish Toxin Profiles of the Dinoflagellate Alexandrium pacificum and Intragenic Variation in the Saxitoxin Biosynthetic Gene, sxtA4."
dino_post2015,STX_DOC_000047,2025.0,dinoflagellate,high_confidence_stx_biosynthesis,saxitoxin biosynthesis,BIOLOGICAL_PROCESS,"Temperature-Driven Intraspecific Diversity in Paralytic Shellfish Toxin Profiles of the Dinoflagellate Alexandrium pacificum and Intragenic Variation in the Saxitoxin Biosynthetic Gene, sxtA4."
dino_post2015,STX_DOC_000047,2025.0,dinoflagellate,high_confidence_stx_biosynthesis,toxin production,BIOLOGICAL_PROCESS,"Temperature-Driven Intraspecific Diversity in Paralytic Shellfish Toxin Profiles of the Dinoflagellate Alexandrium pacificum and Intragenic Variation in the Saxitoxin Biosynthetic Gene, sxtA4."
dino_post2015,STX_DOC_000048,2021.0,dinoflagellate,high_confidence_stx_biosynthesis,saxitoxin,TOXIN,From the <i>sxtA4</i> Gene to Saxitoxin Production: What Controls the Variability Among <i>Alexandrium minutum</i> and <i>Alexandrium pacificum</i> Strains?
dino_post2015,STX_DOC_000048,2021.0,dinoflagellate,high_confidence_stx_biosynthesis,paralytic shellfish toxins,TOXIN,From the <i>sxtA4</i> Gene to Saxitoxin Production: What Controls the Variability Among <i>Alexandrium minutum</i> and <i>Alexandrium pacificum</i> Strains?
dino_post2015,STX_DOC_000048,2021.0,dinoflagellate,high_confidence_stx_biosynthesis,pst,TOXIN,From the <i>sxtA4</i> Gene to Saxitoxin Production: What Controls the Variability Among <i>Alexandrium minutum</i> and <i>Alexandrium pacificum</i> Strains?
dino_post2015,STX_DOC_000048,2021.0,dinoflagellate,high_confidence_stx_biosynthesis,psts,TOXIN,From the <i>sxtA4</i> Gene to Saxitoxin Production: What Controls the Variability Among <i>Alexandrium minutum</i> and <i>Alexandrium pacificum</i> Strains?
dino_post2015,STX_DOC_000048,2021.0,dinoflagellate,high_confidence_stx_biosynthesis,paralytic shellfish poisoning,TOXIN,From the <i>sxtA4</i> Gene to Saxitoxin Production: What Controls the Variability Among <i>Alexandrium minutum</i> and <i>Alexandrium pacificum</i> Strains?
dino_post2015,STX_DOC_000048,2021.0,dinoflagellate,high_confidence_stx_biosynthesis,sxta,SXT_GENE,From the <i>sxtA4</i> Gene to Saxitoxin Production: What Controls the Variability Among <i>Alexandrium minutum</i> and <i>Alexandrium pacificum</i> Strains?
dino_post2015,STX_DOC_000048,2021.0,dinoflagellate,high_confidence_stx_biosynthesis,sxta4,SXT_GENE,From the <i>sxtA4</i> Gene to Saxitoxin Production: What Controls the Variability Among <i>Alexandrium minutum</i> and <i>Alexandrium pacificum</i> Strains?
dino_post2015,STX_DOC_000048,2021.0,dinoflagellate,high_confidence_stx_biosynthesis,dinoflagellates,DINO_TAXON,From the <i>sxtA4</i> Gene to Saxitoxin Production: What Controls the Variability Among <i>Alexandrium minutum</i> and <i>Alexandrium pacificum</i> Strains?
dino_post2015,STX_DOC_000048,2021.0,dinoflagellate,high_confidence_stx_biosynthesis,alexandrium,DINO_TAXON,From the <i>sxtA4</i> Gene to Saxitoxin Production: What Controls the Variability Among <i>Alexandrium minutum</i> and <i>Alexandrium pacificum</i> Strains?
dino_post2015,STX_DOC_000048,2021.0,dinoflagellate,high_confidence_stx_biosynthesis,alexandrium minutum,DINO_TAXON,From the <i>sxtA4</i> Gene to Saxitoxin Production: What Controls the Variability Among <i>Alexandrium minutum</i> and <i>Alexandrium pacificum</i> Strains?
dino_post2015,STX_DOC_000048,2021.0,dinoflagellate,high_confidence_stx_biosynthesis,alexandrium pacificum,DINO_TAXON,From the <i>sxtA4</i> Gene to Saxitoxin Production: What Controls the Variability Among <i>Alexandrium minutum</i> and <i>Alexandrium pacificum</i> Strains?
dino_post2015,STX_DOC_000048,2021.0,dinoflagellate,high_confidence_stx_biosynthesis,regulation,BIOLOGICAL_PROCESS,From the <i>sxtA4</i> Gene to Saxitoxin Production: What Controls the Variability Among <i>Alexandrium minutum</i> and <i>Alexandrium pacificum</i> Strains?
dino_post2015,STX_DOC_000048,2021.0,dinoflagellate,high_confidence_stx_biosynthesis,expression,BIOLOGICAL_PROCESS,From the <i>sxtA4</i> Gene to Saxitoxin Production: What Controls the Variability Among <i>Alexandrium minutum</i> and <i>Alexandrium pacificum</i> Strains?
dino_post2015,STX_DOC_000048,2021.0,dinoflagellate,high_confidence_stx_biosynthesis,gene expression,BIOLOGICAL_PROCESS,From the <i>sxtA4</i> Gene to Saxitoxin Production: What Controls the Variability Among <i>Alexandrium minutum</i> and <i>Alexandrium pacificum</i> Strains?
dino_post2015,STX_DOC_000048,2021.0,dinoflagellate,high_confidence_stx_biosynthesis,toxin production,BIOLOGICAL_PROCESS,From the <i>sxtA4</i> Gene to Saxitoxin Production: What Controls the Variability Among <i>Alexandrium minutum</i> and <i>Alexandrium pacificum</i> Strains?
dino_post2015,STX_DOC_000049,2018.0,dinoflagellate,dinoflagellate_stx,saxitoxin,TOXIN,Single-Laboratory Validation of the Neogen Qualitative Lateral Flow Immunoassay for the Detection of Paralytic Shellfish Toxins in Mussels and Oysters.
dino_post2015,STX_DOC_000049,2018.0,dinoflagellate,dinoflagellate_stx,stx,TOXIN,Single-Laboratory Validation of the Neogen Qualitative Lateral Flow Immunoassay for the Detection of Paralytic Shellfish Toxins in Mussels and Oysters.
dino_post2015,STX_DOC_000049,2018.0,dinoflagellate,dinoflagellate_stx,neosaxitoxin,TOXIN,Single-Laboratory Validation of the Neogen Qualitative Lateral Flow Immunoassay for the Detection of Paralytic Shellfish Toxins in Mussels and Oysters.
dino_post2015,STX_DOC_000049,2018.0,dinoflagellate,dinoflagellate_stx,paralytic shellfish toxins,TOXIN,Single-Laboratory Validation of the Neogen Qualitative Lateral Flow Immunoassay for the Detection of Paralytic Shellfish Toxins in Mussels and Oysters.
dino_post2015,STX_DOC_000049,2018.0,dinoflagellate,dinoflagellate_stx,pst,TOXIN,Single-Laboratory Validation of the Neogen Qualitative Lateral Flow Immunoassay for the Detection of Paralytic Shellfish Toxins in Mussels and Oysters.
dino_post2015,STX_DOC_000049,2018.0,dinoflagellate,dinoflagellate_stx,psts,TOXIN,Single-Laboratory Validation of the Neogen Qualitative Lateral Flow Immunoassay for the Detection of Paralytic Shellfish Toxins in Mussels and Oysters.
dino_post2015,STX_DOC_000049,2018.0,dinoflagellate,dinoflagellate_stx,alexandrium,DINO_TAXON,Single-Laboratory Validation of the Neogen Qualitative Lateral Flow Immunoassay for the Detection of Paralytic Shellfish Toxins in Mussels and Oysters.
dino_post2015,STX_DOC_000049,2018.0,dinoflagellate,dinoflagellate_stx,alexandrium tamarense,DINO_TAXON,Single-Laboratory Validation of the Neogen Qualitative Lateral Flow Immunoassay for the Detection of Paralytic Shellfish Toxins in Mussels and Oysters.
dino_post2015,STX_DOC_000056,2021.0,dinoflagellate,high_confidence_stx_biosynthesis,stx,TOXIN,"Salinity Affects Saxitoxins (STXs) Toxicity in the Dinoflagellate <i>Alexandrium pacificum</i>, with Low Transcription of SXT-Biosynthesis Genes <i>sxtA4</i> and <i>sxtG</i>."
dino_post2015,STX_DOC_000056,2021.0,dinoflagellate,high_confidence_stx_biosynthesis,sxta4,SXT_GENE,"Salinity Affects Saxitoxins (STXs) Toxicity in the Dinoflagellate <i>Alexandrium pacificum</i>, with Low Transcription of SXT-Biosynthesis Genes <i>sxtA4</i> and <i>sxtG</i>."
dino_post2015,STX_DOC_000056,2021.0,dinoflagellate,high_confidence_stx_biosynthesis,sxtg,SXT_GENE,"Salinity Affects Saxitoxins (STXs) Toxicity in the Dinoflagellate <i>Alexandrium pacificum</i>, with Low Transcription of SXT-Biosynthesis Genes <i>sxtA4</i> and <i>sxtG</i>."
dino_post2015,STX_DOC_000056,2021.0,dinoflagellate,high_confidence_stx_biosynthesis,dinoflagellate,DINO_TAXON,"Salinity Affects Saxitoxins (STXs) Toxicity in the Dinoflagellate <i>Alexandrium pacificum</i>, with Low Transcription of SXT-Biosynthesis Genes <i>sxtA4</i> and <i>sxtG</i>."
dino_post2015,STX_DOC_000056,2021.0,dinoflagellate,high_confidence_stx_biosynthesis,dinoflagellates,DINO_TAXON,"Salinity Affects Saxitoxins (STXs) Toxicity in the Dinoflagellate <i>Alexandrium pacificum</i>, with Low Transcription of SXT-Biosynthesis Genes <i>sxtA4</i> and <i>sxtG</i>."
dino_post2015,STX_DOC_000056,2021.0,dinoflagellate,high_confidence_stx_biosynthesis,alexandrium,DINO_TAXON,"Salinity Affects Saxitoxins (STXs) Toxicity in the Dinoflagellate <i>Alexandrium pacificum</i>, with Low Transcription of SXT-Biosynthesis Genes <i>sxtA4</i> and <i>sxtG</i>."
dino_post2015,STX_DOC_000056,2021.0,dinoflagellate,high_confidence_stx_biosynthesis,alexandrium pacificum,DINO_TAXON,"Salinity Affects Saxitoxins (STXs) Toxicity in the Dinoflagellate <i>Alexandrium pacificum</i>, with Low Transcription of SXT-Biosynthesis Genes <i>sxtA4</i> and <i>sxtG</i>."
dino_post2015,STX_DOC_000056,2021.0,dinoflagellate,high_confidence_stx_biosynthesis,salinity,ENV_FACTOR,"Salinity Affects Saxitoxins (STXs) Toxicity in the Dinoflagellate <i>Alexandrium pacificum</i>, with Low Transcription of SXT-Biosynthesis Genes <i>sxtA4</i> and <i>sxtG</i>."
dino_post2015,STX_DOC_000056,2021.0,dinoflagellate,high_confidence_stx_biosynthesis,biosynthesis,BIOLOGICAL_PROCESS,"Salinity Affects Saxitoxins (STXs) Toxicity in the Dinoflagellate <i>Alexandrium pacificum</i>, with Low Transcription of SXT-Biosynthesis Genes <i>sxtA4</i> and <i>sxtG</i>."
dino_post2015,STX_DOC_000056,2021.0,dinoflagellate,high_confidence_stx_biosynthesis,expression,BIOLOGICAL_PROCESS,"Salinity Affects Saxitoxins (STXs) Toxicity in the Dinoflagellate <i>Alexandrium pacificum</i>, with Low Transcription of SXT-Biosynthesis Genes <i>sxtA4</i> and <i>sxtG</i>."
dino_post2015,STX_DOC_000056,2021.0,dinoflagellate,high_confidence_stx_biosynthesis,transcription,BIOLOGICAL_PROCESS,"Salinity Affects Saxitoxins (STXs) Toxicity in the Dinoflagellate <i>Alexandrium pacificum</i>, with Low Transcription of SXT-Biosynthesis Genes <i>sxtA4</i> and <i>sxtG</i>."
dino_post2015,STX_DOC_000056,2021.0,dinoflagellate,high_confidence_stx_biosynthesis,toxicity,BIOLOGICAL_PROCESS,"Salinity Affects Saxitoxins (STXs) Toxicity in the Dinoflagellate <i>Alexandrium pacificum</i>, with Low Transcription of SXT-Biosynthesis Genes <i>sxtA4</i> and <i>sxtG</i>."
dino_post2015,STX_DOC_000056,2021.0,dinoflagellate,high_confidence_stx_biosynthesis,toxin production,BIOLOGICAL_PROCESS,"Salinity Affects Saxitoxins (STXs) Toxicity in the Dinoflagellate <i>Alexandrium pacificum</i>, with Low Transcription of SXT-Biosynthesis Genes <i>sxtA4</i> and <i>sxtG</i>."
dino_post2015,STX_DOC_000057,2020.0,dinoflagellate,dinoflagellate_stx,paralytic shellfish toxins,TOXIN,First Report of Paralytic Shellfish Toxins in Marine Invertebrates and Fish in Spain
dino_post2015,STX_DOC_000057,2020.0,dinoflagellate,dinoflagellate_stx,psts,TOXIN,First Report of Paralytic Shellfish Toxins in Marine Invertebrates and Fish in Spain
dino_post2015,STX_DOC_000057,2020.0,dinoflagellate,dinoflagellate_stx,paralytic shellfish poisoning,TOXIN,First Report of Paralytic Shellfish Toxins in Marine Invertebrates and Fish in Spain
dino_post2015,STX_DOC_000057,2020.0,dinoflagellate,dinoflagellate_stx,dinoflagellate,DINO_TAXON,First Report of Paralytic Shellfish Toxins in Marine Invertebrates and Fish in Spain
dino_post2015,STX_DOC_000057,2020.0,dinoflagellate,dinoflagellate_stx,alexandrium,DINO_TAXON,First Report of Paralytic Shellfish Toxins in Marine Invertebrates and Fish in Spain
dino_post2015,STX_DOC_000057,2020.0,dinoflagellate,dinoflagellate_stx,alexandrium minutum,DINO_TAXON,First Report of Paralytic Shellfish Toxins in Marine Invertebrates and Fish in Spain
dino_post2015,STX_DOC_000057,2020.0,dinoflagellate,dinoflagellate_stx,bloom,ENV_FACTOR,First Report of Paralytic Shellfish Toxins in Marine Invertebrates and Fish in Spain
dino_post2015,STX_DOC_000057,2020.0,dinoflagellate,dinoflagellate_stx,harmful algal bloom,ENV_FACTOR,First Report of Paralytic Shellfish Toxins in Marine Invertebrates and Fish in Spain
dino_post2015,STX_DOC_000057,2020.0,dinoflagellate,dinoflagellate_stx,hplc,DETECTION_METHOD,First Report of Paralytic Shellfish Toxins in Marine Invertebrates and Fish in Spain
dino_post2015,STX_DOC_000058,2018.0,dinoflagellate,high_confidence_stx_biosynthesis,paralytic shellfish toxins,TOXIN,iTRAQ-Based Quantitative Proteomic Analysis of a Toxigenic Dinoflagellate <i>Alexandrium catenella</i> at Different Stages of Toxin Biosynthesis during the Cell Cycle.
dino_post2015,STX_DOC_000058,2018.0,dinoflagellate,high_confidence_stx_biosynthesis,pst,TOXIN,iTRAQ-Based Quantitative Proteomic Analysis of a Toxigenic Dinoflagellate <i>Alexandrium catenella</i> at Different Stages of Toxin Biosynthesis during the Cell Cycle.
dino_post2015,STX_DOC_000058,2018.0,dinoflagellate,high_confidence_stx_biosynthesis,psts,TOXIN,iTRAQ-Based Quantitative Proteomic Analysis of a Toxigenic Dinoflagellate <i>Alexandrium catenella</i> at Different Stages of Toxin Biosynthesis during the Cell Cycle.
dino_post2015,STX_DOC_000058,2018.0,dinoflagellate,high_confidence_stx_biosynthesis,sxta,SXT_GENE,iTRAQ-Based Quantitative Proteomic Analysis of a Toxigenic Dinoflagellate <i>Alexandrium catenella</i> at Different Stages of Toxin Biosynthesis during the Cell Cycle.
dino_post2015,STX_DOC_000058,2018.0,dinoflagellate,high_confidence_stx_biosynthesis,sxti,SXT_GENE,iTRAQ-Based Quantitative Proteomic Analysis of a Toxigenic Dinoflagellate <i>Alexandrium catenella</i> at Different Stages of Toxin Biosynthesis during the Cell Cycle.
dino_post2015,STX_DOC_000058,2018.0,dinoflagellate,high_confidence_stx_biosynthesis,dinoflagellate,DINO_TAXON,iTRAQ-Based Quantitative Proteomic Analysis of a Toxigenic Dinoflagellate <i>Alexandrium catenella</i> at Different Stages of Toxin Biosynthesis during the Cell Cycle.
dino_post2015,STX_DOC_000058,2018.0,dinoflagellate,high_confidence_stx_biosynthesis,dinoflagellates,DINO_TAXON,iTRAQ-Based Quantitative Proteomic Analysis of a Toxigenic Dinoflagellate <i>Alexandrium catenella</i> at Different Stages of Toxin Biosynthesis during the Cell Cycle.
dino_post2015,STX_DOC_000058,2018.0,dinoflagellate,high_confidence_stx_biosynthesis,alexandrium,DINO_TAXON,iTRAQ-Based Quantitative Proteomic Analysis of a Toxigenic Dinoflagellate <i>Alexandrium catenella</i> at Different Stages of Toxin Biosynthesis during the Cell Cycle.
dino_post2015,STX_DOC_000058,2018.0,dinoflagellate,high_confidence_stx_biosynthesis,alexandrium catenella,DINO_TAXON,iTRAQ-Based Quantitative Proteomic Analysis of a Toxigenic Dinoflagellate <i>Alexandrium catenella</i> at Different Stages of Toxin Biosynthesis during the Cell Cycle.
dino_post2015,STX_DOC_000058,2018.0,dinoflagellate,high_confidence_stx_biosynthesis,nitrogen,ENV_FACTOR,iTRAQ-Based Quantitative Proteomic Analysis of a Toxigenic Dinoflagellate <i>Alexandrium catenella</i> at Different Stages of Toxin Biosynthesis during the Cell Cycle.
dino_post2015,STX_DOC_000058,2018.0,dinoflagellate,high_confidence_stx_biosynthesis,biosynthesis,BIOLOGICAL_PROCESS,iTRAQ-Based Quantitative Proteomic Analysis of a Toxigenic Dinoflagellate <i>Alexandrium catenella</i> at Different Stages of Toxin Biosynthesis during the Cell Cycle.
dino_post2015,STX_DOC_000058,2018.0,dinoflagellate,high_confidence_stx_biosynthesis,toxin biosynthesis,BIOLOGICAL_PROCESS,iTRAQ-Based Quantitative Proteomic Analysis of a Toxigenic Dinoflagellate <i>Alexandrium catenella</i> at Different Stages of Toxin Biosynthesis during the Cell Cycle.
dino_post2015,STX_DOC_000058,2018.0,dinoflagellate,high_confidence_stx_biosynthesis,regulation,BIOLOGICAL_PROCESS,iTRAQ-Based Quantitative Proteomic Analysis of a Toxigenic Dinoflagellate <i>Alexandrium catenella</i> at Different Stages of Toxin Biosynthesis during the Cell Cycle.
dino_post2015,STX_DOC_000058,2018.0,dinoflagellate,high_confidence_stx_biosynthesis,expression,BIOLOGICAL_PROCESS,iTRAQ-Based Quantitative Proteomic Analysis of a Toxigenic Dinoflagellate <i>Alexandrium catenella</i> at Different Stages of Toxin Biosynthesis during the Cell Cycle.
dino_post2015,STX_DOC_000059,2018.0,dinoflagellate,dinoflagellate_stx,saxitoxin,TOXIN,Occurrence of Marine Biotoxins and Shellfish Poisoning Events and Their Causative Organisms in Argentine Marine Waters
dino_post2015,STX_DOC_000059,2018.0,dinoflagellate,dinoflagellate_stx,stx,TOXIN,Occurrence of Marine Biotoxins and Shellfish Poisoning Events and Their Causative Organisms in Argentine Marine Waters
dino_post2015,STX_DOC_000059,2018.0,dinoflagellate,dinoflagellate_stx,neosaxitoxin,TOXIN,Occurrence of Marine Biotoxins and Shellfish Poisoning Events and Their Causative Organisms in Argentine Marine Waters
dino_post2015,STX_DOC_000059,2018.0,dinoflagellate,dinoflagellate_stx,paralytic shellfish poisoning,TOXIN,Occurrence of Marine Biotoxins and Shellfish Poisoning Events and Their Causative Organisms in Argentine Marine Waters
dino_post2015,STX_DOC_000059,2018.0,dinoflagellate,dinoflagellate_stx,dinoflagellate,DINO_TAXON,Occurrence of Marine Biotoxins and Shellfish Poisoning Events and Their Causative Organisms in Argentine Marine Waters
dino_post2015,STX_DOC_000059,2018.0,dinoflagellate,dinoflagellate_stx,alexandrium,DINO_TAXON,Occurrence of Marine Biotoxins and Shellfish Poisoning Events and Their Causative Organisms in Argentine Marine Waters
dino_post2015,STX_DOC_000059,2018.0,dinoflagellate,dinoflagellate_stx,alexandrium catenella,DINO_TAXON,Occurrence of Marine Biotoxins and Shellfish Poisoning Events and Their Causative Organisms in Argentine Marine Waters
dino_post2015,STX_DOC_000059,2018.0,dinoflagellate,dinoflagellate_stx,gymnodinium,DINO_TAXON,Occurrence of Marine Biotoxins and Shellfish Poisoning Events and Their Causative Organisms in Argentine Marine Waters
dino_post2015,STX_DOC_000059,2018.0,dinoflagellate,dinoflagellate_stx,gymnodinium catenatum,DINO_TAXON,Occurrence of Marine Biotoxins and Shellfish Poisoning Events and Their Causative Organisms in Argentine Marine Waters
dino_post2015,STX_DOC_000059,2018.0,dinoflagellate,dinoflagellate_stx,protoceratium,DINO_TAXON,Occurrence of Marine Biotoxins and Shellfish Poisoning Events and Their Causative Organisms in Argentine Marine Waters
dino_post2015,STX_DOC_000059,2018.0,dinoflagellate,dinoflagellate_stx,protoceratium reticulatum,DINO_TAXON,Occurrence of Marine Biotoxins and Shellfish Poisoning Events and Their Causative Organisms in Argentine Marine Waters
dino_post2015,STX_DOC_000059,2018.0,dinoflagellate,dinoflagellate_stx,toxicity,BIOLOGICAL_PROCESS,Occurrence of Marine Biotoxins and Shellfish Poisoning Events and Their Causative Organisms in Argentine Marine Waters
dino_post2015,STX_DOC_000064,2026.0,dinoflagellate,dinoflagellate_stx,saxitoxin,TOXIN,Temporal dynamics of cellular differentiation and paralytic shellfish toxin diversification in Centrodinium punctatum.
dino_post2015,STX_DOC_000064,2026.0,dinoflagellate,dinoflagellate_stx,stx,TOXIN,Temporal dynamics of cellular differentiation and paralytic shellfish toxin diversification in Centrodinium punctatum.
dino_post2015,STX_DOC_000064,2026.0,dinoflagellate,dinoflagellate_stx,paralytic shellfish toxin,TOXIN,Temporal dynamics of cellular differentiation and paralytic shellfish toxin diversification in Centrodinium punctatum.
dino_post2015,STX_DOC_000064,2026.0,dinoflagellate,dinoflagellate_stx,paralytic shellfish toxins,TOXIN,Temporal dynamics of cellular differentiation and paralytic shellfish toxin diversification in Centrodinium punctatum.
dino_post2015,STX_DOC_000064,2026.0,dinoflagellate,dinoflagellate_stx,pst,TOXIN,Temporal dynamics of cellular differentiation and paralytic shellfish toxin diversification in Centrodinium punctatum.
dino_post2015,STX_DOC_000064,2026.0,dinoflagellate,dinoflagellate_stx,psts,TOXIN,Temporal dynamics of cellular differentiation and paralytic shellfish toxin diversification in Centrodinium punctatum.
dino_post2015,STX_DOC_000064,2026.0,dinoflagellate,dinoflagellate_stx,dinoflagellates,DINO_TAXON,Temporal dynamics of cellular differentiation and paralytic shellfish toxin diversification in Centrodinium punctatum.
dino_post2015,STX_DOC_000064,2026.0,dinoflagellate,dinoflagellate_stx,centrodinium,DINO_TAXON,Temporal dynamics of cellular differentiation and paralytic shellfish toxin diversification in Centrodinium punctatum.
dino_post2015,STX_DOC_000064,2026.0,dinoflagellate,dinoflagellate_stx,centrodinium punctatum,DINO_TAXON,Temporal dynamics of cellular differentiation and paralytic shellfish toxin diversification in Centrodinium punctatum.
dino_post2015,STX_DOC_000064,2026.0,dinoflagellate,dinoflagellate_stx,bloom,ENV_FACTOR,Temporal dynamics of cellular differentiation and paralytic shellfish toxin diversification in Centrodinium punctatum.
dino_post2015,STX_DOC_000064,2026.0,dinoflagellate,dinoflagellate_stx,harmful algal bloom,ENV_FACTOR,Temporal dynamics of cellular differentiation and paralytic shellfish toxin diversification in Centrodinium punctatum.
dino_post2015,STX_DOC_000064,2026.0,dinoflagellate,dinoflagellate_stx,biosynthesis,BIOLOGICAL_PROCESS,Temporal dynamics of cellular differentiation and paralytic shellfish toxin diversification in Centrodinium punctatum.
dino_post2015,STX_DOC_000064,2026.0,dinoflagellate,dinoflagellate_stx,expression,BIOLOGICAL_PROCESS,Temporal dynamics of cellular differentiation and paralytic shellfish toxin diversification in Centrodinium punctatum.
dino_post2015,STX_DOC_000064,2026.0,dinoflagellate,dinoflagellate_stx,gene expression,BIOLOGICAL_PROCESS,Temporal dynamics of cellular differentiation and paralytic shellfish toxin diversification in Centrodinium punctatum.
dino_post2015,STX_DOC_000064,2026.0,dinoflagellate,dinoflagellate_stx,toxicity,BIOLOGICAL_PROCESS,Temporal dynamics of cellular differentiation and paralytic shellfish toxin diversification in Centrodinium punctatum.
dino_post2015,STX_DOC_000064,2026.0,dinoflagellate,dinoflagellate_stx,hplc,DETECTION_METHOD,Temporal dynamics of cellular differentiation and paralytic shellfish toxin diversification in Centrodinium punctatum.
dino_post2015,STX_DOC_000065,2022.0,dinoflagellate,dinoflagellate_stx,saxitoxin,TOXIN,Paralytic shellfish toxins in Alaskan Arctic food webs during the anomalously warm ocean conditions of 2019 and estimated toxin doses to Pacific walruses and bowhead whales.
dino_post2015,STX_DOC_000065,2022.0,dinoflagellate,dinoflagellate_stx,stx,TOXIN,Paralytic shellfish toxins in Alaskan Arctic food webs during the anomalously warm ocean conditions of 2019 and estimated toxin doses to Pacific walruses and bowhead whales.
dino_post2015,STX_DOC_000065,2022.0,dinoflagellate,dinoflagellate_stx,paralytic shellfish toxin,TOXIN,Paralytic shellfish toxins in Alaskan Arctic food webs during the anomalously warm ocean conditions of 2019 and estimated toxin doses to Pacific walruses and bowhead whales.
dino_post2015,STX_DOC_000065,2022.0,dinoflagellate,dinoflagellate_stx,paralytic shellfish toxins,TOXIN,Paralytic shellfish toxins in Alaskan Arctic food webs during the anomalously warm ocean conditions of 2019 and estimated toxin doses to Pacific walruses and bowhead whales.
dino_post2015,STX_DOC_000065,2022.0,dinoflagellate,dinoflagellate_stx,pst,TOXIN,Paralytic shellfish toxins in Alaskan Arctic food webs during the anomalously warm ocean conditions of 2019 and estimated toxin doses to Pacific walruses and bowhead whales.
dino_post2015,STX_DOC_000065,2022.0,dinoflagellate,dinoflagellate_stx,psts,TOXIN,Paralytic shellfish toxins in Alaskan Arctic food webs during the anomalously warm ocean conditions of 2019 and estimated toxin doses to Pacific walruses and bowhead whales.
dino_post2015,STX_DOC_000065,2022.0,dinoflagellate,dinoflagellate_stx,paralytic shellfish poisoning,TOXIN,Paralytic shellfish toxins in Alaskan Arctic food webs during the anomalously warm ocean conditions of 2019 and estimated toxin doses to Pacific walruses and bowhead whales.
dino_post2015,STX_DOC_000065,2022.0,dinoflagellate,dinoflagellate_stx,dinoflagellate,DINO_TAXON,Paralytic shellfish toxins in Alaskan Arctic food webs during the anomalously warm ocean conditions of 2019 and estimated toxin doses to Pacific walruses and bowhead whales.
dino_post2015,STX_DOC_000065,2022.0,dinoflagellate,dinoflagellate_stx,alexandrium,DINO_TAXON,Paralytic shellfish toxins in Alaskan Arctic food webs during the anomalously warm ocean conditions of 2019 and estimated toxin doses to Pacific walruses and bowhead whales.
dino_post2015,STX_DOC_000065,2022.0,dinoflagellate,dinoflagellate_stx,alexandrium catenella,DINO_TAXON,Paralytic shellfish toxins in Alaskan Arctic food webs during the anomalously warm ocean conditions of 2019 and estimated toxin doses to Pacific walruses and bowhead whales.
dino_post2015,STX_DOC_000065,2022.0,dinoflagellate,dinoflagellate_stx,warming,ENV_FACTOR,Paralytic shellfish toxins in Alaskan Arctic food webs during the anomalously warm ocean conditions of 2019 and estimated toxin doses to Pacific walruses and bowhead whales.
dino_post2015,STX_DOC_000065,2022.0,dinoflagellate,dinoflagellate_stx,climate,ENV_FACTOR,Paralytic shellfish toxins in Alaskan Arctic food webs during the anomalously warm ocean conditions of 2019 and estimated toxin doses to Pacific walruses and bowhead whales.
dino_post2015,STX_DOC_000066,2018.0,dinoflagellate,dinoflagellate_stx,saxitoxin,TOXIN,Exposure assessment to paralytic shellfish toxins through the shellfish consumption in Korea.
dino_post2015,STX_DOC_000066,2018.0,dinoflagellate,dinoflagellate_stx,stx,TOXIN,Exposure assessment to paralytic shellfish toxins through the shellfish consumption in Korea.
dino_post2015,STX_DOC_000066,2018.0,dinoflagellate,dinoflagellate_stx,paralytic shellfish toxins,TOXIN,Exposure assessment to paralytic shellfish toxins through the shellfish consumption in Korea.
dino_post2015,STX_DOC_000066,2018.0,dinoflagellate,dinoflagellate_stx,psts,TOXIN,Exposure assessment to paralytic shellfish toxins through the shellfish consumption in Korea.
dino_post2015,STX_DOC_000066,2018.0,dinoflagellate,dinoflagellate_stx,paralytic shellfish poisoning,TOXIN,Exposure assessment to paralytic shellfish toxins through the shellfish consumption in Korea.
dino_post2015,STX_DOC_000066,2018.0,dinoflagellate,dinoflagellate_stx,dinoflagellates,DINO_TAXON,Exposure assessment to paralytic shellfish toxins through the shellfish consumption in Korea.
dino_post2015,STX_DOC_000066,2018.0,dinoflagellate,dinoflagellate_stx,lc-ms,DETECTION_METHOD,Exposure assessment to paralytic shellfish toxins through the shellfish consumption in Korea.
dino_post2015,STX_DOC_000066,2018.0,dinoflagellate,dinoflagellate_stx,lc-ms/ms,DETECTION_METHOD,Exposure assessment to paralytic shellfish toxins through the shellfish consumption in Korea.
dino_post2015,STX_DOC_000067,2018.0,dinoflagellate,high_confidence_stx_biosynthesis,saxitoxin,TOXIN,Identification of the Gene sxtA (Domains sxtA1 and sxtA4) in Mexican Strains of Gymnodinium catenatum (Dinophyceae) and Their Evolution
dino_post2015,STX_DOC_000067,2018.0,dinoflagellate,high_confidence_stx_biosynthesis,stx,TOXIN,Identification of the Gene sxtA (Domains sxtA1 and sxtA4) in Mexican Strains of Gymnodinium catenatum (Dinophyceae) and Their Evolution
dino_post2015,STX_DOC_000067,2018.0,dinoflagellate,high_confidence_stx_biosynthesis,paralytic shellfish toxins,TOXIN,Identification of the Gene sxtA (Domains sxtA1 and sxtA4) in Mexican Strains of Gymnodinium catenatum (Dinophyceae) and Their Evolution
dino_post2015,STX_DOC_000067,2018.0,dinoflagellate,high_confidence_stx_biosynthesis,sxta,SXT_GENE,Identification of the Gene sxtA (Domains sxtA1 and sxtA4) in Mexican Strains of Gymnodinium catenatum (Dinophyceae) and Their Evolution
dino_post2015,STX_DOC_000067,2018.0,dinoflagellate,high_confidence_stx_biosynthesis,sxta4,SXT_GENE,Identification of the Gene sxtA (Domains sxtA1 and sxtA4) in Mexican Strains of Gymnodinium catenatum (Dinophyceae) and Their Evolution
dino_post2015,STX_DOC_000067,2018.0,dinoflagellate,high_confidence_stx_biosynthesis,dinoflagellates,DINO_TAXON,Identification of the Gene sxtA (Domains sxtA1 and sxtA4) in Mexican Strains of Gymnodinium catenatum (Dinophyceae) and Their Evolution
dino_post2015,STX_DOC_000067,2018.0,dinoflagellate,high_confidence_stx_biosynthesis,alexandrium,DINO_TAXON,Identification of the Gene sxtA (Domains sxtA1 and sxtA4) in Mexican Strains of Gymnodinium catenatum (Dinophyceae) and Their Evolution
dino_post2015,STX_DOC_000067,2018.0,dinoflagellate,high_confidence_stx_biosynthesis,gymnodinium,DINO_TAXON,Identification of the Gene sxtA (Domains sxtA1 and sxtA4) in Mexican Strains of Gymnodinium catenatum (Dinophyceae) and Their Evolution
dino_post2015,STX_DOC_000067,2018.0,dinoflagellate,high_confidence_stx_biosynthesis,gymnodinium catenatum,DINO_TAXON,Identification of the Gene sxtA (Domains sxtA1 and sxtA4) in Mexican Strains of Gymnodinium catenatum (Dinophyceae) and Their Evolution
dino_post2015,STX_DOC_000067,2018.0,dinoflagellate,high_confidence_stx_biosynthesis,pyrodinium,DINO_TAXON,Identification of the Gene sxtA (Domains sxtA1 and sxtA4) in Mexican Strains of Gymnodinium catenatum (Dinophyceae) and Their Evolution
dino_post2015,STX_DOC_000067,2018.0,dinoflagellate,high_confidence_stx_biosynthesis,pyrodinium bahamense,DINO_TAXON,Identification of the Gene sxtA (Domains sxtA1 and sxtA4) in Mexican Strains of Gymnodinium catenatum (Dinophyceae) and Their Evolution
dino_post2015,STX_DOC_000067,2018.0,dinoflagellate,high_confidence_stx_biosynthesis,biosynthesis,BIOLOGICAL_PROCESS,Identification of the Gene sxtA (Domains sxtA1 and sxtA4) in Mexican Strains of Gymnodinium catenatum (Dinophyceae) and Their Evolution
dino_post2015,STX_DOC_000067,2018.0,dinoflagellate,high_confidence_stx_biosynthesis,evolution,BIOLOGICAL_PROCESS,Identification of the Gene sxtA (Domains sxtA1 and sxtA4) in Mexican Strains of Gymnodinium catenatum (Dinophyceae) and Their Evolution
dino_post2015,STX_DOC_000067,2018.0,dinoflagellate,high_confidence_stx_biosynthesis,phylogenetic,BIOLOGICAL_PROCESS,Identification of the Gene sxtA (Domains sxtA1 and sxtA4) in Mexican Strains of Gymnodinium catenatum (Dinophyceae) and Their Evolution
dino_post2015,STX_DOC_000067,2018.0,dinoflagellate,high_confidence_stx_biosynthesis,horizontal gene transfer,BIOLOGICAL_PROCESS,Identification of the Gene sxtA (Domains sxtA1 and sxtA4) in Mexican Strains of Gymnodinium catenatum (Dinophyceae) and Their Evolution
dino_post2015,STX_DOC_000076,2022.0,cross_taxa,high_confidence_stx_biosynthesis,saxitoxin,TOXIN,"Dataset of genome sequence, <i>de novo</i> assembly, and functional annotation of <i>Ruegeria</i> sp. (PBVC088), a marine bacterium associated with the toxin-producing harmful dinoflagellate, <i>Pyrodinium bahamense</i> var. <i>compressum</i>."
dino_post2015,STX_DOC_000076,2022.0,cross_taxa,high_confidence_stx_biosynthesis,paralytic shellfish poisoning,TOXIN,"Dataset of genome sequence, <i>de novo</i> assembly, and functional annotation of <i>Ruegeria</i> sp. (PBVC088), a marine bacterium associated with the toxin-producing harmful dinoflagellate, <i>Pyrodinium bahamense</i> var. <i>compressum</i>."
dino_post2015,STX_DOC_000076,2022.0,cross_taxa,high_confidence_stx_biosynthesis,saxitoxin biosynthesis genes,SXT_GENE,"Dataset of genome sequence, <i>de novo</i> assembly, and functional annotation of <i>Ruegeria</i> sp. (PBVC088), a marine bacterium associated with the toxin-producing harmful dinoflagellate, <i>Pyrodinium bahamense</i> var. <i>compressum</i>."
dino_post2015,STX_DOC_000076,2022.0,cross_taxa,high_confidence_stx_biosynthesis,dinoflagellate,DINO_TAXON,"Dataset of genome sequence, <i>de novo</i> assembly, and functional annotation of <i>Ruegeria</i> sp. (PBVC088), a marine bacterium associated with the toxin-producing harmful dinoflagellate, <i>Pyrodinium bahamense</i> var. <i>compressum</i>."
dino_post2015,STX_DOC_000076,2022.0,cross_taxa,high_confidence_stx_biosynthesis,dinoflagellates,DINO_TAXON,"Dataset of genome sequence, <i>de novo</i> assembly, and functional annotation of <i>Ruegeria</i> sp. (PBVC088), a marine bacterium associated with the toxin-producing harmful dinoflagellate, <i>Pyrodinium bahamense</i> var. <i>compressum</i>."
dino_post2015,STX_DOC_000076,2022.0,cross_taxa,high_confidence_stx_biosynthesis,pyrodinium,DINO_TAXON,"Dataset of genome sequence, <i>de novo</i> assembly, and functional annotation of <i>Ruegeria</i> sp. (PBVC088), a marine bacterium associated with the toxin-producing harmful dinoflagellate, <i>Pyrodinium bahamense</i> var. <i>compressum</i>."
dino_post2015,STX_DOC_000076,2022.0,cross_taxa,high_confidence_stx_biosynthesis,pyrodinium bahamense,DINO_TAXON,"Dataset of genome sequence, <i>de novo</i> assembly, and functional annotation of <i>Ruegeria</i> sp. (PBVC088), a marine bacterium associated with the toxin-producing harmful dinoflagellate, <i>Pyrodinium bahamense</i> var. <i>compressum</i>."
dino_post2015,STX_DOC_000076,2022.0,cross_taxa,high_confidence_stx_biosynthesis,cyanobacteria,CYANO_TAXON,"Dataset of genome sequence, <i>de novo</i> assembly, and functional annotation of <i>Ruegeria</i> sp. (PBVC088), a marine bacterium associated with the toxin-producing harmful dinoflagellate, <i>Pyrodinium bahamense</i> var. <i>compressum</i>."
dino_post2015,STX_DOC_000076,2022.0,cross_taxa,high_confidence_stx_biosynthesis,cylindrospermopsis,CYANO_TAXON,"Dataset of genome sequence, <i>de novo</i> assembly, and functional annotation of <i>Ruegeria</i> sp. (PBVC088), a marine bacterium associated with the toxin-producing harmful dinoflagellate, <i>Pyrodinium bahamense</i> var. <i>compressum</i>."
dino_post2015,STX_DOC_000076,2022.0,cross_taxa,high_confidence_stx_biosynthesis,bloom,ENV_FACTOR,"Dataset of genome sequence, <i>de novo</i> assembly, and functional annotation of <i>Ruegeria</i> sp. (PBVC088), a marine bacterium associated with the toxin-producing harmful dinoflagellate, <i>Pyrodinium bahamense</i> var. <i>compressum</i>."
dino_post2015,STX_DOC_000076,2022.0,cross_taxa,high_confidence_stx_biosynthesis,harmful algal bloom,ENV_FACTOR,"Dataset of genome sequence, <i>de novo</i> assembly, and functional annotation of <i>Ruegeria</i> sp. (PBVC088), a marine bacterium associated with the toxin-producing harmful dinoflagellate, <i>Pyrodinium bahamense</i> var. <i>compressum</i>."
dino_post2015,STX_DOC_000076,2022.0,cross_taxa,high_confidence_stx_biosynthesis,biosynthesis,BIOLOGICAL_PROCESS,"Dataset of genome sequence, <i>de novo</i> assembly, and functional annotation of <i>Ruegeria</i> sp. (PBVC088), a marine bacterium associated with the toxin-producing harmful dinoflagellate, <i>Pyrodinium bahamense</i> var. <i>compressum</i>."
dino_post2015,STX_DOC_000076,2022.0,cross_taxa,high_confidence_stx_biosynthesis,toxin biosynthesis,BIOLOGICAL_PROCESS,"Dataset of genome sequence, <i>de novo</i> assembly, and functional annotation of <i>Ruegeria</i> sp. (PBVC088), a marine bacterium associated with the toxin-producing harmful dinoflagellate, <i>Pyrodinium bahamense</i> var. <i>compressum</i>."
dino_post2015,STX_DOC_000076,2022.0,cross_taxa,high_confidence_stx_biosynthesis,saxitoxin biosynthesis,BIOLOGICAL_PROCESS,"Dataset of genome sequence, <i>de novo</i> assembly, and functional annotation of <i>Ruegeria</i> sp. (PBVC088), a marine bacterium associated with the toxin-producing harmful dinoflagellate, <i>Pyrodinium bahamense</i> var. <i>compressum</i>."
dino_post2015,STX_DOC_000076,2022.0,cross_taxa,high_confidence_stx_biosynthesis,toxin production,BIOLOGICAL_PROCESS,"Dataset of genome sequence, <i>de novo</i> assembly, and functional annotation of <i>Ruegeria</i> sp. (PBVC088), a marine bacterium associated with the toxin-producing harmful dinoflagellate, <i>Pyrodinium bahamense</i> var. <i>compressum</i>."
dino_post2015,STX_DOC_000077,2022.0,cross_taxa,high_confidence_stx_biosynthesis,paralytic shellfish toxins,TOXIN,Genetic association of toxin production in the dinoflagellate <i>Alexandrium minutum</i>.
dino_post2015,STX_DOC_000077,2022.0,cross_taxa,high_confidence_stx_biosynthesis,psts,TOXIN,Genetic association of toxin production in the dinoflagellate <i>Alexandrium minutum</i>.
dino_post2015,STX_DOC_000077,2022.0,cross_taxa,high_confidence_stx_biosynthesis,sxtg,SXT_GENE,Genetic association of toxin production in the dinoflagellate <i>Alexandrium minutum</i>.
dino_post2015,STX_DOC_000077,2022.0,cross_taxa,high_confidence_stx_biosynthesis,sxti,SXT_GENE,Genetic association of toxin production in the dinoflagellate <i>Alexandrium minutum</i>.
dino_post2015,STX_DOC_000077,2022.0,cross_taxa,high_confidence_stx_biosynthesis,sxt genes,SXT_GENE,Genetic association of toxin production in the dinoflagellate <i>Alexandrium minutum</i>.
dino_post2015,STX_DOC_000077,2022.0,cross_taxa,high_confidence_stx_biosynthesis,dinoflagellate,DINO_TAXON,Genetic association of toxin production in the dinoflagellate <i>Alexandrium minutum</i>.
dino_post2015,STX_DOC_000077,2022.0,cross_taxa,high_confidence_stx_biosynthesis,dinoflagellates,DINO_TAXON,Genetic association of toxin production in the dinoflagellate <i>Alexandrium minutum</i>.
dino_post2015,STX_DOC_000077,2022.0,cross_taxa,high_confidence_stx_biosynthesis,alexandrium,DINO_TAXON,Genetic association of toxin production in the dinoflagellate <i>Alexandrium minutum</i>.
dino_post2015,STX_DOC_000077,2022.0,cross_taxa,high_confidence_stx_biosynthesis,alexandrium minutum,DINO_TAXON,Genetic association of toxin production in the dinoflagellate <i>Alexandrium minutum</i>.
dino_post2015,STX_DOC_000077,2022.0,cross_taxa,high_confidence_stx_biosynthesis,cyanobacteria,CYANO_TAXON,Genetic association of toxin production in the dinoflagellate <i>Alexandrium minutum</i>.
dino_post2015,STX_DOC_000077,2022.0,cross_taxa,high_confidence_stx_biosynthesis,expression,BIOLOGICAL_PROCESS,Genetic association of toxin production in the dinoflagellate <i>Alexandrium minutum</i>.
dino_post2015,STX_DOC_000077,2022.0,cross_taxa,high_confidence_stx_biosynthesis,toxicity,BIOLOGICAL_PROCESS,Genetic association of toxin production in the dinoflagellate <i>Alexandrium minutum</i>.
dino_post2015,STX_DOC_000077,2022.0,cross_taxa,high_confidence_stx_biosynthesis,toxin production,BIOLOGICAL_PROCESS,Genetic association of toxin production in the dinoflagellate <i>Alexandrium minutum</i>.
dino_post2015,STX_DOC_000084,2025.0,dinoflagellate,dinoflagellate_stx,saxitoxin,TOXIN,Metabolic transformation of paralytic shellfish toxins in the mussel Mytilus galloprovincialis under different exposure modes.
dino_post2015,STX_DOC_000084,2025.0,dinoflagellate,dinoflagellate_stx,neosaxitoxin,TOXIN,Metabolic transformation of paralytic shellfish toxins in the mussel Mytilus galloprovincialis under different exposure modes.
dino_post2015,STX_DOC_000084,2025.0,dinoflagellate,dinoflagellate_stx,gonyautoxin,TOXIN,Metabolic transformation of paralytic shellfish toxins in the mussel Mytilus galloprovincialis under different exposure modes.
dino_post2015,STX_DOC_000084,2025.0,dinoflagellate,dinoflagellate_stx,paralytic shellfish toxins,TOXIN,Metabolic transformation of paralytic shellfish toxins in the mussel Mytilus galloprovincialis under different exposure modes.
dino_post2015,STX_DOC_000084,2025.0,dinoflagellate,dinoflagellate_stx,pst,TOXIN,Metabolic transformation of paralytic shellfish toxins in the mussel Mytilus galloprovincialis under different exposure modes.
dino_post2015,STX_DOC_000084,2025.0,dinoflagellate,dinoflagellate_stx,psts,TOXIN,Metabolic transformation of paralytic shellfish toxins in the mussel Mytilus galloprovincialis under different exposure modes.
dino_post2015,STX_DOC_000084,2025.0,dinoflagellate,dinoflagellate_stx,dinoflagellate,DINO_TAXON,Metabolic transformation of paralytic shellfish toxins in the mussel Mytilus galloprovincialis under different exposure modes.
dino_post2015,STX_DOC_000084,2025.0,dinoflagellate,dinoflagellate_stx,gymnodinium,DINO_TAXON,Metabolic transformation of paralytic shellfish toxins in the mussel Mytilus galloprovincialis under different exposure modes.
dino_post2015,STX_DOC_000084,2025.0,dinoflagellate,dinoflagellate_stx,gymnodinium catenatum,DINO_TAXON,Metabolic transformation of paralytic shellfish toxins in the mussel Mytilus galloprovincialis under different exposure modes.
dino_post2015,STX_DOC_000084,2025.0,dinoflagellate,dinoflagellate_stx,toxicity,BIOLOGICAL_PROCESS,Metabolic transformation of paralytic shellfish toxins in the mussel Mytilus galloprovincialis under different exposure modes.
dino_post2015,STX_DOC_000086,2024.0,dinoflagellate,high_confidence_stx_biosynthesis,stx,TOXIN,Toxin production and transcriptomic response to nitrate concentrations in the toxic dinoflagellate Alexandrium tamarense.
dino_post2015,STX_DOC_000086,2024.0,dinoflagellate,high_confidence_stx_biosynthesis,paralytic shellfish poisoning,TOXIN,Toxin production and transcriptomic response to nitrate concentrations in the toxic dinoflagellate Alexandrium tamarense.
dino_post2015,STX_DOC_000086,2024.0,dinoflagellate,high_confidence_stx_biosynthesis,sxta,SXT_GENE,Toxin production and transcriptomic response to nitrate concentrations in the toxic dinoflagellate Alexandrium tamarense.
dino_post2015,STX_DOC_000086,2024.0,dinoflagellate,high_confidence_stx_biosynthesis,sxtg,SXT_GENE,Toxin production and transcriptomic response to nitrate concentrations in the toxic dinoflagellate Alexandrium tamarense.
dino_post2015,STX_DOC_000086,2024.0,dinoflagellate,high_confidence_stx_biosynthesis,dinoflagellate,DINO_TAXON,Toxin production and transcriptomic response to nitrate concentrations in the toxic dinoflagellate Alexandrium tamarense.
dino_post2015,STX_DOC_000086,2024.0,dinoflagellate,high_confidence_stx_biosynthesis,alexandrium,DINO_TAXON,Toxin production and transcriptomic response to nitrate concentrations in the toxic dinoflagellate Alexandrium tamarense.
dino_post2015,STX_DOC_000086,2024.0,dinoflagellate,high_confidence_stx_biosynthesis,alexandrium tamarense,DINO_TAXON,Toxin production and transcriptomic response to nitrate concentrations in the toxic dinoflagellate Alexandrium tamarense.
dino_post2015,STX_DOC_000086,2024.0,dinoflagellate,high_confidence_stx_biosynthesis,nitrogen,ENV_FACTOR,Toxin production and transcriptomic response to nitrate concentrations in the toxic dinoflagellate Alexandrium tamarense.
dino_post2015,STX_DOC_000086,2024.0,dinoflagellate,high_confidence_stx_biosynthesis,nitrate,ENV_FACTOR,Toxin production and transcriptomic response to nitrate concentrations in the toxic dinoflagellate Alexandrium tamarense.
dino_post2015,STX_DOC_000086,2024.0,dinoflagellate,high_confidence_stx_biosynthesis,bloom,ENV_FACTOR,Toxin production and transcriptomic response to nitrate concentrations in the toxic dinoflagellate Alexandrium tamarense.
dino_post2015,STX_DOC_000086,2024.0,dinoflagellate,high_confidence_stx_biosynthesis,biosynthesis,BIOLOGICAL_PROCESS,Toxin production and transcriptomic response to nitrate concentrations in the toxic dinoflagellate Alexandrium tamarense.
dino_post2015,STX_DOC_000086,2024.0,dinoflagellate,high_confidence_stx_biosynthesis,toxin biosynthesis,BIOLOGICAL_PROCESS,Toxin production and transcriptomic response to nitrate concentrations in the toxic dinoflagellate Alexandrium tamarense.
dino_post2015,STX_DOC_000086,2024.0,dinoflagellate,high_confidence_stx_biosynthesis,regulation,BIOLOGICAL_PROCESS,Toxin production and transcriptomic response to nitrate concentrations in the toxic dinoflagellate Alexandrium tamarense.
dino_post2015,STX_DOC_000086,2024.0,dinoflagellate,high_confidence_stx_biosynthesis,expression,BIOLOGICAL_PROCESS,Toxin production and transcriptomic response to nitrate concentrations in the toxic dinoflagellate Alexandrium tamarense.
dino_post2015,STX_DOC_000086,2024.0,dinoflagellate,high_confidence_stx_biosynthesis,transcriptomic,BIOLOGICAL_PROCESS,Toxin production and transcriptomic response to nitrate concentrations in the toxic dinoflagellate Alexandrium tamarense.
dino_post2015,STX_DOC_000086,2024.0,dinoflagellate,high_confidence_stx_biosynthesis,toxicity,BIOLOGICAL_PROCESS,Toxin production and transcriptomic response to nitrate concentrations in the toxic dinoflagellate Alexandrium tamarense.
dino_post2015,STX_DOC_000086,2024.0,dinoflagellate,high_confidence_stx_biosynthesis,toxin production,BIOLOGICAL_PROCESS,Toxin production and transcriptomic response to nitrate concentrations in the toxic dinoflagellate Alexandrium tamarense.
dino_post2015,STX_DOC_000087,2024.0,dinoflagellate,dinoflagellate_stx,saxitoxin,TOXIN,"Effect of temperature, salinity and nutrients on the growth and toxin content of the dinoflagellate Gymnodinium catenatum from the southwestern Mediterranean."
dino_post2015,STX_DOC_000087,2024.0,dinoflagellate,dinoflagellate_stx,paralytic shellfish toxins,TOXIN,"Effect of temperature, salinity and nutrients on the growth and toxin content of the dinoflagellate Gymnodinium catenatum from the southwestern Mediterranean."
dino_post2015,STX_DOC_000087,2024.0,dinoflagellate,dinoflagellate_stx,pst,TOXIN,"Effect of temperature, salinity and nutrients on the growth and toxin content of the dinoflagellate Gymnodinium catenatum from the southwestern Mediterranean."
dino_post2015,STX_DOC_000087,2024.0,dinoflagellate,dinoflagellate_stx,psts,TOXIN,"Effect of temperature, salinity and nutrients on the growth and toxin content of the dinoflagellate Gymnodinium catenatum from the southwestern Mediterranean."
dino_post2015,STX_DOC_000087,2024.0,dinoflagellate,dinoflagellate_stx,dinoflagellate,DINO_TAXON,"Effect of temperature, salinity and nutrients on the growth and toxin content of the dinoflagellate Gymnodinium catenatum from the southwestern Mediterranean."
dino_post2015,STX_DOC_000087,2024.0,dinoflagellate,dinoflagellate_stx,gymnodinium,DINO_TAXON,"Effect of temperature, salinity and nutrients on the growth and toxin content of the dinoflagellate Gymnodinium catenatum from the southwestern Mediterranean."
dino_post2015,STX_DOC_000087,2024.0,dinoflagellate,dinoflagellate_stx,gymnodinium catenatum,DINO_TAXON,"Effect of temperature, salinity and nutrients on the growth and toxin content of the dinoflagellate Gymnodinium catenatum from the southwestern Mediterranean."
dino_post2015,STX_DOC_000087,2024.0,dinoflagellate,dinoflagellate_stx,temperature,ENV_FACTOR,"Effect of temperature, salinity and nutrients on the growth and toxin content of the dinoflagellate Gymnodinium catenatum from the southwestern Mediterranean."
dino_post2015,STX_DOC_000087,2024.0,dinoflagellate,dinoflagellate_stx,salinity,ENV_FACTOR,"Effect of temperature, salinity and nutrients on the growth and toxin content of the dinoflagellate Gymnodinium catenatum from the southwestern Mediterranean."
dino_post2015,STX_DOC_000087,2024.0,dinoflagellate,dinoflagellate_stx,nitrogen,ENV_FACTOR,"Effect of temperature, salinity and nutrients on the growth and toxin content of the dinoflagellate Gymnodinium catenatum from the southwestern Mediterranean."
dino_post2015,STX_DOC_000087,2024.0,dinoflagellate,dinoflagellate_stx,nitrate,ENV_FACTOR,"Effect of temperature, salinity and nutrients on the growth and toxin content of the dinoflagellate Gymnodinium catenatum from the southwestern Mediterranean."
dino_post2015,STX_DOC_000087,2024.0,dinoflagellate,dinoflagellate_stx,nutrients,ENV_FACTOR,"Effect of temperature, salinity and nutrients on the growth and toxin content of the dinoflagellate Gymnodinium catenatum from the southwestern Mediterranean."
dino_post2015,STX_DOC_000087,2024.0,dinoflagellate,dinoflagellate_stx,warming,ENV_FACTOR,"Effect of temperature, salinity and nutrients on the growth and toxin content of the dinoflagellate Gymnodinium catenatum from the southwestern Mediterranean."
dino_post2015,STX_DOC_000087,2024.0,dinoflagellate,dinoflagellate_stx,toxicity,BIOLOGICAL_PROCESS,"Effect of temperature, salinity and nutrients on the growth and toxin content of the dinoflagellate Gymnodinium catenatum from the southwestern Mediterranean."
dino_post2015,STX_DOC_000088,2024.0,dinoflagellate,high_confidence_stx_biosynthesis,paralytic shellfish toxin,TOXIN,An On-Farm Workflow for Predictive Management of Paralytic Shellfish Toxin-Producing Harmful Algal Blooms for the Aquaculture Industry.
dino_post2015,STX_DOC_000088,2024.0,dinoflagellate,high_confidence_stx_biosynthesis,paralytic shellfish toxins,TOXIN,An On-Farm Workflow for Predictive Management of Paralytic Shellfish Toxin-Producing Harmful Algal Blooms for the Aquaculture Industry.
dino_post2015,STX_DOC_000088,2024.0,dinoflagellate,high_confidence_stx_biosynthesis,pst,TOXIN,An On-Farm Workflow for Predictive Management of Paralytic Shellfish Toxin-Producing Harmful Algal Blooms for the Aquaculture Industry.
dino_post2015,STX_DOC_000088,2024.0,dinoflagellate,high_confidence_stx_biosynthesis,psts,TOXIN,An On-Farm Workflow for Predictive Management of Paralytic Shellfish Toxin-Producing Harmful Algal Blooms for the Aquaculture Industry.
dino_post2015,STX_DOC_000088,2024.0,dinoflagellate,high_confidence_stx_biosynthesis,sxta,SXT_GENE,An On-Farm Workflow for Predictive Management of Paralytic Shellfish Toxin-Producing Harmful Algal Blooms for the Aquaculture Industry.
dino_post2015,STX_DOC_000088,2024.0,dinoflagellate,high_confidence_stx_biosynthesis,sxta4,SXT_GENE,An On-Farm Workflow for Predictive Management of Paralytic Shellfish Toxin-Producing Harmful Algal Blooms for the Aquaculture Industry.
dino_post2015,STX_DOC_000088,2024.0,dinoflagellate,high_confidence_stx_biosynthesis,dinoflagellates,DINO_TAXON,An On-Farm Workflow for Predictive Management of Paralytic Shellfish Toxin-Producing Harmful Algal Blooms for the Aquaculture Industry.
dino_post2015,STX_DOC_000088,2024.0,dinoflagellate,high_confidence_stx_biosynthesis,alexandrium,DINO_TAXON,An On-Farm Workflow for Predictive Management of Paralytic Shellfish Toxin-Producing Harmful Algal Blooms for the Aquaculture Industry.
dino_post2015,STX_DOC_000088,2024.0,dinoflagellate,high_confidence_stx_biosynthesis,alexandrium catenella,DINO_TAXON,An On-Farm Workflow for Predictive Management of Paralytic Shellfish Toxin-Producing Harmful Algal Blooms for the Aquaculture Industry.
dino_post2015,STX_DOC_000088,2024.0,dinoflagellate,high_confidence_stx_biosynthesis,light,ENV_FACTOR,An On-Farm Workflow for Predictive Management of Paralytic Shellfish Toxin-Producing Harmful Algal Blooms for the Aquaculture Industry.
dino_post2015,STX_DOC_000088,2024.0,dinoflagellate,high_confidence_stx_biosynthesis,biosynthesis,BIOLOGICAL_PROCESS,An On-Farm Workflow for Predictive Management of Paralytic Shellfish Toxin-Producing Harmful Algal Blooms for the Aquaculture Industry.
dino_post2015,STX_DOC_000089,2022.0,dinoflagellate,high_confidence_stx_biosynthesis,saxitoxin,TOXIN,Temperature influences the content and biosynthesis gene expression of saxitoxins (STXs) in the toxigenic dinoflagellate Alexandrium pacificum.
dino_post2015,STX_DOC_000089,2022.0,dinoflagellate,high_confidence_stx_biosynthesis,stx,TOXIN,Temperature influences the content and biosynthesis gene expression of saxitoxins (STXs) in the toxigenic dinoflagellate Alexandrium pacificum.
dino_post2015,STX_DOC_000089,2022.0,dinoflagellate,high_confidence_stx_biosynthesis,sxta,SXT_GENE,Temperature influences the content and biosynthesis gene expression of saxitoxins (STXs) in the toxigenic dinoflagellate Alexandrium pacificum.
dino_post2015,STX_DOC_000089,2022.0,dinoflagellate,high_confidence_stx_biosynthesis,sxtg,SXT_GENE,Temperature influences the content and biosynthesis gene expression of saxitoxins (STXs) in the toxigenic dinoflagellate Alexandrium pacificum.
dino_post2015,STX_DOC_000089,2022.0,dinoflagellate,high_confidence_stx_biosynthesis,dinoflagellate,DINO_TAXON,Temperature influences the content and biosynthesis gene expression of saxitoxins (STXs) in the toxigenic dinoflagellate Alexandrium pacificum.
dino_post2015,STX_DOC_000089,2022.0,dinoflagellate,high_confidence_stx_biosynthesis,dinoflagellates,DINO_TAXON,Temperature influences the content and biosynthesis gene expression of saxitoxins (STXs) in the toxigenic dinoflagellate Alexandrium pacificum.
dino_post2015,STX_DOC_000089,2022.0,dinoflagellate,high_confidence_stx_biosynthesis,alexandrium,DINO_TAXON,Temperature influences the content and biosynthesis gene expression of saxitoxins (STXs) in the toxigenic dinoflagellate Alexandrium pacificum.
dino_post2015,STX_DOC_000089,2022.0,dinoflagellate,high_confidence_stx_biosynthesis,alexandrium pacificum,DINO_TAXON,Temperature influences the content and biosynthesis gene expression of saxitoxins (STXs) in the toxigenic dinoflagellate Alexandrium pacificum.
dino_post2015,STX_DOC_000089,2022.0,dinoflagellate,high_confidence_stx_biosynthesis,temperature,ENV_FACTOR,Temperature influences the content and biosynthesis gene expression of saxitoxins (STXs) in the toxigenic dinoflagellate Alexandrium pacificum.
dino_post2015,STX_DOC_000089,2022.0,dinoflagellate,high_confidence_stx_biosynthesis,biosynthesis,BIOLOGICAL_PROCESS,Temperature influences the content and biosynthesis gene expression of saxitoxins (STXs) in the toxigenic dinoflagellate Alexandrium pacificum.
dino_post2015,STX_DOC_000089,2022.0,dinoflagellate,high_confidence_stx_biosynthesis,regulation,BIOLOGICAL_PROCESS,Temperature influences the content and biosynthesis gene expression of saxitoxins (STXs) in the toxigenic dinoflagellate Alexandrium pacificum.
dino_post2015,STX_DOC_000089,2022.0,dinoflagellate,high_confidence_stx_biosynthesis,expression,BIOLOGICAL_PROCESS,Temperature influences the content and biosynthesis gene expression of saxitoxins (STXs) in the toxigenic dinoflagellate Alexandrium pacificum.
dino_post2015,STX_DOC_000089,2022.0,dinoflagellate,high_confidence_stx_biosynthesis,gene expression,BIOLOGICAL_PROCESS,Temperature influences the content and biosynthesis gene expression of saxitoxins (STXs) in the toxigenic dinoflagellate Alexandrium pacificum.
dino_post2015,STX_DOC_000089,2022.0,dinoflagellate,high_confidence_stx_biosynthesis,transcription,BIOLOGICAL_PROCESS,Temperature influences the content and biosynthesis gene expression of saxitoxins (STXs) in the toxigenic dinoflagellate Alexandrium pacificum.
dino_post2015,STX_DOC_000089,2022.0,dinoflagellate,high_confidence_stx_biosynthesis,toxicity,BIOLOGICAL_PROCESS,Temperature influences the content and biosynthesis gene expression of saxitoxins (STXs) in the toxigenic dinoflagellate Alexandrium pacificum.
dino_post2015,STX_DOC_000089,2022.0,dinoflagellate,high_confidence_stx_biosynthesis,hplc,DETECTION_METHOD,Temperature influences the content and biosynthesis gene expression of saxitoxins (STXs) in the toxigenic dinoflagellate Alexandrium pacificum.
dino_post2015,STX_DOC_000090,2019.0,cross_taxa,high_confidence_stx_biosynthesis,saxitoxin,TOXIN,"Comparison of saxitoxin-genes expression and production profiles between Aphanizomenon gracile and Cuspidotrix issastchenkoi strains, isolated from freshwater reservoirs"
dino_post2015,STX_DOC_000090,2019.0,cross_taxa,high_confidence_stx_biosynthesis,stx,TOXIN,"Comparison of saxitoxin-genes expression and production profiles between Aphanizomenon gracile and Cuspidotrix issastchenkoi strains, isolated from freshwater reservoirs"
dino_post2015,STX_DOC_000090,2019.0,cross_taxa,high_confidence_stx_biosynthesis,sxta,SXT_GENE,"Comparison of saxitoxin-genes expression and production profiles between Aphanizomenon gracile and Cuspidotrix issastchenkoi strains, isolated from freshwater reservoirs"
dino_post2015,STX_DOC_000090,2019.0,cross_taxa,high_confidence_stx_biosynthesis,sxt genes,SXT_GENE,"Comparison of saxitoxin-genes expression and production profiles between Aphanizomenon gracile and Cuspidotrix issastchenkoi strains, isolated from freshwater reservoirs"
dino_post2015,STX_DOC_000090,2019.0,cross_taxa,high_confidence_stx_biosynthesis,dinoflagellates,DINO_TAXON,"Comparison of saxitoxin-genes expression and production profiles between Aphanizomenon gracile and Cuspidotrix issastchenkoi strains, isolated from freshwater reservoirs"
dino_post2015,STX_DOC_000090,2019.0,cross_taxa,high_confidence_stx_biosynthesis,cyanobacteria,CYANO_TAXON,"Comparison of saxitoxin-genes expression and production profiles between Aphanizomenon gracile and Cuspidotrix issastchenkoi strains, isolated from freshwater reservoirs"
dino_post2015,STX_DOC_000090,2019.0,cross_taxa,high_confidence_stx_biosynthesis,cyanobacterial,CYANO_TAXON,"Comparison of saxitoxin-genes expression and production profiles between Aphanizomenon gracile and Cuspidotrix issastchenkoi strains, isolated from freshwater reservoirs"
dino_post2015,STX_DOC_000090,2019.0,cross_taxa,high_confidence_stx_biosynthesis,aphanizomenon,CYANO_TAXON,"Comparison of saxitoxin-genes expression and production profiles between Aphanizomenon gracile and Cuspidotrix issastchenkoi strains, isolated from freshwater reservoirs"
dino_post2015,STX_DOC_000090,2019.0,cross_taxa,high_confidence_stx_biosynthesis,temperature,ENV_FACTOR,"Comparison of saxitoxin-genes expression and production profiles between Aphanizomenon gracile and Cuspidotrix issastchenkoi strains, isolated from freshwater reservoirs"
dino_post2015,STX_DOC_000090,2019.0,cross_taxa,high_confidence_stx_biosynthesis,biosynthesis,BIOLOGICAL_PROCESS,"Comparison of saxitoxin-genes expression and production profiles between Aphanizomenon gracile and Cuspidotrix issastchenkoi strains, isolated from freshwater reservoirs"
dino_post2015,STX_DOC_000090,2019.0,cross_taxa,high_confidence_stx_biosynthesis,regulation,BIOLOGICAL_PROCESS,"Comparison of saxitoxin-genes expression and production profiles between Aphanizomenon gracile and Cuspidotrix issastchenkoi strains, isolated from freshwater reservoirs"
dino_post2015,STX_DOC_000090,2019.0,cross_taxa,high_confidence_stx_biosynthesis,expression,BIOLOGICAL_PROCESS,"Comparison of saxitoxin-genes expression and production profiles between Aphanizomenon gracile and Cuspidotrix issastchenkoi strains, isolated from freshwater reservoirs"
dino_post2015,STX_DOC_000092,2017.0,dinoflagellate,dinoflagellate_stx,saxitoxin,TOXIN,Toxin Variability Estimations of 68 Alexandrium ostenfeldii (Dinophyceae) Strains from The Netherlands Reveal a Novel Abundant Gymnodimine.
dino_post2015,STX_DOC_000092,2017.0,dinoflagellate,dinoflagellate_stx,stx,TOXIN,Toxin Variability Estimations of 68 Alexandrium ostenfeldii (Dinophyceae) Strains from The Netherlands Reveal a Novel Abundant Gymnodimine.
dino_post2015,STX_DOC_000092,2017.0,dinoflagellate,dinoflagellate_stx,paralytic shellfish toxins,TOXIN,Toxin Variability Estimations of 68 Alexandrium ostenfeldii (Dinophyceae) Strains from The Netherlands Reveal a Novel Abundant Gymnodimine.
dino_post2015,STX_DOC_000092,2017.0,dinoflagellate,dinoflagellate_stx,pst,TOXIN,Toxin Variability Estimations of 68 Alexandrium ostenfeldii (Dinophyceae) Strains from The Netherlands Reveal a Novel Abundant Gymnodimine.
dino_post2015,STX_DOC_000092,2017.0,dinoflagellate,dinoflagellate_stx,paralytic shellfish poisoning,TOXIN,Toxin Variability Estimations of 68 Alexandrium ostenfeldii (Dinophyceae) Strains from The Netherlands Reveal a Novel Abundant Gymnodimine.
dino_post2015,STX_DOC_000092,2017.0,dinoflagellate,dinoflagellate_stx,dinoflagellate,DINO_TAXON,Toxin Variability Estimations of 68 Alexandrium ostenfeldii (Dinophyceae) Strains from The Netherlands Reveal a Novel Abundant Gymnodimine.
dino_post2015,STX_DOC_000092,2017.0,dinoflagellate,dinoflagellate_stx,alexandrium,DINO_TAXON,Toxin Variability Estimations of 68 Alexandrium ostenfeldii (Dinophyceae) Strains from The Netherlands Reveal a Novel Abundant Gymnodimine.
dino_post2015,STX_DOC_000092,2017.0,dinoflagellate,dinoflagellate_stx,alexandrium ostenfeldii,DINO_TAXON,Toxin Variability Estimations of 68 Alexandrium ostenfeldii (Dinophyceae) Strains from The Netherlands Reveal a Novel Abundant Gymnodimine.
dino_post2015,STX_DOC_000092,2017.0,dinoflagellate,dinoflagellate_stx,lc-ms,DETECTION_METHOD,Toxin Variability Estimations of 68 Alexandrium ostenfeldii (Dinophyceae) Strains from The Netherlands Reveal a Novel Abundant Gymnodimine.
dino_post2015,STX_DOC_000092,2017.0,dinoflagellate,dinoflagellate_stx,lc-ms/ms,DETECTION_METHOD,Toxin Variability Estimations of 68 Alexandrium ostenfeldii (Dinophyceae) Strains from The Netherlands Reveal a Novel Abundant Gymnodimine.
dino_post2015,STX_DOC_000092,2017.0,dinoflagellate,dinoflagellate_stx,mass spectrometry,DETECTION_METHOD,Toxin Variability Estimations of 68 Alexandrium ostenfeldii (Dinophyceae) Strains from The Netherlands Reveal a Novel Abundant Gymnodimine.
dino_post2015,STX_DOC_000100,2025.0,dinoflagellate,high_confidence_stx_biosynthesis,paralytic shellfish toxins,TOXIN,"Why do some dinoflagellates produce toxins, whereas ciliates rarely do?"
dino_post2015,STX_DOC_000100,2025.0,dinoflagellate,high_confidence_stx_biosynthesis,sxt genes,SXT_GENE,"Why do some dinoflagellates produce toxins, whereas ciliates rarely do?"
dino_post2015,STX_DOC_000100,2025.0,dinoflagellate,high_confidence_stx_biosynthesis,dinoflagellate,DINO_TAXON,"Why do some dinoflagellates produce toxins, whereas ciliates rarely do?"
dino_post2015,STX_DOC_000100,2025.0,dinoflagellate,high_confidence_stx_biosynthesis,dinoflagellates,DINO_TAXON,"Why do some dinoflagellates produce toxins, whereas ciliates rarely do?"
dino_post2015,STX_DOC_000100,2025.0,dinoflagellate,high_confidence_stx_biosynthesis,alexandrium,DINO_TAXON,"Why do some dinoflagellates produce toxins, whereas ciliates rarely do?"
dino_post2015,STX_DOC_000100,2025.0,dinoflagellate,high_confidence_stx_biosynthesis,gymnodinium,DINO_TAXON,"Why do some dinoflagellates produce toxins, whereas ciliates rarely do?"
dino_post2015,STX_DOC_000100,2025.0,dinoflagellate,high_confidence_stx_biosynthesis,gymnodinium catenatum,DINO_TAXON,"Why do some dinoflagellates produce toxins, whereas ciliates rarely do?"
dino_post2015,STX_DOC_000100,2025.0,dinoflagellate,high_confidence_stx_biosynthesis,pyrodinium,DINO_TAXON,"Why do some dinoflagellates produce toxins, whereas ciliates rarely do?"
dino_post2015,STX_DOC_000100,2025.0,dinoflagellate,high_confidence_stx_biosynthesis,pyrodinium bahamense,DINO_TAXON,"Why do some dinoflagellates produce toxins, whereas ciliates rarely do?"
dino_post2015,STX_DOC_000100,2025.0,dinoflagellate,high_confidence_stx_biosynthesis,nutrient,ENV_FACTOR,"Why do some dinoflagellates produce toxins, whereas ciliates rarely do?"
dino_post2015,STX_DOC_000100,2025.0,dinoflagellate,high_confidence_stx_biosynthesis,toxin production,BIOLOGICAL_PROCESS,"Why do some dinoflagellates produce toxins, whereas ciliates rarely do?"
dino_post2015,STX_DOC_000101,2024.0,dinoflagellate,high_confidence_stx_biosynthesis,saxitoxin,TOXIN,Development of saxitoxin biosynthesis gene sxtB-targeted qPCR assay for the quantification of toxic dinoflagellates Alexandrium catenella (group I) and A. pacificum (group IV) occurring in the Korean coast.
dino_post2015,STX_DOC_000101,2024.0,dinoflagellate,high_confidence_stx_biosynthesis,paralytic shellfish poisoning,TOXIN,Development of saxitoxin biosynthesis gene sxtB-targeted qPCR assay for the quantification of toxic dinoflagellates Alexandrium catenella (group I) and A. pacificum (group IV) occurring in the Korean coast.
dino_post2015,STX_DOC_000101,2024.0,dinoflagellate,high_confidence_stx_biosynthesis,sxtb,SXT_GENE,Development of saxitoxin biosynthesis gene sxtB-targeted qPCR assay for the quantification of toxic dinoflagellates Alexandrium catenella (group I) and A. pacificum (group IV) occurring in the Korean coast.
dino_post2015,STX_DOC_000101,2024.0,dinoflagellate,high_confidence_stx_biosynthesis,saxitoxin biosynthesis gene,SXT_GENE,Development of saxitoxin biosynthesis gene sxtB-targeted qPCR assay for the quantification of toxic dinoflagellates Alexandrium catenella (group I) and A. pacificum (group IV) occurring in the Korean coast.
dino_post2015,STX_DOC_000101,2024.0,dinoflagellate,high_confidence_stx_biosynthesis,dinoflagellate,DINO_TAXON,Development of saxitoxin biosynthesis gene sxtB-targeted qPCR assay for the quantification of toxic dinoflagellates Alexandrium catenella (group I) and A. pacificum (group IV) occurring in the Korean coast.
dino_post2015,STX_DOC_000101,2024.0,dinoflagellate,high_confidence_stx_biosynthesis,dinoflagellates,DINO_TAXON,Development of saxitoxin biosynthesis gene sxtB-targeted qPCR assay for the quantification of toxic dinoflagellates Alexandrium catenella (group I) and A. pacificum (group IV) occurring in the Korean coast.
dino_post2015,STX_DOC_000101,2024.0,dinoflagellate,high_confidence_stx_biosynthesis,alexandrium,DINO_TAXON,Development of saxitoxin biosynthesis gene sxtB-targeted qPCR assay for the quantification of toxic dinoflagellates Alexandrium catenella (group I) and A. pacificum (group IV) occurring in the Korean coast.
dino_post2015,STX_DOC_000101,2024.0,dinoflagellate,high_confidence_stx_biosynthesis,alexandrium catenella,DINO_TAXON,Development of saxitoxin biosynthesis gene sxtB-targeted qPCR assay for the quantification of toxic dinoflagellates Alexandrium catenella (group I) and A. pacificum (group IV) occurring in the Korean coast.
dino_post2015,STX_DOC_000101,2024.0,dinoflagellate,high_confidence_stx_biosynthesis,biosynthesis,BIOLOGICAL_PROCESS,Development of saxitoxin biosynthesis gene sxtB-targeted qPCR assay for the quantification of toxic dinoflagellates Alexandrium catenella (group I) and A. pacificum (group IV) occurring in the Korean coast.
dino_post2015,STX_DOC_000101,2024.0,dinoflagellate,high_confidence_stx_biosynthesis,saxitoxin biosynthesis,BIOLOGICAL_PROCESS,Development of saxitoxin biosynthesis gene sxtB-targeted qPCR assay for the quantification of toxic dinoflagellates Alexandrium catenella (group I) and A. pacificum (group IV) occurring in the Korean coast.
dino_post2015,STX_DOC_000102,2024.0,dinoflagellate,high_confidence_stx_biosynthesis,saxitoxin,TOXIN,Environmental Factors Modulate Saxitoxins (STXs) Production in Toxic Dinoflagellate <i>Alexandrium</i>: An Updated Review of STXs and Synthesis Gene Aspects.
dino_post2015,STX_DOC_000102,2024.0,dinoflagellate,high_confidence_stx_biosynthesis,stx,TOXIN,Environmental Factors Modulate Saxitoxins (STXs) Production in Toxic Dinoflagellate <i>Alexandrium</i>: An Updated Review of STXs and Synthesis Gene Aspects.
dino_post2015,STX_DOC_000102,2024.0,dinoflagellate,high_confidence_stx_biosynthesis,paralytic shellfish poisoning,TOXIN,Environmental Factors Modulate Saxitoxins (STXs) Production in Toxic Dinoflagellate <i>Alexandrium</i>: An Updated Review of STXs and Synthesis Gene Aspects.
dino_post2015,STX_DOC_000102,2024.0,dinoflagellate,high_confidence_stx_biosynthesis,sxt genes,SXT_GENE,Environmental Factors Modulate Saxitoxins (STXs) Production in Toxic Dinoflagellate <i>Alexandrium</i>: An Updated Review of STXs and Synthesis Gene Aspects.
dino_post2015,STX_DOC_000102,2024.0,dinoflagellate,high_confidence_stx_biosynthesis,dinoflagellate,DINO_TAXON,Environmental Factors Modulate Saxitoxins (STXs) Production in Toxic Dinoflagellate <i>Alexandrium</i>: An Updated Review of STXs and Synthesis Gene Aspects.
dino_post2015,STX_DOC_000102,2024.0,dinoflagellate,high_confidence_stx_biosynthesis,dinoflagellates,DINO_TAXON,Environmental Factors Modulate Saxitoxins (STXs) Production in Toxic Dinoflagellate <i>Alexandrium</i>: An Updated Review of STXs and Synthesis Gene Aspects.
dino_post2015,STX_DOC_000102,2024.0,dinoflagellate,high_confidence_stx_biosynthesis,alexandrium,DINO_TAXON,Environmental Factors Modulate Saxitoxins (STXs) Production in Toxic Dinoflagellate <i>Alexandrium</i>: An Updated Review of STXs and Synthesis Gene Aspects.
dino_post2015,STX_DOC_000102,2024.0,dinoflagellate,high_confidence_stx_biosynthesis,temperature,ENV_FACTOR,Environmental Factors Modulate Saxitoxins (STXs) Production in Toxic Dinoflagellate <i>Alexandrium</i>: An Updated Review of STXs and Synthesis Gene Aspects.
dino_post2015,STX_DOC_000102,2024.0,dinoflagellate,high_confidence_stx_biosynthesis,salinity,ENV_FACTOR,Environmental Factors Modulate Saxitoxins (STXs) Production in Toxic Dinoflagellate <i>Alexandrium</i>: An Updated Review of STXs and Synthesis Gene Aspects.
dino_post2015,STX_DOC_000102,2024.0,dinoflagellate,high_confidence_stx_biosynthesis,nutrients,ENV_FACTOR,Environmental Factors Modulate Saxitoxins (STXs) Production in Toxic Dinoflagellate <i>Alexandrium</i>: An Updated Review of STXs and Synthesis Gene Aspects.
dino_post2015,STX_DOC_000102,2024.0,dinoflagellate,high_confidence_stx_biosynthesis,light,ENV_FACTOR,Environmental Factors Modulate Saxitoxins (STXs) Production in Toxic Dinoflagellate <i>Alexandrium</i>: An Updated Review of STXs and Synthesis Gene Aspects.
dino_post2015,STX_DOC_000102,2024.0,dinoflagellate,high_confidence_stx_biosynthesis,biosynthesis,BIOLOGICAL_PROCESS,Environmental Factors Modulate Saxitoxins (STXs) Production in Toxic Dinoflagellate <i>Alexandrium</i>: An Updated Review of STXs and Synthesis Gene Aspects.
dino_post2015,STX_DOC_000102,2024.0,dinoflagellate,high_confidence_stx_biosynthesis,regulation,BIOLOGICAL_PROCESS,Environmental Factors Modulate Saxitoxins (STXs) Production in Toxic Dinoflagellate <i>Alexandrium</i>: An Updated Review of STXs and Synthesis Gene Aspects.
dino_post2015,STX_DOC_000102,2024.0,dinoflagellate,high_confidence_stx_biosynthesis,toxicity,BIOLOGICAL_PROCESS,Environmental Factors Modulate Saxitoxins (STXs) Production in Toxic Dinoflagellate <i>Alexandrium</i>: An Updated Review of STXs and Synthesis Gene Aspects.
dino_post2015,STX_DOC_000103,2022.0,dinoflagellate,dinoflagellate_stx,saxitoxin,TOXIN,"Paralytic shellfish poisoning toxins in butter clams (Saxidomus gigantea) from the Kodiak Archipelago, Alaska."
dino_post2015,STX_DOC_000103,2022.0,dinoflagellate,dinoflagellate_stx,stx,TOXIN,"Paralytic shellfish poisoning toxins in butter clams (Saxidomus gigantea) from the Kodiak Archipelago, Alaska."
dino_post2015,STX_DOC_000103,2022.0,dinoflagellate,dinoflagellate_stx,neosaxitoxin,TOXIN,"Paralytic shellfish poisoning toxins in butter clams (Saxidomus gigantea) from the Kodiak Archipelago, Alaska."
dino_post2015,STX_DOC_000103,2022.0,dinoflagellate,dinoflagellate_stx,gonyautoxin,TOXIN,"Paralytic shellfish poisoning toxins in butter clams (Saxidomus gigantea) from the Kodiak Archipelago, Alaska."
dino_post2015,STX_DOC_000103,2022.0,dinoflagellate,dinoflagellate_stx,paralytic shellfish toxin,TOXIN,"Paralytic shellfish poisoning toxins in butter clams (Saxidomus gigantea) from the Kodiak Archipelago, Alaska."
dino_post2015,STX_DOC_000103,2022.0,dinoflagellate,dinoflagellate_stx,paralytic shellfish poisoning,TOXIN,"Paralytic shellfish poisoning toxins in butter clams (Saxidomus gigantea) from the Kodiak Archipelago, Alaska."
dino_post2015,STX_DOC_000103,2022.0,dinoflagellate,dinoflagellate_stx,alexandrium,DINO_TAXON,"Paralytic shellfish poisoning toxins in butter clams (Saxidomus gigantea) from the Kodiak Archipelago, Alaska."
dino_post2015,STX_DOC_000103,2022.0,dinoflagellate,dinoflagellate_stx,alexandrium catenella,DINO_TAXON,"Paralytic shellfish poisoning toxins in butter clams (Saxidomus gigantea) from the Kodiak Archipelago, Alaska."
dino_post2015,STX_DOC_000103,2022.0,dinoflagellate,dinoflagellate_stx,bloom,ENV_FACTOR,"Paralytic shellfish poisoning toxins in butter clams (Saxidomus gigantea) from the Kodiak Archipelago, Alaska."
dino_post2015,STX_DOC_000104,2022.0,cross_taxa,dinoflagellate_stx,saxitoxin,TOXIN,First Identification of 12β-Deoxygonyautoxin 5 (12α-Gonyautoxinol 5) in the Cyanobacterium <i>Dolichospermum circinale</i> (TA04) and 12β-Deoxysaxitoxin (12α-Saxitoxinol) in <i>D. circinale</i> (TA04) and the Dinoflagellate <i>Alexandrium pacificum</i> (Group IV) (120518KureAC).
dino_post2015,STX_DOC_000104,2022.0,cross_taxa,dinoflagellate_stx,gonyautoxin,TOXIN,First Identification of 12β-Deoxygonyautoxin 5 (12α-Gonyautoxinol 5) in the Cyanobacterium <i>Dolichospermum circinale</i> (TA04) and 12β-Deoxysaxitoxin (12α-Saxitoxinol) in <i>D. circinale</i> (TA04) and the Dinoflagellate <i>Alexandrium pacificum</i> (Group IV) (120518KureAC).
dino_post2015,STX_DOC_000104,2022.0,cross_taxa,dinoflagellate_stx,paralytic shellfish toxins,TOXIN,First Identification of 12β-Deoxygonyautoxin 5 (12α-Gonyautoxinol 5) in the Cyanobacterium <i>Dolichospermum circinale</i> (TA04) and 12β-Deoxysaxitoxin (12α-Saxitoxinol) in <i>D. circinale</i> (TA04) and the Dinoflagellate <i>Alexandrium pacificum</i> (Group IV) (120518KureAC).
dino_post2015,STX_DOC_000104,2022.0,cross_taxa,dinoflagellate_stx,psts,TOXIN,First Identification of 12β-Deoxygonyautoxin 5 (12α-Gonyautoxinol 5) in the Cyanobacterium <i>Dolichospermum circinale</i> (TA04) and 12β-Deoxysaxitoxin (12α-Saxitoxinol) in <i>D. circinale</i> (TA04) and the Dinoflagellate <i>Alexandrium pacificum</i> (Group IV) (120518KureAC).
dino_post2015,STX_DOC_000104,2022.0,cross_taxa,dinoflagellate_stx,dinoflagellate,DINO_TAXON,First Identification of 12β-Deoxygonyautoxin 5 (12α-Gonyautoxinol 5) in the Cyanobacterium <i>Dolichospermum circinale</i> (TA04) and 12β-Deoxysaxitoxin (12α-Saxitoxinol) in <i>D. circinale</i> (TA04) and the Dinoflagellate <i>Alexandrium pacificum</i> (Group IV) (120518KureAC).
dino_post2015,STX_DOC_000104,2022.0,cross_taxa,dinoflagellate_stx,dinoflagellates,DINO_TAXON,First Identification of 12β-Deoxygonyautoxin 5 (12α-Gonyautoxinol 5) in the Cyanobacterium <i>Dolichospermum circinale</i> (TA04) and 12β-Deoxysaxitoxin (12α-Saxitoxinol) in <i>D. circinale</i> (TA04) and the Dinoflagellate <i>Alexandrium pacificum</i> (Group IV) (120518KureAC).
dino_post2015,STX_DOC_000104,2022.0,cross_taxa,dinoflagellate_stx,alexandrium,DINO_TAXON,First Identification of 12β-Deoxygonyautoxin 5 (12α-Gonyautoxinol 5) in the Cyanobacterium <i>Dolichospermum circinale</i> (TA04) and 12β-Deoxysaxitoxin (12α-Saxitoxinol) in <i>D. circinale</i> (TA04) and the Dinoflagellate <i>Alexandrium pacificum</i> (Group IV) (120518KureAC).
dino_post2015,STX_DOC_000104,2022.0,cross_taxa,dinoflagellate_stx,alexandrium pacificum,DINO_TAXON,First Identification of 12β-Deoxygonyautoxin 5 (12α-Gonyautoxinol 5) in the Cyanobacterium <i>Dolichospermum circinale</i> (TA04) and 12β-Deoxysaxitoxin (12α-Saxitoxinol) in <i>D. circinale</i> (TA04) and the Dinoflagellate <i>Alexandrium pacificum</i> (Group IV) (120518KureAC).
dino_post2015,STX_DOC_000104,2022.0,cross_taxa,dinoflagellate_stx,cyanobacteria,CYANO_TAXON,First Identification of 12β-Deoxygonyautoxin 5 (12α-Gonyautoxinol 5) in the Cyanobacterium <i>Dolichospermum circinale</i> (TA04) and 12β-Deoxysaxitoxin (12α-Saxitoxinol) in <i>D. circinale</i> (TA04) and the Dinoflagellate <i>Alexandrium pacificum</i> (Group IV) (120518KureAC).
dino_post2015,STX_DOC_000104,2022.0,cross_taxa,dinoflagellate_stx,cyanobacterium,CYANO_TAXON,First Identification of 12β-Deoxygonyautoxin 5 (12α-Gonyautoxinol 5) in the Cyanobacterium <i>Dolichospermum circinale</i> (TA04) and 12β-Deoxysaxitoxin (12α-Saxitoxinol) in <i>D. circinale</i> (TA04) and the Dinoflagellate <i>Alexandrium pacificum</i> (Group IV) (120518KureAC).
dino_post2015,STX_DOC_000104,2022.0,cross_taxa,dinoflagellate_stx,dolichospermum,CYANO_TAXON,First Identification of 12β-Deoxygonyautoxin 5 (12α-Gonyautoxinol 5) in the Cyanobacterium <i>Dolichospermum circinale</i> (TA04) and 12β-Deoxysaxitoxin (12α-Saxitoxinol) in <i>D. circinale</i> (TA04) and the Dinoflagellate <i>Alexandrium pacificum</i> (Group IV) (120518KureAC).
dino_post2015,STX_DOC_000104,2022.0,cross_taxa,dinoflagellate_stx,lc-ms,DETECTION_METHOD,First Identification of 12β-Deoxygonyautoxin 5 (12α-Gonyautoxinol 5) in the Cyanobacterium <i>Dolichospermum circinale</i> (TA04) and 12β-Deoxysaxitoxin (12α-Saxitoxinol) in <i>D. circinale</i> (TA04) and the Dinoflagellate <i>Alexandrium pacificum</i> (Group IV) (120518KureAC).
dino_post2015,STX_DOC_000104,2022.0,cross_taxa,dinoflagellate_stx,lc-ms/ms,DETECTION_METHOD,First Identification of 12β-Deoxygonyautoxin 5 (12α-Gonyautoxinol 5) in the Cyanobacterium <i>Dolichospermum circinale</i> (TA04) and 12β-Deoxysaxitoxin (12α-Saxitoxinol) in <i>D. circinale</i> (TA04) and the Dinoflagellate <i>Alexandrium pacificum</i> (Group IV) (120518KureAC).
dino_post2015,STX_DOC_000105,2022.0,dinoflagellate,high_confidence_stx_biosynthesis,saxitoxin,TOXIN,Development of a Method for Detecting <i>Alexandrium pacificum</i> Based on the Quantification of <i>sxtA4</i> by Chip-Based Digital PCR.
dino_post2015,STX_DOC_000105,2022.0,dinoflagellate,high_confidence_stx_biosynthesis,stx,TOXIN,Development of a Method for Detecting <i>Alexandrium pacificum</i> Based on the Quantification of <i>sxtA4</i> by Chip-Based Digital PCR.
dino_post2015,STX_DOC_000105,2022.0,dinoflagellate,high_confidence_stx_biosynthesis,paralytic shellfish toxin,TOXIN,Development of a Method for Detecting <i>Alexandrium pacificum</i> Based on the Quantification of <i>sxtA4</i> by Chip-Based Digital PCR.
dino_post2015,STX_DOC_000105,2022.0,dinoflagellate,high_confidence_stx_biosynthesis,pst,TOXIN,Development of a Method for Detecting <i>Alexandrium pacificum</i> Based on the Quantification of <i>sxtA4</i> by Chip-Based Digital PCR.
dino_post2015,STX_DOC_000105,2022.0,dinoflagellate,high_confidence_stx_biosynthesis,psts,TOXIN,Development of a Method for Detecting <i>Alexandrium pacificum</i> Based on the Quantification of <i>sxtA4</i> by Chip-Based Digital PCR.
dino_post2015,STX_DOC_000105,2022.0,dinoflagellate,high_confidence_stx_biosynthesis,paralytic shellfish poisoning,TOXIN,Development of a Method for Detecting <i>Alexandrium pacificum</i> Based on the Quantification of <i>sxtA4</i> by Chip-Based Digital PCR.
dino_post2015,STX_DOC_000105,2022.0,dinoflagellate,high_confidence_stx_biosynthesis,sxta4,SXT_GENE,Development of a Method for Detecting <i>Alexandrium pacificum</i> Based on the Quantification of <i>sxtA4</i> by Chip-Based Digital PCR.
dino_post2015,STX_DOC_000105,2022.0,dinoflagellate,high_confidence_stx_biosynthesis,alexandrium,DINO_TAXON,Development of a Method for Detecting <i>Alexandrium pacificum</i> Based on the Quantification of <i>sxtA4</i> by Chip-Based Digital PCR.
dino_post2015,STX_DOC_000105,2022.0,dinoflagellate,high_confidence_stx_biosynthesis,alexandrium pacificum,DINO_TAXON,Development of a Method for Detecting <i>Alexandrium pacificum</i> Based on the Quantification of <i>sxtA4</i> by Chip-Based Digital PCR.
dino_post2015,STX_DOC_000105,2022.0,dinoflagellate,high_confidence_stx_biosynthesis,biosynthesis,BIOLOGICAL_PROCESS,Development of a Method for Detecting <i>Alexandrium pacificum</i> Based on the Quantification of <i>sxtA4</i> by Chip-Based Digital PCR.
dino_post2015,STX_DOC_000105,2022.0,dinoflagellate,high_confidence_stx_biosynthesis,mouse bioassay,DETECTION_METHOD,Development of a Method for Detecting <i>Alexandrium pacificum</i> Based on the Quantification of <i>sxtA4</i> by Chip-Based Digital PCR.
dino_post2015,STX_DOC_000106,2021.0,dinoflagellate,high_confidence_stx_biosynthesis,saxitoxin,TOXIN,SxtA localizes to chloroplasts and changes to its 3'UTR may reduce toxin biosynthesis in non-toxic Alexandrium catenella (Group I)<sup>✰</sup>.
dino_post2015,STX_DOC_000106,2021.0,dinoflagellate,high_confidence_stx_biosynthesis,stx,TOXIN,SxtA localizes to chloroplasts and changes to its 3'UTR may reduce toxin biosynthesis in non-toxic Alexandrium catenella (Group I)<sup>✰</sup>.
dino_post2015,STX_DOC_000106,2021.0,dinoflagellate,high_confidence_stx_biosynthesis,sxta,SXT_GENE,SxtA localizes to chloroplasts and changes to its 3'UTR may reduce toxin biosynthesis in non-toxic Alexandrium catenella (Group I)<sup>✰</sup>.
dino_post2015,STX_DOC_000106,2021.0,dinoflagellate,high_confidence_stx_biosynthesis,sxta4,SXT_GENE,SxtA localizes to chloroplasts and changes to its 3'UTR may reduce toxin biosynthesis in non-toxic Alexandrium catenella (Group I)<sup>✰</sup>.
dino_post2015,STX_DOC_000106,2021.0,dinoflagellate,high_confidence_stx_biosynthesis,alexandrium,DINO_TAXON,SxtA localizes to chloroplasts and changes to its 3'UTR may reduce toxin biosynthesis in non-toxic Alexandrium catenella (Group I)<sup>✰</sup>.
dino_post2015,STX_DOC_000106,2021.0,dinoflagellate,high_confidence_stx_biosynthesis,alexandrium catenella,DINO_TAXON,SxtA localizes to chloroplasts and changes to its 3'UTR may reduce toxin biosynthesis in non-toxic Alexandrium catenella (Group I)<sup>✰</sup>.
dino_post2015,STX_DOC_000106,2021.0,dinoflagellate,high_confidence_stx_biosynthesis,biosynthesis,BIOLOGICAL_PROCESS,SxtA localizes to chloroplasts and changes to its 3'UTR may reduce toxin biosynthesis in non-toxic Alexandrium catenella (Group I)<sup>✰</sup>.
dino_post2015,STX_DOC_000106,2021.0,dinoflagellate,high_confidence_stx_biosynthesis,toxin biosynthesis,BIOLOGICAL_PROCESS,SxtA localizes to chloroplasts and changes to its 3'UTR may reduce toxin biosynthesis in non-toxic Alexandrium catenella (Group I)<sup>✰</sup>.
dino_post2015,STX_DOC_000106,2021.0,dinoflagellate,high_confidence_stx_biosynthesis,saxitoxin biosynthesis,BIOLOGICAL_PROCESS,SxtA localizes to chloroplasts and changes to its 3'UTR may reduce toxin biosynthesis in non-toxic Alexandrium catenella (Group I)<sup>✰</sup>.
dino_post2015,STX_DOC_000106,2021.0,dinoflagellate,high_confidence_stx_biosynthesis,regulation,BIOLOGICAL_PROCESS,SxtA localizes to chloroplasts and changes to its 3'UTR may reduce toxin biosynthesis in non-toxic Alexandrium catenella (Group I)<sup>✰</sup>.
dino_post2015,STX_DOC_000106,2021.0,dinoflagellate,high_confidence_stx_biosynthesis,expression,BIOLOGICAL_PROCESS,SxtA localizes to chloroplasts and changes to its 3'UTR may reduce toxin biosynthesis in non-toxic Alexandrium catenella (Group I)<sup>✰</sup>.
dino_post2015,STX_DOC_000106,2021.0,dinoflagellate,high_confidence_stx_biosynthesis,toxicity,BIOLOGICAL_PROCESS,SxtA localizes to chloroplasts and changes to its 3'UTR may reduce toxin biosynthesis in non-toxic Alexandrium catenella (Group I)<sup>✰</sup>.
dino_post2015,STX_DOC_000107,2020.0,dinoflagellate,dinoflagellate_stx,stx,TOXIN,"Experimental exposure of the mussel Mytilus platensis (d'Orbigny, 1842) to the dinoflagellate Alexandrium catenella from Argentine Patagonia."
dino_post2015,STX_DOC_000107,2020.0,dinoflagellate,dinoflagellate_stx,paralytic shellfish toxins,TOXIN,"Experimental exposure of the mussel Mytilus platensis (d'Orbigny, 1842) to the dinoflagellate Alexandrium catenella from Argentine Patagonia."
dino_post2015,STX_DOC_000107,2020.0,dinoflagellate,dinoflagellate_stx,pst,TOXIN,"Experimental exposure of the mussel Mytilus platensis (d'Orbigny, 1842) to the dinoflagellate Alexandrium catenella from Argentine Patagonia."
dino_post2015,STX_DOC_000107,2020.0,dinoflagellate,dinoflagellate_stx,dinoflagellate,DINO_TAXON,"Experimental exposure of the mussel Mytilus platensis (d'Orbigny, 1842) to the dinoflagellate Alexandrium catenella from Argentine Patagonia."
dino_post2015,STX_DOC_000107,2020.0,dinoflagellate,dinoflagellate_stx,dinoflagellates,DINO_TAXON,"Experimental exposure of the mussel Mytilus platensis (d'Orbigny, 1842) to the dinoflagellate Alexandrium catenella from Argentine Patagonia."
dino_post2015,STX_DOC_000107,2020.0,dinoflagellate,dinoflagellate_stx,alexandrium,DINO_TAXON,"Experimental exposure of the mussel Mytilus platensis (d'Orbigny, 1842) to the dinoflagellate Alexandrium catenella from Argentine Patagonia."
dino_post2015,STX_DOC_000107,2020.0,dinoflagellate,dinoflagellate_stx,alexandrium catenella,DINO_TAXON,"Experimental exposure of the mussel Mytilus platensis (d'Orbigny, 1842) to the dinoflagellate Alexandrium catenella from Argentine Patagonia."
dino_post2015,STX_DOC_000107,2020.0,dinoflagellate,dinoflagellate_stx,hplc,DETECTION_METHOD,"Experimental exposure of the mussel Mytilus platensis (d'Orbigny, 1842) to the dinoflagellate Alexandrium catenella from Argentine Patagonia."
dino_post2015,STX_DOC_000107,2020.0,dinoflagellate,dinoflagellate_stx,mouse bioassay,DETECTION_METHOD,"Experimental exposure of the mussel Mytilus platensis (d'Orbigny, 1842) to the dinoflagellate Alexandrium catenella from Argentine Patagonia."
dino_post2015,STX_DOC_000108,2020.0,dinoflagellate,high_confidence_stx_biosynthesis,saxitoxin,TOXIN,De novo Transcriptome of the Non-saxitoxin Producing <i>Alexandrium tamutum</i> Reveals New Insights on Harmful Dinoflagellates.
dino_post2015,STX_DOC_000108,2020.0,dinoflagellate,high_confidence_stx_biosynthesis,sxta,SXT_GENE,De novo Transcriptome of the Non-saxitoxin Producing <i>Alexandrium tamutum</i> Reveals New Insights on Harmful Dinoflagellates.
dino_post2015,STX_DOC_000108,2020.0,dinoflagellate,high_confidence_stx_biosynthesis,sxtg,SXT_GENE,De novo Transcriptome of the Non-saxitoxin Producing <i>Alexandrium tamutum</i> Reveals New Insights on Harmful Dinoflagellates.
dino_post2015,STX_DOC_000108,2020.0,dinoflagellate,high_confidence_stx_biosynthesis,sxtu,SXT_GENE,De novo Transcriptome of the Non-saxitoxin Producing <i>Alexandrium tamutum</i> Reveals New Insights on Harmful Dinoflagellates.
dino_post2015,STX_DOC_000108,2020.0,dinoflagellate,high_confidence_stx_biosynthesis,dinoflagellate,DINO_TAXON,De novo Transcriptome of the Non-saxitoxin Producing <i>Alexandrium tamutum</i> Reveals New Insights on Harmful Dinoflagellates.
dino_post2015,STX_DOC_000108,2020.0,dinoflagellate,high_confidence_stx_biosynthesis,dinoflagellates,DINO_TAXON,De novo Transcriptome of the Non-saxitoxin Producing <i>Alexandrium tamutum</i> Reveals New Insights on Harmful Dinoflagellates.
dino_post2015,STX_DOC_000108,2020.0,dinoflagellate,high_confidence_stx_biosynthesis,alexandrium,DINO_TAXON,De novo Transcriptome of the Non-saxitoxin Producing <i>Alexandrium tamutum</i> Reveals New Insights on Harmful Dinoflagellates.
dino_post2015,STX_DOC_000108,2020.0,dinoflagellate,high_confidence_stx_biosynthesis,phosphate,ENV_FACTOR,De novo Transcriptome of the Non-saxitoxin Producing <i>Alexandrium tamutum</i> Reveals New Insights on Harmful Dinoflagellates.
dino_post2015,STX_DOC_000108,2020.0,dinoflagellate,high_confidence_stx_biosynthesis,transcriptome,BIOLOGICAL_PROCESS,De novo Transcriptome of the Non-saxitoxin Producing <i>Alexandrium tamutum</i> Reveals New Insights on Harmful Dinoflagellates.
dino_post2015,STX_DOC_000108,2020.0,dinoflagellate,high_confidence_stx_biosynthesis,toxin production,BIOLOGICAL_PROCESS,De novo Transcriptome of the Non-saxitoxin Producing <i>Alexandrium tamutum</i> Reveals New Insights on Harmful Dinoflagellates.
dino_post2015,STX_DOC_000110,2019.0,dinoflagellate,high_confidence_stx_biosynthesis,saxitoxin,TOXIN,Transcriptomic Profile and Sexual Reproduction-Relevant Genes of <i>Alexandrium minutum</i> in Response to Nutritional Deficiency.
dino_post2015,STX_DOC_000110,2019.0,dinoflagellate,high_confidence_stx_biosynthesis,paralytic shellfish poisoning,TOXIN,Transcriptomic Profile and Sexual Reproduction-Relevant Genes of <i>Alexandrium minutum</i> in Response to Nutritional Deficiency.
dino_post2015,STX_DOC_000110,2019.0,dinoflagellate,high_confidence_stx_biosynthesis,sxta,SXT_GENE,Transcriptomic Profile and Sexual Reproduction-Relevant Genes of <i>Alexandrium minutum</i> in Response to Nutritional Deficiency.
dino_post2015,STX_DOC_000110,2019.0,dinoflagellate,high_confidence_stx_biosynthesis,saxitoxin biosynthesis gene,SXT_GENE,Transcriptomic Profile and Sexual Reproduction-Relevant Genes of <i>Alexandrium minutum</i> in Response to Nutritional Deficiency.
dino_post2015,STX_DOC_000110,2019.0,dinoflagellate,high_confidence_stx_biosynthesis,dinoflagellate,DINO_TAXON,Transcriptomic Profile and Sexual Reproduction-Relevant Genes of <i>Alexandrium minutum</i> in Response to Nutritional Deficiency.
dino_post2015,STX_DOC_000110,2019.0,dinoflagellate,high_confidence_stx_biosynthesis,alexandrium,DINO_TAXON,Transcriptomic Profile and Sexual Reproduction-Relevant Genes of <i>Alexandrium minutum</i> in Response to Nutritional Deficiency.
dino_post2015,STX_DOC_000110,2019.0,dinoflagellate,high_confidence_stx_biosynthesis,alexandrium minutum,DINO_TAXON,Transcriptomic Profile and Sexual Reproduction-Relevant Genes of <i>Alexandrium minutum</i> in Response to Nutritional Deficiency.
dino_post2015,STX_DOC_000110,2019.0,dinoflagellate,high_confidence_stx_biosynthesis,nutrient,ENV_FACTOR,Transcriptomic Profile and Sexual Reproduction-Relevant Genes of <i>Alexandrium minutum</i> in Response to Nutritional Deficiency.
dino_post2015,STX_DOC_000110,2019.0,dinoflagellate,high_confidence_stx_biosynthesis,biosynthesis,BIOLOGICAL_PROCESS,Transcriptomic Profile and Sexual Reproduction-Relevant Genes of <i>Alexandrium minutum</i> in Response to Nutritional Deficiency.
dino_post2015,STX_DOC_000110,2019.0,dinoflagellate,high_confidence_stx_biosynthesis,toxin biosynthesis,BIOLOGICAL_PROCESS,Transcriptomic Profile and Sexual Reproduction-Relevant Genes of <i>Alexandrium minutum</i> in Response to Nutritional Deficiency.
dino_post2015,STX_DOC_000110,2019.0,dinoflagellate,high_confidence_stx_biosynthesis,saxitoxin biosynthesis,BIOLOGICAL_PROCESS,Transcriptomic Profile and Sexual Reproduction-Relevant Genes of <i>Alexandrium minutum</i> in Response to Nutritional Deficiency.
dino_post2015,STX_DOC_000110,2019.0,dinoflagellate,high_confidence_stx_biosynthesis,expression,BIOLOGICAL_PROCESS,Transcriptomic Profile and Sexual Reproduction-Relevant Genes of <i>Alexandrium minutum</i> in Response to Nutritional Deficiency.
dino_post2015,STX_DOC_000110,2019.0,dinoflagellate,high_confidence_stx_biosynthesis,gene expression,BIOLOGICAL_PROCESS,Transcriptomic Profile and Sexual Reproduction-Relevant Genes of <i>Alexandrium minutum</i> in Response to Nutritional Deficiency.
dino_post2015,STX_DOC_000110,2019.0,dinoflagellate,high_confidence_stx_biosynthesis,transcriptome,BIOLOGICAL_PROCESS,Transcriptomic Profile and Sexual Reproduction-Relevant Genes of <i>Alexandrium minutum</i> in Response to Nutritional Deficiency.
dino_post2015,STX_DOC_000110,2019.0,dinoflagellate,high_confidence_stx_biosynthesis,transcriptomic,BIOLOGICAL_PROCESS,Transcriptomic Profile and Sexual Reproduction-Relevant Genes of <i>Alexandrium minutum</i> in Response to Nutritional Deficiency.
dino_post2015,STX_DOC_000111,2018.0,dinoflagellate,dinoflagellate_stx,stx,TOXIN,Combined effects of warming and acidification on accumulation and elimination dynamics of paralytic shellfish toxins in mussels Mytilus galloprovincialis.
dino_post2015,STX_DOC_000111,2018.0,dinoflagellate,dinoflagellate_stx,paralytic shellfish toxins,TOXIN,Combined effects of warming and acidification on accumulation and elimination dynamics of paralytic shellfish toxins in mussels Mytilus galloprovincialis.
dino_post2015,STX_DOC_000111,2018.0,dinoflagellate,dinoflagellate_stx,pst,TOXIN,Combined effects of warming and acidification on accumulation and elimination dynamics of paralytic shellfish toxins in mussels Mytilus galloprovincialis.
dino_post2015,STX_DOC_000111,2018.0,dinoflagellate,dinoflagellate_stx,psts,TOXIN,Combined effects of warming and acidification on accumulation and elimination dynamics of paralytic shellfish toxins in mussels Mytilus galloprovincialis.
dino_post2015,STX_DOC_000111,2018.0,dinoflagellate,dinoflagellate_stx,paralytic shellfish poisoning,TOXIN,Combined effects of warming and acidification on accumulation and elimination dynamics of paralytic shellfish toxins in mussels Mytilus galloprovincialis.
dino_post2015,STX_DOC_000111,2018.0,dinoflagellate,dinoflagellate_stx,dinoflagellate,DINO_TAXON,Combined effects of warming and acidification on accumulation and elimination dynamics of paralytic shellfish toxins in mussels Mytilus galloprovincialis.
dino_post2015,STX_DOC_000111,2018.0,dinoflagellate,dinoflagellate_stx,gymnodinium,DINO_TAXON,Combined effects of warming and acidification on accumulation and elimination dynamics of paralytic shellfish toxins in mussels Mytilus galloprovincialis.
dino_post2015,STX_DOC_000111,2018.0,dinoflagellate,dinoflagellate_stx,gymnodinium catenatum,DINO_TAXON,Combined effects of warming and acidification on accumulation and elimination dynamics of paralytic shellfish toxins in mussels Mytilus galloprovincialis.
dino_post2015,STX_DOC_000111,2018.0,dinoflagellate,dinoflagellate_stx,temperature,ENV_FACTOR,Combined effects of warming and acidification on accumulation and elimination dynamics of paralytic shellfish toxins in mussels Mytilus galloprovincialis.
dino_post2015,STX_DOC_000111,2018.0,dinoflagellate,dinoflagellate_stx,warming,ENV_FACTOR,Combined effects of warming and acidification on accumulation and elimination dynamics of paralytic shellfish toxins in mussels Mytilus galloprovincialis.
dino_post2015,STX_DOC_000111,2018.0,dinoflagellate,dinoflagellate_stx,climate,ENV_FACTOR,Combined effects of warming and acidification on accumulation and elimination dynamics of paralytic shellfish toxins in mussels Mytilus galloprovincialis.
dino_post2015,STX_DOC_000111,2018.0,dinoflagellate,dinoflagellate_stx,toxicity,BIOLOGICAL_PROCESS,Combined effects of warming and acidification on accumulation and elimination dynamics of paralytic shellfish toxins in mussels Mytilus galloprovincialis.
dino_post2015,STX_DOC_000112,2017.0,dinoflagellate,dinoflagellate_stx,saxitoxin,TOXIN,"The paralytic shellfish toxin, saxitoxin, enters the cytoplasm and induces apoptosis of oyster immune cells through a caspase-dependent pathway."
dino_post2015,STX_DOC_000112,2017.0,dinoflagellate,dinoflagellate_stx,stx,TOXIN,"The paralytic shellfish toxin, saxitoxin, enters the cytoplasm and induces apoptosis of oyster immune cells through a caspase-dependent pathway."
dino_post2015,STX_DOC_000112,2017.0,dinoflagellate,dinoflagellate_stx,gonyautoxin,TOXIN,"The paralytic shellfish toxin, saxitoxin, enters the cytoplasm and induces apoptosis of oyster immune cells through a caspase-dependent pathway."
dino_post2015,STX_DOC_000112,2017.0,dinoflagellate,dinoflagellate_stx,paralytic shellfish toxin,TOXIN,"The paralytic shellfish toxin, saxitoxin, enters the cytoplasm and induces apoptosis of oyster immune cells through a caspase-dependent pathway."
dino_post2015,STX_DOC_000112,2017.0,dinoflagellate,dinoflagellate_stx,pst,TOXIN,"The paralytic shellfish toxin, saxitoxin, enters the cytoplasm and induces apoptosis of oyster immune cells through a caspase-dependent pathway."
dino_post2015,STX_DOC_000112,2017.0,dinoflagellate,dinoflagellate_stx,psts,TOXIN,"The paralytic shellfish toxin, saxitoxin, enters the cytoplasm and induces apoptosis of oyster immune cells through a caspase-dependent pathway."
dino_post2015,STX_DOC_000112,2017.0,dinoflagellate,dinoflagellate_stx,dinoflagellate,DINO_TAXON,"The paralytic shellfish toxin, saxitoxin, enters the cytoplasm and induces apoptosis of oyster immune cells through a caspase-dependent pathway."
dino_post2015,STX_DOC_000112,2017.0,dinoflagellate,dinoflagellate_stx,dinoflagellates,DINO_TAXON,"The paralytic shellfish toxin, saxitoxin, enters the cytoplasm and induces apoptosis of oyster immune cells through a caspase-dependent pathway."
dino_post2015,STX_DOC_000112,2017.0,dinoflagellate,dinoflagellate_stx,alexandrium,DINO_TAXON,"The paralytic shellfish toxin, saxitoxin, enters the cytoplasm and induces apoptosis of oyster immune cells through a caspase-dependent pathway."
dino_post2015,STX_DOC_000112,2017.0,dinoflagellate,dinoflagellate_stx,alexandrium catenella,DINO_TAXON,"The paralytic shellfish toxin, saxitoxin, enters the cytoplasm and induces apoptosis of oyster immune cells through a caspase-dependent pathway."
dino_post2015,STX_DOC_000121,2026.0,cross_taxa,high_confidence_stx_biosynthesis,saxitoxin,TOXIN,Artificial Intelligence (AI) in Saxitoxin Research: The Next Frontier for Understanding Marine Dinoflagellate Toxin Biosynthesis and Evolution.
dino_post2015,STX_DOC_000121,2026.0,cross_taxa,high_confidence_stx_biosynthesis,stx,TOXIN,Artificial Intelligence (AI) in Saxitoxin Research: The Next Frontier for Understanding Marine Dinoflagellate Toxin Biosynthesis and Evolution.
dino_post2015,STX_DOC_000121,2026.0,cross_taxa,high_confidence_stx_biosynthesis,paralytic shellfish poisoning,TOXIN,Artificial Intelligence (AI) in Saxitoxin Research: The Next Frontier for Understanding Marine Dinoflagellate Toxin Biosynthesis and Evolution.
dino_post2015,STX_DOC_000121,2026.0,cross_taxa,high_confidence_stx_biosynthesis,sxt gene,SXT_GENE,Artificial Intelligence (AI) in Saxitoxin Research: The Next Frontier for Understanding Marine Dinoflagellate Toxin Biosynthesis and Evolution.
dino_post2015,STX_DOC_000121,2026.0,cross_taxa,high_confidence_stx_biosynthesis,dinoflagellate,DINO_TAXON,Artificial Intelligence (AI) in Saxitoxin Research: The Next Frontier for Understanding Marine Dinoflagellate Toxin Biosynthesis and Evolution.
dino_post2015,STX_DOC_000121,2026.0,cross_taxa,high_confidence_stx_biosynthesis,dinoflagellates,DINO_TAXON,Artificial Intelligence (AI) in Saxitoxin Research: The Next Frontier for Understanding Marine Dinoflagellate Toxin Biosynthesis and Evolution.
dino_post2015,STX_DOC_000121,2026.0,cross_taxa,high_confidence_stx_biosynthesis,cyanobacteria,CYANO_TAXON,Artificial Intelligence (AI) in Saxitoxin Research: The Next Frontier for Understanding Marine Dinoflagellate Toxin Biosynthesis and Evolution.
dino_post2015,STX_DOC_000121,2026.0,cross_taxa,high_confidence_stx_biosynthesis,biosynthesis,BIOLOGICAL_PROCESS,Artificial Intelligence (AI) in Saxitoxin Research: The Next Frontier for Understanding Marine Dinoflagellate Toxin Biosynthesis and Evolution.
dino_post2015,STX_DOC_000121,2026.0,cross_taxa,high_confidence_stx_biosynthesis,toxin biosynthesis,BIOLOGICAL_PROCESS,Artificial Intelligence (AI) in Saxitoxin Research: The Next Frontier for Understanding Marine Dinoflagellate Toxin Biosynthesis and Evolution.
dino_post2015,STX_DOC_000121,2026.0,cross_taxa,high_confidence_stx_biosynthesis,regulation,BIOLOGICAL_PROCESS,Artificial Intelligence (AI) in Saxitoxin Research: The Next Frontier for Understanding Marine Dinoflagellate Toxin Biosynthesis and Evolution.
dino_post2015,STX_DOC_000121,2026.0,cross_taxa,high_confidence_stx_biosynthesis,evolution,BIOLOGICAL_PROCESS,Artificial Intelligence (AI) in Saxitoxin Research: The Next Frontier for Understanding Marine Dinoflagellate Toxin Biosynthesis and Evolution.
dino_post2015,STX_DOC_000122,2023.0,dinoflagellate,high_confidence_stx_biosynthesis,saxitoxin,TOXIN,Metabolic inhibitor induces dynamic changes in saxitoxin biosynthesis and metabolism in the dinoflagellate Alexandrium pacificum (Group IV) under in vivo labeling condition.
dino_post2015,STX_DOC_000122,2023.0,dinoflagellate,high_confidence_stx_biosynthesis,stx,TOXIN,Metabolic inhibitor induces dynamic changes in saxitoxin biosynthesis and metabolism in the dinoflagellate Alexandrium pacificum (Group IV) under in vivo labeling condition.
dino_post2015,STX_DOC_000122,2023.0,dinoflagellate,high_confidence_stx_biosynthesis,paralytic shellfish toxin,TOXIN,Metabolic inhibitor induces dynamic changes in saxitoxin biosynthesis and metabolism in the dinoflagellate Alexandrium pacificum (Group IV) under in vivo labeling condition.
dino_post2015,STX_DOC_000122,2023.0,dinoflagellate,high_confidence_stx_biosynthesis,dinoflagellate,DINO_TAXON,Metabolic inhibitor induces dynamic changes in saxitoxin biosynthesis and metabolism in the dinoflagellate Alexandrium pacificum (Group IV) under in vivo labeling condition.
dino_post2015,STX_DOC_000122,2023.0,dinoflagellate,high_confidence_stx_biosynthesis,dinoflagellates,DINO_TAXON,Metabolic inhibitor induces dynamic changes in saxitoxin biosynthesis and metabolism in the dinoflagellate Alexandrium pacificum (Group IV) under in vivo labeling condition.
dino_post2015,STX_DOC_000122,2023.0,dinoflagellate,high_confidence_stx_biosynthesis,alexandrium,DINO_TAXON,Metabolic inhibitor induces dynamic changes in saxitoxin biosynthesis and metabolism in the dinoflagellate Alexandrium pacificum (Group IV) under in vivo labeling condition.
dino_post2015,STX_DOC_000122,2023.0,dinoflagellate,high_confidence_stx_biosynthesis,alexandrium pacificum,DINO_TAXON,Metabolic inhibitor induces dynamic changes in saxitoxin biosynthesis and metabolism in the dinoflagellate Alexandrium pacificum (Group IV) under in vivo labeling condition.
dino_post2015,STX_DOC_000122,2023.0,dinoflagellate,high_confidence_stx_biosynthesis,nitrogen,ENV_FACTOR,Metabolic inhibitor induces dynamic changes in saxitoxin biosynthesis and metabolism in the dinoflagellate Alexandrium pacificum (Group IV) under in vivo labeling condition.
dino_post2015,STX_DOC_000122,2023.0,dinoflagellate,high_confidence_stx_biosynthesis,nitrate,ENV_FACTOR,Metabolic inhibitor induces dynamic changes in saxitoxin biosynthesis and metabolism in the dinoflagellate Alexandrium pacificum (Group IV) under in vivo labeling condition.
dino_post2015,STX_DOC_000122,2023.0,dinoflagellate,high_confidence_stx_biosynthesis,biosynthesis,BIOLOGICAL_PROCESS,Metabolic inhibitor induces dynamic changes in saxitoxin biosynthesis and metabolism in the dinoflagellate Alexandrium pacificum (Group IV) under in vivo labeling condition.
dino_post2015,STX_DOC_000122,2023.0,dinoflagellate,high_confidence_stx_biosynthesis,saxitoxin biosynthesis,BIOLOGICAL_PROCESS,Metabolic inhibitor induces dynamic changes in saxitoxin biosynthesis and metabolism in the dinoflagellate Alexandrium pacificum (Group IV) under in vivo labeling condition.
dino_post2015,STX_DOC_000122,2023.0,dinoflagellate,high_confidence_stx_biosynthesis,toxin production,BIOLOGICAL_PROCESS,Metabolic inhibitor induces dynamic changes in saxitoxin biosynthesis and metabolism in the dinoflagellate Alexandrium pacificum (Group IV) under in vivo labeling condition.
dino_post2015,STX_DOC_000122,2023.0,dinoflagellate,high_confidence_stx_biosynthesis,mass spectrometry,DETECTION_METHOD,Metabolic inhibitor induces dynamic changes in saxitoxin biosynthesis and metabolism in the dinoflagellate Alexandrium pacificum (Group IV) under in vivo labeling condition.
dino_post2015,STX_DOC_000123,2020.0,dinoflagellate,dinoflagellate_stx,saxitoxin,TOXIN,Uptake of Paralytic Shellfish Toxins by Blacklip Abalone (Haliotis rubra rubra Leach) from direct exposure to Alexandrium catenella microalgal cells and toxic aquaculture feed.
dino_post2015,STX_DOC_000123,2020.0,dinoflagellate,dinoflagellate_stx,stx,TOXIN,Uptake of Paralytic Shellfish Toxins by Blacklip Abalone (Haliotis rubra rubra Leach) from direct exposure to Alexandrium catenella microalgal cells and toxic aquaculture feed.
dino_post2015,STX_DOC_000123,2020.0,dinoflagellate,dinoflagellate_stx,neosaxitoxin,TOXIN,Uptake of Paralytic Shellfish Toxins by Blacklip Abalone (Haliotis rubra rubra Leach) from direct exposure to Alexandrium catenella microalgal cells and toxic aquaculture feed.
dino_post2015,STX_DOC_000123,2020.0,dinoflagellate,dinoflagellate_stx,gonyautoxin,TOXIN,Uptake of Paralytic Shellfish Toxins by Blacklip Abalone (Haliotis rubra rubra Leach) from direct exposure to Alexandrium catenella microalgal cells and toxic aquaculture feed.
dino_post2015,STX_DOC_000123,2020.0,dinoflagellate,dinoflagellate_stx,paralytic shellfish toxin,TOXIN,Uptake of Paralytic Shellfish Toxins by Blacklip Abalone (Haliotis rubra rubra Leach) from direct exposure to Alexandrium catenella microalgal cells and toxic aquaculture feed.
dino_post2015,STX_DOC_000123,2020.0,dinoflagellate,dinoflagellate_stx,paralytic shellfish toxins,TOXIN,Uptake of Paralytic Shellfish Toxins by Blacklip Abalone (Haliotis rubra rubra Leach) from direct exposure to Alexandrium catenella microalgal cells and toxic aquaculture feed.
dino_post2015,STX_DOC_000123,2020.0,dinoflagellate,dinoflagellate_stx,pst,TOXIN,Uptake of Paralytic Shellfish Toxins by Blacklip Abalone (Haliotis rubra rubra Leach) from direct exposure to Alexandrium catenella microalgal cells and toxic aquaculture feed.
dino_post2015,STX_DOC_000123,2020.0,dinoflagellate,dinoflagellate_stx,alexandrium,DINO_TAXON,Uptake of Paralytic Shellfish Toxins by Blacklip Abalone (Haliotis rubra rubra Leach) from direct exposure to Alexandrium catenella microalgal cells and toxic aquaculture feed.
dino_post2015,STX_DOC_000123,2020.0,dinoflagellate,dinoflagellate_stx,alexandrium catenella,DINO_TAXON,Uptake of Paralytic Shellfish Toxins by Blacklip Abalone (Haliotis rubra rubra Leach) from direct exposure to Alexandrium catenella microalgal cells and toxic aquaculture feed.
dino_post2015,STX_DOC_000123,2020.0,dinoflagellate,dinoflagellate_stx,toxicity,BIOLOGICAL_PROCESS,Uptake of Paralytic Shellfish Toxins by Blacklip Abalone (Haliotis rubra rubra Leach) from direct exposure to Alexandrium catenella microalgal cells and toxic aquaculture feed.
dino_post2015,STX_DOC_000124,2016.0,cross_taxa,high_confidence_stx_biosynthesis,saxitoxin,TOXIN,Elevated Na(+) and pH influence the production and transport of saxitoxin in the cyanobacteria Anabaena circinalis AWQC131C and Cylindrospermopsis raciborskii T3.
dino_post2015,STX_DOC_000124,2016.0,cross_taxa,high_confidence_stx_biosynthesis,stx,TOXIN,Elevated Na(+) and pH influence the production and transport of saxitoxin in the cyanobacteria Anabaena circinalis AWQC131C and Cylindrospermopsis raciborskii T3.
dino_post2015,STX_DOC_000124,2016.0,cross_taxa,high_confidence_stx_biosynthesis,paralytic shellfish toxins,TOXIN,Elevated Na(+) and pH influence the production and transport of saxitoxin in the cyanobacteria Anabaena circinalis AWQC131C and Cylindrospermopsis raciborskii T3.
dino_post2015,STX_DOC_000124,2016.0,cross_taxa,high_confidence_stx_biosynthesis,sxta,SXT_GENE,Elevated Na(+) and pH influence the production and transport of saxitoxin in the cyanobacteria Anabaena circinalis AWQC131C and Cylindrospermopsis raciborskii T3.
dino_post2015,STX_DOC_000124,2016.0,cross_taxa,high_confidence_stx_biosynthesis,dinoflagellates,DINO_TAXON,Elevated Na(+) and pH influence the production and transport of saxitoxin in the cyanobacteria Anabaena circinalis AWQC131C and Cylindrospermopsis raciborskii T3.
dino_post2015,STX_DOC_000124,2016.0,cross_taxa,high_confidence_stx_biosynthesis,cyanobacteria,CYANO_TAXON,Elevated Na(+) and pH influence the production and transport of saxitoxin in the cyanobacteria Anabaena circinalis AWQC131C and Cylindrospermopsis raciborskii T3.
dino_post2015,STX_DOC_000124,2016.0,cross_taxa,high_confidence_stx_biosynthesis,anabaena,CYANO_TAXON,Elevated Na(+) and pH influence the production and transport of saxitoxin in the cyanobacteria Anabaena circinalis AWQC131C and Cylindrospermopsis raciborskii T3.
dino_post2015,STX_DOC_000124,2016.0,cross_taxa,high_confidence_stx_biosynthesis,cylindrospermopsis,CYANO_TAXON,Elevated Na(+) and pH influence the production and transport of saxitoxin in the cyanobacteria Anabaena circinalis AWQC131C and Cylindrospermopsis raciborskii T3.
dino_post2015,STX_DOC_000124,2016.0,cross_taxa,high_confidence_stx_biosynthesis,biosynthesis,BIOLOGICAL_PROCESS,Elevated Na(+) and pH influence the production and transport of saxitoxin in the cyanobacteria Anabaena circinalis AWQC131C and Cylindrospermopsis raciborskii T3.
dino_post2015,STX_DOC_000124,2016.0,cross_taxa,high_confidence_stx_biosynthesis,expression,BIOLOGICAL_PROCESS,Elevated Na(+) and pH influence the production and transport of saxitoxin in the cyanobacteria Anabaena circinalis AWQC131C and Cylindrospermopsis raciborskii T3.
dino_post2015,STX_DOC_000124,2016.0,cross_taxa,high_confidence_stx_biosynthesis,transcription,BIOLOGICAL_PROCESS,Elevated Na(+) and pH influence the production and transport of saxitoxin in the cyanobacteria Anabaena circinalis AWQC131C and Cylindrospermopsis raciborskii T3.
dino_post2015,STX_DOC_000132,2026.0,dinoflagellate,dinoflagellate_stx,saxitoxin,TOXIN,Linking physiological response and toxin transfer: effects of ocean warming on paralytic shellfish toxins in Concholepas concholepas.
dino_post2015,STX_DOC_000132,2026.0,dinoflagellate,dinoflagellate_stx,stx,TOXIN,Linking physiological response and toxin transfer: effects of ocean warming on paralytic shellfish toxins in Concholepas concholepas.
dino_post2015,STX_DOC_000132,2026.0,dinoflagellate,dinoflagellate_stx,neosaxitoxin,TOXIN,Linking physiological response and toxin transfer: effects of ocean warming on paralytic shellfish toxins in Concholepas concholepas.
dino_post2015,STX_DOC_000132,2026.0,dinoflagellate,dinoflagellate_stx,paralytic shellfish toxins,TOXIN,Linking physiological response and toxin transfer: effects of ocean warming on paralytic shellfish toxins in Concholepas concholepas.
dino_post2015,STX_DOC_000132,2026.0,dinoflagellate,dinoflagellate_stx,pst,TOXIN,Linking physiological response and toxin transfer: effects of ocean warming on paralytic shellfish toxins in Concholepas concholepas.
dino_post2015,STX_DOC_000132,2026.0,dinoflagellate,dinoflagellate_stx,psts,TOXIN,Linking physiological response and toxin transfer: effects of ocean warming on paralytic shellfish toxins in Concholepas concholepas.
dino_post2015,STX_DOC_000132,2026.0,dinoflagellate,dinoflagellate_stx,alexandrium,DINO_TAXON,Linking physiological response and toxin transfer: effects of ocean warming on paralytic shellfish toxins in Concholepas concholepas.
dino_post2015,STX_DOC_000132,2026.0,dinoflagellate,dinoflagellate_stx,alexandrium catenella,DINO_TAXON,Linking physiological response and toxin transfer: effects of ocean warming on paralytic shellfish toxins in Concholepas concholepas.
dino_post2015,STX_DOC_000132,2026.0,dinoflagellate,dinoflagellate_stx,temperature,ENV_FACTOR,Linking physiological response and toxin transfer: effects of ocean warming on paralytic shellfish toxins in Concholepas concholepas.
dino_post2015,STX_DOC_000132,2026.0,dinoflagellate,dinoflagellate_stx,warming,ENV_FACTOR,Linking physiological response and toxin transfer: effects of ocean warming on paralytic shellfish toxins in Concholepas concholepas.
dino_post2015,STX_DOC_000133,2025.0,dinoflagellate,high_confidence_stx_biosynthesis,sxta4,SXT_GENE,"A Decade Review of Dinoflagellate Species Composition in Lombok Waters, West Nusa Tenggara: Threat or Blessing"
dino_post2015,STX_DOC_000133,2025.0,dinoflagellate,high_confidence_stx_biosynthesis,sxtg,SXT_GENE,"A Decade Review of Dinoflagellate Species Composition in Lombok Waters, West Nusa Tenggara: Threat or Blessing"
dino_post2015,STX_DOC_000133,2025.0,dinoflagellate,high_confidence_stx_biosynthesis,dinoflagellate,DINO_TAXON,"A Decade Review of Dinoflagellate Species Composition in Lombok Waters, West Nusa Tenggara: Threat or Blessing"
dino_post2015,STX_DOC_000133,2025.0,dinoflagellate,high_confidence_stx_biosynthesis,dinoflagellates,DINO_TAXON,"A Decade Review of Dinoflagellate Species Composition in Lombok Waters, West Nusa Tenggara: Threat or Blessing"
dino_post2015,STX_DOC_000133,2025.0,dinoflagellate,high_confidence_stx_biosynthesis,alexandrium,DINO_TAXON,"A Decade Review of Dinoflagellate Species Composition in Lombok Waters, West Nusa Tenggara: Threat or Blessing"
dino_post2015,STX_DOC_000133,2025.0,dinoflagellate,high_confidence_stx_biosynthesis,alexandrium pacificum,DINO_TAXON,"A Decade Review of Dinoflagellate Species Composition in Lombok Waters, West Nusa Tenggara: Threat or Blessing"
dino_post2015,STX_DOC_000133,2025.0,dinoflagellate,high_confidence_stx_biosynthesis,temperature,ENV_FACTOR,"A Decade Review of Dinoflagellate Species Composition in Lombok Waters, West Nusa Tenggara: Threat or Blessing"
dino_post2015,STX_DOC_000133,2025.0,dinoflagellate,high_confidence_stx_biosynthesis,salinity,ENV_FACTOR,"A Decade Review of Dinoflagellate Species Composition in Lombok Waters, West Nusa Tenggara: Threat or Blessing"
dino_post2015,STX_DOC_000133,2025.0,dinoflagellate,high_confidence_stx_biosynthesis,nutrients,ENV_FACTOR,"A Decade Review of Dinoflagellate Species Composition in Lombok Waters, West Nusa Tenggara: Threat or Blessing"
dino_post2015,STX_DOC_000133,2025.0,dinoflagellate,high_confidence_stx_biosynthesis,light,ENV_FACTOR,"A Decade Review of Dinoflagellate Species Composition in Lombok Waters, West Nusa Tenggara: Threat or Blessing"
dino_post2015,STX_DOC_000133,2025.0,dinoflagellate,high_confidence_stx_biosynthesis,irradiance,ENV_FACTOR,"A Decade Review of Dinoflagellate Species Composition in Lombok Waters, West Nusa Tenggara: Threat or Blessing"
dino_post2015,STX_DOC_000133,2025.0,dinoflagellate,high_confidence_stx_biosynthesis,bloom,ENV_FACTOR,"A Decade Review of Dinoflagellate Species Composition in Lombok Waters, West Nusa Tenggara: Threat or Blessing"
dino_post2015,STX_DOC_000133,2025.0,dinoflagellate,high_confidence_stx_biosynthesis,biosynthesis,BIOLOGICAL_PROCESS,"A Decade Review of Dinoflagellate Species Composition in Lombok Waters, West Nusa Tenggara: Threat or Blessing"
dino_post2015,STX_DOC_000133,2025.0,dinoflagellate,high_confidence_stx_biosynthesis,regulation,BIOLOGICAL_PROCESS,"A Decade Review of Dinoflagellate Species Composition in Lombok Waters, West Nusa Tenggara: Threat or Blessing"
dino_post2015,STX_DOC_000133,2025.0,dinoflagellate,high_confidence_stx_biosynthesis,transcription,BIOLOGICAL_PROCESS,"A Decade Review of Dinoflagellate Species Composition in Lombok Waters, West Nusa Tenggara: Threat or Blessing"
dino_post2015,STX_DOC_000133,2025.0,dinoflagellate,high_confidence_stx_biosynthesis,phylogeny,BIOLOGICAL_PROCESS,"A Decade Review of Dinoflagellate Species Composition in Lombok Waters, West Nusa Tenggara: Threat or Blessing"
dino_post2015,STX_DOC_000133,2025.0,dinoflagellate,high_confidence_stx_biosynthesis,toxicity,BIOLOGICAL_PROCESS,"A Decade Review of Dinoflagellate Species Composition in Lombok Waters, West Nusa Tenggara: Threat or Blessing"
dino_post2015,STX_DOC_000134,2021.0,dinoflagellate,high_confidence_stx_biosynthesis,stx,TOXIN,Low Temperature and Cold Stress Significantly Increase Saxitoxins (STXs) and Expression of STX Biosynthesis Genes <i>sxtA4</i> and <i>sxtG</i> in the Dinoflagellate <i>Alexandrium catenella</i>.
dino_post2015,STX_DOC_000134,2021.0,dinoflagellate,high_confidence_stx_biosynthesis,sxta4,SXT_GENE,Low Temperature and Cold Stress Significantly Increase Saxitoxins (STXs) and Expression of STX Biosynthesis Genes <i>sxtA4</i> and <i>sxtG</i> in the Dinoflagellate <i>Alexandrium catenella</i>.
dino_post2015,STX_DOC_000134,2021.0,dinoflagellate,high_confidence_stx_biosynthesis,sxtg,SXT_GENE,Low Temperature and Cold Stress Significantly Increase Saxitoxins (STXs) and Expression of STX Biosynthesis Genes <i>sxtA4</i> and <i>sxtG</i> in the Dinoflagellate <i>Alexandrium catenella</i>.
dino_post2015,STX_DOC_000134,2021.0,dinoflagellate,high_confidence_stx_biosynthesis,dinoflagellate,DINO_TAXON,Low Temperature and Cold Stress Significantly Increase Saxitoxins (STXs) and Expression of STX Biosynthesis Genes <i>sxtA4</i> and <i>sxtG</i> in the Dinoflagellate <i>Alexandrium catenella</i>.
dino_post2015,STX_DOC_000134,2021.0,dinoflagellate,high_confidence_stx_biosynthesis,dinoflagellates,DINO_TAXON,Low Temperature and Cold Stress Significantly Increase Saxitoxins (STXs) and Expression of STX Biosynthesis Genes <i>sxtA4</i> and <i>sxtG</i> in the Dinoflagellate <i>Alexandrium catenella</i>.
dino_post2015,STX_DOC_000134,2021.0,dinoflagellate,high_confidence_stx_biosynthesis,alexandrium,DINO_TAXON,Low Temperature and Cold Stress Significantly Increase Saxitoxins (STXs) and Expression of STX Biosynthesis Genes <i>sxtA4</i> and <i>sxtG</i> in the Dinoflagellate <i>Alexandrium catenella</i>.
dino_post2015,STX_DOC_000134,2021.0,dinoflagellate,high_confidence_stx_biosynthesis,alexandrium catenella,DINO_TAXON,Low Temperature and Cold Stress Significantly Increase Saxitoxins (STXs) and Expression of STX Biosynthesis Genes <i>sxtA4</i> and <i>sxtG</i> in the Dinoflagellate <i>Alexandrium catenella</i>.
dino_post2015,STX_DOC_000134,2021.0,dinoflagellate,high_confidence_stx_biosynthesis,temperature,ENV_FACTOR,Low Temperature and Cold Stress Significantly Increase Saxitoxins (STXs) and Expression of STX Biosynthesis Genes <i>sxtA4</i> and <i>sxtG</i> in the Dinoflagellate <i>Alexandrium catenella</i>.
dino_post2015,STX_DOC_000134,2021.0,dinoflagellate,high_confidence_stx_biosynthesis,biosynthesis,BIOLOGICAL_PROCESS,Low Temperature and Cold Stress Significantly Increase Saxitoxins (STXs) and Expression of STX Biosynthesis Genes <i>sxtA4</i> and <i>sxtG</i> in the Dinoflagellate <i>Alexandrium catenella</i>.
dino_post2015,STX_DOC_000134,2021.0,dinoflagellate,high_confidence_stx_biosynthesis,regulation,BIOLOGICAL_PROCESS,Low Temperature and Cold Stress Significantly Increase Saxitoxins (STXs) and Expression of STX Biosynthesis Genes <i>sxtA4</i> and <i>sxtG</i> in the Dinoflagellate <i>Alexandrium catenella</i>.
dino_post2015,STX_DOC_000134,2021.0,dinoflagellate,high_confidence_stx_biosynthesis,expression,BIOLOGICAL_PROCESS,Low Temperature and Cold Stress Significantly Increase Saxitoxins (STXs) and Expression of STX Biosynthesis Genes <i>sxtA4</i> and <i>sxtG</i> in the Dinoflagellate <i>Alexandrium catenella</i>.
dino_post2015,STX_DOC_000134,2021.0,dinoflagellate,high_confidence_stx_biosynthesis,gene expression,BIOLOGICAL_PROCESS,Low Temperature and Cold Stress Significantly Increase Saxitoxins (STXs) and Expression of STX Biosynthesis Genes <i>sxtA4</i> and <i>sxtG</i> in the Dinoflagellate <i>Alexandrium catenella</i>.
dino_post2015,STX_DOC_000134,2021.0,dinoflagellate,high_confidence_stx_biosynthesis,toxicity,BIOLOGICAL_PROCESS,Low Temperature and Cold Stress Significantly Increase Saxitoxins (STXs) and Expression of STX Biosynthesis Genes <i>sxtA4</i> and <i>sxtG</i> in the Dinoflagellate <i>Alexandrium catenella</i>.
dino_post2015,STX_DOC_000135,2020.0,dinoflagellate,dinoflagellate_stx,saxitoxin,TOXIN,Centrodinium punctatum (Dinophyceae) produces significant levels of saxitoxin and related analogs.
dino_post2015,STX_DOC_000135,2020.0,dinoflagellate,dinoflagellate_stx,stx,TOXIN,Centrodinium punctatum (Dinophyceae) produces significant levels of saxitoxin and related analogs.
dino_post2015,STX_DOC_000135,2020.0,dinoflagellate,dinoflagellate_stx,gtx,TOXIN,Centrodinium punctatum (Dinophyceae) produces significant levels of saxitoxin and related analogs.
dino_post2015,STX_DOC_000135,2020.0,dinoflagellate,dinoflagellate_stx,paralytic shellfish toxin,TOXIN,Centrodinium punctatum (Dinophyceae) produces significant levels of saxitoxin and related analogs.
dino_post2015,STX_DOC_000135,2020.0,dinoflagellate,dinoflagellate_stx,pst,TOXIN,Centrodinium punctatum (Dinophyceae) produces significant levels of saxitoxin and related analogs.
dino_post2015,STX_DOC_000135,2020.0,dinoflagellate,dinoflagellate_stx,dinoflagellate,DINO_TAXON,Centrodinium punctatum (Dinophyceae) produces significant levels of saxitoxin and related analogs.
dino_post2015,STX_DOC_000135,2020.0,dinoflagellate,dinoflagellate_stx,dinoflagellates,DINO_TAXON,Centrodinium punctatum (Dinophyceae) produces significant levels of saxitoxin and related analogs.
dino_post2015,STX_DOC_000135,2020.0,dinoflagellate,dinoflagellate_stx,alexandrium,DINO_TAXON,Centrodinium punctatum (Dinophyceae) produces significant levels of saxitoxin and related analogs.
dino_post2015,STX_DOC_000135,2020.0,dinoflagellate,dinoflagellate_stx,centrodinium,DINO_TAXON,Centrodinium punctatum (Dinophyceae) produces significant levels of saxitoxin and related analogs.
dino_post2015,STX_DOC_000135,2020.0,dinoflagellate,dinoflagellate_stx,centrodinium punctatum,DINO_TAXON,Centrodinium punctatum (Dinophyceae) produces significant levels of saxitoxin and related analogs.
dino_post2015,STX_DOC_000135,2020.0,dinoflagellate,dinoflagellate_stx,c punctatum,DINO_TAXON,Centrodinium punctatum (Dinophyceae) produces significant levels of saxitoxin and related analogs.
dino_post2015,STX_DOC_000135,2020.0,dinoflagellate,dinoflagellate_stx,phylogenetic,BIOLOGICAL_PROCESS,Centrodinium punctatum (Dinophyceae) produces significant levels of saxitoxin and related analogs.
dino_post2015,STX_DOC_000135,2020.0,dinoflagellate,dinoflagellate_stx,toxicity,BIOLOGICAL_PROCESS,Centrodinium punctatum (Dinophyceae) produces significant levels of saxitoxin and related analogs.
dino_post2015,STX_DOC_000135,2020.0,dinoflagellate,dinoflagellate_stx,toxin production,BIOLOGICAL_PROCESS,Centrodinium punctatum (Dinophyceae) produces significant levels of saxitoxin and related analogs.
dino_post2015,STX_DOC_000135,2020.0,dinoflagellate,dinoflagellate_stx,mass spectrometry,DETECTION_METHOD,Centrodinium punctatum (Dinophyceae) produces significant levels of saxitoxin and related analogs.
dino_post2015,STX_DOC_000154,2024.0,dinoflagellate,dinoflagellate_stx,stx,TOXIN,First insights into the distribution and diversity of toxic dinoflagellate cysts in the surface sediments of Dakhla Bay (African Atlantic coast): relationships with environmental factors and mollusk intoxication events.
dino_post2015,STX_DOC_000154,2024.0,dinoflagellate,dinoflagellate_stx,paralytic shellfish toxin,TOXIN,First insights into the distribution and diversity of toxic dinoflagellate cysts in the surface sediments of Dakhla Bay (African Atlantic coast): relationships with environmental factors and mollusk intoxication events.
dino_post2015,STX_DOC_000154,2024.0,dinoflagellate,dinoflagellate_stx,dinoflagellate,DINO_TAXON,First insights into the distribution and diversity of toxic dinoflagellate cysts in the surface sediments of Dakhla Bay (African Atlantic coast): relationships with environmental factors and mollusk intoxication events.
dino_post2015,STX_DOC_000154,2024.0,dinoflagellate,dinoflagellate_stx,alexandrium,DINO_TAXON,First insights into the distribution and diversity of toxic dinoflagellate cysts in the surface sediments of Dakhla Bay (African Atlantic coast): relationships with environmental factors and mollusk intoxication events.
dino_post2015,STX_DOC_000154,2024.0,dinoflagellate,dinoflagellate_stx,alexandrium minutum,DINO_TAXON,First insights into the distribution and diversity of toxic dinoflagellate cysts in the surface sediments of Dakhla Bay (African Atlantic coast): relationships with environmental factors and mollusk intoxication events.
dino_post2015,STX_DOC_000154,2024.0,dinoflagellate,dinoflagellate_stx,alexandrium tamarense,DINO_TAXON,First insights into the distribution and diversity of toxic dinoflagellate cysts in the surface sediments of Dakhla Bay (African Atlantic coast): relationships with environmental factors and mollusk intoxication events.
dino_post2015,STX_DOC_000154,2024.0,dinoflagellate,dinoflagellate_stx,gymnodinium,DINO_TAXON,First insights into the distribution and diversity of toxic dinoflagellate cysts in the surface sediments of Dakhla Bay (African Atlantic coast): relationships with environmental factors and mollusk intoxication events.
dino_post2015,STX_DOC_000154,2024.0,dinoflagellate,dinoflagellate_stx,gymnodinium catenatum,DINO_TAXON,First insights into the distribution and diversity of toxic dinoflagellate cysts in the surface sediments of Dakhla Bay (African Atlantic coast): relationships with environmental factors and mollusk intoxication events.
dino_post2015,STX_DOC_000155,2024.0,dinoflagellate,dinoflagellate_stx,saxitoxin,TOXIN,Sources and profiles of toxins in shellfish from the south-central coast of Chile (36°‒ 43° S).
dino_post2015,STX_DOC_000155,2024.0,dinoflagellate,dinoflagellate_stx,gonyautoxin,TOXIN,Sources and profiles of toxins in shellfish from the south-central coast of Chile (36°‒ 43° S).
dino_post2015,STX_DOC_000155,2024.0,dinoflagellate,dinoflagellate_stx,gtx,TOXIN,Sources and profiles of toxins in shellfish from the south-central coast of Chile (36°‒ 43° S).
dino_post2015,STX_DOC_000155,2024.0,dinoflagellate,dinoflagellate_stx,paralytic shellfish toxins,TOXIN,Sources and profiles of toxins in shellfish from the south-central coast of Chile (36°‒ 43° S).
dino_post2015,STX_DOC_000155,2024.0,dinoflagellate,dinoflagellate_stx,psts,TOXIN,Sources and profiles of toxins in shellfish from the south-central coast of Chile (36°‒ 43° S).
dino_post2015,STX_DOC_000155,2024.0,dinoflagellate,dinoflagellate_stx,alexandrium,DINO_TAXON,Sources and profiles of toxins in shellfish from the south-central coast of Chile (36°‒ 43° S).
dino_post2015,STX_DOC_000155,2024.0,dinoflagellate,dinoflagellate_stx,alexandrium catenella,DINO_TAXON,Sources and profiles of toxins in shellfish from the south-central coast of Chile (36°‒ 43° S).
dino_post2015,STX_DOC_000155,2024.0,dinoflagellate,dinoflagellate_stx,alexandrium ostenfeldii,DINO_TAXON,Sources and profiles of toxins in shellfish from the south-central coast of Chile (36°‒ 43° S).
dino_post2015,STX_DOC_000155,2024.0,dinoflagellate,dinoflagellate_stx,protoceratium,DINO_TAXON,Sources and profiles of toxins in shellfish from the south-central coast of Chile (36°‒ 43° S).
dino_post2015,STX_DOC_000155,2024.0,dinoflagellate,dinoflagellate_stx,protoceratium reticulatum,DINO_TAXON,Sources and profiles of toxins in shellfish from the south-central coast of Chile (36°‒ 43° S).
dino_post2015,STX_DOC_000155,2024.0,dinoflagellate,dinoflagellate_stx,hplc,DETECTION_METHOD,Sources and profiles of toxins in shellfish from the south-central coast of Chile (36°‒ 43° S).
dino_post2015,STX_DOC_000157,2022.0,dinoflagellate,dinoflagellate_stx,saxitoxin,TOXIN,LC-HRMS Profiling of Paralytic Shellfish Toxins in <i>Mytilus galloprovincialis</i> after a <i>Gymnodinium catenatum</i> Bloom.
dino_post2015,STX_DOC_000157,2022.0,dinoflagellate,dinoflagellate_stx,stx,TOXIN,LC-HRMS Profiling of Paralytic Shellfish Toxins in <i>Mytilus galloprovincialis</i> after a <i>Gymnodinium catenatum</i> Bloom.
dino_post2015,STX_DOC_000157,2022.0,dinoflagellate,dinoflagellate_stx,gtx,TOXIN,LC-HRMS Profiling of Paralytic Shellfish Toxins in <i>Mytilus galloprovincialis</i> after a <i>Gymnodinium catenatum</i> Bloom.
dino_post2015,STX_DOC_000157,2022.0,dinoflagellate,dinoflagellate_stx,paralytic shellfish toxins,TOXIN,LC-HRMS Profiling of Paralytic Shellfish Toxins in <i>Mytilus galloprovincialis</i> after a <i>Gymnodinium catenatum</i> Bloom.
dino_post2015,STX_DOC_000157,2022.0,dinoflagellate,dinoflagellate_stx,psts,TOXIN,LC-HRMS Profiling of Paralytic Shellfish Toxins in <i>Mytilus galloprovincialis</i> after a <i>Gymnodinium catenatum</i> Bloom.
dino_post2015,STX_DOC_000157,2022.0,dinoflagellate,dinoflagellate_stx,gymnodinium,DINO_TAXON,LC-HRMS Profiling of Paralytic Shellfish Toxins in <i>Mytilus galloprovincialis</i> after a <i>Gymnodinium catenatum</i> Bloom.
dino_post2015,STX_DOC_000157,2022.0,dinoflagellate,dinoflagellate_stx,gymnodinium catenatum,DINO_TAXON,LC-HRMS Profiling of Paralytic Shellfish Toxins in <i>Mytilus galloprovincialis</i> after a <i>Gymnodinium catenatum</i> Bloom.
dino_post2015,STX_DOC_000157,2022.0,dinoflagellate,dinoflagellate_stx,bloom,ENV_FACTOR,LC-HRMS Profiling of Paralytic Shellfish Toxins in <i>Mytilus galloprovincialis</i> after a <i>Gymnodinium catenatum</i> Bloom.
dino_post2015,STX_DOC_000157,2022.0,dinoflagellate,dinoflagellate_stx,toxicity,BIOLOGICAL_PROCESS,LC-HRMS Profiling of Paralytic Shellfish Toxins in <i>Mytilus galloprovincialis</i> after a <i>Gymnodinium catenatum</i> Bloom.
dino_post2015,STX_DOC_000157,2022.0,dinoflagellate,dinoflagellate_stx,mass spectrometry,DETECTION_METHOD,LC-HRMS Profiling of Paralytic Shellfish Toxins in <i>Mytilus galloprovincialis</i> after a <i>Gymnodinium catenatum</i> Bloom.
dino_post2015,STX_DOC_000158,2021.0,dinoflagellate,dinoflagellate_stx,saxitoxin,TOXIN,Molecular Identification and Toxin Analysis of <i>Alexandrium</i> spp. in the Beibu Gulf: First Report of Toxic <i>A. tamiyavanichii</i> in Chinese Coastal Waters.
dino_post2015,STX_DOC_000158,2021.0,dinoflagellate,dinoflagellate_stx,stx,TOXIN,Molecular Identification and Toxin Analysis of <i>Alexandrium</i> spp. in the Beibu Gulf: First Report of Toxic <i>A. tamiyavanichii</i> in Chinese Coastal Waters.
dino_post2015,STX_DOC_000158,2021.0,dinoflagellate,dinoflagellate_stx,paralytic shellfish toxins,TOXIN,Molecular Identification and Toxin Analysis of <i>Alexandrium</i> spp. in the Beibu Gulf: First Report of Toxic <i>A. tamiyavanichii</i> in Chinese Coastal Waters.
dino_post2015,STX_DOC_000158,2021.0,dinoflagellate,dinoflagellate_stx,pst,TOXIN,Molecular Identification and Toxin Analysis of <i>Alexandrium</i> spp. in the Beibu Gulf: First Report of Toxic <i>A. tamiyavanichii</i> in Chinese Coastal Waters.
dino_post2015,STX_DOC_000158,2021.0,dinoflagellate,dinoflagellate_stx,psts,TOXIN,Molecular Identification and Toxin Analysis of <i>Alexandrium</i> spp. in the Beibu Gulf: First Report of Toxic <i>A. tamiyavanichii</i> in Chinese Coastal Waters.
dino_post2015,STX_DOC_000158,2021.0,dinoflagellate,dinoflagellate_stx,dinoflagellates,DINO_TAXON,Molecular Identification and Toxin Analysis of <i>Alexandrium</i> spp. in the Beibu Gulf: First Report of Toxic <i>A. tamiyavanichii</i> in Chinese Coastal Waters.
dino_post2015,STX_DOC_000158,2021.0,dinoflagellate,dinoflagellate_stx,alexandrium,DINO_TAXON,Molecular Identification and Toxin Analysis of <i>Alexandrium</i> spp. in the Beibu Gulf: First Report of Toxic <i>A. tamiyavanichii</i> in Chinese Coastal Waters.
dino_post2015,STX_DOC_000158,2021.0,dinoflagellate,dinoflagellate_stx,phylogeny,BIOLOGICAL_PROCESS,Molecular Identification and Toxin Analysis of <i>Alexandrium</i> spp. in the Beibu Gulf: First Report of Toxic <i>A. tamiyavanichii</i> in Chinese Coastal Waters.
dino_post2015,STX_DOC_000158,2021.0,dinoflagellate,dinoflagellate_stx,phylogenetic,BIOLOGICAL_PROCESS,Molecular Identification and Toxin Analysis of <i>Alexandrium</i> spp. in the Beibu Gulf: First Report of Toxic <i>A. tamiyavanichii</i> in Chinese Coastal Waters.
dino_post2015,STX_DOC_000158,2021.0,dinoflagellate,dinoflagellate_stx,toxicity,BIOLOGICAL_PROCESS,Molecular Identification and Toxin Analysis of <i>Alexandrium</i> spp. in the Beibu Gulf: First Report of Toxic <i>A. tamiyavanichii</i> in Chinese Coastal Waters.
dino_post2015,STX_DOC_000158,2021.0,dinoflagellate,dinoflagellate_stx,lc-ms,DETECTION_METHOD,Molecular Identification and Toxin Analysis of <i>Alexandrium</i> spp. in the Beibu Gulf: First Report of Toxic <i>A. tamiyavanichii</i> in Chinese Coastal Waters.
dino_post2015,STX_DOC_000158,2021.0,dinoflagellate,dinoflagellate_stx,lc-ms/ms,DETECTION_METHOD,Molecular Identification and Toxin Analysis of <i>Alexandrium</i> spp. in the Beibu Gulf: First Report of Toxic <i>A. tamiyavanichii</i> in Chinese Coastal Waters.
dino_post2015,STX_DOC_000158,2021.0,dinoflagellate,dinoflagellate_stx,mass spectrometry,DETECTION_METHOD,Molecular Identification and Toxin Analysis of <i>Alexandrium</i> spp. in the Beibu Gulf: First Report of Toxic <i>A. tamiyavanichii</i> in Chinese Coastal Waters.
dino_post2015,STX_DOC_000159,2018.0,dinoflagellate,dinoflagellate_stx,stx,TOXIN,Transformation and Depuration of Paralytic Shellfish Toxins in the Geoduck Clam Panopea globosa From the Northern Gulf of California
dino_post2015,STX_DOC_000159,2018.0,dinoflagellate,dinoflagellate_stx,paralytic shellfish toxins,TOXIN,Transformation and Depuration of Paralytic Shellfish Toxins in the Geoduck Clam Panopea globosa From the Northern Gulf of California
dino_post2015,STX_DOC_000159,2018.0,dinoflagellate,dinoflagellate_stx,pst,TOXIN,Transformation and Depuration of Paralytic Shellfish Toxins in the Geoduck Clam Panopea globosa From the Northern Gulf of California
dino_post2015,STX_DOC_000159,2018.0,dinoflagellate,dinoflagellate_stx,psts,TOXIN,Transformation and Depuration of Paralytic Shellfish Toxins in the Geoduck Clam Panopea globosa From the Northern Gulf of California
dino_post2015,STX_DOC_000159,2018.0,dinoflagellate,dinoflagellate_stx,dinoflagellate,DINO_TAXON,Transformation and Depuration of Paralytic Shellfish Toxins in the Geoduck Clam Panopea globosa From the Northern Gulf of California
dino_post2015,STX_DOC_000159,2018.0,dinoflagellate,dinoflagellate_stx,gymnodinium,DINO_TAXON,Transformation and Depuration of Paralytic Shellfish Toxins in the Geoduck Clam Panopea globosa From the Northern Gulf of California
dino_post2015,STX_DOC_000159,2018.0,dinoflagellate,dinoflagellate_stx,gymnodinium catenatum,DINO_TAXON,Transformation and Depuration of Paralytic Shellfish Toxins in the Geoduck Clam Panopea globosa From the Northern Gulf of California
dino_post2015,STX_DOC_000159,2018.0,dinoflagellate,dinoflagellate_stx,bloom,ENV_FACTOR,Transformation and Depuration of Paralytic Shellfish Toxins in the Geoduck Clam Panopea globosa From the Northern Gulf of California
dino_post2015,STX_DOC_000159,2018.0,dinoflagellate,dinoflagellate_stx,toxicity,BIOLOGICAL_PROCESS,Transformation and Depuration of Paralytic Shellfish Toxins in the Geoduck Clam Panopea globosa From the Northern Gulf of California
dino_post2015,STX_DOC_000159,2018.0,dinoflagellate,dinoflagellate_stx,hplc,DETECTION_METHOD,Transformation and Depuration of Paralytic Shellfish Toxins in the Geoduck Clam Panopea globosa From the Northern Gulf of California
dino_post2015,STX_DOC_000159,2018.0,dinoflagellate,dinoflagellate_stx,mass spectrometry,DETECTION_METHOD,Transformation and Depuration of Paralytic Shellfish Toxins in the Geoduck Clam Panopea globosa From the Northern Gulf of California
dino_post2015,STX_DOC_000160,2018.0,dinoflagellate,high_confidence_stx_biosynthesis,paralytic shellfish toxins,TOXIN,iTRAQ-Based Quantitative Proteomic Analysis of a Toxigenic Dinoflagellate <i>Alexandrium catenella</i> and Its Non-toxigenic Mutant Exposed to a Cell Cycle Inhibitor Colchicine.
dino_post2015,STX_DOC_000160,2018.0,dinoflagellate,high_confidence_stx_biosynthesis,pst,TOXIN,iTRAQ-Based Quantitative Proteomic Analysis of a Toxigenic Dinoflagellate <i>Alexandrium catenella</i> and Its Non-toxigenic Mutant Exposed to a Cell Cycle Inhibitor Colchicine.
dino_post2015,STX_DOC_000160,2018.0,dinoflagellate,high_confidence_stx_biosynthesis,psts,TOXIN,iTRAQ-Based Quantitative Proteomic Analysis of a Toxigenic Dinoflagellate <i>Alexandrium catenella</i> and Its Non-toxigenic Mutant Exposed to a Cell Cycle Inhibitor Colchicine.
dino_post2015,STX_DOC_000160,2018.0,dinoflagellate,high_confidence_stx_biosynthesis,dinoflagellate,DINO_TAXON,iTRAQ-Based Quantitative Proteomic Analysis of a Toxigenic Dinoflagellate <i>Alexandrium catenella</i> and Its Non-toxigenic Mutant Exposed to a Cell Cycle Inhibitor Colchicine.
dino_post2015,STX_DOC_000160,2018.0,dinoflagellate,high_confidence_stx_biosynthesis,dinoflagellates,DINO_TAXON,iTRAQ-Based Quantitative Proteomic Analysis of a Toxigenic Dinoflagellate <i>Alexandrium catenella</i> and Its Non-toxigenic Mutant Exposed to a Cell Cycle Inhibitor Colchicine.
dino_post2015,STX_DOC_000160,2018.0,dinoflagellate,high_confidence_stx_biosynthesis,alexandrium,DINO_TAXON,iTRAQ-Based Quantitative Proteomic Analysis of a Toxigenic Dinoflagellate <i>Alexandrium catenella</i> and Its Non-toxigenic Mutant Exposed to a Cell Cycle Inhibitor Colchicine.
dino_post2015,STX_DOC_000160,2018.0,dinoflagellate,high_confidence_stx_biosynthesis,alexandrium catenella,DINO_TAXON,iTRAQ-Based Quantitative Proteomic Analysis of a Toxigenic Dinoflagellate <i>Alexandrium catenella</i> and Its Non-toxigenic Mutant Exposed to a Cell Cycle Inhibitor Colchicine.
dino_post2015,STX_DOC_000160,2018.0,dinoflagellate,high_confidence_stx_biosynthesis,nitrogen,ENV_FACTOR,iTRAQ-Based Quantitative Proteomic Analysis of a Toxigenic Dinoflagellate <i>Alexandrium catenella</i> and Its Non-toxigenic Mutant Exposed to a Cell Cycle Inhibitor Colchicine.
dino_post2015,STX_DOC_000160,2018.0,dinoflagellate,high_confidence_stx_biosynthesis,nitrate,ENV_FACTOR,iTRAQ-Based Quantitative Proteomic Analysis of a Toxigenic Dinoflagellate <i>Alexandrium catenella</i> and Its Non-toxigenic Mutant Exposed to a Cell Cycle Inhibitor Colchicine.
dino_post2015,STX_DOC_000160,2018.0,dinoflagellate,high_confidence_stx_biosynthesis,biosynthesis,BIOLOGICAL_PROCESS,iTRAQ-Based Quantitative Proteomic Analysis of a Toxigenic Dinoflagellate <i>Alexandrium catenella</i> and Its Non-toxigenic Mutant Exposed to a Cell Cycle Inhibitor Colchicine.
dino_post2015,STX_DOC_000160,2018.0,dinoflagellate,high_confidence_stx_biosynthesis,toxin biosynthesis,BIOLOGICAL_PROCESS,iTRAQ-Based Quantitative Proteomic Analysis of a Toxigenic Dinoflagellate <i>Alexandrium catenella</i> and Its Non-toxigenic Mutant Exposed to a Cell Cycle Inhibitor Colchicine.
dino_post2015,STX_DOC_000160,2018.0,dinoflagellate,high_confidence_stx_biosynthesis,regulation,BIOLOGICAL_PROCESS,iTRAQ-Based Quantitative Proteomic Analysis of a Toxigenic Dinoflagellate <i>Alexandrium catenella</i> and Its Non-toxigenic Mutant Exposed to a Cell Cycle Inhibitor Colchicine.
dino_post2015,STX_DOC_000160,2018.0,dinoflagellate,high_confidence_stx_biosynthesis,expression,BIOLOGICAL_PROCESS,iTRAQ-Based Quantitative Proteomic Analysis of a Toxigenic Dinoflagellate <i>Alexandrium catenella</i> and Its Non-toxigenic Mutant Exposed to a Cell Cycle Inhibitor Colchicine.
dino_post2015,STX_DOC_000161,2018.0,dinoflagellate,dinoflagellate_stx,saxitoxin,TOXIN,"Fate of Paralytic Shellfish Toxins in Southern Rock Lobster ( Jasus edwardsii) during Cooking: Concentration, Composition, and Distribution."
dino_post2015,STX_DOC_000161,2018.0,dinoflagellate,dinoflagellate_stx,stx,TOXIN,"Fate of Paralytic Shellfish Toxins in Southern Rock Lobster ( Jasus edwardsii) during Cooking: Concentration, Composition, and Distribution."
dino_post2015,STX_DOC_000161,2018.0,dinoflagellate,dinoflagellate_stx,gonyautoxin,TOXIN,"Fate of Paralytic Shellfish Toxins in Southern Rock Lobster ( Jasus edwardsii) during Cooking: Concentration, Composition, and Distribution."
dino_post2015,STX_DOC_000161,2018.0,dinoflagellate,dinoflagellate_stx,paralytic shellfish toxin,TOXIN,"Fate of Paralytic Shellfish Toxins in Southern Rock Lobster ( Jasus edwardsii) during Cooking: Concentration, Composition, and Distribution."
dino_post2015,STX_DOC_000161,2018.0,dinoflagellate,dinoflagellate_stx,paralytic shellfish toxins,TOXIN,"Fate of Paralytic Shellfish Toxins in Southern Rock Lobster ( Jasus edwardsii) during Cooking: Concentration, Composition, and Distribution."
dino_post2015,STX_DOC_000161,2018.0,dinoflagellate,dinoflagellate_stx,pst,TOXIN,"Fate of Paralytic Shellfish Toxins in Southern Rock Lobster ( Jasus edwardsii) during Cooking: Concentration, Composition, and Distribution."
dino_post2015,STX_DOC_000161,2018.0,dinoflagellate,dinoflagellate_stx,alexandrium,DINO_TAXON,"Fate of Paralytic Shellfish Toxins in Southern Rock Lobster ( Jasus edwardsii) during Cooking: Concentration, Composition, and Distribution."
dino_post2015,STX_DOC_000161,2018.0,dinoflagellate,dinoflagellate_stx,alexandrium tamarense,DINO_TAXON,"Fate of Paralytic Shellfish Toxins in Southern Rock Lobster ( Jasus edwardsii) during Cooking: Concentration, Composition, and Distribution."
dino_post2015,STX_DOC_000161,2018.0,dinoflagellate,dinoflagellate_stx,bloom,ENV_FACTOR,"Fate of Paralytic Shellfish Toxins in Southern Rock Lobster ( Jasus edwardsii) during Cooking: Concentration, Composition, and Distribution."
dino_post2015,STX_DOC_000162,2017.0,dinoflagellate,dinoflagellate_stx,saxitoxin,TOXIN,Development and validation of a high-throughput online solid-phase extraction-liquid chromatography-tandem mass spectrometry method for the detection of gonyautoxins 1&4 and gonyautoxins 2&3 in human urine.
dino_post2015,STX_DOC_000162,2017.0,dinoflagellate,dinoflagellate_stx,paralytic shellfish toxins,TOXIN,Development and validation of a high-throughput online solid-phase extraction-liquid chromatography-tandem mass spectrometry method for the detection of gonyautoxins 1&4 and gonyautoxins 2&3 in human urine.
dino_post2015,STX_DOC_000162,2017.0,dinoflagellate,dinoflagellate_stx,pst,TOXIN,Development and validation of a high-throughput online solid-phase extraction-liquid chromatography-tandem mass spectrometry method for the detection of gonyautoxins 1&4 and gonyautoxins 2&3 in human urine.
dino_post2015,STX_DOC_000162,2017.0,dinoflagellate,dinoflagellate_stx,psts,TOXIN,Development and validation of a high-throughput online solid-phase extraction-liquid chromatography-tandem mass spectrometry method for the detection of gonyautoxins 1&4 and gonyautoxins 2&3 in human urine.
dino_post2015,STX_DOC_000162,2017.0,dinoflagellate,dinoflagellate_stx,dinoflagellates,DINO_TAXON,Development and validation of a high-throughput online solid-phase extraction-liquid chromatography-tandem mass spectrometry method for the detection of gonyautoxins 1&4 and gonyautoxins 2&3 in human urine.
dino_post2015,STX_DOC_000162,2017.0,dinoflagellate,dinoflagellate_stx,mass spectrometry,DETECTION_METHOD,Development and validation of a high-throughput online solid-phase extraction-liquid chromatography-tandem mass spectrometry method for the detection of gonyautoxins 1&4 and gonyautoxins 2&3 in human urine.
dino_post2015,STX_DOC_000163,2016.0,cross_taxa,dinoflagellate_stx,saxitoxin,TOXIN,Biosynthetic route towards saxitoxin and shunt pathway.
dino_post2015,STX_DOC_000163,2016.0,cross_taxa,dinoflagellate_stx,paralytic shellfish toxins,TOXIN,Biosynthetic route towards saxitoxin and shunt pathway.
dino_post2015,STX_DOC_000163,2016.0,cross_taxa,dinoflagellate_stx,psts,TOXIN,Biosynthetic route towards saxitoxin and shunt pathway.
dino_post2015,STX_DOC_000163,2016.0,cross_taxa,dinoflagellate_stx,dinoflagellate,DINO_TAXON,Biosynthetic route towards saxitoxin and shunt pathway.
dino_post2015,STX_DOC_000163,2016.0,cross_taxa,dinoflagellate_stx,dinoflagellates,DINO_TAXON,Biosynthetic route towards saxitoxin and shunt pathway.
dino_post2015,STX_DOC_000163,2016.0,cross_taxa,dinoflagellate_stx,alexandrium,DINO_TAXON,Biosynthetic route towards saxitoxin and shunt pathway.
dino_post2015,STX_DOC_000163,2016.0,cross_taxa,dinoflagellate_stx,alexandrium tamarense,DINO_TAXON,Biosynthetic route towards saxitoxin and shunt pathway.
dino_post2015,STX_DOC_000163,2016.0,cross_taxa,dinoflagellate_stx,cyanobacteria,CYANO_TAXON,Biosynthetic route towards saxitoxin and shunt pathway.
dino_post2015,STX_DOC_000163,2016.0,cross_taxa,dinoflagellate_stx,cyanobacterium,CYANO_TAXON,Biosynthetic route towards saxitoxin and shunt pathway.
dino_post2015,STX_DOC_000163,2016.0,cross_taxa,dinoflagellate_stx,anabaena,CYANO_TAXON,Biosynthetic route towards saxitoxin and shunt pathway.
dino_post2015,STX_DOC_000171,2024.0,dinoflagellate,high_confidence_stx_biosynthesis,saxitoxin,TOXIN,"Toxin Dynamics among Populations of the Bioluminescent HAB Species <i>Pyrodinium bahamense</i> from the Indian River Lagoon, FL."
dino_post2015,STX_DOC_000171,2024.0,dinoflagellate,high_confidence_stx_biosynthesis,stx,TOXIN,"Toxin Dynamics among Populations of the Bioluminescent HAB Species <i>Pyrodinium bahamense</i> from the Indian River Lagoon, FL."
dino_post2015,STX_DOC_000171,2024.0,dinoflagellate,high_confidence_stx_biosynthesis,sxta4,SXT_GENE,"Toxin Dynamics among Populations of the Bioluminescent HAB Species <i>Pyrodinium bahamense</i> from the Indian River Lagoon, FL."
dino_post2015,STX_DOC_000171,2024.0,dinoflagellate,high_confidence_stx_biosynthesis,dinoflagellate,DINO_TAXON,"Toxin Dynamics among Populations of the Bioluminescent HAB Species <i>Pyrodinium bahamense</i> from the Indian River Lagoon, FL."
dino_post2015,STX_DOC_000171,2024.0,dinoflagellate,high_confidence_stx_biosynthesis,pyrodinium,DINO_TAXON,"Toxin Dynamics among Populations of the Bioluminescent HAB Species <i>Pyrodinium bahamense</i> from the Indian River Lagoon, FL."
dino_post2015,STX_DOC_000171,2024.0,dinoflagellate,high_confidence_stx_biosynthesis,pyrodinium bahamense,DINO_TAXON,"Toxin Dynamics among Populations of the Bioluminescent HAB Species <i>Pyrodinium bahamense</i> from the Indian River Lagoon, FL."
dino_post2015,STX_DOC_000171,2024.0,dinoflagellate,high_confidence_stx_biosynthesis,bloom,ENV_FACTOR,"Toxin Dynamics among Populations of the Bioluminescent HAB Species <i>Pyrodinium bahamense</i> from the Indian River Lagoon, FL."
dino_post2015,STX_DOC_000171,2024.0,dinoflagellate,high_confidence_stx_biosynthesis,biosynthesis,BIOLOGICAL_PROCESS,"Toxin Dynamics among Populations of the Bioluminescent HAB Species <i>Pyrodinium bahamense</i> from the Indian River Lagoon, FL."
dino_post2015,STX_DOC_000171,2024.0,dinoflagellate,high_confidence_stx_biosynthesis,toxin biosynthesis,BIOLOGICAL_PROCESS,"Toxin Dynamics among Populations of the Bioluminescent HAB Species <i>Pyrodinium bahamense</i> from the Indian River Lagoon, FL."
dino_post2015,STX_DOC_000171,2024.0,dinoflagellate,high_confidence_stx_biosynthesis,toxicity,BIOLOGICAL_PROCESS,"Toxin Dynamics among Populations of the Bioluminescent HAB Species <i>Pyrodinium bahamense</i> from the Indian River Lagoon, FL."
dino_post2015,STX_DOC_000172,2022.0,dinoflagellate,dinoflagellate_stx,stx,TOXIN,Paralytic Shellfish Toxins of <i>Pyrodinium bahamense</i> (Dinophyceae) in the Southeastern Gulf of Mexico.
dino_post2015,STX_DOC_000172,2022.0,dinoflagellate,dinoflagellate_stx,paralytic shellfish toxins,TOXIN,Paralytic Shellfish Toxins of <i>Pyrodinium bahamense</i> (Dinophyceae) in the Southeastern Gulf of Mexico.
dino_post2015,STX_DOC_000172,2022.0,dinoflagellate,dinoflagellate_stx,pst,TOXIN,Paralytic Shellfish Toxins of <i>Pyrodinium bahamense</i> (Dinophyceae) in the Southeastern Gulf of Mexico.
dino_post2015,STX_DOC_000172,2022.0,dinoflagellate,dinoflagellate_stx,psts,TOXIN,Paralytic Shellfish Toxins of <i>Pyrodinium bahamense</i> (Dinophyceae) in the Southeastern Gulf of Mexico.
dino_post2015,STX_DOC_000172,2022.0,dinoflagellate,dinoflagellate_stx,dinoflagellate,DINO_TAXON,Paralytic Shellfish Toxins of <i>Pyrodinium bahamense</i> (Dinophyceae) in the Southeastern Gulf of Mexico.
dino_post2015,STX_DOC_000172,2022.0,dinoflagellate,dinoflagellate_stx,pyrodinium,DINO_TAXON,Paralytic Shellfish Toxins of <i>Pyrodinium bahamense</i> (Dinophyceae) in the Southeastern Gulf of Mexico.
dino_post2015,STX_DOC_000172,2022.0,dinoflagellate,dinoflagellate_stx,pyrodinium bahamense,DINO_TAXON,Paralytic Shellfish Toxins of <i>Pyrodinium bahamense</i> (Dinophyceae) in the Southeastern Gulf of Mexico.
dino_post2015,STX_DOC_000172,2022.0,dinoflagellate,dinoflagellate_stx,temperature,ENV_FACTOR,Paralytic Shellfish Toxins of <i>Pyrodinium bahamense</i> (Dinophyceae) in the Southeastern Gulf of Mexico.
dino_post2015,STX_DOC_000172,2022.0,dinoflagellate,dinoflagellate_stx,salinity,ENV_FACTOR,Paralytic Shellfish Toxins of <i>Pyrodinium bahamense</i> (Dinophyceae) in the Southeastern Gulf of Mexico.
dino_post2015,STX_DOC_000172,2022.0,dinoflagellate,dinoflagellate_stx,nutrient,ENV_FACTOR,Paralytic Shellfish Toxins of <i>Pyrodinium bahamense</i> (Dinophyceae) in the Southeastern Gulf of Mexico.
dino_post2015,STX_DOC_000172,2022.0,dinoflagellate,dinoflagellate_stx,nutrients,ENV_FACTOR,Paralytic Shellfish Toxins of <i>Pyrodinium bahamense</i> (Dinophyceae) in the Southeastern Gulf of Mexico.
dino_post2015,STX_DOC_000172,2022.0,dinoflagellate,dinoflagellate_stx,light,ENV_FACTOR,Paralytic Shellfish Toxins of <i>Pyrodinium bahamense</i> (Dinophyceae) in the Southeastern Gulf of Mexico.
dino_post2015,STX_DOC_000172,2022.0,dinoflagellate,dinoflagellate_stx,hplc,DETECTION_METHOD,Paralytic Shellfish Toxins of <i>Pyrodinium bahamense</i> (Dinophyceae) in the Southeastern Gulf of Mexico.
dino_post2015,STX_DOC_000172,2022.0,dinoflagellate,dinoflagellate_stx,mass spectrometry,DETECTION_METHOD,Paralytic Shellfish Toxins of <i>Pyrodinium bahamense</i> (Dinophyceae) in the Southeastern Gulf of Mexico.
dino_post2015,STX_DOC_000173,2020.0,dinoflagellate,dinoflagellate_stx,paralytic shellfish toxin,TOXIN,DNA damage and oxidative stress responses of mussels Mytilus galloprovincialis to paralytic shellfish toxins under warming and acidification conditions - Elucidation on the organ-specificity.
dino_post2015,STX_DOC_000173,2020.0,dinoflagellate,dinoflagellate_stx,paralytic shellfish toxins,TOXIN,DNA damage and oxidative stress responses of mussels Mytilus galloprovincialis to paralytic shellfish toxins under warming and acidification conditions - Elucidation on the organ-specificity.
dino_post2015,STX_DOC_000173,2020.0,dinoflagellate,dinoflagellate_stx,pst,TOXIN,DNA damage and oxidative stress responses of mussels Mytilus galloprovincialis to paralytic shellfish toxins under warming and acidification conditions - Elucidation on the organ-specificity.
dino_post2015,STX_DOC_000173,2020.0,dinoflagellate,dinoflagellate_stx,psts,TOXIN,DNA damage and oxidative stress responses of mussels Mytilus galloprovincialis to paralytic shellfish toxins under warming and acidification conditions - Elucidation on the organ-specificity.
dino_post2015,STX_DOC_000173,2020.0,dinoflagellate,dinoflagellate_stx,dinoflagellates,DINO_TAXON,DNA damage and oxidative stress responses of mussels Mytilus galloprovincialis to paralytic shellfish toxins under warming and acidification conditions - Elucidation on the organ-specificity.
dino_post2015,STX_DOC_000173,2020.0,dinoflagellate,dinoflagellate_stx,gymnodinium,DINO_TAXON,DNA damage and oxidative stress responses of mussels Mytilus galloprovincialis to paralytic shellfish toxins under warming and acidification conditions - Elucidation on the organ-specificity.
dino_post2015,STX_DOC_000173,2020.0,dinoflagellate,dinoflagellate_stx,gymnodinium catenatum,DINO_TAXON,DNA damage and oxidative stress responses of mussels Mytilus galloprovincialis to paralytic shellfish toxins under warming and acidification conditions - Elucidation on the organ-specificity.
dino_post2015,STX_DOC_000173,2020.0,dinoflagellate,dinoflagellate_stx,warming,ENV_FACTOR,DNA damage and oxidative stress responses of mussels Mytilus galloprovincialis to paralytic shellfish toxins under warming and acidification conditions - Elucidation on the organ-specificity.
dino_post2015,STX_DOC_000173,2020.0,dinoflagellate,dinoflagellate_stx,climate,ENV_FACTOR,DNA damage and oxidative stress responses of mussels Mytilus galloprovincialis to paralytic shellfish toxins under warming and acidification conditions - Elucidation on the organ-specificity.
dino_post2015,STX_DOC_000174,2020.0,dinoflagellate,dinoflagellate_stx,stx,TOXIN,"Paralytic shellfish toxin uptake, tissue distribution, and depuration in the Southern Rock Lobster Jasus edwardsii Hutton."
dino_post2015,STX_DOC_000174,2020.0,dinoflagellate,dinoflagellate_stx,paralytic shellfish toxin,TOXIN,"Paralytic shellfish toxin uptake, tissue distribution, and depuration in the Southern Rock Lobster Jasus edwardsii Hutton."
dino_post2015,STX_DOC_000174,2020.0,dinoflagellate,dinoflagellate_stx,paralytic shellfish toxins,TOXIN,"Paralytic shellfish toxin uptake, tissue distribution, and depuration in the Southern Rock Lobster Jasus edwardsii Hutton."
dino_post2015,STX_DOC_000174,2020.0,dinoflagellate,dinoflagellate_stx,pst,TOXIN,"Paralytic shellfish toxin uptake, tissue distribution, and depuration in the Southern Rock Lobster Jasus edwardsii Hutton."
dino_post2015,STX_DOC_000174,2020.0,dinoflagellate,dinoflagellate_stx,dinoflagellate,DINO_TAXON,"Paralytic shellfish toxin uptake, tissue distribution, and depuration in the Southern Rock Lobster Jasus edwardsii Hutton."
dino_post2015,STX_DOC_000174,2020.0,dinoflagellate,dinoflagellate_stx,alexandrium,DINO_TAXON,"Paralytic shellfish toxin uptake, tissue distribution, and depuration in the Southern Rock Lobster Jasus edwardsii Hutton."
dino_post2015,STX_DOC_000174,2020.0,dinoflagellate,dinoflagellate_stx,alexandrium catenella,DINO_TAXON,"Paralytic shellfish toxin uptake, tissue distribution, and depuration in the Southern Rock Lobster Jasus edwardsii Hutton."
dino_post2015,STX_DOC_000174,2020.0,dinoflagellate,dinoflagellate_stx,bloom,ENV_FACTOR,"Paralytic shellfish toxin uptake, tissue distribution, and depuration in the Southern Rock Lobster Jasus edwardsii Hutton."
dino_post2015,STX_DOC_000175,2019.0,dinoflagellate,dinoflagellate_stx,paralytic shellfish toxin,TOXIN,Environmental drivers of paralytic shellfish toxin producing Alexandrium catenella blooms in a fjord system of northern Southeast Alaska.
dino_post2015,STX_DOC_000175,2019.0,dinoflagellate,dinoflagellate_stx,paralytic shellfish toxins,TOXIN,Environmental drivers of paralytic shellfish toxin producing Alexandrium catenella blooms in a fjord system of northern Southeast Alaska.
dino_post2015,STX_DOC_000175,2019.0,dinoflagellate,dinoflagellate_stx,psts,TOXIN,Environmental drivers of paralytic shellfish toxin producing Alexandrium catenella blooms in a fjord system of northern Southeast Alaska.
dino_post2015,STX_DOC_000175,2019.0,dinoflagellate,dinoflagellate_stx,paralytic shellfish poisoning,TOXIN,Environmental drivers of paralytic shellfish toxin producing Alexandrium catenella blooms in a fjord system of northern Southeast Alaska.
dino_post2015,STX_DOC_000175,2019.0,dinoflagellate,dinoflagellate_stx,dinoflagellates,DINO_TAXON,Environmental drivers of paralytic shellfish toxin producing Alexandrium catenella blooms in a fjord system of northern Southeast Alaska.
dino_post2015,STX_DOC_000175,2019.0,dinoflagellate,dinoflagellate_stx,alexandrium,DINO_TAXON,Environmental drivers of paralytic shellfish toxin producing Alexandrium catenella blooms in a fjord system of northern Southeast Alaska.
dino_post2015,STX_DOC_000175,2019.0,dinoflagellate,dinoflagellate_stx,alexandrium catenella,DINO_TAXON,Environmental drivers of paralytic shellfish toxin producing Alexandrium catenella blooms in a fjord system of northern Southeast Alaska.
dino_post2015,STX_DOC_000175,2019.0,dinoflagellate,dinoflagellate_stx,temperature,ENV_FACTOR,Environmental drivers of paralytic shellfish toxin producing Alexandrium catenella blooms in a fjord system of northern Southeast Alaska.
dino_post2015,STX_DOC_000175,2019.0,dinoflagellate,dinoflagellate_stx,salinity,ENV_FACTOR,Environmental drivers of paralytic shellfish toxin producing Alexandrium catenella blooms in a fjord system of northern Southeast Alaska.
dino_post2015,STX_DOC_000175,2019.0,dinoflagellate,dinoflagellate_stx,bloom,ENV_FACTOR,Environmental drivers of paralytic shellfish toxin producing Alexandrium catenella blooms in a fjord system of northern Southeast Alaska.
dino_post2015,STX_DOC_000175,2019.0,dinoflagellate,dinoflagellate_stx,toxicity,BIOLOGICAL_PROCESS,Environmental drivers of paralytic shellfish toxin producing Alexandrium catenella blooms in a fjord system of northern Southeast Alaska.
dino_post2015,STX_DOC_000176,2019.0,dinoflagellate,dinoflagellate_stx,stx,TOXIN,"Paralytic Shellfish Toxin Uptake, Assimilation, Depuration, and Transformation in the Southeast Asian Green-Lipped Mussel (<i>Perna viridis</i>)."
dino_post2015,STX_DOC_000176,2019.0,dinoflagellate,dinoflagellate_stx,paralytic shellfish toxin,TOXIN,"Paralytic Shellfish Toxin Uptake, Assimilation, Depuration, and Transformation in the Southeast Asian Green-Lipped Mussel (<i>Perna viridis</i>)."
dino_post2015,STX_DOC_000176,2019.0,dinoflagellate,dinoflagellate_stx,paralytic shellfish toxins,TOXIN,"Paralytic Shellfish Toxin Uptake, Assimilation, Depuration, and Transformation in the Southeast Asian Green-Lipped Mussel (<i>Perna viridis</i>)."
dino_post2015,STX_DOC_000176,2019.0,dinoflagellate,dinoflagellate_stx,dinoflagellate,DINO_TAXON,"Paralytic Shellfish Toxin Uptake, Assimilation, Depuration, and Transformation in the Southeast Asian Green-Lipped Mussel (<i>Perna viridis</i>)."
dino_post2015,STX_DOC_000176,2019.0,dinoflagellate,dinoflagellate_stx,alexandrium,DINO_TAXON,"Paralytic Shellfish Toxin Uptake, Assimilation, Depuration, and Transformation in the Southeast Asian Green-Lipped Mussel (<i>Perna viridis</i>)."
dino_post2015,STX_DOC_000176,2019.0,dinoflagellate,dinoflagellate_stx,alexandrium minutum,DINO_TAXON,"Paralytic Shellfish Toxin Uptake, Assimilation, Depuration, and Transformation in the Southeast Asian Green-Lipped Mussel (<i>Perna viridis</i>)."
dino_post2015,STX_DOC_000176,2019.0,dinoflagellate,dinoflagellate_stx,bloom,ENV_FACTOR,"Paralytic Shellfish Toxin Uptake, Assimilation, Depuration, and Transformation in the Southeast Asian Green-Lipped Mussel (<i>Perna viridis</i>)."
dino_post2015,STX_DOC_000177,2018.0,dinoflagellate,dinoflagellate_stx,saxitoxin,TOXIN,Large-Scale Sea Turtle Mortality Events in El Salvador Attributed to Paralytic Shellfish Toxin-Producing Algae Blooms
dino_post2015,STX_DOC_000177,2018.0,dinoflagellate,dinoflagellate_stx,stx,TOXIN,Large-Scale Sea Turtle Mortality Events in El Salvador Attributed to Paralytic Shellfish Toxin-Producing Algae Blooms
dino_post2015,STX_DOC_000177,2018.0,dinoflagellate,dinoflagellate_stx,paralytic shellfish toxin,TOXIN,Large-Scale Sea Turtle Mortality Events in El Salvador Attributed to Paralytic Shellfish Toxin-Producing Algae Blooms
dino_post2015,STX_DOC_000177,2018.0,dinoflagellate,dinoflagellate_stx,paralytic shellfish toxins,TOXIN,Large-Scale Sea Turtle Mortality Events in El Salvador Attributed to Paralytic Shellfish Toxin-Producing Algae Blooms
dino_post2015,STX_DOC_000177,2018.0,dinoflagellate,dinoflagellate_stx,pst,TOXIN,Large-Scale Sea Turtle Mortality Events in El Salvador Attributed to Paralytic Shellfish Toxin-Producing Algae Blooms
dino_post2015,STX_DOC_000177,2018.0,dinoflagellate,dinoflagellate_stx,psts,TOXIN,Large-Scale Sea Turtle Mortality Events in El Salvador Attributed to Paralytic Shellfish Toxin-Producing Algae Blooms
dino_post2015,STX_DOC_000177,2018.0,dinoflagellate,dinoflagellate_stx,pyrodinium,DINO_TAXON,Large-Scale Sea Turtle Mortality Events in El Salvador Attributed to Paralytic Shellfish Toxin-Producing Algae Blooms
dino_post2015,STX_DOC_000177,2018.0,dinoflagellate,dinoflagellate_stx,pyrodinium bahamense,DINO_TAXON,Large-Scale Sea Turtle Mortality Events in El Salvador Attributed to Paralytic Shellfish Toxin-Producing Algae Blooms
dino_post2015,STX_DOC_000177,2018.0,dinoflagellate,dinoflagellate_stx,toxicity,BIOLOGICAL_PROCESS,Large-Scale Sea Turtle Mortality Events in El Salvador Attributed to Paralytic Shellfish Toxin-Producing Algae Blooms
dino_post2015,STX_DOC_000178,2018.0,cross_taxa,high_confidence_stx_biosynthesis,saxitoxin,TOXIN,"Guanidinium toxins: natural biogenic&#13;\norigin, chemistry, biosynthesis and biotechnological&#13;\napplications"
dino_post2015,STX_DOC_000178,2018.0,cross_taxa,high_confidence_stx_biosynthesis,stx,TOXIN,"Guanidinium toxins: natural biogenic&#13;\norigin, chemistry, biosynthesis and biotechnological&#13;\napplications"
dino_post2015,STX_DOC_000178,2018.0,cross_taxa,high_confidence_stx_biosynthesis,paralytic shellfish toxins,TOXIN,"Guanidinium toxins: natural biogenic&#13;\norigin, chemistry, biosynthesis and biotechnological&#13;\napplications"
dino_post2015,STX_DOC_000178,2018.0,cross_taxa,high_confidence_stx_biosynthesis,pst,TOXIN,"Guanidinium toxins: natural biogenic&#13;\norigin, chemistry, biosynthesis and biotechnological&#13;\napplications"
dino_post2015,STX_DOC_000178,2018.0,cross_taxa,high_confidence_stx_biosynthesis,dinoflagellate,DINO_TAXON,"Guanidinium toxins: natural biogenic&#13;\norigin, chemistry, biosynthesis and biotechnological&#13;\napplications"
dino_post2015,STX_DOC_000178,2018.0,cross_taxa,high_confidence_stx_biosynthesis,dinoflagellates,DINO_TAXON,"Guanidinium toxins: natural biogenic&#13;\norigin, chemistry, biosynthesis and biotechnological&#13;\napplications"
dino_post2015,STX_DOC_000178,2018.0,cross_taxa,high_confidence_stx_biosynthesis,cyanobacteria,CYANO_TAXON,"Guanidinium toxins: natural biogenic&#13;\norigin, chemistry, biosynthesis and biotechnological&#13;\napplications"
dino_post2015,STX_DOC_000178,2018.0,cross_taxa,high_confidence_stx_biosynthesis,biosynthesis,BIOLOGICAL_PROCESS,"Guanidinium toxins: natural biogenic&#13;\norigin, chemistry, biosynthesis and biotechnological&#13;\napplications"
dino_post2015,STX_DOC_000178,2018.0,cross_taxa,high_confidence_stx_biosynthesis,toxin biosynthesis,BIOLOGICAL_PROCESS,"Guanidinium toxins: natural biogenic&#13;\norigin, chemistry, biosynthesis and biotechnological&#13;\napplications"
dino_post2015,STX_DOC_000178,2018.0,cross_taxa,high_confidence_stx_biosynthesis,phylogenetic,BIOLOGICAL_PROCESS,"Guanidinium toxins: natural biogenic&#13;\norigin, chemistry, biosynthesis and biotechnological&#13;\napplications"
dino_post2015,STX_DOC_000178,2018.0,cross_taxa,high_confidence_stx_biosynthesis,horizontal gene transfer,BIOLOGICAL_PROCESS,"Guanidinium toxins: natural biogenic&#13;\norigin, chemistry, biosynthesis and biotechnological&#13;\napplications"
dino_post2015,STX_DOC_000179,2017.0,dinoflagellate,dinoflagellate_stx,saxitoxin,TOXIN,"Spatiotemporal patterns of paralytic shellfish toxins and their relationships with environmental variables in British Columbia, Canada from 2002 to 2012."
dino_post2015,STX_DOC_000179,2017.0,dinoflagellate,dinoflagellate_stx,stx,TOXIN,"Spatiotemporal patterns of paralytic shellfish toxins and their relationships with environmental variables in British Columbia, Canada from 2002 to 2012."
dino_post2015,STX_DOC_000179,2017.0,dinoflagellate,dinoflagellate_stx,paralytic shellfish toxin,TOXIN,"Spatiotemporal patterns of paralytic shellfish toxins and their relationships with environmental variables in British Columbia, Canada from 2002 to 2012."
dino_post2015,STX_DOC_000179,2017.0,dinoflagellate,dinoflagellate_stx,paralytic shellfish toxins,TOXIN,"Spatiotemporal patterns of paralytic shellfish toxins and their relationships with environmental variables in British Columbia, Canada from 2002 to 2012."
dino_post2015,STX_DOC_000179,2017.0,dinoflagellate,dinoflagellate_stx,paralytic shellfish poisoning,TOXIN,"Spatiotemporal patterns of paralytic shellfish toxins and their relationships with environmental variables in British Columbia, Canada from 2002 to 2012."
dino_post2015,STX_DOC_000179,2017.0,dinoflagellate,dinoflagellate_stx,dinoflagellate,DINO_TAXON,"Spatiotemporal patterns of paralytic shellfish toxins and their relationships with environmental variables in British Columbia, Canada from 2002 to 2012."
dino_post2015,STX_DOC_000179,2017.0,dinoflagellate,dinoflagellate_stx,alexandrium,DINO_TAXON,"Spatiotemporal patterns of paralytic shellfish toxins and their relationships with environmental variables in British Columbia, Canada from 2002 to 2012."
dino_post2015,STX_DOC_000179,2017.0,dinoflagellate,dinoflagellate_stx,temperature,ENV_FACTOR,"Spatiotemporal patterns of paralytic shellfish toxins and their relationships with environmental variables in British Columbia, Canada from 2002 to 2012."
dino_post2015,STX_DOC_000179,2017.0,dinoflagellate,dinoflagellate_stx,salinity,ENV_FACTOR,"Spatiotemporal patterns of paralytic shellfish toxins and their relationships with environmental variables in British Columbia, Canada from 2002 to 2012."
dino_post2015,STX_DOC_000179,2017.0,dinoflagellate,dinoflagellate_stx,toxicity,BIOLOGICAL_PROCESS,"Spatiotemporal patterns of paralytic shellfish toxins and their relationships with environmental variables in British Columbia, Canada from 2002 to 2012."
dino_post2015,STX_DOC_000180,2017.0,dinoflagellate,dinoflagellate_stx,paralytic shellfish poisoning,TOXIN,"Morphological, molecular, and toxin analysis of field populations of <i>Alexandrium</i> genus from the Argentine Sea"
dino_post2015,STX_DOC_000180,2017.0,dinoflagellate,dinoflagellate_stx,dinoflagellates,DINO_TAXON,"Morphological, molecular, and toxin analysis of field populations of <i>Alexandrium</i> genus from the Argentine Sea"
dino_post2015,STX_DOC_000180,2017.0,dinoflagellate,dinoflagellate_stx,alexandrium,DINO_TAXON,"Morphological, molecular, and toxin analysis of field populations of <i>Alexandrium</i> genus from the Argentine Sea"
dino_post2015,STX_DOC_000180,2017.0,dinoflagellate,dinoflagellate_stx,alexandrium catenella,DINO_TAXON,"Morphological, molecular, and toxin analysis of field populations of <i>Alexandrium</i> genus from the Argentine Sea"
dino_post2015,STX_DOC_000180,2017.0,dinoflagellate,dinoflagellate_stx,alexandrium minutum,DINO_TAXON,"Morphological, molecular, and toxin analysis of field populations of <i>Alexandrium</i> genus from the Argentine Sea"
dino_post2015,STX_DOC_000180,2017.0,dinoflagellate,dinoflagellate_stx,alexandrium tamarense,DINO_TAXON,"Morphological, molecular, and toxin analysis of field populations of <i>Alexandrium</i> genus from the Argentine Sea"
dino_post2015,STX_DOC_000180,2017.0,dinoflagellate,dinoflagellate_stx,alexandrium ostenfeldii,DINO_TAXON,"Morphological, molecular, and toxin analysis of field populations of <i>Alexandrium</i> genus from the Argentine Sea"
dino_post2015,STX_DOC_000180,2017.0,dinoflagellate,dinoflagellate_stx,light,ENV_FACTOR,"Morphological, molecular, and toxin analysis of field populations of <i>Alexandrium</i> genus from the Argentine Sea"
dino_post2015,STX_DOC_000180,2017.0,dinoflagellate,dinoflagellate_stx,phylogenetic,BIOLOGICAL_PROCESS,"Morphological, molecular, and toxin analysis of field populations of <i>Alexandrium</i> genus from the Argentine Sea"
dino_post2015,STX_DOC_000181,2016.0,dinoflagellate,high_confidence_stx_biosynthesis,saxitoxin,TOXIN,Transcriptome Analysis of Scrippsiella trochoidea CCMP 3099 Reveals Physiological Changes Related to Nitrate Depletion.
dino_post2015,STX_DOC_000181,2016.0,dinoflagellate,high_confidence_stx_biosynthesis,sxta,SXT_GENE,Transcriptome Analysis of Scrippsiella trochoidea CCMP 3099 Reveals Physiological Changes Related to Nitrate Depletion.
dino_post2015,STX_DOC_000181,2016.0,dinoflagellate,high_confidence_stx_biosynthesis,sxt genes,SXT_GENE,Transcriptome Analysis of Scrippsiella trochoidea CCMP 3099 Reveals Physiological Changes Related to Nitrate Depletion.
dino_post2015,STX_DOC_000181,2016.0,dinoflagellate,high_confidence_stx_biosynthesis,dinoflagellate,DINO_TAXON,Transcriptome Analysis of Scrippsiella trochoidea CCMP 3099 Reveals Physiological Changes Related to Nitrate Depletion.
dino_post2015,STX_DOC_000181,2016.0,dinoflagellate,high_confidence_stx_biosynthesis,dinoflagellates,DINO_TAXON,Transcriptome Analysis of Scrippsiella trochoidea CCMP 3099 Reveals Physiological Changes Related to Nitrate Depletion.
dino_post2015,STX_DOC_000181,2016.0,dinoflagellate,high_confidence_stx_biosynthesis,alexandrium,DINO_TAXON,Transcriptome Analysis of Scrippsiella trochoidea CCMP 3099 Reveals Physiological Changes Related to Nitrate Depletion.
dino_post2015,STX_DOC_000181,2016.0,dinoflagellate,high_confidence_stx_biosynthesis,alexandrium fundyense,DINO_TAXON,Transcriptome Analysis of Scrippsiella trochoidea CCMP 3099 Reveals Physiological Changes Related to Nitrate Depletion.
dino_post2015,STX_DOC_000181,2016.0,dinoflagellate,high_confidence_stx_biosynthesis,nitrate,ENV_FACTOR,Transcriptome Analysis of Scrippsiella trochoidea CCMP 3099 Reveals Physiological Changes Related to Nitrate Depletion.
dino_post2015,STX_DOC_000181,2016.0,dinoflagellate,high_confidence_stx_biosynthesis,nutrient,ENV_FACTOR,Transcriptome Analysis of Scrippsiella trochoidea CCMP 3099 Reveals Physiological Changes Related to Nitrate Depletion.
dino_post2015,STX_DOC_000181,2016.0,dinoflagellate,high_confidence_stx_biosynthesis,light,ENV_FACTOR,Transcriptome Analysis of Scrippsiella trochoidea CCMP 3099 Reveals Physiological Changes Related to Nitrate Depletion.
dino_post2015,STX_DOC_000181,2016.0,dinoflagellate,high_confidence_stx_biosynthesis,regulation,BIOLOGICAL_PROCESS,Transcriptome Analysis of Scrippsiella trochoidea CCMP 3099 Reveals Physiological Changes Related to Nitrate Depletion.
dino_post2015,STX_DOC_000181,2016.0,dinoflagellate,high_confidence_stx_biosynthesis,transcriptome,BIOLOGICAL_PROCESS,Transcriptome Analysis of Scrippsiella trochoidea CCMP 3099 Reveals Physiological Changes Related to Nitrate Depletion.
dino_post2015,STX_DOC_000181,2016.0,dinoflagellate,high_confidence_stx_biosynthesis,transcriptomic,BIOLOGICAL_PROCESS,Transcriptome Analysis of Scrippsiella trochoidea CCMP 3099 Reveals Physiological Changes Related to Nitrate Depletion.
dino_post2015,STX_DOC_000181,2016.0,dinoflagellate,high_confidence_stx_biosynthesis,toxicity,BIOLOGICAL_PROCESS,Transcriptome Analysis of Scrippsiella trochoidea CCMP 3099 Reveals Physiological Changes Related to Nitrate Depletion.
dino_post2015,STX_DOC_000182,2016.0,cross_taxa,high_confidence_stx_biosynthesis,paralytic shellfish toxin,TOXIN,Paralytic shellfish toxin biosynthesis in cyanobacteria and dinoflagellates: A molecular overview.
dino_post2015,STX_DOC_000182,2016.0,cross_taxa,high_confidence_stx_biosynthesis,paralytic shellfish toxins,TOXIN,Paralytic shellfish toxin biosynthesis in cyanobacteria and dinoflagellates: A molecular overview.
dino_post2015,STX_DOC_000182,2016.0,cross_taxa,high_confidence_stx_biosynthesis,pst,TOXIN,Paralytic shellfish toxin biosynthesis in cyanobacteria and dinoflagellates: A molecular overview.
dino_post2015,STX_DOC_000182,2016.0,cross_taxa,high_confidence_stx_biosynthesis,psts,TOXIN,Paralytic shellfish toxin biosynthesis in cyanobacteria and dinoflagellates: A molecular overview.
dino_post2015,STX_DOC_000182,2016.0,cross_taxa,high_confidence_stx_biosynthesis,dinoflagellates,DINO_TAXON,Paralytic shellfish toxin biosynthesis in cyanobacteria and dinoflagellates: A molecular overview.
dino_post2015,STX_DOC_000182,2016.0,cross_taxa,high_confidence_stx_biosynthesis,cyanobacteria,CYANO_TAXON,Paralytic shellfish toxin biosynthesis in cyanobacteria and dinoflagellates: A molecular overview.
dino_post2015,STX_DOC_000182,2016.0,cross_taxa,high_confidence_stx_biosynthesis,cyanobacterial,CYANO_TAXON,Paralytic shellfish toxin biosynthesis in cyanobacteria and dinoflagellates: A molecular overview.
dino_post2015,STX_DOC_000182,2016.0,cross_taxa,high_confidence_stx_biosynthesis,biosynthesis,BIOLOGICAL_PROCESS,Paralytic shellfish toxin biosynthesis in cyanobacteria and dinoflagellates: A molecular overview.
dino_post2015,STX_DOC_000182,2016.0,cross_taxa,high_confidence_stx_biosynthesis,toxin biosynthesis,BIOLOGICAL_PROCESS,Paralytic shellfish toxin biosynthesis in cyanobacteria and dinoflagellates: A molecular overview.
dino_post2015,STX_DOC_000182,2016.0,cross_taxa,high_confidence_stx_biosynthesis,regulation,BIOLOGICAL_PROCESS,Paralytic shellfish toxin biosynthesis in cyanobacteria and dinoflagellates: A molecular overview.
dino_post2015,STX_DOC_000182,2016.0,cross_taxa,high_confidence_stx_biosynthesis,evolution,BIOLOGICAL_PROCESS,Paralytic shellfish toxin biosynthesis in cyanobacteria and dinoflagellates: A molecular overview.
dino_post2015,STX_DOC_000198,2025.0,dinoflagellate,high_confidence_stx_biosynthesis,saxitoxin,TOXIN,Saxitoxin dynamics underlying bloom development and persistence in the bioluminescent HAB species Pyrodinium bahamense
dino_post2015,STX_DOC_000198,2025.0,dinoflagellate,high_confidence_stx_biosynthesis,stx,TOXIN,Saxitoxin dynamics underlying bloom development and persistence in the bioluminescent HAB species Pyrodinium bahamense
dino_post2015,STX_DOC_000198,2025.0,dinoflagellate,high_confidence_stx_biosynthesis,paralytic shellfish poisoning,TOXIN,Saxitoxin dynamics underlying bloom development and persistence in the bioluminescent HAB species Pyrodinium bahamense
dino_post2015,STX_DOC_000198,2025.0,dinoflagellate,high_confidence_stx_biosynthesis,sxta4,SXT_GENE,Saxitoxin dynamics underlying bloom development and persistence in the bioluminescent HAB species Pyrodinium bahamense
dino_post2015,STX_DOC_000198,2025.0,dinoflagellate,high_confidence_stx_biosynthesis,dinoflagellate,DINO_TAXON,Saxitoxin dynamics underlying bloom development and persistence in the bioluminescent HAB species Pyrodinium bahamense
dino_post2015,STX_DOC_000198,2025.0,dinoflagellate,high_confidence_stx_biosynthesis,pyrodinium,DINO_TAXON,Saxitoxin dynamics underlying bloom development and persistence in the bioluminescent HAB species Pyrodinium bahamense
dino_post2015,STX_DOC_000198,2025.0,dinoflagellate,high_confidence_stx_biosynthesis,pyrodinium bahamense,DINO_TAXON,Saxitoxin dynamics underlying bloom development and persistence in the bioluminescent HAB species Pyrodinium bahamense
dino_post2015,STX_DOC_000198,2025.0,dinoflagellate,high_confidence_stx_biosynthesis,bloom,ENV_FACTOR,Saxitoxin dynamics underlying bloom development and persistence in the bioluminescent HAB species Pyrodinium bahamense
dino_post2015,STX_DOC_000198,2025.0,dinoflagellate,high_confidence_stx_biosynthesis,toxicity,BIOLOGICAL_PROCESS,Saxitoxin dynamics underlying bloom development and persistence in the bioluminescent HAB species Pyrodinium bahamense
dino_post2015,STX_DOC_000199,2024.0,dinoflagellate,dinoflagellate_stx,stx,TOXIN,Warming and polymetallic stress induce proteomic and physiological shifts in the neurotoxic Alexandrium pacificum as possible response to global changes
dino_post2015,STX_DOC_000199,2024.0,dinoflagellate,dinoflagellate_stx,paralytic shellfish toxins,TOXIN,Warming and polymetallic stress induce proteomic and physiological shifts in the neurotoxic Alexandrium pacificum as possible response to global changes
dino_post2015,STX_DOC_000199,2024.0,dinoflagellate,dinoflagellate_stx,dinoflagellate,DINO_TAXON,Warming and polymetallic stress induce proteomic and physiological shifts in the neurotoxic Alexandrium pacificum as possible response to global changes
dino_post2015,STX_DOC_000199,2024.0,dinoflagellate,dinoflagellate_stx,alexandrium,DINO_TAXON,Warming and polymetallic stress induce proteomic and physiological shifts in the neurotoxic Alexandrium pacificum as possible response to global changes
dino_post2015,STX_DOC_000199,2024.0,dinoflagellate,dinoflagellate_stx,alexandrium pacificum,DINO_TAXON,Warming and polymetallic stress induce proteomic and physiological shifts in the neurotoxic Alexandrium pacificum as possible response to global changes
dino_post2015,STX_DOC_000199,2024.0,dinoflagellate,dinoflagellate_stx,light,ENV_FACTOR,Warming and polymetallic stress induce proteomic and physiological shifts in the neurotoxic Alexandrium pacificum as possible response to global changes
dino_post2015,STX_DOC_000199,2024.0,dinoflagellate,dinoflagellate_stx,warming,ENV_FACTOR,Warming and polymetallic stress induce proteomic and physiological shifts in the neurotoxic Alexandrium pacificum as possible response to global changes
dino_post2015,STX_DOC_000202,2021.0,dinoflagellate,dinoflagellate_stx,saxitoxin,TOXIN,Proteome Response of Meretrix Bivalves Hepatopancreas Exposed to Paralytic Shellfish Toxins Producing Dinoflagellate Gymnodinium catenatum
dino_post2015,STX_DOC_000202,2021.0,dinoflagellate,dinoflagellate_stx,stx,TOXIN,Proteome Response of Meretrix Bivalves Hepatopancreas Exposed to Paralytic Shellfish Toxins Producing Dinoflagellate Gymnodinium catenatum
dino_post2015,STX_DOC_000202,2021.0,dinoflagellate,dinoflagellate_stx,paralytic shellfish toxins,TOXIN,Proteome Response of Meretrix Bivalves Hepatopancreas Exposed to Paralytic Shellfish Toxins Producing Dinoflagellate Gymnodinium catenatum
dino_post2015,STX_DOC_000202,2021.0,dinoflagellate,dinoflagellate_stx,psts,TOXIN,Proteome Response of Meretrix Bivalves Hepatopancreas Exposed to Paralytic Shellfish Toxins Producing Dinoflagellate Gymnodinium catenatum
dino_post2015,STX_DOC_000202,2021.0,dinoflagellate,dinoflagellate_stx,dinoflagellate,DINO_TAXON,Proteome Response of Meretrix Bivalves Hepatopancreas Exposed to Paralytic Shellfish Toxins Producing Dinoflagellate Gymnodinium catenatum
dino_post2015,STX_DOC_000202,2021.0,dinoflagellate,dinoflagellate_stx,dinoflagellates,DINO_TAXON,Proteome Response of Meretrix Bivalves Hepatopancreas Exposed to Paralytic Shellfish Toxins Producing Dinoflagellate Gymnodinium catenatum
dino_post2015,STX_DOC_000202,2021.0,dinoflagellate,dinoflagellate_stx,gymnodinium,DINO_TAXON,Proteome Response of Meretrix Bivalves Hepatopancreas Exposed to Paralytic Shellfish Toxins Producing Dinoflagellate Gymnodinium catenatum
dino_post2015,STX_DOC_000202,2021.0,dinoflagellate,dinoflagellate_stx,gymnodinium catenatum,DINO_TAXON,Proteome Response of Meretrix Bivalves Hepatopancreas Exposed to Paralytic Shellfish Toxins Producing Dinoflagellate Gymnodinium catenatum
dino_post2015,STX_DOC_000202,2021.0,dinoflagellate,dinoflagellate_stx,expression,BIOLOGICAL_PROCESS,Proteome Response of Meretrix Bivalves Hepatopancreas Exposed to Paralytic Shellfish Toxins Producing Dinoflagellate Gymnodinium catenatum
dino_post2015,STX_DOC_000203,2021.0,dinoflagellate,high_confidence_stx_biosynthesis,saxitoxin,TOXIN,<i>sxtA4+</i> and <i>sxtA4-</i> Genotypes Occur Together within Natural <i>Pyrodinium bahamense</i> Sub-Populations from the Western Atlantic.
dino_post2015,STX_DOC_000203,2021.0,dinoflagellate,high_confidence_stx_biosynthesis,stx,TOXIN,<i>sxtA4+</i> and <i>sxtA4-</i> Genotypes Occur Together within Natural <i>Pyrodinium bahamense</i> Sub-Populations from the Western Atlantic.
dino_post2015,STX_DOC_000203,2021.0,dinoflagellate,high_confidence_stx_biosynthesis,sxta4,SXT_GENE,<i>sxtA4+</i> and <i>sxtA4-</i> Genotypes Occur Together within Natural <i>Pyrodinium bahamense</i> Sub-Populations from the Western Atlantic.
dino_post2015,STX_DOC_000203,2021.0,dinoflagellate,high_confidence_stx_biosynthesis,dinoflagellate,DINO_TAXON,<i>sxtA4+</i> and <i>sxtA4-</i> Genotypes Occur Together within Natural <i>Pyrodinium bahamense</i> Sub-Populations from the Western Atlantic.
dino_post2015,STX_DOC_000203,2021.0,dinoflagellate,high_confidence_stx_biosynthesis,dinoflagellates,DINO_TAXON,<i>sxtA4+</i> and <i>sxtA4-</i> Genotypes Occur Together within Natural <i>Pyrodinium bahamense</i> Sub-Populations from the Western Atlantic.
dino_post2015,STX_DOC_000203,2021.0,dinoflagellate,high_confidence_stx_biosynthesis,pyrodinium,DINO_TAXON,<i>sxtA4+</i> and <i>sxtA4-</i> Genotypes Occur Together within Natural <i>Pyrodinium bahamense</i> Sub-Populations from the Western Atlantic.
dino_post2015,STX_DOC_000203,2021.0,dinoflagellate,high_confidence_stx_biosynthesis,pyrodinium bahamense,DINO_TAXON,<i>sxtA4+</i> and <i>sxtA4-</i> Genotypes Occur Together within Natural <i>Pyrodinium bahamense</i> Sub-Populations from the Western Atlantic.
dino_post2015,STX_DOC_000203,2021.0,dinoflagellate,high_confidence_stx_biosynthesis,bloom,ENV_FACTOR,<i>sxtA4+</i> and <i>sxtA4-</i> Genotypes Occur Together within Natural <i>Pyrodinium bahamense</i> Sub-Populations from the Western Atlantic.
dino_post2015,STX_DOC_000203,2021.0,dinoflagellate,high_confidence_stx_biosynthesis,harmful algal bloom,ENV_FACTOR,<i>sxtA4+</i> and <i>sxtA4-</i> Genotypes Occur Together within Natural <i>Pyrodinium bahamense</i> Sub-Populations from the Western Atlantic.
dino_post2015,STX_DOC_000203,2021.0,dinoflagellate,high_confidence_stx_biosynthesis,evolution,BIOLOGICAL_PROCESS,<i>sxtA4+</i> and <i>sxtA4-</i> Genotypes Occur Together within Natural <i>Pyrodinium bahamense</i> Sub-Populations from the Western Atlantic.
dino_post2015,STX_DOC_000203,2021.0,dinoflagellate,high_confidence_stx_biosynthesis,toxicity,BIOLOGICAL_PROCESS,<i>sxtA4+</i> and <i>sxtA4-</i> Genotypes Occur Together within Natural <i>Pyrodinium bahamense</i> Sub-Populations from the Western Atlantic.
dino_post2015,STX_DOC_000203,2021.0,dinoflagellate,high_confidence_stx_biosynthesis,toxin production,BIOLOGICAL_PROCESS,<i>sxtA4+</i> and <i>sxtA4-</i> Genotypes Occur Together within Natural <i>Pyrodinium bahamense</i> Sub-Populations from the Western Atlantic.
dino_post2015,STX_DOC_000204,2020.0,dinoflagellate,dinoflagellate_stx,saxitoxin,TOXIN,"Biokinetics and biotransformation of paralytic shellfish toxins in different tissues of Yesso scallops, Patinopecten yessoensis."
dino_post2015,STX_DOC_000204,2020.0,dinoflagellate,dinoflagellate_stx,stx,TOXIN,"Biokinetics and biotransformation of paralytic shellfish toxins in different tissues of Yesso scallops, Patinopecten yessoensis."
dino_post2015,STX_DOC_000204,2020.0,dinoflagellate,dinoflagellate_stx,neosaxitoxin,TOXIN,"Biokinetics and biotransformation of paralytic shellfish toxins in different tissues of Yesso scallops, Patinopecten yessoensis."
dino_post2015,STX_DOC_000204,2020.0,dinoflagellate,dinoflagellate_stx,paralytic shellfish toxins,TOXIN,"Biokinetics and biotransformation of paralytic shellfish toxins in different tissues of Yesso scallops, Patinopecten yessoensis."
dino_post2015,STX_DOC_000204,2020.0,dinoflagellate,dinoflagellate_stx,psts,TOXIN,"Biokinetics and biotransformation of paralytic shellfish toxins in different tissues of Yesso scallops, Patinopecten yessoensis."
dino_post2015,STX_DOC_000204,2020.0,dinoflagellate,dinoflagellate_stx,dinoflagellate,DINO_TAXON,"Biokinetics and biotransformation of paralytic shellfish toxins in different tissues of Yesso scallops, Patinopecten yessoensis."
dino_post2015,STX_DOC_000204,2020.0,dinoflagellate,dinoflagellate_stx,alexandrium,DINO_TAXON,"Biokinetics and biotransformation of paralytic shellfish toxins in different tissues of Yesso scallops, Patinopecten yessoensis."
dino_post2015,STX_DOC_000204,2020.0,dinoflagellate,dinoflagellate_stx,alexandrium pacificum,DINO_TAXON,"Biokinetics and biotransformation of paralytic shellfish toxins in different tissues of Yesso scallops, Patinopecten yessoensis."
dino_post2015,STX_DOC_000204,2020.0,dinoflagellate,dinoflagellate_stx,toxicity,BIOLOGICAL_PROCESS,"Biokinetics and biotransformation of paralytic shellfish toxins in different tissues of Yesso scallops, Patinopecten yessoensis."
dino_post2015,STX_DOC_000208,2019.0,cross_taxa,dinoflagellate_stx,saxitoxin,TOXIN,Biocatalytic Detoxification of Paralytic Shellfish Toxins.
dino_post2015,STX_DOC_000208,2019.0,cross_taxa,dinoflagellate_stx,paralytic shellfish toxins,TOXIN,Biocatalytic Detoxification of Paralytic Shellfish Toxins.
dino_post2015,STX_DOC_000208,2019.0,cross_taxa,dinoflagellate_stx,pst,TOXIN,Biocatalytic Detoxification of Paralytic Shellfish Toxins.
dino_post2015,STX_DOC_000208,2019.0,cross_taxa,dinoflagellate_stx,psts,TOXIN,Biocatalytic Detoxification of Paralytic Shellfish Toxins.
dino_post2015,STX_DOC_000208,2019.0,cross_taxa,dinoflagellate_stx,dinoflagellates,DINO_TAXON,Biocatalytic Detoxification of Paralytic Shellfish Toxins.
dino_post2015,STX_DOC_000208,2019.0,cross_taxa,dinoflagellate_stx,cyanobacteria,CYANO_TAXON,Biocatalytic Detoxification of Paralytic Shellfish Toxins.
dino_post2015,STX_DOC_000208,2019.0,cross_taxa,dinoflagellate_stx,cyanobacterial,CYANO_TAXON,Biocatalytic Detoxification of Paralytic Shellfish Toxins.
dino_post2015,STX_DOC_000208,2019.0,cross_taxa,dinoflagellate_stx,biosynthesis,BIOLOGICAL_PROCESS,Biocatalytic Detoxification of Paralytic Shellfish Toxins.
dino_post2015,STX_DOC_000208,2019.0,cross_taxa,dinoflagellate_stx,toxicity,BIOLOGICAL_PROCESS,Biocatalytic Detoxification of Paralytic Shellfish Toxins.
dino_post2015,STX_DOC_000224,2024.0,dinoflagellate,dinoflagellate_stx,stx,TOXIN,Temperature Dependence of the Pre-Chromatographic ‘Lawrence’ Method for Bivalves Contaminated with Paralytic Shellfish Poisoning Toxins
dino_post2015,STX_DOC_000224,2024.0,dinoflagellate,dinoflagellate_stx,paralytic shellfish poisoning,TOXIN,Temperature Dependence of the Pre-Chromatographic ‘Lawrence’ Method for Bivalves Contaminated with Paralytic Shellfish Poisoning Toxins
dino_post2015,STX_DOC_000224,2024.0,dinoflagellate,dinoflagellate_stx,gymnodinium,DINO_TAXON,Temperature Dependence of the Pre-Chromatographic ‘Lawrence’ Method for Bivalves Contaminated with Paralytic Shellfish Poisoning Toxins
dino_post2015,STX_DOC_000224,2024.0,dinoflagellate,dinoflagellate_stx,gymnodinium catenatum,DINO_TAXON,Temperature Dependence of the Pre-Chromatographic ‘Lawrence’ Method for Bivalves Contaminated with Paralytic Shellfish Poisoning Toxins
dino_post2015,STX_DOC_000224,2024.0,dinoflagellate,dinoflagellate_stx,temperature,ENV_FACTOR,Temperature Dependence of the Pre-Chromatographic ‘Lawrence’ Method for Bivalves Contaminated with Paralytic Shellfish Poisoning Toxins
dino_post2015,STX_DOC_000225,2024.0,dinoflagellate,dinoflagellate_stx,saxitoxin,TOXIN,Analytical and functional profiles of paralytic shellfish toxins extracted from <i>Semele proficua</i> and <i>Senilia senilis</i> from Angola.
dino_post2015,STX_DOC_000225,2024.0,dinoflagellate,dinoflagellate_stx,paralytic shellfish toxins,TOXIN,Analytical and functional profiles of paralytic shellfish toxins extracted from <i>Semele proficua</i> and <i>Senilia senilis</i> from Angola.
dino_post2015,STX_DOC_000225,2024.0,dinoflagellate,dinoflagellate_stx,paralytic shellfish poisoning,TOXIN,Analytical and functional profiles of paralytic shellfish toxins extracted from <i>Semele proficua</i> and <i>Senilia senilis</i> from Angola.
dino_post2015,STX_DOC_000225,2024.0,dinoflagellate,dinoflagellate_stx,dinoflagellates,DINO_TAXON,Analytical and functional profiles of paralytic shellfish toxins extracted from <i>Semele proficua</i> and <i>Senilia senilis</i> from Angola.
dino_post2015,STX_DOC_000225,2024.0,dinoflagellate,dinoflagellate_stx,alexandrium,DINO_TAXON,Analytical and functional profiles of paralytic shellfish toxins extracted from <i>Semele proficua</i> and <i>Senilia senilis</i> from Angola.
dino_post2015,STX_DOC_000225,2024.0,dinoflagellate,dinoflagellate_stx,gymnodinium,DINO_TAXON,Analytical and functional profiles of paralytic shellfish toxins extracted from <i>Semele proficua</i> and <i>Senilia senilis</i> from Angola.
dino_post2015,STX_DOC_000225,2024.0,dinoflagellate,dinoflagellate_stx,pyrodinium,DINO_TAXON,Analytical and functional profiles of paralytic shellfish toxins extracted from <i>Semele proficua</i> and <i>Senilia senilis</i> from Angola.
dino_post2015,STX_DOC_000225,2024.0,dinoflagellate,dinoflagellate_stx,hplc,DETECTION_METHOD,Analytical and functional profiles of paralytic shellfish toxins extracted from <i>Semele proficua</i> and <i>Senilia senilis</i> from Angola.
dino_post2015,STX_DOC_000226,2024.0,cross_taxa,dinoflagellate_stx,saxitoxin,TOXIN,Saxitoxin
dino_post2015,STX_DOC_000226,2024.0,cross_taxa,dinoflagellate_stx,stx,TOXIN,Saxitoxin
dino_post2015,STX_DOC_000226,2024.0,cross_taxa,dinoflagellate_stx,paralytic shellfish toxins,TOXIN,Saxitoxin
dino_post2015,STX_DOC_000226,2024.0,cross_taxa,dinoflagellate_stx,pst,TOXIN,Saxitoxin
dino_post2015,STX_DOC_000226,2024.0,cross_taxa,dinoflagellate_stx,psts,TOXIN,Saxitoxin
dino_post2015,STX_DOC_000226,2024.0,cross_taxa,dinoflagellate_stx,dinoflagellates,DINO_TAXON,Saxitoxin
dino_post2015,STX_DOC_000226,2024.0,cross_taxa,dinoflagellate_stx,cyanobacteria,CYANO_TAXON,Saxitoxin
dino_post2015,STX_DOC_000226,2024.0,cross_taxa,dinoflagellate_stx,nutrient,ENV_FACTOR,Saxitoxin
dino_post2015,STX_DOC_000226,2024.0,cross_taxa,dinoflagellate_stx,biosynthesis,BIOLOGICAL_PROCESS,Saxitoxin
dino_post2015,STX_DOC_000226,2024.0,cross_taxa,dinoflagellate_stx,toxicity,BIOLOGICAL_PROCESS,Saxitoxin
dino_post2015,STX_DOC_000227,2022.0,dinoflagellate,dinoflagellate_stx,stx,TOXIN,"Characterization of Alexandrium tamutum (Dinophyceae) isolated from Philippine waters, with the rare detection of paralytic shellfish toxin"
dino_post2015,STX_DOC_000227,2022.0,dinoflagellate,dinoflagellate_stx,paralytic shellfish toxin,TOXIN,"Characterization of Alexandrium tamutum (Dinophyceae) isolated from Philippine waters, with the rare detection of paralytic shellfish toxin"
dino_post2015,STX_DOC_000227,2022.0,dinoflagellate,dinoflagellate_stx,pst,TOXIN,"Characterization of Alexandrium tamutum (Dinophyceae) isolated from Philippine waters, with the rare detection of paralytic shellfish toxin"
dino_post2015,STX_DOC_000227,2022.0,dinoflagellate,dinoflagellate_stx,dinoflagellate,DINO_TAXON,"Characterization of Alexandrium tamutum (Dinophyceae) isolated from Philippine waters, with the rare detection of paralytic shellfish toxin"
dino_post2015,STX_DOC_000227,2022.0,dinoflagellate,dinoflagellate_stx,alexandrium,DINO_TAXON,"Characterization of Alexandrium tamutum (Dinophyceae) isolated from Philippine waters, with the rare detection of paralytic shellfish toxin"
dino_post2015,STX_DOC_000227,2022.0,dinoflagellate,dinoflagellate_stx,bloom,ENV_FACTOR,"Characterization of Alexandrium tamutum (Dinophyceae) isolated from Philippine waters, with the rare detection of paralytic shellfish toxin"
dino_post2015,STX_DOC_000227,2022.0,dinoflagellate,dinoflagellate_stx,phylogeny,BIOLOGICAL_PROCESS,"Characterization of Alexandrium tamutum (Dinophyceae) isolated from Philippine waters, with the rare detection of paralytic shellfish toxin"
dino_post2015,STX_DOC_000227,2022.0,dinoflagellate,dinoflagellate_stx,toxicity,BIOLOGICAL_PROCESS,"Characterization of Alexandrium tamutum (Dinophyceae) isolated from Philippine waters, with the rare detection of paralytic shellfish toxin"
dino_post2015,STX_DOC_000227,2022.0,dinoflagellate,dinoflagellate_stx,hplc,DETECTION_METHOD,"Characterization of Alexandrium tamutum (Dinophyceae) isolated from Philippine waters, with the rare detection of paralytic shellfish toxin"
dino_post2015,STX_DOC_000228,2022.0,dinoflagellate,dinoflagellate_stx,saxitoxin,TOXIN,"Effect of Different N:P Ratios on the Growth, Toxicity, and Toxin Profile of <i>Gymnodinium catenatum</i> (Dinophyceae) Strains from the Gulf of California."
dino_post2015,STX_DOC_000228,2022.0,dinoflagellate,dinoflagellate_stx,pst,TOXIN,"Effect of Different N:P Ratios on the Growth, Toxicity, and Toxin Profile of <i>Gymnodinium catenatum</i> (Dinophyceae) Strains from the Gulf of California."
dino_post2015,STX_DOC_000228,2022.0,dinoflagellate,dinoflagellate_stx,psts,TOXIN,"Effect of Different N:P Ratios on the Growth, Toxicity, and Toxin Profile of <i>Gymnodinium catenatum</i> (Dinophyceae) Strains from the Gulf of California."
dino_post2015,STX_DOC_000228,2022.0,dinoflagellate,dinoflagellate_stx,paralytic shellfish poisoning,TOXIN,"Effect of Different N:P Ratios on the Growth, Toxicity, and Toxin Profile of <i>Gymnodinium catenatum</i> (Dinophyceae) Strains from the Gulf of California."
dino_post2015,STX_DOC_000228,2022.0,dinoflagellate,dinoflagellate_stx,dinoflagellate,DINO_TAXON,"Effect of Different N:P Ratios on the Growth, Toxicity, and Toxin Profile of <i>Gymnodinium catenatum</i> (Dinophyceae) Strains from the Gulf of California."
dino_post2015,STX_DOC_000228,2022.0,dinoflagellate,dinoflagellate_stx,gymnodinium,DINO_TAXON,"Effect of Different N:P Ratios on the Growth, Toxicity, and Toxin Profile of <i>Gymnodinium catenatum</i> (Dinophyceae) Strains from the Gulf of California."
dino_post2015,STX_DOC_000228,2022.0,dinoflagellate,dinoflagellate_stx,gymnodinium catenatum,DINO_TAXON,"Effect of Different N:P Ratios on the Growth, Toxicity, and Toxin Profile of <i>Gymnodinium catenatum</i> (Dinophyceae) Strains from the Gulf of California."
dino_post2015,STX_DOC_000228,2022.0,dinoflagellate,dinoflagellate_stx,phosphorus,ENV_FACTOR,"Effect of Different N:P Ratios on the Growth, Toxicity, and Toxin Profile of <i>Gymnodinium catenatum</i> (Dinophyceae) Strains from the Gulf of California."
dino_post2015,STX_DOC_000228,2022.0,dinoflagellate,dinoflagellate_stx,light,ENV_FACTOR,"Effect of Different N:P Ratios on the Growth, Toxicity, and Toxin Profile of <i>Gymnodinium catenatum</i> (Dinophyceae) Strains from the Gulf of California."
dino_post2015,STX_DOC_000228,2022.0,dinoflagellate,dinoflagellate_stx,toxicity,BIOLOGICAL_PROCESS,"Effect of Different N:P Ratios on the Growth, Toxicity, and Toxin Profile of <i>Gymnodinium catenatum</i> (Dinophyceae) Strains from the Gulf of California."
dino_post2015,STX_DOC_000228,2022.0,dinoflagellate,dinoflagellate_stx,hplc,DETECTION_METHOD,"Effect of Different N:P Ratios on the Growth, Toxicity, and Toxin Profile of <i>Gymnodinium catenatum</i> (Dinophyceae) Strains from the Gulf of California."
dino_post2015,STX_DOC_000229,2022.0,cross_taxa,high_confidence_stx_biosynthesis,saxitoxin,TOXIN,Fate of Saxitoxins in Lake Water: Preliminary Testing of Degradation by Microbes and Sunlight
dino_post2015,STX_DOC_000229,2022.0,cross_taxa,high_confidence_stx_biosynthesis,stx,TOXIN,Fate of Saxitoxins in Lake Water: Preliminary Testing of Degradation by Microbes and Sunlight
dino_post2015,STX_DOC_000229,2022.0,cross_taxa,high_confidence_stx_biosynthesis,sxta,SXT_GENE,Fate of Saxitoxins in Lake Water: Preliminary Testing of Degradation by Microbes and Sunlight
dino_post2015,STX_DOC_000229,2022.0,cross_taxa,high_confidence_stx_biosynthesis,dinoflagellates,DINO_TAXON,Fate of Saxitoxins in Lake Water: Preliminary Testing of Degradation by Microbes and Sunlight
dino_post2015,STX_DOC_000229,2022.0,cross_taxa,high_confidence_stx_biosynthesis,cyanobacteria,CYANO_TAXON,Fate of Saxitoxins in Lake Water: Preliminary Testing of Degradation by Microbes and Sunlight
dino_post2015,STX_DOC_000229,2022.0,cross_taxa,high_confidence_stx_biosynthesis,cyanobacterial,CYANO_TAXON,Fate of Saxitoxins in Lake Water: Preliminary Testing of Degradation by Microbes and Sunlight
dino_post2015,STX_DOC_000229,2022.0,cross_taxa,high_confidence_stx_biosynthesis,light,ENV_FACTOR,Fate of Saxitoxins in Lake Water: Preliminary Testing of Degradation by Microbes and Sunlight
dino_post2015,STX_DOC_000229,2022.0,cross_taxa,high_confidence_stx_biosynthesis,biosynthesis,BIOLOGICAL_PROCESS,Fate of Saxitoxins in Lake Water: Preliminary Testing of Degradation by Microbes and Sunlight
dino_post2015,STX_DOC_000230,2021.0,cross_taxa,high_confidence_stx_biosynthesis,saxitoxin,TOXIN,"Heterologous Expression of an Unusual Ketosynthase, SxtA, Leads to Production of Saxitoxin Intermediates in Escherichia coli."
dino_post2015,STX_DOC_000230,2021.0,cross_taxa,high_confidence_stx_biosynthesis,paralytic shellfish toxins,TOXIN,"Heterologous Expression of an Unusual Ketosynthase, SxtA, Leads to Production of Saxitoxin Intermediates in Escherichia coli."
dino_post2015,STX_DOC_000230,2021.0,cross_taxa,high_confidence_stx_biosynthesis,pst,TOXIN,"Heterologous Expression of an Unusual Ketosynthase, SxtA, Leads to Production of Saxitoxin Intermediates in Escherichia coli."
dino_post2015,STX_DOC_000230,2021.0,cross_taxa,high_confidence_stx_biosynthesis,psts,TOXIN,"Heterologous Expression of an Unusual Ketosynthase, SxtA, Leads to Production of Saxitoxin Intermediates in Escherichia coli."
dino_post2015,STX_DOC_000230,2021.0,cross_taxa,high_confidence_stx_biosynthesis,sxta,SXT_GENE,"Heterologous Expression of an Unusual Ketosynthase, SxtA, Leads to Production of Saxitoxin Intermediates in Escherichia coli."
dino_post2015,STX_DOC_000230,2021.0,cross_taxa,high_confidence_stx_biosynthesis,dinoflagellates,DINO_TAXON,"Heterologous Expression of an Unusual Ketosynthase, SxtA, Leads to Production of Saxitoxin Intermediates in Escherichia coli."
dino_post2015,STX_DOC_000230,2021.0,cross_taxa,high_confidence_stx_biosynthesis,cyanobacteria,CYANO_TAXON,"Heterologous Expression of an Unusual Ketosynthase, SxtA, Leads to Production of Saxitoxin Intermediates in Escherichia coli."
dino_post2015,STX_DOC_000230,2021.0,cross_taxa,high_confidence_stx_biosynthesis,biosynthesis,BIOLOGICAL_PROCESS,"Heterologous Expression of an Unusual Ketosynthase, SxtA, Leads to Production of Saxitoxin Intermediates in Escherichia coli."
dino_post2015,STX_DOC_000230,2021.0,cross_taxa,high_confidence_stx_biosynthesis,expression,BIOLOGICAL_PROCESS,"Heterologous Expression of an Unusual Ketosynthase, SxtA, Leads to Production of Saxitoxin Intermediates in Escherichia coli."
dino_post2015,STX_DOC_000230,2021.0,cross_taxa,high_confidence_stx_biosynthesis,hplc,DETECTION_METHOD,"Heterologous Expression of an Unusual Ketosynthase, SxtA, Leads to Production of Saxitoxin Intermediates in Escherichia coli."
dino_post2015,STX_DOC_000230,2021.0,cross_taxa,high_confidence_stx_biosynthesis,mass spectrometry,DETECTION_METHOD,"Heterologous Expression of an Unusual Ketosynthase, SxtA, Leads to Production of Saxitoxin Intermediates in Escherichia coli."
dino_post2015,STX_DOC_000231,2021.0,cross_taxa,dinoflagellate_stx,paralytic shellfish toxin,TOXIN,"Marine harmful algal blooms (HABs) in the United States: History, current status and future trends"
dino_post2015,STX_DOC_000231,2021.0,cross_taxa,dinoflagellate_stx,pst,TOXIN,"Marine harmful algal blooms (HABs) in the United States: History, current status and future trends"
dino_post2015,STX_DOC_000231,2021.0,cross_taxa,dinoflagellate_stx,psts,TOXIN,"Marine harmful algal blooms (HABs) in the United States: History, current status and future trends"
dino_post2015,STX_DOC_000231,2021.0,cross_taxa,dinoflagellate_stx,dinoflagellates,DINO_TAXON,"Marine harmful algal blooms (HABs) in the United States: History, current status and future trends"
dino_post2015,STX_DOC_000231,2021.0,cross_taxa,dinoflagellate_stx,pyrodinium,DINO_TAXON,"Marine harmful algal blooms (HABs) in the United States: History, current status and future trends"
dino_post2015,STX_DOC_000231,2021.0,cross_taxa,dinoflagellate_stx,pyrodinium bahamense,DINO_TAXON,"Marine harmful algal blooms (HABs) in the United States: History, current status and future trends"
dino_post2015,STX_DOC_000231,2021.0,cross_taxa,dinoflagellate_stx,cyanobacteria,CYANO_TAXON,"Marine harmful algal blooms (HABs) in the United States: History, current status and future trends"
dino_post2015,STX_DOC_000231,2021.0,cross_taxa,dinoflagellate_stx,nutrient,ENV_FACTOR,"Marine harmful algal blooms (HABs) in the United States: History, current status and future trends"
dino_post2015,STX_DOC_000231,2021.0,cross_taxa,dinoflagellate_stx,warming,ENV_FACTOR,"Marine harmful algal blooms (HABs) in the United States: History, current status and future trends"
dino_post2015,STX_DOC_000234,2020.0,dinoflagellate,dinoflagellate_stx,saxitoxin,TOXIN,"Co-ocurrence of two toxic dinoflagellates in Acapulco Bay, Guerrero, Mexico: an opportunity to quantify their biology and ecology"
dino_post2015,STX_DOC_000234,2020.0,dinoflagellate,dinoflagellate_stx,paralytic shellfish poisoning,TOXIN,"Co-ocurrence of two toxic dinoflagellates in Acapulco Bay, Guerrero, Mexico: an opportunity to quantify their biology and ecology"
dino_post2015,STX_DOC_000234,2020.0,dinoflagellate,dinoflagellate_stx,dinoflagellates,DINO_TAXON,"Co-ocurrence of two toxic dinoflagellates in Acapulco Bay, Guerrero, Mexico: an opportunity to quantify their biology and ecology"
dino_post2015,STX_DOC_000234,2020.0,dinoflagellate,dinoflagellate_stx,gymnodinium,DINO_TAXON,"Co-ocurrence of two toxic dinoflagellates in Acapulco Bay, Guerrero, Mexico: an opportunity to quantify their biology and ecology"
dino_post2015,STX_DOC_000234,2020.0,dinoflagellate,dinoflagellate_stx,gymnodinium catenatum,DINO_TAXON,"Co-ocurrence of two toxic dinoflagellates in Acapulco Bay, Guerrero, Mexico: an opportunity to quantify their biology and ecology"
dino_post2015,STX_DOC_000234,2020.0,dinoflagellate,dinoflagellate_stx,pyrodinium,DINO_TAXON,"Co-ocurrence of two toxic dinoflagellates in Acapulco Bay, Guerrero, Mexico: an opportunity to quantify their biology and ecology"
dino_post2015,STX_DOC_000234,2020.0,dinoflagellate,dinoflagellate_stx,pyrodinium bahamense,DINO_TAXON,"Co-ocurrence of two toxic dinoflagellates in Acapulco Bay, Guerrero, Mexico: an opportunity to quantify their biology and ecology"
dino_post2015,STX_DOC_000234,2020.0,dinoflagellate,dinoflagellate_stx,temperature,ENV_FACTOR,"Co-ocurrence of two toxic dinoflagellates in Acapulco Bay, Guerrero, Mexico: an opportunity to quantify their biology and ecology"
dino_post2015,STX_DOC_000234,2020.0,dinoflagellate,dinoflagellate_stx,bloom,ENV_FACTOR,"Co-ocurrence of two toxic dinoflagellates in Acapulco Bay, Guerrero, Mexico: an opportunity to quantify their biology and ecology"
dino_post2015,STX_DOC_000234,2020.0,dinoflagellate,dinoflagellate_stx,toxicity,BIOLOGICAL_PROCESS,"Co-ocurrence of two toxic dinoflagellates in Acapulco Bay, Guerrero, Mexico: an opportunity to quantify their biology and ecology"
dino_post2015,STX_DOC_000236,2019.0,dinoflagellate,dinoflagellate_stx,saxitoxin,TOXIN,Transcriptional and physiological responses to inorganic nutrition in a tropical Pacific strain of Alexandrium minutum: Implications for nutrient uptakes and assimilation.
dino_post2015,STX_DOC_000236,2019.0,dinoflagellate,dinoflagellate_stx,paralytic shellfish poisoning,TOXIN,Transcriptional and physiological responses to inorganic nutrition in a tropical Pacific strain of Alexandrium minutum: Implications for nutrient uptakes and assimilation.
dino_post2015,STX_DOC_000236,2019.0,dinoflagellate,dinoflagellate_stx,dinoflagellate,DINO_TAXON,Transcriptional and physiological responses to inorganic nutrition in a tropical Pacific strain of Alexandrium minutum: Implications for nutrient uptakes and assimilation.
dino_post2015,STX_DOC_000236,2019.0,dinoflagellate,dinoflagellate_stx,alexandrium,DINO_TAXON,Transcriptional and physiological responses to inorganic nutrition in a tropical Pacific strain of Alexandrium minutum: Implications for nutrient uptakes and assimilation.
dino_post2015,STX_DOC_000236,2019.0,dinoflagellate,dinoflagellate_stx,alexandrium minutum,DINO_TAXON,Transcriptional and physiological responses to inorganic nutrition in a tropical Pacific strain of Alexandrium minutum: Implications for nutrient uptakes and assimilation.
dino_post2015,STX_DOC_000236,2019.0,dinoflagellate,dinoflagellate_stx,nitrogen,ENV_FACTOR,Transcriptional and physiological responses to inorganic nutrition in a tropical Pacific strain of Alexandrium minutum: Implications for nutrient uptakes and assimilation.
dino_post2015,STX_DOC_000236,2019.0,dinoflagellate,dinoflagellate_stx,nitrate,ENV_FACTOR,Transcriptional and physiological responses to inorganic nutrition in a tropical Pacific strain of Alexandrium minutum: Implications for nutrient uptakes and assimilation.
dino_post2015,STX_DOC_000236,2019.0,dinoflagellate,dinoflagellate_stx,phosphate,ENV_FACTOR,Transcriptional and physiological responses to inorganic nutrition in a tropical Pacific strain of Alexandrium minutum: Implications for nutrient uptakes and assimilation.
dino_post2015,STX_DOC_000236,2019.0,dinoflagellate,dinoflagellate_stx,nutrient,ENV_FACTOR,Transcriptional and physiological responses to inorganic nutrition in a tropical Pacific strain of Alexandrium minutum: Implications for nutrient uptakes and assimilation.
dino_post2015,STX_DOC_000236,2019.0,dinoflagellate,dinoflagellate_stx,nutrients,ENV_FACTOR,Transcriptional and physiological responses to inorganic nutrition in a tropical Pacific strain of Alexandrium minutum: Implications for nutrient uptakes and assimilation.
dino_post2015,STX_DOC_000236,2019.0,dinoflagellate,dinoflagellate_stx,regulation,BIOLOGICAL_PROCESS,Transcriptional and physiological responses to inorganic nutrition in a tropical Pacific strain of Alexandrium minutum: Implications for nutrient uptakes and assimilation.
dino_post2015,STX_DOC_000236,2019.0,dinoflagellate,dinoflagellate_stx,expression,BIOLOGICAL_PROCESS,Transcriptional and physiological responses to inorganic nutrition in a tropical Pacific strain of Alexandrium minutum: Implications for nutrient uptakes and assimilation.
dino_post2015,STX_DOC_000236,2019.0,dinoflagellate,dinoflagellate_stx,toxin production,BIOLOGICAL_PROCESS,Transcriptional and physiological responses to inorganic nutrition in a tropical Pacific strain of Alexandrium minutum: Implications for nutrient uptakes and assimilation.
dino_post2015,STX_DOC_000237,2018.0,cross_taxa,high_confidence_stx_biosynthesis,saxitoxin,TOXIN,"Guanidinium Toxins: Natural Biogenic Origin, Chemistry, Biosynthesis, and Biotechnological Applications"
dino_post2015,STX_DOC_000237,2018.0,cross_taxa,high_confidence_stx_biosynthesis,stx,TOXIN,"Guanidinium Toxins: Natural Biogenic Origin, Chemistry, Biosynthesis, and Biotechnological Applications"
dino_post2015,STX_DOC_000237,2018.0,cross_taxa,high_confidence_stx_biosynthesis,paralytic shellfish toxins,TOXIN,"Guanidinium Toxins: Natural Biogenic Origin, Chemistry, Biosynthesis, and Biotechnological Applications"
dino_post2015,STX_DOC_000237,2018.0,cross_taxa,high_confidence_stx_biosynthesis,pst,TOXIN,"Guanidinium Toxins: Natural Biogenic Origin, Chemistry, Biosynthesis, and Biotechnological Applications"
dino_post2015,STX_DOC_000237,2018.0,cross_taxa,high_confidence_stx_biosynthesis,dinoflagellates,DINO_TAXON,"Guanidinium Toxins: Natural Biogenic Origin, Chemistry, Biosynthesis, and Biotechnological Applications"
dino_post2015,STX_DOC_000237,2018.0,cross_taxa,high_confidence_stx_biosynthesis,cyanobacteria,CYANO_TAXON,"Guanidinium Toxins: Natural Biogenic Origin, Chemistry, Biosynthesis, and Biotechnological Applications"
dino_post2015,STX_DOC_000237,2018.0,cross_taxa,high_confidence_stx_biosynthesis,biosynthesis,BIOLOGICAL_PROCESS,"Guanidinium Toxins: Natural Biogenic Origin, Chemistry, Biosynthesis, and Biotechnological Applications"
dino_post2015,STX_DOC_000237,2018.0,cross_taxa,high_confidence_stx_biosynthesis,toxin biosynthesis,BIOLOGICAL_PROCESS,"Guanidinium Toxins: Natural Biogenic Origin, Chemistry, Biosynthesis, and Biotechnological Applications"
dino_post2015,STX_DOC_000237,2018.0,cross_taxa,high_confidence_stx_biosynthesis,phylogenetic,BIOLOGICAL_PROCESS,"Guanidinium Toxins: Natural Biogenic Origin, Chemistry, Biosynthesis, and Biotechnological Applications"
dino_post2015,STX_DOC_000237,2018.0,cross_taxa,high_confidence_stx_biosynthesis,horizontal gene transfer,BIOLOGICAL_PROCESS,"Guanidinium Toxins: Natural Biogenic Origin, Chemistry, Biosynthesis, and Biotechnological Applications"
dino_post2015,STX_DOC_000238,2018.0,dinoflagellate,dinoflagellate_stx,saxitoxin,TOXIN,Accumulation and Elimination Dynamics of the Hydroxybenzoate Saxitoxin Analogues in Mussels <i>Mytilus galloprovincialis</i> Exposed to the Toxic Marine Dinoflagellate <i>Gymnodinium catenatum</i>.
dino_post2015,STX_DOC_000238,2018.0,dinoflagellate,dinoflagellate_stx,paralytic shellfish toxins,TOXIN,Accumulation and Elimination Dynamics of the Hydroxybenzoate Saxitoxin Analogues in Mussels <i>Mytilus galloprovincialis</i> Exposed to the Toxic Marine Dinoflagellate <i>Gymnodinium catenatum</i>.
dino_post2015,STX_DOC_000238,2018.0,dinoflagellate,dinoflagellate_stx,pst,TOXIN,Accumulation and Elimination Dynamics of the Hydroxybenzoate Saxitoxin Analogues in Mussels <i>Mytilus galloprovincialis</i> Exposed to the Toxic Marine Dinoflagellate <i>Gymnodinium catenatum</i>.
dino_post2015,STX_DOC_000238,2018.0,dinoflagellate,dinoflagellate_stx,paralytic shellfish poisoning,TOXIN,Accumulation and Elimination Dynamics of the Hydroxybenzoate Saxitoxin Analogues in Mussels <i>Mytilus galloprovincialis</i> Exposed to the Toxic Marine Dinoflagellate <i>Gymnodinium catenatum</i>.
dino_post2015,STX_DOC_000238,2018.0,dinoflagellate,dinoflagellate_stx,dinoflagellate,DINO_TAXON,Accumulation and Elimination Dynamics of the Hydroxybenzoate Saxitoxin Analogues in Mussels <i>Mytilus galloprovincialis</i> Exposed to the Toxic Marine Dinoflagellate <i>Gymnodinium catenatum</i>.
dino_post2015,STX_DOC_000238,2018.0,dinoflagellate,dinoflagellate_stx,dinoflagellates,DINO_TAXON,Accumulation and Elimination Dynamics of the Hydroxybenzoate Saxitoxin Analogues in Mussels <i>Mytilus galloprovincialis</i> Exposed to the Toxic Marine Dinoflagellate <i>Gymnodinium catenatum</i>.
dino_post2015,STX_DOC_000238,2018.0,dinoflagellate,dinoflagellate_stx,gymnodinium,DINO_TAXON,Accumulation and Elimination Dynamics of the Hydroxybenzoate Saxitoxin Analogues in Mussels <i>Mytilus galloprovincialis</i> Exposed to the Toxic Marine Dinoflagellate <i>Gymnodinium catenatum</i>.
dino_post2015,STX_DOC_000238,2018.0,dinoflagellate,dinoflagellate_stx,gymnodinium catenatum,DINO_TAXON,Accumulation and Elimination Dynamics of the Hydroxybenzoate Saxitoxin Analogues in Mussels <i>Mytilus galloprovincialis</i> Exposed to the Toxic Marine Dinoflagellate <i>Gymnodinium catenatum</i>.
dino_post2015,STX_DOC_000239,2017.0,dinoflagellate,dinoflagellate_stx,saxitoxin,TOXIN,Rapid and Sensitive ELISA Screening Assay for Several Paralytic Shellfish Toxins in Human Urine.
dino_post2015,STX_DOC_000239,2017.0,dinoflagellate,dinoflagellate_stx,neosaxitoxin,TOXIN,Rapid and Sensitive ELISA Screening Assay for Several Paralytic Shellfish Toxins in Human Urine.
dino_post2015,STX_DOC_000239,2017.0,dinoflagellate,dinoflagellate_stx,gonyautoxin,TOXIN,Rapid and Sensitive ELISA Screening Assay for Several Paralytic Shellfish Toxins in Human Urine.
dino_post2015,STX_DOC_000239,2017.0,dinoflagellate,dinoflagellate_stx,paralytic shellfish toxins,TOXIN,Rapid and Sensitive ELISA Screening Assay for Several Paralytic Shellfish Toxins in Human Urine.
dino_post2015,STX_DOC_000239,2017.0,dinoflagellate,dinoflagellate_stx,paralytic shellfish poisoning,TOXIN,Rapid and Sensitive ELISA Screening Assay for Several Paralytic Shellfish Toxins in Human Urine.
dino_post2015,STX_DOC_000239,2017.0,dinoflagellate,dinoflagellate_stx,dinoflagellates,DINO_TAXON,Rapid and Sensitive ELISA Screening Assay for Several Paralytic Shellfish Toxins in Human Urine.
dino_post2015,STX_DOC_000239,2017.0,dinoflagellate,dinoflagellate_stx,elisa,DETECTION_METHOD,Rapid and Sensitive ELISA Screening Assay for Several Paralytic Shellfish Toxins in Human Urine.
dino_post2015,STX_DOC_000240,2017.0,dinoflagellate,high_confidence_stx_biosynthesis,saxitoxin,TOXIN,Predator cues reduce intraspecific trait variability in a marine dinoflagellate.
dino_post2015,STX_DOC_000240,2017.0,dinoflagellate,high_confidence_stx_biosynthesis,paralytic shellfish toxin,TOXIN,Predator cues reduce intraspecific trait variability in a marine dinoflagellate.
dino_post2015,STX_DOC_000240,2017.0,dinoflagellate,high_confidence_stx_biosynthesis,sxta,SXT_GENE,Predator cues reduce intraspecific trait variability in a marine dinoflagellate.
dino_post2015,STX_DOC_000240,2017.0,dinoflagellate,high_confidence_stx_biosynthesis,dinoflagellate,DINO_TAXON,Predator cues reduce intraspecific trait variability in a marine dinoflagellate.
dino_post2015,STX_DOC_000240,2017.0,dinoflagellate,high_confidence_stx_biosynthesis,alexandrium,DINO_TAXON,Predator cues reduce intraspecific trait variability in a marine dinoflagellate.
dino_post2015,STX_DOC_000240,2017.0,dinoflagellate,high_confidence_stx_biosynthesis,alexandrium fundyense,DINO_TAXON,Predator cues reduce intraspecific trait variability in a marine dinoflagellate.
dino_post2015,STX_DOC_000240,2017.0,dinoflagellate,high_confidence_stx_biosynthesis,biosynthesis,BIOLOGICAL_PROCESS,Predator cues reduce intraspecific trait variability in a marine dinoflagellate.
dino_post2015,STX_DOC_000240,2017.0,dinoflagellate,high_confidence_stx_biosynthesis,toxin biosynthesis,BIOLOGICAL_PROCESS,Predator cues reduce intraspecific trait variability in a marine dinoflagellate.
dino_post2015,STX_DOC_000240,2017.0,dinoflagellate,high_confidence_stx_biosynthesis,expression,BIOLOGICAL_PROCESS,Predator cues reduce intraspecific trait variability in a marine dinoflagellate.
dino_post2015,STX_DOC_000241,2017.0,dinoflagellate,high_confidence_stx_biosynthesis,saxitoxin,TOXIN,"Predator cues reduce intraspecific trait variability in a marine dinoflagellate, link to supplementary material in Excel format"
dino_post2015,STX_DOC_000241,2017.0,dinoflagellate,high_confidence_stx_biosynthesis,paralytic shellfish toxin,TOXIN,"Predator cues reduce intraspecific trait variability in a marine dinoflagellate, link to supplementary material in Excel format"
dino_post2015,STX_DOC_000241,2017.0,dinoflagellate,high_confidence_stx_biosynthesis,sxta,SXT_GENE,"Predator cues reduce intraspecific trait variability in a marine dinoflagellate, link to supplementary material in Excel format"
dino_post2015,STX_DOC_000241,2017.0,dinoflagellate,high_confidence_stx_biosynthesis,dinoflagellate,DINO_TAXON,"Predator cues reduce intraspecific trait variability in a marine dinoflagellate, link to supplementary material in Excel format"
dino_post2015,STX_DOC_000241,2017.0,dinoflagellate,high_confidence_stx_biosynthesis,alexandrium,DINO_TAXON,"Predator cues reduce intraspecific trait variability in a marine dinoflagellate, link to supplementary material in Excel format"
dino_post2015,STX_DOC_000241,2017.0,dinoflagellate,high_confidence_stx_biosynthesis,alexandrium fundyense,DINO_TAXON,"Predator cues reduce intraspecific trait variability in a marine dinoflagellate, link to supplementary material in Excel format"
dino_post2015,STX_DOC_000241,2017.0,dinoflagellate,high_confidence_stx_biosynthesis,biosynthesis,BIOLOGICAL_PROCESS,"Predator cues reduce intraspecific trait variability in a marine dinoflagellate, link to supplementary material in Excel format"
dino_post2015,STX_DOC_000241,2017.0,dinoflagellate,high_confidence_stx_biosynthesis,toxin biosynthesis,BIOLOGICAL_PROCESS,"Predator cues reduce intraspecific trait variability in a marine dinoflagellate, link to supplementary material in Excel format"
dino_post2015,STX_DOC_000241,2017.0,dinoflagellate,high_confidence_stx_biosynthesis,expression,BIOLOGICAL_PROCESS,"Predator cues reduce intraspecific trait variability in a marine dinoflagellate, link to supplementary material in Excel format"
dino_post2015,STX_DOC_000242,2017.0,cross_taxa,high_confidence_stx_biosynthesis,paralytic shellfish toxins,TOXIN,Whole Transcriptomic Analysis Provides Insights into Molecular Mechanisms for Toxin Biosynthesis in a Toxic Dinoflagellate Alexandrium catenella (ACHK-T).
dino_post2015,STX_DOC_000242,2017.0,cross_taxa,high_confidence_stx_biosynthesis,psts,TOXIN,Whole Transcriptomic Analysis Provides Insights into Molecular Mechanisms for Toxin Biosynthesis in a Toxic Dinoflagellate Alexandrium catenella (ACHK-T).
dino_post2015,STX_DOC_000242,2017.0,cross_taxa,high_confidence_stx_biosynthesis,dinoflagellate,DINO_TAXON,Whole Transcriptomic Analysis Provides Insights into Molecular Mechanisms for Toxin Biosynthesis in a Toxic Dinoflagellate Alexandrium catenella (ACHK-T).
dino_post2015,STX_DOC_000242,2017.0,cross_taxa,high_confidence_stx_biosynthesis,dinoflagellates,DINO_TAXON,Whole Transcriptomic Analysis Provides Insights into Molecular Mechanisms for Toxin Biosynthesis in a Toxic Dinoflagellate Alexandrium catenella (ACHK-T).
dino_post2015,STX_DOC_000242,2017.0,cross_taxa,high_confidence_stx_biosynthesis,alexandrium,DINO_TAXON,Whole Transcriptomic Analysis Provides Insights into Molecular Mechanisms for Toxin Biosynthesis in a Toxic Dinoflagellate Alexandrium catenella (ACHK-T).
dino_post2015,STX_DOC_000242,2017.0,cross_taxa,high_confidence_stx_biosynthesis,alexandrium catenella,DINO_TAXON,Whole Transcriptomic Analysis Provides Insights into Molecular Mechanisms for Toxin Biosynthesis in a Toxic Dinoflagellate Alexandrium catenella (ACHK-T).
dino_post2015,STX_DOC_000242,2017.0,cross_taxa,high_confidence_stx_biosynthesis,cyanobacteria,CYANO_TAXON,Whole Transcriptomic Analysis Provides Insights into Molecular Mechanisms for Toxin Biosynthesis in a Toxic Dinoflagellate Alexandrium catenella (ACHK-T).
dino_post2015,STX_DOC_000242,2017.0,cross_taxa,high_confidence_stx_biosynthesis,biosynthesis,BIOLOGICAL_PROCESS,Whole Transcriptomic Analysis Provides Insights into Molecular Mechanisms for Toxin Biosynthesis in a Toxic Dinoflagellate Alexandrium catenella (ACHK-T).
dino_post2015,STX_DOC_000242,2017.0,cross_taxa,high_confidence_stx_biosynthesis,toxin biosynthesis,BIOLOGICAL_PROCESS,Whole Transcriptomic Analysis Provides Insights into Molecular Mechanisms for Toxin Biosynthesis in a Toxic Dinoflagellate Alexandrium catenella (ACHK-T).
dino_post2015,STX_DOC_000242,2017.0,cross_taxa,high_confidence_stx_biosynthesis,transcriptome,BIOLOGICAL_PROCESS,Whole Transcriptomic Analysis Provides Insights into Molecular Mechanisms for Toxin Biosynthesis in a Toxic Dinoflagellate Alexandrium catenella (ACHK-T).
dino_post2015,STX_DOC_000242,2017.0,cross_taxa,high_confidence_stx_biosynthesis,transcriptomic,BIOLOGICAL_PROCESS,Whole Transcriptomic Analysis Provides Insights into Molecular Mechanisms for Toxin Biosynthesis in a Toxic Dinoflagellate Alexandrium catenella (ACHK-T).
dino_post2015,STX_DOC_000243,2016.0,dinoflagellate,dinoflagellate_stx,paralytic shellfish toxin,TOXIN,"Paralytic shellfish toxin production by the dinoflagellate Alexandrium pacificum (Chinhae Bay, Korea) in axenic, nutrient-limited chemostat cultures and nutrient-enriched batch cultures."
dino_post2015,STX_DOC_000243,2016.0,dinoflagellate,dinoflagellate_stx,dinoflagellate,DINO_TAXON,"Paralytic shellfish toxin production by the dinoflagellate Alexandrium pacificum (Chinhae Bay, Korea) in axenic, nutrient-limited chemostat cultures and nutrient-enriched batch cultures."
dino_post2015,STX_DOC_000243,2016.0,dinoflagellate,dinoflagellate_stx,alexandrium,DINO_TAXON,"Paralytic shellfish toxin production by the dinoflagellate Alexandrium pacificum (Chinhae Bay, Korea) in axenic, nutrient-limited chemostat cultures and nutrient-enriched batch cultures."
dino_post2015,STX_DOC_000243,2016.0,dinoflagellate,dinoflagellate_stx,alexandrium pacificum,DINO_TAXON,"Paralytic shellfish toxin production by the dinoflagellate Alexandrium pacificum (Chinhae Bay, Korea) in axenic, nutrient-limited chemostat cultures and nutrient-enriched batch cultures."
dino_post2015,STX_DOC_000243,2016.0,dinoflagellate,dinoflagellate_stx,alexandrium tamarense,DINO_TAXON,"Paralytic shellfish toxin production by the dinoflagellate Alexandrium pacificum (Chinhae Bay, Korea) in axenic, nutrient-limited chemostat cultures and nutrient-enriched batch cultures."
dino_post2015,STX_DOC_000243,2016.0,dinoflagellate,dinoflagellate_stx,nitrogen,ENV_FACTOR,"Paralytic shellfish toxin production by the dinoflagellate Alexandrium pacificum (Chinhae Bay, Korea) in axenic, nutrient-limited chemostat cultures and nutrient-enriched batch cultures."
dino_post2015,STX_DOC_000243,2016.0,dinoflagellate,dinoflagellate_stx,phosphate,ENV_FACTOR,"Paralytic shellfish toxin production by the dinoflagellate Alexandrium pacificum (Chinhae Bay, Korea) in axenic, nutrient-limited chemostat cultures and nutrient-enriched batch cultures."
dino_post2015,STX_DOC_000243,2016.0,dinoflagellate,dinoflagellate_stx,nutrient,ENV_FACTOR,"Paralytic shellfish toxin production by the dinoflagellate Alexandrium pacificum (Chinhae Bay, Korea) in axenic, nutrient-limited chemostat cultures and nutrient-enriched batch cultures."
dino_post2015,STX_DOC_000243,2016.0,dinoflagellate,dinoflagellate_stx,biosynthesis,BIOLOGICAL_PROCESS,"Paralytic shellfish toxin production by the dinoflagellate Alexandrium pacificum (Chinhae Bay, Korea) in axenic, nutrient-limited chemostat cultures and nutrient-enriched batch cultures."
dino_post2015,STX_DOC_000243,2016.0,dinoflagellate,dinoflagellate_stx,toxin production,BIOLOGICAL_PROCESS,"Paralytic shellfish toxin production by the dinoflagellate Alexandrium pacificum (Chinhae Bay, Korea) in axenic, nutrient-limited chemostat cultures and nutrient-enriched batch cultures."
dino_post2015,STX_DOC_000244,2016.0,dinoflagellate,high_confidence_stx_biosynthesis,saxitoxin,TOXIN,Molecular Detection of the<i>Sxta</i>Gene from Saxitoxin-Producing<i>Alexandrium minutum</i>in Commercial Oysters
dino_post2015,STX_DOC_000244,2016.0,dinoflagellate,high_confidence_stx_biosynthesis,paralytic shellfish poisoning,TOXIN,Molecular Detection of the<i>Sxta</i>Gene from Saxitoxin-Producing<i>Alexandrium minutum</i>in Commercial Oysters
dino_post2015,STX_DOC_000244,2016.0,dinoflagellate,high_confidence_stx_biosynthesis,sxta,SXT_GENE,Molecular Detection of the<i>Sxta</i>Gene from Saxitoxin-Producing<i>Alexandrium minutum</i>in Commercial Oysters
dino_post2015,STX_DOC_000244,2016.0,dinoflagellate,high_confidence_stx_biosynthesis,dinoflagellate,DINO_TAXON,Molecular Detection of the<i>Sxta</i>Gene from Saxitoxin-Producing<i>Alexandrium minutum</i>in Commercial Oysters
dino_post2015,STX_DOC_000244,2016.0,dinoflagellate,high_confidence_stx_biosynthesis,alexandrium,DINO_TAXON,Molecular Detection of the<i>Sxta</i>Gene from Saxitoxin-Producing<i>Alexandrium minutum</i>in Commercial Oysters
dino_post2015,STX_DOC_000244,2016.0,dinoflagellate,high_confidence_stx_biosynthesis,alexandrium minutum,DINO_TAXON,Molecular Detection of the<i>Sxta</i>Gene from Saxitoxin-Producing<i>Alexandrium minutum</i>in Commercial Oysters
dino_post2015,STX_DOC_000244,2016.0,dinoflagellate,high_confidence_stx_biosynthesis,biosynthesis,BIOLOGICAL_PROCESS,Molecular Detection of the<i>Sxta</i>Gene from Saxitoxin-Producing<i>Alexandrium minutum</i>in Commercial Oysters
dino_post2015,STX_DOC_000244,2016.0,dinoflagellate,high_confidence_stx_biosynthesis,saxitoxin biosynthesis,BIOLOGICAL_PROCESS,Molecular Detection of the<i>Sxta</i>Gene from Saxitoxin-Producing<i>Alexandrium minutum</i>in Commercial Oysters
dino_post2015,STX_DOC_000255,2025.0,dinoflagellate,dinoflagellate_stx,saxitoxin,TOXIN,"Paralytic shellfish toxins and seabirds: evaluating sublethal effects, behavioral responses, and ecological implications of saxitoxin ingestion by common murres (Uria aalge)."
dino_post2015,STX_DOC_000255,2025.0,dinoflagellate,dinoflagellate_stx,stx,TOXIN,"Paralytic shellfish toxins and seabirds: evaluating sublethal effects, behavioral responses, and ecological implications of saxitoxin ingestion by common murres (Uria aalge)."
dino_post2015,STX_DOC_000255,2025.0,dinoflagellate,dinoflagellate_stx,paralytic shellfish toxins,TOXIN,"Paralytic shellfish toxins and seabirds: evaluating sublethal effects, behavioral responses, and ecological implications of saxitoxin ingestion by common murres (Uria aalge)."
dino_post2015,STX_DOC_000255,2025.0,dinoflagellate,dinoflagellate_stx,pst,TOXIN,"Paralytic shellfish toxins and seabirds: evaluating sublethal effects, behavioral responses, and ecological implications of saxitoxin ingestion by common murres (Uria aalge)."
dino_post2015,STX_DOC_000255,2025.0,dinoflagellate,dinoflagellate_stx,psts,TOXIN,"Paralytic shellfish toxins and seabirds: evaluating sublethal effects, behavioral responses, and ecological implications of saxitoxin ingestion by common murres (Uria aalge)."
dino_post2015,STX_DOC_000255,2025.0,dinoflagellate,dinoflagellate_stx,alexandrium,DINO_TAXON,"Paralytic shellfish toxins and seabirds: evaluating sublethal effects, behavioral responses, and ecological implications of saxitoxin ingestion by common murres (Uria aalge)."
dino_post2015,STX_DOC_000255,2025.0,dinoflagellate,dinoflagellate_stx,alexandrium catenella,DINO_TAXON,"Paralytic shellfish toxins and seabirds: evaluating sublethal effects, behavioral responses, and ecological implications of saxitoxin ingestion by common murres (Uria aalge)."
dino_post2015,STX_DOC_000256,2025.0,cross_taxa,dinoflagellate_stx,saxitoxin,TOXIN,Novel Toxin Biosynthetic Gene Cluster in Harmful Algal Bloom-Causing Heteroscytonema crispum: Insights into the Origins of Paralytic Shellfish Toxins.
dino_post2015,STX_DOC_000256,2025.0,cross_taxa,dinoflagellate_stx,paralytic shellfish toxin,TOXIN,Novel Toxin Biosynthetic Gene Cluster in Harmful Algal Bloom-Causing Heteroscytonema crispum: Insights into the Origins of Paralytic Shellfish Toxins.
dino_post2015,STX_DOC_000256,2025.0,cross_taxa,dinoflagellate_stx,paralytic shellfish toxins,TOXIN,Novel Toxin Biosynthetic Gene Cluster in Harmful Algal Bloom-Causing Heteroscytonema crispum: Insights into the Origins of Paralytic Shellfish Toxins.
dino_post2015,STX_DOC_000256,2025.0,cross_taxa,dinoflagellate_stx,dinoflagellates,DINO_TAXON,Novel Toxin Biosynthetic Gene Cluster in Harmful Algal Bloom-Causing Heteroscytonema crispum: Insights into the Origins of Paralytic Shellfish Toxins.
dino_post2015,STX_DOC_000256,2025.0,cross_taxa,dinoflagellate_stx,cyanobacteria,CYANO_TAXON,Novel Toxin Biosynthetic Gene Cluster in Harmful Algal Bloom-Causing Heteroscytonema crispum: Insights into the Origins of Paralytic Shellfish Toxins.
dino_post2015,STX_DOC_000256,2025.0,cross_taxa,dinoflagellate_stx,cyanobacterium,CYANO_TAXON,Novel Toxin Biosynthetic Gene Cluster in Harmful Algal Bloom-Causing Heteroscytonema crispum: Insights into the Origins of Paralytic Shellfish Toxins.
dino_post2015,STX_DOC_000256,2025.0,cross_taxa,dinoflagellate_stx,cyanobacterial,CYANO_TAXON,Novel Toxin Biosynthetic Gene Cluster in Harmful Algal Bloom-Causing Heteroscytonema crispum: Insights into the Origins of Paralytic Shellfish Toxins.
dino_post2015,STX_DOC_000256,2025.0,cross_taxa,dinoflagellate_stx,bloom,ENV_FACTOR,Novel Toxin Biosynthetic Gene Cluster in Harmful Algal Bloom-Causing Heteroscytonema crispum: Insights into the Origins of Paralytic Shellfish Toxins.
dino_post2015,STX_DOC_000256,2025.0,cross_taxa,dinoflagellate_stx,harmful algal bloom,ENV_FACTOR,Novel Toxin Biosynthetic Gene Cluster in Harmful Algal Bloom-Causing Heteroscytonema crispum: Insights into the Origins of Paralytic Shellfish Toxins.
dino_post2015,STX_DOC_000256,2025.0,cross_taxa,dinoflagellate_stx,phylogenetic,BIOLOGICAL_PROCESS,Novel Toxin Biosynthetic Gene Cluster in Harmful Algal Bloom-Causing Heteroscytonema crispum: Insights into the Origins of Paralytic Shellfish Toxins.
dino_post2015,STX_DOC_000256,2025.0,cross_taxa,dinoflagellate_stx,horizontal gene transfer,BIOLOGICAL_PROCESS,Novel Toxin Biosynthetic Gene Cluster in Harmful Algal Bloom-Causing Heteroscytonema crispum: Insights into the Origins of Paralytic Shellfish Toxins.
dino_post2015,STX_DOC_000256,2025.0,cross_taxa,dinoflagellate_stx,toxin production,BIOLOGICAL_PROCESS,Novel Toxin Biosynthetic Gene Cluster in Harmful Algal Bloom-Causing Heteroscytonema crispum: Insights into the Origins of Paralytic Shellfish Toxins.
dino_post2015,STX_DOC_000257,2025.0,cross_taxa,dinoflagellate_stx,saxitoxin,TOXIN,"Saxitoxin: A Comprehensive Review of Its History, Structure, Toxicology, Biosynthesis, Detection, and Preventive Implications."
dino_post2015,STX_DOC_000257,2025.0,cross_taxa,dinoflagellate_stx,stx,TOXIN,"Saxitoxin: A Comprehensive Review of Its History, Structure, Toxicology, Biosynthesis, Detection, and Preventive Implications."
dino_post2015,STX_DOC_000257,2025.0,cross_taxa,dinoflagellate_stx,paralytic shellfish toxins,TOXIN,"Saxitoxin: A Comprehensive Review of Its History, Structure, Toxicology, Biosynthesis, Detection, and Preventive Implications."
dino_post2015,STX_DOC_000257,2025.0,cross_taxa,dinoflagellate_stx,psts,TOXIN,"Saxitoxin: A Comprehensive Review of Its History, Structure, Toxicology, Biosynthesis, Detection, and Preventive Implications."
dino_post2015,STX_DOC_000257,2025.0,cross_taxa,dinoflagellate_stx,paralytic shellfish poisoning,TOXIN,"Saxitoxin: A Comprehensive Review of Its History, Structure, Toxicology, Biosynthesis, Detection, and Preventive Implications."
dino_post2015,STX_DOC_000257,2025.0,cross_taxa,dinoflagellate_stx,dinoflagellates,DINO_TAXON,"Saxitoxin: A Comprehensive Review of Its History, Structure, Toxicology, Biosynthesis, Detection, and Preventive Implications."
dino_post2015,STX_DOC_000257,2025.0,cross_taxa,dinoflagellate_stx,cyanobacteria,CYANO_TAXON,"Saxitoxin: A Comprehensive Review of Its History, Structure, Toxicology, Biosynthesis, Detection, and Preventive Implications."
dino_post2015,STX_DOC_000257,2025.0,cross_taxa,dinoflagellate_stx,biosynthesis,BIOLOGICAL_PROCESS,"Saxitoxin: A Comprehensive Review of Its History, Structure, Toxicology, Biosynthesis, Detection, and Preventive Implications."
dino_post2015,STX_DOC_000257,2025.0,cross_taxa,dinoflagellate_stx,toxicity,BIOLOGICAL_PROCESS,"Saxitoxin: A Comprehensive Review of Its History, Structure, Toxicology, Biosynthesis, Detection, and Preventive Implications."
dino_post2015,STX_DOC_000258,2024.0,dinoflagellate,high_confidence_stx_biosynthesis,saxitoxin,TOXIN,Promoter regions of sxtA and sxtG reveal relationship between saxitoxin biosynthesis and photosynthesis in toxic Alexandrium catenella
dino_post2015,STX_DOC_000258,2024.0,dinoflagellate,high_confidence_stx_biosynthesis,sxta,SXT_GENE,Promoter regions of sxtA and sxtG reveal relationship between saxitoxin biosynthesis and photosynthesis in toxic Alexandrium catenella
dino_post2015,STX_DOC_000258,2024.0,dinoflagellate,high_confidence_stx_biosynthesis,sxtg,SXT_GENE,Promoter regions of sxtA and sxtG reveal relationship between saxitoxin biosynthesis and photosynthesis in toxic Alexandrium catenella
dino_post2015,STX_DOC_000258,2024.0,dinoflagellate,high_confidence_stx_biosynthesis,alexandrium,DINO_TAXON,Promoter regions of sxtA and sxtG reveal relationship between saxitoxin biosynthesis and photosynthesis in toxic Alexandrium catenella
dino_post2015,STX_DOC_000258,2024.0,dinoflagellate,high_confidence_stx_biosynthesis,alexandrium catenella,DINO_TAXON,Promoter regions of sxtA and sxtG reveal relationship between saxitoxin biosynthesis and photosynthesis in toxic Alexandrium catenella
dino_post2015,STX_DOC_000258,2024.0,dinoflagellate,high_confidence_stx_biosynthesis,biosynthesis,BIOLOGICAL_PROCESS,Promoter regions of sxtA and sxtG reveal relationship between saxitoxin biosynthesis and photosynthesis in toxic Alexandrium catenella
dino_post2015,STX_DOC_000258,2024.0,dinoflagellate,high_confidence_stx_biosynthesis,saxitoxin biosynthesis,BIOLOGICAL_PROCESS,Promoter regions of sxtA and sxtG reveal relationship between saxitoxin biosynthesis and photosynthesis in toxic Alexandrium catenella
dino_post2015,STX_DOC_000260,2023.0,dinoflagellate,dinoflagellate_stx,saxitoxin,TOXIN,Saxitoxin hazard! Detection of toxic algae in molluscs breeding areas in North-Western Adriatic Sea
dino_post2015,STX_DOC_000260,2023.0,dinoflagellate,dinoflagellate_stx,stx,TOXIN,Saxitoxin hazard! Detection of toxic algae in molluscs breeding areas in North-Western Adriatic Sea
dino_post2015,STX_DOC_000260,2023.0,dinoflagellate,dinoflagellate_stx,paralytic shellfish poisoning,TOXIN,Saxitoxin hazard! Detection of toxic algae in molluscs breeding areas in North-Western Adriatic Sea
dino_post2015,STX_DOC_000260,2023.0,dinoflagellate,dinoflagellate_stx,dinoflagellates,DINO_TAXON,Saxitoxin hazard! Detection of toxic algae in molluscs breeding areas in North-Western Adriatic Sea
dino_post2015,STX_DOC_000260,2023.0,dinoflagellate,dinoflagellate_stx,alexandrium,DINO_TAXON,Saxitoxin hazard! Detection of toxic algae in molluscs breeding areas in North-Western Adriatic Sea
dino_post2015,STX_DOC_000260,2023.0,dinoflagellate,dinoflagellate_stx,alexandrium minutum,DINO_TAXON,Saxitoxin hazard! Detection of toxic algae in molluscs breeding areas in North-Western Adriatic Sea
dino_post2015,STX_DOC_000260,2023.0,dinoflagellate,dinoflagellate_stx,gymnodinium,DINO_TAXON,Saxitoxin hazard! Detection of toxic algae in molluscs breeding areas in North-Western Adriatic Sea
dino_post2015,STX_DOC_000260,2023.0,dinoflagellate,dinoflagellate_stx,gymnodinium catenatum,DINO_TAXON,Saxitoxin hazard! Detection of toxic algae in molluscs breeding areas in North-Western Adriatic Sea
dino_post2015,STX_DOC_000263,2021.0,dinoflagellate,dinoflagellate_stx,saxitoxin,TOXIN,Mitigation of harmful algal blooms caused by Alexandrium catenella and reduction in saxitoxin accumulation in bivalves using cultivable seaweeds.
dino_post2015,STX_DOC_000263,2021.0,dinoflagellate,dinoflagellate_stx,stx,TOXIN,Mitigation of harmful algal blooms caused by Alexandrium catenella and reduction in saxitoxin accumulation in bivalves using cultivable seaweeds.
dino_post2015,STX_DOC_000263,2021.0,dinoflagellate,dinoflagellate_stx,paralytic shellfish toxins,TOXIN,Mitigation of harmful algal blooms caused by Alexandrium catenella and reduction in saxitoxin accumulation in bivalves using cultivable seaweeds.
dino_post2015,STX_DOC_000263,2021.0,dinoflagellate,dinoflagellate_stx,dinoflagellate,DINO_TAXON,Mitigation of harmful algal blooms caused by Alexandrium catenella and reduction in saxitoxin accumulation in bivalves using cultivable seaweeds.
dino_post2015,STX_DOC_000263,2021.0,dinoflagellate,dinoflagellate_stx,alexandrium,DINO_TAXON,Mitigation of harmful algal blooms caused by Alexandrium catenella and reduction in saxitoxin accumulation in bivalves using cultivable seaweeds.
dino_post2015,STX_DOC_000263,2021.0,dinoflagellate,dinoflagellate_stx,alexandrium catenella,DINO_TAXON,Mitigation of harmful algal blooms caused by Alexandrium catenella and reduction in saxitoxin accumulation in bivalves using cultivable seaweeds.
dino_post2015,STX_DOC_000263,2021.0,dinoflagellate,dinoflagellate_stx,nutrient,ENV_FACTOR,Mitigation of harmful algal blooms caused by Alexandrium catenella and reduction in saxitoxin accumulation in bivalves using cultivable seaweeds.
dino_post2015,STX_DOC_000263,2021.0,dinoflagellate,dinoflagellate_stx,bloom,ENV_FACTOR,Mitigation of harmful algal blooms caused by Alexandrium catenella and reduction in saxitoxin accumulation in bivalves using cultivable seaweeds.
dino_post2015,STX_DOC_000263,2021.0,dinoflagellate,dinoflagellate_stx,harmful algal bloom,ENV_FACTOR,Mitigation of harmful algal blooms caused by Alexandrium catenella and reduction in saxitoxin accumulation in bivalves using cultivable seaweeds.
dino_post2015,STX_DOC_000264,2021.0,dinoflagellate,dinoflagellate_stx,paralytic shellfish poisoning,TOXIN,Latitudinal Variation in the Toxicity and Sexual Compatibility of <i>Alexandrium catenella</i> Strains from Southern Chile.
dino_post2015,STX_DOC_000264,2021.0,dinoflagellate,dinoflagellate_stx,dinoflagellate,DINO_TAXON,Latitudinal Variation in the Toxicity and Sexual Compatibility of <i>Alexandrium catenella</i> Strains from Southern Chile.
dino_post2015,STX_DOC_000264,2021.0,dinoflagellate,dinoflagellate_stx,alexandrium,DINO_TAXON,Latitudinal Variation in the Toxicity and Sexual Compatibility of <i>Alexandrium catenella</i> Strains from Southern Chile.
dino_post2015,STX_DOC_000264,2021.0,dinoflagellate,dinoflagellate_stx,alexandrium catenella,DINO_TAXON,Latitudinal Variation in the Toxicity and Sexual Compatibility of <i>Alexandrium catenella</i> Strains from Southern Chile.
dino_post2015,STX_DOC_000264,2021.0,dinoflagellate,dinoflagellate_stx,bloom,ENV_FACTOR,Latitudinal Variation in the Toxicity and Sexual Compatibility of <i>Alexandrium catenella</i> Strains from Southern Chile.
dino_post2015,STX_DOC_000264,2021.0,dinoflagellate,dinoflagellate_stx,toxicity,BIOLOGICAL_PROCESS,Latitudinal Variation in the Toxicity and Sexual Compatibility of <i>Alexandrium catenella</i> Strains from Southern Chile.
dino_post2015,STX_DOC_000267,2019.0,dinoflagellate,dinoflagellate_stx,saxitoxin,TOXIN,Metabolomic study of saxitoxin analogues and biosynthetic intermediates in dinoflagellates using <sup>15</sup>N-labelled sodium nitrate as a nitrogen source.
dino_post2015,STX_DOC_000267,2019.0,dinoflagellate,dinoflagellate_stx,stx,TOXIN,Metabolomic study of saxitoxin analogues and biosynthetic intermediates in dinoflagellates using <sup>15</sup>N-labelled sodium nitrate as a nitrogen source.
dino_post2015,STX_DOC_000267,2019.0,dinoflagellate,dinoflagellate_stx,dinoflagellate,DINO_TAXON,Metabolomic study of saxitoxin analogues and biosynthetic intermediates in dinoflagellates using <sup>15</sup>N-labelled sodium nitrate as a nitrogen source.
dino_post2015,STX_DOC_000267,2019.0,dinoflagellate,dinoflagellate_stx,dinoflagellates,DINO_TAXON,Metabolomic study of saxitoxin analogues and biosynthetic intermediates in dinoflagellates using <sup>15</sup>N-labelled sodium nitrate as a nitrogen source.
dino_post2015,STX_DOC_000267,2019.0,dinoflagellate,dinoflagellate_stx,alexandrium,DINO_TAXON,Metabolomic study of saxitoxin analogues and biosynthetic intermediates in dinoflagellates using <sup>15</sup>N-labelled sodium nitrate as a nitrogen source.
dino_post2015,STX_DOC_000267,2019.0,dinoflagellate,dinoflagellate_stx,alexandrium catenella,DINO_TAXON,Metabolomic study of saxitoxin analogues and biosynthetic intermediates in dinoflagellates using <sup>15</sup>N-labelled sodium nitrate as a nitrogen source.
dino_post2015,STX_DOC_000267,2019.0,dinoflagellate,dinoflagellate_stx,nitrogen,ENV_FACTOR,Metabolomic study of saxitoxin analogues and biosynthetic intermediates in dinoflagellates using <sup>15</sup>N-labelled sodium nitrate as a nitrogen source.
dino_post2015,STX_DOC_000267,2019.0,dinoflagellate,dinoflagellate_stx,nitrate,ENV_FACTOR,Metabolomic study of saxitoxin analogues and biosynthetic intermediates in dinoflagellates using <sup>15</sup>N-labelled sodium nitrate as a nitrogen source.
dino_post2015,STX_DOC_000267,2019.0,dinoflagellate,dinoflagellate_stx,mass spectrometry,DETECTION_METHOD,Metabolomic study of saxitoxin analogues and biosynthetic intermediates in dinoflagellates using <sup>15</sup>N-labelled sodium nitrate as a nitrogen source.
dino_post2015,STX_DOC_000268,2019.0,dinoflagellate,dinoflagellate_stx,saxitoxin,TOXIN,Pyrodinium bahamense One the Most Significant Harmful Dinoflagellate in Mexico
dino_post2015,STX_DOC_000268,2019.0,dinoflagellate,dinoflagellate_stx,stx,TOXIN,Pyrodinium bahamense One the Most Significant Harmful Dinoflagellate in Mexico
dino_post2015,STX_DOC_000268,2019.0,dinoflagellate,dinoflagellate_stx,paralytic shellfish poisoning,TOXIN,Pyrodinium bahamense One the Most Significant Harmful Dinoflagellate in Mexico
dino_post2015,STX_DOC_000268,2019.0,dinoflagellate,dinoflagellate_stx,dinoflagellate,DINO_TAXON,Pyrodinium bahamense One the Most Significant Harmful Dinoflagellate in Mexico
dino_post2015,STX_DOC_000268,2019.0,dinoflagellate,dinoflagellate_stx,pyrodinium,DINO_TAXON,Pyrodinium bahamense One the Most Significant Harmful Dinoflagellate in Mexico
dino_post2015,STX_DOC_000268,2019.0,dinoflagellate,dinoflagellate_stx,pyrodinium bahamense,DINO_TAXON,Pyrodinium bahamense One the Most Significant Harmful Dinoflagellate in Mexico
dino_post2015,STX_DOC_000268,2019.0,dinoflagellate,dinoflagellate_stx,bloom,ENV_FACTOR,Pyrodinium bahamense One the Most Significant Harmful Dinoflagellate in Mexico
dino_post2015,STX_DOC_000268,2019.0,dinoflagellate,dinoflagellate_stx,toxicity,BIOLOGICAL_PROCESS,Pyrodinium bahamense One the Most Significant Harmful Dinoflagellate in Mexico
dino_post2015,STX_DOC_000269,2019.0,dinoflagellate,dinoflagellate_stx,saxitoxin,TOXIN,Paralytic Toxin Producing Dinoflagellates in Latin America: Ecology and Physiology
dino_post2015,STX_DOC_000269,2019.0,dinoflagellate,dinoflagellate_stx,paralytic shellfish poisoning,TOXIN,Paralytic Toxin Producing Dinoflagellates in Latin America: Ecology and Physiology
dino_post2015,STX_DOC_000269,2019.0,dinoflagellate,dinoflagellate_stx,dinoflagellates,DINO_TAXON,Paralytic Toxin Producing Dinoflagellates in Latin America: Ecology and Physiology
dino_post2015,STX_DOC_000269,2019.0,dinoflagellate,dinoflagellate_stx,alexandrium,DINO_TAXON,Paralytic Toxin Producing Dinoflagellates in Latin America: Ecology and Physiology
dino_post2015,STX_DOC_000269,2019.0,dinoflagellate,dinoflagellate_stx,gymnodinium,DINO_TAXON,Paralytic Toxin Producing Dinoflagellates in Latin America: Ecology and Physiology
dino_post2015,STX_DOC_000269,2019.0,dinoflagellate,dinoflagellate_stx,gymnodinium catenatum,DINO_TAXON,Paralytic Toxin Producing Dinoflagellates in Latin America: Ecology and Physiology
dino_post2015,STX_DOC_000269,2019.0,dinoflagellate,dinoflagellate_stx,pyrodinium,DINO_TAXON,Paralytic Toxin Producing Dinoflagellates in Latin America: Ecology and Physiology
dino_post2015,STX_DOC_000269,2019.0,dinoflagellate,dinoflagellate_stx,pyrodinium bahamense,DINO_TAXON,Paralytic Toxin Producing Dinoflagellates in Latin America: Ecology and Physiology
dino_post2015,STX_DOC_000269,2019.0,dinoflagellate,dinoflagellate_stx,bloom,ENV_FACTOR,Paralytic Toxin Producing Dinoflagellates in Latin America: Ecology and Physiology
dino_post2015,STX_DOC_000269,2019.0,dinoflagellate,dinoflagellate_stx,toxicity,BIOLOGICAL_PROCESS,Paralytic Toxin Producing Dinoflagellates in Latin America: Ecology and Physiology
dino_post2015,STX_DOC_000271,2017.0,cross_taxa,dinoflagellate_stx,gonyautoxin,TOXIN,Differential Mobility Spectrometry for Improved Selectivity in Hydrophilic Interaction Liquid Chromatography-Tandem Mass Spectrometry Analysis of Paralytic Shellfish Toxins.
dino_post2015,STX_DOC_000271,2017.0,cross_taxa,dinoflagellate_stx,paralytic shellfish toxins,TOXIN,Differential Mobility Spectrometry for Improved Selectivity in Hydrophilic Interaction Liquid Chromatography-Tandem Mass Spectrometry Analysis of Paralytic Shellfish Toxins.
dino_post2015,STX_DOC_000271,2017.0,cross_taxa,dinoflagellate_stx,pst,TOXIN,Differential Mobility Spectrometry for Improved Selectivity in Hydrophilic Interaction Liquid Chromatography-Tandem Mass Spectrometry Analysis of Paralytic Shellfish Toxins.
dino_post2015,STX_DOC_000271,2017.0,cross_taxa,dinoflagellate_stx,psts,TOXIN,Differential Mobility Spectrometry for Improved Selectivity in Hydrophilic Interaction Liquid Chromatography-Tandem Mass Spectrometry Analysis of Paralytic Shellfish Toxins.
dino_post2015,STX_DOC_000271,2017.0,cross_taxa,dinoflagellate_stx,paralytic shellfish poisoning,TOXIN,Differential Mobility Spectrometry for Improved Selectivity in Hydrophilic Interaction Liquid Chromatography-Tandem Mass Spectrometry Analysis of Paralytic Shellfish Toxins.
dino_post2015,STX_DOC_000271,2017.0,cross_taxa,dinoflagellate_stx,dinoflagellates,DINO_TAXON,Differential Mobility Spectrometry for Improved Selectivity in Hydrophilic Interaction Liquid Chromatography-Tandem Mass Spectrometry Analysis of Paralytic Shellfish Toxins.
dino_post2015,STX_DOC_000271,2017.0,cross_taxa,dinoflagellate_stx,cyanobacteria,CYANO_TAXON,Differential Mobility Spectrometry for Improved Selectivity in Hydrophilic Interaction Liquid Chromatography-Tandem Mass Spectrometry Analysis of Paralytic Shellfish Toxins.
dino_post2015,STX_DOC_000271,2017.0,cross_taxa,dinoflagellate_stx,lc-ms,DETECTION_METHOD,Differential Mobility Spectrometry for Improved Selectivity in Hydrophilic Interaction Liquid Chromatography-Tandem Mass Spectrometry Analysis of Paralytic Shellfish Toxins.
dino_post2015,STX_DOC_000271,2017.0,cross_taxa,dinoflagellate_stx,lc-ms/ms,DETECTION_METHOD,Differential Mobility Spectrometry for Improved Selectivity in Hydrophilic Interaction Liquid Chromatography-Tandem Mass Spectrometry Analysis of Paralytic Shellfish Toxins.
dino_post2015,STX_DOC_000271,2017.0,cross_taxa,dinoflagellate_stx,mass spectrometry,DETECTION_METHOD,Differential Mobility Spectrometry for Improved Selectivity in Hydrophilic Interaction Liquid Chromatography-Tandem Mass Spectrometry Analysis of Paralytic Shellfish Toxins.
dino_post2015,STX_DOC_000273,2016.0,cross_taxa,dinoflagellate_stx,saxitoxin,TOXIN,"Column switching combined with hydrophilic interaction chromatography-tandem mass spectrometry for the analysis of saxitoxin analogues, and their biosynthetic intermediates in dinoflagellates."
dino_post2015,STX_DOC_000273,2016.0,cross_taxa,dinoflagellate_stx,stx,TOXIN,"Column switching combined with hydrophilic interaction chromatography-tandem mass spectrometry for the analysis of saxitoxin analogues, and their biosynthetic intermediates in dinoflagellates."
dino_post2015,STX_DOC_000273,2016.0,cross_taxa,dinoflagellate_stx,paralytic shellfish toxins,TOXIN,"Column switching combined with hydrophilic interaction chromatography-tandem mass spectrometry for the analysis of saxitoxin analogues, and their biosynthetic intermediates in dinoflagellates."
dino_post2015,STX_DOC_000273,2016.0,cross_taxa,dinoflagellate_stx,dinoflagellate,DINO_TAXON,"Column switching combined with hydrophilic interaction chromatography-tandem mass spectrometry for the analysis of saxitoxin analogues, and their biosynthetic intermediates in dinoflagellates."
dino_post2015,STX_DOC_000273,2016.0,cross_taxa,dinoflagellate_stx,dinoflagellates,DINO_TAXON,"Column switching combined with hydrophilic interaction chromatography-tandem mass spectrometry for the analysis of saxitoxin analogues, and their biosynthetic intermediates in dinoflagellates."
dino_post2015,STX_DOC_000273,2016.0,cross_taxa,dinoflagellate_stx,alexandrium,DINO_TAXON,"Column switching combined with hydrophilic interaction chromatography-tandem mass spectrometry for the analysis of saxitoxin analogues, and their biosynthetic intermediates in dinoflagellates."
dino_post2015,STX_DOC_000273,2016.0,cross_taxa,dinoflagellate_stx,alexandrium tamarense,DINO_TAXON,"Column switching combined with hydrophilic interaction chromatography-tandem mass spectrometry for the analysis of saxitoxin analogues, and their biosynthetic intermediates in dinoflagellates."
dino_post2015,STX_DOC_000273,2016.0,cross_taxa,dinoflagellate_stx,cyanobacteria,CYANO_TAXON,"Column switching combined with hydrophilic interaction chromatography-tandem mass spectrometry for the analysis of saxitoxin analogues, and their biosynthetic intermediates in dinoflagellates."
dino_post2015,STX_DOC_000273,2016.0,cross_taxa,dinoflagellate_stx,biosynthesis,BIOLOGICAL_PROCESS,"Column switching combined with hydrophilic interaction chromatography-tandem mass spectrometry for the analysis of saxitoxin analogues, and their biosynthetic intermediates in dinoflagellates."
dino_post2015,STX_DOC_000273,2016.0,cross_taxa,dinoflagellate_stx,hplc,DETECTION_METHOD,"Column switching combined with hydrophilic interaction chromatography-tandem mass spectrometry for the analysis of saxitoxin analogues, and their biosynthetic intermediates in dinoflagellates."
dino_post2015,STX_DOC_000273,2016.0,cross_taxa,dinoflagellate_stx,mass spectrometry,DETECTION_METHOD,"Column switching combined with hydrophilic interaction chromatography-tandem mass spectrometry for the analysis of saxitoxin analogues, and their biosynthetic intermediates in dinoflagellates."
dino_post2015,STX_DOC_000304,2024.0,dinoflagellate,dinoflagellate_stx,paralytic shellfish toxin,TOXIN,Assessing methods for detecting Alexandrium catenella (Dinophyceae) and paralytic shellfish toxins in Southeast Alaska.
dino_post2015,STX_DOC_000304,2024.0,dinoflagellate,dinoflagellate_stx,paralytic shellfish toxins,TOXIN,Assessing methods for detecting Alexandrium catenella (Dinophyceae) and paralytic shellfish toxins in Southeast Alaska.
dino_post2015,STX_DOC_000304,2024.0,dinoflagellate,dinoflagellate_stx,pst,TOXIN,Assessing methods for detecting Alexandrium catenella (Dinophyceae) and paralytic shellfish toxins in Southeast Alaska.
dino_post2015,STX_DOC_000304,2024.0,dinoflagellate,dinoflagellate_stx,psts,TOXIN,Assessing methods for detecting Alexandrium catenella (Dinophyceae) and paralytic shellfish toxins in Southeast Alaska.
dino_post2015,STX_DOC_000304,2024.0,dinoflagellate,dinoflagellate_stx,alexandrium,DINO_TAXON,Assessing methods for detecting Alexandrium catenella (Dinophyceae) and paralytic shellfish toxins in Southeast Alaska.
dino_post2015,STX_DOC_000304,2024.0,dinoflagellate,dinoflagellate_stx,alexandrium catenella,DINO_TAXON,Assessing methods for detecting Alexandrium catenella (Dinophyceae) and paralytic shellfish toxins in Southeast Alaska.
dino_post2015,STX_DOC_000304,2024.0,dinoflagellate,dinoflagellate_stx,bloom,ENV_FACTOR,Assessing methods for detecting Alexandrium catenella (Dinophyceae) and paralytic shellfish toxins in Southeast Alaska.
dino_post2015,STX_DOC_000304,2024.0,dinoflagellate,dinoflagellate_stx,mouse bioassay,DETECTION_METHOD,Assessing methods for detecting Alexandrium catenella (Dinophyceae) and paralytic shellfish toxins in Southeast Alaska.
dino_post2015,STX_DOC_000305,2024.0,cross_taxa,high_confidence_stx_biosynthesis,saxitoxin,TOXIN,"Okeanomitos corallinicola gen. and sp. nov. (Nostocales, Cyanobacteria), a new toxic marine heterocyte-forming Cyanobacterium from a coral reef."
dino_post2015,STX_DOC_000305,2024.0,cross_taxa,high_confidence_stx_biosynthesis,dinoflagellates,DINO_TAXON,"Okeanomitos corallinicola gen. and sp. nov. (Nostocales, Cyanobacteria), a new toxic marine heterocyte-forming Cyanobacterium from a coral reef."
dino_post2015,STX_DOC_000305,2024.0,cross_taxa,high_confidence_stx_biosynthesis,cyanobacteria,CYANO_TAXON,"Okeanomitos corallinicola gen. and sp. nov. (Nostocales, Cyanobacteria), a new toxic marine heterocyte-forming Cyanobacterium from a coral reef."
dino_post2015,STX_DOC_000305,2024.0,cross_taxa,high_confidence_stx_biosynthesis,cyanobacterium,CYANO_TAXON,"Okeanomitos corallinicola gen. and sp. nov. (Nostocales, Cyanobacteria), a new toxic marine heterocyte-forming Cyanobacterium from a coral reef."
dino_post2015,STX_DOC_000305,2024.0,cross_taxa,high_confidence_stx_biosynthesis,cyanobacterial,CYANO_TAXON,"Okeanomitos corallinicola gen. and sp. nov. (Nostocales, Cyanobacteria), a new toxic marine heterocyte-forming Cyanobacterium from a coral reef."
dino_post2015,STX_DOC_000305,2024.0,cross_taxa,high_confidence_stx_biosynthesis,nutrient,ENV_FACTOR,"Okeanomitos corallinicola gen. and sp. nov. (Nostocales, Cyanobacteria), a new toxic marine heterocyte-forming Cyanobacterium from a coral reef."
dino_post2015,STX_DOC_000305,2024.0,cross_taxa,high_confidence_stx_biosynthesis,climate,ENV_FACTOR,"Okeanomitos corallinicola gen. and sp. nov. (Nostocales, Cyanobacteria), a new toxic marine heterocyte-forming Cyanobacterium from a coral reef."
dino_post2015,STX_DOC_000305,2024.0,cross_taxa,high_confidence_stx_biosynthesis,biosynthesis,BIOLOGICAL_PROCESS,"Okeanomitos corallinicola gen. and sp. nov. (Nostocales, Cyanobacteria), a new toxic marine heterocyte-forming Cyanobacterium from a coral reef."
dino_post2015,STX_DOC_000305,2024.0,cross_taxa,high_confidence_stx_biosynthesis,saxitoxin biosynthesis,BIOLOGICAL_PROCESS,"Okeanomitos corallinicola gen. and sp. nov. (Nostocales, Cyanobacteria), a new toxic marine heterocyte-forming Cyanobacterium from a coral reef."
dino_post2015,STX_DOC_000305,2024.0,cross_taxa,high_confidence_stx_biosynthesis,phylogenetic,BIOLOGICAL_PROCESS,"Okeanomitos corallinicola gen. and sp. nov. (Nostocales, Cyanobacteria), a new toxic marine heterocyte-forming Cyanobacterium from a coral reef."
dino_post2015,STX_DOC_000306,2022.0,dinoflagellate,high_confidence_stx_biosynthesis,saxitoxin,TOXIN,Bacterial community associated with Pyrodinium bahamense var. compressum during late exponential growth phase based on 16S rRNA gene sequence analysis
dino_post2015,STX_DOC_000306,2022.0,dinoflagellate,high_confidence_stx_biosynthesis,paralytic shellfish toxin,TOXIN,Bacterial community associated with Pyrodinium bahamense var. compressum during late exponential growth phase based on 16S rRNA gene sequence analysis
dino_post2015,STX_DOC_000306,2022.0,dinoflagellate,high_confidence_stx_biosynthesis,pst,TOXIN,Bacterial community associated with Pyrodinium bahamense var. compressum during late exponential growth phase based on 16S rRNA gene sequence analysis
dino_post2015,STX_DOC_000306,2022.0,dinoflagellate,high_confidence_stx_biosynthesis,pyrodinium,DINO_TAXON,Bacterial community associated with Pyrodinium bahamense var. compressum during late exponential growth phase based on 16S rRNA gene sequence analysis
dino_post2015,STX_DOC_000306,2022.0,dinoflagellate,high_confidence_stx_biosynthesis,pyrodinium bahamense,DINO_TAXON,Bacterial community associated with Pyrodinium bahamense var. compressum during late exponential growth phase based on 16S rRNA gene sequence analysis
dino_post2015,STX_DOC_000306,2022.0,dinoflagellate,high_confidence_stx_biosynthesis,bloom,ENV_FACTOR,Bacterial community associated with Pyrodinium bahamense var. compressum during late exponential growth phase based on 16S rRNA gene sequence analysis
dino_post2015,STX_DOC_000306,2022.0,dinoflagellate,high_confidence_stx_biosynthesis,biosynthesis,BIOLOGICAL_PROCESS,Bacterial community associated with Pyrodinium bahamense var. compressum during late exponential growth phase based on 16S rRNA gene sequence analysis
dino_post2015,STX_DOC_000306,2022.0,dinoflagellate,high_confidence_stx_biosynthesis,saxitoxin biosynthesis,BIOLOGICAL_PROCESS,Bacterial community associated with Pyrodinium bahamense var. compressum during late exponential growth phase based on 16S rRNA gene sequence analysis
dino_post2015,STX_DOC_000307,2021.0,cross_taxa,dinoflagellate_stx,paralytic shellfish toxins,TOXIN,Harmful algal blooms and their effects in coastal seas of Northern Europe
dino_post2015,STX_DOC_000307,2021.0,cross_taxa,dinoflagellate_stx,pst,TOXIN,Harmful algal blooms and their effects in coastal seas of Northern Europe
dino_post2015,STX_DOC_000307,2021.0,cross_taxa,dinoflagellate_stx,dinoflagellate,DINO_TAXON,Harmful algal blooms and their effects in coastal seas of Northern Europe
dino_post2015,STX_DOC_000307,2021.0,cross_taxa,dinoflagellate_stx,dinoflagellates,DINO_TAXON,Harmful algal blooms and their effects in coastal seas of Northern Europe
dino_post2015,STX_DOC_000307,2021.0,cross_taxa,dinoflagellate_stx,alexandrium,DINO_TAXON,Harmful algal blooms and their effects in coastal seas of Northern Europe
dino_post2015,STX_DOC_000307,2021.0,cross_taxa,dinoflagellate_stx,cyanobacteria,CYANO_TAXON,Harmful algal blooms and their effects in coastal seas of Northern Europe
dino_post2015,STX_DOC_000307,2021.0,cross_taxa,dinoflagellate_stx,climate,ENV_FACTOR,Harmful algal blooms and their effects in coastal seas of Northern Europe
dino_post2015,STX_DOC_000307,2021.0,cross_taxa,dinoflagellate_stx,bloom,ENV_FACTOR,Harmful algal blooms and their effects in coastal seas of Northern Europe
dino_post2015,STX_DOC_000309,2021.0,dinoflagellate,dinoflagellate_stx,paralytic shellfish toxin,TOXIN,"Novel Non-paralytic Shellfish Toxin and Non-spirolide Toxicity to Finfish, Brine Shrimp, and Rotifer Observed in a Culture of the Dinoflagellate Alexandrium insuetum Isolated From the Coastal Water of China"
dino_post2015,STX_DOC_000309,2021.0,dinoflagellate,dinoflagellate_stx,paralytic shellfish toxins,TOXIN,"Novel Non-paralytic Shellfish Toxin and Non-spirolide Toxicity to Finfish, Brine Shrimp, and Rotifer Observed in a Culture of the Dinoflagellate Alexandrium insuetum Isolated From the Coastal Water of China"
dino_post2015,STX_DOC_000309,2021.0,dinoflagellate,dinoflagellate_stx,psts,TOXIN,"Novel Non-paralytic Shellfish Toxin and Non-spirolide Toxicity to Finfish, Brine Shrimp, and Rotifer Observed in a Culture of the Dinoflagellate Alexandrium insuetum Isolated From the Coastal Water of China"
dino_post2015,STX_DOC_000309,2021.0,dinoflagellate,dinoflagellate_stx,paralytic shellfish poisoning,TOXIN,"Novel Non-paralytic Shellfish Toxin and Non-spirolide Toxicity to Finfish, Brine Shrimp, and Rotifer Observed in a Culture of the Dinoflagellate Alexandrium insuetum Isolated From the Coastal Water of China"
dino_post2015,STX_DOC_000309,2021.0,dinoflagellate,dinoflagellate_stx,dinoflagellate,DINO_TAXON,"Novel Non-paralytic Shellfish Toxin and Non-spirolide Toxicity to Finfish, Brine Shrimp, and Rotifer Observed in a Culture of the Dinoflagellate Alexandrium insuetum Isolated From the Coastal Water of China"
dino_post2015,STX_DOC_000309,2021.0,dinoflagellate,dinoflagellate_stx,alexandrium,DINO_TAXON,"Novel Non-paralytic Shellfish Toxin and Non-spirolide Toxicity to Finfish, Brine Shrimp, and Rotifer Observed in a Culture of the Dinoflagellate Alexandrium insuetum Isolated From the Coastal Water of China"
dino_post2015,STX_DOC_000309,2021.0,dinoflagellate,dinoflagellate_stx,light,ENV_FACTOR,"Novel Non-paralytic Shellfish Toxin and Non-spirolide Toxicity to Finfish, Brine Shrimp, and Rotifer Observed in a Culture of the Dinoflagellate Alexandrium insuetum Isolated From the Coastal Water of China"
dino_post2015,STX_DOC_000309,2021.0,dinoflagellate,dinoflagellate_stx,bloom,ENV_FACTOR,"Novel Non-paralytic Shellfish Toxin and Non-spirolide Toxicity to Finfish, Brine Shrimp, and Rotifer Observed in a Culture of the Dinoflagellate Alexandrium insuetum Isolated From the Coastal Water of China"
dino_post2015,STX_DOC_000309,2021.0,dinoflagellate,dinoflagellate_stx,phylogenetic,BIOLOGICAL_PROCESS,"Novel Non-paralytic Shellfish Toxin and Non-spirolide Toxicity to Finfish, Brine Shrimp, and Rotifer Observed in a Culture of the Dinoflagellate Alexandrium insuetum Isolated From the Coastal Water of China"
dino_post2015,STX_DOC_000309,2021.0,dinoflagellate,dinoflagellate_stx,toxicity,BIOLOGICAL_PROCESS,"Novel Non-paralytic Shellfish Toxin and Non-spirolide Toxicity to Finfish, Brine Shrimp, and Rotifer Observed in a Culture of the Dinoflagellate Alexandrium insuetum Isolated From the Coastal Water of China"
dino_post2015,STX_DOC_000309,2021.0,dinoflagellate,dinoflagellate_stx,mass spectrometry,DETECTION_METHOD,"Novel Non-paralytic Shellfish Toxin and Non-spirolide Toxicity to Finfish, Brine Shrimp, and Rotifer Observed in a Culture of the Dinoflagellate Alexandrium insuetum Isolated From the Coastal Water of China"
dino_post2015,STX_DOC_000310,2021.0,dinoflagellate,dinoflagellate_stx,saxitoxin,TOXIN,Electrophysiological Evaluation of Pacific Oyster (<i>Crassostrea gigas</i>) Sensitivity to Saxitoxin and Tetrodotoxin.
dino_post2015,STX_DOC_000310,2021.0,dinoflagellate,dinoflagellate_stx,stx,TOXIN,Electrophysiological Evaluation of Pacific Oyster (<i>Crassostrea gigas</i>) Sensitivity to Saxitoxin and Tetrodotoxin.
dino_post2015,STX_DOC_000310,2021.0,dinoflagellate,dinoflagellate_stx,paralytic shellfish toxins,TOXIN,Electrophysiological Evaluation of Pacific Oyster (<i>Crassostrea gigas</i>) Sensitivity to Saxitoxin and Tetrodotoxin.
dino_post2015,STX_DOC_000310,2021.0,dinoflagellate,dinoflagellate_stx,pst,TOXIN,Electrophysiological Evaluation of Pacific Oyster (<i>Crassostrea gigas</i>) Sensitivity to Saxitoxin and Tetrodotoxin.
dino_post2015,STX_DOC_000310,2021.0,dinoflagellate,dinoflagellate_stx,dinoflagellates,DINO_TAXON,Electrophysiological Evaluation of Pacific Oyster (<i>Crassostrea gigas</i>) Sensitivity to Saxitoxin and Tetrodotoxin.
dino_post2015,STX_DOC_000310,2021.0,dinoflagellate,dinoflagellate_stx,alexandrium,DINO_TAXON,Electrophysiological Evaluation of Pacific Oyster (<i>Crassostrea gigas</i>) Sensitivity to Saxitoxin and Tetrodotoxin.
dino_post2015,STX_DOC_000310,2021.0,dinoflagellate,dinoflagellate_stx,alexandrium minutum,DINO_TAXON,Electrophysiological Evaluation of Pacific Oyster (<i>Crassostrea gigas</i>) Sensitivity to Saxitoxin and Tetrodotoxin.
dino_post2015,STX_DOC_000311,2020.0,dinoflagellate,dinoflagellate_stx,paralytic shellfish toxin,TOXIN,Toxin- and species-dependent regulation of ATP-binding cassette (ABC) transporters in scallops after exposure to paralytic shellfish toxin-producing dinoflagellates
dino_post2015,STX_DOC_000311,2020.0,dinoflagellate,dinoflagellate_stx,paralytic shellfish toxins,TOXIN,Toxin- and species-dependent regulation of ATP-binding cassette (ABC) transporters in scallops after exposure to paralytic shellfish toxin-producing dinoflagellates
dino_post2015,STX_DOC_000311,2020.0,dinoflagellate,dinoflagellate_stx,pst,TOXIN,Toxin- and species-dependent regulation of ATP-binding cassette (ABC) transporters in scallops after exposure to paralytic shellfish toxin-producing dinoflagellates
dino_post2015,STX_DOC_000311,2020.0,dinoflagellate,dinoflagellate_stx,psts,TOXIN,Toxin- and species-dependent regulation of ATP-binding cassette (ABC) transporters in scallops after exposure to paralytic shellfish toxin-producing dinoflagellates
dino_post2015,STX_DOC_000311,2020.0,dinoflagellate,dinoflagellate_stx,dinoflagellates,DINO_TAXON,Toxin- and species-dependent regulation of ATP-binding cassette (ABC) transporters in scallops after exposure to paralytic shellfish toxin-producing dinoflagellates
dino_post2015,STX_DOC_000311,2020.0,dinoflagellate,dinoflagellate_stx,alexandrium,DINO_TAXON,Toxin- and species-dependent regulation of ATP-binding cassette (ABC) transporters in scallops after exposure to paralytic shellfish toxin-producing dinoflagellates
dino_post2015,STX_DOC_000311,2020.0,dinoflagellate,dinoflagellate_stx,alexandrium minutum,DINO_TAXON,Toxin- and species-dependent regulation of ATP-binding cassette (ABC) transporters in scallops after exposure to paralytic shellfish toxin-producing dinoflagellates
dino_post2015,STX_DOC_000311,2020.0,dinoflagellate,dinoflagellate_stx,regulation,BIOLOGICAL_PROCESS,Toxin- and species-dependent regulation of ATP-binding cassette (ABC) transporters in scallops after exposure to paralytic shellfish toxin-producing dinoflagellates
dino_post2015,STX_DOC_000311,2020.0,dinoflagellate,dinoflagellate_stx,expression,BIOLOGICAL_PROCESS,Toxin- and species-dependent regulation of ATP-binding cassette (ABC) transporters in scallops after exposure to paralytic shellfish toxin-producing dinoflagellates
dino_post2015,STX_DOC_000312,2019.0,dinoflagellate,dinoflagellate_stx,saxitoxin,TOXIN,"The Monitoring of Harmful Algae Blooms in Sabah, Malaysia"
dino_post2015,STX_DOC_000312,2019.0,dinoflagellate,dinoflagellate_stx,paralytic shellfish poisoning,TOXIN,"The Monitoring of Harmful Algae Blooms in Sabah, Malaysia"
dino_post2015,STX_DOC_000312,2019.0,dinoflagellate,dinoflagellate_stx,dinoflagellate,DINO_TAXON,"The Monitoring of Harmful Algae Blooms in Sabah, Malaysia"
dino_post2015,STX_DOC_000312,2019.0,dinoflagellate,dinoflagellate_stx,gymnodinium,DINO_TAXON,"The Monitoring of Harmful Algae Blooms in Sabah, Malaysia"
dino_post2015,STX_DOC_000312,2019.0,dinoflagellate,dinoflagellate_stx,gymnodinium catenatum,DINO_TAXON,"The Monitoring of Harmful Algae Blooms in Sabah, Malaysia"
dino_post2015,STX_DOC_000312,2019.0,dinoflagellate,dinoflagellate_stx,pyrodinium,DINO_TAXON,"The Monitoring of Harmful Algae Blooms in Sabah, Malaysia"
dino_post2015,STX_DOC_000312,2019.0,dinoflagellate,dinoflagellate_stx,pyrodinium bahamense,DINO_TAXON,"The Monitoring of Harmful Algae Blooms in Sabah, Malaysia"
dino_post2015,STX_DOC_000312,2019.0,dinoflagellate,dinoflagellate_stx,bloom,ENV_FACTOR,"The Monitoring of Harmful Algae Blooms in Sabah, Malaysia"
dino_post2015,STX_DOC_000314,2018.0,dinoflagellate,dinoflagellate_stx,paralytic shellfish poisoning,TOXIN,"Planktonic algal blooms from 2000 to 2015 in Acapulco Bay, Guerrero, Mexico"
dino_post2015,STX_DOC_000314,2018.0,dinoflagellate,dinoflagellate_stx,dinoflagellates,DINO_TAXON,"Planktonic algal blooms from 2000 to 2015 in Acapulco Bay, Guerrero, Mexico"
dino_post2015,STX_DOC_000314,2018.0,dinoflagellate,dinoflagellate_stx,gymnodinium,DINO_TAXON,"Planktonic algal blooms from 2000 to 2015 in Acapulco Bay, Guerrero, Mexico"
dino_post2015,STX_DOC_000314,2018.0,dinoflagellate,dinoflagellate_stx,gymnodinium catenatum,DINO_TAXON,"Planktonic algal blooms from 2000 to 2015 in Acapulco Bay, Guerrero, Mexico"
dino_post2015,STX_DOC_000314,2018.0,dinoflagellate,dinoflagellate_stx,pyrodinium,DINO_TAXON,"Planktonic algal blooms from 2000 to 2015 in Acapulco Bay, Guerrero, Mexico"
dino_post2015,STX_DOC_000314,2018.0,dinoflagellate,dinoflagellate_stx,pyrodinium bahamense,DINO_TAXON,"Planktonic algal blooms from 2000 to 2015 in Acapulco Bay, Guerrero, Mexico"
dino_post2015,STX_DOC_000314,2018.0,dinoflagellate,dinoflagellate_stx,bloom,ENV_FACTOR,"Planktonic algal blooms from 2000 to 2015 in Acapulco Bay, Guerrero, Mexico"
dino_post2015,STX_DOC_000354,2024.0,dinoflagellate,dinoflagellate_stx,saxitoxin,TOXIN,Growth and paralytic shellfish poisoning toxin production by a Mexican dinoflagellate strain of Alexandrium tamiyavanichii Balech (1994) under different nutrient conditions.
dino_post2015,STX_DOC_000354,2024.0,dinoflagellate,dinoflagellate_stx,stx,TOXIN,Growth and paralytic shellfish poisoning toxin production by a Mexican dinoflagellate strain of Alexandrium tamiyavanichii Balech (1994) under different nutrient conditions.
dino_post2015,STX_DOC_000354,2024.0,dinoflagellate,dinoflagellate_stx,paralytic shellfish poisoning,TOXIN,Growth and paralytic shellfish poisoning toxin production by a Mexican dinoflagellate strain of Alexandrium tamiyavanichii Balech (1994) under different nutrient conditions.
dino_post2015,STX_DOC_000354,2024.0,dinoflagellate,dinoflagellate_stx,dinoflagellate,DINO_TAXON,Growth and paralytic shellfish poisoning toxin production by a Mexican dinoflagellate strain of Alexandrium tamiyavanichii Balech (1994) under different nutrient conditions.
dino_post2015,STX_DOC_000354,2024.0,dinoflagellate,dinoflagellate_stx,alexandrium,DINO_TAXON,Growth and paralytic shellfish poisoning toxin production by a Mexican dinoflagellate strain of Alexandrium tamiyavanichii Balech (1994) under different nutrient conditions.
dino_post2015,STX_DOC_000354,2024.0,dinoflagellate,dinoflagellate_stx,alexandrium tamiyavanichii,DINO_TAXON,Growth and paralytic shellfish poisoning toxin production by a Mexican dinoflagellate strain of Alexandrium tamiyavanichii Balech (1994) under different nutrient conditions.
dino_post2015,STX_DOC_000354,2024.0,dinoflagellate,dinoflagellate_stx,nitrogen,ENV_FACTOR,Growth and paralytic shellfish poisoning toxin production by a Mexican dinoflagellate strain of Alexandrium tamiyavanichii Balech (1994) under different nutrient conditions.
dino_post2015,STX_DOC_000354,2024.0,dinoflagellate,dinoflagellate_stx,phosphorus,ENV_FACTOR,Growth and paralytic shellfish poisoning toxin production by a Mexican dinoflagellate strain of Alexandrium tamiyavanichii Balech (1994) under different nutrient conditions.
dino_post2015,STX_DOC_000354,2024.0,dinoflagellate,dinoflagellate_stx,nutrient,ENV_FACTOR,Growth and paralytic shellfish poisoning toxin production by a Mexican dinoflagellate strain of Alexandrium tamiyavanichii Balech (1994) under different nutrient conditions.
dino_post2015,STX_DOC_000354,2024.0,dinoflagellate,dinoflagellate_stx,toxicity,BIOLOGICAL_PROCESS,Growth and paralytic shellfish poisoning toxin production by a Mexican dinoflagellate strain of Alexandrium tamiyavanichii Balech (1994) under different nutrient conditions.
dino_post2015,STX_DOC_000354,2024.0,dinoflagellate,dinoflagellate_stx,toxin production,BIOLOGICAL_PROCESS,Growth and paralytic shellfish poisoning toxin production by a Mexican dinoflagellate strain of Alexandrium tamiyavanichii Balech (1994) under different nutrient conditions.
dino_post2015,STX_DOC_000355,2024.0,dinoflagellate,high_confidence_stx_biosynthesis,paralytic shellfish toxins,TOXIN,"Quantification of Alexandrium catenella (Group I) using sxtA4-based digital PCR for screening of paralytic shellfish toxins in Jinhae-Masan Bay, Korea."
dino_post2015,STX_DOC_000355,2024.0,dinoflagellate,high_confidence_stx_biosynthesis,pst,TOXIN,"Quantification of Alexandrium catenella (Group I) using sxtA4-based digital PCR for screening of paralytic shellfish toxins in Jinhae-Masan Bay, Korea."
dino_post2015,STX_DOC_000355,2024.0,dinoflagellate,high_confidence_stx_biosynthesis,paralytic shellfish poisoning,TOXIN,"Quantification of Alexandrium catenella (Group I) using sxtA4-based digital PCR for screening of paralytic shellfish toxins in Jinhae-Masan Bay, Korea."
dino_post2015,STX_DOC_000355,2024.0,dinoflagellate,high_confidence_stx_biosynthesis,sxta4,SXT_GENE,"Quantification of Alexandrium catenella (Group I) using sxtA4-based digital PCR for screening of paralytic shellfish toxins in Jinhae-Masan Bay, Korea."
dino_post2015,STX_DOC_000355,2024.0,dinoflagellate,high_confidence_stx_biosynthesis,alexandrium,DINO_TAXON,"Quantification of Alexandrium catenella (Group I) using sxtA4-based digital PCR for screening of paralytic shellfish toxins in Jinhae-Masan Bay, Korea."
dino_post2015,STX_DOC_000355,2024.0,dinoflagellate,high_confidence_stx_biosynthesis,alexandrium catenella,DINO_TAXON,"Quantification of Alexandrium catenella (Group I) using sxtA4-based digital PCR for screening of paralytic shellfish toxins in Jinhae-Masan Bay, Korea."
dino_post2015,STX_DOC_000356,2024.0,dinoflagellate,dinoflagellate_stx,saxitoxin,TOXIN,Harmful blooms caused by dinoflagellates in the Pacific of Guatemala (2019–2022)
dino_post2015,STX_DOC_000356,2024.0,dinoflagellate,dinoflagellate_stx,stx,TOXIN,Harmful blooms caused by dinoflagellates in the Pacific of Guatemala (2019–2022)
dino_post2015,STX_DOC_000356,2024.0,dinoflagellate,dinoflagellate_stx,paralytic shellfish poisoning,TOXIN,Harmful blooms caused by dinoflagellates in the Pacific of Guatemala (2019–2022)
dino_post2015,STX_DOC_000356,2024.0,dinoflagellate,dinoflagellate_stx,dinoflagellates,DINO_TAXON,Harmful blooms caused by dinoflagellates in the Pacific of Guatemala (2019–2022)
dino_post2015,STX_DOC_000356,2024.0,dinoflagellate,dinoflagellate_stx,pyrodinium,DINO_TAXON,Harmful blooms caused by dinoflagellates in the Pacific of Guatemala (2019–2022)
dino_post2015,STX_DOC_000356,2024.0,dinoflagellate,dinoflagellate_stx,pyrodinium bahamense,DINO_TAXON,Harmful blooms caused by dinoflagellates in the Pacific of Guatemala (2019–2022)
dino_post2015,STX_DOC_000356,2024.0,dinoflagellate,dinoflagellate_stx,bloom,ENV_FACTOR,Harmful blooms caused by dinoflagellates in the Pacific of Guatemala (2019–2022)
dino_post2015,STX_DOC_000357,2023.0,dinoflagellate,high_confidence_stx_biosynthesis,saxitoxin,TOXIN,Molecular characterization and expression analysis of saxitoxin biosynthesis gene sxtU from toxigenic dinoflagellate Alexandrium pacificum
dino_post2015,STX_DOC_000357,2023.0,dinoflagellate,high_confidence_stx_biosynthesis,sxtu,SXT_GENE,Molecular characterization and expression analysis of saxitoxin biosynthesis gene sxtU from toxigenic dinoflagellate Alexandrium pacificum
dino_post2015,STX_DOC_000357,2023.0,dinoflagellate,high_confidence_stx_biosynthesis,saxitoxin biosynthesis gene,SXT_GENE,Molecular characterization and expression analysis of saxitoxin biosynthesis gene sxtU from toxigenic dinoflagellate Alexandrium pacificum
dino_post2015,STX_DOC_000357,2023.0,dinoflagellate,high_confidence_stx_biosynthesis,dinoflagellate,DINO_TAXON,Molecular characterization and expression analysis of saxitoxin biosynthesis gene sxtU from toxigenic dinoflagellate Alexandrium pacificum
dino_post2015,STX_DOC_000357,2023.0,dinoflagellate,high_confidence_stx_biosynthesis,alexandrium,DINO_TAXON,Molecular characterization and expression analysis of saxitoxin biosynthesis gene sxtU from toxigenic dinoflagellate Alexandrium pacificum
dino_post2015,STX_DOC_000357,2023.0,dinoflagellate,high_confidence_stx_biosynthesis,alexandrium pacificum,DINO_TAXON,Molecular characterization and expression analysis of saxitoxin biosynthesis gene sxtU from toxigenic dinoflagellate Alexandrium pacificum
dino_post2015,STX_DOC_000357,2023.0,dinoflagellate,high_confidence_stx_biosynthesis,biosynthesis,BIOLOGICAL_PROCESS,Molecular characterization and expression analysis of saxitoxin biosynthesis gene sxtU from toxigenic dinoflagellate Alexandrium pacificum
dino_post2015,STX_DOC_000357,2023.0,dinoflagellate,high_confidence_stx_biosynthesis,saxitoxin biosynthesis,BIOLOGICAL_PROCESS,Molecular characterization and expression analysis of saxitoxin biosynthesis gene sxtU from toxigenic dinoflagellate Alexandrium pacificum
dino_post2015,STX_DOC_000357,2023.0,dinoflagellate,high_confidence_stx_biosynthesis,expression,BIOLOGICAL_PROCESS,Molecular characterization and expression analysis of saxitoxin biosynthesis gene sxtU from toxigenic dinoflagellate Alexandrium pacificum
dino_post2015,STX_DOC_000358,2023.0,dinoflagellate,dinoflagellate_stx,saxitoxin,TOXIN,"Paralytic Shellfish Profiles Produced by the Toxic Dinoflagellate Pyrodinium bahamense from Sepanggar Bay, Malaysia"
dino_post2015,STX_DOC_000358,2023.0,dinoflagellate,dinoflagellate_stx,gonyautoxin,TOXIN,"Paralytic Shellfish Profiles Produced by the Toxic Dinoflagellate Pyrodinium bahamense from Sepanggar Bay, Malaysia"
dino_post2015,STX_DOC_000358,2023.0,dinoflagellate,dinoflagellate_stx,paralytic shellfish poisoning,TOXIN,"Paralytic Shellfish Profiles Produced by the Toxic Dinoflagellate Pyrodinium bahamense from Sepanggar Bay, Malaysia"
dino_post2015,STX_DOC_000358,2023.0,dinoflagellate,dinoflagellate_stx,dinoflagellate,DINO_TAXON,"Paralytic Shellfish Profiles Produced by the Toxic Dinoflagellate Pyrodinium bahamense from Sepanggar Bay, Malaysia"
dino_post2015,STX_DOC_000358,2023.0,dinoflagellate,dinoflagellate_stx,pyrodinium,DINO_TAXON,"Paralytic Shellfish Profiles Produced by the Toxic Dinoflagellate Pyrodinium bahamense from Sepanggar Bay, Malaysia"
dino_post2015,STX_DOC_000358,2023.0,dinoflagellate,dinoflagellate_stx,pyrodinium bahamense,DINO_TAXON,"Paralytic Shellfish Profiles Produced by the Toxic Dinoflagellate Pyrodinium bahamense from Sepanggar Bay, Malaysia"
dino_post2015,STX_DOC_000358,2023.0,dinoflagellate,dinoflagellate_stx,bloom,ENV_FACTOR,"Paralytic Shellfish Profiles Produced by the Toxic Dinoflagellate Pyrodinium bahamense from Sepanggar Bay, Malaysia"
dino_post2015,STX_DOC_000358,2023.0,dinoflagellate,dinoflagellate_stx,harmful algal bloom,ENV_FACTOR,"Paralytic Shellfish Profiles Produced by the Toxic Dinoflagellate Pyrodinium bahamense from Sepanggar Bay, Malaysia"
dino_post2015,STX_DOC_000358,2023.0,dinoflagellate,dinoflagellate_stx,toxin profiling,DETECTION_METHOD,"Paralytic Shellfish Profiles Produced by the Toxic Dinoflagellate Pyrodinium bahamense from Sepanggar Bay, Malaysia"
dino_post2015,STX_DOC_000359,2022.0,dinoflagellate,high_confidence_stx_biosynthesis,saxitoxin,TOXIN,"Molecular cloning, origin, and expression of saxitoxin biosynthesis gene sxtB from the toxic dinoflagellate Alexandrium catenella"
dino_post2015,STX_DOC_000359,2022.0,dinoflagellate,high_confidence_stx_biosynthesis,sxtb,SXT_GENE,"Molecular cloning, origin, and expression of saxitoxin biosynthesis gene sxtB from the toxic dinoflagellate Alexandrium catenella"
dino_post2015,STX_DOC_000359,2022.0,dinoflagellate,high_confidence_stx_biosynthesis,saxitoxin biosynthesis gene,SXT_GENE,"Molecular cloning, origin, and expression of saxitoxin biosynthesis gene sxtB from the toxic dinoflagellate Alexandrium catenella"
dino_post2015,STX_DOC_000359,2022.0,dinoflagellate,high_confidence_stx_biosynthesis,dinoflagellate,DINO_TAXON,"Molecular cloning, origin, and expression of saxitoxin biosynthesis gene sxtB from the toxic dinoflagellate Alexandrium catenella"
dino_post2015,STX_DOC_000359,2022.0,dinoflagellate,high_confidence_stx_biosynthesis,alexandrium,DINO_TAXON,"Molecular cloning, origin, and expression of saxitoxin biosynthesis gene sxtB from the toxic dinoflagellate Alexandrium catenella"
dino_post2015,STX_DOC_000359,2022.0,dinoflagellate,high_confidence_stx_biosynthesis,alexandrium catenella,DINO_TAXON,"Molecular cloning, origin, and expression of saxitoxin biosynthesis gene sxtB from the toxic dinoflagellate Alexandrium catenella"
dino_post2015,STX_DOC_000359,2022.0,dinoflagellate,high_confidence_stx_biosynthesis,biosynthesis,BIOLOGICAL_PROCESS,"Molecular cloning, origin, and expression of saxitoxin biosynthesis gene sxtB from the toxic dinoflagellate Alexandrium catenella"
dino_post2015,STX_DOC_000359,2022.0,dinoflagellate,high_confidence_stx_biosynthesis,saxitoxin biosynthesis,BIOLOGICAL_PROCESS,"Molecular cloning, origin, and expression of saxitoxin biosynthesis gene sxtB from the toxic dinoflagellate Alexandrium catenella"
dino_post2015,STX_DOC_000359,2022.0,dinoflagellate,high_confidence_stx_biosynthesis,expression,BIOLOGICAL_PROCESS,"Molecular cloning, origin, and expression of saxitoxin biosynthesis gene sxtB from the toxic dinoflagellate Alexandrium catenella"
dino_post2015,STX_DOC_000360,2022.0,dinoflagellate,dinoflagellate_stx,saxitoxin,TOXIN,Distribution of saxitoxin producing algae in Jakarta Bay and the implication to saxitoxin concentration in green mussel
dino_post2015,STX_DOC_000360,2022.0,dinoflagellate,dinoflagellate_stx,stx,TOXIN,Distribution of saxitoxin producing algae in Jakarta Bay and the implication to saxitoxin concentration in green mussel
dino_post2015,STX_DOC_000360,2022.0,dinoflagellate,dinoflagellate_stx,dinoflagellates,DINO_TAXON,Distribution of saxitoxin producing algae in Jakarta Bay and the implication to saxitoxin concentration in green mussel
dino_post2015,STX_DOC_000360,2022.0,dinoflagellate,dinoflagellate_stx,alexandrium,DINO_TAXON,Distribution of saxitoxin producing algae in Jakarta Bay and the implication to saxitoxin concentration in green mussel
dino_post2015,STX_DOC_000360,2022.0,dinoflagellate,dinoflagellate_stx,gymnodinium,DINO_TAXON,Distribution of saxitoxin producing algae in Jakarta Bay and the implication to saxitoxin concentration in green mussel
dino_post2015,STX_DOC_000360,2022.0,dinoflagellate,dinoflagellate_stx,nutrients,ENV_FACTOR,Distribution of saxitoxin producing algae in Jakarta Bay and the implication to saxitoxin concentration in green mussel
dino_post2015,STX_DOC_000360,2022.0,dinoflagellate,dinoflagellate_stx,bloom,ENV_FACTOR,Distribution of saxitoxin producing algae in Jakarta Bay and the implication to saxitoxin concentration in green mussel
dino_post2015,STX_DOC_000362,2021.0,cross_taxa,dinoflagellate_stx,saxitoxin,TOXIN,"Florida’s Harmful Algal Bloom (HAB) Problem: Escalating Risks to Human, Environmental and Economic Health With Climate Change"
dino_post2015,STX_DOC_000362,2021.0,cross_taxa,dinoflagellate_stx,dinoflagellate,DINO_TAXON,"Florida’s Harmful Algal Bloom (HAB) Problem: Escalating Risks to Human, Environmental and Economic Health With Climate Change"
dino_post2015,STX_DOC_000362,2021.0,cross_taxa,dinoflagellate_stx,pyrodinium,DINO_TAXON,"Florida’s Harmful Algal Bloom (HAB) Problem: Escalating Risks to Human, Environmental and Economic Health With Climate Change"
dino_post2015,STX_DOC_000362,2021.0,cross_taxa,dinoflagellate_stx,pyrodinium bahamense,DINO_TAXON,"Florida’s Harmful Algal Bloom (HAB) Problem: Escalating Risks to Human, Environmental and Economic Health With Climate Change"
dino_post2015,STX_DOC_000362,2021.0,cross_taxa,dinoflagellate_stx,cyanobacteria,CYANO_TAXON,"Florida’s Harmful Algal Bloom (HAB) Problem: Escalating Risks to Human, Environmental and Economic Health With Climate Change"
dino_post2015,STX_DOC_000362,2021.0,cross_taxa,dinoflagellate_stx,temperature,ENV_FACTOR,"Florida’s Harmful Algal Bloom (HAB) Problem: Escalating Risks to Human, Environmental and Economic Health With Climate Change"
dino_post2015,STX_DOC_000362,2021.0,cross_taxa,dinoflagellate_stx,climate,ENV_FACTOR,"Florida’s Harmful Algal Bloom (HAB) Problem: Escalating Risks to Human, Environmental and Economic Health With Climate Change"
dino_post2015,STX_DOC_000362,2021.0,cross_taxa,dinoflagellate_stx,bloom,ENV_FACTOR,"Florida’s Harmful Algal Bloom (HAB) Problem: Escalating Risks to Human, Environmental and Economic Health With Climate Change"
dino_post2015,STX_DOC_000362,2021.0,cross_taxa,dinoflagellate_stx,harmful algal bloom,ENV_FACTOR,"Florida’s Harmful Algal Bloom (HAB) Problem: Escalating Risks to Human, Environmental and Economic Health With Climate Change"
dino_post2015,STX_DOC_000362,2021.0,cross_taxa,dinoflagellate_stx,regulation,BIOLOGICAL_PROCESS,"Florida’s Harmful Algal Bloom (HAB) Problem: Escalating Risks to Human, Environmental and Economic Health With Climate Change"
dino_post2015,STX_DOC_000364,2020.0,cross_taxa,high_confidence_stx_biosynthesis,saxitoxin,TOXIN,Strong constitutive expression divergence among strains but no evidence of differential expression associated with sexual reproduction in Alexandrium minutum.
dino_post2015,STX_DOC_000364,2020.0,cross_taxa,high_confidence_stx_biosynthesis,sxta,SXT_GENE,Strong constitutive expression divergence among strains but no evidence of differential expression associated with sexual reproduction in Alexandrium minutum.
dino_post2015,STX_DOC_000364,2020.0,cross_taxa,high_confidence_stx_biosynthesis,dinoflagellate,DINO_TAXON,Strong constitutive expression divergence among strains but no evidence of differential expression associated with sexual reproduction in Alexandrium minutum.
dino_post2015,STX_DOC_000364,2020.0,cross_taxa,high_confidence_stx_biosynthesis,dinoflagellates,DINO_TAXON,Strong constitutive expression divergence among strains but no evidence of differential expression associated with sexual reproduction in Alexandrium minutum.
dino_post2015,STX_DOC_000364,2020.0,cross_taxa,high_confidence_stx_biosynthesis,alexandrium,DINO_TAXON,Strong constitutive expression divergence among strains but no evidence of differential expression associated with sexual reproduction in Alexandrium minutum.
dino_post2015,STX_DOC_000364,2020.0,cross_taxa,high_confidence_stx_biosynthesis,alexandrium minutum,DINO_TAXON,Strong constitutive expression divergence among strains but no evidence of differential expression associated with sexual reproduction in Alexandrium minutum.
dino_post2015,STX_DOC_000364,2020.0,cross_taxa,high_confidence_stx_biosynthesis,cyanobacteria,CYANO_TAXON,Strong constitutive expression divergence among strains but no evidence of differential expression associated with sexual reproduction in Alexandrium minutum.
dino_post2015,STX_DOC_000364,2020.0,cross_taxa,high_confidence_stx_biosynthesis,expression,BIOLOGICAL_PROCESS,Strong constitutive expression divergence among strains but no evidence of differential expression associated with sexual reproduction in Alexandrium minutum.
dino_post2015,STX_DOC_000364,2020.0,cross_taxa,high_confidence_stx_biosynthesis,gene expression,BIOLOGICAL_PROCESS,Strong constitutive expression divergence among strains but no evidence of differential expression associated with sexual reproduction in Alexandrium minutum.
dino_post2015,STX_DOC_000367,2019.0,dinoflagellate,dinoflagellate_stx,saxitoxin,TOXIN,First detection of tetrodotoxin and high levels of paralytic shellfish poisoning toxins in shellfish from Sicily (Italy) by three different analytical methods.
dino_post2015,STX_DOC_000367,2019.0,dinoflagellate,dinoflagellate_stx,paralytic shellfish toxins,TOXIN,First detection of tetrodotoxin and high levels of paralytic shellfish poisoning toxins in shellfish from Sicily (Italy) by three different analytical methods.
dino_post2015,STX_DOC_000367,2019.0,dinoflagellate,dinoflagellate_stx,pst,TOXIN,First detection of tetrodotoxin and high levels of paralytic shellfish poisoning toxins in shellfish from Sicily (Italy) by three different analytical methods.
dino_post2015,STX_DOC_000367,2019.0,dinoflagellate,dinoflagellate_stx,paralytic shellfish poisoning,TOXIN,First detection of tetrodotoxin and high levels of paralytic shellfish poisoning toxins in shellfish from Sicily (Italy) by three different analytical methods.
dino_post2015,STX_DOC_000367,2019.0,dinoflagellate,dinoflagellate_stx,alexandrium,DINO_TAXON,First detection of tetrodotoxin and high levels of paralytic shellfish poisoning toxins in shellfish from Sicily (Italy) by three different analytical methods.
dino_post2015,STX_DOC_000367,2019.0,dinoflagellate,dinoflagellate_stx,alexandrium minutum,DINO_TAXON,First detection of tetrodotoxin and high levels of paralytic shellfish poisoning toxins in shellfish from Sicily (Italy) by three different analytical methods.
dino_post2015,STX_DOC_000367,2019.0,dinoflagellate,dinoflagellate_stx,bloom,ENV_FACTOR,First detection of tetrodotoxin and high levels of paralytic shellfish poisoning toxins in shellfish from Sicily (Italy) by three different analytical methods.
dino_post2015,STX_DOC_000367,2019.0,dinoflagellate,dinoflagellate_stx,mass spectrometry,DETECTION_METHOD,First detection of tetrodotoxin and high levels of paralytic shellfish poisoning toxins in shellfish from Sicily (Italy) by three different analytical methods.
dino_post2015,STX_DOC_000370,2018.0,dinoflagellate,dinoflagellate_stx,saxitoxin,TOXIN,"Oyster transcriptome response to Alexandrium exposure is related to saxitoxin load and characterized by disrupted digestion, energy balance, and calcium and sodium signaling."
dino_post2015,STX_DOC_000370,2018.0,dinoflagellate,dinoflagellate_stx,paralytic shellfish toxins,TOXIN,"Oyster transcriptome response to Alexandrium exposure is related to saxitoxin load and characterized by disrupted digestion, energy balance, and calcium and sodium signaling."
dino_post2015,STX_DOC_000370,2018.0,dinoflagellate,dinoflagellate_stx,pst,TOXIN,"Oyster transcriptome response to Alexandrium exposure is related to saxitoxin load and characterized by disrupted digestion, energy balance, and calcium and sodium signaling."
dino_post2015,STX_DOC_000370,2018.0,dinoflagellate,dinoflagellate_stx,dinoflagellate,DINO_TAXON,"Oyster transcriptome response to Alexandrium exposure is related to saxitoxin load and characterized by disrupted digestion, energy balance, and calcium and sodium signaling."
dino_post2015,STX_DOC_000370,2018.0,dinoflagellate,dinoflagellate_stx,dinoflagellates,DINO_TAXON,"Oyster transcriptome response to Alexandrium exposure is related to saxitoxin load and characterized by disrupted digestion, energy balance, and calcium and sodium signaling."
dino_post2015,STX_DOC_000370,2018.0,dinoflagellate,dinoflagellate_stx,alexandrium,DINO_TAXON,"Oyster transcriptome response to Alexandrium exposure is related to saxitoxin load and characterized by disrupted digestion, energy balance, and calcium and sodium signaling."
dino_post2015,STX_DOC_000370,2018.0,dinoflagellate,dinoflagellate_stx,alexandrium minutum,DINO_TAXON,"Oyster transcriptome response to Alexandrium exposure is related to saxitoxin load and characterized by disrupted digestion, energy balance, and calcium and sodium signaling."
dino_post2015,STX_DOC_000370,2018.0,dinoflagellate,dinoflagellate_stx,regulation,BIOLOGICAL_PROCESS,"Oyster transcriptome response to Alexandrium exposure is related to saxitoxin load and characterized by disrupted digestion, energy balance, and calcium and sodium signaling."
dino_post2015,STX_DOC_000370,2018.0,dinoflagellate,dinoflagellate_stx,transcriptome,BIOLOGICAL_PROCESS,"Oyster transcriptome response to Alexandrium exposure is related to saxitoxin load and characterized by disrupted digestion, energy balance, and calcium and sodium signaling."
dino_post2015,STX_DOC_000370,2018.0,dinoflagellate,dinoflagellate_stx,transcriptomic,BIOLOGICAL_PROCESS,"Oyster transcriptome response to Alexandrium exposure is related to saxitoxin load and characterized by disrupted digestion, energy balance, and calcium and sodium signaling."
dino_post2015,STX_DOC_000370,2018.0,dinoflagellate,dinoflagellate_stx,toxicity,BIOLOGICAL_PROCESS,"Oyster transcriptome response to Alexandrium exposure is related to saxitoxin load and characterized by disrupted digestion, energy balance, and calcium and sodium signaling."
dino_post2015,STX_DOC_000371,2018.0,dinoflagellate,dinoflagellate_stx,saxitoxin,TOXIN,"Biogeography of resistance to paralytic shellfish toxins in softshell clam, Mya arenaria (L.), populations along the Atlantic coast of North America."
dino_post2015,STX_DOC_000371,2018.0,dinoflagellate,dinoflagellate_stx,stx,TOXIN,"Biogeography of resistance to paralytic shellfish toxins in softshell clam, Mya arenaria (L.), populations along the Atlantic coast of North America."
dino_post2015,STX_DOC_000371,2018.0,dinoflagellate,dinoflagellate_stx,paralytic shellfish toxin,TOXIN,"Biogeography of resistance to paralytic shellfish toxins in softshell clam, Mya arenaria (L.), populations along the Atlantic coast of North America."
dino_post2015,STX_DOC_000371,2018.0,dinoflagellate,dinoflagellate_stx,paralytic shellfish toxins,TOXIN,"Biogeography of resistance to paralytic shellfish toxins in softshell clam, Mya arenaria (L.), populations along the Atlantic coast of North America."
dino_post2015,STX_DOC_000371,2018.0,dinoflagellate,dinoflagellate_stx,paralytic shellfish poisoning,TOXIN,"Biogeography of resistance to paralytic shellfish toxins in softshell clam, Mya arenaria (L.), populations along the Atlantic coast of North America."
dino_post2015,STX_DOC_000371,2018.0,dinoflagellate,dinoflagellate_stx,alexandrium,DINO_TAXON,"Biogeography of resistance to paralytic shellfish toxins in softshell clam, Mya arenaria (L.), populations along the Atlantic coast of North America."
dino_post2015,STX_DOC_000371,2018.0,dinoflagellate,dinoflagellate_stx,toxicity,BIOLOGICAL_PROCESS,"Biogeography of resistance to paralytic shellfish toxins in softshell clam, Mya arenaria (L.), populations along the Atlantic coast of North America."
dino_post2015,STX_DOC_000374,2016.0,cross_taxa,dinoflagellate_stx,paralytic shellfish poisoning,TOXIN,"Bloom of Trichodesmium and seasonality of other potentially toxic and harmful phytoplankton in tropical San Pedro Bay, Leyte, Philippines in 2012-13"
dino_post2015,STX_DOC_000374,2016.0,cross_taxa,dinoflagellate_stx,dinoflagellates,DINO_TAXON,"Bloom of Trichodesmium and seasonality of other potentially toxic and harmful phytoplankton in tropical San Pedro Bay, Leyte, Philippines in 2012-13"
dino_post2015,STX_DOC_000374,2016.0,cross_taxa,dinoflagellate_stx,alexandrium,DINO_TAXON,"Bloom of Trichodesmium and seasonality of other potentially toxic and harmful phytoplankton in tropical San Pedro Bay, Leyte, Philippines in 2012-13"
dino_post2015,STX_DOC_000374,2016.0,cross_taxa,dinoflagellate_stx,alexandrium tamiyavanichii,DINO_TAXON,"Bloom of Trichodesmium and seasonality of other potentially toxic and harmful phytoplankton in tropical San Pedro Bay, Leyte, Philippines in 2012-13"
dino_post2015,STX_DOC_000374,2016.0,cross_taxa,dinoflagellate_stx,pyrodinium,DINO_TAXON,"Bloom of Trichodesmium and seasonality of other potentially toxic and harmful phytoplankton in tropical San Pedro Bay, Leyte, Philippines in 2012-13"
dino_post2015,STX_DOC_000374,2016.0,cross_taxa,dinoflagellate_stx,pyrodinium bahamense,DINO_TAXON,"Bloom of Trichodesmium and seasonality of other potentially toxic and harmful phytoplankton in tropical San Pedro Bay, Leyte, Philippines in 2012-13"
dino_post2015,STX_DOC_000374,2016.0,cross_taxa,dinoflagellate_stx,cyanobacteria,CYANO_TAXON,"Bloom of Trichodesmium and seasonality of other potentially toxic and harmful phytoplankton in tropical San Pedro Bay, Leyte, Philippines in 2012-13"
dino_post2015,STX_DOC_000374,2016.0,cross_taxa,dinoflagellate_stx,temperature,ENV_FACTOR,"Bloom of Trichodesmium and seasonality of other potentially toxic and harmful phytoplankton in tropical San Pedro Bay, Leyte, Philippines in 2012-13"
dino_post2015,STX_DOC_000374,2016.0,cross_taxa,dinoflagellate_stx,nutrient,ENV_FACTOR,"Bloom of Trichodesmium and seasonality of other potentially toxic and harmful phytoplankton in tropical San Pedro Bay, Leyte, Philippines in 2012-13"
dino_post2015,STX_DOC_000374,2016.0,cross_taxa,dinoflagellate_stx,light,ENV_FACTOR,"Bloom of Trichodesmium and seasonality of other potentially toxic and harmful phytoplankton in tropical San Pedro Bay, Leyte, Philippines in 2012-13"
dino_post2015,STX_DOC_000374,2016.0,cross_taxa,dinoflagellate_stx,bloom,ENV_FACTOR,"Bloom of Trichodesmium and seasonality of other potentially toxic and harmful phytoplankton in tropical San Pedro Bay, Leyte, Philippines in 2012-13"
dino_post2015,STX_DOC_000397,2025.0,dinoflagellate,dinoflagellate_stx,paralytic shellfish toxins,TOXIN,Tracking a large-scale and highly toxic Arctic algal bloom: rapid detection and risk communication.
dino_post2015,STX_DOC_000397,2025.0,dinoflagellate,dinoflagellate_stx,pst,TOXIN,Tracking a large-scale and highly toxic Arctic algal bloom: rapid detection and risk communication.
dino_post2015,STX_DOC_000397,2025.0,dinoflagellate,dinoflagellate_stx,psts,TOXIN,Tracking a large-scale and highly toxic Arctic algal bloom: rapid detection and risk communication.
dino_post2015,STX_DOC_000397,2025.0,dinoflagellate,dinoflagellate_stx,dinoflagellate,DINO_TAXON,Tracking a large-scale and highly toxic Arctic algal bloom: rapid detection and risk communication.
dino_post2015,STX_DOC_000397,2025.0,dinoflagellate,dinoflagellate_stx,alexandrium,DINO_TAXON,Tracking a large-scale and highly toxic Arctic algal bloom: rapid detection and risk communication.
dino_post2015,STX_DOC_000397,2025.0,dinoflagellate,dinoflagellate_stx,alexandrium catenella,DINO_TAXON,Tracking a large-scale and highly toxic Arctic algal bloom: rapid detection and risk communication.
dino_post2015,STX_DOC_000397,2025.0,dinoflagellate,dinoflagellate_stx,bloom,ENV_FACTOR,Tracking a large-scale and highly toxic Arctic algal bloom: rapid detection and risk communication.
dino_post2015,STX_DOC_000399,2025.0,dinoflagellate,dinoflagellate_stx,saxitoxin,TOXIN,Saxitoxin in Alaskan commercial crab species.
dino_post2015,STX_DOC_000399,2025.0,dinoflagellate,dinoflagellate_stx,stx,TOXIN,Saxitoxin in Alaskan commercial crab species.
dino_post2015,STX_DOC_000399,2025.0,dinoflagellate,dinoflagellate_stx,paralytic shellfish poisoning,TOXIN,Saxitoxin in Alaskan commercial crab species.
dino_post2015,STX_DOC_000399,2025.0,dinoflagellate,dinoflagellate_stx,alexandrium,DINO_TAXON,Saxitoxin in Alaskan commercial crab species.
dino_post2015,STX_DOC_000399,2025.0,dinoflagellate,dinoflagellate_stx,alexandrium catenella,DINO_TAXON,Saxitoxin in Alaskan commercial crab species.
dino_post2015,STX_DOC_000399,2025.0,dinoflagellate,dinoflagellate_stx,toxicity,BIOLOGICAL_PROCESS,Saxitoxin in Alaskan commercial crab species.
dino_post2015,STX_DOC_000400,2025.0,dinoflagellate,dinoflagellate_stx,stx,TOXIN,Paralytic Shellfish Toxins in Alaskan Butter Clams: Does Cleaning Make Them Safe to Eat?
dino_post2015,STX_DOC_000400,2025.0,dinoflagellate,dinoflagellate_stx,paralytic shellfish toxins,TOXIN,Paralytic Shellfish Toxins in Alaskan Butter Clams: Does Cleaning Make Them Safe to Eat?
dino_post2015,STX_DOC_000400,2025.0,dinoflagellate,dinoflagellate_stx,paralytic shellfish poisoning,TOXIN,Paralytic Shellfish Toxins in Alaskan Butter Clams: Does Cleaning Make Them Safe to Eat?
dino_post2015,STX_DOC_000400,2025.0,dinoflagellate,dinoflagellate_stx,alexandrium,DINO_TAXON,Paralytic Shellfish Toxins in Alaskan Butter Clams: Does Cleaning Make Them Safe to Eat?
dino_post2015,STX_DOC_000400,2025.0,dinoflagellate,dinoflagellate_stx,alexandrium catenella,DINO_TAXON,Paralytic Shellfish Toxins in Alaskan Butter Clams: Does Cleaning Make Them Safe to Eat?
dino_post2015,STX_DOC_000401,2025.0,dinoflagellate,high_confidence_stx_biosynthesis,saxitoxin,TOXIN,Universal rapid RNA-based quantification of toxigenic Alexandrium species (Dinophyceae) using quantitative recombinase polymerase amplification
dino_post2015,STX_DOC_000401,2025.0,dinoflagellate,high_confidence_stx_biosynthesis,sxta4,SXT_GENE,Universal rapid RNA-based quantification of toxigenic Alexandrium species (Dinophyceae) using quantitative recombinase polymerase amplification
dino_post2015,STX_DOC_000401,2025.0,dinoflagellate,high_confidence_stx_biosynthesis,alexandrium,DINO_TAXON,Universal rapid RNA-based quantification of toxigenic Alexandrium species (Dinophyceae) using quantitative recombinase polymerase amplification
dino_post2015,STX_DOC_000401,2025.0,dinoflagellate,high_confidence_stx_biosynthesis,alexandrium minutum,DINO_TAXON,Universal rapid RNA-based quantification of toxigenic Alexandrium species (Dinophyceae) using quantitative recombinase polymerase amplification
dino_post2015,STX_DOC_000401,2025.0,dinoflagellate,high_confidence_stx_biosynthesis,temperature,ENV_FACTOR,Universal rapid RNA-based quantification of toxigenic Alexandrium species (Dinophyceae) using quantitative recombinase polymerase amplification
dino_post2015,STX_DOC_000401,2025.0,dinoflagellate,high_confidence_stx_biosynthesis,biosynthesis,BIOLOGICAL_PROCESS,Universal rapid RNA-based quantification of toxigenic Alexandrium species (Dinophyceae) using quantitative recombinase polymerase amplification
dino_post2015,STX_DOC_000401,2025.0,dinoflagellate,high_confidence_stx_biosynthesis,saxitoxin biosynthesis,BIOLOGICAL_PROCESS,Universal rapid RNA-based quantification of toxigenic Alexandrium species (Dinophyceae) using quantitative recombinase polymerase amplification
dino_post2015,STX_DOC_000403,2024.0,dinoflagellate,dinoflagellate_stx,paralytic shellfish toxin,TOXIN,"Predator-induced defense decreases growth rate and photoprotective capacity in a nitrogen-limited dinoflagellate, Alexandrium minutum."
dino_post2015,STX_DOC_000403,2024.0,dinoflagellate,dinoflagellate_stx,pst,TOXIN,"Predator-induced defense decreases growth rate and photoprotective capacity in a nitrogen-limited dinoflagellate, Alexandrium minutum."
dino_post2015,STX_DOC_000403,2024.0,dinoflagellate,dinoflagellate_stx,dinoflagellate,DINO_TAXON,"Predator-induced defense decreases growth rate and photoprotective capacity in a nitrogen-limited dinoflagellate, Alexandrium minutum."
dino_post2015,STX_DOC_000403,2024.0,dinoflagellate,dinoflagellate_stx,dinoflagellates,DINO_TAXON,"Predator-induced defense decreases growth rate and photoprotective capacity in a nitrogen-limited dinoflagellate, Alexandrium minutum."
dino_post2015,STX_DOC_000403,2024.0,dinoflagellate,dinoflagellate_stx,alexandrium,DINO_TAXON,"Predator-induced defense decreases growth rate and photoprotective capacity in a nitrogen-limited dinoflagellate, Alexandrium minutum."
dino_post2015,STX_DOC_000403,2024.0,dinoflagellate,dinoflagellate_stx,alexandrium minutum,DINO_TAXON,"Predator-induced defense decreases growth rate and photoprotective capacity in a nitrogen-limited dinoflagellate, Alexandrium minutum."
dino_post2015,STX_DOC_000403,2024.0,dinoflagellate,dinoflagellate_stx,nitrogen,ENV_FACTOR,"Predator-induced defense decreases growth rate and photoprotective capacity in a nitrogen-limited dinoflagellate, Alexandrium minutum."
dino_post2015,STX_DOC_000403,2024.0,dinoflagellate,dinoflagellate_stx,light,ENV_FACTOR,"Predator-induced defense decreases growth rate and photoprotective capacity in a nitrogen-limited dinoflagellate, Alexandrium minutum."
dino_post2015,STX_DOC_000403,2024.0,dinoflagellate,dinoflagellate_stx,toxin production,BIOLOGICAL_PROCESS,"Predator-induced defense decreases growth rate and photoprotective capacity in a nitrogen-limited dinoflagellate, Alexandrium minutum."
dino_post2015,STX_DOC_000407,2023.0,dinoflagellate,dinoflagellate_stx,saxitoxin,TOXIN,"A comparison between the FlowCam 8100, microscopy, and sandwich hybridization assay for quantifying abundances of the saxitoxin-producing dinoflagellate, Alexandrium catenella."
dino_post2015,STX_DOC_000407,2023.0,dinoflagellate,dinoflagellate_stx,paralytic shellfish poisoning,TOXIN,"A comparison between the FlowCam 8100, microscopy, and sandwich hybridization assay for quantifying abundances of the saxitoxin-producing dinoflagellate, Alexandrium catenella."
dino_post2015,STX_DOC_000407,2023.0,dinoflagellate,dinoflagellate_stx,dinoflagellate,DINO_TAXON,"A comparison between the FlowCam 8100, microscopy, and sandwich hybridization assay for quantifying abundances of the saxitoxin-producing dinoflagellate, Alexandrium catenella."
dino_post2015,STX_DOC_000407,2023.0,dinoflagellate,dinoflagellate_stx,alexandrium,DINO_TAXON,"A comparison between the FlowCam 8100, microscopy, and sandwich hybridization assay for quantifying abundances of the saxitoxin-producing dinoflagellate, Alexandrium catenella."
dino_post2015,STX_DOC_000407,2023.0,dinoflagellate,dinoflagellate_stx,alexandrium catenella,DINO_TAXON,"A comparison between the FlowCam 8100, microscopy, and sandwich hybridization assay for quantifying abundances of the saxitoxin-producing dinoflagellate, Alexandrium catenella."
dino_post2015,STX_DOC_000407,2023.0,dinoflagellate,dinoflagellate_stx,light,ENV_FACTOR,"A comparison between the FlowCam 8100, microscopy, and sandwich hybridization assay for quantifying abundances of the saxitoxin-producing dinoflagellate, Alexandrium catenella."
dino_post2015,STX_DOC_000407,2023.0,dinoflagellate,dinoflagellate_stx,bloom,ENV_FACTOR,"A comparison between the FlowCam 8100, microscopy, and sandwich hybridization assay for quantifying abundances of the saxitoxin-producing dinoflagellate, Alexandrium catenella."
dino_post2015,STX_DOC_000407,2023.0,dinoflagellate,dinoflagellate_stx,harmful algal bloom,ENV_FACTOR,"A comparison between the FlowCam 8100, microscopy, and sandwich hybridization assay for quantifying abundances of the saxitoxin-producing dinoflagellate, Alexandrium catenella."
dino_post2015,STX_DOC_000408,2023.0,dinoflagellate,dinoflagellate_stx,paralytic shellfish toxins,TOXIN,Phycotoxins in bivalves from the western Canadian Arctic: The first evidence of toxigenicity.
dino_post2015,STX_DOC_000408,2023.0,dinoflagellate,dinoflagellate_stx,pst,TOXIN,Phycotoxins in bivalves from the western Canadian Arctic: The first evidence of toxigenicity.
dino_post2015,STX_DOC_000408,2023.0,dinoflagellate,dinoflagellate_stx,psts,TOXIN,Phycotoxins in bivalves from the western Canadian Arctic: The first evidence of toxigenicity.
dino_post2015,STX_DOC_000408,2023.0,dinoflagellate,dinoflagellate_stx,alexandrium,DINO_TAXON,Phycotoxins in bivalves from the western Canadian Arctic: The first evidence of toxigenicity.
dino_post2015,STX_DOC_000408,2023.0,dinoflagellate,dinoflagellate_stx,alexandrium tamarense,DINO_TAXON,Phycotoxins in bivalves from the western Canadian Arctic: The first evidence of toxigenicity.
dino_post2015,STX_DOC_000408,2023.0,dinoflagellate,dinoflagellate_stx,gymnodinium,DINO_TAXON,Phycotoxins in bivalves from the western Canadian Arctic: The first evidence of toxigenicity.
dino_post2015,STX_DOC_000408,2023.0,dinoflagellate,dinoflagellate_stx,temperature,ENV_FACTOR,Phycotoxins in bivalves from the western Canadian Arctic: The first evidence of toxigenicity.
dino_post2015,STX_DOC_000408,2023.0,dinoflagellate,dinoflagellate_stx,toxicity,BIOLOGICAL_PROCESS,Phycotoxins in bivalves from the western Canadian Arctic: The first evidence of toxigenicity.
dino_post2015,STX_DOC_000409,2023.0,cross_taxa,high_confidence_stx_biosynthesis,saxitoxin,TOXIN,PLP-Dependent Biocatalysis As Related to Saxitoxin Biosynthesis
dino_post2015,STX_DOC_000409,2023.0,cross_taxa,high_confidence_stx_biosynthesis,sxta,SXT_GENE,PLP-Dependent Biocatalysis As Related to Saxitoxin Biosynthesis
dino_post2015,STX_DOC_000409,2023.0,cross_taxa,high_confidence_stx_biosynthesis,dinoflagellates,DINO_TAXON,PLP-Dependent Biocatalysis As Related to Saxitoxin Biosynthesis
dino_post2015,STX_DOC_000409,2023.0,cross_taxa,high_confidence_stx_biosynthesis,cyanobacteria,CYANO_TAXON,PLP-Dependent Biocatalysis As Related to Saxitoxin Biosynthesis
dino_post2015,STX_DOC_000409,2023.0,cross_taxa,high_confidence_stx_biosynthesis,phosphate,ENV_FACTOR,PLP-Dependent Biocatalysis As Related to Saxitoxin Biosynthesis
dino_post2015,STX_DOC_000409,2023.0,cross_taxa,high_confidence_stx_biosynthesis,biosynthesis,BIOLOGICAL_PROCESS,PLP-Dependent Biocatalysis As Related to Saxitoxin Biosynthesis
dino_post2015,STX_DOC_000409,2023.0,cross_taxa,high_confidence_stx_biosynthesis,saxitoxin biosynthesis,BIOLOGICAL_PROCESS,PLP-Dependent Biocatalysis As Related to Saxitoxin Biosynthesis
dino_post2015,STX_DOC_000409,2023.0,cross_taxa,high_confidence_stx_biosynthesis,evolution,BIOLOGICAL_PROCESS,PLP-Dependent Biocatalysis As Related to Saxitoxin Biosynthesis
dino_post2015,STX_DOC_000411,2022.0,dinoflagellate,dinoflagellate_stx,paralytic shellfish toxins,TOXIN,Temporal Prediction of Paralytic Shellfish Toxins in the Mussel Mytilus galloprovincialis Using a LSTM Neural Network Model from Environmental Data
dino_post2015,STX_DOC_000411,2022.0,dinoflagellate,dinoflagellate_stx,pst,TOXIN,Temporal Prediction of Paralytic Shellfish Toxins in the Mussel Mytilus galloprovincialis Using a LSTM Neural Network Model from Environmental Data
dino_post2015,STX_DOC_000411,2022.0,dinoflagellate,dinoflagellate_stx,psts,TOXIN,Temporal Prediction of Paralytic Shellfish Toxins in the Mussel Mytilus galloprovincialis Using a LSTM Neural Network Model from Environmental Data
dino_post2015,STX_DOC_000411,2022.0,dinoflagellate,dinoflagellate_stx,alexandrium,DINO_TAXON,Temporal Prediction of Paralytic Shellfish Toxins in the Mussel Mytilus galloprovincialis Using a LSTM Neural Network Model from Environmental Data
dino_post2015,STX_DOC_000411,2022.0,dinoflagellate,dinoflagellate_stx,alexandrium catenella,DINO_TAXON,Temporal Prediction of Paralytic Shellfish Toxins in the Mussel Mytilus galloprovincialis Using a LSTM Neural Network Model from Environmental Data
dino_post2015,STX_DOC_000411,2022.0,dinoflagellate,dinoflagellate_stx,temperature,ENV_FACTOR,Temporal Prediction of Paralytic Shellfish Toxins in the Mussel Mytilus galloprovincialis Using a LSTM Neural Network Model from Environmental Data
dino_post2015,STX_DOC_000411,2022.0,dinoflagellate,dinoflagellate_stx,salinity,ENV_FACTOR,Temporal Prediction of Paralytic Shellfish Toxins in the Mussel Mytilus galloprovincialis Using a LSTM Neural Network Model from Environmental Data
dino_post2015,STX_DOC_000412,2022.0,dinoflagellate,dinoflagellate_stx,saxitoxin,TOXIN,"Effects of Two Toxin-Producing Harmful Algae, <i>Alexandrium catenella</i> and <i>Dinophysis acuminata</i> (Dinophyceae), on Activity and Mortality of Larval Shellfish."
dino_post2015,STX_DOC_000412,2022.0,dinoflagellate,dinoflagellate_stx,stx,TOXIN,"Effects of Two Toxin-Producing Harmful Algae, <i>Alexandrium catenella</i> and <i>Dinophysis acuminata</i> (Dinophyceae), on Activity and Mortality of Larval Shellfish."
dino_post2015,STX_DOC_000412,2022.0,dinoflagellate,dinoflagellate_stx,paralytic shellfish poisoning,TOXIN,"Effects of Two Toxin-Producing Harmful Algae, <i>Alexandrium catenella</i> and <i>Dinophysis acuminata</i> (Dinophyceae), on Activity and Mortality of Larval Shellfish."
dino_post2015,STX_DOC_000412,2022.0,dinoflagellate,dinoflagellate_stx,alexandrium,DINO_TAXON,"Effects of Two Toxin-Producing Harmful Algae, <i>Alexandrium catenella</i> and <i>Dinophysis acuminata</i> (Dinophyceae), on Activity and Mortality of Larval Shellfish."
dino_post2015,STX_DOC_000412,2022.0,dinoflagellate,dinoflagellate_stx,alexandrium catenella,DINO_TAXON,"Effects of Two Toxin-Producing Harmful Algae, <i>Alexandrium catenella</i> and <i>Dinophysis acuminata</i> (Dinophyceae), on Activity and Mortality of Larval Shellfish."
dino_post2015,STX_DOC_000412,2022.0,dinoflagellate,dinoflagellate_stx,bloom,ENV_FACTOR,"Effects of Two Toxin-Producing Harmful Algae, <i>Alexandrium catenella</i> and <i>Dinophysis acuminata</i> (Dinophyceae), on Activity and Mortality of Larval Shellfish."
dino_post2015,STX_DOC_000412,2022.0,dinoflagellate,dinoflagellate_stx,harmful algal bloom,ENV_FACTOR,"Effects of Two Toxin-Producing Harmful Algae, <i>Alexandrium catenella</i> and <i>Dinophysis acuminata</i> (Dinophyceae), on Activity and Mortality of Larval Shellfish."
dino_post2015,STX_DOC_000412,2022.0,dinoflagellate,dinoflagellate_stx,toxicity,BIOLOGICAL_PROCESS,"Effects of Two Toxin-Producing Harmful Algae, <i>Alexandrium catenella</i> and <i>Dinophysis acuminata</i> (Dinophyceae), on Activity and Mortality of Larval Shellfish."
dino_post2015,STX_DOC_000413,2021.0,dinoflagellate,dinoflagellate_stx,stx,TOXIN,Accumulation of paralytic shellfish toxins by Southern Rock lobster Jasus edwardsii causes minimal impact on lobster health.
dino_post2015,STX_DOC_000413,2021.0,dinoflagellate,dinoflagellate_stx,paralytic shellfish toxins,TOXIN,Accumulation of paralytic shellfish toxins by Southern Rock lobster Jasus edwardsii causes minimal impact on lobster health.
dino_post2015,STX_DOC_000413,2021.0,dinoflagellate,dinoflagellate_stx,pst,TOXIN,Accumulation of paralytic shellfish toxins by Southern Rock lobster Jasus edwardsii causes minimal impact on lobster health.
dino_post2015,STX_DOC_000413,2021.0,dinoflagellate,dinoflagellate_stx,dinoflagellate,DINO_TAXON,Accumulation of paralytic shellfish toxins by Southern Rock lobster Jasus edwardsii causes minimal impact on lobster health.
dino_post2015,STX_DOC_000413,2021.0,dinoflagellate,dinoflagellate_stx,alexandrium,DINO_TAXON,Accumulation of paralytic shellfish toxins by Southern Rock lobster Jasus edwardsii causes minimal impact on lobster health.
dino_post2015,STX_DOC_000413,2021.0,dinoflagellate,dinoflagellate_stx,alexandrium catenella,DINO_TAXON,Accumulation of paralytic shellfish toxins by Southern Rock lobster Jasus edwardsii causes minimal impact on lobster health.
dino_post2015,STX_DOC_000414,2021.0,dinoflagellate,dinoflagellate_stx,stx,TOXIN,Finding Species-Specific Extracellular Surface-Facing Proteomes in Toxic Dinoflagellates.
dino_post2015,STX_DOC_000414,2021.0,dinoflagellate,dinoflagellate_stx,dinoflagellates,DINO_TAXON,Finding Species-Specific Extracellular Surface-Facing Proteomes in Toxic Dinoflagellates.
dino_post2015,STX_DOC_000414,2021.0,dinoflagellate,dinoflagellate_stx,alexandrium,DINO_TAXON,Finding Species-Specific Extracellular Surface-Facing Proteomes in Toxic Dinoflagellates.
dino_post2015,STX_DOC_000414,2021.0,dinoflagellate,dinoflagellate_stx,alexandrium minutum,DINO_TAXON,Finding Species-Specific Extracellular Surface-Facing Proteomes in Toxic Dinoflagellates.
dino_post2015,STX_DOC_000414,2021.0,dinoflagellate,dinoflagellate_stx,gymnodinium,DINO_TAXON,Finding Species-Specific Extracellular Surface-Facing Proteomes in Toxic Dinoflagellates.
dino_post2015,STX_DOC_000414,2021.0,dinoflagellate,dinoflagellate_stx,gymnodinium catenatum,DINO_TAXON,Finding Species-Specific Extracellular Surface-Facing Proteomes in Toxic Dinoflagellates.
dino_post2015,STX_DOC_000414,2021.0,dinoflagellate,dinoflagellate_stx,expression,BIOLOGICAL_PROCESS,Finding Species-Specific Extracellular Surface-Facing Proteomes in Toxic Dinoflagellates.
dino_post2015,STX_DOC_000414,2021.0,dinoflagellate,dinoflagellate_stx,transcriptomic,BIOLOGICAL_PROCESS,Finding Species-Specific Extracellular Surface-Facing Proteomes in Toxic Dinoflagellates.
dino_post2015,STX_DOC_000414,2021.0,dinoflagellate,dinoflagellate_stx,lc-ms,DETECTION_METHOD,Finding Species-Specific Extracellular Surface-Facing Proteomes in Toxic Dinoflagellates.
dino_post2015,STX_DOC_000414,2021.0,dinoflagellate,dinoflagellate_stx,lc-ms/ms,DETECTION_METHOD,Finding Species-Specific Extracellular Surface-Facing Proteomes in Toxic Dinoflagellates.
dino_post2015,STX_DOC_000414,2021.0,dinoflagellate,dinoflagellate_stx,mass spectrometry,DETECTION_METHOD,Finding Species-Specific Extracellular Surface-Facing Proteomes in Toxic Dinoflagellates.
dino_post2015,STX_DOC_000415,2020.0,dinoflagellate,dinoflagellate_stx,saxitoxin,TOXIN,Alexandrium pacificum and Alexandrium minutum: Harmful or environmentally friendly?
dino_post2015,STX_DOC_000415,2020.0,dinoflagellate,dinoflagellate_stx,dinoflagellate,DINO_TAXON,Alexandrium pacificum and Alexandrium minutum: Harmful or environmentally friendly?
dino_post2015,STX_DOC_000415,2020.0,dinoflagellate,dinoflagellate_stx,dinoflagellates,DINO_TAXON,Alexandrium pacificum and Alexandrium minutum: Harmful or environmentally friendly?
dino_post2015,STX_DOC_000415,2020.0,dinoflagellate,dinoflagellate_stx,alexandrium,DINO_TAXON,Alexandrium pacificum and Alexandrium minutum: Harmful or environmentally friendly?
dino_post2015,STX_DOC_000415,2020.0,dinoflagellate,dinoflagellate_stx,alexandrium minutum,DINO_TAXON,Alexandrium pacificum and Alexandrium minutum: Harmful or environmentally friendly?
dino_post2015,STX_DOC_000415,2020.0,dinoflagellate,dinoflagellate_stx,alexandrium pacificum,DINO_TAXON,Alexandrium pacificum and Alexandrium minutum: Harmful or environmentally friendly?
dino_post2015,STX_DOC_000415,2020.0,dinoflagellate,dinoflagellate_stx,salinity,ENV_FACTOR,Alexandrium pacificum and Alexandrium minutum: Harmful or environmentally friendly?
dino_post2015,STX_DOC_000415,2020.0,dinoflagellate,dinoflagellate_stx,climate,ENV_FACTOR,Alexandrium pacificum and Alexandrium minutum: Harmful or environmentally friendly?
dino_post2015,STX_DOC_000415,2020.0,dinoflagellate,dinoflagellate_stx,biosynthesis,BIOLOGICAL_PROCESS,Alexandrium pacificum and Alexandrium minutum: Harmful or environmentally friendly?
dino_post2015,STX_DOC_000415,2020.0,dinoflagellate,dinoflagellate_stx,toxin production,BIOLOGICAL_PROCESS,Alexandrium pacificum and Alexandrium minutum: Harmful or environmentally friendly?
dino_post2015,STX_DOC_000416,2020.0,cross_taxa,high_confidence_stx_biosynthesis,saxitoxin,TOXIN,Biosynthesis of Saxitoxin in Marine Dinoflagellates: An Omics Perspective.
dino_post2015,STX_DOC_000416,2020.0,cross_taxa,high_confidence_stx_biosynthesis,dinoflagellate,DINO_TAXON,Biosynthesis of Saxitoxin in Marine Dinoflagellates: An Omics Perspective.
dino_post2015,STX_DOC_000416,2020.0,cross_taxa,high_confidence_stx_biosynthesis,dinoflagellates,DINO_TAXON,Biosynthesis of Saxitoxin in Marine Dinoflagellates: An Omics Perspective.
dino_post2015,STX_DOC_000416,2020.0,cross_taxa,high_confidence_stx_biosynthesis,cyanobacteria,CYANO_TAXON,Biosynthesis of Saxitoxin in Marine Dinoflagellates: An Omics Perspective.
dino_post2015,STX_DOC_000416,2020.0,cross_taxa,high_confidence_stx_biosynthesis,cyanobacterial,CYANO_TAXON,Biosynthesis of Saxitoxin in Marine Dinoflagellates: An Omics Perspective.
dino_post2015,STX_DOC_000416,2020.0,cross_taxa,high_confidence_stx_biosynthesis,biosynthesis,BIOLOGICAL_PROCESS,Biosynthesis of Saxitoxin in Marine Dinoflagellates: An Omics Perspective.
dino_post2015,STX_DOC_000416,2020.0,cross_taxa,high_confidence_stx_biosynthesis,saxitoxin biosynthesis,BIOLOGICAL_PROCESS,Biosynthesis of Saxitoxin in Marine Dinoflagellates: An Omics Perspective.
dino_post2015,STX_DOC_000416,2020.0,cross_taxa,high_confidence_stx_biosynthesis,transcriptome,BIOLOGICAL_PROCESS,Biosynthesis of Saxitoxin in Marine Dinoflagellates: An Omics Perspective.
dino_post2015,STX_DOC_000417,2020.0,cross_taxa,dinoflagellate_stx,paralytic shellfish toxins,TOXIN,Paralytic Shellfish Toxins (PST)-Transforming Enzymes: A Review
dino_post2015,STX_DOC_000417,2020.0,cross_taxa,dinoflagellate_stx,pst,TOXIN,Paralytic Shellfish Toxins (PST)-Transforming Enzymes: A Review
dino_post2015,STX_DOC_000417,2020.0,cross_taxa,dinoflagellate_stx,psts,TOXIN,Paralytic Shellfish Toxins (PST)-Transforming Enzymes: A Review
dino_post2015,STX_DOC_000417,2020.0,cross_taxa,dinoflagellate_stx,paralytic shellfish poisoning,TOXIN,Paralytic Shellfish Toxins (PST)-Transforming Enzymes: A Review
dino_post2015,STX_DOC_000417,2020.0,cross_taxa,dinoflagellate_stx,dinoflagellates,DINO_TAXON,Paralytic Shellfish Toxins (PST)-Transforming Enzymes: A Review
dino_post2015,STX_DOC_000417,2020.0,cross_taxa,dinoflagellate_stx,cyanobacteria,CYANO_TAXON,Paralytic Shellfish Toxins (PST)-Transforming Enzymes: A Review
dino_post2015,STX_DOC_000418,2020.0,dinoflagellate,high_confidence_stx_biosynthesis,paralytic shellfish toxins,TOXIN,Production of Paralytic Shellfish Toxins (PSTs) in Toxic Alexandrium catenella is Intertwined with Photosynthesis and Energy Production
dino_post2015,STX_DOC_000418,2020.0,dinoflagellate,high_confidence_stx_biosynthesis,psts,TOXIN,Production of Paralytic Shellfish Toxins (PSTs) in Toxic Alexandrium catenella is Intertwined with Photosynthesis and Energy Production
dino_post2015,STX_DOC_000418,2020.0,dinoflagellate,high_confidence_stx_biosynthesis,alexandrium,DINO_TAXON,Production of Paralytic Shellfish Toxins (PSTs) in Toxic Alexandrium catenella is Intertwined with Photosynthesis and Energy Production
dino_post2015,STX_DOC_000418,2020.0,dinoflagellate,high_confidence_stx_biosynthesis,alexandrium catenella,DINO_TAXON,Production of Paralytic Shellfish Toxins (PSTs) in Toxic Alexandrium catenella is Intertwined with Photosynthesis and Energy Production
dino_post2015,STX_DOC_000418,2020.0,dinoflagellate,high_confidence_stx_biosynthesis,phosphate,ENV_FACTOR,Production of Paralytic Shellfish Toxins (PSTs) in Toxic Alexandrium catenella is Intertwined with Photosynthesis and Energy Production
dino_post2015,STX_DOC_000418,2020.0,dinoflagellate,high_confidence_stx_biosynthesis,light,ENV_FACTOR,Production of Paralytic Shellfish Toxins (PSTs) in Toxic Alexandrium catenella is Intertwined with Photosynthesis and Energy Production
dino_post2015,STX_DOC_000418,2020.0,dinoflagellate,high_confidence_stx_biosynthesis,biosynthesis,BIOLOGICAL_PROCESS,Production of Paralytic Shellfish Toxins (PSTs) in Toxic Alexandrium catenella is Intertwined with Photosynthesis and Energy Production
dino_post2015,STX_DOC_000418,2020.0,dinoflagellate,high_confidence_stx_biosynthesis,toxin biosynthesis,BIOLOGICAL_PROCESS,Production of Paralytic Shellfish Toxins (PSTs) in Toxic Alexandrium catenella is Intertwined with Photosynthesis and Energy Production
dino_post2015,STX_DOC_000418,2020.0,dinoflagellate,high_confidence_stx_biosynthesis,toxicity,BIOLOGICAL_PROCESS,Production of Paralytic Shellfish Toxins (PSTs) in Toxic Alexandrium catenella is Intertwined with Photosynthesis and Energy Production
dino_post2015,STX_DOC_000418,2020.0,dinoflagellate,high_confidence_stx_biosynthesis,toxin production,BIOLOGICAL_PROCESS,Production of Paralytic Shellfish Toxins (PSTs) in Toxic Alexandrium catenella is Intertwined with Photosynthesis and Energy Production
dino_post2015,STX_DOC_000420,2018.0,dinoflagellate,dinoflagellate_stx,saxitoxin,TOXIN,Comparative studies of saxitoxin (STX) -induced cytotoxicity in Neuro-2a and RTG-2 cell lines: An explanation with respect to changes in ROS.
dino_post2015,STX_DOC_000420,2018.0,dinoflagellate,dinoflagellate_stx,stx,TOXIN,Comparative studies of saxitoxin (STX) -induced cytotoxicity in Neuro-2a and RTG-2 cell lines: An explanation with respect to changes in ROS.
dino_post2015,STX_DOC_000420,2018.0,dinoflagellate,dinoflagellate_stx,paralytic shellfish toxin,TOXIN,Comparative studies of saxitoxin (STX) -induced cytotoxicity in Neuro-2a and RTG-2 cell lines: An explanation with respect to changes in ROS.
dino_post2015,STX_DOC_000420,2018.0,dinoflagellate,dinoflagellate_stx,pst,TOXIN,Comparative studies of saxitoxin (STX) -induced cytotoxicity in Neuro-2a and RTG-2 cell lines: An explanation with respect to changes in ROS.
dino_post2015,STX_DOC_000420,2018.0,dinoflagellate,dinoflagellate_stx,dinoflagellates,DINO_TAXON,Comparative studies of saxitoxin (STX) -induced cytotoxicity in Neuro-2a and RTG-2 cell lines: An explanation with respect to changes in ROS.
dino_post2015,STX_DOC_000420,2018.0,dinoflagellate,dinoflagellate_stx,bloom,ENV_FACTOR,Comparative studies of saxitoxin (STX) -induced cytotoxicity in Neuro-2a and RTG-2 cell lines: An explanation with respect to changes in ROS.
dino_post2015,STX_DOC_000423,2018.0,dinoflagellate,dinoflagellate_stx,paralytic shellfish toxin,TOXIN,Costs and Benefits of Putatively Anti-Grazing Defenses in the Marine Dinoflagellate Alexandrium catenella
dino_post2015,STX_DOC_000423,2018.0,dinoflagellate,dinoflagellate_stx,pst,TOXIN,Costs and Benefits of Putatively Anti-Grazing Defenses in the Marine Dinoflagellate Alexandrium catenella
dino_post2015,STX_DOC_000423,2018.0,dinoflagellate,dinoflagellate_stx,dinoflagellate,DINO_TAXON,Costs and Benefits of Putatively Anti-Grazing Defenses in the Marine Dinoflagellate Alexandrium catenella
dino_post2015,STX_DOC_000423,2018.0,dinoflagellate,dinoflagellate_stx,alexandrium,DINO_TAXON,Costs and Benefits of Putatively Anti-Grazing Defenses in the Marine Dinoflagellate Alexandrium catenella
dino_post2015,STX_DOC_000423,2018.0,dinoflagellate,dinoflagellate_stx,alexandrium catenella,DINO_TAXON,Costs and Benefits of Putatively Anti-Grazing Defenses in the Marine Dinoflagellate Alexandrium catenella
dino_post2015,STX_DOC_000423,2018.0,dinoflagellate,dinoflagellate_stx,nutrient,ENV_FACTOR,Costs and Benefits of Putatively Anti-Grazing Defenses in the Marine Dinoflagellate Alexandrium catenella
dino_post2015,STX_DOC_000423,2018.0,dinoflagellate,dinoflagellate_stx,nutrients,ENV_FACTOR,Costs and Benefits of Putatively Anti-Grazing Defenses in the Marine Dinoflagellate Alexandrium catenella
dino_post2015,STX_DOC_000423,2018.0,dinoflagellate,dinoflagellate_stx,light,ENV_FACTOR,Costs and Benefits of Putatively Anti-Grazing Defenses in the Marine Dinoflagellate Alexandrium catenella
dino_post2015,STX_DOC_000423,2018.0,dinoflagellate,dinoflagellate_stx,bloom,ENV_FACTOR,Costs and Benefits of Putatively Anti-Grazing Defenses in the Marine Dinoflagellate Alexandrium catenella
dino_post2015,STX_DOC_000423,2018.0,dinoflagellate,dinoflagellate_stx,expression,BIOLOGICAL_PROCESS,Costs and Benefits of Putatively Anti-Grazing Defenses in the Marine Dinoflagellate Alexandrium catenella
dino_post2015,STX_DOC_000423,2018.0,dinoflagellate,dinoflagellate_stx,toxin production,BIOLOGICAL_PROCESS,Costs and Benefits of Putatively Anti-Grazing Defenses in the Marine Dinoflagellate Alexandrium catenella
dino_post2015,STX_DOC_000424,2017.0,dinoflagellate,dinoflagellate_stx,stx,TOXIN,"The role of a PSP-producing Alexandrium bloom in an unprecedented diamondback terrapin (Malaclemys terrapin) mortality event in Flanders Bay, New York, USA."
dino_post2015,STX_DOC_000424,2017.0,dinoflagellate,dinoflagellate_stx,paralytic shellfish toxin,TOXIN,"The role of a PSP-producing Alexandrium bloom in an unprecedented diamondback terrapin (Malaclemys terrapin) mortality event in Flanders Bay, New York, USA."
dino_post2015,STX_DOC_000424,2017.0,dinoflagellate,dinoflagellate_stx,pst,TOXIN,"The role of a PSP-producing Alexandrium bloom in an unprecedented diamondback terrapin (Malaclemys terrapin) mortality event in Flanders Bay, New York, USA."
dino_post2015,STX_DOC_000424,2017.0,dinoflagellate,dinoflagellate_stx,dinoflagellate,DINO_TAXON,"The role of a PSP-producing Alexandrium bloom in an unprecedented diamondback terrapin (Malaclemys terrapin) mortality event in Flanders Bay, New York, USA."
dino_post2015,STX_DOC_000424,2017.0,dinoflagellate,dinoflagellate_stx,alexandrium,DINO_TAXON,"The role of a PSP-producing Alexandrium bloom in an unprecedented diamondback terrapin (Malaclemys terrapin) mortality event in Flanders Bay, New York, USA."
dino_post2015,STX_DOC_000424,2017.0,dinoflagellate,dinoflagellate_stx,alexandrium fundyense,DINO_TAXON,"The role of a PSP-producing Alexandrium bloom in an unprecedented diamondback terrapin (Malaclemys terrapin) mortality event in Flanders Bay, New York, USA."
dino_post2015,STX_DOC_000424,2017.0,dinoflagellate,dinoflagellate_stx,bloom,ENV_FACTOR,"The role of a PSP-producing Alexandrium bloom in an unprecedented diamondback terrapin (Malaclemys terrapin) mortality event in Flanders Bay, New York, USA."
dino_post2015,STX_DOC_000425,2017.0,cross_taxa,dinoflagellate_stx,saxitoxin,TOXIN,Guanidinium Toxins and Their Interactions with Voltage-Gated Sodium Ion Channels.
dino_post2015,STX_DOC_000425,2017.0,cross_taxa,dinoflagellate_stx,stx,TOXIN,Guanidinium Toxins and Their Interactions with Voltage-Gated Sodium Ion Channels.
dino_post2015,STX_DOC_000425,2017.0,cross_taxa,dinoflagellate_stx,paralytic shellfish toxins,TOXIN,Guanidinium Toxins and Their Interactions with Voltage-Gated Sodium Ion Channels.
dino_post2015,STX_DOC_000425,2017.0,cross_taxa,dinoflagellate_stx,psts,TOXIN,Guanidinium Toxins and Their Interactions with Voltage-Gated Sodium Ion Channels.
dino_post2015,STX_DOC_000425,2017.0,cross_taxa,dinoflagellate_stx,dinoflagellates,DINO_TAXON,Guanidinium Toxins and Their Interactions with Voltage-Gated Sodium Ion Channels.
dino_post2015,STX_DOC_000425,2017.0,cross_taxa,dinoflagellate_stx,cyanobacteria,CYANO_TAXON,Guanidinium Toxins and Their Interactions with Voltage-Gated Sodium Ion Channels.
dino_post2015,STX_DOC_000425,2017.0,cross_taxa,dinoflagellate_stx,biosynthesis,BIOLOGICAL_PROCESS,Guanidinium Toxins and Their Interactions with Voltage-Gated Sodium Ion Channels.
dino_post2015,STX_DOC_000425,2017.0,cross_taxa,dinoflagellate_stx,regulation,BIOLOGICAL_PROCESS,Guanidinium Toxins and Their Interactions with Voltage-Gated Sodium Ion Channels.
dino_post2015,STX_DOC_000450,2025.0,dinoflagellate,dinoflagellate_stx,saxitoxin,TOXIN,Unravelling the toxicity mechanisms of polystyrene nanoplastics on physiological and transcriptomic responses of the marine dinoflagellate Alexandrium minutum.
dino_post2015,STX_DOC_000450,2025.0,dinoflagellate,dinoflagellate_stx,stx,TOXIN,Unravelling the toxicity mechanisms of polystyrene nanoplastics on physiological and transcriptomic responses of the marine dinoflagellate Alexandrium minutum.
dino_post2015,STX_DOC_000450,2025.0,dinoflagellate,dinoflagellate_stx,dinoflagellate,DINO_TAXON,Unravelling the toxicity mechanisms of polystyrene nanoplastics on physiological and transcriptomic responses of the marine dinoflagellate Alexandrium minutum.
dino_post2015,STX_DOC_000450,2025.0,dinoflagellate,dinoflagellate_stx,dinoflagellates,DINO_TAXON,Unravelling the toxicity mechanisms of polystyrene nanoplastics on physiological and transcriptomic responses of the marine dinoflagellate Alexandrium minutum.
dino_post2015,STX_DOC_000450,2025.0,dinoflagellate,dinoflagellate_stx,alexandrium,DINO_TAXON,Unravelling the toxicity mechanisms of polystyrene nanoplastics on physiological and transcriptomic responses of the marine dinoflagellate Alexandrium minutum.
dino_post2015,STX_DOC_000450,2025.0,dinoflagellate,dinoflagellate_stx,alexandrium minutum,DINO_TAXON,Unravelling the toxicity mechanisms of polystyrene nanoplastics on physiological and transcriptomic responses of the marine dinoflagellate Alexandrium minutum.
dino_post2015,STX_DOC_000450,2025.0,dinoflagellate,dinoflagellate_stx,biosynthesis,BIOLOGICAL_PROCESS,Unravelling the toxicity mechanisms of polystyrene nanoplastics on physiological and transcriptomic responses of the marine dinoflagellate Alexandrium minutum.
dino_post2015,STX_DOC_000450,2025.0,dinoflagellate,dinoflagellate_stx,regulation,BIOLOGICAL_PROCESS,Unravelling the toxicity mechanisms of polystyrene nanoplastics on physiological and transcriptomic responses of the marine dinoflagellate Alexandrium minutum.
dino_post2015,STX_DOC_000450,2025.0,dinoflagellate,dinoflagellate_stx,transcriptomic,BIOLOGICAL_PROCESS,Unravelling the toxicity mechanisms of polystyrene nanoplastics on physiological and transcriptomic responses of the marine dinoflagellate Alexandrium minutum.
dino_post2015,STX_DOC_000450,2025.0,dinoflagellate,dinoflagellate_stx,toxicity,BIOLOGICAL_PROCESS,Unravelling the toxicity mechanisms of polystyrene nanoplastics on physiological and transcriptomic responses of the marine dinoflagellate Alexandrium minutum.
dino_post2015,STX_DOC_000450,2025.0,dinoflagellate,dinoflagellate_stx,toxin production,BIOLOGICAL_PROCESS,Unravelling the toxicity mechanisms of polystyrene nanoplastics on physiological and transcriptomic responses of the marine dinoflagellate Alexandrium minutum.
dino_post2015,STX_DOC_000451,2025.0,dinoflagellate,dinoflagellate_stx,paralytic shellfish toxins,TOXIN,"Toxin production in bloom-forming, harmful alga Alexandrium pacificum (Group IV) is regulated by cyst formation-promoting bacteria Jannaschia cystaugens NBRC 100362<sup>T</sup>."
dino_post2015,STX_DOC_000451,2025.0,dinoflagellate,dinoflagellate_stx,psts,TOXIN,"Toxin production in bloom-forming, harmful alga Alexandrium pacificum (Group IV) is regulated by cyst formation-promoting bacteria Jannaschia cystaugens NBRC 100362<sup>T</sup>."
dino_post2015,STX_DOC_000451,2025.0,dinoflagellate,dinoflagellate_stx,dinoflagellates,DINO_TAXON,"Toxin production in bloom-forming, harmful alga Alexandrium pacificum (Group IV) is regulated by cyst formation-promoting bacteria Jannaschia cystaugens NBRC 100362<sup>T</sup>."
dino_post2015,STX_DOC_000451,2025.0,dinoflagellate,dinoflagellate_stx,alexandrium,DINO_TAXON,"Toxin production in bloom-forming, harmful alga Alexandrium pacificum (Group IV) is regulated by cyst formation-promoting bacteria Jannaschia cystaugens NBRC 100362<sup>T</sup>."
dino_post2015,STX_DOC_000451,2025.0,dinoflagellate,dinoflagellate_stx,alexandrium pacificum,DINO_TAXON,"Toxin production in bloom-forming, harmful alga Alexandrium pacificum (Group IV) is regulated by cyst formation-promoting bacteria Jannaschia cystaugens NBRC 100362<sup>T</sup>."
dino_post2015,STX_DOC_000451,2025.0,dinoflagellate,dinoflagellate_stx,nutrient,ENV_FACTOR,"Toxin production in bloom-forming, harmful alga Alexandrium pacificum (Group IV) is regulated by cyst formation-promoting bacteria Jannaschia cystaugens NBRC 100362<sup>T</sup>."
dino_post2015,STX_DOC_000451,2025.0,dinoflagellate,dinoflagellate_stx,bloom,ENV_FACTOR,"Toxin production in bloom-forming, harmful alga Alexandrium pacificum (Group IV) is regulated by cyst formation-promoting bacteria Jannaschia cystaugens NBRC 100362<sup>T</sup>."
dino_post2015,STX_DOC_000451,2025.0,dinoflagellate,dinoflagellate_stx,toxicity,BIOLOGICAL_PROCESS,"Toxin production in bloom-forming, harmful alga Alexandrium pacificum (Group IV) is regulated by cyst formation-promoting bacteria Jannaschia cystaugens NBRC 100362<sup>T</sup>."
dino_post2015,STX_DOC_000451,2025.0,dinoflagellate,dinoflagellate_stx,toxin production,BIOLOGICAL_PROCESS,"Toxin production in bloom-forming, harmful alga Alexandrium pacificum (Group IV) is regulated by cyst formation-promoting bacteria Jannaschia cystaugens NBRC 100362<sup>T</sup>."
dino_post2015,STX_DOC_000452,2024.0,dinoflagellate,high_confidence_stx_biosynthesis,paralytic shellfish toxins,TOXIN,Screening of associated bacteria of <i>Alexandrium catenella</i> on affecting PSTs production and influence mechanism
dino_post2015,STX_DOC_000452,2024.0,dinoflagellate,high_confidence_stx_biosynthesis,psts,TOXIN,Screening of associated bacteria of <i>Alexandrium catenella</i> on affecting PSTs production and influence mechanism
dino_post2015,STX_DOC_000452,2024.0,dinoflagellate,high_confidence_stx_biosynthesis,sxta,SXT_GENE,Screening of associated bacteria of <i>Alexandrium catenella</i> on affecting PSTs production and influence mechanism
dino_post2015,STX_DOC_000452,2024.0,dinoflagellate,high_confidence_stx_biosynthesis,alexandrium,DINO_TAXON,Screening of associated bacteria of <i>Alexandrium catenella</i> on affecting PSTs production and influence mechanism
dino_post2015,STX_DOC_000452,2024.0,dinoflagellate,high_confidence_stx_biosynthesis,alexandrium catenella,DINO_TAXON,Screening of associated bacteria of <i>Alexandrium catenella</i> on affecting PSTs production and influence mechanism
dino_post2015,STX_DOC_000452,2024.0,dinoflagellate,high_confidence_stx_biosynthesis,nitrogen,ENV_FACTOR,Screening of associated bacteria of <i>Alexandrium catenella</i> on affecting PSTs production and influence mechanism
dino_post2015,STX_DOC_000452,2024.0,dinoflagellate,high_confidence_stx_biosynthesis,biosynthesis,BIOLOGICAL_PROCESS,Screening of associated bacteria of <i>Alexandrium catenella</i> on affecting PSTs production and influence mechanism
dino_post2015,STX_DOC_000452,2024.0,dinoflagellate,high_confidence_stx_biosynthesis,regulation,BIOLOGICAL_PROCESS,Screening of associated bacteria of <i>Alexandrium catenella</i> on affecting PSTs production and influence mechanism
dino_post2015,STX_DOC_000452,2024.0,dinoflagellate,high_confidence_stx_biosynthesis,expression,BIOLOGICAL_PROCESS,Screening of associated bacteria of <i>Alexandrium catenella</i> on affecting PSTs production and influence mechanism
dino_post2015,STX_DOC_000455,2022.0,dinoflagellate,dinoflagellate_stx,paralytic shellfish toxin,TOXIN,The effect of iron on Chilean Alexandrium catenella growth and paralytic shellfish toxin production as related to algal blooms
dino_post2015,STX_DOC_000455,2022.0,dinoflagellate,dinoflagellate_stx,dinoflagellate,DINO_TAXON,The effect of iron on Chilean Alexandrium catenella growth and paralytic shellfish toxin production as related to algal blooms
dino_post2015,STX_DOC_000455,2022.0,dinoflagellate,dinoflagellate_stx,alexandrium,DINO_TAXON,The effect of iron on Chilean Alexandrium catenella growth and paralytic shellfish toxin production as related to algal blooms
dino_post2015,STX_DOC_000455,2022.0,dinoflagellate,dinoflagellate_stx,alexandrium catenella,DINO_TAXON,The effect of iron on Chilean Alexandrium catenella growth and paralytic shellfish toxin production as related to algal blooms
dino_post2015,STX_DOC_000455,2022.0,dinoflagellate,dinoflagellate_stx,nutrient,ENV_FACTOR,The effect of iron on Chilean Alexandrium catenella growth and paralytic shellfish toxin production as related to algal blooms
dino_post2015,STX_DOC_000455,2022.0,dinoflagellate,dinoflagellate_stx,bloom,ENV_FACTOR,The effect of iron on Chilean Alexandrium catenella growth and paralytic shellfish toxin production as related to algal blooms
dino_post2015,STX_DOC_000455,2022.0,dinoflagellate,dinoflagellate_stx,toxin production,BIOLOGICAL_PROCESS,The effect of iron on Chilean Alexandrium catenella growth and paralytic shellfish toxin production as related to algal blooms
dino_post2015,STX_DOC_000457,2022.0,dinoflagellate,dinoflagellate_stx,saxitoxin,TOXIN,Physical factors influencing the production of saxitoxin analogues in Gymnodinium catenatum and Alexandrium pacificum cultures
dino_post2015,STX_DOC_000457,2022.0,dinoflagellate,dinoflagellate_stx,dinoflagellates,DINO_TAXON,Physical factors influencing the production of saxitoxin analogues in Gymnodinium catenatum and Alexandrium pacificum cultures
dino_post2015,STX_DOC_000457,2022.0,dinoflagellate,dinoflagellate_stx,alexandrium,DINO_TAXON,Physical factors influencing the production of saxitoxin analogues in Gymnodinium catenatum and Alexandrium pacificum cultures
dino_post2015,STX_DOC_000457,2022.0,dinoflagellate,dinoflagellate_stx,alexandrium pacificum,DINO_TAXON,Physical factors influencing the production of saxitoxin analogues in Gymnodinium catenatum and Alexandrium pacificum cultures
dino_post2015,STX_DOC_000457,2022.0,dinoflagellate,dinoflagellate_stx,gymnodinium,DINO_TAXON,Physical factors influencing the production of saxitoxin analogues in Gymnodinium catenatum and Alexandrium pacificum cultures
dino_post2015,STX_DOC_000457,2022.0,dinoflagellate,dinoflagellate_stx,gymnodinium catenatum,DINO_TAXON,Physical factors influencing the production of saxitoxin analogues in Gymnodinium catenatum and Alexandrium pacificum cultures
dino_post2015,STX_DOC_000457,2022.0,dinoflagellate,dinoflagellate_stx,temperature,ENV_FACTOR,Physical factors influencing the production of saxitoxin analogues in Gymnodinium catenatum and Alexandrium pacificum cultures
dino_post2015,STX_DOC_000457,2022.0,dinoflagellate,dinoflagellate_stx,toxin production,BIOLOGICAL_PROCESS,Physical factors influencing the production of saxitoxin analogues in Gymnodinium catenatum and Alexandrium pacificum cultures
dino_post2015,STX_DOC_000458,2022.0,dinoflagellate,dinoflagellate_stx,saxitoxin,TOXIN,Physical factors influencing the production of saxitoxin analogues in Gymnodinium catenatum and Alexandrium pacificum cultures
dino_post2015,STX_DOC_000458,2022.0,dinoflagellate,dinoflagellate_stx,dinoflagellates,DINO_TAXON,Physical factors influencing the production of saxitoxin analogues in Gymnodinium catenatum and Alexandrium pacificum cultures
dino_post2015,STX_DOC_000458,2022.0,dinoflagellate,dinoflagellate_stx,alexandrium,DINO_TAXON,Physical factors influencing the production of saxitoxin analogues in Gymnodinium catenatum and Alexandrium pacificum cultures
dino_post2015,STX_DOC_000458,2022.0,dinoflagellate,dinoflagellate_stx,alexandrium pacificum,DINO_TAXON,Physical factors influencing the production of saxitoxin analogues in Gymnodinium catenatum and Alexandrium pacificum cultures
dino_post2015,STX_DOC_000458,2022.0,dinoflagellate,dinoflagellate_stx,gymnodinium,DINO_TAXON,Physical factors influencing the production of saxitoxin analogues in Gymnodinium catenatum and Alexandrium pacificum cultures
dino_post2015,STX_DOC_000458,2022.0,dinoflagellate,dinoflagellate_stx,gymnodinium catenatum,DINO_TAXON,Physical factors influencing the production of saxitoxin analogues in Gymnodinium catenatum and Alexandrium pacificum cultures
dino_post2015,STX_DOC_000458,2022.0,dinoflagellate,dinoflagellate_stx,temperature,ENV_FACTOR,Physical factors influencing the production of saxitoxin analogues in Gymnodinium catenatum and Alexandrium pacificum cultures
dino_post2015,STX_DOC_000458,2022.0,dinoflagellate,dinoflagellate_stx,toxin production,BIOLOGICAL_PROCESS,Physical factors influencing the production of saxitoxin analogues in Gymnodinium catenatum and Alexandrium pacificum cultures
dino_post2015,STX_DOC_000459,2022.0,dinoflagellate,dinoflagellate_stx,saxitoxin,TOXIN,"Phytoplankton Composition during a Period of the Red Tide Bans in 2017 in Irong-Irong Bay, Western Samar, Philippines"
dino_post2015,STX_DOC_000459,2022.0,dinoflagellate,dinoflagellate_stx,paralytic shellfish poisoning,TOXIN,"Phytoplankton Composition during a Period of the Red Tide Bans in 2017 in Irong-Irong Bay, Western Samar, Philippines"
dino_post2015,STX_DOC_000459,2022.0,dinoflagellate,dinoflagellate_stx,dinoflagellates,DINO_TAXON,"Phytoplankton Composition during a Period of the Red Tide Bans in 2017 in Irong-Irong Bay, Western Samar, Philippines"
dino_post2015,STX_DOC_000459,2022.0,dinoflagellate,dinoflagellate_stx,pyrodinium,DINO_TAXON,"Phytoplankton Composition during a Period of the Red Tide Bans in 2017 in Irong-Irong Bay, Western Samar, Philippines"
dino_post2015,STX_DOC_000459,2022.0,dinoflagellate,dinoflagellate_stx,pyrodinium bahamense,DINO_TAXON,"Phytoplankton Composition during a Period of the Red Tide Bans in 2017 in Irong-Irong Bay, Western Samar, Philippines"
dino_post2015,STX_DOC_000459,2022.0,dinoflagellate,dinoflagellate_stx,temperature,ENV_FACTOR,"Phytoplankton Composition during a Period of the Red Tide Bans in 2017 in Irong-Irong Bay, Western Samar, Philippines"
dino_post2015,STX_DOC_000459,2022.0,dinoflagellate,dinoflagellate_stx,salinity,ENV_FACTOR,"Phytoplankton Composition during a Period of the Red Tide Bans in 2017 in Irong-Irong Bay, Western Samar, Philippines"
dino_post2015,STX_DOC_000459,2022.0,dinoflagellate,dinoflagellate_stx,nutrient,ENV_FACTOR,"Phytoplankton Composition during a Period of the Red Tide Bans in 2017 in Irong-Irong Bay, Western Samar, Philippines"
dino_post2015,STX_DOC_000460,2021.0,cross_taxa,high_confidence_stx_biosynthesis,saxitoxin,TOXIN,"Cover Feature: Heterologous Expression of an Unusual Ketosynthase, SxtA, Leads to Production of Saxitoxin Intermediates in <i>Escherichia coli</i> (5/2021)"
dino_post2015,STX_DOC_000460,2021.0,cross_taxa,high_confidence_stx_biosynthesis,sxta,SXT_GENE,"Cover Feature: Heterologous Expression of an Unusual Ketosynthase, SxtA, Leads to Production of Saxitoxin Intermediates in <i>Escherichia coli</i> (5/2021)"
dino_post2015,STX_DOC_000460,2021.0,cross_taxa,high_confidence_stx_biosynthesis,dinoflagellates,DINO_TAXON,"Cover Feature: Heterologous Expression of an Unusual Ketosynthase, SxtA, Leads to Production of Saxitoxin Intermediates in <i>Escherichia coli</i> (5/2021)"
dino_post2015,STX_DOC_000460,2021.0,cross_taxa,high_confidence_stx_biosynthesis,cyanobacteria,CYANO_TAXON,"Cover Feature: Heterologous Expression of an Unusual Ketosynthase, SxtA, Leads to Production of Saxitoxin Intermediates in <i>Escherichia coli</i> (5/2021)"
dino_post2015,STX_DOC_000460,2021.0,cross_taxa,high_confidence_stx_biosynthesis,bloom,ENV_FACTOR,"Cover Feature: Heterologous Expression of an Unusual Ketosynthase, SxtA, Leads to Production of Saxitoxin Intermediates in <i>Escherichia coli</i> (5/2021)"
dino_post2015,STX_DOC_000460,2021.0,cross_taxa,high_confidence_stx_biosynthesis,expression,BIOLOGICAL_PROCESS,"Cover Feature: Heterologous Expression of an Unusual Ketosynthase, SxtA, Leads to Production of Saxitoxin Intermediates in <i>Escherichia coli</i> (5/2021)"
dino_post2015,STX_DOC_000464,2021.0,dinoflagellate,dinoflagellate_stx,paralytic shellfish toxins,TOXIN,Dynamics of the Toxic Dinoflagellate Alexandrium pacificum in the Taiwan Strait and Its Linkages to Surrounding Populations
dino_post2015,STX_DOC_000464,2021.0,dinoflagellate,dinoflagellate_stx,dinoflagellate,DINO_TAXON,Dynamics of the Toxic Dinoflagellate Alexandrium pacificum in the Taiwan Strait and Its Linkages to Surrounding Populations
dino_post2015,STX_DOC_000464,2021.0,dinoflagellate,dinoflagellate_stx,alexandrium,DINO_TAXON,Dynamics of the Toxic Dinoflagellate Alexandrium pacificum in the Taiwan Strait and Its Linkages to Surrounding Populations
dino_post2015,STX_DOC_000464,2021.0,dinoflagellate,dinoflagellate_stx,alexandrium pacificum,DINO_TAXON,Dynamics of the Toxic Dinoflagellate Alexandrium pacificum in the Taiwan Strait and Its Linkages to Surrounding Populations
dino_post2015,STX_DOC_000464,2021.0,dinoflagellate,dinoflagellate_stx,nitrogen,ENV_FACTOR,Dynamics of the Toxic Dinoflagellate Alexandrium pacificum in the Taiwan Strait and Its Linkages to Surrounding Populations
dino_post2015,STX_DOC_000464,2021.0,dinoflagellate,dinoflagellate_stx,phosphate,ENV_FACTOR,Dynamics of the Toxic Dinoflagellate Alexandrium pacificum in the Taiwan Strait and Its Linkages to Surrounding Populations
dino_post2015,STX_DOC_000464,2021.0,dinoflagellate,dinoflagellate_stx,nutrients,ENV_FACTOR,Dynamics of the Toxic Dinoflagellate Alexandrium pacificum in the Taiwan Strait and Its Linkages to Surrounding Populations
dino_post2015,STX_DOC_000464,2021.0,dinoflagellate,dinoflagellate_stx,bloom,ENV_FACTOR,Dynamics of the Toxic Dinoflagellate Alexandrium pacificum in the Taiwan Strait and Its Linkages to Surrounding Populations
dino_post2015,STX_DOC_000465,2021.0,dinoflagellate,dinoflagellate_stx,paralytic shellfish poisoning,TOXIN,On paralytic shellfish poisoning producing capacity of &amp;lt;italic&amp;gt;Alexandrium tamarense&amp;lt;/italic&amp;gt;
dino_post2015,STX_DOC_000465,2021.0,dinoflagellate,dinoflagellate_stx,alexandrium,DINO_TAXON,On paralytic shellfish poisoning producing capacity of &amp;lt;italic&amp;gt;Alexandrium tamarense&amp;lt;/italic&amp;gt;
dino_post2015,STX_DOC_000465,2021.0,dinoflagellate,dinoflagellate_stx,alexandrium tamarense,DINO_TAXON,On paralytic shellfish poisoning producing capacity of &amp;lt;italic&amp;gt;Alexandrium tamarense&amp;lt;/italic&amp;gt;
dino_post2015,STX_DOC_000465,2021.0,dinoflagellate,dinoflagellate_stx,salinity,ENV_FACTOR,On paralytic shellfish poisoning producing capacity of &amp;lt;italic&amp;gt;Alexandrium tamarense&amp;lt;/italic&amp;gt;
dino_post2015,STX_DOC_000465,2021.0,dinoflagellate,dinoflagellate_stx,nutrient,ENV_FACTOR,On paralytic shellfish poisoning producing capacity of &amp;lt;italic&amp;gt;Alexandrium tamarense&amp;lt;/italic&amp;gt;
dino_post2015,STX_DOC_000465,2021.0,dinoflagellate,dinoflagellate_stx,toxicity,BIOLOGICAL_PROCESS,On paralytic shellfish poisoning producing capacity of &amp;lt;italic&amp;gt;Alexandrium tamarense&amp;lt;/italic&amp;gt;
dino_post2015,STX_DOC_000465,2021.0,dinoflagellate,dinoflagellate_stx,lc-ms,DETECTION_METHOD,On paralytic shellfish poisoning producing capacity of &amp;lt;italic&amp;gt;Alexandrium tamarense&amp;lt;/italic&amp;gt;
dino_post2015,STX_DOC_000465,2021.0,dinoflagellate,dinoflagellate_stx,lc-ms/ms,DETECTION_METHOD,On paralytic shellfish poisoning producing capacity of &amp;lt;italic&amp;gt;Alexandrium tamarense&amp;lt;/italic&amp;gt;
dino_post2015,STX_DOC_000465,2021.0,dinoflagellate,dinoflagellate_stx,mass spectrometry,DETECTION_METHOD,On paralytic shellfish poisoning producing capacity of &amp;lt;italic&amp;gt;Alexandrium tamarense&amp;lt;/italic&amp;gt;
dino_post2015,STX_DOC_000466,2020.0,dinoflagellate,dinoflagellate_stx,saxitoxin,TOXIN,"Seasonal variations of phytoplankton assemblages in relation to environmental factors in Mediterranean coastal waters of Morocco, a focus on HABs species."
dino_post2015,STX_DOC_000466,2020.0,dinoflagellate,dinoflagellate_stx,paralytic shellfish poisoning,TOXIN,"Seasonal variations of phytoplankton assemblages in relation to environmental factors in Mediterranean coastal waters of Morocco, a focus on HABs species."
dino_post2015,STX_DOC_000466,2020.0,dinoflagellate,dinoflagellate_stx,gymnodinium,DINO_TAXON,"Seasonal variations of phytoplankton assemblages in relation to environmental factors in Mediterranean coastal waters of Morocco, a focus on HABs species."
dino_post2015,STX_DOC_000466,2020.0,dinoflagellate,dinoflagellate_stx,gymnodinium catenatum,DINO_TAXON,"Seasonal variations of phytoplankton assemblages in relation to environmental factors in Mediterranean coastal waters of Morocco, a focus on HABs species."
dino_post2015,STX_DOC_000466,2020.0,dinoflagellate,dinoflagellate_stx,temperature,ENV_FACTOR,"Seasonal variations of phytoplankton assemblages in relation to environmental factors in Mediterranean coastal waters of Morocco, a focus on HABs species."
dino_post2015,STX_DOC_000466,2020.0,dinoflagellate,dinoflagellate_stx,salinity,ENV_FACTOR,"Seasonal variations of phytoplankton assemblages in relation to environmental factors in Mediterranean coastal waters of Morocco, a focus on HABs species."
dino_post2015,STX_DOC_000466,2020.0,dinoflagellate,dinoflagellate_stx,nitrogen,ENV_FACTOR,"Seasonal variations of phytoplankton assemblages in relation to environmental factors in Mediterranean coastal waters of Morocco, a focus on HABs species."
dino_post2015,STX_DOC_000466,2020.0,dinoflagellate,dinoflagellate_stx,nutrient,ENV_FACTOR,"Seasonal variations of phytoplankton assemblages in relation to environmental factors in Mediterranean coastal waters of Morocco, a focus on HABs species."
dino_post2015,STX_DOC_000466,2020.0,dinoflagellate,dinoflagellate_stx,toxicity,BIOLOGICAL_PROCESS,"Seasonal variations of phytoplankton assemblages in relation to environmental factors in Mediterranean coastal waters of Morocco, a focus on HABs species."
dino_post2015,STX_DOC_000467,2020.0,cross_taxa,dinoflagellate_stx,stx,TOXIN,Toxigenic phytoplankton groups and neurotoxin levels related to two contrasting environmental conditions at the coastal area of Rio de Janeiro (west of South Atlantic).
dino_post2015,STX_DOC_000467,2020.0,cross_taxa,dinoflagellate_stx,dinoflagellates,DINO_TAXON,Toxigenic phytoplankton groups and neurotoxin levels related to two contrasting environmental conditions at the coastal area of Rio de Janeiro (west of South Atlantic).
dino_post2015,STX_DOC_000467,2020.0,cross_taxa,dinoflagellate_stx,alexandrium,DINO_TAXON,Toxigenic phytoplankton groups and neurotoxin levels related to two contrasting environmental conditions at the coastal area of Rio de Janeiro (west of South Atlantic).
dino_post2015,STX_DOC_000467,2020.0,cross_taxa,dinoflagellate_stx,gymnodinium,DINO_TAXON,Toxigenic phytoplankton groups and neurotoxin levels related to two contrasting environmental conditions at the coastal area of Rio de Janeiro (west of South Atlantic).
dino_post2015,STX_DOC_000467,2020.0,cross_taxa,dinoflagellate_stx,cyanobacteria,CYANO_TAXON,Toxigenic phytoplankton groups and neurotoxin levels related to two contrasting environmental conditions at the coastal area of Rio de Janeiro (west of South Atlantic).
dino_post2015,STX_DOC_000467,2020.0,cross_taxa,dinoflagellate_stx,hplc,DETECTION_METHOD,Toxigenic phytoplankton groups and neurotoxin levels related to two contrasting environmental conditions at the coastal area of Rio de Janeiro (west of South Atlantic).
dino_post2015,STX_DOC_000469,2019.0,dinoflagellate,dinoflagellate_stx,saxitoxin,TOXIN,"Draft Genome Sequence of <i>Marinobacter</i> sp. Strain LZ-6, Isolated from the Toxic Dinoflagellate <i>Alexandrium catenella</i>."
dino_post2015,STX_DOC_000469,2019.0,dinoflagellate,dinoflagellate_stx,psts,TOXIN,"Draft Genome Sequence of <i>Marinobacter</i> sp. Strain LZ-6, Isolated from the Toxic Dinoflagellate <i>Alexandrium catenella</i>."
dino_post2015,STX_DOC_000469,2019.0,dinoflagellate,dinoflagellate_stx,paralytic shellfish poisoning,TOXIN,"Draft Genome Sequence of <i>Marinobacter</i> sp. Strain LZ-6, Isolated from the Toxic Dinoflagellate <i>Alexandrium catenella</i>."
dino_post2015,STX_DOC_000469,2019.0,dinoflagellate,dinoflagellate_stx,dinoflagellate,DINO_TAXON,"Draft Genome Sequence of <i>Marinobacter</i> sp. Strain LZ-6, Isolated from the Toxic Dinoflagellate <i>Alexandrium catenella</i>."
dino_post2015,STX_DOC_000469,2019.0,dinoflagellate,dinoflagellate_stx,alexandrium,DINO_TAXON,"Draft Genome Sequence of <i>Marinobacter</i> sp. Strain LZ-6, Isolated from the Toxic Dinoflagellate <i>Alexandrium catenella</i>."
dino_post2015,STX_DOC_000469,2019.0,dinoflagellate,dinoflagellate_stx,alexandrium catenella,DINO_TAXON,"Draft Genome Sequence of <i>Marinobacter</i> sp. Strain LZ-6, Isolated from the Toxic Dinoflagellate <i>Alexandrium catenella</i>."
dino_post2015,STX_DOC_000469,2019.0,dinoflagellate,dinoflagellate_stx,biosynthesis,BIOLOGICAL_PROCESS,"Draft Genome Sequence of <i>Marinobacter</i> sp. Strain LZ-6, Isolated from the Toxic Dinoflagellate <i>Alexandrium catenella</i>."
dino_post2015,STX_DOC_000473,2017.0,cross_taxa,dinoflagellate_stx,saxitoxin,TOXIN,Influence of environmental variables on saxitoxin yields by Cylindrospermopsis raciborskii in a mesotrophic subtropical reservoir.
dino_post2015,STX_DOC_000473,2017.0,cross_taxa,dinoflagellate_stx,dinoflagellates,DINO_TAXON,Influence of environmental variables on saxitoxin yields by Cylindrospermopsis raciborskii in a mesotrophic subtropical reservoir.
dino_post2015,STX_DOC_000473,2017.0,cross_taxa,dinoflagellate_stx,cyanobacteria,CYANO_TAXON,Influence of environmental variables on saxitoxin yields by Cylindrospermopsis raciborskii in a mesotrophic subtropical reservoir.
dino_post2015,STX_DOC_000473,2017.0,cross_taxa,dinoflagellate_stx,cylindrospermopsis,CYANO_TAXON,Influence of environmental variables on saxitoxin yields by Cylindrospermopsis raciborskii in a mesotrophic subtropical reservoir.
dino_post2015,STX_DOC_000473,2017.0,cross_taxa,dinoflagellate_stx,nitrate,ENV_FACTOR,Influence of environmental variables on saxitoxin yields by Cylindrospermopsis raciborskii in a mesotrophic subtropical reservoir.
dino_post2015,STX_DOC_000473,2017.0,cross_taxa,dinoflagellate_stx,nutrients,ENV_FACTOR,Influence of environmental variables on saxitoxin yields by Cylindrospermopsis raciborskii in a mesotrophic subtropical reservoir.
dino_post2015,STX_DOC_000473,2017.0,cross_taxa,dinoflagellate_stx,toxicity,BIOLOGICAL_PROCESS,Influence of environmental variables on saxitoxin yields by Cylindrospermopsis raciborskii in a mesotrophic subtropical reservoir.
dino_post2015,STX_DOC_000475,2017.0,dinoflagellate,dinoflagellate_stx,saxitoxin,TOXIN,"Case Report: Paralytic Shellfish Poisoning in Sabah, Malaysia."
dino_post2015,STX_DOC_000475,2017.0,dinoflagellate,dinoflagellate_stx,stx,TOXIN,"Case Report: Paralytic Shellfish Poisoning in Sabah, Malaysia."
dino_post2015,STX_DOC_000475,2017.0,dinoflagellate,dinoflagellate_stx,paralytic shellfish poisoning,TOXIN,"Case Report: Paralytic Shellfish Poisoning in Sabah, Malaysia."
dino_post2015,STX_DOC_000475,2017.0,dinoflagellate,dinoflagellate_stx,dinoflagellates,DINO_TAXON,"Case Report: Paralytic Shellfish Poisoning in Sabah, Malaysia."
dino_post2015,STX_DOC_000475,2017.0,dinoflagellate,dinoflagellate_stx,pyrodinium,DINO_TAXON,"Case Report: Paralytic Shellfish Poisoning in Sabah, Malaysia."
dino_post2015,STX_DOC_000475,2017.0,dinoflagellate,dinoflagellate_stx,pyrodinium bahamense,DINO_TAXON,"Case Report: Paralytic Shellfish Poisoning in Sabah, Malaysia."
dino_post2015,STX_DOC_000477,2016.0,cross_taxa,dinoflagellate_stx,saxitoxin,TOXIN,Saxitoxin and Analogues
dino_post2015,STX_DOC_000477,2016.0,cross_taxa,dinoflagellate_stx,paralytic shellfish poisoning,TOXIN,Saxitoxin and Analogues
dino_post2015,STX_DOC_000477,2016.0,cross_taxa,dinoflagellate_stx,dinoflagellates,DINO_TAXON,Saxitoxin and Analogues
dino_post2015,STX_DOC_000477,2016.0,cross_taxa,dinoflagellate_stx,cyanobacteria,CYANO_TAXON,Saxitoxin and Analogues
dino_post2015,STX_DOC_000477,2016.0,cross_taxa,dinoflagellate_stx,cyanobacterial,CYANO_TAXON,Saxitoxin and Analogues
dino_post2015,STX_DOC_000477,2016.0,cross_taxa,dinoflagellate_stx,biosynthesis,BIOLOGICAL_PROCESS,Saxitoxin and Analogues
dino_post2015,STX_DOC_000477,2016.0,cross_taxa,dinoflagellate_stx,toxicity,BIOLOGICAL_PROCESS,Saxitoxin and Analogues
dino_post2015,STX_DOC_000478,2016.0,dinoflagellate,dinoflagellate_stx,gonyautoxin,TOXIN,"Molecularly imprinted polymer as efficient sorbent of solid-phase extraction for determination of gonyautoxin 1,4 in seawater followed by high-performance liquid chromatography-fluorescence detection."
dino_post2015,STX_DOC_000478,2016.0,dinoflagellate,dinoflagellate_stx,gtx,TOXIN,"Molecularly imprinted polymer as efficient sorbent of solid-phase extraction for determination of gonyautoxin 1,4 in seawater followed by high-performance liquid chromatography-fluorescence detection."
dino_post2015,STX_DOC_000478,2016.0,dinoflagellate,dinoflagellate_stx,alexandrium,DINO_TAXON,"Molecularly imprinted polymer as efficient sorbent of solid-phase extraction for determination of gonyautoxin 1,4 in seawater followed by high-performance liquid chromatography-fluorescence detection."
dino_post2015,STX_DOC_000478,2016.0,dinoflagellate,dinoflagellate_stx,alexandrium minutum,DINO_TAXON,"Molecularly imprinted polymer as efficient sorbent of solid-phase extraction for determination of gonyautoxin 1,4 in seawater followed by high-performance liquid chromatography-fluorescence detection."
dino_post2015,STX_DOC_000478,2016.0,dinoflagellate,dinoflagellate_stx,alexandrium tamarense,DINO_TAXON,"Molecularly imprinted polymer as efficient sorbent of solid-phase extraction for determination of gonyautoxin 1,4 in seawater followed by high-performance liquid chromatography-fluorescence detection."
dino_post2015,STX_DOC_000478,2016.0,dinoflagellate,dinoflagellate_stx,hplc,DETECTION_METHOD,"Molecularly imprinted polymer as efficient sorbent of solid-phase extraction for determination of gonyautoxin 1,4 in seawater followed by high-performance liquid chromatography-fluorescence detection."
dino_post2015,STX_DOC_000481,2016.0,dinoflagellate,high_confidence_stx_biosynthesis,saxitoxin,TOXIN,Seasonality and toxin production of Pyrodinium bahamense in a Red Sea lagoon.
dino_post2015,STX_DOC_000481,2016.0,dinoflagellate,high_confidence_stx_biosynthesis,sxta4,SXT_GENE,Seasonality and toxin production of Pyrodinium bahamense in a Red Sea lagoon.
dino_post2015,STX_DOC_000481,2016.0,dinoflagellate,high_confidence_stx_biosynthesis,dinoflagellate,DINO_TAXON,Seasonality and toxin production of Pyrodinium bahamense in a Red Sea lagoon.
dino_post2015,STX_DOC_000481,2016.0,dinoflagellate,high_confidence_stx_biosynthesis,pyrodinium,DINO_TAXON,Seasonality and toxin production of Pyrodinium bahamense in a Red Sea lagoon.
dino_post2015,STX_DOC_000481,2016.0,dinoflagellate,high_confidence_stx_biosynthesis,pyrodinium bahamense,DINO_TAXON,Seasonality and toxin production of Pyrodinium bahamense in a Red Sea lagoon.
dino_post2015,STX_DOC_000481,2016.0,dinoflagellate,high_confidence_stx_biosynthesis,bloom,ENV_FACTOR,Seasonality and toxin production of Pyrodinium bahamense in a Red Sea lagoon.
dino_post2015,STX_DOC_000481,2016.0,dinoflagellate,high_confidence_stx_biosynthesis,expression,BIOLOGICAL_PROCESS,Seasonality and toxin production of Pyrodinium bahamense in a Red Sea lagoon.
dino_post2015,STX_DOC_000481,2016.0,dinoflagellate,high_confidence_stx_biosynthesis,gene expression,BIOLOGICAL_PROCESS,Seasonality and toxin production of Pyrodinium bahamense in a Red Sea lagoon.
dino_post2015,STX_DOC_000481,2016.0,dinoflagellate,high_confidence_stx_biosynthesis,toxicity,BIOLOGICAL_PROCESS,Seasonality and toxin production of Pyrodinium bahamense in a Red Sea lagoon.
dino_post2015,STX_DOC_000481,2016.0,dinoflagellate,high_confidence_stx_biosynthesis,toxin production,BIOLOGICAL_PROCESS,Seasonality and toxin production of Pyrodinium bahamense in a Red Sea lagoon.
dino_post2015,STX_DOC_000481,2016.0,dinoflagellate,high_confidence_stx_biosynthesis,elisa,DETECTION_METHOD,Seasonality and toxin production of Pyrodinium bahamense in a Red Sea lagoon.
dino_post2015,STX_DOC_000482,2016.0,dinoflagellate,high_confidence_stx_biosynthesis,paralytic shellfish poisoning,TOXIN,Screening Assay Establishment for Toxigenic Bacteria from PSP-producing Dinoflagellate Alexandrium tamarense Cultures
dino_post2015,STX_DOC_000482,2016.0,dinoflagellate,high_confidence_stx_biosynthesis,sxta,SXT_GENE,Screening Assay Establishment for Toxigenic Bacteria from PSP-producing Dinoflagellate Alexandrium tamarense Cultures
dino_post2015,STX_DOC_000482,2016.0,dinoflagellate,high_confidence_stx_biosynthesis,dinoflagellate,DINO_TAXON,Screening Assay Establishment for Toxigenic Bacteria from PSP-producing Dinoflagellate Alexandrium tamarense Cultures
dino_post2015,STX_DOC_000482,2016.0,dinoflagellate,high_confidence_stx_biosynthesis,dinoflagellates,DINO_TAXON,Screening Assay Establishment for Toxigenic Bacteria from PSP-producing Dinoflagellate Alexandrium tamarense Cultures
dino_post2015,STX_DOC_000482,2016.0,dinoflagellate,high_confidence_stx_biosynthesis,alexandrium,DINO_TAXON,Screening Assay Establishment for Toxigenic Bacteria from PSP-producing Dinoflagellate Alexandrium tamarense Cultures
dino_post2015,STX_DOC_000482,2016.0,dinoflagellate,high_confidence_stx_biosynthesis,alexandrium tamarense,DINO_TAXON,Screening Assay Establishment for Toxigenic Bacteria from PSP-producing Dinoflagellate Alexandrium tamarense Cultures
dino_post2015,STX_DOC_000482,2016.0,dinoflagellate,high_confidence_stx_biosynthesis,biosynthesis,BIOLOGICAL_PROCESS,Screening Assay Establishment for Toxigenic Bacteria from PSP-producing Dinoflagellate Alexandrium tamarense Cultures
dino_post2015,STX_DOC_000522,2025.0,cross_taxa,dinoflagellate_stx,saxitoxin,TOXIN,Structural basis for saxitoxin congener binding and neutralization by anuran saxiphilins.
dino_post2015,STX_DOC_000522,2025.0,cross_taxa,dinoflagellate_stx,stx,TOXIN,Structural basis for saxitoxin congener binding and neutralization by anuran saxiphilins.
dino_post2015,STX_DOC_000522,2025.0,cross_taxa,dinoflagellate_stx,paralytic shellfish poisoning,TOXIN,Structural basis for saxitoxin congener binding and neutralization by anuran saxiphilins.
dino_post2015,STX_DOC_000522,2025.0,cross_taxa,dinoflagellate_stx,dinoflagellates,DINO_TAXON,Structural basis for saxitoxin congener binding and neutralization by anuran saxiphilins.
dino_post2015,STX_DOC_000522,2025.0,cross_taxa,dinoflagellate_stx,cyanobacteria,CYANO_TAXON,Structural basis for saxitoxin congener binding and neutralization by anuran saxiphilins.
dino_post2015,STX_DOC_000524,2024.0,dinoflagellate,high_confidence_stx_biosynthesis,saxitoxin,TOXIN,Enhancing early warning: A DNA biosensor with polyaniline/graphene nanocomposite for label-free voltammetric detection of saxitoxin-producing harmful algae.
dino_post2015,STX_DOC_000524,2024.0,dinoflagellate,high_confidence_stx_biosynthesis,sxta4,SXT_GENE,Enhancing early warning: A DNA biosensor with polyaniline/graphene nanocomposite for label-free voltammetric detection of saxitoxin-producing harmful algae.
dino_post2015,STX_DOC_000524,2024.0,dinoflagellate,high_confidence_stx_biosynthesis,dinoflagellates,DINO_TAXON,Enhancing early warning: A DNA biosensor with polyaniline/graphene nanocomposite for label-free voltammetric detection of saxitoxin-producing harmful algae.
dino_post2015,STX_DOC_000524,2024.0,dinoflagellate,high_confidence_stx_biosynthesis,alexandrium,DINO_TAXON,Enhancing early warning: A DNA biosensor with polyaniline/graphene nanocomposite for label-free voltammetric detection of saxitoxin-producing harmful algae.
dino_post2015,STX_DOC_000524,2024.0,dinoflagellate,high_confidence_stx_biosynthesis,alexandrium minutum,DINO_TAXON,Enhancing early warning: A DNA biosensor with polyaniline/graphene nanocomposite for label-free voltammetric detection of saxitoxin-producing harmful algae.
dino_post2015,STX_DOC_000524,2024.0,dinoflagellate,high_confidence_stx_biosynthesis,alexandrium tamiyavanichii,DINO_TAXON,Enhancing early warning: A DNA biosensor with polyaniline/graphene nanocomposite for label-free voltammetric detection of saxitoxin-producing harmful algae.
dino_post2015,STX_DOC_000524,2024.0,dinoflagellate,high_confidence_stx_biosynthesis,biosensor,DETECTION_METHOD,Enhancing early warning: A DNA biosensor with polyaniline/graphene nanocomposite for label-free voltammetric detection of saxitoxin-producing harmful algae.
dino_post2015,STX_DOC_000525,2024.0,dinoflagellate,dinoflagellate_stx,paralytic shellfish toxins,TOXIN,Ultrasensitive fluorescence detection of gonyautoxins in seawater using a novel molecularly imprinted nanoprobe.
dino_post2015,STX_DOC_000525,2024.0,dinoflagellate,dinoflagellate_stx,psts,TOXIN,Ultrasensitive fluorescence detection of gonyautoxins in seawater using a novel molecularly imprinted nanoprobe.
dino_post2015,STX_DOC_000525,2024.0,dinoflagellate,dinoflagellate_stx,dinoflagellates,DINO_TAXON,Ultrasensitive fluorescence detection of gonyautoxins in seawater using a novel molecularly imprinted nanoprobe.
dino_post2015,STX_DOC_000526,2024.0,dinoflagellate,dinoflagellate_stx,paralytic shellfish toxin,TOXIN,Variability in Paralytic Shellfish Toxin Profiles and Dinoflagellate Diversity in Mussels and Seawater Collected during Spring in Korean Coastal Seawater
dino_post2015,STX_DOC_000526,2024.0,dinoflagellate,dinoflagellate_stx,pst,TOXIN,Variability in Paralytic Shellfish Toxin Profiles and Dinoflagellate Diversity in Mussels and Seawater Collected during Spring in Korean Coastal Seawater
dino_post2015,STX_DOC_000526,2024.0,dinoflagellate,dinoflagellate_stx,psts,TOXIN,Variability in Paralytic Shellfish Toxin Profiles and Dinoflagellate Diversity in Mussels and Seawater Collected during Spring in Korean Coastal Seawater
dino_post2015,STX_DOC_000526,2024.0,dinoflagellate,dinoflagellate_stx,dinoflagellate,DINO_TAXON,Variability in Paralytic Shellfish Toxin Profiles and Dinoflagellate Diversity in Mussels and Seawater Collected during Spring in Korean Coastal Seawater
dino_post2015,STX_DOC_000526,2024.0,dinoflagellate,dinoflagellate_stx,temperature,ENV_FACTOR,Variability in Paralytic Shellfish Toxin Profiles and Dinoflagellate Diversity in Mussels and Seawater Collected during Spring in Korean Coastal Seawater
dino_post2015,STX_DOC_000526,2024.0,dinoflagellate,dinoflagellate_stx,salinity,ENV_FACTOR,Variability in Paralytic Shellfish Toxin Profiles and Dinoflagellate Diversity in Mussels and Seawater Collected during Spring in Korean Coastal Seawater
dino_post2015,STX_DOC_000530,2022.0,dinoflagellate,dinoflagellate_stx,paralytic shellfish poisoning,TOXIN,The role of physico-chemical interactions in the seasonality of toxic dinoflagellate cyst assemblages: The case of the NW Patagonian fjords system.
dino_post2015,STX_DOC_000530,2022.0,dinoflagellate,dinoflagellate_stx,dinoflagellate,DINO_TAXON,The role of physico-chemical interactions in the seasonality of toxic dinoflagellate cyst assemblages: The case of the NW Patagonian fjords system.
dino_post2015,STX_DOC_000530,2022.0,dinoflagellate,dinoflagellate_stx,alexandrium,DINO_TAXON,The role of physico-chemical interactions in the seasonality of toxic dinoflagellate cyst assemblages: The case of the NW Patagonian fjords system.
dino_post2015,STX_DOC_000530,2022.0,dinoflagellate,dinoflagellate_stx,alexandrium catenella,DINO_TAXON,The role of physico-chemical interactions in the seasonality of toxic dinoflagellate cyst assemblages: The case of the NW Patagonian fjords system.
dino_post2015,STX_DOC_000530,2022.0,dinoflagellate,dinoflagellate_stx,protoceratium,DINO_TAXON,The role of physico-chemical interactions in the seasonality of toxic dinoflagellate cyst assemblages: The case of the NW Patagonian fjords system.
dino_post2015,STX_DOC_000530,2022.0,dinoflagellate,dinoflagellate_stx,protoceratium reticulatum,DINO_TAXON,The role of physico-chemical interactions in the seasonality of toxic dinoflagellate cyst assemblages: The case of the NW Patagonian fjords system.
dino_post2015,STX_DOC_000530,2022.0,dinoflagellate,dinoflagellate_stx,temperature,ENV_FACTOR,The role of physico-chemical interactions in the seasonality of toxic dinoflagellate cyst assemblages: The case of the NW Patagonian fjords system.
dino_post2015,STX_DOC_000532,2022.0,dinoflagellate,dinoflagellate_stx,paralytic shellfish poisoning,TOXIN,Continental shelf off northern Chilean Patagonia: A potential risk zone for the onset of Alexandrium catenella toxic bloom?
dino_post2015,STX_DOC_000532,2022.0,dinoflagellate,dinoflagellate_stx,dinoflagellate,DINO_TAXON,Continental shelf off northern Chilean Patagonia: A potential risk zone for the onset of Alexandrium catenella toxic bloom?
dino_post2015,STX_DOC_000532,2022.0,dinoflagellate,dinoflagellate_stx,alexandrium,DINO_TAXON,Continental shelf off northern Chilean Patagonia: A potential risk zone for the onset of Alexandrium catenella toxic bloom?
dino_post2015,STX_DOC_000532,2022.0,dinoflagellate,dinoflagellate_stx,alexandrium catenella,DINO_TAXON,Continental shelf off northern Chilean Patagonia: A potential risk zone for the onset of Alexandrium catenella toxic bloom?
dino_post2015,STX_DOC_000532,2022.0,dinoflagellate,dinoflagellate_stx,bloom,ENV_FACTOR,Continental shelf off northern Chilean Patagonia: A potential risk zone for the onset of Alexandrium catenella toxic bloom?
dino_post2015,STX_DOC_000533,2022.0,dinoflagellate,dinoflagellate_stx,saxitoxin,TOXIN,"Saxitoxin Group Toxins Accumulation Induces Antioxidant Responses in Tissues of <i>Mytilus chilensis</i>, <i>Ameghinomya antiqua</i>, and <i>Concholepas concholepas</i> during a Bloom of <i>Alexandrium pacificum</i>."
dino_post2015,STX_DOC_000533,2022.0,dinoflagellate,dinoflagellate_stx,stx,TOXIN,"Saxitoxin Group Toxins Accumulation Induces Antioxidant Responses in Tissues of <i>Mytilus chilensis</i>, <i>Ameghinomya antiqua</i>, and <i>Concholepas concholepas</i> during a Bloom of <i>Alexandrium pacificum</i>."
dino_post2015,STX_DOC_000533,2022.0,dinoflagellate,dinoflagellate_stx,dinoflagellates,DINO_TAXON,"Saxitoxin Group Toxins Accumulation Induces Antioxidant Responses in Tissues of <i>Mytilus chilensis</i>, <i>Ameghinomya antiqua</i>, and <i>Concholepas concholepas</i> during a Bloom of <i>Alexandrium pacificum</i>."
dino_post2015,STX_DOC_000533,2022.0,dinoflagellate,dinoflagellate_stx,alexandrium,DINO_TAXON,"Saxitoxin Group Toxins Accumulation Induces Antioxidant Responses in Tissues of <i>Mytilus chilensis</i>, <i>Ameghinomya antiqua</i>, and <i>Concholepas concholepas</i> during a Bloom of <i>Alexandrium pacificum</i>."
dino_post2015,STX_DOC_000533,2022.0,dinoflagellate,dinoflagellate_stx,alexandrium pacificum,DINO_TAXON,"Saxitoxin Group Toxins Accumulation Induces Antioxidant Responses in Tissues of <i>Mytilus chilensis</i>, <i>Ameghinomya antiqua</i>, and <i>Concholepas concholepas</i> during a Bloom of <i>Alexandrium pacificum</i>."
dino_post2015,STX_DOC_000533,2022.0,dinoflagellate,dinoflagellate_stx,bloom,ENV_FACTOR,"Saxitoxin Group Toxins Accumulation Induces Antioxidant Responses in Tissues of <i>Mytilus chilensis</i>, <i>Ameghinomya antiqua</i>, and <i>Concholepas concholepas</i> during a Bloom of <i>Alexandrium pacificum</i>."
dino_post2015,STX_DOC_000533,2022.0,dinoflagellate,dinoflagellate_stx,toxicity,BIOLOGICAL_PROCESS,"Saxitoxin Group Toxins Accumulation Induces Antioxidant Responses in Tissues of <i>Mytilus chilensis</i>, <i>Ameghinomya antiqua</i>, and <i>Concholepas concholepas</i> during a Bloom of <i>Alexandrium pacificum</i>."
dino_post2015,STX_DOC_000535,2022.0,dinoflagellate,dinoflagellate_stx,paralytic shellfish toxin,TOXIN,Effects of Temperature and Salinity on the Growth and Paralytic Shellfish Toxin (PST) Production by Toxic Dinoflagellate Alexandrium pacificum
dino_post2015,STX_DOC_000535,2022.0,dinoflagellate,dinoflagellate_stx,pst,TOXIN,Effects of Temperature and Salinity on the Growth and Paralytic Shellfish Toxin (PST) Production by Toxic Dinoflagellate Alexandrium pacificum
dino_post2015,STX_DOC_000535,2022.0,dinoflagellate,dinoflagellate_stx,dinoflagellate,DINO_TAXON,Effects of Temperature and Salinity on the Growth and Paralytic Shellfish Toxin (PST) Production by Toxic Dinoflagellate Alexandrium pacificum
dino_post2015,STX_DOC_000535,2022.0,dinoflagellate,dinoflagellate_stx,alexandrium,DINO_TAXON,Effects of Temperature and Salinity on the Growth and Paralytic Shellfish Toxin (PST) Production by Toxic Dinoflagellate Alexandrium pacificum
dino_post2015,STX_DOC_000535,2022.0,dinoflagellate,dinoflagellate_stx,alexandrium pacificum,DINO_TAXON,Effects of Temperature and Salinity on the Growth and Paralytic Shellfish Toxin (PST) Production by Toxic Dinoflagellate Alexandrium pacificum
dino_post2015,STX_DOC_000535,2022.0,dinoflagellate,dinoflagellate_stx,temperature,ENV_FACTOR,Effects of Temperature and Salinity on the Growth and Paralytic Shellfish Toxin (PST) Production by Toxic Dinoflagellate Alexandrium pacificum
dino_post2015,STX_DOC_000535,2022.0,dinoflagellate,dinoflagellate_stx,salinity,ENV_FACTOR,Effects of Temperature and Salinity on the Growth and Paralytic Shellfish Toxin (PST) Production by Toxic Dinoflagellate Alexandrium pacificum
dino_post2015,STX_DOC_000536,2021.0,dinoflagellate,dinoflagellate_stx,paralytic shellfish toxin,TOXIN,Three decades of Canadian marine harmful algal events: Phytoplankton and phycotoxins of concern to human and ecosystem health.
dino_post2015,STX_DOC_000536,2021.0,dinoflagellate,dinoflagellate_stx,pst,TOXIN,Three decades of Canadian marine harmful algal events: Phytoplankton and phycotoxins of concern to human and ecosystem health.
dino_post2015,STX_DOC_000536,2021.0,dinoflagellate,dinoflagellate_stx,dinoflagellates,DINO_TAXON,Three decades of Canadian marine harmful algal events: Phytoplankton and phycotoxins of concern to human and ecosystem health.
dino_post2015,STX_DOC_000536,2021.0,dinoflagellate,dinoflagellate_stx,alexandrium,DINO_TAXON,Three decades of Canadian marine harmful algal events: Phytoplankton and phycotoxins of concern to human and ecosystem health.
dino_post2015,STX_DOC_000536,2021.0,dinoflagellate,dinoflagellate_stx,alexandrium catenella,DINO_TAXON,Three decades of Canadian marine harmful algal events: Phytoplankton and phycotoxins of concern to human and ecosystem health.
dino_post2015,STX_DOC_000536,2021.0,dinoflagellate,dinoflagellate_stx,climate,ENV_FACTOR,Three decades of Canadian marine harmful algal events: Phytoplankton and phycotoxins of concern to human and ecosystem health.
dino_post2015,STX_DOC_000536,2021.0,dinoflagellate,dinoflagellate_stx,bloom,ENV_FACTOR,Three decades of Canadian marine harmful algal events: Phytoplankton and phycotoxins of concern to human and ecosystem health.
dino_post2015,STX_DOC_000541,2020.0,dinoflagellate,dinoflagellate_stx,saxitoxin,TOXIN,"Intraspecific variability in membrane proteome, cell growth, and morphometry of the invasive marine neurotoxic dinoflagellate Alexandrium pacificum grown in metal-contaminated conditions."
dino_post2015,STX_DOC_000541,2020.0,dinoflagellate,dinoflagellate_stx,paralytic shellfish poisoning,TOXIN,"Intraspecific variability in membrane proteome, cell growth, and morphometry of the invasive marine neurotoxic dinoflagellate Alexandrium pacificum grown in metal-contaminated conditions."
dino_post2015,STX_DOC_000541,2020.0,dinoflagellate,dinoflagellate_stx,dinoflagellate,DINO_TAXON,"Intraspecific variability in membrane proteome, cell growth, and morphometry of the invasive marine neurotoxic dinoflagellate Alexandrium pacificum grown in metal-contaminated conditions."
dino_post2015,STX_DOC_000541,2020.0,dinoflagellate,dinoflagellate_stx,alexandrium,DINO_TAXON,"Intraspecific variability in membrane proteome, cell growth, and morphometry of the invasive marine neurotoxic dinoflagellate Alexandrium pacificum grown in metal-contaminated conditions."
dino_post2015,STX_DOC_000541,2020.0,dinoflagellate,dinoflagellate_stx,alexandrium pacificum,DINO_TAXON,"Intraspecific variability in membrane proteome, cell growth, and morphometry of the invasive marine neurotoxic dinoflagellate Alexandrium pacificum grown in metal-contaminated conditions."
dino_post2015,STX_DOC_000541,2020.0,dinoflagellate,dinoflagellate_stx,light,ENV_FACTOR,"Intraspecific variability in membrane proteome, cell growth, and morphometry of the invasive marine neurotoxic dinoflagellate Alexandrium pacificum grown in metal-contaminated conditions."
dino_post2015,STX_DOC_000541,2020.0,dinoflagellate,dinoflagellate_stx,regulation,BIOLOGICAL_PROCESS,"Intraspecific variability in membrane proteome, cell growth, and morphometry of the invasive marine neurotoxic dinoflagellate Alexandrium pacificum grown in metal-contaminated conditions."
dino_post2015,STX_DOC_000541,2020.0,dinoflagellate,dinoflagellate_stx,expression,BIOLOGICAL_PROCESS,"Intraspecific variability in membrane proteome, cell growth, and morphometry of the invasive marine neurotoxic dinoflagellate Alexandrium pacificum grown in metal-contaminated conditions."
dino_post2015,STX_DOC_000541,2020.0,dinoflagellate,dinoflagellate_stx,lc-ms,DETECTION_METHOD,"Intraspecific variability in membrane proteome, cell growth, and morphometry of the invasive marine neurotoxic dinoflagellate Alexandrium pacificum grown in metal-contaminated conditions."
dino_post2015,STX_DOC_000541,2020.0,dinoflagellate,dinoflagellate_stx,lc-ms/ms,DETECTION_METHOD,"Intraspecific variability in membrane proteome, cell growth, and morphometry of the invasive marine neurotoxic dinoflagellate Alexandrium pacificum grown in metal-contaminated conditions."
dino_post2015,STX_DOC_000542,2020.0,dinoflagellate,dinoflagellate_stx,saxitoxin,TOXIN,"A metagenomic study of bacterial communities associated with the saxitoxin producing dinoflagellate, Pyrodinium bahamense var. compressum"
dino_post2015,STX_DOC_000542,2020.0,dinoflagellate,dinoflagellate_stx,paralytic shellfish poisoning,TOXIN,"A metagenomic study of bacterial communities associated with the saxitoxin producing dinoflagellate, Pyrodinium bahamense var. compressum"
dino_post2015,STX_DOC_000542,2020.0,dinoflagellate,dinoflagellate_stx,dinoflagellate,DINO_TAXON,"A metagenomic study of bacterial communities associated with the saxitoxin producing dinoflagellate, Pyrodinium bahamense var. compressum"
dino_post2015,STX_DOC_000542,2020.0,dinoflagellate,dinoflagellate_stx,dinoflagellates,DINO_TAXON,"A metagenomic study of bacterial communities associated with the saxitoxin producing dinoflagellate, Pyrodinium bahamense var. compressum"
dino_post2015,STX_DOC_000542,2020.0,dinoflagellate,dinoflagellate_stx,pyrodinium,DINO_TAXON,"A metagenomic study of bacterial communities associated with the saxitoxin producing dinoflagellate, Pyrodinium bahamense var. compressum"
dino_post2015,STX_DOC_000542,2020.0,dinoflagellate,dinoflagellate_stx,pyrodinium bahamense,DINO_TAXON,"A metagenomic study of bacterial communities associated with the saxitoxin producing dinoflagellate, Pyrodinium bahamense var. compressum"
dino_post2015,STX_DOC_000542,2020.0,dinoflagellate,dinoflagellate_stx,biosynthesis,BIOLOGICAL_PROCESS,"A metagenomic study of bacterial communities associated with the saxitoxin producing dinoflagellate, Pyrodinium bahamense var. compressum"
dino_post2015,STX_DOC_000542,2020.0,dinoflagellate,dinoflagellate_stx,toxin production,BIOLOGICAL_PROCESS,"A metagenomic study of bacterial communities associated with the saxitoxin producing dinoflagellate, Pyrodinium bahamense var. compressum"
dino_post2015,STX_DOC_000544,2020.0,cross_taxa,dinoflagellate_stx,paralytic shellfish poisoning,TOXIN,Effects of Nutrient Limitation on the Synthesis of N-Rich Phytoplankton Toxins: A Meta-Analysis.
dino_post2015,STX_DOC_000544,2020.0,cross_taxa,dinoflagellate_stx,dinoflagellate,DINO_TAXON,Effects of Nutrient Limitation on the Synthesis of N-Rich Phytoplankton Toxins: A Meta-Analysis.
dino_post2015,STX_DOC_000544,2020.0,cross_taxa,dinoflagellate_stx,dinoflagellates,DINO_TAXON,Effects of Nutrient Limitation on the Synthesis of N-Rich Phytoplankton Toxins: A Meta-Analysis.
dino_post2015,STX_DOC_000544,2020.0,cross_taxa,dinoflagellate_stx,cyanobacteria,CYANO_TAXON,Effects of Nutrient Limitation on the Synthesis of N-Rich Phytoplankton Toxins: A Meta-Analysis.
dino_post2015,STX_DOC_000544,2020.0,cross_taxa,dinoflagellate_stx,nitrogen,ENV_FACTOR,Effects of Nutrient Limitation on the Synthesis of N-Rich Phytoplankton Toxins: A Meta-Analysis.
dino_post2015,STX_DOC_000544,2020.0,cross_taxa,dinoflagellate_stx,phosphorus,ENV_FACTOR,Effects of Nutrient Limitation on the Synthesis of N-Rich Phytoplankton Toxins: A Meta-Analysis.
dino_post2015,STX_DOC_000544,2020.0,cross_taxa,dinoflagellate_stx,nutrient,ENV_FACTOR,Effects of Nutrient Limitation on the Synthesis of N-Rich Phytoplankton Toxins: A Meta-Analysis.
dino_post2015,STX_DOC_000544,2020.0,cross_taxa,dinoflagellate_stx,nutrients,ENV_FACTOR,Effects of Nutrient Limitation on the Synthesis of N-Rich Phytoplankton Toxins: A Meta-Analysis.
dino_post2015,STX_DOC_000544,2020.0,cross_taxa,dinoflagellate_stx,bloom,ENV_FACTOR,Effects of Nutrient Limitation on the Synthesis of N-Rich Phytoplankton Toxins: A Meta-Analysis.
dino_post2015,STX_DOC_000544,2020.0,cross_taxa,dinoflagellate_stx,regulation,BIOLOGICAL_PROCESS,Effects of Nutrient Limitation on the Synthesis of N-Rich Phytoplankton Toxins: A Meta-Analysis.
dino_post2015,STX_DOC_000544,2020.0,cross_taxa,dinoflagellate_stx,toxicity,BIOLOGICAL_PROCESS,Effects of Nutrient Limitation on the Synthesis of N-Rich Phytoplankton Toxins: A Meta-Analysis.
dino_post2015,STX_DOC_000545,2019.0,dinoflagellate,dinoflagellate_stx,paralytic shellfish toxin,TOXIN,"Relative importance of nitrogen sources, algal alarm cues and grazer exposure to toxin production of the marine dinoflagellate Alexandrium catenella."
dino_post2015,STX_DOC_000545,2019.0,dinoflagellate,dinoflagellate_stx,pst,TOXIN,"Relative importance of nitrogen sources, algal alarm cues and grazer exposure to toxin production of the marine dinoflagellate Alexandrium catenella."
dino_post2015,STX_DOC_000545,2019.0,dinoflagellate,dinoflagellate_stx,dinoflagellate,DINO_TAXON,"Relative importance of nitrogen sources, algal alarm cues and grazer exposure to toxin production of the marine dinoflagellate Alexandrium catenella."
dino_post2015,STX_DOC_000545,2019.0,dinoflagellate,dinoflagellate_stx,alexandrium,DINO_TAXON,"Relative importance of nitrogen sources, algal alarm cues and grazer exposure to toxin production of the marine dinoflagellate Alexandrium catenella."
dino_post2015,STX_DOC_000545,2019.0,dinoflagellate,dinoflagellate_stx,alexandrium catenella,DINO_TAXON,"Relative importance of nitrogen sources, algal alarm cues and grazer exposure to toxin production of the marine dinoflagellate Alexandrium catenella."
dino_post2015,STX_DOC_000545,2019.0,dinoflagellate,dinoflagellate_stx,nitrogen,ENV_FACTOR,"Relative importance of nitrogen sources, algal alarm cues and grazer exposure to toxin production of the marine dinoflagellate Alexandrium catenella."
dino_post2015,STX_DOC_000545,2019.0,dinoflagellate,dinoflagellate_stx,nutrient,ENV_FACTOR,"Relative importance of nitrogen sources, algal alarm cues and grazer exposure to toxin production of the marine dinoflagellate Alexandrium catenella."
dino_post2015,STX_DOC_000545,2019.0,dinoflagellate,dinoflagellate_stx,toxin production,BIOLOGICAL_PROCESS,"Relative importance of nitrogen sources, algal alarm cues and grazer exposure to toxin production of the marine dinoflagellate Alexandrium catenella."
dino_post2015,STX_DOC_000546,2019.0,cross_taxa,dinoflagellate_stx,saxitoxin,TOXIN,"Identification of a Novel Saxitoxin Analogue, 12β-Deoxygonyautoxin 3, in the Cyanobacterium, <i>Anabaena circinalis</i> (TA04)."
dino_post2015,STX_DOC_000546,2019.0,cross_taxa,dinoflagellate_stx,stx,TOXIN,"Identification of a Novel Saxitoxin Analogue, 12β-Deoxygonyautoxin 3, in the Cyanobacterium, <i>Anabaena circinalis</i> (TA04)."
dino_post2015,STX_DOC_000546,2019.0,cross_taxa,dinoflagellate_stx,dinoflagellates,DINO_TAXON,"Identification of a Novel Saxitoxin Analogue, 12β-Deoxygonyautoxin 3, in the Cyanobacterium, <i>Anabaena circinalis</i> (TA04)."
dino_post2015,STX_DOC_000546,2019.0,cross_taxa,dinoflagellate_stx,cyanobacteria,CYANO_TAXON,"Identification of a Novel Saxitoxin Analogue, 12β-Deoxygonyautoxin 3, in the Cyanobacterium, <i>Anabaena circinalis</i> (TA04)."
dino_post2015,STX_DOC_000546,2019.0,cross_taxa,dinoflagellate_stx,cyanobacterium,CYANO_TAXON,"Identification of a Novel Saxitoxin Analogue, 12β-Deoxygonyautoxin 3, in the Cyanobacterium, <i>Anabaena circinalis</i> (TA04)."
dino_post2015,STX_DOC_000546,2019.0,cross_taxa,dinoflagellate_stx,anabaena,CYANO_TAXON,"Identification of a Novel Saxitoxin Analogue, 12β-Deoxygonyautoxin 3, in the Cyanobacterium, <i>Anabaena circinalis</i> (TA04)."
dino_post2015,STX_DOC_000546,2019.0,cross_taxa,dinoflagellate_stx,biosynthesis,BIOLOGICAL_PROCESS,"Identification of a Novel Saxitoxin Analogue, 12β-Deoxygonyautoxin 3, in the Cyanobacterium, <i>Anabaena circinalis</i> (TA04)."
dino_post2015,STX_DOC_000546,2019.0,cross_taxa,dinoflagellate_stx,lc-ms,DETECTION_METHOD,"Identification of a Novel Saxitoxin Analogue, 12β-Deoxygonyautoxin 3, in the Cyanobacterium, <i>Anabaena circinalis</i> (TA04)."
dino_post2015,STX_DOC_000549,2018.0,dinoflagellate,dinoflagellate_stx,saxitoxin,TOXIN,Fatal Canine Intoxications Linked to the Presence of Saxitoxins in Stranded Marine Organisms Following Winter Storm Activity.
dino_post2015,STX_DOC_000549,2018.0,dinoflagellate,dinoflagellate_stx,stx,TOXIN,Fatal Canine Intoxications Linked to the Presence of Saxitoxins in Stranded Marine Organisms Following Winter Storm Activity.
dino_post2015,STX_DOC_000549,2018.0,dinoflagellate,dinoflagellate_stx,paralytic shellfish poisoning,TOXIN,Fatal Canine Intoxications Linked to the Presence of Saxitoxins in Stranded Marine Organisms Following Winter Storm Activity.
dino_post2015,STX_DOC_000549,2018.0,dinoflagellate,dinoflagellate_stx,dinoflagellate,DINO_TAXON,Fatal Canine Intoxications Linked to the Presence of Saxitoxins in Stranded Marine Organisms Following Winter Storm Activity.
dino_post2015,STX_DOC_000552,2017.0,cross_taxa,dinoflagellate_stx,saxitoxin,TOXIN,Cytotoxic Effects of Environmental Toxins on Human Glial Cells.
dino_post2015,STX_DOC_000552,2017.0,cross_taxa,dinoflagellate_stx,stx,TOXIN,Cytotoxic Effects of Environmental Toxins on Human Glial Cells.
dino_post2015,STX_DOC_000552,2017.0,cross_taxa,dinoflagellate_stx,dinoflagellates,DINO_TAXON,Cytotoxic Effects of Environmental Toxins on Human Glial Cells.
dino_post2015,STX_DOC_000552,2017.0,cross_taxa,dinoflagellate_stx,cyanobacteria,CYANO_TAXON,Cytotoxic Effects of Environmental Toxins on Human Glial Cells.
dino_post2015,STX_DOC_000552,2017.0,cross_taxa,dinoflagellate_stx,cyanobacterial,CYANO_TAXON,Cytotoxic Effects of Environmental Toxins on Human Glial Cells.
dino_post2015,STX_DOC_000552,2017.0,cross_taxa,dinoflagellate_stx,expression,BIOLOGICAL_PROCESS,Cytotoxic Effects of Environmental Toxins on Human Glial Cells.
dino_post2015,STX_DOC_000552,2017.0,cross_taxa,dinoflagellate_stx,gene expression,BIOLOGICAL_PROCESS,Cytotoxic Effects of Environmental Toxins on Human Glial Cells.
dino_post2015,STX_DOC_000552,2017.0,cross_taxa,dinoflagellate_stx,toxicity,BIOLOGICAL_PROCESS,Cytotoxic Effects of Environmental Toxins on Human Glial Cells.
dino_post2015,STX_DOC_000553,2017.0,dinoflagellate,dinoflagellate_stx,saxitoxin,TOXIN,The physiological adaptations and toxin profiles of the toxic Alexandrium fundyense on the eastern Bering Sea and Chukchi Sea shelves.
dino_post2015,STX_DOC_000553,2017.0,dinoflagellate,dinoflagellate_stx,pst,TOXIN,The physiological adaptations and toxin profiles of the toxic Alexandrium fundyense on the eastern Bering Sea and Chukchi Sea shelves.
dino_post2015,STX_DOC_000553,2017.0,dinoflagellate,dinoflagellate_stx,dinoflagellate,DINO_TAXON,The physiological adaptations and toxin profiles of the toxic Alexandrium fundyense on the eastern Bering Sea and Chukchi Sea shelves.
dino_post2015,STX_DOC_000553,2017.0,dinoflagellate,dinoflagellate_stx,alexandrium,DINO_TAXON,The physiological adaptations and toxin profiles of the toxic Alexandrium fundyense on the eastern Bering Sea and Chukchi Sea shelves.
dino_post2015,STX_DOC_000553,2017.0,dinoflagellate,dinoflagellate_stx,alexandrium fundyense,DINO_TAXON,The physiological adaptations and toxin profiles of the toxic Alexandrium fundyense on the eastern Bering Sea and Chukchi Sea shelves.
dino_post2015,STX_DOC_000553,2017.0,dinoflagellate,dinoflagellate_stx,temperature,ENV_FACTOR,The physiological adaptations and toxin profiles of the toxic Alexandrium fundyense on the eastern Bering Sea and Chukchi Sea shelves.
dino_post2015,STX_DOC_000553,2017.0,dinoflagellate,dinoflagellate_stx,light,ENV_FACTOR,The physiological adaptations and toxin profiles of the toxic Alexandrium fundyense on the eastern Bering Sea and Chukchi Sea shelves.
dino_post2015,STX_DOC_000555,2017.0,dinoflagellate,dinoflagellate_stx,saxitoxin,TOXIN,Characterization of Benzoyl Saxitoxin Analogs from the Toxigenic Marine Dinoflagellate Gymnodinium catenatum by Hydrophilic Interaction Liquid Ion-Chromatography-Tandem Mass Spectrometry
dino_post2015,STX_DOC_000555,2017.0,dinoflagellate,dinoflagellate_stx,paralytic shellfish poisoning,TOXIN,Characterization of Benzoyl Saxitoxin Analogs from the Toxigenic Marine Dinoflagellate Gymnodinium catenatum by Hydrophilic Interaction Liquid Ion-Chromatography-Tandem Mass Spectrometry
dino_post2015,STX_DOC_000555,2017.0,dinoflagellate,dinoflagellate_stx,dinoflagellate,DINO_TAXON,Characterization of Benzoyl Saxitoxin Analogs from the Toxigenic Marine Dinoflagellate Gymnodinium catenatum by Hydrophilic Interaction Liquid Ion-Chromatography-Tandem Mass Spectrometry
dino_post2015,STX_DOC_000555,2017.0,dinoflagellate,dinoflagellate_stx,dinoflagellates,DINO_TAXON,Characterization of Benzoyl Saxitoxin Analogs from the Toxigenic Marine Dinoflagellate Gymnodinium catenatum by Hydrophilic Interaction Liquid Ion-Chromatography-Tandem Mass Spectrometry
dino_post2015,STX_DOC_000555,2017.0,dinoflagellate,dinoflagellate_stx,gymnodinium,DINO_TAXON,Characterization of Benzoyl Saxitoxin Analogs from the Toxigenic Marine Dinoflagellate Gymnodinium catenatum by Hydrophilic Interaction Liquid Ion-Chromatography-Tandem Mass Spectrometry
dino_post2015,STX_DOC_000555,2017.0,dinoflagellate,dinoflagellate_stx,gymnodinium catenatum,DINO_TAXON,Characterization of Benzoyl Saxitoxin Analogs from the Toxigenic Marine Dinoflagellate Gymnodinium catenatum by Hydrophilic Interaction Liquid Ion-Chromatography-Tandem Mass Spectrometry
dino_post2015,STX_DOC_000555,2017.0,dinoflagellate,dinoflagellate_stx,lc-ms,DETECTION_METHOD,Characterization of Benzoyl Saxitoxin Analogs from the Toxigenic Marine Dinoflagellate Gymnodinium catenatum by Hydrophilic Interaction Liquid Ion-Chromatography-Tandem Mass Spectrometry
dino_post2015,STX_DOC_000555,2017.0,dinoflagellate,dinoflagellate_stx,lc-ms/ms,DETECTION_METHOD,Characterization of Benzoyl Saxitoxin Analogs from the Toxigenic Marine Dinoflagellate Gymnodinium catenatum by Hydrophilic Interaction Liquid Ion-Chromatography-Tandem Mass Spectrometry
dino_post2015,STX_DOC_000555,2017.0,dinoflagellate,dinoflagellate_stx,mass spectrometry,DETECTION_METHOD,Characterization of Benzoyl Saxitoxin Analogs from the Toxigenic Marine Dinoflagellate Gymnodinium catenatum by Hydrophilic Interaction Liquid Ion-Chromatography-Tandem Mass Spectrometry
dino_post2015,STX_DOC_000556,2016.0,dinoflagellate,dinoflagellate_stx,saxitoxin,TOXIN,Assessment of sodium channel mutations in Makah tribal members of the U.S. Pacific Northwest as a potential mechanism of resistance to paralytic shellfish poisoning.
dino_post2015,STX_DOC_000556,2016.0,dinoflagellate,dinoflagellate_stx,paralytic shellfish toxins,TOXIN,Assessment of sodium channel mutations in Makah tribal members of the U.S. Pacific Northwest as a potential mechanism of resistance to paralytic shellfish poisoning.
dino_post2015,STX_DOC_000556,2016.0,dinoflagellate,dinoflagellate_stx,paralytic shellfish poisoning,TOXIN,Assessment of sodium channel mutations in Makah tribal members of the U.S. Pacific Northwest as a potential mechanism of resistance to paralytic shellfish poisoning.
dino_post2015,STX_DOC_000556,2016.0,dinoflagellate,dinoflagellate_stx,dinoflagellates,DINO_TAXON,Assessment of sodium channel mutations in Makah tribal members of the U.S. Pacific Northwest as a potential mechanism of resistance to paralytic shellfish poisoning.
dino_post2015,STX_DOC_000557,2016.0,dinoflagellate,dinoflagellate_stx,paralytic shellfish toxins,TOXIN,"Distinctly different behavioral responses of a copepod, Temora longicornis , to different strains of toxic dinoflagellates, Alexandrium spp."
dino_post2015,STX_DOC_000557,2016.0,dinoflagellate,dinoflagellate_stx,psts,TOXIN,"Distinctly different behavioral responses of a copepod, Temora longicornis , to different strains of toxic dinoflagellates, Alexandrium spp."
dino_post2015,STX_DOC_000557,2016.0,dinoflagellate,dinoflagellate_stx,dinoflagellate,DINO_TAXON,"Distinctly different behavioral responses of a copepod, Temora longicornis , to different strains of toxic dinoflagellates, Alexandrium spp."
dino_post2015,STX_DOC_000557,2016.0,dinoflagellate,dinoflagellate_stx,dinoflagellates,DINO_TAXON,"Distinctly different behavioral responses of a copepod, Temora longicornis , to different strains of toxic dinoflagellates, Alexandrium spp."
dino_post2015,STX_DOC_000557,2016.0,dinoflagellate,dinoflagellate_stx,alexandrium,DINO_TAXON,"Distinctly different behavioral responses of a copepod, Temora longicornis , to different strains of toxic dinoflagellates, Alexandrium spp."
dino_post2015,STX_DOC_000557,2016.0,dinoflagellate,dinoflagellate_stx,protoceratium,DINO_TAXON,"Distinctly different behavioral responses of a copepod, Temora longicornis , to different strains of toxic dinoflagellates, Alexandrium spp."
dino_post2015,STX_DOC_000557,2016.0,dinoflagellate,dinoflagellate_stx,protoceratium reticulatum,DINO_TAXON,"Distinctly different behavioral responses of a copepod, Temora longicornis , to different strains of toxic dinoflagellates, Alexandrium spp."
dino_post2015,STX_DOC_000558,2016.0,dinoflagellate,dinoflagellate_stx,saxitoxin,TOXIN,Diverse seed banks favour adaptation of microalgal populations to future climate conditions.
dino_post2015,STX_DOC_000558,2016.0,dinoflagellate,dinoflagellate_stx,dinoflagellate,DINO_TAXON,Diverse seed banks favour adaptation of microalgal populations to future climate conditions.
dino_post2015,STX_DOC_000558,2016.0,dinoflagellate,dinoflagellate_stx,alexandrium,DINO_TAXON,Diverse seed banks favour adaptation of microalgal populations to future climate conditions.
dino_post2015,STX_DOC_000558,2016.0,dinoflagellate,dinoflagellate_stx,alexandrium ostenfeldii,DINO_TAXON,Diverse seed banks favour adaptation of microalgal populations to future climate conditions.
dino_post2015,STX_DOC_000558,2016.0,dinoflagellate,dinoflagellate_stx,temperature,ENV_FACTOR,Diverse seed banks favour adaptation of microalgal populations to future climate conditions.
dino_post2015,STX_DOC_000558,2016.0,dinoflagellate,dinoflagellate_stx,salinity,ENV_FACTOR,Diverse seed banks favour adaptation of microalgal populations to future climate conditions.
dino_post2015,STX_DOC_000558,2016.0,dinoflagellate,dinoflagellate_stx,climate,ENV_FACTOR,Diverse seed banks favour adaptation of microalgal populations to future climate conditions.
dino_post2015,STX_DOC_000558,2016.0,dinoflagellate,dinoflagellate_stx,bloom,ENV_FACTOR,Diverse seed banks favour adaptation of microalgal populations to future climate conditions.
dino_post2015,STX_DOC_000558,2016.0,dinoflagellate,dinoflagellate_stx,toxicity,BIOLOGICAL_PROCESS,Diverse seed banks favour adaptation of microalgal populations to future climate conditions.
dino_post2015,STX_DOC_000559,2016.0,dinoflagellate,dinoflagellate_stx,saxitoxin,TOXIN,Assessment of sodium channel mutations in Makah Tribal members of the U.S. Pacific Northwest as a potential mechanism of resistance to paralytic shellfish poisoning.
dino_post2015,STX_DOC_000559,2016.0,dinoflagellate,dinoflagellate_stx,paralytic shellfish toxins,TOXIN,Assessment of sodium channel mutations in Makah Tribal members of the U.S. Pacific Northwest as a potential mechanism of resistance to paralytic shellfish poisoning.
dino_post2015,STX_DOC_000559,2016.0,dinoflagellate,dinoflagellate_stx,paralytic shellfish poisoning,TOXIN,Assessment of sodium channel mutations in Makah Tribal members of the U.S. Pacific Northwest as a potential mechanism of resistance to paralytic shellfish poisoning.
dino_post2015,STX_DOC_000559,2016.0,dinoflagellate,dinoflagellate_stx,dinoflagellates,DINO_TAXON,Assessment of sodium channel mutations in Makah Tribal members of the U.S. Pacific Northwest as a potential mechanism of resistance to paralytic shellfish poisoning.
dino_post2015,STX_DOC_000606,2025.0,dinoflagellate,dinoflagellate_stx,stx,TOXIN,Toxin uptake and slowed reflexes by the marine snail Lunella undulata following exposure to paralytic shellfish toxin producing Alexandrium catenella.
dino_post2015,STX_DOC_000606,2025.0,dinoflagellate,dinoflagellate_stx,paralytic shellfish toxin,TOXIN,Toxin uptake and slowed reflexes by the marine snail Lunella undulata following exposure to paralytic shellfish toxin producing Alexandrium catenella.
dino_post2015,STX_DOC_000606,2025.0,dinoflagellate,dinoflagellate_stx,pst,TOXIN,Toxin uptake and slowed reflexes by the marine snail Lunella undulata following exposure to paralytic shellfish toxin producing Alexandrium catenella.
dino_post2015,STX_DOC_000606,2025.0,dinoflagellate,dinoflagellate_stx,alexandrium,DINO_TAXON,Toxin uptake and slowed reflexes by the marine snail Lunella undulata following exposure to paralytic shellfish toxin producing Alexandrium catenella.
dino_post2015,STX_DOC_000606,2025.0,dinoflagellate,dinoflagellate_stx,alexandrium catenella,DINO_TAXON,Toxin uptake and slowed reflexes by the marine snail Lunella undulata following exposure to paralytic shellfish toxin producing Alexandrium catenella.
dino_post2015,STX_DOC_000607,2025.0,dinoflagellate,dinoflagellate_stx,gonyautoxin,TOXIN,"Mass cultivation of the dinoflagellate Alexandrium pacificum for gonyautoxin-1,4 production."
dino_post2015,STX_DOC_000607,2025.0,dinoflagellate,dinoflagellate_stx,paralytic shellfish toxins,TOXIN,"Mass cultivation of the dinoflagellate Alexandrium pacificum for gonyautoxin-1,4 production."
dino_post2015,STX_DOC_000607,2025.0,dinoflagellate,dinoflagellate_stx,dinoflagellate,DINO_TAXON,"Mass cultivation of the dinoflagellate Alexandrium pacificum for gonyautoxin-1,4 production."
dino_post2015,STX_DOC_000607,2025.0,dinoflagellate,dinoflagellate_stx,alexandrium,DINO_TAXON,"Mass cultivation of the dinoflagellate Alexandrium pacificum for gonyautoxin-1,4 production."
dino_post2015,STX_DOC_000607,2025.0,dinoflagellate,dinoflagellate_stx,alexandrium pacificum,DINO_TAXON,"Mass cultivation of the dinoflagellate Alexandrium pacificum for gonyautoxin-1,4 production."
dino_post2015,STX_DOC_000607,2025.0,dinoflagellate,dinoflagellate_stx,bloom,ENV_FACTOR,"Mass cultivation of the dinoflagellate Alexandrium pacificum for gonyautoxin-1,4 production."
dino_post2015,STX_DOC_000607,2025.0,dinoflagellate,dinoflagellate_stx,evolution,BIOLOGICAL_PROCESS,"Mass cultivation of the dinoflagellate Alexandrium pacificum for gonyautoxin-1,4 production."
dino_post2015,STX_DOC_000608,2025.0,dinoflagellate,dinoflagellate_stx,saxitoxin,TOXIN,Saxitoxin linked to deaths of northern fur seals in the Southeast Bering Sea.
dino_post2015,STX_DOC_000608,2025.0,dinoflagellate,dinoflagellate_stx,stx,TOXIN,Saxitoxin linked to deaths of northern fur seals in the Southeast Bering Sea.
dino_post2015,STX_DOC_000608,2025.0,dinoflagellate,dinoflagellate_stx,dinoflagellate,DINO_TAXON,Saxitoxin linked to deaths of northern fur seals in the Southeast Bering Sea.
dino_post2015,STX_DOC_000608,2025.0,dinoflagellate,dinoflagellate_stx,alexandrium,DINO_TAXON,Saxitoxin linked to deaths of northern fur seals in the Southeast Bering Sea.
dino_post2015,STX_DOC_000608,2025.0,dinoflagellate,dinoflagellate_stx,alexandrium catenella,DINO_TAXON,Saxitoxin linked to deaths of northern fur seals in the Southeast Bering Sea.
dino_post2015,STX_DOC_000608,2025.0,dinoflagellate,dinoflagellate_stx,bloom,ENV_FACTOR,Saxitoxin linked to deaths of northern fur seals in the Southeast Bering Sea.
dino_post2015,STX_DOC_000609,2024.0,cross_taxa,dinoflagellate_stx,saxitoxin,TOXIN,Developmental exposure of zebrafish to saxitoxin causes altered expression of genes associated with axonal growth.
dino_post2015,STX_DOC_000609,2024.0,cross_taxa,dinoflagellate_stx,stx,TOXIN,Developmental exposure of zebrafish to saxitoxin causes altered expression of genes associated with axonal growth.
dino_post2015,STX_DOC_000609,2024.0,cross_taxa,dinoflagellate_stx,paralytic shellfish poisoning,TOXIN,Developmental exposure of zebrafish to saxitoxin causes altered expression of genes associated with axonal growth.
dino_post2015,STX_DOC_000609,2024.0,cross_taxa,dinoflagellate_stx,dinoflagellates,DINO_TAXON,Developmental exposure of zebrafish to saxitoxin causes altered expression of genes associated with axonal growth.
dino_post2015,STX_DOC_000609,2024.0,cross_taxa,dinoflagellate_stx,cyanobacteria,CYANO_TAXON,Developmental exposure of zebrafish to saxitoxin causes altered expression of genes associated with axonal growth.
dino_post2015,STX_DOC_000609,2024.0,cross_taxa,dinoflagellate_stx,regulation,BIOLOGICAL_PROCESS,Developmental exposure of zebrafish to saxitoxin causes altered expression of genes associated with axonal growth.
dino_post2015,STX_DOC_000609,2024.0,cross_taxa,dinoflagellate_stx,expression,BIOLOGICAL_PROCESS,Developmental exposure of zebrafish to saxitoxin causes altered expression of genes associated with axonal growth.
dino_post2015,STX_DOC_000609,2024.0,cross_taxa,dinoflagellate_stx,gene expression,BIOLOGICAL_PROCESS,Developmental exposure of zebrafish to saxitoxin causes altered expression of genes associated with axonal growth.
dino_post2015,STX_DOC_000609,2024.0,cross_taxa,dinoflagellate_stx,toxicity,BIOLOGICAL_PROCESS,Developmental exposure of zebrafish to saxitoxin causes altered expression of genes associated with axonal growth.
dino_post2015,STX_DOC_000611,2024.0,cross_taxa,dinoflagellate_stx,saxitoxin,TOXIN,A fast and reliable LC-MS-MS method for the quantification of saxitoxin in blood plasma samples.
dino_post2015,STX_DOC_000611,2024.0,cross_taxa,dinoflagellate_stx,stx,TOXIN,A fast and reliable LC-MS-MS method for the quantification of saxitoxin in blood plasma samples.
dino_post2015,STX_DOC_000611,2024.0,cross_taxa,dinoflagellate_stx,dinoflagellates,DINO_TAXON,A fast and reliable LC-MS-MS method for the quantification of saxitoxin in blood plasma samples.
dino_post2015,STX_DOC_000611,2024.0,cross_taxa,dinoflagellate_stx,cyanobacteria,CYANO_TAXON,A fast and reliable LC-MS-MS method for the quantification of saxitoxin in blood plasma samples.
dino_post2015,STX_DOC_000611,2024.0,cross_taxa,dinoflagellate_stx,lc-ms,DETECTION_METHOD,A fast and reliable LC-MS-MS method for the quantification of saxitoxin in blood plasma samples.
dino_post2015,STX_DOC_000611,2024.0,cross_taxa,dinoflagellate_stx,mass spectrometry,DETECTION_METHOD,A fast and reliable LC-MS-MS method for the quantification of saxitoxin in blood plasma samples.
dino_post2015,STX_DOC_000612,2023.0,dinoflagellate,dinoflagellate_stx,saxitoxin,TOXIN,"Metabolomics and lipidomics reveal the effects of the toxic dinoflagellate Alexandrium catenella on immune cells of the blue mussel, Mytilus edulis."
dino_post2015,STX_DOC_000612,2023.0,dinoflagellate,dinoflagellate_stx,paralytic shellfish toxins,TOXIN,"Metabolomics and lipidomics reveal the effects of the toxic dinoflagellate Alexandrium catenella on immune cells of the blue mussel, Mytilus edulis."
dino_post2015,STX_DOC_000612,2023.0,dinoflagellate,dinoflagellate_stx,dinoflagellate,DINO_TAXON,"Metabolomics and lipidomics reveal the effects of the toxic dinoflagellate Alexandrium catenella on immune cells of the blue mussel, Mytilus edulis."
dino_post2015,STX_DOC_000612,2023.0,dinoflagellate,dinoflagellate_stx,alexandrium,DINO_TAXON,"Metabolomics and lipidomics reveal the effects of the toxic dinoflagellate Alexandrium catenella on immune cells of the blue mussel, Mytilus edulis."
dino_post2015,STX_DOC_000612,2023.0,dinoflagellate,dinoflagellate_stx,alexandrium catenella,DINO_TAXON,"Metabolomics and lipidomics reveal the effects of the toxic dinoflagellate Alexandrium catenella on immune cells of the blue mussel, Mytilus edulis."
dino_post2015,STX_DOC_000613,2023.0,dinoflagellate,dinoflagellate_stx,saxitoxin,TOXIN,Impact of combined seawater warming and triazine-type herbicide pollution on the physiology and potential toxicity of the dinoflagellate Alexandrium minutum.
dino_post2015,STX_DOC_000613,2023.0,dinoflagellate,dinoflagellate_stx,dinoflagellate,DINO_TAXON,Impact of combined seawater warming and triazine-type herbicide pollution on the physiology and potential toxicity of the dinoflagellate Alexandrium minutum.
dino_post2015,STX_DOC_000613,2023.0,dinoflagellate,dinoflagellate_stx,alexandrium,DINO_TAXON,Impact of combined seawater warming and triazine-type herbicide pollution on the physiology and potential toxicity of the dinoflagellate Alexandrium minutum.
dino_post2015,STX_DOC_000613,2023.0,dinoflagellate,dinoflagellate_stx,alexandrium minutum,DINO_TAXON,Impact of combined seawater warming and triazine-type herbicide pollution on the physiology and potential toxicity of the dinoflagellate Alexandrium minutum.
dino_post2015,STX_DOC_000613,2023.0,dinoflagellate,dinoflagellate_stx,temperature,ENV_FACTOR,Impact of combined seawater warming and triazine-type herbicide pollution on the physiology and potential toxicity of the dinoflagellate Alexandrium minutum.
dino_post2015,STX_DOC_000613,2023.0,dinoflagellate,dinoflagellate_stx,warming,ENV_FACTOR,Impact of combined seawater warming and triazine-type herbicide pollution on the physiology and potential toxicity of the dinoflagellate Alexandrium minutum.
dino_post2015,STX_DOC_000613,2023.0,dinoflagellate,dinoflagellate_stx,bloom,ENV_FACTOR,Impact of combined seawater warming and triazine-type herbicide pollution on the physiology and potential toxicity of the dinoflagellate Alexandrium minutum.
dino_post2015,STX_DOC_000613,2023.0,dinoflagellate,dinoflagellate_stx,expression,BIOLOGICAL_PROCESS,Impact of combined seawater warming and triazine-type herbicide pollution on the physiology and potential toxicity of the dinoflagellate Alexandrium minutum.
dino_post2015,STX_DOC_000613,2023.0,dinoflagellate,dinoflagellate_stx,gene expression,BIOLOGICAL_PROCESS,Impact of combined seawater warming and triazine-type herbicide pollution on the physiology and potential toxicity of the dinoflagellate Alexandrium minutum.
dino_post2015,STX_DOC_000613,2023.0,dinoflagellate,dinoflagellate_stx,toxicity,BIOLOGICAL_PROCESS,Impact of combined seawater warming and triazine-type herbicide pollution on the physiology and potential toxicity of the dinoflagellate Alexandrium minutum.
dino_post2015,STX_DOC_000616,2023.0,dinoflagellate,high_confidence_stx_biosynthesis,saxitoxin,TOXIN,Metabolomics Approach to Reveal the Effects of Ocean Acidification on the Toxicity of Harmful Microalgae: A Review of the Literature
dino_post2015,STX_DOC_000616,2023.0,dinoflagellate,high_confidence_stx_biosynthesis,dinoflagellates,DINO_TAXON,Metabolomics Approach to Reveal the Effects of Ocean Acidification on the Toxicity of Harmful Microalgae: A Review of the Literature
dino_post2015,STX_DOC_000616,2023.0,dinoflagellate,high_confidence_stx_biosynthesis,alexandrium,DINO_TAXON,Metabolomics Approach to Reveal the Effects of Ocean Acidification on the Toxicity of Harmful Microalgae: A Review of the Literature
dino_post2015,STX_DOC_000616,2023.0,dinoflagellate,high_confidence_stx_biosynthesis,climate,ENV_FACTOR,Metabolomics Approach to Reveal the Effects of Ocean Acidification on the Toxicity of Harmful Microalgae: A Review of the Literature
dino_post2015,STX_DOC_000616,2023.0,dinoflagellate,high_confidence_stx_biosynthesis,biosynthesis,BIOLOGICAL_PROCESS,Metabolomics Approach to Reveal the Effects of Ocean Acidification on the Toxicity of Harmful Microalgae: A Review of the Literature
dino_post2015,STX_DOC_000616,2023.0,dinoflagellate,high_confidence_stx_biosynthesis,toxin biosynthesis,BIOLOGICAL_PROCESS,Metabolomics Approach to Reveal the Effects of Ocean Acidification on the Toxicity of Harmful Microalgae: A Review of the Literature
dino_post2015,STX_DOC_000616,2023.0,dinoflagellate,high_confidence_stx_biosynthesis,toxicity,BIOLOGICAL_PROCESS,Metabolomics Approach to Reveal the Effects of Ocean Acidification on the Toxicity of Harmful Microalgae: A Review of the Literature
dino_post2015,STX_DOC_000617,2023.0,dinoflagellate,dinoflagellate_stx,paralytic shellfish toxins,TOXIN,Cation-Exchange Resin Applied to Paralytic Shellfish Toxins Depuration from Bivalves Exposed to <i>Gymnodinium catenatum</i>.
dino_post2015,STX_DOC_000617,2023.0,dinoflagellate,dinoflagellate_stx,pst,TOXIN,Cation-Exchange Resin Applied to Paralytic Shellfish Toxins Depuration from Bivalves Exposed to <i>Gymnodinium catenatum</i>.
dino_post2015,STX_DOC_000617,2023.0,dinoflagellate,dinoflagellate_stx,gymnodinium,DINO_TAXON,Cation-Exchange Resin Applied to Paralytic Shellfish Toxins Depuration from Bivalves Exposed to <i>Gymnodinium catenatum</i>.
dino_post2015,STX_DOC_000617,2023.0,dinoflagellate,dinoflagellate_stx,gymnodinium catenatum,DINO_TAXON,Cation-Exchange Resin Applied to Paralytic Shellfish Toxins Depuration from Bivalves Exposed to <i>Gymnodinium catenatum</i>.
dino_post2015,STX_DOC_000617,2023.0,dinoflagellate,dinoflagellate_stx,toxicity,BIOLOGICAL_PROCESS,Cation-Exchange Resin Applied to Paralytic Shellfish Toxins Depuration from Bivalves Exposed to <i>Gymnodinium catenatum</i>.
dino_post2015,STX_DOC_000618,2023.0,dinoflagellate,dinoflagellate_stx,saxitoxin,TOXIN,Nutrient Deficiencies Impact on the Cellular and Metabolic Responses of Saxitoxin Producing <i>Alexandrium minutum</i>: A Transcriptomic Perspective.
dino_post2015,STX_DOC_000618,2023.0,dinoflagellate,dinoflagellate_stx,dinoflagellate,DINO_TAXON,Nutrient Deficiencies Impact on the Cellular and Metabolic Responses of Saxitoxin Producing <i>Alexandrium minutum</i>: A Transcriptomic Perspective.
dino_post2015,STX_DOC_000618,2023.0,dinoflagellate,dinoflagellate_stx,alexandrium,DINO_TAXON,Nutrient Deficiencies Impact on the Cellular and Metabolic Responses of Saxitoxin Producing <i>Alexandrium minutum</i>: A Transcriptomic Perspective.
dino_post2015,STX_DOC_000618,2023.0,dinoflagellate,dinoflagellate_stx,alexandrium minutum,DINO_TAXON,Nutrient Deficiencies Impact on the Cellular and Metabolic Responses of Saxitoxin Producing <i>Alexandrium minutum</i>: A Transcriptomic Perspective.
dino_post2015,STX_DOC_000618,2023.0,dinoflagellate,dinoflagellate_stx,nitrogen,ENV_FACTOR,Nutrient Deficiencies Impact on the Cellular and Metabolic Responses of Saxitoxin Producing <i>Alexandrium minutum</i>: A Transcriptomic Perspective.
dino_post2015,STX_DOC_000618,2023.0,dinoflagellate,dinoflagellate_stx,phosphorus,ENV_FACTOR,Nutrient Deficiencies Impact on the Cellular and Metabolic Responses of Saxitoxin Producing <i>Alexandrium minutum</i>: A Transcriptomic Perspective.
dino_post2015,STX_DOC_000618,2023.0,dinoflagellate,dinoflagellate_stx,nutrient,ENV_FACTOR,Nutrient Deficiencies Impact on the Cellular and Metabolic Responses of Saxitoxin Producing <i>Alexandrium minutum</i>: A Transcriptomic Perspective.
dino_post2015,STX_DOC_000618,2023.0,dinoflagellate,dinoflagellate_stx,transcriptomic,BIOLOGICAL_PROCESS,Nutrient Deficiencies Impact on the Cellular and Metabolic Responses of Saxitoxin Producing <i>Alexandrium minutum</i>: A Transcriptomic Perspective.
dino_post2015,STX_DOC_000621,2022.0,dinoflagellate,dinoflagellate_stx,stx,TOXIN,Evaluation of Paralytic Shellfish Toxins in Marine Oyster Farming and Microalgae in the Atlantic Amazon Evidences Safety but Highlights Potential Risks of Shellfish Poisoning.
dino_post2015,STX_DOC_000621,2022.0,dinoflagellate,dinoflagellate_stx,paralytic shellfish toxins,TOXIN,Evaluation of Paralytic Shellfish Toxins in Marine Oyster Farming and Microalgae in the Atlantic Amazon Evidences Safety but Highlights Potential Risks of Shellfish Poisoning.
dino_post2015,STX_DOC_000621,2022.0,dinoflagellate,dinoflagellate_stx,dinoflagellate,DINO_TAXON,Evaluation of Paralytic Shellfish Toxins in Marine Oyster Farming and Microalgae in the Atlantic Amazon Evidences Safety but Highlights Potential Risks of Shellfish Poisoning.
dino_post2015,STX_DOC_000621,2022.0,dinoflagellate,dinoflagellate_stx,dinoflagellates,DINO_TAXON,Evaluation of Paralytic Shellfish Toxins in Marine Oyster Farming and Microalgae in the Atlantic Amazon Evidences Safety but Highlights Potential Risks of Shellfish Poisoning.
dino_post2015,STX_DOC_000622,2021.0,cross_taxa,dinoflagellate_stx,paralytic shellfish toxins,TOXIN,Quick detection method for paralytic shellfish toxins (PSTs) monitoring in freshwater - A review.
dino_post2015,STX_DOC_000622,2021.0,cross_taxa,dinoflagellate_stx,psts,TOXIN,Quick detection method for paralytic shellfish toxins (PSTs) monitoring in freshwater - A review.
dino_post2015,STX_DOC_000622,2021.0,cross_taxa,dinoflagellate_stx,dinoflagellates,DINO_TAXON,Quick detection method for paralytic shellfish toxins (PSTs) monitoring in freshwater - A review.
dino_post2015,STX_DOC_000622,2021.0,cross_taxa,dinoflagellate_stx,cyanobacteria,CYANO_TAXON,Quick detection method for paralytic shellfish toxins (PSTs) monitoring in freshwater - A review.
dino_post2015,STX_DOC_000622,2021.0,cross_taxa,dinoflagellate_stx,lc-ms,DETECTION_METHOD,Quick detection method for paralytic shellfish toxins (PSTs) monitoring in freshwater - A review.
dino_post2015,STX_DOC_000622,2021.0,cross_taxa,dinoflagellate_stx,mass spectrometry,DETECTION_METHOD,Quick detection method for paralytic shellfish toxins (PSTs) monitoring in freshwater - A review.
dino_post2015,STX_DOC_000624,2020.0,dinoflagellate,dinoflagellate_stx,saxitoxin,TOXIN,"Comparison of during-bloom and inter-bloom brevetoxin and saxitoxin concentrations in Indian River Lagoon bottlenose dolphins, 2002-2011."
dino_post2015,STX_DOC_000624,2020.0,dinoflagellate,dinoflagellate_stx,stx,TOXIN,"Comparison of during-bloom and inter-bloom brevetoxin and saxitoxin concentrations in Indian River Lagoon bottlenose dolphins, 2002-2011."
dino_post2015,STX_DOC_000624,2020.0,dinoflagellate,dinoflagellate_stx,pyrodinium,DINO_TAXON,"Comparison of during-bloom and inter-bloom brevetoxin and saxitoxin concentrations in Indian River Lagoon bottlenose dolphins, 2002-2011."
dino_post2015,STX_DOC_000624,2020.0,dinoflagellate,dinoflagellate_stx,pyrodinium bahamense,DINO_TAXON,"Comparison of during-bloom and inter-bloom brevetoxin and saxitoxin concentrations in Indian River Lagoon bottlenose dolphins, 2002-2011."
dino_post2015,STX_DOC_000624,2020.0,dinoflagellate,dinoflagellate_stx,bloom,ENV_FACTOR,"Comparison of during-bloom and inter-bloom brevetoxin and saxitoxin concentrations in Indian River Lagoon bottlenose dolphins, 2002-2011."
dino_post2015,STX_DOC_000624,2020.0,dinoflagellate,dinoflagellate_stx,harmful algal bloom,ENV_FACTOR,"Comparison of during-bloom and inter-bloom brevetoxin and saxitoxin concentrations in Indian River Lagoon bottlenose dolphins, 2002-2011."
dino_post2015,STX_DOC_000624,2020.0,dinoflagellate,dinoflagellate_stx,elisa,DETECTION_METHOD,"Comparison of during-bloom and inter-bloom brevetoxin and saxitoxin concentrations in Indian River Lagoon bottlenose dolphins, 2002-2011."
dino_post2015,STX_DOC_000625,2020.0,dinoflagellate,dinoflagellate_stx,saxitoxin,TOXIN,Bioluminescence and toxicity as driving factors in harmful algal blooms: Ecological functions and genetic variability.
dino_post2015,STX_DOC_000625,2020.0,dinoflagellate,dinoflagellate_stx,stx,TOXIN,Bioluminescence and toxicity as driving factors in harmful algal blooms: Ecological functions and genetic variability.
dino_post2015,STX_DOC_000625,2020.0,dinoflagellate,dinoflagellate_stx,dinoflagellate,DINO_TAXON,Bioluminescence and toxicity as driving factors in harmful algal blooms: Ecological functions and genetic variability.
dino_post2015,STX_DOC_000625,2020.0,dinoflagellate,dinoflagellate_stx,dinoflagellates,DINO_TAXON,Bioluminescence and toxicity as driving factors in harmful algal blooms: Ecological functions and genetic variability.
dino_post2015,STX_DOC_000625,2020.0,dinoflagellate,dinoflagellate_stx,bloom,ENV_FACTOR,Bioluminescence and toxicity as driving factors in harmful algal blooms: Ecological functions and genetic variability.
dino_post2015,STX_DOC_000625,2020.0,dinoflagellate,dinoflagellate_stx,evolution,BIOLOGICAL_PROCESS,Bioluminescence and toxicity as driving factors in harmful algal blooms: Ecological functions and genetic variability.
dino_post2015,STX_DOC_000625,2020.0,dinoflagellate,dinoflagellate_stx,toxicity,BIOLOGICAL_PROCESS,Bioluminescence and toxicity as driving factors in harmful algal blooms: Ecological functions and genetic variability.
dino_post2015,STX_DOC_000625,2020.0,dinoflagellate,dinoflagellate_stx,toxin production,BIOLOGICAL_PROCESS,Bioluminescence and toxicity as driving factors in harmful algal blooms: Ecological functions and genetic variability.
dino_post2015,STX_DOC_000632,2018.0,dinoflagellate,dinoflagellate_stx,paralytic shellfish toxin,TOXIN,The cost of toxin production in phytoplankton: the case of PST producing dinoflagellates
dino_post2015,STX_DOC_000632,2018.0,dinoflagellate,dinoflagellate_stx,pst,TOXIN,The cost of toxin production in phytoplankton: the case of PST producing dinoflagellates
dino_post2015,STX_DOC_000632,2018.0,dinoflagellate,dinoflagellate_stx,psts,TOXIN,The cost of toxin production in phytoplankton: the case of PST producing dinoflagellates
dino_post2015,STX_DOC_000632,2018.0,dinoflagellate,dinoflagellate_stx,dinoflagellates,DINO_TAXON,The cost of toxin production in phytoplankton: the case of PST producing dinoflagellates
dino_post2015,STX_DOC_000632,2018.0,dinoflagellate,dinoflagellate_stx,nitrogen,ENV_FACTOR,The cost of toxin production in phytoplankton: the case of PST producing dinoflagellates
dino_post2015,STX_DOC_000632,2018.0,dinoflagellate,dinoflagellate_stx,light,ENV_FACTOR,The cost of toxin production in phytoplankton: the case of PST producing dinoflagellates
dino_post2015,STX_DOC_000632,2018.0,dinoflagellate,dinoflagellate_stx,toxicity,BIOLOGICAL_PROCESS,The cost of toxin production in phytoplankton: the case of PST producing dinoflagellates
dino_post2015,STX_DOC_000632,2018.0,dinoflagellate,dinoflagellate_stx,toxin production,BIOLOGICAL_PROCESS,The cost of toxin production in phytoplankton: the case of PST producing dinoflagellates
dino_post2015,STX_DOC_000633,2018.0,dinoflagellate,dinoflagellate_stx,paralytic shellfish toxins,TOXIN,Determination of Cell Abundances and Paralytic Shellfish Toxins in Cultures of the Dinoflagellate Gymnodinium catenatum by Fourier Transform Near Infrared Spectroscopy
dino_post2015,STX_DOC_000633,2018.0,dinoflagellate,dinoflagellate_stx,paralytic shellfish poisoning,TOXIN,Determination of Cell Abundances and Paralytic Shellfish Toxins in Cultures of the Dinoflagellate Gymnodinium catenatum by Fourier Transform Near Infrared Spectroscopy
dino_post2015,STX_DOC_000633,2018.0,dinoflagellate,dinoflagellate_stx,dinoflagellate,DINO_TAXON,Determination of Cell Abundances and Paralytic Shellfish Toxins in Cultures of the Dinoflagellate Gymnodinium catenatum by Fourier Transform Near Infrared Spectroscopy
dino_post2015,STX_DOC_000633,2018.0,dinoflagellate,dinoflagellate_stx,gymnodinium,DINO_TAXON,Determination of Cell Abundances and Paralytic Shellfish Toxins in Cultures of the Dinoflagellate Gymnodinium catenatum by Fourier Transform Near Infrared Spectroscopy
dino_post2015,STX_DOC_000633,2018.0,dinoflagellate,dinoflagellate_stx,gymnodinium catenatum,DINO_TAXON,Determination of Cell Abundances and Paralytic Shellfish Toxins in Cultures of the Dinoflagellate Gymnodinium catenatum by Fourier Transform Near Infrared Spectroscopy
dino_post2015,STX_DOC_000633,2018.0,dinoflagellate,dinoflagellate_stx,bloom,ENV_FACTOR,Determination of Cell Abundances and Paralytic Shellfish Toxins in Cultures of the Dinoflagellate Gymnodinium catenatum by Fourier Transform Near Infrared Spectroscopy
dino_post2015,STX_DOC_000633,2018.0,dinoflagellate,dinoflagellate_stx,hplc,DETECTION_METHOD,Determination of Cell Abundances and Paralytic Shellfish Toxins in Cultures of the Dinoflagellate Gymnodinium catenatum by Fourier Transform Near Infrared Spectroscopy
dino_post2015,STX_DOC_000635,2017.0,dinoflagellate,dinoflagellate_stx,paralytic shellfish toxins,TOXIN,Multispecies mass mortality of marine fauna linked to a toxic dinoflagellate bloom
dino_post2015,STX_DOC_000635,2017.0,dinoflagellate,dinoflagellate_stx,pst,TOXIN,Multispecies mass mortality of marine fauna linked to a toxic dinoflagellate bloom
dino_post2015,STX_DOC_000635,2017.0,dinoflagellate,dinoflagellate_stx,dinoflagellate,DINO_TAXON,Multispecies mass mortality of marine fauna linked to a toxic dinoflagellate bloom
dino_post2015,STX_DOC_000635,2017.0,dinoflagellate,dinoflagellate_stx,alexandrium,DINO_TAXON,Multispecies mass mortality of marine fauna linked to a toxic dinoflagellate bloom
dino_post2015,STX_DOC_000635,2017.0,dinoflagellate,dinoflagellate_stx,alexandrium tamarense,DINO_TAXON,Multispecies mass mortality of marine fauna linked to a toxic dinoflagellate bloom
dino_post2015,STX_DOC_000635,2017.0,dinoflagellate,dinoflagellate_stx,bloom,ENV_FACTOR,Multispecies mass mortality of marine fauna linked to a toxic dinoflagellate bloom
dino_post2015,STX_DOC_000639,2016.0,dinoflagellate,dinoflagellate_stx,paralytic shellfish toxins,TOXIN,Effects of temperature and salinity on the growth of <i>Alexandrium</i> (Dinophyceae) isolates from the Salish Sea
dino_post2015,STX_DOC_000639,2016.0,dinoflagellate,dinoflagellate_stx,dinoflagellates,DINO_TAXON,Effects of temperature and salinity on the growth of <i>Alexandrium</i> (Dinophyceae) isolates from the Salish Sea
dino_post2015,STX_DOC_000639,2016.0,dinoflagellate,dinoflagellate_stx,alexandrium,DINO_TAXON,Effects of temperature and salinity on the growth of <i>Alexandrium</i> (Dinophyceae) isolates from the Salish Sea
dino_post2015,STX_DOC_000639,2016.0,dinoflagellate,dinoflagellate_stx,temperature,ENV_FACTOR,Effects of temperature and salinity on the growth of <i>Alexandrium</i> (Dinophyceae) isolates from the Salish Sea
dino_post2015,STX_DOC_000639,2016.0,dinoflagellate,dinoflagellate_stx,salinity,ENV_FACTOR,Effects of temperature and salinity on the growth of <i>Alexandrium</i> (Dinophyceae) isolates from the Salish Sea
dino_post2015,STX_DOC_000639,2016.0,dinoflagellate,dinoflagellate_stx,nutrient,ENV_FACTOR,Effects of temperature and salinity on the growth of <i>Alexandrium</i> (Dinophyceae) isolates from the Salish Sea
dino_post2015,STX_DOC_000639,2016.0,dinoflagellate,dinoflagellate_stx,climate,ENV_FACTOR,Effects of temperature and salinity on the growth of <i>Alexandrium</i> (Dinophyceae) isolates from the Salish Sea
dino_post2015,STX_DOC_000639,2016.0,dinoflagellate,dinoflagellate_stx,bloom,ENV_FACTOR,Effects of temperature and salinity on the growth of <i>Alexandrium</i> (Dinophyceae) isolates from the Salish Sea
dino_post2015,STX_DOC_000640,2016.0,dinoflagellate,dinoflagellate_stx,saxitoxin,TOXIN,Uncovering the Complex Transcriptome Response of Mytilus chilensis against Saxitoxin: Implications of Harmful Algal Blooms on Mussel Populations.
dino_post2015,STX_DOC_000640,2016.0,dinoflagellate,dinoflagellate_stx,stx,TOXIN,Uncovering the Complex Transcriptome Response of Mytilus chilensis against Saxitoxin: Implications of Harmful Algal Blooms on Mussel Populations.
dino_post2015,STX_DOC_000640,2016.0,dinoflagellate,dinoflagellate_stx,paralytic shellfish poisoning,TOXIN,Uncovering the Complex Transcriptome Response of Mytilus chilensis against Saxitoxin: Implications of Harmful Algal Blooms on Mussel Populations.
dino_post2015,STX_DOC_000640,2016.0,dinoflagellate,dinoflagellate_stx,alexandrium,DINO_TAXON,Uncovering the Complex Transcriptome Response of Mytilus chilensis against Saxitoxin: Implications of Harmful Algal Blooms on Mussel Populations.
dino_post2015,STX_DOC_000640,2016.0,dinoflagellate,dinoflagellate_stx,alexandrium catenella,DINO_TAXON,Uncovering the Complex Transcriptome Response of Mytilus chilensis against Saxitoxin: Implications of Harmful Algal Blooms on Mussel Populations.
dino_post2015,STX_DOC_000640,2016.0,dinoflagellate,dinoflagellate_stx,transcriptome,BIOLOGICAL_PROCESS,Uncovering the Complex Transcriptome Response of Mytilus chilensis against Saxitoxin: Implications of Harmful Algal Blooms on Mussel Populations.
dino_post2015,STX_DOC_000640,2016.0,dinoflagellate,dinoflagellate_stx,transcriptomic,BIOLOGICAL_PROCESS,Uncovering the Complex Transcriptome Response of Mytilus chilensis against Saxitoxin: Implications of Harmful Algal Blooms on Mussel Populations.
dino_post2015,STX_DOC_000640,2016.0,dinoflagellate,dinoflagellate_stx,toxicity,BIOLOGICAL_PROCESS,Uncovering the Complex Transcriptome Response of Mytilus chilensis against Saxitoxin: Implications of Harmful Algal Blooms on Mussel Populations.
dino_post2015,STX_DOC_000679,2025.0,dinoflagellate,dinoflagellate_stx,dinoflagellate,DINO_TAXON,A decade-long study on harmful dinoflagellate blooms and biotoxin contamination in mussels from the north-western Adriatic Sea (Mediterranean Sea).
dino_post2015,STX_DOC_000679,2025.0,dinoflagellate,dinoflagellate_stx,dinoflagellates,DINO_TAXON,A decade-long study on harmful dinoflagellate blooms and biotoxin contamination in mussels from the north-western Adriatic Sea (Mediterranean Sea).
dino_post2015,STX_DOC_000679,2025.0,dinoflagellate,dinoflagellate_stx,alexandrium,DINO_TAXON,A decade-long study on harmful dinoflagellate blooms and biotoxin contamination in mussels from the north-western Adriatic Sea (Mediterranean Sea).
dino_post2015,STX_DOC_000679,2025.0,dinoflagellate,dinoflagellate_stx,temperature,ENV_FACTOR,A decade-long study on harmful dinoflagellate blooms and biotoxin contamination in mussels from the north-western Adriatic Sea (Mediterranean Sea).
dino_post2015,STX_DOC_000679,2025.0,dinoflagellate,dinoflagellate_stx,salinity,ENV_FACTOR,A decade-long study on harmful dinoflagellate blooms and biotoxin contamination in mussels from the north-western Adriatic Sea (Mediterranean Sea).
dino_post2015,STX_DOC_000679,2025.0,dinoflagellate,dinoflagellate_stx,toxicity,BIOLOGICAL_PROCESS,A decade-long study on harmful dinoflagellate blooms and biotoxin contamination in mussels from the north-western Adriatic Sea (Mediterranean Sea).
dino_post2015,STX_DOC_000682,2024.0,dinoflagellate,dinoflagellate_stx,paralytic shellfish toxins,TOXIN,Paralytic shellfish toxins producing dinoflagellates cause dysbacteriosis in scallop gut microbial biofilms
dino_post2015,STX_DOC_000682,2024.0,dinoflagellate,dinoflagellate_stx,pst,TOXIN,Paralytic shellfish toxins producing dinoflagellates cause dysbacteriosis in scallop gut microbial biofilms
dino_post2015,STX_DOC_000682,2024.0,dinoflagellate,dinoflagellate_stx,psts,TOXIN,Paralytic shellfish toxins producing dinoflagellates cause dysbacteriosis in scallop gut microbial biofilms
dino_post2015,STX_DOC_000682,2024.0,dinoflagellate,dinoflagellate_stx,dinoflagellates,DINO_TAXON,Paralytic shellfish toxins producing dinoflagellates cause dysbacteriosis in scallop gut microbial biofilms
dino_post2015,STX_DOC_000686,2023.0,dinoflagellate,dinoflagellate_stx,paralytic shellfish toxin,TOXIN,<i>Gymnodinium catenatum</i> Paralytic Shellfish Toxin Production and Photobiological Responses under Marine Heat Waves.
dino_post2015,STX_DOC_000686,2023.0,dinoflagellate,dinoflagellate_stx,pst,TOXIN,<i>Gymnodinium catenatum</i> Paralytic Shellfish Toxin Production and Photobiological Responses under Marine Heat Waves.
dino_post2015,STX_DOC_000686,2023.0,dinoflagellate,dinoflagellate_stx,dinoflagellate,DINO_TAXON,<i>Gymnodinium catenatum</i> Paralytic Shellfish Toxin Production and Photobiological Responses under Marine Heat Waves.
dino_post2015,STX_DOC_000686,2023.0,dinoflagellate,dinoflagellate_stx,gymnodinium,DINO_TAXON,<i>Gymnodinium catenatum</i> Paralytic Shellfish Toxin Production and Photobiological Responses under Marine Heat Waves.
dino_post2015,STX_DOC_000686,2023.0,dinoflagellate,dinoflagellate_stx,gymnodinium catenatum,DINO_TAXON,<i>Gymnodinium catenatum</i> Paralytic Shellfish Toxin Production and Photobiological Responses under Marine Heat Waves.
dino_post2015,STX_DOC_000686,2023.0,dinoflagellate,dinoflagellate_stx,toxicity,BIOLOGICAL_PROCESS,<i>Gymnodinium catenatum</i> Paralytic Shellfish Toxin Production and Photobiological Responses under Marine Heat Waves.
dino_post2015,STX_DOC_000686,2023.0,dinoflagellate,dinoflagellate_stx,toxin production,BIOLOGICAL_PROCESS,<i>Gymnodinium catenatum</i> Paralytic Shellfish Toxin Production and Photobiological Responses under Marine Heat Waves.
dino_post2015,STX_DOC_000687,2023.0,dinoflagellate,dinoflagellate_stx,paralytic shellfish poisoning,TOXIN,SoundToxins: A Research and Monitoring Partnership for Harmful Phytoplankton in Washington State.
dino_post2015,STX_DOC_000687,2023.0,dinoflagellate,dinoflagellate_stx,dinoflagellate,DINO_TAXON,SoundToxins: A Research and Monitoring Partnership for Harmful Phytoplankton in Washington State.
dino_post2015,STX_DOC_000687,2023.0,dinoflagellate,dinoflagellate_stx,protoceratium,DINO_TAXON,SoundToxins: A Research and Monitoring Partnership for Harmful Phytoplankton in Washington State.
dino_post2015,STX_DOC_000687,2023.0,dinoflagellate,dinoflagellate_stx,protoceratium reticulatum,DINO_TAXON,SoundToxins: A Research and Monitoring Partnership for Harmful Phytoplankton in Washington State.
dino_post2015,STX_DOC_000687,2023.0,dinoflagellate,dinoflagellate_stx,climate,ENV_FACTOR,SoundToxins: A Research and Monitoring Partnership for Harmful Phytoplankton in Washington State.
dino_post2015,STX_DOC_000698,2021.0,dinoflagellate,dinoflagellate_stx,saxitoxin,TOXIN,Algal blooms of <i>Alexandrium</i> spp. and Paralytic Shellfish Poisoning toxicity events in mussels farmed in Sicily.
dino_post2015,STX_DOC_000698,2021.0,dinoflagellate,dinoflagellate_stx,paralytic shellfish poisoning,TOXIN,Algal blooms of <i>Alexandrium</i> spp. and Paralytic Shellfish Poisoning toxicity events in mussels farmed in Sicily.
dino_post2015,STX_DOC_000698,2021.0,dinoflagellate,dinoflagellate_stx,dinoflagellates,DINO_TAXON,Algal blooms of <i>Alexandrium</i> spp. and Paralytic Shellfish Poisoning toxicity events in mussels farmed in Sicily.
dino_post2015,STX_DOC_000698,2021.0,dinoflagellate,dinoflagellate_stx,alexandrium,DINO_TAXON,Algal blooms of <i>Alexandrium</i> spp. and Paralytic Shellfish Poisoning toxicity events in mussels farmed in Sicily.
dino_post2015,STX_DOC_000698,2021.0,dinoflagellate,dinoflagellate_stx,alexandrium minutum,DINO_TAXON,Algal blooms of <i>Alexandrium</i> spp. and Paralytic Shellfish Poisoning toxicity events in mussels farmed in Sicily.
dino_post2015,STX_DOC_000698,2021.0,dinoflagellate,dinoflagellate_stx,toxicity,BIOLOGICAL_PROCESS,Algal blooms of <i>Alexandrium</i> spp. and Paralytic Shellfish Poisoning toxicity events in mussels farmed in Sicily.
dino_post2015,STX_DOC_000698,2021.0,dinoflagellate,dinoflagellate_stx,mouse bioassay,DETECTION_METHOD,Algal blooms of <i>Alexandrium</i> spp. and Paralytic Shellfish Poisoning toxicity events in mussels farmed in Sicily.
dino_post2015,STX_DOC_000699,2020.0,dinoflagellate,dinoflagellate_stx,stx,TOXIN,"The Influence of the Toxin Producing Dinoflagellate, Alexandrium catenella (1119/27), on the Feeding and Survival of the Marine Copepod, Acartia tonsa."
dino_post2015,STX_DOC_000699,2020.0,dinoflagellate,dinoflagellate_stx,dinoflagellate,DINO_TAXON,"The Influence of the Toxin Producing Dinoflagellate, Alexandrium catenella (1119/27), on the Feeding and Survival of the Marine Copepod, Acartia tonsa."
dino_post2015,STX_DOC_000699,2020.0,dinoflagellate,dinoflagellate_stx,alexandrium,DINO_TAXON,"The Influence of the Toxin Producing Dinoflagellate, Alexandrium catenella (1119/27), on the Feeding and Survival of the Marine Copepod, Acartia tonsa."
dino_post2015,STX_DOC_000699,2020.0,dinoflagellate,dinoflagellate_stx,alexandrium catenella,DINO_TAXON,"The Influence of the Toxin Producing Dinoflagellate, Alexandrium catenella (1119/27), on the Feeding and Survival of the Marine Copepod, Acartia tonsa."
dino_post2015,STX_DOC_000699,2020.0,dinoflagellate,dinoflagellate_stx,alexandrium tamarense,DINO_TAXON,"The Influence of the Toxin Producing Dinoflagellate, Alexandrium catenella (1119/27), on the Feeding and Survival of the Marine Copepod, Acartia tonsa."
dino_post2015,STX_DOC_000700,2020.0,cross_taxa,dinoflagellate_stx,stx,TOXIN,Effects of saxitoxins exposure on oligodendrocyte development in mouse neonates.
dino_post2015,STX_DOC_000700,2020.0,cross_taxa,dinoflagellate_stx,dinoflagellates,DINO_TAXON,Effects of saxitoxins exposure on oligodendrocyte development in mouse neonates.
dino_post2015,STX_DOC_000700,2020.0,cross_taxa,dinoflagellate_stx,cyanobacteria,CYANO_TAXON,Effects of saxitoxins exposure on oligodendrocyte development in mouse neonates.
dino_post2015,STX_DOC_000700,2020.0,cross_taxa,dinoflagellate_stx,cyanobacterial,CYANO_TAXON,Effects of saxitoxins exposure on oligodendrocyte development in mouse neonates.
dino_post2015,STX_DOC_000702,2020.0,dinoflagellate,dinoflagellate_stx,paralytic shellfish toxins,TOXIN,"Toxicity and histopathological effects of toxic dinoflagellate, Alexandrium catenella exudates on larvae of blue mussel, Mytilus galloprovincialis, and Pacific oyster, Crassostrea gigas"
dino_post2015,STX_DOC_000702,2020.0,dinoflagellate,dinoflagellate_stx,pst,TOXIN,"Toxicity and histopathological effects of toxic dinoflagellate, Alexandrium catenella exudates on larvae of blue mussel, Mytilus galloprovincialis, and Pacific oyster, Crassostrea gigas"
dino_post2015,STX_DOC_000702,2020.0,dinoflagellate,dinoflagellate_stx,dinoflagellate,DINO_TAXON,"Toxicity and histopathological effects of toxic dinoflagellate, Alexandrium catenella exudates on larvae of blue mussel, Mytilus galloprovincialis, and Pacific oyster, Crassostrea gigas"
dino_post2015,STX_DOC_000702,2020.0,dinoflagellate,dinoflagellate_stx,alexandrium,DINO_TAXON,"Toxicity and histopathological effects of toxic dinoflagellate, Alexandrium catenella exudates on larvae of blue mussel, Mytilus galloprovincialis, and Pacific oyster, Crassostrea gigas"
dino_post2015,STX_DOC_000702,2020.0,dinoflagellate,dinoflagellate_stx,alexandrium catenella,DINO_TAXON,"Toxicity and histopathological effects of toxic dinoflagellate, Alexandrium catenella exudates on larvae of blue mussel, Mytilus galloprovincialis, and Pacific oyster, Crassostrea gigas"
dino_post2015,STX_DOC_000702,2020.0,dinoflagellate,dinoflagellate_stx,toxicity,BIOLOGICAL_PROCESS,"Toxicity and histopathological effects of toxic dinoflagellate, Alexandrium catenella exudates on larvae of blue mussel, Mytilus galloprovincialis, and Pacific oyster, Crassostrea gigas"
dino_post2015,STX_DOC_000704,2019.0,dinoflagellate,high_confidence_stx_biosynthesis,pst,TOXIN,Evaluation of sxtA and rDNA qPCR assays through monitoring of an inshore bloom of Alexandrium catenella Group 1
dino_post2015,STX_DOC_000704,2019.0,dinoflagellate,high_confidence_stx_biosynthesis,sxta,SXT_GENE,Evaluation of sxtA and rDNA qPCR assays through monitoring of an inshore bloom of Alexandrium catenella Group 1
dino_post2015,STX_DOC_000704,2019.0,dinoflagellate,high_confidence_stx_biosynthesis,alexandrium,DINO_TAXON,Evaluation of sxtA and rDNA qPCR assays through monitoring of an inshore bloom of Alexandrium catenella Group 1
dino_post2015,STX_DOC_000704,2019.0,dinoflagellate,high_confidence_stx_biosynthesis,alexandrium catenella,DINO_TAXON,Evaluation of sxtA and rDNA qPCR assays through monitoring of an inshore bloom of Alexandrium catenella Group 1
dino_post2015,STX_DOC_000704,2019.0,dinoflagellate,high_confidence_stx_biosynthesis,bloom,ENV_FACTOR,Evaluation of sxtA and rDNA qPCR assays through monitoring of an inshore bloom of Alexandrium catenella Group 1
dino_post2015,STX_DOC_000706,2019.0,dinoflagellate,dinoflagellate_stx,paralytic shellfish toxins,TOXIN,"Temporal Variation of the Profile and Concentrations of Paralytic Shellfish Toxins and Tetrodotoxin in the Scallop, <i>Patinopecten yessoensis,</i> Cultured in a Bay of East Japan."
dino_post2015,STX_DOC_000706,2019.0,dinoflagellate,dinoflagellate_stx,psts,TOXIN,"Temporal Variation of the Profile and Concentrations of Paralytic Shellfish Toxins and Tetrodotoxin in the Scallop, <i>Patinopecten yessoensis,</i> Cultured in a Bay of East Japan."
dino_post2015,STX_DOC_000706,2019.0,dinoflagellate,dinoflagellate_stx,dinoflagellate,DINO_TAXON,"Temporal Variation of the Profile and Concentrations of Paralytic Shellfish Toxins and Tetrodotoxin in the Scallop, <i>Patinopecten yessoensis,</i> Cultured in a Bay of East Japan."
dino_post2015,STX_DOC_000706,2019.0,dinoflagellate,dinoflagellate_stx,alexandrium,DINO_TAXON,"Temporal Variation of the Profile and Concentrations of Paralytic Shellfish Toxins and Tetrodotoxin in the Scallop, <i>Patinopecten yessoensis,</i> Cultured in a Bay of East Japan."
dino_post2015,STX_DOC_000706,2019.0,dinoflagellate,dinoflagellate_stx,alexandrium tamarense,DINO_TAXON,"Temporal Variation of the Profile and Concentrations of Paralytic Shellfish Toxins and Tetrodotoxin in the Scallop, <i>Patinopecten yessoensis,</i> Cultured in a Bay of East Japan."
dino_post2015,STX_DOC_000709,2018.0,dinoflagellate,dinoflagellate_stx,paralytic shellfish poisoning,TOXIN,"Environmental factors influencing the distribution and abundance of Alexandrium catenella in Kachemak bay and lower cook inlet, Alaska."
dino_post2015,STX_DOC_000709,2018.0,dinoflagellate,dinoflagellate_stx,alexandrium,DINO_TAXON,"Environmental factors influencing the distribution and abundance of Alexandrium catenella in Kachemak bay and lower cook inlet, Alaska."
dino_post2015,STX_DOC_000709,2018.0,dinoflagellate,dinoflagellate_stx,alexandrium catenella,DINO_TAXON,"Environmental factors influencing the distribution and abundance of Alexandrium catenella in Kachemak bay and lower cook inlet, Alaska."
dino_post2015,STX_DOC_000709,2018.0,dinoflagellate,dinoflagellate_stx,temperature,ENV_FACTOR,"Environmental factors influencing the distribution and abundance of Alexandrium catenella in Kachemak bay and lower cook inlet, Alaska."
dino_post2015,STX_DOC_000709,2018.0,dinoflagellate,dinoflagellate_stx,salinity,ENV_FACTOR,"Environmental factors influencing the distribution and abundance of Alexandrium catenella in Kachemak bay and lower cook inlet, Alaska."
dino_post2015,STX_DOC_000709,2018.0,dinoflagellate,dinoflagellate_stx,nutrient,ENV_FACTOR,"Environmental factors influencing the distribution and abundance of Alexandrium catenella in Kachemak bay and lower cook inlet, Alaska."
dino_post2015,STX_DOC_000709,2018.0,dinoflagellate,dinoflagellate_stx,bloom,ENV_FACTOR,"Environmental factors influencing the distribution and abundance of Alexandrium catenella in Kachemak bay and lower cook inlet, Alaska."
dino_post2015,STX_DOC_000709,2018.0,dinoflagellate,dinoflagellate_stx,toxicity,BIOLOGICAL_PROCESS,"Environmental factors influencing the distribution and abundance of Alexandrium catenella in Kachemak bay and lower cook inlet, Alaska."
dino_post2015,STX_DOC_000711,2017.0,dinoflagellate,dinoflagellate_stx,dinoflagellate,DINO_TAXON,"Selective isolation of gonyautoxins 1,4 from the dinoflagellate Alexandrium minutum based on molecularly imprinted solid-phase extraction."
dino_post2015,STX_DOC_000711,2017.0,dinoflagellate,dinoflagellate_stx,alexandrium,DINO_TAXON,"Selective isolation of gonyautoxins 1,4 from the dinoflagellate Alexandrium minutum based on molecularly imprinted solid-phase extraction."
dino_post2015,STX_DOC_000711,2017.0,dinoflagellate,dinoflagellate_stx,alexandrium minutum,DINO_TAXON,"Selective isolation of gonyautoxins 1,4 from the dinoflagellate Alexandrium minutum based on molecularly imprinted solid-phase extraction."
dino_post2015,STX_DOC_000711,2017.0,dinoflagellate,dinoflagellate_stx,hplc,DETECTION_METHOD,"Selective isolation of gonyautoxins 1,4 from the dinoflagellate Alexandrium minutum based on molecularly imprinted solid-phase extraction."
dino_post2015,STX_DOC_000713,2017.0,dinoflagellate,dinoflagellate_stx,saxitoxin,TOXIN,Complementary mechanisms for neurotoxin resistance in a copepod.
dino_post2015,STX_DOC_000713,2017.0,dinoflagellate,dinoflagellate_stx,stx,TOXIN,Complementary mechanisms for neurotoxin resistance in a copepod.
dino_post2015,STX_DOC_000713,2017.0,dinoflagellate,dinoflagellate_stx,dinoflagellate,DINO_TAXON,Complementary mechanisms for neurotoxin resistance in a copepod.
dino_post2015,STX_DOC_000713,2017.0,dinoflagellate,dinoflagellate_stx,alexandrium,DINO_TAXON,Complementary mechanisms for neurotoxin resistance in a copepod.
dino_post2015,STX_DOC_000713,2017.0,dinoflagellate,dinoflagellate_stx,alexandrium fundyense,DINO_TAXON,Complementary mechanisms for neurotoxin resistance in a copepod.
dino_post2015,STX_DOC_000713,2017.0,dinoflagellate,dinoflagellate_stx,regulation,BIOLOGICAL_PROCESS,Complementary mechanisms for neurotoxin resistance in a copepod.
dino_post2015,STX_DOC_000713,2017.0,dinoflagellate,dinoflagellate_stx,expression,BIOLOGICAL_PROCESS,Complementary mechanisms for neurotoxin resistance in a copepod.
dino_post2015,STX_DOC_000713,2017.0,dinoflagellate,dinoflagellate_stx,transcriptomic,BIOLOGICAL_PROCESS,Complementary mechanisms for neurotoxin resistance in a copepod.
dino_post2015,STX_DOC_000714,2017.0,dinoflagellate,dinoflagellate_stx,saxitoxin,TOXIN,Grazing of the heterotrophic dinoflagellate Noctiluca scintillans on dinoflagellate and raphidophyte prey
dino_post2015,STX_DOC_000714,2017.0,dinoflagellate,dinoflagellate_stx,dinoflagellate,DINO_TAXON,Grazing of the heterotrophic dinoflagellate Noctiluca scintillans on dinoflagellate and raphidophyte prey
dino_post2015,STX_DOC_000714,2017.0,dinoflagellate,dinoflagellate_stx,dinoflagellates,DINO_TAXON,Grazing of the heterotrophic dinoflagellate Noctiluca scintillans on dinoflagellate and raphidophyte prey
dino_post2015,STX_DOC_000714,2017.0,dinoflagellate,dinoflagellate_stx,alexandrium,DINO_TAXON,Grazing of the heterotrophic dinoflagellate Noctiluca scintillans on dinoflagellate and raphidophyte prey
dino_post2015,STX_DOC_000714,2017.0,dinoflagellate,dinoflagellate_stx,alexandrium catenella,DINO_TAXON,Grazing of the heterotrophic dinoflagellate Noctiluca scintillans on dinoflagellate and raphidophyte prey
dino_post2015,STX_DOC_000714,2017.0,dinoflagellate,dinoflagellate_stx,bloom,ENV_FACTOR,Grazing of the heterotrophic dinoflagellate Noctiluca scintillans on dinoflagellate and raphidophyte prey
dino_post2015,STX_DOC_000714,2017.0,dinoflagellate,dinoflagellate_stx,toxin production,BIOLOGICAL_PROCESS,Grazing of the heterotrophic dinoflagellate Noctiluca scintillans on dinoflagellate and raphidophyte prey
dino_post2015,STX_DOC_000715,2016.0,dinoflagellate,dinoflagellate_stx,dinoflagellate,DINO_TAXON,"Experimental and computational studies on molecularly imprinted solid-phase extraction for gonyautoxins 2,3 from dinoflagellate Alexandrium minutum."
dino_post2015,STX_DOC_000715,2016.0,dinoflagellate,dinoflagellate_stx,alexandrium,DINO_TAXON,"Experimental and computational studies on molecularly imprinted solid-phase extraction for gonyautoxins 2,3 from dinoflagellate Alexandrium minutum."
dino_post2015,STX_DOC_000715,2016.0,dinoflagellate,dinoflagellate_stx,alexandrium minutum,DINO_TAXON,"Experimental and computational studies on molecularly imprinted solid-phase extraction for gonyautoxins 2,3 from dinoflagellate Alexandrium minutum."
dino_post2015,STX_DOC_000718,2016.0,dinoflagellate,dinoflagellate_stx,saxitoxin,TOXIN,Role and expression of cry1 in the adductor muscle of the oyster Crassostrea gigas during daily and tidal valve activity rhythms.
dino_post2015,STX_DOC_000718,2016.0,dinoflagellate,dinoflagellate_stx,stx,TOXIN,Role and expression of cry1 in the adductor muscle of the oyster Crassostrea gigas during daily and tidal valve activity rhythms.
dino_post2015,STX_DOC_000718,2016.0,dinoflagellate,dinoflagellate_stx,alexandrium,DINO_TAXON,Role and expression of cry1 in the adductor muscle of the oyster Crassostrea gigas during daily and tidal valve activity rhythms.
dino_post2015,STX_DOC_000718,2016.0,dinoflagellate,dinoflagellate_stx,alexandrium minutum,DINO_TAXON,Role and expression of cry1 in the adductor muscle of the oyster Crassostrea gigas during daily and tidal valve activity rhythms.
dino_post2015,STX_DOC_000718,2016.0,dinoflagellate,dinoflagellate_stx,light,ENV_FACTOR,Role and expression of cry1 in the adductor muscle of the oyster Crassostrea gigas during daily and tidal valve activity rhythms.
dino_post2015,STX_DOC_000718,2016.0,dinoflagellate,dinoflagellate_stx,expression,BIOLOGICAL_PROCESS,Role and expression of cry1 in the adductor muscle of the oyster Crassostrea gigas during daily and tidal valve activity rhythms.
dino_post2015,STX_DOC_000718,2016.0,dinoflagellate,dinoflagellate_stx,phylogenetic,BIOLOGICAL_PROCESS,Role and expression of cry1 in the adductor muscle of the oyster Crassostrea gigas during daily and tidal valve activity rhythms.
dino_post2015,STX_DOC_000720,2016.0,dinoflagellate,dinoflagellate_stx,saxitoxin,TOXIN,Docking Simulation of the Binding Interactions of Saxitoxin Analogs Produced by the Marine Dinoflagellate Gymnodinium catenatum to the Voltage-Gated Sodium Channel Nav1.4.
dino_post2015,STX_DOC_000720,2016.0,dinoflagellate,dinoflagellate_stx,stx,TOXIN,Docking Simulation of the Binding Interactions of Saxitoxin Analogs Produced by the Marine Dinoflagellate Gymnodinium catenatum to the Voltage-Gated Sodium Channel Nav1.4.
dino_post2015,STX_DOC_000720,2016.0,dinoflagellate,dinoflagellate_stx,dinoflagellate,DINO_TAXON,Docking Simulation of the Binding Interactions of Saxitoxin Analogs Produced by the Marine Dinoflagellate Gymnodinium catenatum to the Voltage-Gated Sodium Channel Nav1.4.
dino_post2015,STX_DOC_000720,2016.0,dinoflagellate,dinoflagellate_stx,gymnodinium,DINO_TAXON,Docking Simulation of the Binding Interactions of Saxitoxin Analogs Produced by the Marine Dinoflagellate Gymnodinium catenatum to the Voltage-Gated Sodium Channel Nav1.4.
dino_post2015,STX_DOC_000720,2016.0,dinoflagellate,dinoflagellate_stx,gymnodinium catenatum,DINO_TAXON,Docking Simulation of the Binding Interactions of Saxitoxin Analogs Produced by the Marine Dinoflagellate Gymnodinium catenatum to the Voltage-Gated Sodium Channel Nav1.4.
dino_post2015,STX_DOC_000720,2016.0,dinoflagellate,dinoflagellate_stx,toxicity,BIOLOGICAL_PROCESS,Docking Simulation of the Binding Interactions of Saxitoxin Analogs Produced by the Marine Dinoflagellate Gymnodinium catenatum to the Voltage-Gated Sodium Channel Nav1.4.
dino_post2015,STX_DOC_000777,2026.0,dinoflagellate,dinoflagellate_stx,dinoflagellates,DINO_TAXON,The parasite Parvilucifera infectans kills the harmful alga Alexandrium minutum under different salinities and disrupts PSP toxin production.
dino_post2015,STX_DOC_000777,2026.0,dinoflagellate,dinoflagellate_stx,alexandrium,DINO_TAXON,The parasite Parvilucifera infectans kills the harmful alga Alexandrium minutum under different salinities and disrupts PSP toxin production.
dino_post2015,STX_DOC_000777,2026.0,dinoflagellate,dinoflagellate_stx,alexandrium minutum,DINO_TAXON,The parasite Parvilucifera infectans kills the harmful alga Alexandrium minutum under different salinities and disrupts PSP toxin production.
dino_post2015,STX_DOC_000777,2026.0,dinoflagellate,dinoflagellate_stx,salinity,ENV_FACTOR,The parasite Parvilucifera infectans kills the harmful alga Alexandrium minutum under different salinities and disrupts PSP toxin production.
dino_post2015,STX_DOC_000777,2026.0,dinoflagellate,dinoflagellate_stx,toxin production,BIOLOGICAL_PROCESS,The parasite Parvilucifera infectans kills the harmful alga Alexandrium minutum under different salinities and disrupts PSP toxin production.
dino_post2015,STX_DOC_000777,2026.0,dinoflagellate,dinoflagellate_stx,mass spectrometry,DETECTION_METHOD,The parasite Parvilucifera infectans kills the harmful alga Alexandrium minutum under different salinities and disrupts PSP toxin production.
dino_post2015,STX_DOC_000778,2026.0,cross_taxa,dinoflagellate_stx,stx,TOXIN,Recent advances in nanomaterial-based electrochemical aptasensors for detecting aquatic toxins in shellfish and freshwater. A review.
dino_post2015,STX_DOC_000778,2026.0,cross_taxa,dinoflagellate_stx,dinoflagellates,DINO_TAXON,Recent advances in nanomaterial-based electrochemical aptasensors for detecting aquatic toxins in shellfish and freshwater. A review.
dino_post2015,STX_DOC_000778,2026.0,cross_taxa,dinoflagellate_stx,cyanobacteria,CYANO_TAXON,Recent advances in nanomaterial-based electrochemical aptasensors for detecting aquatic toxins in shellfish and freshwater. A review.
dino_post2015,STX_DOC_000778,2026.0,cross_taxa,dinoflagellate_stx,hplc,DETECTION_METHOD,Recent advances in nanomaterial-based electrochemical aptasensors for detecting aquatic toxins in shellfish and freshwater. A review.
dino_post2015,STX_DOC_000778,2026.0,cross_taxa,dinoflagellate_stx,lc-ms,DETECTION_METHOD,Recent advances in nanomaterial-based electrochemical aptasensors for detecting aquatic toxins in shellfish and freshwater. A review.
dino_post2015,STX_DOC_000778,2026.0,cross_taxa,dinoflagellate_stx,lc-ms/ms,DETECTION_METHOD,Recent advances in nanomaterial-based electrochemical aptasensors for detecting aquatic toxins in shellfish and freshwater. A review.
dino_post2015,STX_DOC_000778,2026.0,cross_taxa,dinoflagellate_stx,mass spectrometry,DETECTION_METHOD,Recent advances in nanomaterial-based electrochemical aptasensors for detecting aquatic toxins in shellfish and freshwater. A review.
dino_post2015,STX_DOC_000781,2025.0,dinoflagellate,dinoflagellate_stx,saxitoxin,TOXIN,[Validation Study of LC-MS/MS by Using a Saxitoxin Enantiomer].
dino_post2015,STX_DOC_000781,2025.0,dinoflagellate,dinoflagellate_stx,stx,TOXIN,[Validation Study of LC-MS/MS by Using a Saxitoxin Enantiomer].
dino_post2015,STX_DOC_000781,2025.0,dinoflagellate,dinoflagellate_stx,paralytic shellfish toxin,TOXIN,[Validation Study of LC-MS/MS by Using a Saxitoxin Enantiomer].
dino_post2015,STX_DOC_000781,2025.0,dinoflagellate,dinoflagellate_stx,dinoflagellates,DINO_TAXON,[Validation Study of LC-MS/MS by Using a Saxitoxin Enantiomer].
dino_post2015,STX_DOC_000781,2025.0,dinoflagellate,dinoflagellate_stx,lc-ms,DETECTION_METHOD,[Validation Study of LC-MS/MS by Using a Saxitoxin Enantiomer].
dino_post2015,STX_DOC_000781,2025.0,dinoflagellate,dinoflagellate_stx,lc-ms/ms,DETECTION_METHOD,[Validation Study of LC-MS/MS by Using a Saxitoxin Enantiomer].
dino_post2015,STX_DOC_000781,2025.0,dinoflagellate,dinoflagellate_stx,mouse bioassay,DETECTION_METHOD,[Validation Study of LC-MS/MS by Using a Saxitoxin Enantiomer].
dino_post2015,STX_DOC_000785,2024.0,dinoflagellate,dinoflagellate_stx,saxitoxin,TOXIN,Nanozyme-assisted molecularly imprinted polymer-based indirect competitive ELISA for the detection of marine biotoxin.
dino_post2015,STX_DOC_000785,2024.0,dinoflagellate,dinoflagellate_stx,stx,TOXIN,Nanozyme-assisted molecularly imprinted polymer-based indirect competitive ELISA for the detection of marine biotoxin.
dino_post2015,STX_DOC_000785,2024.0,dinoflagellate,dinoflagellate_stx,paralytic shellfish poisoning,TOXIN,Nanozyme-assisted molecularly imprinted polymer-based indirect competitive ELISA for the detection of marine biotoxin.
dino_post2015,STX_DOC_000785,2024.0,dinoflagellate,dinoflagellate_stx,dinoflagellate,DINO_TAXON,Nanozyme-assisted molecularly imprinted polymer-based indirect competitive ELISA for the detection of marine biotoxin.
dino_post2015,STX_DOC_000785,2024.0,dinoflagellate,dinoflagellate_stx,elisa,DETECTION_METHOD,Nanozyme-assisted molecularly imprinted polymer-based indirect competitive ELISA for the detection of marine biotoxin.
dino_post2015,STX_DOC_000787,2024.0,dinoflagellate,dinoflagellate_stx,paralytic shellfish toxins,TOXIN,Multispecies mass mortality in the Beagle Channel associated with paralytic shellfish toxins.
dino_post2015,STX_DOC_000787,2024.0,dinoflagellate,dinoflagellate_stx,pst,TOXIN,Multispecies mass mortality in the Beagle Channel associated with paralytic shellfish toxins.
dino_post2015,STX_DOC_000787,2024.0,dinoflagellate,dinoflagellate_stx,alexandrium,DINO_TAXON,Multispecies mass mortality in the Beagle Channel associated with paralytic shellfish toxins.
dino_post2015,STX_DOC_000787,2024.0,dinoflagellate,dinoflagellate_stx,alexandrium catenella,DINO_TAXON,Multispecies mass mortality in the Beagle Channel associated with paralytic shellfish toxins.
dino_post2015,STX_DOC_000787,2024.0,dinoflagellate,dinoflagellate_stx,bloom,ENV_FACTOR,Multispecies mass mortality in the Beagle Channel associated with paralytic shellfish toxins.
dino_post2015,STX_DOC_000787,2024.0,dinoflagellate,dinoflagellate_stx,toxicity,BIOLOGICAL_PROCESS,Multispecies mass mortality in the Beagle Channel associated with paralytic shellfish toxins.
dino_post2015,STX_DOC_000787,2024.0,dinoflagellate,dinoflagellate_stx,hplc,DETECTION_METHOD,Multispecies mass mortality in the Beagle Channel associated with paralytic shellfish toxins.
dino_post2015,STX_DOC_000788,2024.0,cross_taxa,dinoflagellate_stx,paralytic shellfish poisoning,TOXIN,The Role of Cyano-HAB (Cyanobacteria Harmful Algal Blooms) in the One Health Approach to Global Health
dino_post2015,STX_DOC_000788,2024.0,cross_taxa,dinoflagellate_stx,dinoflagellates,DINO_TAXON,The Role of Cyano-HAB (Cyanobacteria Harmful Algal Blooms) in the One Health Approach to Global Health
dino_post2015,STX_DOC_000788,2024.0,cross_taxa,dinoflagellate_stx,cyanobacteria,CYANO_TAXON,The Role of Cyano-HAB (Cyanobacteria Harmful Algal Blooms) in the One Health Approach to Global Health
dino_post2015,STX_DOC_000788,2024.0,cross_taxa,dinoflagellate_stx,bloom,ENV_FACTOR,The Role of Cyano-HAB (Cyanobacteria Harmful Algal Blooms) in the One Health Approach to Global Health
dino_post2015,STX_DOC_000788,2024.0,cross_taxa,dinoflagellate_stx,harmful algal bloom,ENV_FACTOR,The Role of Cyano-HAB (Cyanobacteria Harmful Algal Blooms) in the One Health Approach to Global Health
dino_post2015,STX_DOC_000791,2024.0,dinoflagellate,dinoflagellate_stx,saxitoxin,TOXIN,"KONSENTRASI SAKSITOKSIN PARALYTIC SHELLFISH POISONING(PSP) PADA KERANG HIJAU Perna viridis (LINNAEUS, 1758) DIPERAIRAN LAUT JAWA"
dino_post2015,STX_DOC_000791,2024.0,dinoflagellate,dinoflagellate_stx,paralytic shellfish poisoning,TOXIN,"KONSENTRASI SAKSITOKSIN PARALYTIC SHELLFISH POISONING(PSP) PADA KERANG HIJAU Perna viridis (LINNAEUS, 1758) DIPERAIRAN LAUT JAWA"
dino_post2015,STX_DOC_000791,2024.0,dinoflagellate,dinoflagellate_stx,dinoflagellates,DINO_TAXON,"KONSENTRASI SAKSITOKSIN PARALYTIC SHELLFISH POISONING(PSP) PADA KERANG HIJAU Perna viridis (LINNAEUS, 1758) DIPERAIRAN LAUT JAWA"
dino_post2015,STX_DOC_000791,2024.0,dinoflagellate,dinoflagellate_stx,elisa,DETECTION_METHOD,"KONSENTRASI SAKSITOKSIN PARALYTIC SHELLFISH POISONING(PSP) PADA KERANG HIJAU Perna viridis (LINNAEUS, 1758) DIPERAIRAN LAUT JAWA"
dino_post2015,STX_DOC_000792,2023.0,cross_taxa,dinoflagellate_stx,saxitoxin,TOXIN,"Metabolites dynamics exacerbated by external nutrients inputs into a Ceratium hirundinella-dominated bloom in the Pengxi River, Three Gorges Reservoir, China."
dino_post2015,STX_DOC_000792,2023.0,cross_taxa,dinoflagellate_stx,dinoflagellate,DINO_TAXON,"Metabolites dynamics exacerbated by external nutrients inputs into a Ceratium hirundinella-dominated bloom in the Pengxi River, Three Gorges Reservoir, China."
dino_post2015,STX_DOC_000792,2023.0,cross_taxa,dinoflagellate_stx,cyanobacteria,CYANO_TAXON,"Metabolites dynamics exacerbated by external nutrients inputs into a Ceratium hirundinella-dominated bloom in the Pengxi River, Three Gorges Reservoir, China."
dino_post2015,STX_DOC_000792,2023.0,cross_taxa,dinoflagellate_stx,dolichospermum,CYANO_TAXON,"Metabolites dynamics exacerbated by external nutrients inputs into a Ceratium hirundinella-dominated bloom in the Pengxi River, Three Gorges Reservoir, China."
dino_post2015,STX_DOC_000792,2023.0,cross_taxa,dinoflagellate_stx,nutrient,ENV_FACTOR,"Metabolites dynamics exacerbated by external nutrients inputs into a Ceratium hirundinella-dominated bloom in the Pengxi River, Three Gorges Reservoir, China."
dino_post2015,STX_DOC_000792,2023.0,cross_taxa,dinoflagellate_stx,nutrients,ENV_FACTOR,"Metabolites dynamics exacerbated by external nutrients inputs into a Ceratium hirundinella-dominated bloom in the Pengxi River, Three Gorges Reservoir, China."
dino_post2015,STX_DOC_000792,2023.0,cross_taxa,dinoflagellate_stx,bloom,ENV_FACTOR,"Metabolites dynamics exacerbated by external nutrients inputs into a Ceratium hirundinella-dominated bloom in the Pengxi River, Three Gorges Reservoir, China."
dino_post2015,STX_DOC_000793,2023.0,dinoflagellate,dinoflagellate_stx,paralytic shellfish poisoning,TOXIN,Diversity and distribution of species of the planktonic dinoflagellate genus <i>Alexandrium</i> (Dinophyta) from the tropical and subtropical Mexican Pacific Ocean
dino_post2015,STX_DOC_000793,2023.0,dinoflagellate,dinoflagellate_stx,dinoflagellate,DINO_TAXON,Diversity and distribution of species of the planktonic dinoflagellate genus <i>Alexandrium</i> (Dinophyta) from the tropical and subtropical Mexican Pacific Ocean
dino_post2015,STX_DOC_000793,2023.0,dinoflagellate,dinoflagellate_stx,alexandrium,DINO_TAXON,Diversity and distribution of species of the planktonic dinoflagellate genus <i>Alexandrium</i> (Dinophyta) from the tropical and subtropical Mexican Pacific Ocean
dino_post2015,STX_DOC_000793,2023.0,dinoflagellate,dinoflagellate_stx,alexandrium affine,DINO_TAXON,Diversity and distribution of species of the planktonic dinoflagellate genus <i>Alexandrium</i> (Dinophyta) from the tropical and subtropical Mexican Pacific Ocean
dino_post2015,STX_DOC_000793,2023.0,dinoflagellate,dinoflagellate_stx,light,ENV_FACTOR,Diversity and distribution of species of the planktonic dinoflagellate genus <i>Alexandrium</i> (Dinophyta) from the tropical and subtropical Mexican Pacific Ocean
dino_post2015,STX_DOC_000794,2023.0,dinoflagellate,dinoflagellate_stx,saxitoxin,TOXIN,"Combining Nanopore Sequencing with Recombinase Polymerase Amplification Enables Identification of Dinoflagellates from the <i>Alexandrium</i> Genus, Providing a Rapid, Field Deployable Tool."
dino_post2015,STX_DOC_000794,2023.0,dinoflagellate,dinoflagellate_stx,dinoflagellate,DINO_TAXON,"Combining Nanopore Sequencing with Recombinase Polymerase Amplification Enables Identification of Dinoflagellates from the <i>Alexandrium</i> Genus, Providing a Rapid, Field Deployable Tool."
dino_post2015,STX_DOC_000794,2023.0,dinoflagellate,dinoflagellate_stx,dinoflagellates,DINO_TAXON,"Combining Nanopore Sequencing with Recombinase Polymerase Amplification Enables Identification of Dinoflagellates from the <i>Alexandrium</i> Genus, Providing a Rapid, Field Deployable Tool."
dino_post2015,STX_DOC_000794,2023.0,dinoflagellate,dinoflagellate_stx,alexandrium,DINO_TAXON,"Combining Nanopore Sequencing with Recombinase Polymerase Amplification Enables Identification of Dinoflagellates from the <i>Alexandrium</i> Genus, Providing a Rapid, Field Deployable Tool."
dino_post2015,STX_DOC_000794,2023.0,dinoflagellate,dinoflagellate_stx,light,ENV_FACTOR,"Combining Nanopore Sequencing with Recombinase Polymerase Amplification Enables Identification of Dinoflagellates from the <i>Alexandrium</i> Genus, Providing a Rapid, Field Deployable Tool."
dino_post2015,STX_DOC_000794,2023.0,dinoflagellate,dinoflagellate_stx,phylogenetic,BIOLOGICAL_PROCESS,"Combining Nanopore Sequencing with Recombinase Polymerase Amplification Enables Identification of Dinoflagellates from the <i>Alexandrium</i> Genus, Providing a Rapid, Field Deployable Tool."
dino_post2015,STX_DOC_000794,2023.0,dinoflagellate,dinoflagellate_stx,toxicity,BIOLOGICAL_PROCESS,"Combining Nanopore Sequencing with Recombinase Polymerase Amplification Enables Identification of Dinoflagellates from the <i>Alexandrium</i> Genus, Providing a Rapid, Field Deployable Tool."
dino_post2015,STX_DOC_000795,2023.0,cross_taxa,dinoflagellate_stx,saxitoxin,TOXIN,Harmful Algal Blooms: A Prolific Issue in Urban Stormwater Ponds
dino_post2015,STX_DOC_000795,2023.0,cross_taxa,dinoflagellate_stx,dinoflagellates,DINO_TAXON,Harmful Algal Blooms: A Prolific Issue in Urban Stormwater Ponds
dino_post2015,STX_DOC_000795,2023.0,cross_taxa,dinoflagellate_stx,cyanobacteria,CYANO_TAXON,Harmful Algal Blooms: A Prolific Issue in Urban Stormwater Ponds
dino_post2015,STX_DOC_000795,2023.0,cross_taxa,dinoflagellate_stx,phosphorus,ENV_FACTOR,Harmful Algal Blooms: A Prolific Issue in Urban Stormwater Ponds
dino_post2015,STX_DOC_000795,2023.0,cross_taxa,dinoflagellate_stx,nutrient,ENV_FACTOR,Harmful Algal Blooms: A Prolific Issue in Urban Stormwater Ponds
dino_post2015,STX_DOC_000795,2023.0,cross_taxa,dinoflagellate_stx,nutrients,ENV_FACTOR,Harmful Algal Blooms: A Prolific Issue in Urban Stormwater Ponds
dino_post2015,STX_DOC_000795,2023.0,cross_taxa,dinoflagellate_stx,bloom,ENV_FACTOR,Harmful Algal Blooms: A Prolific Issue in Urban Stormwater Ponds
dino_post2015,STX_DOC_000795,2023.0,cross_taxa,dinoflagellate_stx,toxicity,BIOLOGICAL_PROCESS,Harmful Algal Blooms: A Prolific Issue in Urban Stormwater Ponds
dino_post2015,STX_DOC_000797,2022.0,dinoflagellate,dinoflagellate_stx,saxitoxin,TOXIN,Nontoxic Enantiomeric Reference Materials for Saxitoxins.
dino_post2015,STX_DOC_000797,2022.0,dinoflagellate,dinoflagellate_stx,stx,TOXIN,Nontoxic Enantiomeric Reference Materials for Saxitoxins.
dino_post2015,STX_DOC_000797,2022.0,dinoflagellate,dinoflagellate_stx,dinoflagellates,DINO_TAXON,Nontoxic Enantiomeric Reference Materials for Saxitoxins.
dino_post2015,STX_DOC_000800,2022.0,dinoflagellate,dinoflagellate_stx,dinoflagellate,DINO_TAXON,Harmful Algal Blooms in the Alaskan Arctic: An Emerging Threat as the Ocean Warms
dino_post2015,STX_DOC_000800,2022.0,dinoflagellate,dinoflagellate_stx,alexandrium,DINO_TAXON,Harmful Algal Blooms in the Alaskan Arctic: An Emerging Threat as the Ocean Warms
dino_post2015,STX_DOC_000800,2022.0,dinoflagellate,dinoflagellate_stx,alexandrium catenella,DINO_TAXON,Harmful Algal Blooms in the Alaskan Arctic: An Emerging Threat as the Ocean Warms
dino_post2015,STX_DOC_000800,2022.0,dinoflagellate,dinoflagellate_stx,warming,ENV_FACTOR,Harmful Algal Blooms in the Alaskan Arctic: An Emerging Threat as the Ocean Warms
dino_post2015,STX_DOC_000807,2021.0,cross_taxa,dinoflagellate_stx,paralytic shellfish toxins,TOXIN,"Harmful algal blooms and associated fisheries damage in East Asia: Current status and trends in China, Japan, Korea and Russia."
dino_post2015,STX_DOC_000807,2021.0,cross_taxa,dinoflagellate_stx,dinoflagellates,DINO_TAXON,"Harmful algal blooms and associated fisheries damage in East Asia: Current status and trends in China, Japan, Korea and Russia."
dino_post2015,STX_DOC_000807,2021.0,cross_taxa,dinoflagellate_stx,alexandrium,DINO_TAXON,"Harmful algal blooms and associated fisheries damage in East Asia: Current status and trends in China, Japan, Korea and Russia."
dino_post2015,STX_DOC_000807,2021.0,cross_taxa,dinoflagellate_stx,cyanobacteria,CYANO_TAXON,"Harmful algal blooms and associated fisheries damage in East Asia: Current status and trends in China, Japan, Korea and Russia."
dino_post2015,STX_DOC_000807,2021.0,cross_taxa,dinoflagellate_stx,bloom,ENV_FACTOR,"Harmful algal blooms and associated fisheries damage in East Asia: Current status and trends in China, Japan, Korea and Russia."
dino_post2015,STX_DOC_000808,2020.0,dinoflagellate,dinoflagellate_stx,paralytic shellfish toxins,TOXIN,"Effects of paralytic shellfish toxins on the middle intestine of Oncorhynchus mykiss: Glutathione metabolism, oxidative status, lysosomal function and ATP-binding cassette class C (ABCC) proteins activity."
dino_post2015,STX_DOC_000808,2020.0,dinoflagellate,dinoflagellate_stx,pst,TOXIN,"Effects of paralytic shellfish toxins on the middle intestine of Oncorhynchus mykiss: Glutathione metabolism, oxidative status, lysosomal function and ATP-binding cassette class C (ABCC) proteins activity."
dino_post2015,STX_DOC_000808,2020.0,dinoflagellate,dinoflagellate_stx,alexandrium,DINO_TAXON,"Effects of paralytic shellfish toxins on the middle intestine of Oncorhynchus mykiss: Glutathione metabolism, oxidative status, lysosomal function and ATP-binding cassette class C (ABCC) proteins activity."
dino_post2015,STX_DOC_000808,2020.0,dinoflagellate,dinoflagellate_stx,alexandrium catenella,DINO_TAXON,"Effects of paralytic shellfish toxins on the middle intestine of Oncorhynchus mykiss: Glutathione metabolism, oxidative status, lysosomal function and ATP-binding cassette class C (ABCC) proteins activity."
dino_post2015,STX_DOC_000814,2020.0,dinoflagellate,dinoflagellate_stx,saxitoxin,TOXIN,Marine harmful algal blooms and phycotoxins of concern to Canada
dino_post2015,STX_DOC_000814,2020.0,dinoflagellate,dinoflagellate_stx,paralytic shellfish poisoning,TOXIN,Marine harmful algal blooms and phycotoxins of concern to Canada
dino_post2015,STX_DOC_000814,2020.0,dinoflagellate,dinoflagellate_stx,dinoflagellates,DINO_TAXON,Marine harmful algal blooms and phycotoxins of concern to Canada
dino_post2015,STX_DOC_000814,2020.0,dinoflagellate,dinoflagellate_stx,alexandrium,DINO_TAXON,Marine harmful algal blooms and phycotoxins of concern to Canada
dino_post2015,STX_DOC_000814,2020.0,dinoflagellate,dinoflagellate_stx,climate,ENV_FACTOR,Marine harmful algal blooms and phycotoxins of concern to Canada
dino_post2015,STX_DOC_000816,2018.0,dinoflagellate,dinoflagellate_stx,saxitoxin,TOXIN,Vulnerabilities of Marine Mammals to Harmful Algal Blooms
dino_post2015,STX_DOC_000816,2018.0,dinoflagellate,dinoflagellate_stx,stx,TOXIN,Vulnerabilities of Marine Mammals to Harmful Algal Blooms
dino_post2015,STX_DOC_000816,2018.0,dinoflagellate,dinoflagellate_stx,dinoflagellate,DINO_TAXON,Vulnerabilities of Marine Mammals to Harmful Algal Blooms
dino_post2015,STX_DOC_000816,2018.0,dinoflagellate,dinoflagellate_stx,dinoflagellates,DINO_TAXON,Vulnerabilities of Marine Mammals to Harmful Algal Blooms
dino_post2015,STX_DOC_000817,2018.0,cross_taxa,dinoflagellate_stx,saxitoxin,TOXIN,Potentially harmful microalgae and algal blooms in the Red Sea: Current knowledge and research needs.
dino_post2015,STX_DOC_000817,2018.0,cross_taxa,dinoflagellate_stx,dinoflagellates,DINO_TAXON,Potentially harmful microalgae and algal blooms in the Red Sea: Current knowledge and research needs.
dino_post2015,STX_DOC_000817,2018.0,cross_taxa,dinoflagellate_stx,cyanobacteria,CYANO_TAXON,Potentially harmful microalgae and algal blooms in the Red Sea: Current knowledge and research needs.
dino_post2015,STX_DOC_000817,2018.0,cross_taxa,dinoflagellate_stx,cyanobacterial,CYANO_TAXON,Potentially harmful microalgae and algal blooms in the Red Sea: Current knowledge and research needs.
dino_post2015,STX_DOC_000817,2018.0,cross_taxa,dinoflagellate_stx,climate,ENV_FACTOR,Potentially harmful microalgae and algal blooms in the Red Sea: Current knowledge and research needs.
dino_post2015,STX_DOC_000820,2017.0,dinoflagellate,dinoflagellate_stx,paralytic shellfish poisoning,TOXIN,qPCR assays for <i>Alexandrium fundyense</i> and <i>A. ostenfeldii</i> (Dinophyceae) identified from Alaskan waters and a review of species-specific <i>Alexandrium</i> molecular assays.
dino_post2015,STX_DOC_000820,2017.0,dinoflagellate,dinoflagellate_stx,dinoflagellates,DINO_TAXON,qPCR assays for <i>Alexandrium fundyense</i> and <i>A. ostenfeldii</i> (Dinophyceae) identified from Alaskan waters and a review of species-specific <i>Alexandrium</i> molecular assays.
dino_post2015,STX_DOC_000820,2017.0,dinoflagellate,dinoflagellate_stx,alexandrium,DINO_TAXON,qPCR assays for <i>Alexandrium fundyense</i> and <i>A. ostenfeldii</i> (Dinophyceae) identified from Alaskan waters and a review of species-specific <i>Alexandrium</i> molecular assays.
dino_post2015,STX_DOC_000820,2017.0,dinoflagellate,dinoflagellate_stx,alexandrium fundyense,DINO_TAXON,qPCR assays for <i>Alexandrium fundyense</i> and <i>A. ostenfeldii</i> (Dinophyceae) identified from Alaskan waters and a review of species-specific <i>Alexandrium</i> molecular assays.
dino_post2015,STX_DOC_000820,2017.0,dinoflagellate,dinoflagellate_stx,bloom,ENV_FACTOR,qPCR assays for <i>Alexandrium fundyense</i> and <i>A. ostenfeldii</i> (Dinophyceae) identified from Alaskan waters and a review of species-specific <i>Alexandrium</i> molecular assays.
dino_post2015,STX_DOC_000820,2017.0,dinoflagellate,dinoflagellate_stx,harmful algal bloom,ENV_FACTOR,qPCR assays for <i>Alexandrium fundyense</i> and <i>A. ostenfeldii</i> (Dinophyceae) identified from Alaskan waters and a review of species-specific <i>Alexandrium</i> molecular assays.
dino_post2015,STX_DOC_000820,2017.0,dinoflagellate,dinoflagellate_stx,toxicity,BIOLOGICAL_PROCESS,qPCR assays for <i>Alexandrium fundyense</i> and <i>A. ostenfeldii</i> (Dinophyceae) identified from Alaskan waters and a review of species-specific <i>Alexandrium</i> molecular assays.
dino_post2015,STX_DOC_000826,2016.0,dinoflagellate,dinoflagellate_stx,saxitoxin,TOXIN,Evolutionary processes and cellular functions underlying divergence in Alexandrium minutum.
dino_post2015,STX_DOC_000826,2016.0,dinoflagellate,dinoflagellate_stx,dinoflagellate,DINO_TAXON,Evolutionary processes and cellular functions underlying divergence in Alexandrium minutum.
dino_post2015,STX_DOC_000826,2016.0,dinoflagellate,dinoflagellate_stx,dinoflagellates,DINO_TAXON,Evolutionary processes and cellular functions underlying divergence in Alexandrium minutum.
dino_post2015,STX_DOC_000826,2016.0,dinoflagellate,dinoflagellate_stx,alexandrium,DINO_TAXON,Evolutionary processes and cellular functions underlying divergence in Alexandrium minutum.
dino_post2015,STX_DOC_000826,2016.0,dinoflagellate,dinoflagellate_stx,alexandrium minutum,DINO_TAXON,Evolutionary processes and cellular functions underlying divergence in Alexandrium minutum.
dino_post2015,STX_DOC_000826,2016.0,dinoflagellate,dinoflagellate_stx,transcriptome,BIOLOGICAL_PROCESS,Evolutionary processes and cellular functions underlying divergence in Alexandrium minutum.
dino_post2015,STX_DOC_000826,2016.0,dinoflagellate,dinoflagellate_stx,evolution,BIOLOGICAL_PROCESS,Evolutionary processes and cellular functions underlying divergence in Alexandrium minutum.
dino_post2015,STX_DOC_000888,2025.0,cross_taxa,dinoflagellate_stx,paralytic shellfish toxins,TOXIN,Investigation into Paralytic Shellfish Toxins and Microcystins in Seabirds from Portugal.
dino_post2015,STX_DOC_000888,2025.0,cross_taxa,dinoflagellate_stx,psts,TOXIN,Investigation into Paralytic Shellfish Toxins and Microcystins in Seabirds from Portugal.
dino_post2015,STX_DOC_000888,2025.0,cross_taxa,dinoflagellate_stx,dinoflagellates,DINO_TAXON,Investigation into Paralytic Shellfish Toxins and Microcystins in Seabirds from Portugal.
dino_post2015,STX_DOC_000888,2025.0,cross_taxa,dinoflagellate_stx,cyanobacteria,CYANO_TAXON,Investigation into Paralytic Shellfish Toxins and Microcystins in Seabirds from Portugal.
dino_post2015,STX_DOC_000891,2024.0,dinoflagellate,dinoflagellate_stx,stx,TOXIN,"The influence of the toxin-producing dinoflagellate, Alexandrium catenella, on feeding, reproduction and toxin retention in Calanus helgolandicus."
dino_post2015,STX_DOC_000891,2024.0,dinoflagellate,dinoflagellate_stx,dinoflagellate,DINO_TAXON,"The influence of the toxin-producing dinoflagellate, Alexandrium catenella, on feeding, reproduction and toxin retention in Calanus helgolandicus."
dino_post2015,STX_DOC_000891,2024.0,dinoflagellate,dinoflagellate_stx,alexandrium,DINO_TAXON,"The influence of the toxin-producing dinoflagellate, Alexandrium catenella, on feeding, reproduction and toxin retention in Calanus helgolandicus."
dino_post2015,STX_DOC_000891,2024.0,dinoflagellate,dinoflagellate_stx,alexandrium catenella,DINO_TAXON,"The influence of the toxin-producing dinoflagellate, Alexandrium catenella, on feeding, reproduction and toxin retention in Calanus helgolandicus."
dino_post2015,STX_DOC_000891,2024.0,dinoflagellate,dinoflagellate_stx,bloom,ENV_FACTOR,"The influence of the toxin-producing dinoflagellate, Alexandrium catenella, on feeding, reproduction and toxin retention in Calanus helgolandicus."
dino_post2015,STX_DOC_000892,2024.0,dinoflagellate,dinoflagellate_stx,paralytic shellfish toxins,TOXIN,Diversity of eukaryote plankton and phycotoxins along the West Kalaallit Nunaat (Greenland) coast
dino_post2015,STX_DOC_000892,2024.0,dinoflagellate,dinoflagellate_stx,alexandrium,DINO_TAXON,Diversity of eukaryote plankton and phycotoxins along the West Kalaallit Nunaat (Greenland) coast
dino_post2015,STX_DOC_000892,2024.0,dinoflagellate,dinoflagellate_stx,temperature,ENV_FACTOR,Diversity of eukaryote plankton and phycotoxins along the West Kalaallit Nunaat (Greenland) coast
dino_post2015,STX_DOC_000892,2024.0,dinoflagellate,dinoflagellate_stx,salinity,ENV_FACTOR,Diversity of eukaryote plankton and phycotoxins along the West Kalaallit Nunaat (Greenland) coast
dino_post2015,STX_DOC_000892,2024.0,dinoflagellate,dinoflagellate_stx,nutrient,ENV_FACTOR,Diversity of eukaryote plankton and phycotoxins along the West Kalaallit Nunaat (Greenland) coast
dino_post2015,STX_DOC_000892,2024.0,dinoflagellate,dinoflagellate_stx,nutrients,ENV_FACTOR,Diversity of eukaryote plankton and phycotoxins along the West Kalaallit Nunaat (Greenland) coast
dino_post2015,STX_DOC_000892,2024.0,dinoflagellate,dinoflagellate_stx,light,ENV_FACTOR,Diversity of eukaryote plankton and phycotoxins along the West Kalaallit Nunaat (Greenland) coast
dino_post2015,STX_DOC_000892,2024.0,dinoflagellate,dinoflagellate_stx,climate,ENV_FACTOR,Diversity of eukaryote plankton and phycotoxins along the West Kalaallit Nunaat (Greenland) coast
dino_post2015,STX_DOC_000894,2023.0,dinoflagellate,dinoflagellate_stx,saxitoxin,TOXIN,In vitro evaluation of the potential allelopathic and ichthyotoxic effect of the raphidophyte Heterosigma akashiwo and the dinoflagellate Alexandriumcatenella.
dino_post2015,STX_DOC_000894,2023.0,dinoflagellate,dinoflagellate_stx,dinoflagellate,DINO_TAXON,In vitro evaluation of the potential allelopathic and ichthyotoxic effect of the raphidophyte Heterosigma akashiwo and the dinoflagellate Alexandriumcatenella.
dino_post2015,STX_DOC_000894,2023.0,dinoflagellate,dinoflagellate_stx,alexandrium,DINO_TAXON,In vitro evaluation of the potential allelopathic and ichthyotoxic effect of the raphidophyte Heterosigma akashiwo and the dinoflagellate Alexandriumcatenella.
dino_post2015,STX_DOC_000894,2023.0,dinoflagellate,dinoflagellate_stx,alexandrium catenella,DINO_TAXON,In vitro evaluation of the potential allelopathic and ichthyotoxic effect of the raphidophyte Heterosigma akashiwo and the dinoflagellate Alexandriumcatenella.
dino_post2015,STX_DOC_000894,2023.0,dinoflagellate,dinoflagellate_stx,bloom,ENV_FACTOR,In vitro evaluation of the potential allelopathic and ichthyotoxic effect of the raphidophyte Heterosigma akashiwo and the dinoflagellate Alexandriumcatenella.
dino_post2015,STX_DOC_000899,2022.0,dinoflagellate,dinoflagellate_stx,paralytic shellfish toxins,TOXIN,Projecting Future Climate Change-Mediated Impacts in Three Paralytic Shellfish Toxins-Producing Dinoflagellate Species
dino_post2015,STX_DOC_000899,2022.0,dinoflagellate,dinoflagellate_stx,pst,TOXIN,Projecting Future Climate Change-Mediated Impacts in Three Paralytic Shellfish Toxins-Producing Dinoflagellate Species
dino_post2015,STX_DOC_000899,2022.0,dinoflagellate,dinoflagellate_stx,dinoflagellate,DINO_TAXON,Projecting Future Climate Change-Mediated Impacts in Three Paralytic Shellfish Toxins-Producing Dinoflagellate Species
dino_post2015,STX_DOC_000899,2022.0,dinoflagellate,dinoflagellate_stx,climate,ENV_FACTOR,Projecting Future Climate Change-Mediated Impacts in Three Paralytic Shellfish Toxins-Producing Dinoflagellate Species
dino_post2015,STX_DOC_000902,2021.0,dinoflagellate,high_confidence_stx_biosynthesis,paralytic shellfish toxin,TOXIN,Recent developments in quantitative PCR for monitoring harmful marine microalgae.
dino_post2015,STX_DOC_000902,2021.0,dinoflagellate,high_confidence_stx_biosynthesis,dinoflagellates,DINO_TAXON,Recent developments in quantitative PCR for monitoring harmful marine microalgae.
dino_post2015,STX_DOC_000902,2021.0,dinoflagellate,high_confidence_stx_biosynthesis,bloom,ENV_FACTOR,Recent developments in quantitative PCR for monitoring harmful marine microalgae.
dino_post2015,STX_DOC_000902,2021.0,dinoflagellate,high_confidence_stx_biosynthesis,biosynthesis,BIOLOGICAL_PROCESS,Recent developments in quantitative PCR for monitoring harmful marine microalgae.
dino_post2015,STX_DOC_000902,2021.0,dinoflagellate,high_confidence_stx_biosynthesis,toxin biosynthesis,BIOLOGICAL_PROCESS,Recent developments in quantitative PCR for monitoring harmful marine microalgae.
dino_post2015,STX_DOC_000903,2021.0,dinoflagellate,dinoflagellate_stx,saxitoxin,TOXIN,"Spatial distribution and source of biotoxins in phytoplankton from the South China Sea, China."
dino_post2015,STX_DOC_000903,2021.0,dinoflagellate,dinoflagellate_stx,stx,TOXIN,"Spatial distribution and source of biotoxins in phytoplankton from the South China Sea, China."
dino_post2015,STX_DOC_000903,2021.0,dinoflagellate,dinoflagellate_stx,alexandrium,DINO_TAXON,"Spatial distribution and source of biotoxins in phytoplankton from the South China Sea, China."
dino_post2015,STX_DOC_000903,2021.0,dinoflagellate,dinoflagellate_stx,alexandrium pacificum,DINO_TAXON,"Spatial distribution and source of biotoxins in phytoplankton from the South China Sea, China."
dino_post2015,STX_DOC_000906,2021.0,dinoflagellate,dinoflagellate_stx,paralytic shellfish toxins,TOXIN,Effects of Polystyrene Microplastics on Growth and Toxin Production of Alexandrium pacificum
dino_post2015,STX_DOC_000906,2021.0,dinoflagellate,dinoflagellate_stx,pst,TOXIN,Effects of Polystyrene Microplastics on Growth and Toxin Production of Alexandrium pacificum
dino_post2015,STX_DOC_000906,2021.0,dinoflagellate,dinoflagellate_stx,alexandrium,DINO_TAXON,Effects of Polystyrene Microplastics on Growth and Toxin Production of Alexandrium pacificum
dino_post2015,STX_DOC_000906,2021.0,dinoflagellate,dinoflagellate_stx,alexandrium pacificum,DINO_TAXON,Effects of Polystyrene Microplastics on Growth and Toxin Production of Alexandrium pacificum
dino_post2015,STX_DOC_000906,2021.0,dinoflagellate,dinoflagellate_stx,biosynthesis,BIOLOGICAL_PROCESS,Effects of Polystyrene Microplastics on Growth and Toxin Production of Alexandrium pacificum
dino_post2015,STX_DOC_000906,2021.0,dinoflagellate,dinoflagellate_stx,toxin production,BIOLOGICAL_PROCESS,Effects of Polystyrene Microplastics on Growth and Toxin Production of Alexandrium pacificum
dino_post2015,STX_DOC_000909,2020.0,dinoflagellate,dinoflagellate_stx,alexandrium,DINO_TAXON,Transcriptomic responses of Artemia salina exposed to an environmentally relevant dose of Alexandrium minutum cells or Gonyautoxin2/3.
dino_post2015,STX_DOC_000909,2020.0,dinoflagellate,dinoflagellate_stx,alexandrium minutum,DINO_TAXON,Transcriptomic responses of Artemia salina exposed to an environmentally relevant dose of Alexandrium minutum cells or Gonyautoxin2/3.
dino_post2015,STX_DOC_000909,2020.0,dinoflagellate,dinoflagellate_stx,expression,BIOLOGICAL_PROCESS,Transcriptomic responses of Artemia salina exposed to an environmentally relevant dose of Alexandrium minutum cells or Gonyautoxin2/3.
dino_post2015,STX_DOC_000909,2020.0,dinoflagellate,dinoflagellate_stx,transcription,BIOLOGICAL_PROCESS,Transcriptomic responses of Artemia salina exposed to an environmentally relevant dose of Alexandrium minutum cells or Gonyautoxin2/3.
dino_post2015,STX_DOC_000909,2020.0,dinoflagellate,dinoflagellate_stx,transcriptome,BIOLOGICAL_PROCESS,Transcriptomic responses of Artemia salina exposed to an environmentally relevant dose of Alexandrium minutum cells or Gonyautoxin2/3.
dino_post2015,STX_DOC_000909,2020.0,dinoflagellate,dinoflagellate_stx,transcriptomic,BIOLOGICAL_PROCESS,Transcriptomic responses of Artemia salina exposed to an environmentally relevant dose of Alexandrium minutum cells or Gonyautoxin2/3.
dino_post2015,STX_DOC_000913,2020.0,dinoflagellate,dinoflagellate_stx,paralytic shellfish toxins,TOXIN,A Mediterranean Alexandrium taylorii (Dinophyceae) Strain Produces Goniodomin A and Lytic Compounds but Not Paralytic Shellfish Toxins
dino_post2015,STX_DOC_000913,2020.0,dinoflagellate,dinoflagellate_stx,pst,TOXIN,A Mediterranean Alexandrium taylorii (Dinophyceae) Strain Produces Goniodomin A and Lytic Compounds but Not Paralytic Shellfish Toxins
dino_post2015,STX_DOC_000913,2020.0,dinoflagellate,dinoflagellate_stx,alexandrium,DINO_TAXON,A Mediterranean Alexandrium taylorii (Dinophyceae) Strain Produces Goniodomin A and Lytic Compounds but Not Paralytic Shellfish Toxins
dino_post2015,STX_DOC_000913,2020.0,dinoflagellate,dinoflagellate_stx,bloom,ENV_FACTOR,A Mediterranean Alexandrium taylorii (Dinophyceae) Strain Produces Goniodomin A and Lytic Compounds but Not Paralytic Shellfish Toxins
dino_post2015,STX_DOC_000913,2020.0,dinoflagellate,dinoflagellate_stx,toxin production,BIOLOGICAL_PROCESS,A Mediterranean Alexandrium taylorii (Dinophyceae) Strain Produces Goniodomin A and Lytic Compounds but Not Paralytic Shellfish Toxins
dino_post2015,STX_DOC_000913,2020.0,dinoflagellate,dinoflagellate_stx,lc-ms,DETECTION_METHOD,A Mediterranean Alexandrium taylorii (Dinophyceae) Strain Produces Goniodomin A and Lytic Compounds but Not Paralytic Shellfish Toxins
dino_post2015,STX_DOC_000913,2020.0,dinoflagellate,dinoflagellate_stx,lc-ms/ms,DETECTION_METHOD,A Mediterranean Alexandrium taylorii (Dinophyceae) Strain Produces Goniodomin A and Lytic Compounds but Not Paralytic Shellfish Toxins
dino_post2015,STX_DOC_000913,2020.0,dinoflagellate,dinoflagellate_stx,mass spectrometry,DETECTION_METHOD,A Mediterranean Alexandrium taylorii (Dinophyceae) Strain Produces Goniodomin A and Lytic Compounds but Not Paralytic Shellfish Toxins
dino_post2015,STX_DOC_000918,2019.0,dinoflagellate,dinoflagellate_stx,paralytic shellfish toxins,TOXIN,Paralytic Shellfish Toxins in Surf Clams Mesodesma donacium during a Large Bloom of Alexandrium catenella Dinoflagellates Associated to an Intense Shellfish Mass Mortality
dino_post2015,STX_DOC_000918,2019.0,dinoflagellate,dinoflagellate_stx,dinoflagellates,DINO_TAXON,Paralytic Shellfish Toxins in Surf Clams Mesodesma donacium during a Large Bloom of Alexandrium catenella Dinoflagellates Associated to an Intense Shellfish Mass Mortality
dino_post2015,STX_DOC_000918,2019.0,dinoflagellate,dinoflagellate_stx,alexandrium,DINO_TAXON,Paralytic Shellfish Toxins in Surf Clams Mesodesma donacium during a Large Bloom of Alexandrium catenella Dinoflagellates Associated to an Intense Shellfish Mass Mortality
dino_post2015,STX_DOC_000918,2019.0,dinoflagellate,dinoflagellate_stx,alexandrium catenella,DINO_TAXON,Paralytic Shellfish Toxins in Surf Clams Mesodesma donacium during a Large Bloom of Alexandrium catenella Dinoflagellates Associated to an Intense Shellfish Mass Mortality
dino_post2015,STX_DOC_000918,2019.0,dinoflagellate,dinoflagellate_stx,bloom,ENV_FACTOR,Paralytic Shellfish Toxins in Surf Clams Mesodesma donacium during a Large Bloom of Alexandrium catenella Dinoflagellates Associated to an Intense Shellfish Mass Mortality
dino_post2015,STX_DOC_000919,2018.0,cross_taxa,dinoflagellate_stx,paralytic shellfish poisoning,TOXIN,Interactions between Seabirds and Harmful Algal Blooms
dino_post2015,STX_DOC_000919,2018.0,cross_taxa,dinoflagellate_stx,dinoflagellate,DINO_TAXON,Interactions between Seabirds and Harmful Algal Blooms
dino_post2015,STX_DOC_000919,2018.0,cross_taxa,dinoflagellate_stx,dinoflagellates,DINO_TAXON,Interactions between Seabirds and Harmful Algal Blooms
dino_post2015,STX_DOC_000919,2018.0,cross_taxa,dinoflagellate_stx,cyanobacteria,CYANO_TAXON,Interactions between Seabirds and Harmful Algal Blooms
dino_post2015,STX_DOC_000920,2018.0,cross_taxa,dinoflagellate_stx,saxitoxin,TOXIN,Mechanisms and Effects Posed by Neurotoxic Products of Cyanobacteria/Microbial Eukaryotes/Dinoflagellates in Algae Blooms: a Review.
dino_post2015,STX_DOC_000920,2018.0,cross_taxa,dinoflagellate_stx,dinoflagellates,DINO_TAXON,Mechanisms and Effects Posed by Neurotoxic Products of Cyanobacteria/Microbial Eukaryotes/Dinoflagellates in Algae Blooms: a Review.
dino_post2015,STX_DOC_000920,2018.0,cross_taxa,dinoflagellate_stx,cyanobacteria,CYANO_TAXON,Mechanisms and Effects Posed by Neurotoxic Products of Cyanobacteria/Microbial Eukaryotes/Dinoflagellates in Algae Blooms: a Review.
dino_post2015,STX_DOC_000920,2018.0,cross_taxa,dinoflagellate_stx,cyanobacterial,CYANO_TAXON,Mechanisms and Effects Posed by Neurotoxic Products of Cyanobacteria/Microbial Eukaryotes/Dinoflagellates in Algae Blooms: a Review.
dino_post2015,STX_DOC_000922,2018.0,dinoflagellate,dinoflagellate_stx,paralytic shellfish toxin,TOXIN,Sources of paralytic shellfish toxin accumulation variability in the Pacific oyster Crassostrea gigas.
dino_post2015,STX_DOC_000922,2018.0,dinoflagellate,dinoflagellate_stx,pst,TOXIN,Sources of paralytic shellfish toxin accumulation variability in the Pacific oyster Crassostrea gigas.
dino_post2015,STX_DOC_000922,2018.0,dinoflagellate,dinoflagellate_stx,alexandrium,DINO_TAXON,Sources of paralytic shellfish toxin accumulation variability in the Pacific oyster Crassostrea gigas.
dino_post2015,STX_DOC_000922,2018.0,dinoflagellate,dinoflagellate_stx,alexandrium minutum,DINO_TAXON,Sources of paralytic shellfish toxin accumulation variability in the Pacific oyster Crassostrea gigas.
dino_post2015,STX_DOC_000924,2018.0,dinoflagellate,dinoflagellate_stx,saxitoxin,TOXIN,"Abundance and Distribution of the Potentially Toxic Thecate Dinoflagellate Alexandrium tamiyavanichii (Dinophyceae) in the Central Mexican Pacific, Using the Quantitative PCR Method"
dino_post2015,STX_DOC_000924,2018.0,dinoflagellate,dinoflagellate_stx,dinoflagellate,DINO_TAXON,"Abundance and Distribution of the Potentially Toxic Thecate Dinoflagellate Alexandrium tamiyavanichii (Dinophyceae) in the Central Mexican Pacific, Using the Quantitative PCR Method"
dino_post2015,STX_DOC_000924,2018.0,dinoflagellate,dinoflagellate_stx,dinoflagellates,DINO_TAXON,"Abundance and Distribution of the Potentially Toxic Thecate Dinoflagellate Alexandrium tamiyavanichii (Dinophyceae) in the Central Mexican Pacific, Using the Quantitative PCR Method"
dino_post2015,STX_DOC_000924,2018.0,dinoflagellate,dinoflagellate_stx,alexandrium,DINO_TAXON,"Abundance and Distribution of the Potentially Toxic Thecate Dinoflagellate Alexandrium tamiyavanichii (Dinophyceae) in the Central Mexican Pacific, Using the Quantitative PCR Method"
dino_post2015,STX_DOC_000924,2018.0,dinoflagellate,dinoflagellate_stx,alexandrium tamiyavanichii,DINO_TAXON,"Abundance and Distribution of the Potentially Toxic Thecate Dinoflagellate Alexandrium tamiyavanichii (Dinophyceae) in the Central Mexican Pacific, Using the Quantitative PCR Method"
dino_post2015,STX_DOC_000925,2017.0,cross_taxa,dinoflagellate_stx,saxitoxin,TOXIN,Synthesis and Identification of Key Biosynthetic Intermediates for the Formation of the Tricyclic Skeleton of Saxitoxin.
dino_post2015,STX_DOC_000925,2017.0,cross_taxa,dinoflagellate_stx,stx,TOXIN,Synthesis and Identification of Key Biosynthetic Intermediates for the Formation of the Tricyclic Skeleton of Saxitoxin.
dino_post2015,STX_DOC_000925,2017.0,cross_taxa,dinoflagellate_stx,dinoflagellates,DINO_TAXON,Synthesis and Identification of Key Biosynthetic Intermediates for the Formation of the Tricyclic Skeleton of Saxitoxin.
dino_post2015,STX_DOC_000925,2017.0,cross_taxa,dinoflagellate_stx,cyanobacteria,CYANO_TAXON,Synthesis and Identification of Key Biosynthetic Intermediates for the Formation of the Tricyclic Skeleton of Saxitoxin.
dino_post2015,STX_DOC_000925,2017.0,cross_taxa,dinoflagellate_stx,lc-ms,DETECTION_METHOD,Synthesis and Identification of Key Biosynthetic Intermediates for the Formation of the Tricyclic Skeleton of Saxitoxin.
dino_post2015,STX_DOC_000931,2016.0,dinoflagellate,dinoflagellate_stx,paralytic shellfish poisoning,TOXIN,The effect of the toxic dinoflagellate <i>Alexandrium fundyense</i> on the fitness of the calanoid copepod <i>Calanus finmarchicus</i>.
dino_post2015,STX_DOC_000931,2016.0,dinoflagellate,dinoflagellate_stx,dinoflagellate,DINO_TAXON,The effect of the toxic dinoflagellate <i>Alexandrium fundyense</i> on the fitness of the calanoid copepod <i>Calanus finmarchicus</i>.
dino_post2015,STX_DOC_000931,2016.0,dinoflagellate,dinoflagellate_stx,alexandrium,DINO_TAXON,The effect of the toxic dinoflagellate <i>Alexandrium fundyense</i> on the fitness of the calanoid copepod <i>Calanus finmarchicus</i>.
dino_post2015,STX_DOC_000931,2016.0,dinoflagellate,dinoflagellate_stx,alexandrium fundyense,DINO_TAXON,The effect of the toxic dinoflagellate <i>Alexandrium fundyense</i> on the fitness of the calanoid copepod <i>Calanus finmarchicus</i>.
dino_post2015,STX_DOC_001002,2025.0,dinoflagellate,dinoflagellate_stx,paralytic shellfish toxin,TOXIN,"Intraspecific variation in paralytic shellfish toxin compositions of Alexandrium catenella strains isolated from Jinhae-Masan Bay, Korea: effects of temperature and salinity on growth and toxicity"
dino_post2015,STX_DOC_001002,2025.0,dinoflagellate,dinoflagellate_stx,alexandrium,DINO_TAXON,"Intraspecific variation in paralytic shellfish toxin compositions of Alexandrium catenella strains isolated from Jinhae-Masan Bay, Korea: effects of temperature and salinity on growth and toxicity"
dino_post2015,STX_DOC_001002,2025.0,dinoflagellate,dinoflagellate_stx,alexandrium catenella,DINO_TAXON,"Intraspecific variation in paralytic shellfish toxin compositions of Alexandrium catenella strains isolated from Jinhae-Masan Bay, Korea: effects of temperature and salinity on growth and toxicity"
dino_post2015,STX_DOC_001002,2025.0,dinoflagellate,dinoflagellate_stx,temperature,ENV_FACTOR,"Intraspecific variation in paralytic shellfish toxin compositions of Alexandrium catenella strains isolated from Jinhae-Masan Bay, Korea: effects of temperature and salinity on growth and toxicity"
dino_post2015,STX_DOC_001002,2025.0,dinoflagellate,dinoflagellate_stx,salinity,ENV_FACTOR,"Intraspecific variation in paralytic shellfish toxin compositions of Alexandrium catenella strains isolated from Jinhae-Masan Bay, Korea: effects of temperature and salinity on growth and toxicity"
dino_post2015,STX_DOC_001002,2025.0,dinoflagellate,dinoflagellate_stx,toxicity,BIOLOGICAL_PROCESS,"Intraspecific variation in paralytic shellfish toxin compositions of Alexandrium catenella strains isolated from Jinhae-Masan Bay, Korea: effects of temperature and salinity on growth and toxicity"
dino_post2015,STX_DOC_001004,2024.0,dinoflagellate,dinoflagellate_stx,paralytic shellfish poisoning,TOXIN,"Biogeochemical conditions controlling the intensity of paralytic shellfish poisoning (PSP) outbreak caused by Alexandrium blooms: Results from 6-year field observations in Jinhae-Masan Bay, Korea."
dino_post2015,STX_DOC_001004,2024.0,dinoflagellate,dinoflagellate_stx,dinoflagellate,DINO_TAXON,"Biogeochemical conditions controlling the intensity of paralytic shellfish poisoning (PSP) outbreak caused by Alexandrium blooms: Results from 6-year field observations in Jinhae-Masan Bay, Korea."
dino_post2015,STX_DOC_001004,2024.0,dinoflagellate,dinoflagellate_stx,alexandrium,DINO_TAXON,"Biogeochemical conditions controlling the intensity of paralytic shellfish poisoning (PSP) outbreak caused by Alexandrium blooms: Results from 6-year field observations in Jinhae-Masan Bay, Korea."
dino_post2015,STX_DOC_001004,2024.0,dinoflagellate,dinoflagellate_stx,nitrogen,ENV_FACTOR,"Biogeochemical conditions controlling the intensity of paralytic shellfish poisoning (PSP) outbreak caused by Alexandrium blooms: Results from 6-year field observations in Jinhae-Masan Bay, Korea."
dino_post2015,STX_DOC_001015,2022.0,dinoflagellate,dinoflagellate_stx,saxitoxin,TOXIN,"Marine paralytic shellfish toxins: chemical properties, mode of action, newer analogues, and structure-toxicity relationship."
dino_post2015,STX_DOC_001015,2022.0,dinoflagellate,dinoflagellate_stx,paralytic shellfish toxins,TOXIN,"Marine paralytic shellfish toxins: chemical properties, mode of action, newer analogues, and structure-toxicity relationship."
dino_post2015,STX_DOC_001015,2022.0,dinoflagellate,dinoflagellate_stx,dinoflagellates,DINO_TAXON,"Marine paralytic shellfish toxins: chemical properties, mode of action, newer analogues, and structure-toxicity relationship."
dino_post2015,STX_DOC_001015,2022.0,dinoflagellate,dinoflagellate_stx,light,ENV_FACTOR,"Marine paralytic shellfish toxins: chemical properties, mode of action, newer analogues, and structure-toxicity relationship."
dino_post2015,STX_DOC_001015,2022.0,dinoflagellate,dinoflagellate_stx,toxicity,BIOLOGICAL_PROCESS,"Marine paralytic shellfish toxins: chemical properties, mode of action, newer analogues, and structure-toxicity relationship."
dino_post2015,STX_DOC_001017,2021.0,dinoflagellate,dinoflagellate_stx,paralytic shellfish poisoning,TOXIN,Effects of the toxic dinoflagellate Alexandrium catenella on the behaviour and physiology of the blue mussel Mytilus edulis.
dino_post2015,STX_DOC_001017,2021.0,dinoflagellate,dinoflagellate_stx,dinoflagellate,DINO_TAXON,Effects of the toxic dinoflagellate Alexandrium catenella on the behaviour and physiology of the blue mussel Mytilus edulis.
dino_post2015,STX_DOC_001017,2021.0,dinoflagellate,dinoflagellate_stx,alexandrium,DINO_TAXON,Effects of the toxic dinoflagellate Alexandrium catenella on the behaviour and physiology of the blue mussel Mytilus edulis.
dino_post2015,STX_DOC_001017,2021.0,dinoflagellate,dinoflagellate_stx,alexandrium catenella,DINO_TAXON,Effects of the toxic dinoflagellate Alexandrium catenella on the behaviour and physiology of the blue mussel Mytilus edulis.
dino_post2015,STX_DOC_001018,2021.0,dinoflagellate,dinoflagellate_stx,paralytic shellfish poisoning,TOXIN,Effects of paralytic shellfish poisoning toxin-producing dinoflagellate Gymnodinium catenatum on the marine copepod Tigriopus japonicus.
dino_post2015,STX_DOC_001018,2021.0,dinoflagellate,dinoflagellate_stx,dinoflagellate,DINO_TAXON,Effects of paralytic shellfish poisoning toxin-producing dinoflagellate Gymnodinium catenatum on the marine copepod Tigriopus japonicus.
dino_post2015,STX_DOC_001018,2021.0,dinoflagellate,dinoflagellate_stx,gymnodinium,DINO_TAXON,Effects of paralytic shellfish poisoning toxin-producing dinoflagellate Gymnodinium catenatum on the marine copepod Tigriopus japonicus.
dino_post2015,STX_DOC_001018,2021.0,dinoflagellate,dinoflagellate_stx,gymnodinium catenatum,DINO_TAXON,Effects of paralytic shellfish poisoning toxin-producing dinoflagellate Gymnodinium catenatum on the marine copepod Tigriopus japonicus.
dino_post2015,STX_DOC_001018,2021.0,dinoflagellate,dinoflagellate_stx,regulation,BIOLOGICAL_PROCESS,Effects of paralytic shellfish poisoning toxin-producing dinoflagellate Gymnodinium catenatum on the marine copepod Tigriopus japonicus.
dino_post2015,STX_DOC_001018,2021.0,dinoflagellate,dinoflagellate_stx,expression,BIOLOGICAL_PROCESS,Effects of paralytic shellfish poisoning toxin-producing dinoflagellate Gymnodinium catenatum on the marine copepod Tigriopus japonicus.
dino_post2015,STX_DOC_001018,2021.0,dinoflagellate,dinoflagellate_stx,toxicity,BIOLOGICAL_PROCESS,Effects of paralytic shellfish poisoning toxin-producing dinoflagellate Gymnodinium catenatum on the marine copepod Tigriopus japonicus.
dino_post2015,STX_DOC_001019,2021.0,dinoflagellate,dinoflagellate_stx,paralytic shellfish poisoning,TOXIN,New markers for qPCR detection of the dinoflagellate <i>Alexandrium catenella</i> in Chile
dino_post2015,STX_DOC_001019,2021.0,dinoflagellate,dinoflagellate_stx,dinoflagellate,DINO_TAXON,New markers for qPCR detection of the dinoflagellate <i>Alexandrium catenella</i> in Chile
dino_post2015,STX_DOC_001019,2021.0,dinoflagellate,dinoflagellate_stx,alexandrium,DINO_TAXON,New markers for qPCR detection of the dinoflagellate <i>Alexandrium catenella</i> in Chile
dino_post2015,STX_DOC_001019,2021.0,dinoflagellate,dinoflagellate_stx,alexandrium catenella,DINO_TAXON,New markers for qPCR detection of the dinoflagellate <i>Alexandrium catenella</i> in Chile
dino_post2015,STX_DOC_001025,2020.0,dinoflagellate,dinoflagellate_stx,saxitoxin,TOXIN,"Complete Genome Sequence of a Toxic and Bioactive Exopolysaccharide-Bearing Bacterium, <i>Sulfitobacter</i> sp. Strain AM1-D1."
dino_post2015,STX_DOC_001025,2020.0,dinoflagellate,dinoflagellate_stx,dinoflagellate,DINO_TAXON,"Complete Genome Sequence of a Toxic and Bioactive Exopolysaccharide-Bearing Bacterium, <i>Sulfitobacter</i> sp. Strain AM1-D1."
dino_post2015,STX_DOC_001025,2020.0,dinoflagellate,dinoflagellate_stx,alexandrium,DINO_TAXON,"Complete Genome Sequence of a Toxic and Bioactive Exopolysaccharide-Bearing Bacterium, <i>Sulfitobacter</i> sp. Strain AM1-D1."
dino_post2015,STX_DOC_001025,2020.0,dinoflagellate,dinoflagellate_stx,alexandrium minutum,DINO_TAXON,"Complete Genome Sequence of a Toxic and Bioactive Exopolysaccharide-Bearing Bacterium, <i>Sulfitobacter</i> sp. Strain AM1-D1."
dino_post2015,STX_DOC_001025,2020.0,dinoflagellate,dinoflagellate_stx,biosynthesis,BIOLOGICAL_PROCESS,"Complete Genome Sequence of a Toxic and Bioactive Exopolysaccharide-Bearing Bacterium, <i>Sulfitobacter</i> sp. Strain AM1-D1."
dino_post2015,STX_DOC_001029,2019.0,dinoflagellate,dinoflagellate_stx,saxitoxin,TOXIN,"Accumulation and biotransformation dynamics of the neurotoxic complex, saxitoxin, in different life stages of Ostrea chilensis."
dino_post2015,STX_DOC_001029,2019.0,dinoflagellate,dinoflagellate_stx,dinoflagellate,DINO_TAXON,"Accumulation and biotransformation dynamics of the neurotoxic complex, saxitoxin, in different life stages of Ostrea chilensis."
dino_post2015,STX_DOC_001029,2019.0,dinoflagellate,dinoflagellate_stx,alexandrium,DINO_TAXON,"Accumulation and biotransformation dynamics of the neurotoxic complex, saxitoxin, in different life stages of Ostrea chilensis."
dino_post2015,STX_DOC_001029,2019.0,dinoflagellate,dinoflagellate_stx,alexandrium catenella,DINO_TAXON,"Accumulation and biotransformation dynamics of the neurotoxic complex, saxitoxin, in different life stages of Ostrea chilensis."
dino_post2015,STX_DOC_001029,2019.0,dinoflagellate,dinoflagellate_stx,toxicity,BIOLOGICAL_PROCESS,"Accumulation and biotransformation dynamics of the neurotoxic complex, saxitoxin, in different life stages of Ostrea chilensis."
dino_post2015,STX_DOC_001032,2019.0,dinoflagellate,dinoflagellate_stx,saxitoxin,TOXIN,Development of Ultra-Performance Liquid Chromatography with Post-Column Fluorescent Derivatization for the Rapid Detection of Saxitoxin Analogues and Analysis of Bivalve Monitoring Samples.
dino_post2015,STX_DOC_001032,2019.0,dinoflagellate,dinoflagellate_stx,stx,TOXIN,Development of Ultra-Performance Liquid Chromatography with Post-Column Fluorescent Derivatization for the Rapid Detection of Saxitoxin Analogues and Analysis of Bivalve Monitoring Samples.
dino_post2015,STX_DOC_001032,2019.0,dinoflagellate,dinoflagellate_stx,dinoflagellates,DINO_TAXON,Development of Ultra-Performance Liquid Chromatography with Post-Column Fluorescent Derivatization for the Rapid Detection of Saxitoxin Analogues and Analysis of Bivalve Monitoring Samples.
dino_post2015,STX_DOC_001033,2018.0,dinoflagellate,dinoflagellate_stx,paralytic shellfish toxins,TOXIN,Pre-purification by membrane filtration of paralytic shellfish toxins from Alexandrium minutum dinoflagellate
dino_post2015,STX_DOC_001033,2018.0,dinoflagellate,dinoflagellate_stx,dinoflagellate,DINO_TAXON,Pre-purification by membrane filtration of paralytic shellfish toxins from Alexandrium minutum dinoflagellate
dino_post2015,STX_DOC_001033,2018.0,dinoflagellate,dinoflagellate_stx,alexandrium,DINO_TAXON,Pre-purification by membrane filtration of paralytic shellfish toxins from Alexandrium minutum dinoflagellate
dino_post2015,STX_DOC_001033,2018.0,dinoflagellate,dinoflagellate_stx,alexandrium minutum,DINO_TAXON,Pre-purification by membrane filtration of paralytic shellfish toxins from Alexandrium minutum dinoflagellate
dino_post2015,STX_DOC_001034,2018.0,dinoflagellate,dinoflagellate_stx,saxitoxin,TOXIN,"Toxic “bloom” and Pacific Salmon (Catch, Spawning Migrations, Production) inthe Far Eastern Seas of Russia—Are There New Risks?"
dino_post2015,STX_DOC_001034,2018.0,dinoflagellate,dinoflagellate_stx,dinoflagellates,DINO_TAXON,"Toxic “bloom” and Pacific Salmon (Catch, Spawning Migrations, Production) inthe Far Eastern Seas of Russia—Are There New Risks?"
dino_post2015,STX_DOC_001034,2018.0,dinoflagellate,dinoflagellate_stx,alexandrium,DINO_TAXON,"Toxic “bloom” and Pacific Salmon (Catch, Spawning Migrations, Production) inthe Far Eastern Seas of Russia—Are There New Risks?"
dino_post2015,STX_DOC_001034,2018.0,dinoflagellate,dinoflagellate_stx,temperature,ENV_FACTOR,"Toxic “bloom” and Pacific Salmon (Catch, Spawning Migrations, Production) inthe Far Eastern Seas of Russia—Are There New Risks?"
dino_post2015,STX_DOC_001034,2018.0,dinoflagellate,dinoflagellate_stx,bloom,ENV_FACTOR,"Toxic “bloom” and Pacific Salmon (Catch, Spawning Migrations, Production) inthe Far Eastern Seas of Russia—Are There New Risks?"
dino_post2015,STX_DOC_001035,2018.0,dinoflagellate,dinoflagellate_stx,saxitoxin,TOXIN,"Integrative Biomarker Assessment of the Influence of Saxitoxin on Marine Bivalves: A Comparative Study of the Two Bivalve Species Oysters, <i>Crassostrea gigas</i>, and Scallops, <i>Chlamys farreri</i>."
dino_post2015,STX_DOC_001035,2018.0,dinoflagellate,dinoflagellate_stx,stx,TOXIN,"Integrative Biomarker Assessment of the Influence of Saxitoxin on Marine Bivalves: A Comparative Study of the Two Bivalve Species Oysters, <i>Crassostrea gigas</i>, and Scallops, <i>Chlamys farreri</i>."
dino_post2015,STX_DOC_001035,2018.0,dinoflagellate,dinoflagellate_stx,alexandrium,DINO_TAXON,"Integrative Biomarker Assessment of the Influence of Saxitoxin on Marine Bivalves: A Comparative Study of the Two Bivalve Species Oysters, <i>Crassostrea gigas</i>, and Scallops, <i>Chlamys farreri</i>."
dino_post2015,STX_DOC_001035,2018.0,dinoflagellate,dinoflagellate_stx,toxicity,BIOLOGICAL_PROCESS,"Integrative Biomarker Assessment of the Influence of Saxitoxin on Marine Bivalves: A Comparative Study of the Two Bivalve Species Oysters, <i>Crassostrea gigas</i>, and Scallops, <i>Chlamys farreri</i>."
dino_post2015,STX_DOC_001040,2016.0,dinoflagellate,dinoflagellate_stx,paralytic shellfish toxins,TOXIN,Accumulation and depuration of paralytic shellfish toxins by Australian abalone Haliotis rubra : Conclusive association with Gymnodinium catenatum dinoflagellate blooms
dino_post2015,STX_DOC_001040,2016.0,dinoflagellate,dinoflagellate_stx,dinoflagellate,DINO_TAXON,Accumulation and depuration of paralytic shellfish toxins by Australian abalone Haliotis rubra : Conclusive association with Gymnodinium catenatum dinoflagellate blooms
dino_post2015,STX_DOC_001040,2016.0,dinoflagellate,dinoflagellate_stx,gymnodinium,DINO_TAXON,Accumulation and depuration of paralytic shellfish toxins by Australian abalone Haliotis rubra : Conclusive association with Gymnodinium catenatum dinoflagellate blooms
dino_post2015,STX_DOC_001040,2016.0,dinoflagellate,dinoflagellate_stx,gymnodinium catenatum,DINO_TAXON,Accumulation and depuration of paralytic shellfish toxins by Australian abalone Haliotis rubra : Conclusive association with Gymnodinium catenatum dinoflagellate blooms
dino_post2015,STX_DOC_001041,2016.0,dinoflagellate,dinoflagellate_stx,saxitoxin,TOXIN,Transcriptomic responses of the calanoid copepod Calanus finmarchicus to the saxitoxin producing dinoflagellate Alexandrium fundyense.
dino_post2015,STX_DOC_001041,2016.0,dinoflagellate,dinoflagellate_stx,dinoflagellate,DINO_TAXON,Transcriptomic responses of the calanoid copepod Calanus finmarchicus to the saxitoxin producing dinoflagellate Alexandrium fundyense.
dino_post2015,STX_DOC_001041,2016.0,dinoflagellate,dinoflagellate_stx,alexandrium,DINO_TAXON,Transcriptomic responses of the calanoid copepod Calanus finmarchicus to the saxitoxin producing dinoflagellate Alexandrium fundyense.
dino_post2015,STX_DOC_001041,2016.0,dinoflagellate,dinoflagellate_stx,alexandrium fundyense,DINO_TAXON,Transcriptomic responses of the calanoid copepod Calanus finmarchicus to the saxitoxin producing dinoflagellate Alexandrium fundyense.
dino_post2015,STX_DOC_001041,2016.0,dinoflagellate,dinoflagellate_stx,expression,BIOLOGICAL_PROCESS,Transcriptomic responses of the calanoid copepod Calanus finmarchicus to the saxitoxin producing dinoflagellate Alexandrium fundyense.
dino_post2015,STX_DOC_001041,2016.0,dinoflagellate,dinoflagellate_stx,gene expression,BIOLOGICAL_PROCESS,Transcriptomic responses of the calanoid copepod Calanus finmarchicus to the saxitoxin producing dinoflagellate Alexandrium fundyense.
dino_post2015,STX_DOC_001041,2016.0,dinoflagellate,dinoflagellate_stx,transcriptomic,BIOLOGICAL_PROCESS,Transcriptomic responses of the calanoid copepod Calanus finmarchicus to the saxitoxin producing dinoflagellate Alexandrium fundyense.
dino_post2015,STX_DOC_001111,2026.0,dinoflagellate,dinoflagellate_stx,paralytic shellfish poisoning,TOXIN,"First report of occurrence, abundance, and spatial distribution of Pyrodinium bahamense L. Plate, 1906 in Shark Fin Bay, Palawan, Philippines"
dino_post2015,STX_DOC_001111,2026.0,dinoflagellate,dinoflagellate_stx,pyrodinium,DINO_TAXON,"First report of occurrence, abundance, and spatial distribution of Pyrodinium bahamense L. Plate, 1906 in Shark Fin Bay, Palawan, Philippines"
dino_post2015,STX_DOC_001111,2026.0,dinoflagellate,dinoflagellate_stx,pyrodinium bahamense,DINO_TAXON,"First report of occurrence, abundance, and spatial distribution of Pyrodinium bahamense L. Plate, 1906 in Shark Fin Bay, Palawan, Philippines"
dino_post2015,STX_DOC_001111,2026.0,dinoflagellate,dinoflagellate_stx,bloom,ENV_FACTOR,"First report of occurrence, abundance, and spatial distribution of Pyrodinium bahamense L. Plate, 1906 in Shark Fin Bay, Palawan, Philippines"
dino_post2015,STX_DOC_001114,2024.0,dinoflagellate,dinoflagellate_stx,stx,TOXIN,Effects of temperature and nutrients on growth and toxicity of Alexandrium affine from southeastern Gulf of California.
dino_post2015,STX_DOC_001114,2024.0,dinoflagellate,dinoflagellate_stx,alexandrium,DINO_TAXON,Effects of temperature and nutrients on growth and toxicity of Alexandrium affine from southeastern Gulf of California.
dino_post2015,STX_DOC_001114,2024.0,dinoflagellate,dinoflagellate_stx,alexandrium affine,DINO_TAXON,Effects of temperature and nutrients on growth and toxicity of Alexandrium affine from southeastern Gulf of California.
dino_post2015,STX_DOC_001114,2024.0,dinoflagellate,dinoflagellate_stx,temperature,ENV_FACTOR,Effects of temperature and nutrients on growth and toxicity of Alexandrium affine from southeastern Gulf of California.
dino_post2015,STX_DOC_001114,2024.0,dinoflagellate,dinoflagellate_stx,nitrate,ENV_FACTOR,Effects of temperature and nutrients on growth and toxicity of Alexandrium affine from southeastern Gulf of California.
dino_post2015,STX_DOC_001114,2024.0,dinoflagellate,dinoflagellate_stx,nutrient,ENV_FACTOR,Effects of temperature and nutrients on growth and toxicity of Alexandrium affine from southeastern Gulf of California.
dino_post2015,STX_DOC_001114,2024.0,dinoflagellate,dinoflagellate_stx,nutrients,ENV_FACTOR,Effects of temperature and nutrients on growth and toxicity of Alexandrium affine from southeastern Gulf of California.
dino_post2015,STX_DOC_001114,2024.0,dinoflagellate,dinoflagellate_stx,toxicity,BIOLOGICAL_PROCESS,Effects of temperature and nutrients on growth and toxicity of Alexandrium affine from southeastern Gulf of California.
dino_post2015,STX_DOC_001114,2024.0,dinoflagellate,dinoflagellate_stx,toxin production,BIOLOGICAL_PROCESS,Effects of temperature and nutrients on growth and toxicity of Alexandrium affine from southeastern Gulf of California.
dino_post2015,STX_DOC_001114,2024.0,dinoflagellate,dinoflagellate_stx,hplc,DETECTION_METHOD,Effects of temperature and nutrients on growth and toxicity of Alexandrium affine from southeastern Gulf of California.
dino_post2015,STX_DOC_001114,2024.0,dinoflagellate,dinoflagellate_stx,elisa,DETECTION_METHOD,Effects of temperature and nutrients on growth and toxicity of Alexandrium affine from southeastern Gulf of California.
dino_post2015,STX_DOC_001122,2022.0,dinoflagellate,dinoflagellate_stx,paralytic shellfish toxins,TOXIN,"Dietary exposure assessment of paralytic shellfish toxins through shellfish consumption in Shenzhen population, China."
dino_post2015,STX_DOC_001122,2022.0,dinoflagellate,dinoflagellate_stx,psts,TOXIN,"Dietary exposure assessment of paralytic shellfish toxins through shellfish consumption in Shenzhen population, China."
dino_post2015,STX_DOC_001122,2022.0,dinoflagellate,dinoflagellate_stx,dinoflagellates,DINO_TAXON,"Dietary exposure assessment of paralytic shellfish toxins through shellfish consumption in Shenzhen population, China."
dino_post2015,STX_DOC_001122,2022.0,dinoflagellate,dinoflagellate_stx,lc-ms,DETECTION_METHOD,"Dietary exposure assessment of paralytic shellfish toxins through shellfish consumption in Shenzhen population, China."
dino_post2015,STX_DOC_001122,2022.0,dinoflagellate,dinoflagellate_stx,lc-ms/ms,DETECTION_METHOD,"Dietary exposure assessment of paralytic shellfish toxins through shellfish consumption in Shenzhen population, China."
dino_post2015,STX_DOC_001123,2022.0,cross_taxa,dinoflagellate_stx,saxitoxin,TOXIN,Chronic exposure to sublethal concentrations of saxitoxin reduces antioxidant activity and immunity in zebrafish but does not affect reproductive parameters.
dino_post2015,STX_DOC_001123,2022.0,cross_taxa,dinoflagellate_stx,dinoflagellates,DINO_TAXON,Chronic exposure to sublethal concentrations of saxitoxin reduces antioxidant activity and immunity in zebrafish but does not affect reproductive parameters.
dino_post2015,STX_DOC_001123,2022.0,cross_taxa,dinoflagellate_stx,cyanobacteria,CYANO_TAXON,Chronic exposure to sublethal concentrations of saxitoxin reduces antioxidant activity and immunity in zebrafish but does not affect reproductive parameters.
dino_post2015,STX_DOC_001123,2022.0,cross_taxa,dinoflagellate_stx,transcription,BIOLOGICAL_PROCESS,Chronic exposure to sublethal concentrations of saxitoxin reduces antioxidant activity and immunity in zebrafish but does not affect reproductive parameters.
dino_post2015,STX_DOC_001128,2021.0,dinoflagellate,dinoflagellate_stx,saxitoxin,TOXIN,Isolation from a fish kill and transcriptomic characterization of Gyrodinium jinhaense off Long Island Sound.
dino_post2015,STX_DOC_001128,2021.0,dinoflagellate,dinoflagellate_stx,dinoflagellate,DINO_TAXON,Isolation from a fish kill and transcriptomic characterization of Gyrodinium jinhaense off Long Island Sound.
dino_post2015,STX_DOC_001128,2021.0,dinoflagellate,dinoflagellate_stx,transcriptome,BIOLOGICAL_PROCESS,Isolation from a fish kill and transcriptomic characterization of Gyrodinium jinhaense off Long Island Sound.
dino_post2015,STX_DOC_001128,2021.0,dinoflagellate,dinoflagellate_stx,transcriptomic,BIOLOGICAL_PROCESS,Isolation from a fish kill and transcriptomic characterization of Gyrodinium jinhaense off Long Island Sound.
dino_post2015,STX_DOC_001129,2021.0,dinoflagellate,dinoflagellate_stx,alexandrium,DINO_TAXON,Occurrence of domoic acid and cyclic imines in marine biota from Lebanon-Eastern Mediterranean Sea.
dino_post2015,STX_DOC_001129,2021.0,dinoflagellate,dinoflagellate_stx,gymnodinium,DINO_TAXON,Occurrence of domoic acid and cyclic imines in marine biota from Lebanon-Eastern Mediterranean Sea.
dino_post2015,STX_DOC_001129,2021.0,dinoflagellate,dinoflagellate_stx,climate,ENV_FACTOR,Occurrence of domoic acid and cyclic imines in marine biota from Lebanon-Eastern Mediterranean Sea.
dino_post2015,STX_DOC_001129,2021.0,dinoflagellate,dinoflagellate_stx,toxicity,BIOLOGICAL_PROCESS,Occurrence of domoic acid and cyclic imines in marine biota from Lebanon-Eastern Mediterranean Sea.
dino_post2015,STX_DOC_001135,2020.0,dinoflagellate,dinoflagellate_stx,saxitoxin,TOXIN,Bacterioplankton assembly and interspecies interactions follow trajectories of Gymnodinium-diatom bloom.
dino_post2015,STX_DOC_001135,2020.0,dinoflagellate,dinoflagellate_stx,gymnodinium,DINO_TAXON,Bacterioplankton assembly and interspecies interactions follow trajectories of Gymnodinium-diatom bloom.
dino_post2015,STX_DOC_001135,2020.0,dinoflagellate,dinoflagellate_stx,gymnodinium catenatum,DINO_TAXON,Bacterioplankton assembly and interspecies interactions follow trajectories of Gymnodinium-diatom bloom.
dino_post2015,STX_DOC_001135,2020.0,dinoflagellate,dinoflagellate_stx,bloom,ENV_FACTOR,Bacterioplankton assembly and interspecies interactions follow trajectories of Gymnodinium-diatom bloom.
dino_post2015,STX_DOC_001140,2019.0,dinoflagellate,dinoflagellate_stx,saxitoxin,TOXIN,Label-Free Direct Detection of Saxitoxin Based on a Localized Surface Plasmon Resonance Aptasensor.
dino_post2015,STX_DOC_001140,2019.0,dinoflagellate,dinoflagellate_stx,stx,TOXIN,Label-Free Direct Detection of Saxitoxin Based on a Localized Surface Plasmon Resonance Aptasensor.
dino_post2015,STX_DOC_001140,2019.0,dinoflagellate,dinoflagellate_stx,dinoflagellates,DINO_TAXON,Label-Free Direct Detection of Saxitoxin Based on a Localized Surface Plasmon Resonance Aptasensor.
dino_post2015,STX_DOC_001140,2019.0,dinoflagellate,dinoflagellate_stx,evolution,BIOLOGICAL_PROCESS,Label-Free Direct Detection of Saxitoxin Based on a Localized Surface Plasmon Resonance Aptasensor.
dino_post2015,STX_DOC_001140,2019.0,dinoflagellate,dinoflagellate_stx,aptasensor,DETECTION_METHOD,Label-Free Direct Detection of Saxitoxin Based on a Localized Surface Plasmon Resonance Aptasensor.
dino_post2015,STX_DOC_001148,2017.0,dinoflagellate,dinoflagellate_stx,paralytic shellfish toxins,TOXIN,Paralytic Shellfish Toxins and Cyanotoxins in the Mediterranean: New Data from Sardinia and Sicily (Italy)
dino_post2015,STX_DOC_001148,2017.0,dinoflagellate,dinoflagellate_stx,psts,TOXIN,Paralytic Shellfish Toxins and Cyanotoxins in the Mediterranean: New Data from Sardinia and Sicily (Italy)
dino_post2015,STX_DOC_001148,2017.0,dinoflagellate,dinoflagellate_stx,alexandrium,DINO_TAXON,Paralytic Shellfish Toxins and Cyanotoxins in the Mediterranean: New Data from Sardinia and Sicily (Italy)
dino_post2015,STX_DOC_001148,2017.0,dinoflagellate,dinoflagellate_stx,toxicity,BIOLOGICAL_PROCESS,Paralytic Shellfish Toxins and Cyanotoxins in the Mediterranean: New Data from Sardinia and Sicily (Italy)
dino_post2015,STX_DOC_001148,2017.0,dinoflagellate,dinoflagellate_stx,hplc,DETECTION_METHOD,Paralytic Shellfish Toxins and Cyanotoxins in the Mediterranean: New Data from Sardinia and Sicily (Italy)
dino_post2015,STX_DOC_001148,2017.0,dinoflagellate,dinoflagellate_stx,elisa,DETECTION_METHOD,Paralytic Shellfish Toxins and Cyanotoxins in the Mediterranean: New Data from Sardinia and Sicily (Italy)
dino_post2015,STX_DOC_001149,2017.0,dinoflagellate,dinoflagellate_stx,saxitoxin,TOXIN,Variability and Biogeographical Distribution of Harmful Algal Blooms in Bays of High Productivity off Peruvian Coast (2012-2015)
dino_post2015,STX_DOC_001149,2017.0,dinoflagellate,dinoflagellate_stx,alexandrium,DINO_TAXON,Variability and Biogeographical Distribution of Harmful Algal Blooms in Bays of High Productivity off Peruvian Coast (2012-2015)
dino_post2015,STX_DOC_001149,2017.0,dinoflagellate,dinoflagellate_stx,protoceratium,DINO_TAXON,Variability and Biogeographical Distribution of Harmful Algal Blooms in Bays of High Productivity off Peruvian Coast (2012-2015)
dino_post2015,STX_DOC_001149,2017.0,dinoflagellate,dinoflagellate_stx,protoceratium reticulatum,DINO_TAXON,Variability and Biogeographical Distribution of Harmful Algal Blooms in Bays of High Productivity off Peruvian Coast (2012-2015)
dino_post2015,STX_DOC_001149,2017.0,dinoflagellate,dinoflagellate_stx,temperature,ENV_FACTOR,Variability and Biogeographical Distribution of Harmful Algal Blooms in Bays of High Productivity off Peruvian Coast (2012-2015)
dino_post2015,STX_DOC_001225,2024.0,dinoflagellate,dinoflagellate_stx,paralytic shellfish toxin,TOXIN,"Unveiling bacterial communities linked with Alexandrium catenella, their impact and influential mechanism on paralytic shellfish toxin production"
dino_post2015,STX_DOC_001225,2024.0,dinoflagellate,dinoflagellate_stx,alexandrium,DINO_TAXON,"Unveiling bacterial communities linked with Alexandrium catenella, their impact and influential mechanism on paralytic shellfish toxin production"
dino_post2015,STX_DOC_001225,2024.0,dinoflagellate,dinoflagellate_stx,alexandrium catenella,DINO_TAXON,"Unveiling bacterial communities linked with Alexandrium catenella, their impact and influential mechanism on paralytic shellfish toxin production"
dino_post2015,STX_DOC_001225,2024.0,dinoflagellate,dinoflagellate_stx,toxin production,BIOLOGICAL_PROCESS,"Unveiling bacterial communities linked with Alexandrium catenella, their impact and influential mechanism on paralytic shellfish toxin production"
dino_post2015,STX_DOC_001231,2023.0,dinoflagellate,dinoflagellate_stx,paralytic shellfish toxins,TOXIN,Alexandrium catenella dynamics and paralytic shellfish toxins distribution along the Beagle Channel (southern Patagonia)
dino_post2015,STX_DOC_001231,2023.0,dinoflagellate,dinoflagellate_stx,alexandrium,DINO_TAXON,Alexandrium catenella dynamics and paralytic shellfish toxins distribution along the Beagle Channel (southern Patagonia)
dino_post2015,STX_DOC_001231,2023.0,dinoflagellate,dinoflagellate_stx,alexandrium catenella,DINO_TAXON,Alexandrium catenella dynamics and paralytic shellfish toxins distribution along the Beagle Channel (southern Patagonia)
dino_post2015,STX_DOC_001232,2023.0,dinoflagellate,dinoflagellate_stx,paralytic shellfish toxins,TOXIN,Tissue-specific antioxidative response and metabolism of paralytic shellfish toxins in scallop (Chlamys farreri) mantle with Alexandrium dinoflagellate exposure
dino_post2015,STX_DOC_001232,2023.0,dinoflagellate,dinoflagellate_stx,dinoflagellate,DINO_TAXON,Tissue-specific antioxidative response and metabolism of paralytic shellfish toxins in scallop (Chlamys farreri) mantle with Alexandrium dinoflagellate exposure
dino_post2015,STX_DOC_001232,2023.0,dinoflagellate,dinoflagellate_stx,alexandrium,DINO_TAXON,Tissue-specific antioxidative response and metabolism of paralytic shellfish toxins in scallop (Chlamys farreri) mantle with Alexandrium dinoflagellate exposure
dino_post2015,STX_DOC_001236,2022.0,dinoflagellate,dinoflagellate_stx,pst,TOXIN,Transcriptome and Network Analyses Reveal the Gene Set Involved in PST Accumulation and Responses to Toxic Alexandrium minutum Exposure in the Gills of Chlamys farreri
dino_post2015,STX_DOC_001236,2022.0,dinoflagellate,dinoflagellate_stx,alexandrium,DINO_TAXON,Transcriptome and Network Analyses Reveal the Gene Set Involved in PST Accumulation and Responses to Toxic Alexandrium minutum Exposure in the Gills of Chlamys farreri
dino_post2015,STX_DOC_001236,2022.0,dinoflagellate,dinoflagellate_stx,alexandrium minutum,DINO_TAXON,Transcriptome and Network Analyses Reveal the Gene Set Involved in PST Accumulation and Responses to Toxic Alexandrium minutum Exposure in the Gills of Chlamys farreri
dino_post2015,STX_DOC_001236,2022.0,dinoflagellate,dinoflagellate_stx,transcriptome,BIOLOGICAL_PROCESS,Transcriptome and Network Analyses Reveal the Gene Set Involved in PST Accumulation and Responses to Toxic Alexandrium minutum Exposure in the Gills of Chlamys farreri
dino_post2015,STX_DOC_001237,2021.0,dinoflagellate,dinoflagellate_stx,paralytic shellfish poisoning,TOXIN,Workflow of the pre-chromatographic ‘Lawrence’ method for bivalves contaminated with Gymnodinium catenatum's paralytic shellfish poisoning toxins
dino_post2015,STX_DOC_001237,2021.0,dinoflagellate,dinoflagellate_stx,gymnodinium,DINO_TAXON,Workflow of the pre-chromatographic ‘Lawrence’ method for bivalves contaminated with Gymnodinium catenatum's paralytic shellfish poisoning toxins
dino_post2015,STX_DOC_001237,2021.0,dinoflagellate,dinoflagellate_stx,gymnodinium catenatum,DINO_TAXON,Workflow of the pre-chromatographic ‘Lawrence’ method for bivalves contaminated with Gymnodinium catenatum's paralytic shellfish poisoning toxins
dino_post2015,STX_DOC_001241,2021.0,dinoflagellate,dinoflagellate_stx,saxitoxin,TOXIN,Environmental DNA Metabarcoding for Simultaneous Monitoring and Ecological Assessment of Many Harmful Algae
dino_post2015,STX_DOC_001241,2021.0,dinoflagellate,dinoflagellate_stx,alexandrium,DINO_TAXON,Environmental DNA Metabarcoding for Simultaneous Monitoring and Ecological Assessment of Many Harmful Algae
dino_post2015,STX_DOC_001241,2021.0,dinoflagellate,dinoflagellate_stx,climate,ENV_FACTOR,Environmental DNA Metabarcoding for Simultaneous Monitoring and Ecological Assessment of Many Harmful Algae
dino_post2015,STX_DOC_001243,2020.0,dinoflagellate,dinoflagellate_stx,gymnodinium,DINO_TAXON,Magnetic nanostructures for marine and freshwater toxins removal.
dino_post2015,STX_DOC_001243,2020.0,dinoflagellate,dinoflagellate_stx,gymnodinium catenatum,DINO_TAXON,Magnetic nanostructures for marine and freshwater toxins removal.
dino_post2015,STX_DOC_001243,2020.0,dinoflagellate,dinoflagellate_stx,chemical analysis,DETECTION_METHOD,Magnetic nanostructures for marine and freshwater toxins removal.
dino_post2015,STX_DOC_001246,2020.0,dinoflagellate,dinoflagellate_stx,saxitoxin,TOXIN,Environmental DNA Metabarcoding for Simultaneous Monitoring and Ecological Assessment of Many Harmful Algae
dino_post2015,STX_DOC_001246,2020.0,dinoflagellate,dinoflagellate_stx,alexandrium,DINO_TAXON,Environmental DNA Metabarcoding for Simultaneous Monitoring and Ecological Assessment of Many Harmful Algae
dino_post2015,STX_DOC_001246,2020.0,dinoflagellate,dinoflagellate_stx,climate,ENV_FACTOR,Environmental DNA Metabarcoding for Simultaneous Monitoring and Ecological Assessment of Many Harmful Algae
dino_post2015,STX_DOC_001248,2020.0,dinoflagellate,dinoflagellate_stx,saxitoxin,TOXIN,4 Alexandrium spp.: genetic and ecological factors influencing saxitoxin production and proliferation
dino_post2015,STX_DOC_001248,2020.0,dinoflagellate,dinoflagellate_stx,alexandrium,DINO_TAXON,4 Alexandrium spp.: genetic and ecological factors influencing saxitoxin production and proliferation
dino_post2015,STX_DOC_001248,2020.0,dinoflagellate,dinoflagellate_stx,climate,ENV_FACTOR,4 Alexandrium spp.: genetic and ecological factors influencing saxitoxin production and proliferation
dino_post2015,STX_DOC_001248,2020.0,dinoflagellate,dinoflagellate_stx,bloom,ENV_FACTOR,4 Alexandrium spp.: genetic and ecological factors influencing saxitoxin production and proliferation
dino_post2015,STX_DOC_001248,2020.0,dinoflagellate,dinoflagellate_stx,toxicity,BIOLOGICAL_PROCESS,4 Alexandrium spp.: genetic and ecological factors influencing saxitoxin production and proliferation
dino_post2015,STX_DOC_001249,2020.0,dinoflagellate,dinoflagellate_stx,paralytic shellfish toxins,TOXIN,"First Detection of Paralytic Shellfish Toxins from Alexandrium pacificum above the Regulatory Limit in Blue Mussels (Mytilus galloprovincialis) in New South Wales, Australia"
dino_post2015,STX_DOC_001249,2020.0,dinoflagellate,dinoflagellate_stx,alexandrium,DINO_TAXON,"First Detection of Paralytic Shellfish Toxins from Alexandrium pacificum above the Regulatory Limit in Blue Mussels (Mytilus galloprovincialis) in New South Wales, Australia"
dino_post2015,STX_DOC_001249,2020.0,dinoflagellate,dinoflagellate_stx,alexandrium pacificum,DINO_TAXON,"First Detection of Paralytic Shellfish Toxins from Alexandrium pacificum above the Regulatory Limit in Blue Mussels (Mytilus galloprovincialis) in New South Wales, Australia"
dino_post2015,STX_DOC_001253,2019.0,dinoflagellate,dinoflagellate_stx,paralytic shellfish poisoning,TOXIN,Bivalve contamination with high paralytic shellfish poisoning toxin’s levels derived from Gymnodinium catenatum ingestion: understanding its decadal-like periodicity
dino_post2015,STX_DOC_001253,2019.0,dinoflagellate,dinoflagellate_stx,gymnodinium,DINO_TAXON,Bivalve contamination with high paralytic shellfish poisoning toxin’s levels derived from Gymnodinium catenatum ingestion: understanding its decadal-like periodicity
dino_post2015,STX_DOC_001253,2019.0,dinoflagellate,dinoflagellate_stx,gymnodinium catenatum,DINO_TAXON,Bivalve contamination with high paralytic shellfish poisoning toxin’s levels derived from Gymnodinium catenatum ingestion: understanding its decadal-like periodicity
dino_post2015,STX_DOC_001255,2019.0,dinoflagellate,dinoflagellate_stx,pst,TOXIN,The Cost of Toxicity in Microalgae: Direct Evidence From the Dinoflagellate Alexandrium
dino_post2015,STX_DOC_001255,2019.0,dinoflagellate,dinoflagellate_stx,dinoflagellate,DINO_TAXON,The Cost of Toxicity in Microalgae: Direct Evidence From the Dinoflagellate Alexandrium
dino_post2015,STX_DOC_001255,2019.0,dinoflagellate,dinoflagellate_stx,alexandrium,DINO_TAXON,The Cost of Toxicity in Microalgae: Direct Evidence From the Dinoflagellate Alexandrium
dino_post2015,STX_DOC_001255,2019.0,dinoflagellate,dinoflagellate_stx,toxicity,BIOLOGICAL_PROCESS,The Cost of Toxicity in Microalgae: Direct Evidence From the Dinoflagellate Alexandrium
dino_post2015,STX_DOC_001256,2018.0,dinoflagellate,dinoflagellate_stx,paralytic shellfish toxin,TOXIN,Alexandrium tamarense/catenella Blooms in the Southwestern Atlantic: Paralytic Shellfish Toxin Production and Its Trophic Transference
dino_post2015,STX_DOC_001256,2018.0,dinoflagellate,dinoflagellate_stx,alexandrium,DINO_TAXON,Alexandrium tamarense/catenella Blooms in the Southwestern Atlantic: Paralytic Shellfish Toxin Production and Its Trophic Transference
dino_post2015,STX_DOC_001256,2018.0,dinoflagellate,dinoflagellate_stx,alexandrium tamarense,DINO_TAXON,Alexandrium tamarense/catenella Blooms in the Southwestern Atlantic: Paralytic Shellfish Toxin Production and Its Trophic Transference
dino_post2015,STX_DOC_001256,2018.0,dinoflagellate,dinoflagellate_stx,toxin production,BIOLOGICAL_PROCESS,Alexandrium tamarense/catenella Blooms in the Southwestern Atlantic: Paralytic Shellfish Toxin Production and Its Trophic Transference
dino_post2015,STX_DOC_001259,2018.0,dinoflagellate,dinoflagellate_stx,saxitoxin,TOXIN,"Phycotoxins in scallops (Patinopecten yessoensis) in relation to source, composition and temporal variation of phytoplankton and cysts in North Yellow Sea, China."
dino_post2015,STX_DOC_001259,2018.0,dinoflagellate,dinoflagellate_stx,dinoflagellates,DINO_TAXON,"Phycotoxins in scallops (Patinopecten yessoensis) in relation to source, composition and temporal variation of phytoplankton and cysts in North Yellow Sea, China."
dino_post2015,STX_DOC_001259,2018.0,dinoflagellate,dinoflagellate_stx,alexandrium,DINO_TAXON,"Phycotoxins in scallops (Patinopecten yessoensis) in relation to source, composition and temporal variation of phytoplankton and cysts in North Yellow Sea, China."
dino_post2015,STX_DOC_001260,2018.0,dinoflagellate,dinoflagellate_stx,saxitoxin,TOXIN,"Assessment of saxitoxin sensitivity of nerves isolated from the Pacific oyster, Crassostrea gigas, exposed to Alexandrium minutum"
dino_post2015,STX_DOC_001260,2018.0,dinoflagellate,dinoflagellate_stx,alexandrium,DINO_TAXON,"Assessment of saxitoxin sensitivity of nerves isolated from the Pacific oyster, Crassostrea gigas, exposed to Alexandrium minutum"
dino_post2015,STX_DOC_001260,2018.0,dinoflagellate,dinoflagellate_stx,alexandrium minutum,DINO_TAXON,"Assessment of saxitoxin sensitivity of nerves isolated from the Pacific oyster, Crassostrea gigas, exposed to Alexandrium minutum"
dino_post2015,STX_DOC_001261,2018.0,dinoflagellate,dinoflagellate_stx,paralytic shellfish poisoning,TOXIN,Large-scale Cultivation of &lt;i&gt;Gymnodinium Catenatum&lt;/i&gt; for Paralytic Shellfish Poisoning Toxin Standards
dino_post2015,STX_DOC_001261,2018.0,dinoflagellate,dinoflagellate_stx,gymnodinium,DINO_TAXON,Large-scale Cultivation of &lt;i&gt;Gymnodinium Catenatum&lt;/i&gt; for Paralytic Shellfish Poisoning Toxin Standards
dino_post2015,STX_DOC_001261,2018.0,dinoflagellate,dinoflagellate_stx,gymnodinium catenatum,DINO_TAXON,Large-scale Cultivation of &lt;i&gt;Gymnodinium Catenatum&lt;/i&gt; for Paralytic Shellfish Poisoning Toxin Standards
dino_post2015,STX_DOC_001263,2017.0,dinoflagellate,dinoflagellate_stx,paralytic shellfish toxins,TOXIN,Effects of bioactive extracellular compounds and paralytic shellfish toxins produced by Alexandrium minutum on growth and behaviour of juvenile great scallops Pecten maximus
dino_post2015,STX_DOC_001263,2017.0,dinoflagellate,dinoflagellate_stx,alexandrium,DINO_TAXON,Effects of bioactive extracellular compounds and paralytic shellfish toxins produced by Alexandrium minutum on growth and behaviour of juvenile great scallops Pecten maximus
dino_post2015,STX_DOC_001263,2017.0,dinoflagellate,dinoflagellate_stx,alexandrium minutum,DINO_TAXON,Effects of bioactive extracellular compounds and paralytic shellfish toxins produced by Alexandrium minutum on growth and behaviour of juvenile great scallops Pecten maximus
dino_post2015,STX_DOC_001268,2017.0,dinoflagellate,dinoflagellate_stx,paralytic shellfish poisoning,TOXIN,Weekly Occurrence of Gymnodinium catenatum and Paralytic Shellfish Poisoning in the Mediterranean Shore of Morocco
dino_post2015,STX_DOC_001268,2017.0,dinoflagellate,dinoflagellate_stx,gymnodinium,DINO_TAXON,Weekly Occurrence of Gymnodinium catenatum and Paralytic Shellfish Poisoning in the Mediterranean Shore of Morocco
dino_post2015,STX_DOC_001268,2017.0,dinoflagellate,dinoflagellate_stx,gymnodinium catenatum,DINO_TAXON,Weekly Occurrence of Gymnodinium catenatum and Paralytic Shellfish Poisoning in the Mediterranean Shore of Morocco
dino_post2015,STX_DOC_001343,2026.0,dinoflagellate,dinoflagellate_stx,pst,TOXIN,Multiplex qPCR Assay for Simultaneous Detection of Three PST-Producing Dinoflagellates in the East China Sea off Southern Korea
dino_post2015,STX_DOC_001343,2026.0,dinoflagellate,dinoflagellate_stx,dinoflagellates,DINO_TAXON,Multiplex qPCR Assay for Simultaneous Detection of Three PST-Producing Dinoflagellates in the East China Sea off Southern Korea
dino_post2015,STX_DOC_001426,2023.0,dinoflagellate,dinoflagellate_stx,pst,TOXIN,"Genomic copy number variability at the genus, species and population levels impacts in situ ecological analyses of dinoflagellates and harmful algal blooms"
dino_post2015,STX_DOC_001426,2023.0,dinoflagellate,dinoflagellate_stx,dinoflagellates,DINO_TAXON,"Genomic copy number variability at the genus, species and population levels impacts in situ ecological analyses of dinoflagellates and harmful algal blooms"
dino_post2015,STX_DOC_001428,2022.0,dinoflagellate,dinoflagellate_stx,paralytic shellfish toxins,TOXIN,4. Biosynthesis of paralytic shellfish toxins in dinoflagellates
dino_post2015,STX_DOC_001428,2022.0,dinoflagellate,dinoflagellate_stx,dinoflagellates,DINO_TAXON,4. Biosynthesis of paralytic shellfish toxins in dinoflagellates
dino_post2015,STX_DOC_001428,2022.0,dinoflagellate,dinoflagellate_stx,biosynthesis,BIOLOGICAL_PROCESS,4. Biosynthesis of paralytic shellfish toxins in dinoflagellates
dino_post2015,STX_DOC_001429,2022.0,dinoflagellate,dinoflagellate_stx,psts,TOXIN,The Caspase Homologues in Scallop Chlamys farreri and Their Expression Responses to Toxic Dinoflagellates Exposure
dino_post2015,STX_DOC_001429,2022.0,dinoflagellate,dinoflagellate_stx,dinoflagellates,DINO_TAXON,The Caspase Homologues in Scallop Chlamys farreri and Their Expression Responses to Toxic Dinoflagellates Exposure
dino_post2015,STX_DOC_001429,2022.0,dinoflagellate,dinoflagellate_stx,expression,BIOLOGICAL_PROCESS,The Caspase Homologues in Scallop Chlamys farreri and Their Expression Responses to Toxic Dinoflagellates Exposure
dino_post2015,STX_DOC_001433,2020.0,dinoflagellate,dinoflagellate_stx,paralytic shellfish poisoning,TOXIN,First determination of extracellular paralytic shellfish poisoning toxins in the culture medium of toxigenic dinoflagellates by HILIC–HRMS
dino_post2015,STX_DOC_001433,2020.0,dinoflagellate,dinoflagellate_stx,dinoflagellates,DINO_TAXON,First determination of extracellular paralytic shellfish poisoning toxins in the culture medium of toxigenic dinoflagellates by HILIC–HRMS
dino_post2015,STX_DOC_001434,2020.0,dinoflagellate,dinoflagellate_stx,dinoflagellates,DINO_TAXON,Partial Blockade of Human Voltage-Dependent Sodium Channels by the Marine Toxins Azaspiracids.
dino_post2015,STX_DOC_001434,2020.0,dinoflagellate,dinoflagellate_stx,toxicity,BIOLOGICAL_PROCESS,Partial Blockade of Human Voltage-Dependent Sodium Channels by the Marine Toxins Azaspiracids.
dino_post2015,STX_DOC_001436,2019.0,dinoflagellate,dinoflagellate_stx,saxitoxin,TOXIN,"Alexandrium algae, saxitoxin, and clams: Bering Strait and Chukchi Sea 2018–2019"
dino_post2015,STX_DOC_001436,2019.0,dinoflagellate,dinoflagellate_stx,alexandrium,DINO_TAXON,"Alexandrium algae, saxitoxin, and clams: Bering Strait and Chukchi Sea 2018–2019"
dino_post2015,STX_DOC_001704,2026.0,dinoflagellate,dinoflagellate_stx,paralytic shellfish poisoning,TOXIN,Shellfish and Dinoflagellate Toxicity
dino_post2015,STX_DOC_001704,2026.0,dinoflagellate,dinoflagellate_stx,dinoflagellate,DINO_TAXON,Shellfish and Dinoflagellate Toxicity
dino_post2015,STX_DOC_001704,2026.0,dinoflagellate,dinoflagellate_stx,cyanobacteria,CYANO_TAXON,Shellfish and Dinoflagellate Toxicity
dino_post2015,STX_DOC_001704,2026.0,dinoflagellate,dinoflagellate_stx,toxicity,BIOLOGICAL_PROCESS,Shellfish and Dinoflagellate Toxicity
dino_post2015,STX_DOC_001705,2025.0,dinoflagellate,dinoflagellate_stx,saxitoxin,TOXIN,Rapid Detection of Saxitoxin Using a Nucleic Acid Aptamer Biosensor Based on Graphene Oxide as a Fluorescence Quencher
dino_post2015,STX_DOC_001705,2025.0,dinoflagellate,dinoflagellate_stx,stx,TOXIN,Rapid Detection of Saxitoxin Using a Nucleic Acid Aptamer Biosensor Based on Graphene Oxide as a Fluorescence Quencher
dino_post2015,STX_DOC_001705,2025.0,dinoflagellate,dinoflagellate_stx,biosensor,DETECTION_METHOD,Rapid Detection of Saxitoxin Using a Nucleic Acid Aptamer Biosensor Based on Graphene Oxide as a Fluorescence Quencher
dino_post2015,STX_DOC_001706,2025.0,dinoflagellate,dinoflagellate_stx,paralytic shellfish toxin,TOXIN,"Paralytic Shellfish Toxins in Coastal Waters of Changdao Island (China): Toxin Profiles, Potential Producers, and Environmental Conditions"
dino_post2015,STX_DOC_001706,2025.0,dinoflagellate,dinoflagellate_stx,paralytic shellfish toxins,TOXIN,"Paralytic Shellfish Toxins in Coastal Waters of Changdao Island (China): Toxin Profiles, Potential Producers, and Environmental Conditions"
dino_post2015,STX_DOC_001706,2025.0,dinoflagellate,dinoflagellate_stx,pst,TOXIN,"Paralytic Shellfish Toxins in Coastal Waters of Changdao Island (China): Toxin Profiles, Potential Producers, and Environmental Conditions"
dino_post2015,STX_DOC_001706,2025.0,dinoflagellate,dinoflagellate_stx,psts,TOXIN,"Paralytic Shellfish Toxins in Coastal Waters of Changdao Island (China): Toxin Profiles, Potential Producers, and Environmental Conditions"
dino_post2015,STX_DOC_001706,2025.0,dinoflagellate,dinoflagellate_stx,alexandrium,DINO_TAXON,"Paralytic Shellfish Toxins in Coastal Waters of Changdao Island (China): Toxin Profiles, Potential Producers, and Environmental Conditions"
dino_post2015,STX_DOC_001706,2025.0,dinoflagellate,dinoflagellate_stx,mass spectrometry,DETECTION_METHOD,"Paralytic Shellfish Toxins in Coastal Waters of Changdao Island (China): Toxin Profiles, Potential Producers, and Environmental Conditions"
dino_post2015,STX_DOC_001707,2025.0,dinoflagellate,dinoflagellate_stx,dinoflagellate,DINO_TAXON,Multiple defense is an effective antipredator strategy in dinoflagellates
dino_post2015,STX_DOC_001707,2025.0,dinoflagellate,dinoflagellate_stx,dinoflagellates,DINO_TAXON,Multiple defense is an effective antipredator strategy in dinoflagellates
dino_post2015,STX_DOC_001707,2025.0,dinoflagellate,dinoflagellate_stx,alexandrium,DINO_TAXON,Multiple defense is an effective antipredator strategy in dinoflagellates
dino_post2015,STX_DOC_001707,2025.0,dinoflagellate,dinoflagellate_stx,alexandrium catenella,DINO_TAXON,Multiple defense is an effective antipredator strategy in dinoflagellates
dino_post2015,STX_DOC_001707,2025.0,dinoflagellate,dinoflagellate_stx,toxin production,BIOLOGICAL_PROCESS,Multiple defense is an effective antipredator strategy in dinoflagellates
dino_post2015,STX_DOC_001708,2025.0,dinoflagellate,dinoflagellate_stx,paralytic shellfish toxins,TOXIN,"Toxin production in bloom-forming, harmful alga Alexandrium pacificum (Group IV) is regulated by cyst formation-promoting bacteria Jannaschia cystaugens NBRC 100362T"
dino_post2015,STX_DOC_001708,2025.0,dinoflagellate,dinoflagellate_stx,psts,TOXIN,"Toxin production in bloom-forming, harmful alga Alexandrium pacificum (Group IV) is regulated by cyst formation-promoting bacteria Jannaschia cystaugens NBRC 100362T"
dino_post2015,STX_DOC_001708,2025.0,dinoflagellate,dinoflagellate_stx,dinoflagellates,DINO_TAXON,"Toxin production in bloom-forming, harmful alga Alexandrium pacificum (Group IV) is regulated by cyst formation-promoting bacteria Jannaschia cystaugens NBRC 100362T"
dino_post2015,STX_DOC_001708,2025.0,dinoflagellate,dinoflagellate_stx,alexandrium,DINO_TAXON,"Toxin production in bloom-forming, harmful alga Alexandrium pacificum (Group IV) is regulated by cyst formation-promoting bacteria Jannaschia cystaugens NBRC 100362T"
dino_post2015,STX_DOC_001708,2025.0,dinoflagellate,dinoflagellate_stx,alexandrium pacificum,DINO_TAXON,"Toxin production in bloom-forming, harmful alga Alexandrium pacificum (Group IV) is regulated by cyst formation-promoting bacteria Jannaschia cystaugens NBRC 100362T"
dino_post2015,STX_DOC_001708,2025.0,dinoflagellate,dinoflagellate_stx,nutrient,ENV_FACTOR,"Toxin production in bloom-forming, harmful alga Alexandrium pacificum (Group IV) is regulated by cyst formation-promoting bacteria Jannaschia cystaugens NBRC 100362T"
dino_post2015,STX_DOC_001708,2025.0,dinoflagellate,dinoflagellate_stx,bloom,ENV_FACTOR,"Toxin production in bloom-forming, harmful alga Alexandrium pacificum (Group IV) is regulated by cyst formation-promoting bacteria Jannaschia cystaugens NBRC 100362T"
dino_post2015,STX_DOC_001708,2025.0,dinoflagellate,dinoflagellate_stx,toxicity,BIOLOGICAL_PROCESS,"Toxin production in bloom-forming, harmful alga Alexandrium pacificum (Group IV) is regulated by cyst formation-promoting bacteria Jannaschia cystaugens NBRC 100362T"
dino_post2015,STX_DOC_001708,2025.0,dinoflagellate,dinoflagellate_stx,toxin production,BIOLOGICAL_PROCESS,"Toxin production in bloom-forming, harmful alga Alexandrium pacificum (Group IV) is regulated by cyst formation-promoting bacteria Jannaschia cystaugens NBRC 100362T"
dino_post2015,STX_DOC_001709,2025.0,dinoflagellate,dinoflagellate_stx,dinoflagellate,DINO_TAXON,Environmental drivers and microbial interactions in harmful dinoflagellate blooms: Insights from metagenomics and machine learning
dino_post2015,STX_DOC_001709,2025.0,dinoflagellate,dinoflagellate_stx,nitrogen,ENV_FACTOR,Environmental drivers and microbial interactions in harmful dinoflagellate blooms: Insights from metagenomics and machine learning
dino_post2015,STX_DOC_001711,2025.0,dinoflagellate,dinoflagellate_stx,saxitoxin,TOXIN,"Phytoplankton and giant virus dynamics during different monsoon seasons, a fish kill, and a toxic bloom in a eutrophic mariculture area"
dino_post2015,STX_DOC_001711,2025.0,dinoflagellate,dinoflagellate_stx,dinoflagellate,DINO_TAXON,"Phytoplankton and giant virus dynamics during different monsoon seasons, a fish kill, and a toxic bloom in a eutrophic mariculture area"
dino_post2015,STX_DOC_001711,2025.0,dinoflagellate,dinoflagellate_stx,alexandrium,DINO_TAXON,"Phytoplankton and giant virus dynamics during different monsoon seasons, a fish kill, and a toxic bloom in a eutrophic mariculture area"
dino_post2015,STX_DOC_001711,2025.0,dinoflagellate,dinoflagellate_stx,nutrient,ENV_FACTOR,"Phytoplankton and giant virus dynamics during different monsoon seasons, a fish kill, and a toxic bloom in a eutrophic mariculture area"
dino_post2015,STX_DOC_001711,2025.0,dinoflagellate,dinoflagellate_stx,bloom,ENV_FACTOR,"Phytoplankton and giant virus dynamics during different monsoon seasons, a fish kill, and a toxic bloom in a eutrophic mariculture area"
dino_post2015,STX_DOC_001711,2025.0,dinoflagellate,dinoflagellate_stx,phylogenetic,BIOLOGICAL_PROCESS,"Phytoplankton and giant virus dynamics during different monsoon seasons, a fish kill, and a toxic bloom in a eutrophic mariculture area"
dino_post2015,STX_DOC_001713,2024.0,dinoflagellate,dinoflagellate_stx,alexandrium,DINO_TAXON,Marine phycotoxin levels in shellfish-14 years of data gathered along the Italian coast
dino_post2015,STX_DOC_001713,2024.0,dinoflagellate,dinoflagellate_stx,protoceratium,DINO_TAXON,Marine phycotoxin levels in shellfish-14 years of data gathered along the Italian coast
dino_post2015,STX_DOC_001713,2024.0,dinoflagellate,dinoflagellate_stx,protoceratium reticulatum,DINO_TAXON,Marine phycotoxin levels in shellfish-14 years of data gathered along the Italian coast
dino_post2015,STX_DOC_001713,2024.0,dinoflagellate,dinoflagellate_stx,toxicity,BIOLOGICAL_PROCESS,Marine phycotoxin levels in shellfish-14 years of data gathered along the Italian coast
dino_post2015,STX_DOC_001714,2023.0,dinoflagellate,dinoflagellate_stx,stx,TOXIN,Aptamer Sensor Based on Hybrid Chain Reaction and CRISPR-Cas9 System for STX Detection
dino_post2015,STX_DOC_001716,2022.0,dinoflagellate,dinoflagellate_stx,paralytic shellfish toxin,TOXIN,Identification of paralytic shellfish toxin-producing microalgae using machine learning and deep learning methods
dino_post2015,STX_DOC_001716,2022.0,dinoflagellate,dinoflagellate_stx,paralytic shellfish poisoning,TOXIN,Identification of paralytic shellfish toxin-producing microalgae using machine learning and deep learning methods
dino_post2015,STX_DOC_001717,2022.0,dinoflagellate,dinoflagellate_stx,paralytic shellfish poisoning,TOXIN,Toxin Profile of Two Gymnodinium catenatum Strains from Iberian Coastal Waters
dino_post2015,STX_DOC_001717,2022.0,dinoflagellate,dinoflagellate_stx,gymnodinium,DINO_TAXON,Toxin Profile of Two Gymnodinium catenatum Strains from Iberian Coastal Waters
dino_post2015,STX_DOC_001717,2022.0,dinoflagellate,dinoflagellate_stx,gymnodinium catenatum,DINO_TAXON,Toxin Profile of Two Gymnodinium catenatum Strains from Iberian Coastal Waters
dino_post2015,STX_DOC_001717,2022.0,dinoflagellate,dinoflagellate_stx,hplc,DETECTION_METHOD,Toxin Profile of Two Gymnodinium catenatum Strains from Iberian Coastal Waters
dino_post2015,STX_DOC_001718,2022.0,dinoflagellate,dinoflagellate_stx,paralytic shellfish toxins,TOXIN,Toxin production of dinoflagellate Gymnodinium catenatum isolated from the East China Sea
dino_post2015,STX_DOC_001718,2022.0,dinoflagellate,dinoflagellate_stx,pst,TOXIN,Toxin production of dinoflagellate Gymnodinium catenatum isolated from the East China Sea
dino_post2015,STX_DOC_001718,2022.0,dinoflagellate,dinoflagellate_stx,psts,TOXIN,Toxin production of dinoflagellate Gymnodinium catenatum isolated from the East China Sea
dino_post2015,STX_DOC_001718,2022.0,dinoflagellate,dinoflagellate_stx,paralytic shellfish poisoning,TOXIN,Toxin production of dinoflagellate Gymnodinium catenatum isolated from the East China Sea
dino_post2015,STX_DOC_001718,2022.0,dinoflagellate,dinoflagellate_stx,dinoflagellate,DINO_TAXON,Toxin production of dinoflagellate Gymnodinium catenatum isolated from the East China Sea
dino_post2015,STX_DOC_001718,2022.0,dinoflagellate,dinoflagellate_stx,gymnodinium,DINO_TAXON,Toxin production of dinoflagellate Gymnodinium catenatum isolated from the East China Sea
dino_post2015,STX_DOC_001718,2022.0,dinoflagellate,dinoflagellate_stx,gymnodinium catenatum,DINO_TAXON,Toxin production of dinoflagellate Gymnodinium catenatum isolated from the East China Sea
dino_post2015,STX_DOC_001718,2022.0,dinoflagellate,dinoflagellate_stx,temperature,ENV_FACTOR,Toxin production of dinoflagellate Gymnodinium catenatum isolated from the East China Sea
dino_post2015,STX_DOC_001718,2022.0,dinoflagellate,dinoflagellate_stx,nitrogen,ENV_FACTOR,Toxin production of dinoflagellate Gymnodinium catenatum isolated from the East China Sea
dino_post2015,STX_DOC_001718,2022.0,dinoflagellate,dinoflagellate_stx,phosphorus,ENV_FACTOR,Toxin production of dinoflagellate Gymnodinium catenatum isolated from the East China Sea
dino_post2015,STX_DOC_001718,2022.0,dinoflagellate,dinoflagellate_stx,nitrate,ENV_FACTOR,Toxin production of dinoflagellate Gymnodinium catenatum isolated from the East China Sea
dino_post2015,STX_DOC_001718,2022.0,dinoflagellate,dinoflagellate_stx,nutrient,ENV_FACTOR,Toxin production of dinoflagellate Gymnodinium catenatum isolated from the East China Sea
dino_post2015,STX_DOC_001718,2022.0,dinoflagellate,dinoflagellate_stx,nutrients,ENV_FACTOR,Toxin production of dinoflagellate Gymnodinium catenatum isolated from the East China Sea
dino_post2015,STX_DOC_001718,2022.0,dinoflagellate,dinoflagellate_stx,toxin production,BIOLOGICAL_PROCESS,Toxin production of dinoflagellate Gymnodinium catenatum isolated from the East China Sea
dino_post2015,STX_DOC_001718,2022.0,dinoflagellate,dinoflagellate_stx,hplc,DETECTION_METHOD,Toxin production of dinoflagellate Gymnodinium catenatum isolated from the East China Sea
dino_post2015,STX_DOC_001718,2022.0,dinoflagellate,dinoflagellate_stx,mass spectrometry,DETECTION_METHOD,Toxin production of dinoflagellate Gymnodinium catenatum isolated from the East China Sea
dino_post2015,STX_DOC_001719,2022.0,dinoflagellate,dinoflagellate_stx,paralytic shellfish poisoning,TOXIN,Progress on the investigation and monitoring of marine phycotoxins in China
dino_post2015,STX_DOC_001719,2022.0,dinoflagellate,dinoflagellate_stx,lc-ms,DETECTION_METHOD,Progress on the investigation and monitoring of marine phycotoxins in China
dino_post2015,STX_DOC_001719,2022.0,dinoflagellate,dinoflagellate_stx,lc-ms/ms,DETECTION_METHOD,Progress on the investigation and monitoring of marine phycotoxins in China
dino_post2015,STX_DOC_001719,2022.0,dinoflagellate,dinoflagellate_stx,mass spectrometry,DETECTION_METHOD,Progress on the investigation and monitoring of marine phycotoxins in China
dino_post2015,STX_DOC_001719,2022.0,dinoflagellate,dinoflagellate_stx,mouse bioassay,DETECTION_METHOD,Progress on the investigation and monitoring of marine phycotoxins in China
dino_post2015,STX_DOC_001719,2022.0,dinoflagellate,dinoflagellate_stx,elisa,DETECTION_METHOD,Progress on the investigation and monitoring of marine phycotoxins in China
dino_post2015,STX_DOC_001720,2022.0,dinoflagellate,dinoflagellate_stx,paralytic shellfish toxins,TOXIN,"An investigation on bloom dynamics of Alexandrium catenella and A. pacificum and toxin accumulation in shellfish along the coast of Qinhuangdao, China"
dino_post2015,STX_DOC_001720,2022.0,dinoflagellate,dinoflagellate_stx,pst,TOXIN,"An investigation on bloom dynamics of Alexandrium catenella and A. pacificum and toxin accumulation in shellfish along the coast of Qinhuangdao, China"
dino_post2015,STX_DOC_001720,2022.0,dinoflagellate,dinoflagellate_stx,psts,TOXIN,"An investigation on bloom dynamics of Alexandrium catenella and A. pacificum and toxin accumulation in shellfish along the coast of Qinhuangdao, China"
dino_post2015,STX_DOC_001720,2022.0,dinoflagellate,dinoflagellate_stx,paralytic shellfish poisoning,TOXIN,"An investigation on bloom dynamics of Alexandrium catenella and A. pacificum and toxin accumulation in shellfish along the coast of Qinhuangdao, China"
dino_post2015,STX_DOC_001720,2022.0,dinoflagellate,dinoflagellate_stx,dinoflagellate,DINO_TAXON,"An investigation on bloom dynamics of Alexandrium catenella and A. pacificum and toxin accumulation in shellfish along the coast of Qinhuangdao, China"
dino_post2015,STX_DOC_001720,2022.0,dinoflagellate,dinoflagellate_stx,alexandrium,DINO_TAXON,"An investigation on bloom dynamics of Alexandrium catenella and A. pacificum and toxin accumulation in shellfish along the coast of Qinhuangdao, China"
dino_post2015,STX_DOC_001720,2022.0,dinoflagellate,dinoflagellate_stx,alexandrium catenella,DINO_TAXON,"An investigation on bloom dynamics of Alexandrium catenella and A. pacificum and toxin accumulation in shellfish along the coast of Qinhuangdao, China"
dino_post2015,STX_DOC_001720,2022.0,dinoflagellate,dinoflagellate_stx,bloom,ENV_FACTOR,"An investigation on bloom dynamics of Alexandrium catenella and A. pacificum and toxin accumulation in shellfish along the coast of Qinhuangdao, China"
dino_post2015,STX_DOC_001720,2022.0,dinoflagellate,dinoflagellate_stx,lc-ms,DETECTION_METHOD,"An investigation on bloom dynamics of Alexandrium catenella and A. pacificum and toxin accumulation in shellfish along the coast of Qinhuangdao, China"
dino_post2015,STX_DOC_001720,2022.0,dinoflagellate,dinoflagellate_stx,lc-ms/ms,DETECTION_METHOD,"An investigation on bloom dynamics of Alexandrium catenella and A. pacificum and toxin accumulation in shellfish along the coast of Qinhuangdao, China"
dino_post2015,STX_DOC_001721,2022.0,dinoflagellate,dinoflagellate_stx,paralytic shellfish poisoning,TOXIN,Emerging harmful algal bloom species over the last four decades in China
dino_post2015,STX_DOC_001721,2022.0,dinoflagellate,dinoflagellate_stx,dinoflagellates,DINO_TAXON,Emerging harmful algal bloom species over the last four decades in China
dino_post2015,STX_DOC_001721,2022.0,dinoflagellate,dinoflagellate_stx,alexandrium,DINO_TAXON,Emerging harmful algal bloom species over the last four decades in China
dino_post2015,STX_DOC_001721,2022.0,dinoflagellate,dinoflagellate_stx,alexandrium catenella,DINO_TAXON,Emerging harmful algal bloom species over the last four decades in China
dino_post2015,STX_DOC_001721,2022.0,dinoflagellate,dinoflagellate_stx,alexandrium pacificum,DINO_TAXON,Emerging harmful algal bloom species over the last four decades in China
dino_post2015,STX_DOC_001721,2022.0,dinoflagellate,dinoflagellate_stx,gymnodinium,DINO_TAXON,Emerging harmful algal bloom species over the last four decades in China
dino_post2015,STX_DOC_001721,2022.0,dinoflagellate,dinoflagellate_stx,gymnodinium catenatum,DINO_TAXON,Emerging harmful algal bloom species over the last four decades in China
dino_post2015,STX_DOC_001721,2022.0,dinoflagellate,dinoflagellate_stx,nutrients,ENV_FACTOR,Emerging harmful algal bloom species over the last four decades in China
dino_post2015,STX_DOC_001721,2022.0,dinoflagellate,dinoflagellate_stx,climate,ENV_FACTOR,Emerging harmful algal bloom species over the last four decades in China
dino_post2015,STX_DOC_001721,2022.0,dinoflagellate,dinoflagellate_stx,bloom,ENV_FACTOR,Emerging harmful algal bloom species over the last four decades in China
dino_post2015,STX_DOC_001721,2022.0,dinoflagellate,dinoflagellate_stx,harmful algal bloom,ENV_FACTOR,Emerging harmful algal bloom species over the last four decades in China
dino_post2015,STX_DOC_001722,2021.0,dinoflagellate,dinoflagellate_stx,bloom,ENV_FACTOR,LSTM Networks to Improve the Prediction of Harmful Algal Blooms in the West Coast of Sabah
dino_post2015,STX_DOC_001722,2021.0,dinoflagellate,dinoflagellate_stx,harmful algal bloom,ENV_FACTOR,LSTM Networks to Improve the Prediction of Harmful Algal Blooms in the West Coast of Sabah
dino_post2015,STX_DOC_001723,2020.0,dinoflagellate,dinoflagellate_stx,dinoflagellate,DINO_TAXON,Artificial intelligence applied to the production of high-added-value dinoflagellates toxins
dino_post2015,STX_DOC_001723,2020.0,dinoflagellate,dinoflagellate_stx,dinoflagellates,DINO_TAXON,Artificial intelligence applied to the production of high-added-value dinoflagellates toxins
dino_post2015,STX_DOC_001724,2019.0,dinoflagellate,dinoflagellate_stx,saxitoxin,TOXIN,Metabolomic study of saxitoxin analogues and biosynthetic intermediates in dinoflagellates using 15N-labelled sodium nitrate as a nitrogen source
dino_post2015,STX_DOC_001724,2019.0,dinoflagellate,dinoflagellate_stx,stx,TOXIN,Metabolomic study of saxitoxin analogues and biosynthetic intermediates in dinoflagellates using 15N-labelled sodium nitrate as a nitrogen source
dino_post2015,STX_DOC_001724,2019.0,dinoflagellate,dinoflagellate_stx,dinoflagellate,DINO_TAXON,Metabolomic study of saxitoxin analogues and biosynthetic intermediates in dinoflagellates using 15N-labelled sodium nitrate as a nitrogen source
dino_post2015,STX_DOC_001724,2019.0,dinoflagellate,dinoflagellate_stx,dinoflagellates,DINO_TAXON,Metabolomic study of saxitoxin analogues and biosynthetic intermediates in dinoflagellates using 15N-labelled sodium nitrate as a nitrogen source
dino_post2015,STX_DOC_001724,2019.0,dinoflagellate,dinoflagellate_stx,alexandrium,DINO_TAXON,Metabolomic study of saxitoxin analogues and biosynthetic intermediates in dinoflagellates using 15N-labelled sodium nitrate as a nitrogen source
dino_post2015,STX_DOC_001724,2019.0,dinoflagellate,dinoflagellate_stx,alexandrium catenella,DINO_TAXON,Metabolomic study of saxitoxin analogues and biosynthetic intermediates in dinoflagellates using 15N-labelled sodium nitrate as a nitrogen source
dino_post2015,STX_DOC_001724,2019.0,dinoflagellate,dinoflagellate_stx,nitrogen,ENV_FACTOR,Metabolomic study of saxitoxin analogues and biosynthetic intermediates in dinoflagellates using 15N-labelled sodium nitrate as a nitrogen source
dino_post2015,STX_DOC_001724,2019.0,dinoflagellate,dinoflagellate_stx,nitrate,ENV_FACTOR,Metabolomic study of saxitoxin analogues and biosynthetic intermediates in dinoflagellates using 15N-labelled sodium nitrate as a nitrogen source
dino_post2015,STX_DOC_001724,2019.0,dinoflagellate,dinoflagellate_stx,mass spectrometry,DETECTION_METHOD,Metabolomic study of saxitoxin analogues and biosynthetic intermediates in dinoflagellates using 15N-labelled sodium nitrate as a nitrogen source
dino_post2015,STX_DOC_001725,2019.0,dinoflagellate,dinoflagellate_stx,dinoflagellate,DINO_TAXON,The Genetic Basis of Toxin Biosynthesis in Dinoflagellates
dino_post2015,STX_DOC_001725,2019.0,dinoflagellate,dinoflagellate_stx,dinoflagellates,DINO_TAXON,The Genetic Basis of Toxin Biosynthesis in Dinoflagellates
dino_post2015,STX_DOC_001725,2019.0,dinoflagellate,dinoflagellate_stx,biosynthesis,BIOLOGICAL_PROCESS,The Genetic Basis of Toxin Biosynthesis in Dinoflagellates
dino_post2015,STX_DOC_001725,2019.0,dinoflagellate,dinoflagellate_stx,toxin biosynthesis,BIOLOGICAL_PROCESS,The Genetic Basis of Toxin Biosynthesis in Dinoflagellates
dino_post2015,STX_DOC_001725,2019.0,dinoflagellate,dinoflagellate_stx,regulation,BIOLOGICAL_PROCESS,The Genetic Basis of Toxin Biosynthesis in Dinoflagellates
dino_post2015,STX_DOC_001725,2019.0,dinoflagellate,dinoflagellate_stx,transcriptomic,BIOLOGICAL_PROCESS,The Genetic Basis of Toxin Biosynthesis in Dinoflagellates
dino_post2015,STX_DOC_001725,2019.0,dinoflagellate,dinoflagellate_stx,evolution,BIOLOGICAL_PROCESS,The Genetic Basis of Toxin Biosynthesis in Dinoflagellates
dino_post2015,STX_DOC_001726,2018.0,dinoflagellate,dinoflagellate_stx,saxitoxin,TOXIN,Receptor binding assay for the detection of paralytic shellfish poisoning toxins: comparison to the mouse bioassay and applicability under regulatory use
dino_post2015,STX_DOC_001726,2018.0,dinoflagellate,dinoflagellate_stx,stx,TOXIN,Receptor binding assay for the detection of paralytic shellfish poisoning toxins: comparison to the mouse bioassay and applicability under regulatory use
dino_post2015,STX_DOC_001726,2018.0,dinoflagellate,dinoflagellate_stx,paralytic shellfish poisoning,TOXIN,Receptor binding assay for the detection of paralytic shellfish poisoning toxins: comparison to the mouse bioassay and applicability under regulatory use
dino_post2015,STX_DOC_001726,2018.0,dinoflagellate,dinoflagellate_stx,toxicity,BIOLOGICAL_PROCESS,Receptor binding assay for the detection of paralytic shellfish poisoning toxins: comparison to the mouse bioassay and applicability under regulatory use
dino_post2015,STX_DOC_001726,2018.0,dinoflagellate,dinoflagellate_stx,mouse bioassay,DETECTION_METHOD,Receptor binding assay for the detection of paralytic shellfish poisoning toxins: comparison to the mouse bioassay and applicability under regulatory use
dino_post2015,STX_DOC_001727,2018.0,dinoflagellate,dinoflagellate_stx,saxitoxin,TOXIN,Using the radioligand-receptor binding assay for paralytic shellfish toxins: A case study on shellfish from Morocco
dino_post2015,STX_DOC_001727,2018.0,dinoflagellate,dinoflagellate_stx,stx,TOXIN,Using the radioligand-receptor binding assay for paralytic shellfish toxins: A case study on shellfish from Morocco
dino_post2015,STX_DOC_001727,2018.0,dinoflagellate,dinoflagellate_stx,paralytic shellfish toxins,TOXIN,Using the radioligand-receptor binding assay for paralytic shellfish toxins: A case study on shellfish from Morocco
dino_post2015,STX_DOC_001727,2018.0,dinoflagellate,dinoflagellate_stx,paralytic shellfish poisoning,TOXIN,Using the radioligand-receptor binding assay for paralytic shellfish toxins: A case study on shellfish from Morocco
dino_post2015,STX_DOC_001727,2018.0,dinoflagellate,dinoflagellate_stx,mouse bioassay,DETECTION_METHOD,Using the radioligand-receptor binding assay for paralytic shellfish toxins: A case study on shellfish from Morocco
dino_post2015,STX_DOC_001728,2018.0,dinoflagellate,dinoflagellate_stx,dinoflagellate,DINO_TAXON,Impact of nitrogen chemical form on the isotope signature and toxicity of a marine dinoflagellate
dino_post2015,STX_DOC_001728,2018.0,dinoflagellate,dinoflagellate_stx,dinoflagellates,DINO_TAXON,Impact of nitrogen chemical form on the isotope signature and toxicity of a marine dinoflagellate
dino_post2015,STX_DOC_001728,2018.0,dinoflagellate,dinoflagellate_stx,alexandrium,DINO_TAXON,Impact of nitrogen chemical form on the isotope signature and toxicity of a marine dinoflagellate
dino_post2015,STX_DOC_001728,2018.0,dinoflagellate,dinoflagellate_stx,alexandrium catenella,DINO_TAXON,Impact of nitrogen chemical form on the isotope signature and toxicity of a marine dinoflagellate
dino_post2015,STX_DOC_001728,2018.0,dinoflagellate,dinoflagellate_stx,nitrogen,ENV_FACTOR,Impact of nitrogen chemical form on the isotope signature and toxicity of a marine dinoflagellate
dino_post2015,STX_DOC_001728,2018.0,dinoflagellate,dinoflagellate_stx,nitrate,ENV_FACTOR,Impact of nitrogen chemical form on the isotope signature and toxicity of a marine dinoflagellate
dino_post2015,STX_DOC_001728,2018.0,dinoflagellate,dinoflagellate_stx,nutrient,ENV_FACTOR,Impact of nitrogen chemical form on the isotope signature and toxicity of a marine dinoflagellate
dino_post2015,STX_DOC_001728,2018.0,dinoflagellate,dinoflagellate_stx,bloom,ENV_FACTOR,Impact of nitrogen chemical form on the isotope signature and toxicity of a marine dinoflagellate
dino_post2015,STX_DOC_001728,2018.0,dinoflagellate,dinoflagellate_stx,toxicity,BIOLOGICAL_PROCESS,Impact of nitrogen chemical form on the isotope signature and toxicity of a marine dinoflagellate
dino_post2015,STX_DOC_001729,2017.0,dinoflagellate,dinoflagellate_stx,paralytic shellfish toxins,TOXIN,Whole Transcriptomic Analysis Provides Insights into Molecular Mechanisms for Toxin Biosynthesis in a Toxic Dinoflagellate Alexandrium catenella (ACHK-T)
dino_post2015,STX_DOC_001729,2017.0,dinoflagellate,dinoflagellate_stx,psts,TOXIN,Whole Transcriptomic Analysis Provides Insights into Molecular Mechanisms for Toxin Biosynthesis in a Toxic Dinoflagellate Alexandrium catenella (ACHK-T)
dino_post2015,STX_DOC_001729,2017.0,dinoflagellate,dinoflagellate_stx,dinoflagellate,DINO_TAXON,Whole Transcriptomic Analysis Provides Insights into Molecular Mechanisms for Toxin Biosynthesis in a Toxic Dinoflagellate Alexandrium catenella (ACHK-T)
dino_post2015,STX_DOC_001729,2017.0,dinoflagellate,dinoflagellate_stx,alexandrium,DINO_TAXON,Whole Transcriptomic Analysis Provides Insights into Molecular Mechanisms for Toxin Biosynthesis in a Toxic Dinoflagellate Alexandrium catenella (ACHK-T)
dino_post2015,STX_DOC_001729,2017.0,dinoflagellate,dinoflagellate_stx,alexandrium catenella,DINO_TAXON,Whole Transcriptomic Analysis Provides Insights into Molecular Mechanisms for Toxin Biosynthesis in a Toxic Dinoflagellate Alexandrium catenella (ACHK-T)
dino_post2015,STX_DOC_001729,2017.0,dinoflagellate,dinoflagellate_stx,biosynthesis,BIOLOGICAL_PROCESS,Whole Transcriptomic Analysis Provides Insights into Molecular Mechanisms for Toxin Biosynthesis in a Toxic Dinoflagellate Alexandrium catenella (ACHK-T)
dino_post2015,STX_DOC_001729,2017.0,dinoflagellate,dinoflagellate_stx,toxin biosynthesis,BIOLOGICAL_PROCESS,Whole Transcriptomic Analysis Provides Insights into Molecular Mechanisms for Toxin Biosynthesis in a Toxic Dinoflagellate Alexandrium catenella (ACHK-T)
dino_post2015,STX_DOC_001729,2017.0,dinoflagellate,dinoflagellate_stx,transcriptomic,BIOLOGICAL_PROCESS,Whole Transcriptomic Analysis Provides Insights into Molecular Mechanisms for Toxin Biosynthesis in a Toxic Dinoflagellate Alexandrium catenella (ACHK-T)
dino_post2015,STX_DOC_001730,2017.0,dinoflagellate,dinoflagellate_stx,paralytic shellfish poisoning,TOXIN,"Which species, Alexandrium catenella (Group I) or A. pacificum (Group IV), is really responsible for past paralytic shellfish poisoning outbreaks in Jinhae-Masan Bay, Korea?"
dino_post2015,STX_DOC_001730,2017.0,dinoflagellate,dinoflagellate_stx,dinoflagellates,DINO_TAXON,"Which species, Alexandrium catenella (Group I) or A. pacificum (Group IV), is really responsible for past paralytic shellfish poisoning outbreaks in Jinhae-Masan Bay, Korea?"
dino_post2015,STX_DOC_001730,2017.0,dinoflagellate,dinoflagellate_stx,alexandrium,DINO_TAXON,"Which species, Alexandrium catenella (Group I) or A. pacificum (Group IV), is really responsible for past paralytic shellfish poisoning outbreaks in Jinhae-Masan Bay, Korea?"
dino_post2015,STX_DOC_001730,2017.0,dinoflagellate,dinoflagellate_stx,alexandrium catenella,DINO_TAXON,"Which species, Alexandrium catenella (Group I) or A. pacificum (Group IV), is really responsible for past paralytic shellfish poisoning outbreaks in Jinhae-Masan Bay, Korea?"
dino_post2015,STX_DOC_001730,2017.0,dinoflagellate,dinoflagellate_stx,alexandrium tamarense,DINO_TAXON,"Which species, Alexandrium catenella (Group I) or A. pacificum (Group IV), is really responsible for past paralytic shellfish poisoning outbreaks in Jinhae-Masan Bay, Korea?"
dino_post2015,STX_DOC_001730,2017.0,dinoflagellate,dinoflagellate_stx,temperature,ENV_FACTOR,"Which species, Alexandrium catenella (Group I) or A. pacificum (Group IV), is really responsible for past paralytic shellfish poisoning outbreaks in Jinhae-Masan Bay, Korea?"
dino_post2015,STX_DOC_001730,2017.0,dinoflagellate,dinoflagellate_stx,salinity,ENV_FACTOR,"Which species, Alexandrium catenella (Group I) or A. pacificum (Group IV), is really responsible for past paralytic shellfish poisoning outbreaks in Jinhae-Masan Bay, Korea?"
dino_post2015,STX_DOC_001730,2017.0,dinoflagellate,dinoflagellate_stx,phylogeny,BIOLOGICAL_PROCESS,"Which species, Alexandrium catenella (Group I) or A. pacificum (Group IV), is really responsible for past paralytic shellfish poisoning outbreaks in Jinhae-Masan Bay, Korea?"
dino_post2015,STX_DOC_001730,2017.0,dinoflagellate,dinoflagellate_stx,phylogenetic,BIOLOGICAL_PROCESS,"Which species, Alexandrium catenella (Group I) or A. pacificum (Group IV), is really responsible for past paralytic shellfish poisoning outbreaks in Jinhae-Masan Bay, Korea?"
dino_post2015,STX_DOC_001730,2017.0,dinoflagellate,dinoflagellate_stx,toxicity,BIOLOGICAL_PROCESS,"Which species, Alexandrium catenella (Group I) or A. pacificum (Group IV), is really responsible for past paralytic shellfish poisoning outbreaks in Jinhae-Masan Bay, Korea?"
dino_post2015,STX_DOC_001731,2016.0,dinoflagellate,dinoflagellate_stx,saxitoxin,TOXIN,Liquid Chromatography with a Fluorimetric Detection Method for Analysis of Paralytic Shellfish Toxins and Tetrodotoxin Based on a Porous Graphitic Carbon Column
dino_post2015,STX_DOC_001731,2016.0,dinoflagellate,dinoflagellate_stx,stx,TOXIN,Liquid Chromatography with a Fluorimetric Detection Method for Analysis of Paralytic Shellfish Toxins and Tetrodotoxin Based on a Porous Graphitic Carbon Column
dino_post2015,STX_DOC_001731,2016.0,dinoflagellate,dinoflagellate_stx,gonyautoxin,TOXIN,Liquid Chromatography with a Fluorimetric Detection Method for Analysis of Paralytic Shellfish Toxins and Tetrodotoxin Based on a Porous Graphitic Carbon Column
dino_post2015,STX_DOC_001731,2016.0,dinoflagellate,dinoflagellate_stx,paralytic shellfish toxins,TOXIN,Liquid Chromatography with a Fluorimetric Detection Method for Analysis of Paralytic Shellfish Toxins and Tetrodotoxin Based on a Porous Graphitic Carbon Column
dino_post2015,STX_DOC_001731,2016.0,dinoflagellate,dinoflagellate_stx,pst,TOXIN,Liquid Chromatography with a Fluorimetric Detection Method for Analysis of Paralytic Shellfish Toxins and Tetrodotoxin Based on a Porous Graphitic Carbon Column
dino_post2015,STX_DOC_001731,2016.0,dinoflagellate,dinoflagellate_stx,climate,ENV_FACTOR,Liquid Chromatography with a Fluorimetric Detection Method for Analysis of Paralytic Shellfish Toxins and Tetrodotoxin Based on a Porous Graphitic Carbon Column
dino_post2015,STX_DOC_001731,2016.0,dinoflagellate,dinoflagellate_stx,toxicity,BIOLOGICAL_PROCESS,Liquid Chromatography with a Fluorimetric Detection Method for Analysis of Paralytic Shellfish Toxins and Tetrodotoxin Based on a Porous Graphitic Carbon Column
