Analysis,Total_Cyano_Edges,Matched_Edges,Rate
Cyano → Post-2015 Dino,47008,1690,0.03595132743362832
Cyano → All Dino,47008,2021,0.042992682096664396
