dataset,source,source_type,relation,target,target_type,weight,support_documents,first_year,last_year
dino_pre2016,alexandrium,DINO_TAXON,semantic_cooccurrence,alexandrium_affine,DINO_TAXON,1,STX_DOC_000864,2003.0,2003.0
dino_pre2016,alexandrium,DINO_TAXON,semantic_cooccurrence,alexandrium_catenella,DINO_TAXON,33,STX_DOC_000040;STX_DOC_000053;STX_DOC_000093;STX_DOC_000095;STX_DOC_000152;STX_DOC_000165;STX_DOC_000215;STX_DOC_000219;STX_DOC_000246;STX_DOC_000275;STX_DOC_000322;STX_DOC_000351;STX_DOC_000583;STX_DOC_000584;STX_DOC_000588;STX_DOC_000589;STX_DOC_000645;STX_DOC_000672;STX_DOC_000734;STX_DOC_000741;STX_DOC_000758;STX_DOC_000761;STX_DOC_000828;STX_DOC_000841;STX_DOC_000874;STX_DOC_000942;STX_DOC_000949;STX_DOC_000977;STX_DOC_000978;STX_DOC_001056;STX_DOC_001181;STX_DOC_001282;STX_DOC_001308,1988.0,2015.0
dino_pre2016,alexandrium,DINO_TAXON,semantic_cooccurrence,alexandrium_fundyense,DINO_TAXON,31,STX_DOC_000052;STX_DOC_000074;STX_DOC_000093;STX_DOC_000098;STX_DOC_000129;STX_DOC_000186;STX_DOC_000196;STX_DOC_000254;STX_DOC_000300;STX_DOC_000391;STX_DOC_000444;STX_DOC_000484;STX_DOC_000485;STX_DOC_000487;STX_DOC_000498;STX_DOC_000508;STX_DOC_000516;STX_DOC_000561;STX_DOC_000565;STX_DOC_000831;STX_DOC_000937;STX_DOC_000959;STX_DOC_000961;STX_DOC_000979;STX_DOC_001046;STX_DOC_001047;STX_DOC_001049;STX_DOC_001086;STX_DOC_001175;STX_DOC_001736;STX_DOC_001749,1990.0,2015.0
dino_pre2016,alexandrium,DINO_TAXON,semantic_cooccurrence,alexandrium_leei,DINO_TAXON,1,STX_DOC_000562,2014.0,2014.0
dino_pre2016,alexandrium,DINO_TAXON,semantic_cooccurrence,alexandrium_minutum,DINO_TAXON,53,STX_DOC_000024;STX_DOC_000052;STX_DOC_000063;STX_DOC_000081;STX_DOC_000082;STX_DOC_000120;STX_DOC_000126;STX_DOC_000147;STX_DOC_000149;STX_DOC_000150;STX_DOC_000169;STX_DOC_000188;STX_DOC_000189;STX_DOC_000192;STX_DOC_000213;STX_DOC_000250;STX_DOC_000279;STX_DOC_000289;STX_DOC_000293;STX_DOC_000327;STX_DOC_000329;STX_DOC_000336;STX_DOC_000345;STX_DOC_000351;STX_DOC_000385;STX_DOC_000435;STX_DOC_000436;STX_DOC_000437;STX_DOC_000497;STX_DOC_000510;STX_DOC_000515;STX_DOC_000518;STX_DOC_000568;STX_DOC_000569;STX_DOC_000571;STX_DOC_000576;STX_DOC_000659;STX_DOC_000669;STX_DOC_000759;STX_DOC_000835;STX_DOC_000870;STX_DOC_000872;STX_DOC_000933;STX_DOC_000940;STX_DOC_000941;STX_DOC_000974;STX_DOC_001058;STX_DOC_001073;STX_DOC_001077;STX_DOC_001082;STX_DOC_001089;STX_DOC_001102;STX_DOC_001328,1988.0,2015.0
dino_pre2016,alexandrium,DINO_TAXON,semantic_cooccurrence,alexandrium_ostenfeldii,DINO_TAXON,13,STX_DOC_000125;STX_DOC_000211;STX_DOC_000253;STX_DOC_000277;STX_DOC_000282;STX_DOC_000347;STX_DOC_000375;STX_DOC_000486;STX_DOC_000568;STX_DOC_000572;STX_DOC_001076;STX_DOC_001159;STX_DOC_001740,1992.0,2015.0
dino_pre2016,alexandrium,DINO_TAXON,semantic_cooccurrence,alexandrium_tamarense,DINO_TAXON,93,STX_DOC_000029;STX_DOC_000030;STX_DOC_000035;STX_DOC_000036;STX_DOC_000050;STX_DOC_000053;STX_DOC_000062;STX_DOC_000078;STX_DOC_000113;STX_DOC_000119;STX_DOC_000120;STX_DOC_000127;STX_DOC_000184;STX_DOC_000187;STX_DOC_000192;STX_DOC_000219;STX_DOC_000251;STX_DOC_000280;STX_DOC_000285;STX_DOC_000294;STX_DOC_000295;STX_DOC_000296;STX_DOC_000317;STX_DOC_000321;STX_DOC_000325;STX_DOC_000331;STX_DOC_000332;STX_DOC_000334;STX_DOC_000340;STX_DOC_000341;STX_DOC_000343;STX_DOC_000348;STX_DOC_000350;STX_DOC_000385;STX_DOC_000429;STX_DOC_000430;STX_DOC_000431;STX_DOC_000442;STX_DOC_000447;STX_DOC_000497;STX_DOC_000501;STX_DOC_000502;STX_DOC_000505;STX_DOC_000508;STX_DOC_000514;STX_DOC_000573;STX_DOC_000590;STX_DOC_000591;STX_DOC_000656;STX_DOC_000657;STX_DOC_000658;STX_DOC_000660;STX_DOC_000663;STX_DOC_000667;STX_DOC_000668;STX_DOC_000674;STX_DOC_000675;STX_DOC_000730;STX_DOC_000737;STX_DOC_000755;STX_DOC_000758;STX_DOC_000760;STX_DOC_000829;STX_DOC_000837;STX_DOC_000838;STX_DOC_000857;STX_DOC_000939;STX_DOC_000949;STX_DOC_000955;STX_DOC_000958;STX_DOC_000965;STX_DOC_000972;STX_DOC_000973;STX_DOC_000975;STX_DOC_000983;STX_DOC_001067;STX_DOC_001080;STX_DOC_001085;STX_DOC_001087;STX_DOC_001093;STX_DOC_001095;STX_DOC_001157;STX_DOC_001203;STX_DOC_001271;STX_DOC_001279;STX_DOC_001297;STX_DOC_001312;STX_DOC_001313;STX_DOC_001733;STX_DOC_001741;STX_DOC_001742;STX_DOC_001744;STX_DOC_001746,1992.0,2015.0
dino_pre2016,alexandrium,DINO_TAXON,semantic_cooccurrence,alexandrium_tamiyavanichii,DINO_TAXON,7,STX_DOC_000070;STX_DOC_000193;STX_DOC_000194;STX_DOC_000293;STX_DOC_000433;STX_DOC_000437;STX_DOC_000741,2002.0,2012.0
dino_pre2016,alexandrium,DINO_TAXON,semantic_cooccurrence,anabaena,CYANO_TAXON,6,STX_DOC_000009;STX_DOC_000082;STX_DOC_000280;STX_DOC_000325;STX_DOC_000348;STX_DOC_000431,1996.0,2014.0
dino_pre2016,alexandrium,DINO_TAXON,semantic_cooccurrence,aphanizomenon,CYANO_TAXON,3,STX_DOC_000009;STX_DOC_000599;STX_DOC_000600,1994.0,2010.0
dino_pre2016,alexandrium,DINO_TAXON,semantic_cooccurrence,biosensor,DETECTION_METHOD,4,STX_DOC_000942;STX_DOC_000959;STX_DOC_000961;STX_DOC_000972,2000.0,2013.0
dino_pre2016,alexandrium,DINO_TAXON,semantic_cooccurrence,bloom,ENV_FACTOR,53,STX_DOC_000035;STX_DOC_000036;STX_DOC_000053;STX_DOC_000078;STX_DOC_000129;STX_DOC_000169;STX_DOC_000196;STX_DOC_000212;STX_DOC_000215;STX_DOC_000246;STX_DOC_000250;STX_DOC_000277;STX_DOC_000279;STX_DOC_000282;STX_DOC_000285;STX_DOC_000287;STX_DOC_000288;STX_DOC_000289;STX_DOC_000321;STX_DOC_000435;STX_DOC_000487;STX_DOC_000505;STX_DOC_000508;STX_DOC_000511;STX_DOC_000561;STX_DOC_000565;STX_DOC_000590;STX_DOC_000642;STX_DOC_000658;STX_DOC_000668;STX_DOC_000677;STX_DOC_000738;STX_DOC_000758;STX_DOC_000761;STX_DOC_000765;STX_DOC_000835;STX_DOC_000933;STX_DOC_000940;STX_DOC_000942;STX_DOC_000949;STX_DOC_000965;STX_DOC_000967;STX_DOC_000983;STX_DOC_001052;STX_DOC_001094;STX_DOC_001162;STX_DOC_001173;STX_DOC_001175;STX_DOC_001202;STX_DOC_001203;STX_DOC_001401;STX_DOC_001733;STX_DOC_001736,1990.0,2015.0
dino_pre2016,alexandrium,DINO_TAXON,semantic_cooccurrence,climate,ENV_FACTOR,6,STX_DOC_000282;STX_DOC_000487;STX_DOC_000511;STX_DOC_000561;STX_DOC_000765;STX_DOC_000937,1998.0,2015.0
dino_pre2016,alexandrium,DINO_TAXON,semantic_cooccurrence,cyanobacteria,CYANO_TAXON,29,STX_DOC_000009;STX_DOC_000022;STX_DOC_000040;STX_DOC_000052;STX_DOC_000070;STX_DOC_000082;STX_DOC_000113;STX_DOC_000186;STX_DOC_000192;STX_DOC_000275;STX_DOC_000277;STX_DOC_000280;STX_DOC_000322;STX_DOC_000325;STX_DOC_000348;STX_DOC_000385;STX_DOC_000431;STX_DOC_000435;STX_DOC_000599;STX_DOC_000600;STX_DOC_000830,1994.0,2015.0
dino_pre2016,alexandrium,DINO_TAXON,semantic_cooccurrence,cylindrospermopsis,CYANO_TAXON,1,STX_DOC_000009,2010.0,2010.0
dino_pre2016,alexandrium,DINO_TAXON,semantic_cooccurrence,elisa,DETECTION_METHOD,3,STX_DOC_000195;STX_DOC_000287;STX_DOC_000288,1991.0,2008.0
dino_pre2016,alexandrium,DINO_TAXON,semantic_cooccurrence,environmental_stress,ENV_FACTOR,1,STX_DOC_000062,1999.0,1999.0
dino_pre2016,alexandrium,DINO_TAXON,semantic_cooccurrence,gymnodinium,DINO_TAXON,23,STX_DOC_000009;STX_DOC_000028;STX_DOC_000035;STX_DOC_000036;STX_DOC_000052;STX_DOC_000053;STX_DOC_000082;STX_DOC_000127;STX_DOC_000148;STX_DOC_000151;STX_DOC_000188;STX_DOC_000195;STX_DOC_000250;STX_DOC_000351;STX_DOC_000375;STX_DOC_000380;STX_DOC_000381;STX_DOC_000517;STX_DOC_000573;STX_DOC_000663;STX_DOC_000664;STX_DOC_000672;STX_DOC_001283,1988.0,2015.0
dino_pre2016,alexandrium,DINO_TAXON,semantic_cooccurrence,gymnodinium_catenatum,DINO_TAXON,17,STX_DOC_000028;STX_DOC_000035;STX_DOC_000036;STX_DOC_000052;STX_DOC_000053;STX_DOC_000082;STX_DOC_000127;STX_DOC_000148;STX_DOC_000195;STX_DOC_000250;STX_DOC_000351;STX_DOC_000380;STX_DOC_000517;STX_DOC_000573;STX_DOC_000663;STX_DOC_000664;STX_DOC_000672,1988.0,2015.0
dino_pre2016,alexandrium,DINO_TAXON,semantic_cooccurrence,harmful_algal_bloom,ENV_FACTOR,11,STX_DOC_000053;STX_DOC_000277;STX_DOC_000287;STX_DOC_000288;STX_DOC_000289;STX_DOC_000321;STX_DOC_000508;STX_DOC_000642;STX_DOC_000738;STX_DOC_000942;STX_DOC_001052,2003.0,2015.0
dino_pre2016,alexandrium,DINO_TAXON,semantic_cooccurrence,hplc,DETECTION_METHOD,56,STX_DOC_000035;STX_DOC_000036;STX_DOC_000062;STX_DOC_000081;STX_DOC_000083;STX_DOC_000095;STX_DOC_000151;STX_DOC_000169;STX_DOC_000192;STX_DOC_000193;STX_DOC_000194;STX_DOC_000195;STX_DOC_000196;STX_DOC_000211;STX_DOC_000250;STX_DOC_000251;STX_DOC_000280;STX_DOC_000287;STX_DOC_000288;STX_DOC_000293;STX_DOC_000327;STX_DOC_000332;STX_DOC_000334;STX_DOC_000347;STX_DOC_000348;STX_DOC_000351;STX_DOC_000375;STX_DOC_000390;STX_DOC_000429;STX_DOC_000501;STX_DOC_000502;STX_DOC_000514;STX_DOC_000517;STX_DOC_000569;STX_DOC_000576;STX_DOC_000588;STX_DOC_000589;STX_DOC_000591;STX_DOC_000599;STX_DOC_000600;STX_DOC_000668;STX_DOC_000671;STX_DOC_000676;STX_DOC_000677;STX_DOC_000730;STX_DOC_000741;STX_DOC_000857;STX_DOC_000864;STX_DOC_000871;STX_DOC_000964;STX_DOC_000973;STX_DOC_000975;STX_DOC_001088;STX_DOC_001198;STX_DOC_001283;STX_DOC_001733,1988.0,2015.0
dino_pre2016,alexandrium,DINO_TAXON,semantic_cooccurrence,irradiance,ENV_FACTOR,4,STX_DOC_000165;STX_DOC_000279;STX_DOC_000391;STX_DOC_000437,2001.0,2014.0
dino_pre2016,alexandrium,DINO_TAXON,semantic_cooccurrence,lc_ms,DETECTION_METHOD,4,STX_DOC_000280;STX_DOC_000569;STX_DOC_000572;STX_DOC_001740,2006.0,2013.0
dino_pre2016,alexandrium,DINO_TAXON,semantic_cooccurrence,lc_ms_ms,DETECTION_METHOD,2,STX_DOC_000280;STX_DOC_000569,2012.0,2013.0
dino_pre2016,alexandrium,DINO_TAXON,semantic_cooccurrence,light,ENV_FACTOR,18,STX_DOC_000040;STX_DOC_000062;STX_DOC_000213;STX_DOC_000300;STX_DOC_000345;STX_DOC_000435;STX_DOC_000437;STX_DOC_000565;STX_DOC_000572;STX_DOC_000667;STX_DOC_000668;STX_DOC_000669;STX_DOC_000674;STX_DOC_000755;STX_DOC_000864;STX_DOC_000979;STX_DOC_001077;STX_DOC_001157,1997.0,2015.0
dino_pre2016,alexandrium,DINO_TAXON,semantic_cooccurrence,liquid_chromatography,DETECTION_METHOD,7,STX_DOC_000517;STX_DOC_000730;STX_DOC_000973;STX_DOC_000975;STX_DOC_000982;STX_DOC_000984;STX_DOC_001740,1992.0,2013.0
dino_pre2016,alexandrium,DINO_TAXON,semantic_cooccurrence,lyngbya,CYANO_TAXON,1,STX_DOC_000009,2010.0,2010.0
dino_pre2016,alexandrium,DINO_TAXON,semantic_cooccurrence,mass_spectrometry,DETECTION_METHOD,14,STX_DOC_000187;STX_DOC_000322;STX_DOC_000348;STX_DOC_000486;STX_DOC_000572;STX_DOC_000573;STX_DOC_000599;STX_DOC_000600;STX_DOC_000658;STX_DOC_000738;STX_DOC_000982;STX_DOC_000984;STX_DOC_001333;STX_DOC_001740,1992.0,2015.0
dino_pre2016,alexandrium,DINO_TAXON,semantic_cooccurrence,mouse_bioassay,DETECTION_METHOD,24,STX_DOC_000081;STX_DOC_000127;STX_DOC_000151;STX_DOC_000195;STX_DOC_000250;STX_DOC_000253;STX_DOC_000332;STX_DOC_000334;STX_DOC_000350;STX_DOC_000569;STX_DOC_000588;STX_DOC_000589;STX_DOC_000591;STX_DOC_000670;STX_DOC_000676;STX_DOC_000765;STX_DOC_000958;STX_DOC_000964;STX_DOC_000973;STX_DOC_000975;STX_DOC_001198;STX_DOC_001203;STX_DOC_001283;STX_DOC_001401,1991.0,2014.0
dino_pre2016,alexandrium,DINO_TAXON,semantic_cooccurrence,nitrate,ENV_FACTOR,17,STX_DOC_000062;STX_DOC_000063;STX_DOC_000148;STX_DOC_000189;STX_DOC_000219;STX_DOC_000285;STX_DOC_000345;STX_DOC_000436;STX_DOC_000437;STX_DOC_000444;STX_DOC_000571;STX_DOC_000590;STX_DOC_000674;STX_DOC_001733;STX_DOC_001741;STX_DOC_001744;STX_DOC_001749,1994.0,2012.0
dino_pre2016,alexandrium,DINO_TAXON,semantic_cooccurrence,nitrogen,ENV_FACTOR,18,STX_DOC_000024;STX_DOC_000062;STX_DOC_000063;STX_DOC_000113;STX_DOC_000189;STX_DOC_000254;STX_DOC_000285;STX_DOC_000321;STX_DOC_000436;STX_DOC_000444;STX_DOC_000561;STX_DOC_000565;STX_DOC_000571;STX_DOC_000590;STX_DOC_000841;STX_DOC_000974;STX_DOC_001742;STX_DOC_001744,1990.0,2015.0
dino_pre2016,alexandrium,DINO_TAXON,semantic_cooccurrence,nitrogen_limitation,ENV_FACTOR,2,STX_DOC_000113;STX_DOC_000561,2015.0,2015.0
dino_pre2016,alexandrium,DINO_TAXON,semantic_cooccurrence,nutrient,ENV_FACTOR,30,STX_DOC_000024;STX_DOC_000063;STX_DOC_000074;STX_DOC_000078;STX_DOC_000098;STX_DOC_000113;STX_DOC_000117;STX_DOC_000148;STX_DOC_000165;STX_DOC_000254;STX_DOC_000285;STX_DOC_000321;STX_DOC_000336;STX_DOC_000435;STX_DOC_000436;STX_DOC_000444;STX_DOC_000561;STX_DOC_000567;STX_DOC_000583;STX_DOC_000584;STX_DOC_000657;STX_DOC_000759;STX_DOC_000841;STX_DOC_000864;STX_DOC_000872;STX_DOC_000974;STX_DOC_001736;STX_DOC_001742;STX_DOC_001744;STX_DOC_001749,1990.0,2015.0
dino_pre2016,alexandrium,DINO_TAXON,semantic_cooccurrence,nutrients,ENV_FACTOR,10,STX_DOC_000148;STX_DOC_000345;STX_DOC_000444;STX_DOC_000565;STX_DOC_000583;STX_DOC_000584;STX_DOC_000841;STX_DOC_000974;STX_DOC_001733;STX_DOC_001746,1996.0,2013.0
dino_pre2016,alexandrium,DINO_TAXON,semantic_cooccurrence,phosphate,ENV_FACTOR,11,STX_DOC_000063;STX_DOC_000074;STX_DOC_000098;STX_DOC_000148;STX_DOC_000189;STX_DOC_000300;STX_DOC_000345;STX_DOC_000436;STX_DOC_000759;STX_DOC_001733;STX_DOC_001741,1994.0,2012.0
dino_pre2016,alexandrium,DINO_TAXON,semantic_cooccurrence,phosphorus,ENV_FACTOR,12,STX_DOC_000024;STX_DOC_000063;STX_DOC_000113;STX_DOC_000254;STX_DOC_000321;STX_DOC_000444;STX_DOC_000759;STX_DOC_000841;STX_DOC_000872;STX_DOC_000974;STX_DOC_001181;STX_DOC_001742,1990.0,2015.0
dino_pre2016,alexandrium,DINO_TAXON,semantic_cooccurrence,phosphorus_limitation,ENV_FACTOR,2,STX_DOC_000759;STX_DOC_000872,2000.0,2002.0
dino_pre2016,alexandrium,DINO_TAXON,semantic_cooccurrence,planktothrix,CYANO_TAXON,1,STX_DOC_000009,2010.0,2010.0
dino_pre2016,alexandrium,DINO_TAXON,semantic_cooccurrence,protoceratium,DINO_TAXON,1,STX_DOC_000568,2012.0,2012.0
dino_pre2016,alexandrium,DINO_TAXON,semantic_cooccurrence,protoceratium_reticulatum,DINO_TAXON,1,STX_DOC_000568,2012.0,2012.0
dino_pre2016,alexandrium,DINO_TAXON,semantic_cooccurrence,pyrodinium,DINO_TAXON,9,STX_DOC_000009;STX_DOC_000022;STX_DOC_000028;STX_DOC_000126;STX_DOC_000293;STX_DOC_000380;STX_DOC_000381;STX_DOC_000664;STX_DOC_000828,2006.0,2015.0
dino_pre2016,alexandrium,DINO_TAXON,semantic_cooccurrence,pyrodinium_bahamense,DINO_TAXON,5,STX_DOC_000022;STX_DOC_000028;STX_DOC_000293;STX_DOC_000664;STX_DOC_000828,2006.0,2015.0
dino_pre2016,alexandrium,DINO_TAXON,semantic_cooccurrence,salinity,ENV_FACTOR,11,STX_DOC_000062;STX_DOC_000117;STX_DOC_000125;STX_DOC_000148;STX_DOC_000165;STX_DOC_000336;STX_DOC_000345;STX_DOC_000567;STX_DOC_000572;STX_DOC_000667;STX_DOC_001082,1996.0,2015.0
dino_pre2016,alexandrium,DINO_TAXON,semantic_cooccurrence,temperature,ENV_FACTOR,20,STX_DOC_000074;STX_DOC_000098;STX_DOC_000117;STX_DOC_000125;STX_DOC_000165;STX_DOC_000213;STX_DOC_000219;STX_DOC_000279;STX_DOC_000282;STX_DOC_000294;STX_DOC_000295;STX_DOC_000300;STX_DOC_000345;STX_DOC_000437;STX_DOC_000442;STX_DOC_000567;STX_DOC_000667;STX_DOC_000864;STX_DOC_000973;STX_DOC_000975,1998.0,2015.0
dino_pre2016,alexandrium,DINO_TAXON,semantic_cooccurrence,warming,ENV_FACTOR,3,STX_DOC_000125;STX_DOC_000642;STX_DOC_000831,2014.0,2015.0
dino_pre2016,alexandrium,DINO_TAXON,taxon_associated_with_process,biosynthesis,BIOLOGICAL_PROCESS,22,STX_DOC_000022;STX_DOC_000024;STX_DOC_000028;STX_DOC_000040;STX_DOC_000050;STX_DOC_000052;STX_DOC_000070;STX_DOC_000074;STX_DOC_000093;STX_DOC_000098;STX_DOC_000113;STX_DOC_000184;STX_DOC_000251;STX_DOC_000275;STX_DOC_000300;STX_DOC_000322;STX_DOC_000329;STX_DOC_000336;STX_DOC_000380;STX_DOC_000497;STX_DOC_000831;STX_DOC_000983,1992.0,2015.0
dino_pre2016,alexandrium,DINO_TAXON,taxon_associated_with_process,bloom_dynamics,BIOLOGICAL_PROCESS,1,STX_DOC_001094,1997.0,1997.0
dino_pre2016,alexandrium,DINO_TAXON,taxon_associated_with_process,environmental_regulation,BIOLOGICAL_PROCESS,1,STX_DOC_000219,2010.0,2010.0
dino_pre2016,alexandrium,DINO_TAXON,taxon_associated_with_process,evolution,BIOLOGICAL_PROCESS,9,STX_DOC_000028;STX_DOC_000081;STX_DOC_000093;STX_DOC_000140;STX_DOC_000184;STX_DOC_000250;STX_DOC_000325;STX_DOC_000381;STX_DOC_000645,2003.0,2015.0
dino_pre2016,alexandrium,DINO_TAXON,taxon_associated_with_process,expression,BIOLOGICAL_PROCESS,21,STX_DOC_000024;STX_DOC_000040;STX_DOC_000093;STX_DOC_000113;STX_DOC_000184;STX_DOC_000325;STX_DOC_000329;STX_DOC_000385;STX_DOC_000435;STX_DOC_000484;STX_DOC_000583;STX_DOC_000584;STX_DOC_000645;STX_DOC_000731;STX_DOC_000734;STX_DOC_000831;STX_DOC_000941;STX_DOC_000955;STX_DOC_001058;STX_DOC_001162;STX_DOC_001308,2005.0,2015.0
dino_pre2016,alexandrium,DINO_TAXON,taxon_associated_with_process,gene_duplication,BIOLOGICAL_PROCESS,2,STX_DOC_000028;STX_DOC_000831,2014.0,2015.0
dino_pre2016,alexandrium,DINO_TAXON,taxon_associated_with_process,gene_expression,BIOLOGICAL_PROCESS,11,STX_DOC_000024;STX_DOC_000093;STX_DOC_000184;STX_DOC_000325;STX_DOC_000385;STX_DOC_000435;STX_DOC_000645;STX_DOC_000731;STX_DOC_000941;STX_DOC_001058;STX_DOC_001308,2007.0,2014.0
dino_pre2016,alexandrium,DINO_TAXON,taxon_associated_with_process,harmful_algal_bloom,BIOLOGICAL_PROCESS,7,STX_DOC_000053;STX_DOC_000329;STX_DOC_000442;STX_DOC_000642;STX_DOC_000738;STX_DOC_000942;STX_DOC_001202,1997.0,2015.0
dino_pre2016,alexandrium,DINO_TAXON,taxon_associated_with_process,horizontal_gene_transfer,BIOLOGICAL_PROCESS,1,STX_DOC_000052,2013.0,2013.0
dino_pre2016,alexandrium,DINO_TAXON,taxon_associated_with_process,phylogenetic,BIOLOGICAL_PROCESS,15,STX_DOC_000022;STX_DOC_000052;STX_DOC_000169;STX_DOC_000187;STX_DOC_000211;STX_DOC_000325;STX_DOC_000331;STX_DOC_000381;STX_DOC_000485;STX_DOC_000583;STX_DOC_000584;STX_DOC_000663;STX_DOC_000829;STX_DOC_001090;STX_DOC_001320,2001.0,2015.0
dino_pre2016,alexandrium,DINO_TAXON,taxon_associated_with_process,phylogeny,BIOLOGICAL_PROCESS,9,STX_DOC_000022;STX_DOC_000028;STX_DOC_000140;STX_DOC_000211;STX_DOC_000380;STX_DOC_000381;STX_DOC_000429;STX_DOC_000562;STX_DOC_000967,2003.0,2015.0
dino_pre2016,alexandrium,DINO_TAXON,taxon_associated_with_process,polyketide_synthase,BIOLOGICAL_PROCESS,1,STX_DOC_000485,2015.0,2015.0
dino_pre2016,alexandrium,DINO_TAXON,taxon_associated_with_process,regulation,BIOLOGICAL_PROCESS,15,STX_DOC_000063;STX_DOC_000093;STX_DOC_000126;STX_DOC_000184;STX_DOC_000219;STX_DOC_000275;STX_DOC_000300;STX_DOC_000325;STX_DOC_000385;STX_DOC_000435;STX_DOC_000497;STX_DOC_000565;STX_DOC_000939;STX_DOC_001283;STX_DOC_001742,1994.0,2015.0
dino_pre2016,alexandrium,DINO_TAXON,taxon_associated_with_process,resting_cyst,BIOLOGICAL_PROCESS,2,STX_DOC_000347;STX_DOC_000983,1992.0,1996.0
dino_pre2016,alexandrium,DINO_TAXON,taxon_associated_with_process,saxitoxin_biosynthesis,BIOLOGICAL_PROCESS,10,STX_DOC_000022;STX_DOC_000028;STX_DOC_000052;STX_DOC_000070;STX_DOC_000074;STX_DOC_000093;STX_DOC_000098;STX_DOC_000300;STX_DOC_000380;STX_DOC_000837,1998.0,2015.0
dino_pre2016,alexandrium,DINO_TAXON,taxon_associated_with_process,toxicity,BIOLOGICAL_PROCESS,90,STX_DOC_000009;STX_DOC_000035;STX_DOC_000036;STX_DOC_000050;STX_DOC_000062;STX_DOC_000074;STX_DOC_000078;STX_DOC_000081;STX_DOC_000098;STX_DOC_000120;STX_DOC_000125;STX_DOC_000127;STX_DOC_000129;STX_DOC_000140;STX_DOC_000147;STX_DOC_000149;STX_DOC_000150;STX_DOC_000169;STX_DOC_000187;STX_DOC_000189;STX_DOC_000193;STX_DOC_000194;STX_DOC_000196;STX_DOC_000215;STX_DOC_000219;STX_DOC_000250;STX_DOC_000253;STX_DOC_000282;STX_DOC_000293;STX_DOC_000294;STX_DOC_000295;STX_DOC_000296;STX_DOC_000300;STX_DOC_000327;STX_DOC_000331;STX_DOC_000332;STX_DOC_000334;STX_DOC_000345;STX_DOC_000347;STX_DOC_000350;STX_DOC_000375;STX_DOC_000430;STX_DOC_000433;STX_DOC_000447;STX_DOC_000485;STX_DOC_000487;STX_DOC_000497;STX_DOC_000501;STX_DOC_000502;STX_DOC_000505;STX_DOC_000508;STX_DOC_000518;STX_DOC_000561;STX_DOC_000568;STX_DOC_000571;STX_DOC_000572;STX_DOC_000588;STX_DOC_000589;STX_DOC_000590;STX_DOC_000642;STX_DOC_000660;STX_DOC_000667;STX_DOC_000670;STX_DOC_000671;STX_DOC_000672;STX_DOC_000674;STX_DOC_000675;STX_DOC_000677;STX_DOC_000737;STX_DOC_000741;STX_DOC_000761;STX_DOC_000765;STX_DOC_000841;STX_DOC_000870;STX_DOC_000937;STX_DOC_000939;STX_DOC_000958;STX_DOC_000964;STX_DOC_000972;STX_DOC_001047;STX_DOC_001080;STX_DOC_001093;STX_DOC_001173;STX_DOC_001198;STX_DOC_001283;STX_DOC_001733;STX_DOC_001734;STX_DOC_001736;STX_DOC_001744;STX_DOC_001749,1990.0,2015.0
dino_pre2016,alexandrium,DINO_TAXON,taxon_associated_with_process,toxin_biosynthesis,BIOLOGICAL_PROCESS,8,STX_DOC_000040;STX_DOC_000074;STX_DOC_000098;STX_DOC_000113;STX_DOC_000322;STX_DOC_000329;STX_DOC_000336;STX_DOC_000497,1999.0,2015.0
dino_pre2016,alexandrium,DINO_TAXON,taxon_associated_with_process,toxin_production,BIOLOGICAL_PROCESS,47,STX_DOC_000024;STX_DOC_000062;STX_DOC_000074;STX_DOC_000083;STX_DOC_000098;STX_DOC_000120;STX_DOC_000125;STX_DOC_000152;STX_DOC_000184;STX_DOC_000187;STX_DOC_000189;STX_DOC_000251;STX_DOC_000289;STX_DOC_000300;STX_DOC_000327;STX_DOC_000340;STX_DOC_000341;STX_DOC_000343;STX_DOC_000345;STX_DOC_000351;STX_DOC_000381;STX_DOC_000385;STX_DOC_000436;STX_DOC_000437;STX_DOC_000497;STX_DOC_000565;STX_DOC_000571;STX_DOC_000572;STX_DOC_000588;STX_DOC_000589;STX_DOC_000667;STX_DOC_000674;STX_DOC_000759;STX_DOC_000841;STX_DOC_000872;STX_DOC_000964;STX_DOC_000979;STX_DOC_001046;STX_DOC_001047;STX_DOC_001073;STX_DOC_001159;STX_DOC_001181;STX_DOC_001308;STX_DOC_001733;STX_DOC_001741;STX_DOC_001744;STX_DOC_001746,1988.0,2015.0
dino_pre2016,alexandrium,DINO_TAXON,taxon_associated_with_process,transcription,BIOLOGICAL_PROCESS,4,STX_DOC_000093;STX_DOC_000643;STX_DOC_000731;STX_DOC_000835,2013.0,2015.0
dino_pre2016,alexandrium,DINO_TAXON,taxon_associated_with_process,transcriptome,BIOLOGICAL_PROCESS,6,STX_DOC_000040;STX_DOC_000186;STX_DOC_000435;STX_DOC_000565;STX_DOC_000831;STX_DOC_000941,2009.0,2014.0
dino_pre2016,alexandrium,DINO_TAXON,taxon_associated_with_process,transcriptomic,BIOLOGICAL_PROCESS,5,STX_DOC_000184;STX_DOC_000275;STX_DOC_000435;STX_DOC_000565;STX_DOC_000939,2009.0,2015.0
dino_pre2016,alexandrium_affine,DINO_TAXON,semantic_cooccurrence,hplc,DETECTION_METHOD,1,STX_DOC_000864,2003.0,2003.0
dino_pre2016,alexandrium_affine,DINO_TAXON,semantic_cooccurrence,light,ENV_FACTOR,1,STX_DOC_000864,2003.0,2003.0
dino_pre2016,alexandrium_affine,DINO_TAXON,semantic_cooccurrence,nutrient,ENV_FACTOR,1,STX_DOC_000864,2003.0,2003.0
dino_pre2016,alexandrium_affine,DINO_TAXON,semantic_cooccurrence,temperature,ENV_FACTOR,1,STX_DOC_000864,2003.0,2003.0
dino_pre2016,alexandrium_catenella,DINO_TAXON,semantic_cooccurrence,alexandrium_fundyense,DINO_TAXON,1,STX_DOC_000093,2014.0,2014.0
dino_pre2016,alexandrium_catenella,DINO_TAXON,semantic_cooccurrence,alexandrium_minutum,DINO_TAXON,1,STX_DOC_000351,1988.0,1988.0
dino_pre2016,alexandrium_catenella,DINO_TAXON,semantic_cooccurrence,alexandrium_tamarense,DINO_TAXON,4,STX_DOC_000053;STX_DOC_000219;STX_DOC_000758;STX_DOC_000949,2002.0,2011.0
dino_pre2016,alexandrium_catenella,DINO_TAXON,semantic_cooccurrence,alexandrium_tamiyavanichii,DINO_TAXON,1,STX_DOC_000741,2008.0,2008.0
dino_pre2016,alexandrium_catenella,DINO_TAXON,semantic_cooccurrence,biosensor,DETECTION_METHOD,1,STX_DOC_000942,2013.0,2013.0
dino_pre2016,alexandrium_catenella,DINO_TAXON,semantic_cooccurrence,bloom,ENV_FACTOR,7,STX_DOC_000053;STX_DOC_000215;STX_DOC_000246;STX_DOC_000758;STX_DOC_000761;STX_DOC_000942;STX_DOC_000949,2001.0,2015.0
dino_pre2016,alexandrium_catenella,DINO_TAXON,semantic_cooccurrence,cyanobacteria,CYANO_TAXON,4,STX_DOC_000040;STX_DOC_000275;STX_DOC_000322,2013.0,2015.0
dino_pre2016,alexandrium_catenella,DINO_TAXON,semantic_cooccurrence,gymnodinium,DINO_TAXON,3,STX_DOC_000053;STX_DOC_000351;STX_DOC_000672,1988.0,2011.0
dino_pre2016,alexandrium_catenella,DINO_TAXON,semantic_cooccurrence,gymnodinium_catenatum,DINO_TAXON,3,STX_DOC_000053;STX_DOC_000351;STX_DOC_000672,1988.0,2011.0
dino_pre2016,alexandrium_catenella,DINO_TAXON,semantic_cooccurrence,harmful_algal_bloom,ENV_FACTOR,2,STX_DOC_000053;STX_DOC_000942,2011.0,2013.0
dino_pre2016,alexandrium_catenella,DINO_TAXON,semantic_cooccurrence,hplc,DETECTION_METHOD,5,STX_DOC_000095;STX_DOC_000351;STX_DOC_000588;STX_DOC_000589;STX_DOC_000741,1988.0,2008.0
dino_pre2016,alexandrium_catenella,DINO_TAXON,semantic_cooccurrence,irradiance,ENV_FACTOR,1,STX_DOC_000165,2013.0,2013.0
dino_pre2016,alexandrium_catenella,DINO_TAXON,semantic_cooccurrence,light,ENV_FACTOR,1,STX_DOC_000040,2014.0,2014.0
dino_pre2016,alexandrium_catenella,DINO_TAXON,semantic_cooccurrence,mass_spectrometry,DETECTION_METHOD,1,STX_DOC_000322,2013.0,2013.0
dino_pre2016,alexandrium_catenella,DINO_TAXON,semantic_cooccurrence,mouse_bioassay,DETECTION_METHOD,2,STX_DOC_000588;STX_DOC_000589,2003.0,2003.0
dino_pre2016,alexandrium_catenella,DINO_TAXON,semantic_cooccurrence,nitrate,ENV_FACTOR,1,STX_DOC_000219,2010.0,2010.0
dino_pre2016,alexandrium_catenella,DINO_TAXON,semantic_cooccurrence,nitrogen,ENV_FACTOR,1,STX_DOC_000841,2012.0,2012.0
dino_pre2016,alexandrium_catenella,DINO_TAXON,semantic_cooccurrence,nutrient,ENV_FACTOR,4,STX_DOC_000165;STX_DOC_000583;STX_DOC_000584;STX_DOC_000841,2005.0,2013.0
dino_pre2016,alexandrium_catenella,DINO_TAXON,semantic_cooccurrence,nutrients,ENV_FACTOR,3,STX_DOC_000583;STX_DOC_000584;STX_DOC_000841,2005.0,2012.0
dino_pre2016,alexandrium_catenella,DINO_TAXON,semantic_cooccurrence,phosphorus,ENV_FACTOR,2,STX_DOC_000841;STX_DOC_001181,2006.0,2012.0
dino_pre2016,alexandrium_catenella,DINO_TAXON,semantic_cooccurrence,pyrodinium,DINO_TAXON,1,STX_DOC_000828,2015.0,2015.0
dino_pre2016,alexandrium_catenella,DINO_TAXON,semantic_cooccurrence,pyrodinium_bahamense,DINO_TAXON,1,STX_DOC_000828,2015.0,2015.0
dino_pre2016,alexandrium_catenella,DINO_TAXON,semantic_cooccurrence,salinity,ENV_FACTOR,1,STX_DOC_000165,2013.0,2013.0
dino_pre2016,alexandrium_catenella,DINO_TAXON,semantic_cooccurrence,temperature,ENV_FACTOR,2,STX_DOC_000165;STX_DOC_000219,2010.0,2013.0
dino_pre2016,alexandrium_catenella,DINO_TAXON,taxon_associated_with_process,biosynthesis,BIOLOGICAL_PROCESS,4,STX_DOC_000040;STX_DOC_000093;STX_DOC_000275;STX_DOC_000322,2013.0,2015.0
dino_pre2016,alexandrium_catenella,DINO_TAXON,taxon_associated_with_process,environmental_regulation,BIOLOGICAL_PROCESS,1,STX_DOC_000219,2010.0,2010.0
dino_pre2016,alexandrium_catenella,DINO_TAXON,taxon_associated_with_process,evolution,BIOLOGICAL_PROCESS,2,STX_DOC_000093;STX_DOC_000645,2014.0,2014.0
dino_pre2016,alexandrium_catenella,DINO_TAXON,taxon_associated_with_process,expression,BIOLOGICAL_PROCESS,7,STX_DOC_000040;STX_DOC_000093;STX_DOC_000583;STX_DOC_000584;STX_DOC_000645;STX_DOC_000734;STX_DOC_001308,2005.0,2014.0
dino_pre2016,alexandrium_catenella,DINO_TAXON,taxon_associated_with_process,gene_expression,BIOLOGICAL_PROCESS,3,STX_DOC_000093;STX_DOC_000645;STX_DOC_001308,2007.0,2014.0
dino_pre2016,alexandrium_catenella,DINO_TAXON,taxon_associated_with_process,harmful_algal_bloom,BIOLOGICAL_PROCESS,2,STX_DOC_000053;STX_DOC_000942,2011.0,2013.0
dino_pre2016,alexandrium_catenella,DINO_TAXON,taxon_associated_with_process,phylogenetic,BIOLOGICAL_PROCESS,2,STX_DOC_000583;STX_DOC_000584,2005.0,2005.0
dino_pre2016,alexandrium_catenella,DINO_TAXON,taxon_associated_with_process,regulation,BIOLOGICAL_PROCESS,3,STX_DOC_000093;STX_DOC_000219;STX_DOC_000275,2010.0,2015.0
dino_pre2016,alexandrium_catenella,DINO_TAXON,taxon_associated_with_process,saxitoxin_biosynthesis,BIOLOGICAL_PROCESS,1,STX_DOC_000093,2014.0,2014.0
dino_pre2016,alexandrium_catenella,DINO_TAXON,taxon_associated_with_process,toxicity,BIOLOGICAL_PROCESS,8,STX_DOC_000215;STX_DOC_000219;STX_DOC_000588;STX_DOC_000589;STX_DOC_000672;STX_DOC_000741;STX_DOC_000761;STX_DOC_000841,1998.0,2015.0
dino_pre2016,alexandrium_catenella,DINO_TAXON,taxon_associated_with_process,toxin_biosynthesis,BIOLOGICAL_PROCESS,2,STX_DOC_000040;STX_DOC_000322,2013.0,2014.0
dino_pre2016,alexandrium_catenella,DINO_TAXON,taxon_associated_with_process,toxin_production,BIOLOGICAL_PROCESS,7,STX_DOC_000152;STX_DOC_000351;STX_DOC_000588;STX_DOC_000589;STX_DOC_000841;STX_DOC_001181;STX_DOC_001308,1988.0,2012.0
dino_pre2016,alexandrium_catenella,DINO_TAXON,taxon_associated_with_process,transcription,BIOLOGICAL_PROCESS,1,STX_DOC_000093,2014.0,2014.0
dino_pre2016,alexandrium_catenella,DINO_TAXON,taxon_associated_with_process,transcriptome,BIOLOGICAL_PROCESS,1,STX_DOC_000040,2014.0,2014.0
dino_pre2016,alexandrium_catenella,DINO_TAXON,taxon_associated_with_process,transcriptomic,BIOLOGICAL_PROCESS,1,STX_DOC_000275,2015.0,2015.0
dino_pre2016,alexandrium_fundyense,DINO_TAXON,semantic_cooccurrence,biosensor,DETECTION_METHOD,2,STX_DOC_000959;STX_DOC_000961,2005.0,2006.0
dino_pre2016,alexandrium_fundyense,DINO_TAXON,semantic_cooccurrence,bloom,ENV_FACTOR,8,STX_DOC_000129;STX_DOC_000196;STX_DOC_000487;STX_DOC_000508;STX_DOC_000561;STX_DOC_000565;STX_DOC_001175;STX_DOC_001736,1990.0,2015.0
dino_pre2016,alexandrium_fundyense,DINO_TAXON,semantic_cooccurrence,climate,ENV_FACTOR,3,STX_DOC_000487;STX_DOC_000561;STX_DOC_000937,2014.0,2015.0
dino_pre2016,alexandrium_fundyense,DINO_TAXON,semantic_cooccurrence,cyanobacteria,CYANO_TAXON,3,STX_DOC_000052;STX_DOC_000186,2011.0,2013.0
dino_pre2016,alexandrium_fundyense,DINO_TAXON,semantic_cooccurrence,gymnodinium,DINO_TAXON,1,STX_DOC_000052,2013.0,2013.0
dino_pre2016,alexandrium_fundyense,DINO_TAXON,semantic_cooccurrence,gymnodinium_catenatum,DINO_TAXON,1,STX_DOC_000052,2013.0,2013.0
dino_pre2016,alexandrium_fundyense,DINO_TAXON,semantic_cooccurrence,harmful_algal_bloom,ENV_FACTOR,1,STX_DOC_000508,2003.0,2003.0
dino_pre2016,alexandrium_fundyense,DINO_TAXON,semantic_cooccurrence,hplc,DETECTION_METHOD,1,STX_DOC_000196,1990.0,1990.0
dino_pre2016,alexandrium_fundyense,DINO_TAXON,semantic_cooccurrence,irradiance,ENV_FACTOR,1,STX_DOC_000391,2001.0,2001.0
dino_pre2016,alexandrium_fundyense,DINO_TAXON,semantic_cooccurrence,light,ENV_FACTOR,3,STX_DOC_000300;STX_DOC_000565;STX_DOC_000979,1997.0,2013.0
dino_pre2016,alexandrium_fundyense,DINO_TAXON,semantic_cooccurrence,nitrate,ENV_FACTOR,2,STX_DOC_000444;STX_DOC_001749,2000.0,2002.0
dino_pre2016,alexandrium_fundyense,DINO_TAXON,semantic_cooccurrence,nitrogen,ENV_FACTOR,4,STX_DOC_000254;STX_DOC_000444;STX_DOC_000561;STX_DOC_000565,1990.0,2015.0
dino_pre2016,alexandrium_fundyense,DINO_TAXON,semantic_cooccurrence,nitrogen_limitation,ENV_FACTOR,1,STX_DOC_000561,2015.0,2015.0
dino_pre2016,alexandrium_fundyense,DINO_TAXON,semantic_cooccurrence,nutrient,ENV_FACTOR,7,STX_DOC_000074;STX_DOC_000098;STX_DOC_000254;STX_DOC_000444;STX_DOC_000561;STX_DOC_001736;STX_DOC_001749,1990.0,2015.0
dino_pre2016,alexandrium_fundyense,DINO_TAXON,semantic_cooccurrence,nutrients,ENV_FACTOR,2,STX_DOC_000444;STX_DOC_000565,2002.0,2013.0
dino_pre2016,alexandrium_fundyense,DINO_TAXON,semantic_cooccurrence,phosphate,ENV_FACTOR,3,STX_DOC_000074;STX_DOC_000098;STX_DOC_000300,1998.0,1999.0
dino_pre2016,alexandrium_fundyense,DINO_TAXON,semantic_cooccurrence,phosphorus,ENV_FACTOR,2,STX_DOC_000254;STX_DOC_000444,1990.0,2002.0
dino_pre2016,alexandrium_fundyense,DINO_TAXON,semantic_cooccurrence,temperature,ENV_FACTOR,3,STX_DOC_000074;STX_DOC_000098;STX_DOC_000300,1998.0,1999.0
dino_pre2016,alexandrium_fundyense,DINO_TAXON,semantic_cooccurrence,warming,ENV_FACTOR,1,STX_DOC_000831,2014.0,2014.0
dino_pre2016,alexandrium_fundyense,DINO_TAXON,taxon_associated_with_process,biosynthesis,BIOLOGICAL_PROCESS,6,STX_DOC_000052;STX_DOC_000074;STX_DOC_000093;STX_DOC_000098;STX_DOC_000300;STX_DOC_000831,1998.0,2014.0
dino_pre2016,alexandrium_fundyense,DINO_TAXON,taxon_associated_with_process,evolution,BIOLOGICAL_PROCESS,1,STX_DOC_000093,2014.0,2014.0
dino_pre2016,alexandrium_fundyense,DINO_TAXON,taxon_associated_with_process,expression,BIOLOGICAL_PROCESS,3,STX_DOC_000093;STX_DOC_000484;STX_DOC_000831,2014.0,2015.0
dino_pre2016,alexandrium_fundyense,DINO_TAXON,taxon_associated_with_process,gene_duplication,BIOLOGICAL_PROCESS,1,STX_DOC_000831,2014.0,2014.0
dino_pre2016,alexandrium_fundyense,DINO_TAXON,taxon_associated_with_process,gene_expression,BIOLOGICAL_PROCESS,1,STX_DOC_000093,2014.0,2014.0
dino_pre2016,alexandrium_fundyense,DINO_TAXON,taxon_associated_with_process,horizontal_gene_transfer,BIOLOGICAL_PROCESS,1,STX_DOC_000052,2013.0,2013.0
dino_pre2016,alexandrium_fundyense,DINO_TAXON,taxon_associated_with_process,phylogenetic,BIOLOGICAL_PROCESS,2,STX_DOC_000052;STX_DOC_000485,2013.0,2015.0
dino_pre2016,alexandrium_fundyense,DINO_TAXON,taxon_associated_with_process,polyketide_synthase,BIOLOGICAL_PROCESS,1,STX_DOC_000485,2015.0,2015.0
dino_pre2016,alexandrium_fundyense,DINO_TAXON,taxon_associated_with_process,regulation,BIOLOGICAL_PROCESS,3,STX_DOC_000093;STX_DOC_000300;STX_DOC_000565,1998.0,2014.0
dino_pre2016,alexandrium_fundyense,DINO_TAXON,taxon_associated_with_process,saxitoxin_biosynthesis,BIOLOGICAL_PROCESS,5,STX_DOC_000052;STX_DOC_000074;STX_DOC_000093;STX_DOC_000098;STX_DOC_000300,1998.0,2014.0
dino_pre2016,alexandrium_fundyense,DINO_TAXON,taxon_associated_with_process,toxicity,BIOLOGICAL_PROCESS,13,STX_DOC_000074;STX_DOC_000098;STX_DOC_000129;STX_DOC_000196;STX_DOC_000300;STX_DOC_000485;STX_DOC_000487;STX_DOC_000508;STX_DOC_000561;STX_DOC_000937;STX_DOC_001047;STX_DOC_001736;STX_DOC_001749,1990.0,2015.0
dino_pre2016,alexandrium_fundyense,DINO_TAXON,taxon_associated_with_process,toxin_biosynthesis,BIOLOGICAL_PROCESS,2,STX_DOC_000074;STX_DOC_000098,1999.0,1999.0
dino_pre2016,alexandrium_fundyense,DINO_TAXON,taxon_associated_with_process,toxin_production,BIOLOGICAL_PROCESS,7,STX_DOC_000074;STX_DOC_000098;STX_DOC_000300;STX_DOC_000565;STX_DOC_000979;STX_DOC_001046;STX_DOC_001047,1997.0,2015.0
dino_pre2016,alexandrium_fundyense,DINO_TAXON,taxon_associated_with_process,transcription,BIOLOGICAL_PROCESS,1,STX_DOC_000093,2014.0,2014.0
dino_pre2016,alexandrium_fundyense,DINO_TAXON,taxon_associated_with_process,transcriptome,BIOLOGICAL_PROCESS,3,STX_DOC_000186;STX_DOC_000565;STX_DOC_000831,2011.0,2014.0
dino_pre2016,alexandrium_fundyense,DINO_TAXON,taxon_associated_with_process,transcriptomic,BIOLOGICAL_PROCESS,1,STX_DOC_000565,2013.0,2013.0
dino_pre2016,alexandrium_leei,DINO_TAXON,taxon_associated_with_process,phylogeny,BIOLOGICAL_PROCESS,1,STX_DOC_000562,2014.0,2014.0
dino_pre2016,alexandrium_minutum,DINO_TAXON,semantic_cooccurrence,alexandrium_fundyense,DINO_TAXON,1,STX_DOC_000052,2013.0,2013.0
dino_pre2016,alexandrium_minutum,DINO_TAXON,semantic_cooccurrence,alexandrium_ostenfeldii,DINO_TAXON,1,STX_DOC_000568,2012.0,2012.0
dino_pre2016,alexandrium_minutum,DINO_TAXON,semantic_cooccurrence,alexandrium_tamarense,DINO_TAXON,4,STX_DOC_000120;STX_DOC_000192;STX_DOC_000385;STX_DOC_000497,1997.0,2010.0
dino_pre2016,alexandrium_minutum,DINO_TAXON,semantic_cooccurrence,alexandrium_tamiyavanichii,DINO_TAXON,2,STX_DOC_000293;STX_DOC_000437,2006.0,2006.0
dino_pre2016,alexandrium_minutum,DINO_TAXON,semantic_cooccurrence,anabaena,CYANO_TAXON,1,STX_DOC_000082,2003.0,2003.0
dino_pre2016,alexandrium_minutum,DINO_TAXON,semantic_cooccurrence,bloom,ENV_FACTOR,8,STX_DOC_000169;STX_DOC_000250;STX_DOC_000279;STX_DOC_000289;STX_DOC_000435;STX_DOC_000835;STX_DOC_000933;STX_DOC_000940,2003.0,2015.0
dino_pre2016,alexandrium_minutum,DINO_TAXON,semantic_cooccurrence,cyanobacteria,CYANO_TAXON,7,STX_DOC_000052;STX_DOC_000082;STX_DOC_000192;STX_DOC_000385;STX_DOC_000435,2003.0,2013.0
dino_pre2016,alexandrium_minutum,DINO_TAXON,semantic_cooccurrence,gymnodinium,DINO_TAXON,5,STX_DOC_000052;STX_DOC_000082;STX_DOC_000188;STX_DOC_000250;STX_DOC_000351,1988.0,2013.0
dino_pre2016,alexandrium_minutum,DINO_TAXON,semantic_cooccurrence,gymnodinium_catenatum,DINO_TAXON,4,STX_DOC_000052;STX_DOC_000082;STX_DOC_000250;STX_DOC_000351,1988.0,2013.0
dino_pre2016,alexandrium_minutum,DINO_TAXON,semantic_cooccurrence,harmful_algal_bloom,ENV_FACTOR,1,STX_DOC_000289,2006.0,2006.0
dino_pre2016,alexandrium_minutum,DINO_TAXON,semantic_cooccurrence,hplc,DETECTION_METHOD,9,STX_DOC_000081;STX_DOC_000169;STX_DOC_000192;STX_DOC_000250;STX_DOC_000293;STX_DOC_000327;STX_DOC_000351;STX_DOC_000569;STX_DOC_000576,1988.0,2012.0
dino_pre2016,alexandrium_minutum,DINO_TAXON,semantic_cooccurrence,irradiance,ENV_FACTOR,2,STX_DOC_000279;STX_DOC_000437,2006.0,2014.0
dino_pre2016,alexandrium_minutum,DINO_TAXON,semantic_cooccurrence,lc_ms,DETECTION_METHOD,1,STX_DOC_000569,2012.0,2012.0
dino_pre2016,alexandrium_minutum,DINO_TAXON,semantic_cooccurrence,lc_ms_ms,DETECTION_METHOD,1,STX_DOC_000569,2012.0,2012.0
dino_pre2016,alexandrium_minutum,DINO_TAXON,semantic_cooccurrence,light,ENV_FACTOR,6,STX_DOC_000213;STX_DOC_000345;STX_DOC_000435;STX_DOC_000437;STX_DOC_000669;STX_DOC_001077,2000.0,2015.0
dino_pre2016,alexandrium_minutum,DINO_TAXON,semantic_cooccurrence,mouse_bioassay,DETECTION_METHOD,3,STX_DOC_000081;STX_DOC_000250;STX_DOC_000569,2003.0,2012.0
dino_pre2016,alexandrium_minutum,DINO_TAXON,semantic_cooccurrence,nitrate,ENV_FACTOR,6,STX_DOC_000063;STX_DOC_000189;STX_DOC_000345;STX_DOC_000436;STX_DOC_000437;STX_DOC_000571,1994.0,2011.0
dino_pre2016,alexandrium_minutum,DINO_TAXON,semantic_cooccurrence,nitrogen,ENV_FACTOR,6,STX_DOC_000024;STX_DOC_000063;STX_DOC_000189;STX_DOC_000436;STX_DOC_000571;STX_DOC_000974,1994.0,2014.0
dino_pre2016,alexandrium_minutum,DINO_TAXON,semantic_cooccurrence,nutrient,ENV_FACTOR,8,STX_DOC_000024;STX_DOC_000063;STX_DOC_000336;STX_DOC_000435;STX_DOC_000436;STX_DOC_000759;STX_DOC_000872;STX_DOC_000974,1994.0,2014.0
dino_pre2016,alexandrium_minutum,DINO_TAXON,semantic_cooccurrence,nutrients,ENV_FACTOR,2,STX_DOC_000345;STX_DOC_000974,1999.0,2000.0
dino_pre2016,alexandrium_minutum,DINO_TAXON,semantic_cooccurrence,phosphate,ENV_FACTOR,5,STX_DOC_000063;STX_DOC_000189;STX_DOC_000345;STX_DOC_000436;STX_DOC_000759,1994.0,2008.0
dino_pre2016,alexandrium_minutum,DINO_TAXON,semantic_cooccurrence,phosphorus,ENV_FACTOR,5,STX_DOC_000024;STX_DOC_000063;STX_DOC_000759;STX_DOC_000872;STX_DOC_000974,1994.0,2014.0
dino_pre2016,alexandrium_minutum,DINO_TAXON,semantic_cooccurrence,phosphorus_limitation,ENV_FACTOR,2,STX_DOC_000759;STX_DOC_000872,2000.0,2002.0
dino_pre2016,alexandrium_minutum,DINO_TAXON,semantic_cooccurrence,protoceratium,DINO_TAXON,1,STX_DOC_000568,2012.0,2012.0
dino_pre2016,alexandrium_minutum,DINO_TAXON,semantic_cooccurrence,protoceratium_reticulatum,DINO_TAXON,1,STX_DOC_000568,2012.0,2012.0
dino_pre2016,alexandrium_minutum,DINO_TAXON,semantic_cooccurrence,pyrodinium,DINO_TAXON,2,STX_DOC_000126;STX_DOC_000293,2006.0,2015.0
dino_pre2016,alexandrium_minutum,DINO_TAXON,semantic_cooccurrence,pyrodinium_bahamense,DINO_TAXON,1,STX_DOC_000293,2006.0,2006.0
dino_pre2016,alexandrium_minutum,DINO_TAXON,semantic_cooccurrence,salinity,ENV_FACTOR,3,STX_DOC_000336;STX_DOC_000345;STX_DOC_001082,2000.0,2004.0
dino_pre2016,alexandrium_minutum,DINO_TAXON,semantic_cooccurrence,temperature,ENV_FACTOR,4,STX_DOC_000213;STX_DOC_000279;STX_DOC_000345;STX_DOC_000437,2000.0,2015.0
dino_pre2016,alexandrium_minutum,DINO_TAXON,taxon_associated_with_process,biosynthesis,BIOLOGICAL_PROCESS,5,STX_DOC_000024;STX_DOC_000052;STX_DOC_000329;STX_DOC_000336;STX_DOC_000497,2003.0,2014.0
dino_pre2016,alexandrium_minutum,DINO_TAXON,taxon_associated_with_process,evolution,BIOLOGICAL_PROCESS,2,STX_DOC_000081;STX_DOC_000250,2003.0,2008.0
dino_pre2016,alexandrium_minutum,DINO_TAXON,taxon_associated_with_process,expression,BIOLOGICAL_PROCESS,6,STX_DOC_000024;STX_DOC_000329;STX_DOC_000385;STX_DOC_000435;STX_DOC_000941;STX_DOC_001058,2005.0,2014.0
dino_pre2016,alexandrium_minutum,DINO_TAXON,taxon_associated_with_process,gene_expression,BIOLOGICAL_PROCESS,5,STX_DOC_000024;STX_DOC_000385;STX_DOC_000435;STX_DOC_000941;STX_DOC_001058,2009.0,2014.0
dino_pre2016,alexandrium_minutum,DINO_TAXON,taxon_associated_with_process,harmful_algal_bloom,BIOLOGICAL_PROCESS,1,STX_DOC_000329,2005.0,2005.0
dino_pre2016,alexandrium_minutum,DINO_TAXON,taxon_associated_with_process,horizontal_gene_transfer,BIOLOGICAL_PROCESS,1,STX_DOC_000052,2013.0,2013.0
dino_pre2016,alexandrium_minutum,DINO_TAXON,taxon_associated_with_process,phylogenetic,BIOLOGICAL_PROCESS,2,STX_DOC_000052;STX_DOC_000169,2005.0,2013.0
dino_pre2016,alexandrium_minutum,DINO_TAXON,taxon_associated_with_process,regulation,BIOLOGICAL_PROCESS,5,STX_DOC_000063;STX_DOC_000126;STX_DOC_000385;STX_DOC_000435;STX_DOC_000497,1994.0,2015.0
dino_pre2016,alexandrium_minutum,DINO_TAXON,taxon_associated_with_process,saxitoxin_biosynthesis,BIOLOGICAL_PROCESS,1,STX_DOC_000052,2013.0,2013.0
dino_pre2016,alexandrium_minutum,DINO_TAXON,taxon_associated_with_process,toxicity,BIOLOGICAL_PROCESS,16,STX_DOC_000081;STX_DOC_000120;STX_DOC_000147;STX_DOC_000149;STX_DOC_000150;STX_DOC_000169;STX_DOC_000189;STX_DOC_000250;STX_DOC_000293;STX_DOC_000327;STX_DOC_000345;STX_DOC_000497;STX_DOC_000518;STX_DOC_000568;STX_DOC_000571;STX_DOC_000870,1994.0,2012.0
dino_pre2016,alexandrium_minutum,DINO_TAXON,taxon_associated_with_process,toxin_biosynthesis,BIOLOGICAL_PROCESS,3,STX_DOC_000329;STX_DOC_000336;STX_DOC_000497,2003.0,2010.0
dino_pre2016,alexandrium_minutum,DINO_TAXON,taxon_associated_with_process,toxin_production,BIOLOGICAL_PROCESS,15,STX_DOC_000024;STX_DOC_000120;STX_DOC_000189;STX_DOC_000289;STX_DOC_000327;STX_DOC_000345;STX_DOC_000351;STX_DOC_000385;STX_DOC_000436;STX_DOC_000437;STX_DOC_000497;STX_DOC_000571;STX_DOC_000759;STX_DOC_000872;STX_DOC_001073,1988.0,2014.0
dino_pre2016,alexandrium_minutum,DINO_TAXON,taxon_associated_with_process,transcription,BIOLOGICAL_PROCESS,1,STX_DOC_000835,2013.0,2013.0
dino_pre2016,alexandrium_minutum,DINO_TAXON,taxon_associated_with_process,transcriptome,BIOLOGICAL_PROCESS,2,STX_DOC_000435;STX_DOC_000941,2009.0,2014.0
dino_pre2016,alexandrium_minutum,DINO_TAXON,taxon_associated_with_process,transcriptomic,BIOLOGICAL_PROCESS,1,STX_DOC_000435,2009.0,2009.0
dino_pre2016,alexandrium_ostenfeldii,DINO_TAXON,semantic_cooccurrence,bloom,ENV_FACTOR,2,STX_DOC_000277;STX_DOC_000282,2012.0,2014.0
dino_pre2016,alexandrium_ostenfeldii,DINO_TAXON,semantic_cooccurrence,climate,ENV_FACTOR,1,STX_DOC_000282,2012.0,2012.0
dino_pre2016,alexandrium_ostenfeldii,DINO_TAXON,semantic_cooccurrence,cyanobacteria,CYANO_TAXON,1,STX_DOC_000277,2014.0,2014.0
dino_pre2016,alexandrium_ostenfeldii,DINO_TAXON,semantic_cooccurrence,gymnodinium,DINO_TAXON,1,STX_DOC_000375,2015.0,2015.0
dino_pre2016,alexandrium_ostenfeldii,DINO_TAXON,semantic_cooccurrence,harmful_algal_bloom,ENV_FACTOR,1,STX_DOC_000277,2014.0,2014.0
dino_pre2016,alexandrium_ostenfeldii,DINO_TAXON,semantic_cooccurrence,hplc,DETECTION_METHOD,3,STX_DOC_000211;STX_DOC_000347;STX_DOC_000375,1996.0,2015.0
dino_pre2016,alexandrium_ostenfeldii,DINO_TAXON,semantic_cooccurrence,lc_ms,DETECTION_METHOD,2,STX_DOC_000572;STX_DOC_001740,2006.0,2010.0
dino_pre2016,alexandrium_ostenfeldii,DINO_TAXON,semantic_cooccurrence,light,ENV_FACTOR,1,STX_DOC_000572,2010.0,2010.0
dino_pre2016,alexandrium_ostenfeldii,DINO_TAXON,semantic_cooccurrence,liquid_chromatography,DETECTION_METHOD,1,STX_DOC_001740,2006.0,2006.0
dino_pre2016,alexandrium_ostenfeldii,DINO_TAXON,semantic_cooccurrence,mass_spectrometry,DETECTION_METHOD,3,STX_DOC_000486;STX_DOC_000572;STX_DOC_001740,2006.0,2015.0
dino_pre2016,alexandrium_ostenfeldii,DINO_TAXON,semantic_cooccurrence,mouse_bioassay,DETECTION_METHOD,1,STX_DOC_000253,1992.0,1992.0
dino_pre2016,alexandrium_ostenfeldii,DINO_TAXON,semantic_cooccurrence,protoceratium,DINO_TAXON,1,STX_DOC_000568,2012.0,2012.0
dino_pre2016,alexandrium_ostenfeldii,DINO_TAXON,semantic_cooccurrence,protoceratium_reticulatum,DINO_TAXON,1,STX_DOC_000568,2012.0,2012.0
dino_pre2016,alexandrium_ostenfeldii,DINO_TAXON,semantic_cooccurrence,salinity,ENV_FACTOR,2,STX_DOC_000125;STX_DOC_000572,2010.0,2015.0
dino_pre2016,alexandrium_ostenfeldii,DINO_TAXON,semantic_cooccurrence,temperature,ENV_FACTOR,2,STX_DOC_000125;STX_DOC_000282,2012.0,2015.0
dino_pre2016,alexandrium_ostenfeldii,DINO_TAXON,semantic_cooccurrence,warming,ENV_FACTOR,1,STX_DOC_000125,2015.0,2015.0
dino_pre2016,alexandrium_ostenfeldii,DINO_TAXON,taxon_associated_with_process,phylogenetic,BIOLOGICAL_PROCESS,1,STX_DOC_000211,2015.0,2015.0
dino_pre2016,alexandrium_ostenfeldii,DINO_TAXON,taxon_associated_with_process,phylogeny,BIOLOGICAL_PROCESS,1,STX_DOC_000211,2015.0,2015.0
dino_pre2016,alexandrium_ostenfeldii,DINO_TAXON,taxon_associated_with_process,resting_cyst,BIOLOGICAL_PROCESS,1,STX_DOC_000347,1996.0,1996.0
dino_pre2016,alexandrium_ostenfeldii,DINO_TAXON,taxon_associated_with_process,toxicity,BIOLOGICAL_PROCESS,7,STX_DOC_000125;STX_DOC_000253;STX_DOC_000282;STX_DOC_000347;STX_DOC_000375;STX_DOC_000568;STX_DOC_000572,1992.0,2015.0
dino_pre2016,alexandrium_ostenfeldii,DINO_TAXON,taxon_associated_with_process,toxin_production,BIOLOGICAL_PROCESS,3,STX_DOC_000125;STX_DOC_000572;STX_DOC_001159,2010.0,2015.0
dino_pre2016,alexandrium_tamarense,DINO_TAXON,semantic_cooccurrence,alexandrium_fundyense,DINO_TAXON,1,STX_DOC_000508,2003.0,2003.0
dino_pre2016,alexandrium_tamarense,DINO_TAXON,semantic_cooccurrence,anabaena,CYANO_TAXON,4,STX_DOC_000280;STX_DOC_000325;STX_DOC_000348;STX_DOC_000431,1996.0,2014.0
dino_pre2016,alexandrium_tamarense,DINO_TAXON,semantic_cooccurrence,biosensor,DETECTION_METHOD,1,STX_DOC_000972,2000.0,2000.0
dino_pre2016,alexandrium_tamarense,DINO_TAXON,semantic_cooccurrence,bloom,ENV_FACTOR,17,STX_DOC_000035;STX_DOC_000036;STX_DOC_000053;STX_DOC_000078;STX_DOC_000285;STX_DOC_000321;STX_DOC_000505;STX_DOC_000508;STX_DOC_000590;STX_DOC_000658;STX_DOC_000668;STX_DOC_000758;STX_DOC_000949;STX_DOC_000965;STX_DOC_000983;STX_DOC_001203;STX_DOC_001733,1992.0,2015.0
dino_pre2016,alexandrium_tamarense,DINO_TAXON,semantic_cooccurrence,cyanobacteria,CYANO_TAXON,10,STX_DOC_000113;STX_DOC_000192;STX_DOC_000280;STX_DOC_000325;STX_DOC_000348;STX_DOC_000385;STX_DOC_000431,1996.0,2015.0
dino_pre2016,alexandrium_tamarense,DINO_TAXON,semantic_cooccurrence,environmental_stress,ENV_FACTOR,1,STX_DOC_000062,1999.0,1999.0
dino_pre2016,alexandrium_tamarense,DINO_TAXON,semantic_cooccurrence,gymnodinium,DINO_TAXON,6,STX_DOC_000035;STX_DOC_000036;STX_DOC_000053;STX_DOC_000127;STX_DOC_000573;STX_DOC_000663,2004.0,2014.0
dino_pre2016,alexandrium_tamarense,DINO_TAXON,semantic_cooccurrence,gymnodinium_catenatum,DINO_TAXON,6,STX_DOC_000035;STX_DOC_000036;STX_DOC_000053;STX_DOC_000127;STX_DOC_000573;STX_DOC_000663,2004.0,2014.0
dino_pre2016,alexandrium_tamarense,DINO_TAXON,semantic_cooccurrence,harmful_algal_bloom,ENV_FACTOR,3,STX_DOC_000053;STX_DOC_000321;STX_DOC_000508,2003.0,2013.0
dino_pre2016,alexandrium_tamarense,DINO_TAXON,semantic_cooccurrence,hplc,DETECTION_METHOD,20,STX_DOC_000035;STX_DOC_000036;STX_DOC_000062;STX_DOC_000192;STX_DOC_000251;STX_DOC_000280;STX_DOC_000332;STX_DOC_000334;STX_DOC_000348;STX_DOC_000429;STX_DOC_000501;STX_DOC_000502;STX_DOC_000514;STX_DOC_000591;STX_DOC_000668;STX_DOC_000730;STX_DOC_000857;STX_DOC_000973;STX_DOC_000975;STX_DOC_001733,1996.0,2014.0
dino_pre2016,alexandrium_tamarense,DINO_TAXON,semantic_cooccurrence,lc_ms,DETECTION_METHOD,1,STX_DOC_000280,2013.0,2013.0
dino_pre2016,alexandrium_tamarense,DINO_TAXON,semantic_cooccurrence,lc_ms_ms,DETECTION_METHOD,1,STX_DOC_000280,2013.0,2013.0
dino_pre2016,alexandrium_tamarense,DINO_TAXON,semantic_cooccurrence,light,ENV_FACTOR,6,STX_DOC_000062;STX_DOC_000667;STX_DOC_000668;STX_DOC_000674;STX_DOC_000755;STX_DOC_001157,1997.0,2013.0
dino_pre2016,alexandrium_tamarense,DINO_TAXON,semantic_cooccurrence,liquid_chromatography,DETECTION_METHOD,3,STX_DOC_000730;STX_DOC_000973;STX_DOC_000975,1999.0,2013.0
dino_pre2016,alexandrium_tamarense,DINO_TAXON,semantic_cooccurrence,mass_spectrometry,DETECTION_METHOD,4,STX_DOC_000187;STX_DOC_000348;STX_DOC_000573;STX_DOC_000658,1996.0,2010.0
dino_pre2016,alexandrium_tamarense,DINO_TAXON,semantic_cooccurrence,mouse_bioassay,DETECTION_METHOD,9,STX_DOC_000127;STX_DOC_000332;STX_DOC_000334;STX_DOC_000350;STX_DOC_000591;STX_DOC_000958;STX_DOC_000973;STX_DOC_000975;STX_DOC_001203,1992.0,2014.0
dino_pre2016,alexandrium_tamarense,DINO_TAXON,semantic_cooccurrence,nitrate,ENV_FACTOR,8,STX_DOC_000062;STX_DOC_000219;STX_DOC_000285;STX_DOC_000590;STX_DOC_000674;STX_DOC_001733;STX_DOC_001741;STX_DOC_001744,1997.0,2012.0
dino_pre2016,alexandrium_tamarense,DINO_TAXON,semantic_cooccurrence,nitrogen,ENV_FACTOR,7,STX_DOC_000062;STX_DOC_000113;STX_DOC_000285;STX_DOC_000321;STX_DOC_000590;STX_DOC_001742;STX_DOC_001744,1999.0,2015.0
dino_pre2016,alexandrium_tamarense,DINO_TAXON,semantic_cooccurrence,nitrogen_limitation,ENV_FACTOR,1,STX_DOC_000113,2015.0,2015.0
dino_pre2016,alexandrium_tamarense,DINO_TAXON,semantic_cooccurrence,nutrient,ENV_FACTOR,7,STX_DOC_000078;STX_DOC_000113;STX_DOC_000285;STX_DOC_000321;STX_DOC_000657;STX_DOC_001742;STX_DOC_001744,2004.0,2015.0
dino_pre2016,alexandrium_tamarense,DINO_TAXON,semantic_cooccurrence,nutrients,ENV_FACTOR,2,STX_DOC_001733;STX_DOC_001746,2003.0,2012.0
dino_pre2016,alexandrium_tamarense,DINO_TAXON,semantic_cooccurrence,phosphate,ENV_FACTOR,2,STX_DOC_001733;STX_DOC_001741,2006.0,2012.0
dino_pre2016,alexandrium_tamarense,DINO_TAXON,semantic_cooccurrence,phosphorus,ENV_FACTOR,3,STX_DOC_000113;STX_DOC_000321;STX_DOC_001742,2006.0,2015.0
dino_pre2016,alexandrium_tamarense,DINO_TAXON,semantic_cooccurrence,salinity,ENV_FACTOR,2,STX_DOC_000062;STX_DOC_000667,1999.0,2001.0
dino_pre2016,alexandrium_tamarense,DINO_TAXON,semantic_cooccurrence,temperature,ENV_FACTOR,7,STX_DOC_000219;STX_DOC_000294;STX_DOC_000295;STX_DOC_000442;STX_DOC_000667;STX_DOC_000973;STX_DOC_000975,1999.0,2010.0
dino_pre2016,alexandrium_tamarense,DINO_TAXON,taxon_associated_with_process,biosynthesis,BIOLOGICAL_PROCESS,6,STX_DOC_000050;STX_DOC_000113;STX_DOC_000184;STX_DOC_000251;STX_DOC_000497;STX_DOC_000983,1992.0,2015.0
dino_pre2016,alexandrium_tamarense,DINO_TAXON,taxon_associated_with_process,environmental_regulation,BIOLOGICAL_PROCESS,1,STX_DOC_000219,2010.0,2010.0
dino_pre2016,alexandrium_tamarense,DINO_TAXON,taxon_associated_with_process,evolution,BIOLOGICAL_PROCESS,2,STX_DOC_000184;STX_DOC_000325,2009.0,2013.0
dino_pre2016,alexandrium_tamarense,DINO_TAXON,taxon_associated_with_process,expression,BIOLOGICAL_PROCESS,5,STX_DOC_000113;STX_DOC_000184;STX_DOC_000325;STX_DOC_000385;STX_DOC_000955,2009.0,2015.0
dino_pre2016,alexandrium_tamarense,DINO_TAXON,taxon_associated_with_process,gene_expression,BIOLOGICAL_PROCESS,3,STX_DOC_000184;STX_DOC_000325;STX_DOC_000385,2009.0,2013.0
dino_pre2016,alexandrium_tamarense,DINO_TAXON,taxon_associated_with_process,harmful_algal_bloom,BIOLOGICAL_PROCESS,2,STX_DOC_000053;STX_DOC_000442,2003.0,2011.0
dino_pre2016,alexandrium_tamarense,DINO_TAXON,taxon_associated_with_process,phylogenetic,BIOLOGICAL_PROCESS,5,STX_DOC_000187;STX_DOC_000325;STX_DOC_000331;STX_DOC_000663;STX_DOC_000829,2005.0,2015.0
dino_pre2016,alexandrium_tamarense,DINO_TAXON,taxon_associated_with_process,phylogeny,BIOLOGICAL_PROCESS,1,STX_DOC_000429,2014.0,2014.0
dino_pre2016,alexandrium_tamarense,DINO_TAXON,taxon_associated_with_process,regulation,BIOLOGICAL_PROCESS,7,STX_DOC_000184;STX_DOC_000219;STX_DOC_000325;STX_DOC_000385;STX_DOC_000497;STX_DOC_000939;STX_DOC_001742,2006.0,2014.0
dino_pre2016,alexandrium_tamarense,DINO_TAXON,taxon_associated_with_process,resting_cyst,BIOLOGICAL_PROCESS,1,STX_DOC_000983,1992.0,1992.0
dino_pre2016,alexandrium_tamarense,DINO_TAXON,taxon_associated_with_process,saxitoxin_biosynthesis,BIOLOGICAL_PROCESS,1,STX_DOC_000837,2013.0,2013.0
dino_pre2016,alexandrium_tamarense,DINO_TAXON,taxon_associated_with_process,toxicity,BIOLOGICAL_PROCESS,36,STX_DOC_000035;STX_DOC_000036;STX_DOC_000050;STX_DOC_000062;STX_DOC_000078;STX_DOC_000120;STX_DOC_000127;STX_DOC_000187;STX_DOC_000219;STX_DOC_000294;STX_DOC_000295;STX_DOC_000296;STX_DOC_000331;STX_DOC_000332;STX_DOC_000334;STX_DOC_000350;STX_DOC_000430;STX_DOC_000447;STX_DOC_000497;STX_DOC_000501;STX_DOC_000502;STX_DOC_000505;STX_DOC_000508;STX_DOC_000590;STX_DOC_000660;STX_DOC_000667;STX_DOC_000674;STX_DOC_000675;STX_DOC_000737;STX_DOC_000939;STX_DOC_000958;STX_DOC_000972;STX_DOC_001080;STX_DOC_001093;STX_DOC_001733;STX_DOC_001744,1992.0,2015.0
dino_pre2016,alexandrium_tamarense,DINO_TAXON,taxon_associated_with_process,toxin_biosynthesis,BIOLOGICAL_PROCESS,2,STX_DOC_000113;STX_DOC_000497,2010.0,2015.0
dino_pre2016,alexandrium_tamarense,DINO_TAXON,taxon_associated_with_process,toxin_production,BIOLOGICAL_PROCESS,16,STX_DOC_000062;STX_DOC_000120;STX_DOC_000184;STX_DOC_000187;STX_DOC_000251;STX_DOC_000340;STX_DOC_000341;STX_DOC_000343;STX_DOC_000385;STX_DOC_000497;STX_DOC_000667;STX_DOC_000674;STX_DOC_001733;STX_DOC_001741;STX_DOC_001744;STX_DOC_001746,1997.0,2013.0
dino_pre2016,alexandrium_tamarense,DINO_TAXON,taxon_associated_with_process,transcriptomic,BIOLOGICAL_PROCESS,2,STX_DOC_000184;STX_DOC_000939,2013.0,2014.0
dino_pre2016,alexandrium_tamiyavanichii,DINO_TAXON,semantic_cooccurrence,cyanobacteria,CYANO_TAXON,1,STX_DOC_000070,2012.0,2012.0
dino_pre2016,alexandrium_tamiyavanichii,DINO_TAXON,semantic_cooccurrence,hplc,DETECTION_METHOD,4,STX_DOC_000193;STX_DOC_000194;STX_DOC_000293;STX_DOC_000741,2002.0,2008.0
dino_pre2016,alexandrium_tamiyavanichii,DINO_TAXON,semantic_cooccurrence,irradiance,ENV_FACTOR,1,STX_DOC_000437,2006.0,2006.0
dino_pre2016,alexandrium_tamiyavanichii,DINO_TAXON,semantic_cooccurrence,light,ENV_FACTOR,1,STX_DOC_000437,2006.0,2006.0
dino_pre2016,alexandrium_tamiyavanichii,DINO_TAXON,semantic_cooccurrence,nitrate,ENV_FACTOR,1,STX_DOC_000437,2006.0,2006.0
dino_pre2016,alexandrium_tamiyavanichii,DINO_TAXON,semantic_cooccurrence,pyrodinium,DINO_TAXON,1,STX_DOC_000293,2006.0,2006.0
dino_pre2016,alexandrium_tamiyavanichii,DINO_TAXON,semantic_cooccurrence,pyrodinium_bahamense,DINO_TAXON,1,STX_DOC_000293,2006.0,2006.0
dino_pre2016,alexandrium_tamiyavanichii,DINO_TAXON,semantic_cooccurrence,temperature,ENV_FACTOR,1,STX_DOC_000437,2006.0,2006.0
dino_pre2016,alexandrium_tamiyavanichii,DINO_TAXON,taxon_associated_with_process,biosynthesis,BIOLOGICAL_PROCESS,1,STX_DOC_000070,2012.0,2012.0
dino_pre2016,alexandrium_tamiyavanichii,DINO_TAXON,taxon_associated_with_process,saxitoxin_biosynthesis,BIOLOGICAL_PROCESS,1,STX_DOC_000070,2012.0,2012.0
dino_pre2016,alexandrium_tamiyavanichii,DINO_TAXON,taxon_associated_with_process,toxicity,BIOLOGICAL_PROCESS,5,STX_DOC_000193;STX_DOC_000194;STX_DOC_000293;STX_DOC_000433;STX_DOC_000741,2002.0,2010.0
dino_pre2016,alexandrium_tamiyavanichii,DINO_TAXON,taxon_associated_with_process,toxin_production,BIOLOGICAL_PROCESS,1,STX_DOC_000437,2006.0,2006.0
dino_pre2016,anabaena,CYANO_TAXON,semantic_cooccurrence,bloom,ENV_FACTOR,2,STX_DOC_000071;STX_DOC_000769,1994.0,2010.0
dino_pre2016,anabaena,CYANO_TAXON,semantic_cooccurrence,cylindrospermopsis,CYANO_TAXON,3,STX_DOC_000009;STX_DOC_000071;STX_DOC_000072,2009.0,2010.0
dino_pre2016,anabaena,CYANO_TAXON,semantic_cooccurrence,hplc,DETECTION_METHOD,4,STX_DOC_000071;STX_DOC_000280;STX_DOC_000348;STX_DOC_000769,1994.0,2013.0
dino_pre2016,anabaena,CYANO_TAXON,semantic_cooccurrence,lc_ms,DETECTION_METHOD,1,STX_DOC_000280,2013.0,2013.0
dino_pre2016,anabaena,CYANO_TAXON,semantic_cooccurrence,lc_ms_ms,DETECTION_METHOD,1,STX_DOC_000280,2013.0,2013.0
dino_pre2016,anabaena,CYANO_TAXON,semantic_cooccurrence,lyngbya,CYANO_TAXON,2,STX_DOC_000009;STX_DOC_000071,2010.0,2010.0
dino_pre2016,anabaena,CYANO_TAXON,semantic_cooccurrence,mass_spectrometry,DETECTION_METHOD,1,STX_DOC_000348,1996.0,1996.0
dino_pre2016,anabaena,CYANO_TAXON,semantic_cooccurrence,planktothrix,CYANO_TAXON,1,STX_DOC_000009,2010.0,2010.0
dino_pre2016,anabaena,CYANO_TAXON,taxon_associated_with_process,biosynthesis,BIOLOGICAL_PROCESS,3,STX_DOC_000061;STX_DOC_000071;STX_DOC_000072,2009.0,2010.0
dino_pre2016,anabaena,CYANO_TAXON,taxon_associated_with_process,evolution,BIOLOGICAL_PROCESS,2,STX_DOC_000061;STX_DOC_000325,2009.0,2009.0
dino_pre2016,anabaena,CYANO_TAXON,taxon_associated_with_process,expression,BIOLOGICAL_PROCESS,2,STX_DOC_000072;STX_DOC_000325,2009.0,2009.0
dino_pre2016,anabaena,CYANO_TAXON,taxon_associated_with_process,gene_expression,BIOLOGICAL_PROCESS,1,STX_DOC_000325,2009.0,2009.0
dino_pre2016,anabaena,CYANO_TAXON,taxon_associated_with_process,horizontal_gene_transfer,BIOLOGICAL_PROCESS,1,STX_DOC_000061,2009.0,2009.0
dino_pre2016,anabaena,CYANO_TAXON,taxon_associated_with_process,phylogenetic,BIOLOGICAL_PROCESS,2,STX_DOC_000061;STX_DOC_000325,2009.0,2009.0
dino_pre2016,anabaena,CYANO_TAXON,taxon_associated_with_process,phylogeny,BIOLOGICAL_PROCESS,1,STX_DOC_000061,2009.0,2009.0
dino_pre2016,anabaena,CYANO_TAXON,taxon_associated_with_process,regulation,BIOLOGICAL_PROCESS,1,STX_DOC_000325,2009.0,2009.0
dino_pre2016,anabaena,CYANO_TAXON,taxon_associated_with_process,saxitoxin_biosynthesis,BIOLOGICAL_PROCESS,1,STX_DOC_000072,2009.0,2009.0
dino_pre2016,anabaena,CYANO_TAXON,taxon_associated_with_process,toxicity,BIOLOGICAL_PROCESS,1,STX_DOC_000009,2010.0,2010.0
dino_pre2016,anabaena,CYANO_TAXON,taxon_associated_with_process,toxin_biosynthesis,BIOLOGICAL_PROCESS,1,STX_DOC_000061,2009.0,2009.0
dino_pre2016,aphanizomenon,CYANO_TAXON,semantic_cooccurrence,anabaena,CYANO_TAXON,3,STX_DOC_000009;STX_DOC_000061;STX_DOC_000071,2009.0,2010.0
dino_pre2016,aphanizomenon,CYANO_TAXON,semantic_cooccurrence,bloom,ENV_FACTOR,1,STX_DOC_000071,2010.0,2010.0
dino_pre2016,aphanizomenon,CYANO_TAXON,semantic_cooccurrence,cylindrospermopsis,CYANO_TAXON,2,STX_DOC_000009;STX_DOC_000071,2010.0,2010.0
dino_pre2016,aphanizomenon,CYANO_TAXON,semantic_cooccurrence,hplc,DETECTION_METHOD,3,STX_DOC_000071;STX_DOC_000599;STX_DOC_000600,1994.0,2010.0
dino_pre2016,aphanizomenon,CYANO_TAXON,semantic_cooccurrence,lyngbya,CYANO_TAXON,2,STX_DOC_000009;STX_DOC_000071,2010.0,2010.0
dino_pre2016,aphanizomenon,CYANO_TAXON,semantic_cooccurrence,mass_spectrometry,DETECTION_METHOD,2,STX_DOC_000599;STX_DOC_000600,1994.0,1994.0
dino_pre2016,aphanizomenon,CYANO_TAXON,semantic_cooccurrence,planktothrix,CYANO_TAXON,1,STX_DOC_000009,2010.0,2010.0
dino_pre2016,aphanizomenon,CYANO_TAXON,taxon_associated_with_process,biosynthesis,BIOLOGICAL_PROCESS,2,STX_DOC_000061;STX_DOC_000071,2009.0,2010.0
dino_pre2016,aphanizomenon,CYANO_TAXON,taxon_associated_with_process,evolution,BIOLOGICAL_PROCESS,1,STX_DOC_000061,2009.0,2009.0
dino_pre2016,aphanizomenon,CYANO_TAXON,taxon_associated_with_process,horizontal_gene_transfer,BIOLOGICAL_PROCESS,1,STX_DOC_000061,2009.0,2009.0
dino_pre2016,aphanizomenon,CYANO_TAXON,taxon_associated_with_process,phylogenetic,BIOLOGICAL_PROCESS,1,STX_DOC_000061,2009.0,2009.0
dino_pre2016,aphanizomenon,CYANO_TAXON,taxon_associated_with_process,phylogeny,BIOLOGICAL_PROCESS,1,STX_DOC_000061,2009.0,2009.0
dino_pre2016,aphanizomenon,CYANO_TAXON,taxon_associated_with_process,toxicity,BIOLOGICAL_PROCESS,1,STX_DOC_000009,2010.0,2010.0
dino_pre2016,aphanizomenon,CYANO_TAXON,taxon_associated_with_process,toxin_biosynthesis,BIOLOGICAL_PROCESS,1,STX_DOC_000061,2009.0,2009.0
dino_pre2016,biosensor,DETECTION_METHOD,semantic_cooccurrence,harmful_algal_bloom,BIOLOGICAL_PROCESS,1,STX_DOC_000942,2013.0,2013.0
dino_pre2016,biosynthesis,BIOLOGICAL_PROCESS,environment_associated_with_process,nitrogen_limitation,ENV_FACTOR,1,STX_DOC_000113,2015.0,2015.0
dino_pre2016,biosynthesis,BIOLOGICAL_PROCESS,semantic_cooccurrence,chemical_analysis,DETECTION_METHOD,1,STX_DOC_000971,2000.0,2000.0
dino_pre2016,biosynthesis,BIOLOGICAL_PROCESS,semantic_cooccurrence,evolution,BIOLOGICAL_PROCESS,7,STX_DOC_000028;STX_DOC_000061;STX_DOC_000093;STX_DOC_000184;STX_DOC_000379;STX_DOC_001071;STX_DOC_001735,2009.0,2015.0
dino_pre2016,biosynthesis,BIOLOGICAL_PROCESS,semantic_cooccurrence,expression,BIOLOGICAL_PROCESS,9,STX_DOC_000024;STX_DOC_000040;STX_DOC_000072;STX_DOC_000093;STX_DOC_000113;STX_DOC_000184;STX_DOC_000329;STX_DOC_000756;STX_DOC_000831,2003.0,2015.0
dino_pre2016,biosynthesis,BIOLOGICAL_PROCESS,semantic_cooccurrence,gene_duplication,BIOLOGICAL_PROCESS,2,STX_DOC_000028;STX_DOC_000831,2014.0,2015.0
dino_pre2016,biosynthesis,BIOLOGICAL_PROCESS,semantic_cooccurrence,gene_expression,BIOLOGICAL_PROCESS,3,STX_DOC_000024;STX_DOC_000093;STX_DOC_000184,2013.0,2014.0
dino_pre2016,biosynthesis,BIOLOGICAL_PROCESS,semantic_cooccurrence,gene_loss,BIOLOGICAL_PROCESS,1,STX_DOC_001735,2011.0,2011.0
dino_pre2016,biosynthesis,BIOLOGICAL_PROCESS,semantic_cooccurrence,harmful_algal_bloom,BIOLOGICAL_PROCESS,1,STX_DOC_000329,2005.0,2005.0
dino_pre2016,biosynthesis,BIOLOGICAL_PROCESS,semantic_cooccurrence,horizontal_gene_transfer,BIOLOGICAL_PROCESS,5,STX_DOC_000052;STX_DOC_000061;STX_DOC_000379;STX_DOC_000577;STX_DOC_001735,2008.0,2013.0
dino_pre2016,biosynthesis,BIOLOGICAL_PROCESS,semantic_cooccurrence,hplc,DETECTION_METHOD,2,STX_DOC_000071;STX_DOC_000251,2002.0,2010.0
dino_pre2016,biosynthesis,BIOLOGICAL_PROCESS,semantic_cooccurrence,mass_spectrometry,DETECTION_METHOD,1,STX_DOC_000322,2013.0,2013.0
dino_pre2016,biosynthesis,BIOLOGICAL_PROCESS,semantic_cooccurrence,mouse_bioassay,DETECTION_METHOD,1,STX_DOC_000971,2000.0,2000.0
dino_pre2016,biosynthesis,BIOLOGICAL_PROCESS,semantic_cooccurrence,phylogenetic,BIOLOGICAL_PROCESS,6,STX_DOC_000022;STX_DOC_000052;STX_DOC_000061;STX_DOC_000131;STX_DOC_000577;STX_DOC_000756,2003.0,2013.0
dino_pre2016,biosynthesis,BIOLOGICAL_PROCESS,semantic_cooccurrence,phylogeny,BIOLOGICAL_PROCESS,5,STX_DOC_000022;STX_DOC_000028;STX_DOC_000061;STX_DOC_000380;STX_DOC_000577,2008.0,2015.0
dino_pre2016,biosynthesis,BIOLOGICAL_PROCESS,semantic_cooccurrence,polyketide_synthase,BIOLOGICAL_PROCESS,1,STX_DOC_000756,2003.0,2003.0
dino_pre2016,biosynthesis,BIOLOGICAL_PROCESS,semantic_cooccurrence,regulation,BIOLOGICAL_PROCESS,5,STX_DOC_000093;STX_DOC_000184;STX_DOC_000275;STX_DOC_000300;STX_DOC_000497,1998.0,2015.0
dino_pre2016,biosynthesis,BIOLOGICAL_PROCESS,semantic_cooccurrence,resting_cyst,BIOLOGICAL_PROCESS,1,STX_DOC_000983,1992.0,1992.0
dino_pre2016,biosynthesis,BIOLOGICAL_PROCESS,semantic_cooccurrence,saxitoxin_biosynthesis,BIOLOGICAL_PROCESS,13,STX_DOC_000022;STX_DOC_000028;STX_DOC_000052;STX_DOC_000070;STX_DOC_000072;STX_DOC_000074;STX_DOC_000093;STX_DOC_000098;STX_DOC_000131;STX_DOC_000300;STX_DOC_000379;STX_DOC_000380;STX_DOC_000577,1998.0,2015.0
dino_pre2016,biosynthesis,BIOLOGICAL_PROCESS,semantic_cooccurrence,toxicity,BIOLOGICAL_PROCESS,6,STX_DOC_000050;STX_DOC_000074;STX_DOC_000098;STX_DOC_000300;STX_DOC_000497;STX_DOC_000971,1998.0,2015.0
dino_pre2016,biosynthesis,BIOLOGICAL_PROCESS,semantic_cooccurrence,toxin_biosynthesis,BIOLOGICAL_PROCESS,10,STX_DOC_000006;STX_DOC_000040;STX_DOC_000061;STX_DOC_000074;STX_DOC_000098;STX_DOC_000113;STX_DOC_000322;STX_DOC_000329;STX_DOC_000336;STX_DOC_000497,1999.0,2015.0
dino_pre2016,biosynthesis,BIOLOGICAL_PROCESS,semantic_cooccurrence,toxin_production,BIOLOGICAL_PROCESS,8,STX_DOC_000006;STX_DOC_000024;STX_DOC_000074;STX_DOC_000098;STX_DOC_000184;STX_DOC_000251;STX_DOC_000300;STX_DOC_000497,1998.0,2015.0
dino_pre2016,biosynthesis,BIOLOGICAL_PROCESS,semantic_cooccurrence,transcription,BIOLOGICAL_PROCESS,1,STX_DOC_000093,2014.0,2014.0
dino_pre2016,biosynthesis,BIOLOGICAL_PROCESS,semantic_cooccurrence,transcriptome,BIOLOGICAL_PROCESS,2,STX_DOC_000040;STX_DOC_000831,2014.0,2014.0
dino_pre2016,biosynthesis,BIOLOGICAL_PROCESS,semantic_cooccurrence,transcriptomic,BIOLOGICAL_PROCESS,2,STX_DOC_000184;STX_DOC_000275,2013.0,2015.0
dino_pre2016,bloom,ENV_FACTOR,environment_associated_with_process,biosynthesis,BIOLOGICAL_PROCESS,3,STX_DOC_000006;STX_DOC_000071;STX_DOC_000983,1992.0,2015.0
dino_pre2016,bloom,ENV_FACTOR,environment_associated_with_process,bloom_dynamics,BIOLOGICAL_PROCESS,1,STX_DOC_001094,1997.0,1997.0
dino_pre2016,bloom,ENV_FACTOR,environment_associated_with_process,evolution,BIOLOGICAL_PROCESS,1,STX_DOC_000250,2003.0,2003.0
dino_pre2016,bloom,ENV_FACTOR,environment_associated_with_process,expression,BIOLOGICAL_PROCESS,3,STX_DOC_000435;STX_DOC_000833;STX_DOC_001162,2009.0,2013.0
dino_pre2016,bloom,ENV_FACTOR,environment_associated_with_process,gene_expression,BIOLOGICAL_PROCESS,1,STX_DOC_000435,2009.0,2009.0
dino_pre2016,bloom,ENV_FACTOR,environment_associated_with_process,harmful_algal_bloom,BIOLOGICAL_PROCESS,6,STX_DOC_000053;STX_DOC_000642;STX_DOC_000738;STX_DOC_000848;STX_DOC_000942;STX_DOC_001202,1997.0,2015.0
dino_pre2016,bloom,ENV_FACTOR,environment_associated_with_process,phylogenetic,BIOLOGICAL_PROCESS,4,STX_DOC_000169;STX_DOC_000335;STX_DOC_001193;STX_DOC_001194,2002.0,2005.0
dino_pre2016,bloom,ENV_FACTOR,environment_associated_with_process,phylogeny,BIOLOGICAL_PROCESS,1,STX_DOC_000967,2003.0,2003.0
dino_pre2016,bloom,ENV_FACTOR,environment_associated_with_process,regulation,BIOLOGICAL_PROCESS,5,STX_DOC_000142;STX_DOC_000435;STX_DOC_000565;STX_DOC_000582;STX_DOC_000743,2006.0,2013.0
dino_pre2016,bloom,ENV_FACTOR,environment_associated_with_process,resting_cyst,BIOLOGICAL_PROCESS,2,STX_DOC_000776;STX_DOC_000983,1982.0,1992.0
dino_pre2016,bloom,ENV_FACTOR,environment_associated_with_process,secondary_metabolism,BIOLOGICAL_PROCESS,1,STX_DOC_000142,2012.0,2012.0
dino_pre2016,bloom,ENV_FACTOR,environment_associated_with_process,toxicity,BIOLOGICAL_PROCESS,29,STX_DOC_000035;STX_DOC_000036;STX_DOC_000078;STX_DOC_000129;STX_DOC_000142;STX_DOC_000169;STX_DOC_000196;STX_DOC_000215;STX_DOC_000250;STX_DOC_000282;STX_DOC_000335;STX_DOC_000428;STX_DOC_000487;STX_DOC_000505;STX_DOC_000508;STX_DOC_000561;STX_DOC_000581;STX_DOC_000590;STX_DOC_000642;STX_DOC_000677;STX_DOC_000761;STX_DOC_000765;STX_DOC_000773;STX_DOC_000776;STX_DOC_000848;STX_DOC_000875;STX_DOC_001173;STX_DOC_001733;STX_DOC_001736,1982.0,2015.0
dino_pre2016,bloom,ENV_FACTOR,environment_associated_with_process,toxin_biosynthesis,BIOLOGICAL_PROCESS,1,STX_DOC_000006,2015.0,2015.0
dino_pre2016,bloom,ENV_FACTOR,environment_associated_with_process,toxin_production,BIOLOGICAL_PROCESS,5,STX_DOC_000006;STX_DOC_000142;STX_DOC_000289;STX_DOC_000565;STX_DOC_001733,2006.0,2015.0
dino_pre2016,bloom,ENV_FACTOR,environment_associated_with_process,transcription,BIOLOGICAL_PROCESS,1,STX_DOC_000835,2013.0,2013.0
dino_pre2016,bloom,ENV_FACTOR,environment_associated_with_process,transcriptome,BIOLOGICAL_PROCESS,2,STX_DOC_000435;STX_DOC_000565,2009.0,2013.0
dino_pre2016,bloom,ENV_FACTOR,environment_associated_with_process,transcriptomic,BIOLOGICAL_PROCESS,2,STX_DOC_000435;STX_DOC_000565,2009.0,2013.0
dino_pre2016,bloom,ENV_FACTOR,semantic_cooccurrence,biosensor,DETECTION_METHOD,1,STX_DOC_000942,2013.0,2013.0
dino_pre2016,bloom,ENV_FACTOR,semantic_cooccurrence,elisa,DETECTION_METHOD,4,STX_DOC_000287;STX_DOC_000288;STX_DOC_000290;STX_DOC_000292,2006.0,2008.0
dino_pre2016,bloom,ENV_FACTOR,semantic_cooccurrence,harmful_algal_bloom,ENV_FACTOR,11,STX_DOC_000053;STX_DOC_000277;STX_DOC_000287;STX_DOC_000288;STX_DOC_000289;STX_DOC_000321;STX_DOC_000508;STX_DOC_000642;STX_DOC_000738;STX_DOC_000942;STX_DOC_001052,2003.0,2015.0
dino_pre2016,bloom,ENV_FACTOR,semantic_cooccurrence,hplc,DETECTION_METHOD,18,STX_DOC_000035;STX_DOC_000036;STX_DOC_000071;STX_DOC_000142;STX_DOC_000169;STX_DOC_000196;STX_DOC_000250;STX_DOC_000287;STX_DOC_000288;STX_DOC_000290;STX_DOC_000292;STX_DOC_000438;STX_DOC_000668;STX_DOC_000677;STX_DOC_000769;STX_DOC_000848;STX_DOC_000853;STX_DOC_001733,1990.0,2012.0
dino_pre2016,bloom,ENV_FACTOR,semantic_cooccurrence,lc_ms,DETECTION_METHOD,2,STX_DOC_000290;STX_DOC_000292,2006.0,2006.0
dino_pre2016,bloom,ENV_FACTOR,semantic_cooccurrence,mass_spectrometry,DETECTION_METHOD,4,STX_DOC_000290;STX_DOC_000292;STX_DOC_000658;STX_DOC_000738,2006.0,2012.0
dino_pre2016,bloom,ENV_FACTOR,semantic_cooccurrence,mouse_bioassay,DETECTION_METHOD,9,STX_DOC_000250;STX_DOC_000290;STX_DOC_000292;STX_DOC_000581;STX_DOC_000765;STX_DOC_000776;STX_DOC_000848;STX_DOC_001203;STX_DOC_001401,1982.0,2010.0
dino_pre2016,bloom,ENV_FACTOR,semantic_cooccurrence,nitrogen_limitation,ENV_FACTOR,1,STX_DOC_000561,2015.0,2015.0
dino_pre2016,climate,ENV_FACTOR,environment_associated_with_process,biosynthesis,BIOLOGICAL_PROCESS,1,STX_DOC_000006,2015.0,2015.0
dino_pre2016,climate,ENV_FACTOR,environment_associated_with_process,toxicity,BIOLOGICAL_PROCESS,5,STX_DOC_000282;STX_DOC_000487;STX_DOC_000561;STX_DOC_000765;STX_DOC_000937,1998.0,2015.0
dino_pre2016,climate,ENV_FACTOR,environment_associated_with_process,toxin_biosynthesis,BIOLOGICAL_PROCESS,1,STX_DOC_000006,2015.0,2015.0
dino_pre2016,climate,ENV_FACTOR,environment_associated_with_process,toxin_production,BIOLOGICAL_PROCESS,1,STX_DOC_000006,2015.0,2015.0
dino_pre2016,climate,ENV_FACTOR,semantic_cooccurrence,bloom,ENV_FACTOR,6,STX_DOC_000006;STX_DOC_000282;STX_DOC_000487;STX_DOC_000511;STX_DOC_000561;STX_DOC_000765,1998.0,2015.0
dino_pre2016,climate,ENV_FACTOR,semantic_cooccurrence,mouse_bioassay,DETECTION_METHOD,1,STX_DOC_000765,1998.0,1998.0
dino_pre2016,climate,ENV_FACTOR,semantic_cooccurrence,nitrogen_limitation,ENV_FACTOR,1,STX_DOC_000561,2015.0,2015.0
dino_pre2016,cyanobacteria,CYANO_TAXON,semantic_cooccurrence,anabaena,CYANO_TAXON,18,STX_DOC_000009;STX_DOC_000061;STX_DOC_000071;STX_DOC_000072;STX_DOC_000082;STX_DOC_000280;STX_DOC_000325;STX_DOC_000348;STX_DOC_000431;STX_DOC_000769,1994.0,2014.0
dino_pre2016,cyanobacteria,CYANO_TAXON,semantic_cooccurrence,aphanizomenon,CYANO_TAXON,7,STX_DOC_000009;STX_DOC_000061;STX_DOC_000071;STX_DOC_000599;STX_DOC_000600,1994.0,2010.0
dino_pre2016,cyanobacteria,CYANO_TAXON,semantic_cooccurrence,bloom,ENV_FACTOR,11,STX_DOC_000006;STX_DOC_000071;STX_DOC_000277;STX_DOC_000435;STX_DOC_000579;STX_DOC_000580;STX_DOC_000769;STX_DOC_000833,1994.0,2015.0
dino_pre2016,cyanobacteria,CYANO_TAXON,semantic_cooccurrence,chemical_analysis,DETECTION_METHOD,1,STX_DOC_000971,2000.0,2000.0
dino_pre2016,cyanobacteria,CYANO_TAXON,semantic_cooccurrence,climate,ENV_FACTOR,2,STX_DOC_000006,2015.0,2015.0
dino_pre2016,cyanobacteria,CYANO_TAXON,semantic_cooccurrence,cylindrospermopsis,CYANO_TAXON,11,STX_DOC_000007;STX_DOC_000009;STX_DOC_000071;STX_DOC_000072;STX_DOC_000490;STX_DOC_000491,2009.0,2015.0
dino_pre2016,cyanobacteria,CYANO_TAXON,semantic_cooccurrence,elisa,DETECTION_METHOD,1,STX_DOC_000850,2009.0,2009.0
dino_pre2016,cyanobacteria,CYANO_TAXON,semantic_cooccurrence,harmful_algal_bloom,ENV_FACTOR,1,STX_DOC_000277,2014.0,2014.0
dino_pre2016,cyanobacteria,CYANO_TAXON,semantic_cooccurrence,hplc,DETECTION_METHOD,16,STX_DOC_000051;STX_DOC_000071;STX_DOC_000080;STX_DOC_000116;STX_DOC_000166;STX_DOC_000192;STX_DOC_000280;STX_DOC_000348;STX_DOC_000599;STX_DOC_000600;STX_DOC_000769;STX_DOC_000850,1994.0,2014.0
dino_pre2016,cyanobacteria,CYANO_TAXON,semantic_cooccurrence,lc_ms,DETECTION_METHOD,3,STX_DOC_000007;STX_DOC_000280,2013.0,2015.0
dino_pre2016,cyanobacteria,CYANO_TAXON,semantic_cooccurrence,lc_ms_ms,DETECTION_METHOD,3,STX_DOC_000007;STX_DOC_000280,2013.0,2015.0
dino_pre2016,cyanobacteria,CYANO_TAXON,semantic_cooccurrence,light,ENV_FACTOR,3,STX_DOC_000040;STX_DOC_000435,2009.0,2014.0
dino_pre2016,cyanobacteria,CYANO_TAXON,semantic_cooccurrence,lyngbya,CYANO_TAXON,6,STX_DOC_000009;STX_DOC_000071;STX_DOC_000166,2010.0,2012.0
dino_pre2016,cyanobacteria,CYANO_TAXON,semantic_cooccurrence,mass_spectrometry,DETECTION_METHOD,9,STX_DOC_000007;STX_DOC_000166;STX_DOC_000322;STX_DOC_000348;STX_DOC_000599;STX_DOC_000600,1994.0,2015.0
dino_pre2016,cyanobacteria,CYANO_TAXON,semantic_cooccurrence,mouse_bioassay,DETECTION_METHOD,3,STX_DOC_000850;STX_DOC_000971;STX_DOC_001737,2000.0,2010.0
dino_pre2016,cyanobacteria,CYANO_TAXON,semantic_cooccurrence,nitrate,ENV_FACTOR,1,STX_DOC_000856,2006.0,2006.0
dino_pre2016,cyanobacteria,CYANO_TAXON,semantic_cooccurrence,nitrogen,ENV_FACTOR,4,STX_DOC_000113;STX_DOC_000850;STX_DOC_000856;STX_DOC_001735,2006.0,2015.0
dino_pre2016,cyanobacteria,CYANO_TAXON,semantic_cooccurrence,nitrogen_limitation,ENV_FACTOR,1,STX_DOC_000113,2015.0,2015.0
dino_pre2016,cyanobacteria,CYANO_TAXON,semantic_cooccurrence,nutrient,ENV_FACTOR,4,STX_DOC_000006;STX_DOC_000113;STX_DOC_000435,2009.0,2015.0
dino_pre2016,cyanobacteria,CYANO_TAXON,semantic_cooccurrence,phosphorus,ENV_FACTOR,1,STX_DOC_000113,2015.0,2015.0
dino_pre2016,cyanobacteria,CYANO_TAXON,semantic_cooccurrence,planktothrix,CYANO_TAXON,2,STX_DOC_000009,2010.0,2010.0
dino_pre2016,cyanobacteria,CYANO_TAXON,semantic_cooccurrence,salinity,ENV_FACTOR,1,STX_DOC_000856,2006.0,2006.0
dino_pre2016,cyanobacteria,CYANO_TAXON,semantic_cooccurrence,scytonema,CYANO_TAXON,2,STX_DOC_000323,2011.0,2011.0
dino_pre2016,cyanobacteria,CYANO_TAXON,taxon_associated_with_process,biosynthesis,BIOLOGICAL_PROCESS,25,STX_DOC_000006;STX_DOC_000022;STX_DOC_000040;STX_DOC_000052;STX_DOC_000061;STX_DOC_000070;STX_DOC_000071;STX_DOC_000072;STX_DOC_000113;STX_DOC_000131;STX_DOC_000275;STX_DOC_000322;STX_DOC_000379;STX_DOC_000577;STX_DOC_000971;STX_DOC_001071;STX_DOC_001735,2000.0,2015.0
dino_pre2016,cyanobacteria,CYANO_TAXON,taxon_associated_with_process,evolution,BIOLOGICAL_PROCESS,9,STX_DOC_000061;STX_DOC_000068;STX_DOC_000325;STX_DOC_000379;STX_DOC_001071;STX_DOC_001735,2009.0,2013.0
dino_pre2016,cyanobacteria,CYANO_TAXON,taxon_associated_with_process,expression,BIOLOGICAL_PROCESS,16,STX_DOC_000007;STX_DOC_000040;STX_DOC_000072;STX_DOC_000113;STX_DOC_000325;STX_DOC_000385;STX_DOC_000435;STX_DOC_000833;STX_DOC_001284;STX_DOC_001300,2009.0,2015.0
dino_pre2016,cyanobacteria,CYANO_TAXON,taxon_associated_with_process,gene_expression,BIOLOGICAL_PROCESS,5,STX_DOC_000325;STX_DOC_000385;STX_DOC_000435,2009.0,2010.0
dino_pre2016,cyanobacteria,CYANO_TAXON,taxon_associated_with_process,gene_loss,BIOLOGICAL_PROCESS,1,STX_DOC_001735,2011.0,2011.0
dino_pre2016,cyanobacteria,CYANO_TAXON,taxon_associated_with_process,harmful_algal_bloom,BIOLOGICAL_PROCESS,1,STX_DOC_000598,1995.0,1995.0
dino_pre2016,cyanobacteria,CYANO_TAXON,taxon_associated_with_process,horizontal_gene_transfer,BIOLOGICAL_PROCESS,6,STX_DOC_000052;STX_DOC_000061;STX_DOC_000379;STX_DOC_000577;STX_DOC_001735,2008.0,2013.0
dino_pre2016,cyanobacteria,CYANO_TAXON,taxon_associated_with_process,phylogenetic,BIOLOGICAL_PROCESS,13,STX_DOC_000022;STX_DOC_000052;STX_DOC_000061;STX_DOC_000131;STX_DOC_000323;STX_DOC_000325;STX_DOC_000490;STX_DOC_000491;STX_DOC_000577,2008.0,2013.0
dino_pre2016,cyanobacteria,CYANO_TAXON,taxon_associated_with_process,phylogeny,BIOLOGICAL_PROCESS,4,STX_DOC_000022;STX_DOC_000061;STX_DOC_000577,2008.0,2012.0
dino_pre2016,cyanobacteria,CYANO_TAXON,taxon_associated_with_process,regulation,BIOLOGICAL_PROCESS,6,STX_DOC_000275;STX_DOC_000325;STX_DOC_000385;STX_DOC_000435,2009.0,2015.0
dino_pre2016,cyanobacteria,CYANO_TAXON,taxon_associated_with_process,saxitoxin_biosynthesis,BIOLOGICAL_PROCESS,12,STX_DOC_000022;STX_DOC_000052;STX_DOC_000070;STX_DOC_000072;STX_DOC_000131;STX_DOC_000379;STX_DOC_000577,2008.0,2013.0
dino_pre2016,cyanobacteria,CYANO_TAXON,taxon_associated_with_process,toxicity,BIOLOGICAL_PROCESS,9,STX_DOC_000009;STX_DOC_000490;STX_DOC_000491;STX_DOC_000598;STX_DOC_000850;STX_DOC_000856;STX_DOC_000971;STX_DOC_001737,1995.0,2013.0
dino_pre2016,cyanobacteria,CYANO_TAXON,taxon_associated_with_process,toxin_biosynthesis,BIOLOGICAL_PROCESS,7,STX_DOC_000006;STX_DOC_000040;STX_DOC_000061;STX_DOC_000113;STX_DOC_000322,2009.0,2015.0
dino_pre2016,cyanobacteria,CYANO_TAXON,taxon_associated_with_process,toxin_production,BIOLOGICAL_PROCESS,9,STX_DOC_000006;STX_DOC_000166;STX_DOC_000185;STX_DOC_000338;STX_DOC_000385,2003.0,2015.0
dino_pre2016,cyanobacteria,CYANO_TAXON,taxon_associated_with_process,transcriptome,BIOLOGICAL_PROCESS,7,STX_DOC_000040;STX_DOC_000068;STX_DOC_000186;STX_DOC_000435,2009.0,2014.0
dino_pre2016,cyanobacteria,CYANO_TAXON,taxon_associated_with_process,transcriptomic,BIOLOGICAL_PROCESS,2,STX_DOC_000275;STX_DOC_000435,2009.0,2015.0
dino_pre2016,cylindrospermopsis,CYANO_TAXON,semantic_cooccurrence,bloom,ENV_FACTOR,1,STX_DOC_000071,2010.0,2010.0
dino_pre2016,cylindrospermopsis,CYANO_TAXON,semantic_cooccurrence,hplc,DETECTION_METHOD,1,STX_DOC_000071,2010.0,2010.0
dino_pre2016,cylindrospermopsis,CYANO_TAXON,semantic_cooccurrence,lc_ms,DETECTION_METHOD,1,STX_DOC_000007,2015.0,2015.0
dino_pre2016,cylindrospermopsis,CYANO_TAXON,semantic_cooccurrence,lc_ms_ms,DETECTION_METHOD,1,STX_DOC_000007,2015.0,2015.0
dino_pre2016,cylindrospermopsis,CYANO_TAXON,semantic_cooccurrence,lyngbya,CYANO_TAXON,2,STX_DOC_000009;STX_DOC_000071,2010.0,2010.0
dino_pre2016,cylindrospermopsis,CYANO_TAXON,semantic_cooccurrence,mass_spectrometry,DETECTION_METHOD,1,STX_DOC_000007,2015.0,2015.0
dino_pre2016,cylindrospermopsis,CYANO_TAXON,semantic_cooccurrence,planktothrix,CYANO_TAXON,1,STX_DOC_000009,2010.0,2010.0
dino_pre2016,cylindrospermopsis,CYANO_TAXON,taxon_associated_with_process,biosynthesis,BIOLOGICAL_PROCESS,2,STX_DOC_000071;STX_DOC_000072,2009.0,2010.0
dino_pre2016,cylindrospermopsis,CYANO_TAXON,taxon_associated_with_process,expression,BIOLOGICAL_PROCESS,2,STX_DOC_000007;STX_DOC_000072,2009.0,2015.0
dino_pre2016,cylindrospermopsis,CYANO_TAXON,taxon_associated_with_process,phylogenetic,BIOLOGICAL_PROCESS,2,STX_DOC_000490;STX_DOC_000491,2013.0,2013.0
dino_pre2016,cylindrospermopsis,CYANO_TAXON,taxon_associated_with_process,saxitoxin_biosynthesis,BIOLOGICAL_PROCESS,1,STX_DOC_000072,2009.0,2009.0
dino_pre2016,cylindrospermopsis,CYANO_TAXON,taxon_associated_with_process,toxicity,BIOLOGICAL_PROCESS,3,STX_DOC_000009;STX_DOC_000490;STX_DOC_000491,2010.0,2013.0
dino_pre2016,dinoflagellate,DINO_TAXON,semantic_cooccurrence,alexandrium,DINO_TAXON,263,STX_DOC_000009;STX_DOC_000022;STX_DOC_000024;STX_DOC_000028;STX_DOC_000029;STX_DOC_000030;STX_DOC_000035;STX_DOC_000036;STX_DOC_000040;STX_DOC_000052;STX_DOC_000053;STX_DOC_000062;STX_DOC_000063;STX_DOC_000070;STX_DOC_000074;STX_DOC_000082;STX_DOC_000083;STX_DOC_000093;STX_DOC_000095;STX_DOC_000113;STX_DOC_000120;STX_DOC_000125;STX_DOC_000126;STX_DOC_000127;STX_DOC_000129;STX_DOC_000140;STX_DOC_000147;STX_DOC_000148;STX_DOC_000149;STX_DOC_000150;STX_DOC_000151;STX_DOC_000152;STX_DOC_000165;STX_DOC_000184;STX_DOC_000186;STX_DOC_000188;STX_DOC_000189;STX_DOC_000192;STX_DOC_000193;STX_DOC_000194;STX_DOC_000195;STX_DOC_000196;STX_DOC_000211;STX_DOC_000212;STX_DOC_000213;STX_DOC_000215;STX_DOC_000246;STX_DOC_000250;STX_DOC_000251;STX_DOC_000253;STX_DOC_000254;STX_DOC_000275;STX_DOC_000277;STX_DOC_000279;STX_DOC_000280;STX_DOC_000282;STX_DOC_000285;STX_DOC_000289;STX_DOC_000293;STX_DOC_000294;STX_DOC_000295;STX_DOC_000300;STX_DOC_000317;STX_DOC_000322;STX_DOC_000325;STX_DOC_000327;STX_DOC_000329;STX_DOC_000331;STX_DOC_000332;STX_DOC_000334;STX_DOC_000336;STX_DOC_000340;STX_DOC_000341;STX_DOC_000343;STX_DOC_000345;STX_DOC_000347;STX_DOC_000348;STX_DOC_000350;STX_DOC_000351;STX_DOC_000375;STX_DOC_000380;STX_DOC_000381;STX_DOC_000385;STX_DOC_000391;STX_DOC_000430;STX_DOC_000431;STX_DOC_000433;STX_DOC_000434;STX_DOC_000435;STX_DOC_000436;STX_DOC_000437;STX_DOC_000442;STX_DOC_000444;STX_DOC_000484;STX_DOC_000485;STX_DOC_000486;STX_DOC_000487;STX_DOC_000497;STX_DOC_000498;STX_DOC_000501;STX_DOC_000502;STX_DOC_000505;STX_DOC_000508;STX_DOC_000510;STX_DOC_000511;STX_DOC_000514;STX_DOC_000515;STX_DOC_000516;STX_DOC_000517;STX_DOC_000518;STX_DOC_000561;STX_DOC_000562;STX_DOC_000565;STX_DOC_000567;STX_DOC_000569;STX_DOC_000571;STX_DOC_000572;STX_DOC_000576;STX_DOC_000583;STX_DOC_000584;STX_DOC_000588;STX_DOC_000589;STX_DOC_000590;STX_DOC_000599;STX_DOC_000600;STX_DOC_000643;STX_DOC_000645;STX_DOC_000649;STX_DOC_000657;STX_DOC_000658;STX_DOC_000663;STX_DOC_000665;STX_DOC_000667;STX_DOC_000668;STX_DOC_000669;STX_DOC_000670;STX_DOC_000671;STX_DOC_000672;STX_DOC_000674;STX_DOC_000676;STX_DOC_000677;STX_DOC_000730;STX_DOC_000734;STX_DOC_000737;STX_DOC_000738;STX_DOC_000741;STX_DOC_000755;STX_DOC_000758;STX_DOC_000759;STX_DOC_000760;STX_DOC_000761;STX_DOC_000765;STX_DOC_000829;STX_DOC_000830;STX_DOC_000831;STX_DOC_000857;STX_DOC_000864;STX_DOC_000870;STX_DOC_000872;STX_DOC_000874;STX_DOC_000933;STX_DOC_000937;STX_DOC_000940;STX_DOC_000941;STX_DOC_000955;STX_DOC_000964;STX_DOC_000965;STX_DOC_000967;STX_DOC_000973;STX_DOC_000975;STX_DOC_000976;STX_DOC_000979;STX_DOC_000982;STX_DOC_000983;STX_DOC_000984;STX_DOC_001046;STX_DOC_001047;STX_DOC_001049;STX_DOC_001052;STX_DOC_001056;STX_DOC_001058;STX_DOC_001067;STX_DOC_001073;STX_DOC_001076;STX_DOC_001080;STX_DOC_001085;STX_DOC_001086;STX_DOC_001087;STX_DOC_001088;STX_DOC_001089;STX_DOC_001090;STX_DOC_001092;STX_DOC_001093;STX_DOC_001094;STX_DOC_001095;STX_DOC_001102;STX_DOC_001162;STX_DOC_001173;STX_DOC_001198;STX_DOC_001202;STX_DOC_001274;STX_DOC_001320;STX_DOC_001333;STX_DOC_001335;STX_DOC_001740;STX_DOC_001741;STX_DOC_001742;STX_DOC_001744;STX_DOC_001746,1988.0,2015.0
dino_pre2016,dinoflagellate,DINO_TAXON,semantic_cooccurrence,alexandrium_affine,DINO_TAXON,1,STX_DOC_000864,2003.0,2003.0
dino_pre2016,dinoflagellate,DINO_TAXON,semantic_cooccurrence,alexandrium_catenella,DINO_TAXON,33,STX_DOC_000040;STX_DOC_000053;STX_DOC_000093;STX_DOC_000095;STX_DOC_000152;STX_DOC_000165;STX_DOC_000215;STX_DOC_000246;STX_DOC_000275;STX_DOC_000322;STX_DOC_000351;STX_DOC_000583;STX_DOC_000584;STX_DOC_000588;STX_DOC_000589;STX_DOC_000645;STX_DOC_000672;STX_DOC_000734;STX_DOC_000741;STX_DOC_000758;STX_DOC_000761;STX_DOC_000874;STX_DOC_001056,1988.0,2015.0
dino_pre2016,dinoflagellate,DINO_TAXON,semantic_cooccurrence,alexandrium_fundyense,DINO_TAXON,33,STX_DOC_000052;STX_DOC_000074;STX_DOC_000093;STX_DOC_000129;STX_DOC_000186;STX_DOC_000196;STX_DOC_000254;STX_DOC_000300;STX_DOC_000391;STX_DOC_000444;STX_DOC_000484;STX_DOC_000485;STX_DOC_000487;STX_DOC_000498;STX_DOC_000508;STX_DOC_000516;STX_DOC_000561;STX_DOC_000565;STX_DOC_000831;STX_DOC_000937;STX_DOC_000979;STX_DOC_001046;STX_DOC_001047;STX_DOC_001049;STX_DOC_001086,1990.0,2015.0
dino_pre2016,dinoflagellate,DINO_TAXON,semantic_cooccurrence,alexandrium_leei,DINO_TAXON,1,STX_DOC_000562,2014.0,2014.0
dino_pre2016,dinoflagellate,DINO_TAXON,semantic_cooccurrence,alexandrium_minutum,DINO_TAXON,55,STX_DOC_000024;STX_DOC_000052;STX_DOC_000063;STX_DOC_000082;STX_DOC_000120;STX_DOC_000126;STX_DOC_000147;STX_DOC_000149;STX_DOC_000150;STX_DOC_000188;STX_DOC_000189;STX_DOC_000192;STX_DOC_000213;STX_DOC_000250;STX_DOC_000279;STX_DOC_000289;STX_DOC_000293;STX_DOC_000327;STX_DOC_000329;STX_DOC_000336;STX_DOC_000345;STX_DOC_000351;STX_DOC_000385;STX_DOC_000435;STX_DOC_000436;STX_DOC_000437;STX_DOC_000497;STX_DOC_000510;STX_DOC_000515;STX_DOC_000518;STX_DOC_000569;STX_DOC_000571;STX_DOC_000576;STX_DOC_000669;STX_DOC_000759;STX_DOC_000870;STX_DOC_000872;STX_DOC_000933;STX_DOC_000940;STX_DOC_000941;STX_DOC_001058;STX_DOC_001073;STX_DOC_001089;STX_DOC_001102,1988.0,2015.0
dino_pre2016,dinoflagellate,DINO_TAXON,semantic_cooccurrence,alexandrium_ostenfeldii,DINO_TAXON,13,STX_DOC_000125;STX_DOC_000211;STX_DOC_000253;STX_DOC_000277;STX_DOC_000282;STX_DOC_000347;STX_DOC_000375;STX_DOC_000486;STX_DOC_000572;STX_DOC_001076;STX_DOC_001740,1992.0,2015.0
dino_pre2016,dinoflagellate,DINO_TAXON,semantic_cooccurrence,alexandrium_tamarense,DINO_TAXON,81,STX_DOC_000029;STX_DOC_000030;STX_DOC_000035;STX_DOC_000036;STX_DOC_000053;STX_DOC_000062;STX_DOC_000113;STX_DOC_000120;STX_DOC_000127;STX_DOC_000184;STX_DOC_000192;STX_DOC_000251;STX_DOC_000280;STX_DOC_000285;STX_DOC_000294;STX_DOC_000295;STX_DOC_000317;STX_DOC_000325;STX_DOC_000331;STX_DOC_000332;STX_DOC_000334;STX_DOC_000340;STX_DOC_000341;STX_DOC_000343;STX_DOC_000348;STX_DOC_000350;STX_DOC_000385;STX_DOC_000430;STX_DOC_000431;STX_DOC_000442;STX_DOC_000497;STX_DOC_000501;STX_DOC_000502;STX_DOC_000505;STX_DOC_000508;STX_DOC_000514;STX_DOC_000590;STX_DOC_000657;STX_DOC_000658;STX_DOC_000663;STX_DOC_000667;STX_DOC_000668;STX_DOC_000674;STX_DOC_000730;STX_DOC_000737;STX_DOC_000755;STX_DOC_000758;STX_DOC_000760;STX_DOC_000829;STX_DOC_000857;STX_DOC_000955;STX_DOC_000965;STX_DOC_000973;STX_DOC_000975;STX_DOC_000983;STX_DOC_001067;STX_DOC_001080;STX_DOC_001085;STX_DOC_001087;STX_DOC_001093;STX_DOC_001095;STX_DOC_001741;STX_DOC_001742;STX_DOC_001744;STX_DOC_001746,1992.0,2015.0
dino_pre2016,dinoflagellate,DINO_TAXON,semantic_cooccurrence,alexandrium_tamiyavanichii,DINO_TAXON,8,STX_DOC_000070;STX_DOC_000193;STX_DOC_000194;STX_DOC_000293;STX_DOC_000433;STX_DOC_000437;STX_DOC_000741,2002.0,2012.0
dino_pre2016,dinoflagellate,DINO_TAXON,semantic_cooccurrence,anabaena,CYANO_TAXON,11,STX_DOC_000009;STX_DOC_000061;STX_DOC_000071;STX_DOC_000072;STX_DOC_000082;STX_DOC_000280;STX_DOC_000325;STX_DOC_000348;STX_DOC_000431;STX_DOC_000769,1994.0,2014.0
dino_pre2016,dinoflagellate,DINO_TAXON,semantic_cooccurrence,aphanizomenon,CYANO_TAXON,7,STX_DOC_000009;STX_DOC_000061;STX_DOC_000071;STX_DOC_000599;STX_DOC_000600;STX_DOC_000989;STX_DOC_000990,1968.0,2010.0
dino_pre2016,dinoflagellate,DINO_TAXON,semantic_cooccurrence,biosensor,DETECTION_METHOD,2,STX_DOC_000844;STX_DOC_001152,2011.0,2015.0
dino_pre2016,dinoflagellate,DINO_TAXON,semantic_cooccurrence,bloom,ENV_FACTOR,91,STX_DOC_000006;STX_DOC_000035;STX_DOC_000036;STX_DOC_000053;STX_DOC_000071;STX_DOC_000129;STX_DOC_000141;STX_DOC_000142;STX_DOC_000167;STX_DOC_000196;STX_DOC_000212;STX_DOC_000215;STX_DOC_000246;STX_DOC_000250;STX_DOC_000277;STX_DOC_000279;STX_DOC_000282;STX_DOC_000285;STX_DOC_000289;STX_DOC_000290;STX_DOC_000292;STX_DOC_000335;STX_DOC_000428;STX_DOC_000435;STX_DOC_000438;STX_DOC_000487;STX_DOC_000505;STX_DOC_000508;STX_DOC_000511;STX_DOC_000520;STX_DOC_000561;STX_DOC_000565;STX_DOC_000579;STX_DOC_000580;STX_DOC_000582;STX_DOC_000590;STX_DOC_000593;STX_DOC_000594;STX_DOC_000596;STX_DOC_000658;STX_DOC_000668;STX_DOC_000677;STX_DOC_000738;STX_DOC_000743;STX_DOC_000758;STX_DOC_000761;STX_DOC_000765;STX_DOC_000769;STX_DOC_000773;STX_DOC_000776;STX_DOC_000833;STX_DOC_000875;STX_DOC_000933;STX_DOC_000940;STX_DOC_000954;STX_DOC_000965;STX_DOC_000967;STX_DOC_000983;STX_DOC_001052;STX_DOC_001094;STX_DOC_001162;STX_DOC_001173;STX_DOC_001193;STX_DOC_001194;STX_DOC_001202;STX_DOC_001204;STX_DOC_001398;STX_DOC_001402;STX_DOC_001411,1976.0,2015.0
dino_pre2016,dinoflagellate,DINO_TAXON,semantic_cooccurrence,chemical_analysis,DETECTION_METHOD,2,STX_DOC_000218;STX_DOC_000971,2000.0,2010.0
dino_pre2016,dinoflagellate,DINO_TAXON,semantic_cooccurrence,climate,ENV_FACTOR,8,STX_DOC_000006;STX_DOC_000282;STX_DOC_000487;STX_DOC_000511;STX_DOC_000561;STX_DOC_000765;STX_DOC_000937,1998.0,2015.0
dino_pre2016,dinoflagellate,DINO_TAXON,semantic_cooccurrence,cyanobacteria,CYANO_TAXON,99,STX_DOC_000006;STX_DOC_000007;STX_DOC_000009;STX_DOC_000022;STX_DOC_000040;STX_DOC_000051;STX_DOC_000052;STX_DOC_000061;STX_DOC_000068;STX_DOC_000070;STX_DOC_000071;STX_DOC_000072;STX_DOC_000080;STX_DOC_000082;STX_DOC_000113;STX_DOC_000116;STX_DOC_000131;STX_DOC_000166;STX_DOC_000185;STX_DOC_000186;STX_DOC_000192;STX_DOC_000275;STX_DOC_000277;STX_DOC_000280;STX_DOC_000281;STX_DOC_000322;STX_DOC_000323;STX_DOC_000325;STX_DOC_000338;STX_DOC_000348;STX_DOC_000379;STX_DOC_000385;STX_DOC_000431;STX_DOC_000435;STX_DOC_000445;STX_DOC_000490;STX_DOC_000491;STX_DOC_000577;STX_DOC_000579;STX_DOC_000580;STX_DOC_000598;STX_DOC_000599;STX_DOC_000600;STX_DOC_000769;STX_DOC_000830;STX_DOC_000832;STX_DOC_000833;STX_DOC_000850;STX_DOC_000856;STX_DOC_000971;STX_DOC_001071;STX_DOC_001280;STX_DOC_001284;STX_DOC_001295;STX_DOC_001300,1994.0,2015.0
dino_pre2016,dinoflagellate,DINO_TAXON,semantic_cooccurrence,cylindrospermopsis,CYANO_TAXON,6,STX_DOC_000007;STX_DOC_000009;STX_DOC_000071;STX_DOC_000072;STX_DOC_000490;STX_DOC_000491,2009.0,2015.0
dino_pre2016,dinoflagellate,DINO_TAXON,semantic_cooccurrence,elisa,DETECTION_METHOD,5,STX_DOC_000195;STX_DOC_000290;STX_DOC_000292;STX_DOC_000850,1991.0,2009.0
dino_pre2016,dinoflagellate,DINO_TAXON,semantic_cooccurrence,environmental_stress,ENV_FACTOR,1,STX_DOC_000062,1999.0,1999.0
dino_pre2016,dinoflagellate,DINO_TAXON,semantic_cooccurrence,gymnodinium,DINO_TAXON,82,STX_DOC_000009;STX_DOC_000028;STX_DOC_000035;STX_DOC_000036;STX_DOC_000052;STX_DOC_000053;STX_DOC_000060;STX_DOC_000082;STX_DOC_000096;STX_DOC_000116;STX_DOC_000127;STX_DOC_000131;STX_DOC_000141;STX_DOC_000144;STX_DOC_000146;STX_DOC_000148;STX_DOC_000151;STX_DOC_000167;STX_DOC_000188;STX_DOC_000195;STX_DOC_000214;STX_DOC_000218;STX_DOC_000250;STX_DOC_000328;STX_DOC_000335;STX_DOC_000351;STX_DOC_000352;STX_DOC_000375;STX_DOC_000376;STX_DOC_000380;STX_DOC_000381;STX_DOC_000393;STX_DOC_000428;STX_DOC_000438;STX_DOC_000488;STX_DOC_000507;STX_DOC_000509;STX_DOC_000512;STX_DOC_000517;STX_DOC_000520;STX_DOC_000574;STX_DOC_000598;STX_DOC_000652;STX_DOC_000661;STX_DOC_000662;STX_DOC_000663;STX_DOC_000672;STX_DOC_000724;STX_DOC_000750;STX_DOC_000756;STX_DOC_000764;STX_DOC_000770;STX_DOC_000832;STX_DOC_000840;STX_DOC_000847;STX_DOC_000875;STX_DOC_000954;STX_DOC_001065;STX_DOC_001072;STX_DOC_001078;STX_DOC_001083;STX_DOC_001084;STX_DOC_001097;STX_DOC_001099;STX_DOC_001101;STX_DOC_001103;STX_DOC_001340,1985.0,2015.0
dino_pre2016,dinoflagellate,DINO_TAXON,semantic_cooccurrence,gymnodinium_catenatum,DINO_TAXON,72,STX_DOC_000028;STX_DOC_000035;STX_DOC_000036;STX_DOC_000052;STX_DOC_000053;STX_DOC_000060;STX_DOC_000082;STX_DOC_000096;STX_DOC_000116;STX_DOC_000127;STX_DOC_000131;STX_DOC_000141;STX_DOC_000144;STX_DOC_000146;STX_DOC_000148;STX_DOC_000167;STX_DOC_000195;STX_DOC_000214;STX_DOC_000218;STX_DOC_000250;STX_DOC_000328;STX_DOC_000335;STX_DOC_000351;STX_DOC_000352;STX_DOC_000376;STX_DOC_000380;STX_DOC_000393;STX_DOC_000428;STX_DOC_000438;STX_DOC_000488;STX_DOC_000507;STX_DOC_000509;STX_DOC_000512;STX_DOC_000517;STX_DOC_000520;STX_DOC_000652;STX_DOC_000661;STX_DOC_000662;STX_DOC_000663;STX_DOC_000672;STX_DOC_000724;STX_DOC_000750;STX_DOC_000756;STX_DOC_000764;STX_DOC_000770;STX_DOC_000832;STX_DOC_000840;STX_DOC_000847;STX_DOC_000875;STX_DOC_000954;STX_DOC_001065;STX_DOC_001072;STX_DOC_001078;STX_DOC_001083;STX_DOC_001084;STX_DOC_001097;STX_DOC_001099;STX_DOC_001101;STX_DOC_001103,1987.0,2015.0
dino_pre2016,dinoflagellate,DINO_TAXON,semantic_cooccurrence,harmful_algal_bloom,ENV_FACTOR,9,STX_DOC_000053;STX_DOC_000277;STX_DOC_000289;STX_DOC_000508;STX_DOC_000738;STX_DOC_001052,2003.0,2015.0
dino_pre2016,dinoflagellate,DINO_TAXON,semantic_cooccurrence,hplc,DETECTION_METHOD,82,STX_DOC_000035;STX_DOC_000036;STX_DOC_000051;STX_DOC_000062;STX_DOC_000071;STX_DOC_000080;STX_DOC_000083;STX_DOC_000095;STX_DOC_000096;STX_DOC_000116;STX_DOC_000142;STX_DOC_000144;STX_DOC_000151;STX_DOC_000166;STX_DOC_000192;STX_DOC_000193;STX_DOC_000194;STX_DOC_000195;STX_DOC_000196;STX_DOC_000211;STX_DOC_000250;STX_DOC_000251;STX_DOC_000280;STX_DOC_000290;STX_DOC_000292;STX_DOC_000293;STX_DOC_000327;STX_DOC_000328;STX_DOC_000332;STX_DOC_000334;STX_DOC_000347;STX_DOC_000348;STX_DOC_000351;STX_DOC_000375;STX_DOC_000393;STX_DOC_000438;STX_DOC_000501;STX_DOC_000502;STX_DOC_000514;STX_DOC_000517;STX_DOC_000569;STX_DOC_000570;STX_DOC_000576;STX_DOC_000588;STX_DOC_000589;STX_DOC_000599;STX_DOC_000600;STX_DOC_000601;STX_DOC_000668;STX_DOC_000671;STX_DOC_000676;STX_DOC_000677;STX_DOC_000730;STX_DOC_000741;STX_DOC_000769;STX_DOC_000840;STX_DOC_000844;STX_DOC_000850;STX_DOC_000857;STX_DOC_000864;STX_DOC_000868;STX_DOC_000964;STX_DOC_000973;STX_DOC_000975;STX_DOC_001088;STX_DOC_001171;STX_DOC_001198;STX_DOC_001399,1988.0,2015.0
dino_pre2016,dinoflagellate,DINO_TAXON,semantic_cooccurrence,irradiance,ENV_FACTOR,6,STX_DOC_000165;STX_DOC_000279;STX_DOC_000391;STX_DOC_000437,2001.0,2014.0
dino_pre2016,dinoflagellate,DINO_TAXON,semantic_cooccurrence,lc_ms,DETECTION_METHOD,12,STX_DOC_000007;STX_DOC_000214;STX_DOC_000280;STX_DOC_000290;STX_DOC_000292;STX_DOC_000507;STX_DOC_000509;STX_DOC_000569;STX_DOC_000572;STX_DOC_001740,2003.0,2015.0
dino_pre2016,dinoflagellate,DINO_TAXON,semantic_cooccurrence,lc_ms_ms,DETECTION_METHOD,5,STX_DOC_000007;STX_DOC_000214;STX_DOC_000280;STX_DOC_000569,2012.0,2015.0
dino_pre2016,dinoflagellate,DINO_TAXON,semantic_cooccurrence,light,ENV_FACTOR,30,STX_DOC_000040;STX_DOC_000054;STX_DOC_000055;STX_DOC_000062;STX_DOC_000142;STX_DOC_000213;STX_DOC_000300;STX_DOC_000320;STX_DOC_000345;STX_DOC_000435;STX_DOC_000437;STX_DOC_000565;STX_DOC_000572;STX_DOC_000667;STX_DOC_000668;STX_DOC_000669;STX_DOC_000674;STX_DOC_000755;STX_DOC_000756;STX_DOC_000864;STX_DOC_000979,1994.0,2015.0
dino_pre2016,dinoflagellate,DINO_TAXON,semantic_cooccurrence,liquid_chromatography,DETECTION_METHOD,9,STX_DOC_000060;STX_DOC_000517;STX_DOC_000560;STX_DOC_000730;STX_DOC_000973;STX_DOC_000975;STX_DOC_000982;STX_DOC_000984;STX_DOC_001740,1992.0,2015.0
dino_pre2016,dinoflagellate,DINO_TAXON,semantic_cooccurrence,lyngbya,CYANO_TAXON,3,STX_DOC_000009;STX_DOC_000071;STX_DOC_000166,2010.0,2012.0
dino_pre2016,dinoflagellate,DINO_TAXON,semantic_cooccurrence,mass_spectrometry,DETECTION_METHOD,22,STX_DOC_000007;STX_DOC_000060;STX_DOC_000096;STX_DOC_000166;STX_DOC_000290;STX_DOC_000292;STX_DOC_000322;STX_DOC_000348;STX_DOC_000486;STX_DOC_000560;STX_DOC_000572;STX_DOC_000599;STX_DOC_000600;STX_DOC_000658;STX_DOC_000738;STX_DOC_000859;STX_DOC_000982;STX_DOC_000984;STX_DOC_001333;STX_DOC_001740,1992.0,2015.0
dino_pre2016,dinoflagellate,DINO_TAXON,semantic_cooccurrence,mouse_bioassay,DETECTION_METHOD,40,STX_DOC_000096;STX_DOC_000127;STX_DOC_000151;STX_DOC_000195;STX_DOC_000218;STX_DOC_000250;STX_DOC_000253;STX_DOC_000290;STX_DOC_000292;STX_DOC_000332;STX_DOC_000334;STX_DOC_000350;STX_DOC_000569;STX_DOC_000570;STX_DOC_000588;STX_DOC_000589;STX_DOC_000597;STX_DOC_000670;STX_DOC_000676;STX_DOC_000765;STX_DOC_000770;STX_DOC_000776;STX_DOC_000844;STX_DOC_000850;STX_DOC_000860;STX_DOC_000868;STX_DOC_000882;STX_DOC_000964;STX_DOC_000971;STX_DOC_000973;STX_DOC_000975;STX_DOC_001198;STX_DOC_001211;STX_DOC_001491;STX_DOC_001501,1978.0,2014.0
dino_pre2016,dinoflagellate,DINO_TAXON,semantic_cooccurrence,nitrate,ENV_FACTOR,21,STX_DOC_000062;STX_DOC_000063;STX_DOC_000142;STX_DOC_000148;STX_DOC_000189;STX_DOC_000285;STX_DOC_000345;STX_DOC_000436;STX_DOC_000437;STX_DOC_000444;STX_DOC_000571;STX_DOC_000590;STX_DOC_000674;STX_DOC_000856;STX_DOC_001741;STX_DOC_001744,1994.0,2012.0
dino_pre2016,dinoflagellate,DINO_TAXON,semantic_cooccurrence,nitrogen,ENV_FACTOR,26,STX_DOC_000024;STX_DOC_000062;STX_DOC_000063;STX_DOC_000113;STX_DOC_000142;STX_DOC_000189;STX_DOC_000254;STX_DOC_000285;STX_DOC_000436;STX_DOC_000444;STX_DOC_000561;STX_DOC_000565;STX_DOC_000571;STX_DOC_000590;STX_DOC_000743;STX_DOC_000850;STX_DOC_000856;STX_DOC_001742;STX_DOC_001744,1990.0,2015.0
dino_pre2016,dinoflagellate,DINO_TAXON,semantic_cooccurrence,nitrogen_limitation,ENV_FACTOR,3,STX_DOC_000113;STX_DOC_000561,2015.0,2015.0
dino_pre2016,dinoflagellate,DINO_TAXON,semantic_cooccurrence,nutrient,ENV_FACTOR,36,STX_DOC_000006;STX_DOC_000024;STX_DOC_000054;STX_DOC_000055;STX_DOC_000063;STX_DOC_000074;STX_DOC_000113;STX_DOC_000142;STX_DOC_000148;STX_DOC_000165;STX_DOC_000254;STX_DOC_000285;STX_DOC_000336;STX_DOC_000435;STX_DOC_000436;STX_DOC_000444;STX_DOC_000561;STX_DOC_000567;STX_DOC_000582;STX_DOC_000583;STX_DOC_000584;STX_DOC_000657;STX_DOC_000743;STX_DOC_000759;STX_DOC_000864;STX_DOC_000872;STX_DOC_001742;STX_DOC_001744,1990.0,2015.0
dino_pre2016,dinoflagellate,DINO_TAXON,semantic_cooccurrence,nutrients,ENV_FACTOR,14,STX_DOC_000142;STX_DOC_000148;STX_DOC_000345;STX_DOC_000444;STX_DOC_000565;STX_DOC_000574;STX_DOC_000583;STX_DOC_000584;STX_DOC_000743;STX_DOC_001072;STX_DOC_001746,1996.0,2013.0
dino_pre2016,dinoflagellate,DINO_TAXON,semantic_cooccurrence,phosphate,ENV_FACTOR,9,STX_DOC_000063;STX_DOC_000074;STX_DOC_000148;STX_DOC_000189;STX_DOC_000300;STX_DOC_000345;STX_DOC_000436;STX_DOC_000759;STX_DOC_001741,1994.0,2008.0
dino_pre2016,dinoflagellate,DINO_TAXON,semantic_cooccurrence,phosphorus,ENV_FACTOR,13,STX_DOC_000024;STX_DOC_000063;STX_DOC_000113;STX_DOC_000254;STX_DOC_000444;STX_DOC_000743;STX_DOC_000759;STX_DOC_000872;STX_DOC_001742,1990.0,2015.0
dino_pre2016,dinoflagellate,DINO_TAXON,semantic_cooccurrence,phosphorus_limitation,ENV_FACTOR,2,STX_DOC_000759;STX_DOC_000872,2000.0,2002.0
dino_pre2016,dinoflagellate,DINO_TAXON,semantic_cooccurrence,planktothrix,CYANO_TAXON,1,STX_DOC_000009,2010.0,2010.0
dino_pre2016,dinoflagellate,DINO_TAXON,semantic_cooccurrence,pyrodinium,DINO_TAXON,39,STX_DOC_000009;STX_DOC_000022;STX_DOC_000028;STX_DOC_000054;STX_DOC_000055;STX_DOC_000099;STX_DOC_000116;STX_DOC_000126;STX_DOC_000142;STX_DOC_000153;STX_DOC_000222;STX_DOC_000247;STX_DOC_000290;STX_DOC_000292;STX_DOC_000293;STX_DOC_000320;STX_DOC_000353;STX_DOC_000380;STX_DOC_000381;STX_DOC_000574;STX_DOC_000582;STX_DOC_000593;STX_DOC_000594;STX_DOC_000596;STX_DOC_000598;STX_DOC_000661;STX_DOC_000662;STX_DOC_000726;STX_DOC_000771;STX_DOC_000772;STX_DOC_000774;STX_DOC_001106;STX_DOC_001341,1977.0,2015.0
dino_pre2016,dinoflagellate,DINO_TAXON,semantic_cooccurrence,pyrodinium_bahamense,DINO_TAXON,32,STX_DOC_000022;STX_DOC_000028;STX_DOC_000054;STX_DOC_000055;STX_DOC_000099;STX_DOC_000116;STX_DOC_000142;STX_DOC_000153;STX_DOC_000222;STX_DOC_000247;STX_DOC_000290;STX_DOC_000292;STX_DOC_000293;STX_DOC_000320;STX_DOC_000353;STX_DOC_000574;STX_DOC_000582;STX_DOC_000593;STX_DOC_000594;STX_DOC_000596;STX_DOC_000661;STX_DOC_000662;STX_DOC_000726;STX_DOC_000771;STX_DOC_000772;STX_DOC_000774;STX_DOC_001106,1977.0,2015.0
dino_pre2016,dinoflagellate,DINO_TAXON,semantic_cooccurrence,salinity,ENV_FACTOR,18,STX_DOC_000054;STX_DOC_000055;STX_DOC_000062;STX_DOC_000125;STX_DOC_000142;STX_DOC_000148;STX_DOC_000165;STX_DOC_000320;STX_DOC_000336;STX_DOC_000345;STX_DOC_000567;STX_DOC_000572;STX_DOC_000582;STX_DOC_000667;STX_DOC_000856;STX_DOC_001342,1978.0,2015.0
dino_pre2016,dinoflagellate,DINO_TAXON,semantic_cooccurrence,scytonema,CYANO_TAXON,1,STX_DOC_000323,2011.0,2011.0
dino_pre2016,dinoflagellate,DINO_TAXON,semantic_cooccurrence,temperature,ENV_FACTOR,29,STX_DOC_000054;STX_DOC_000055;STX_DOC_000074;STX_DOC_000125;STX_DOC_000142;STX_DOC_000165;STX_DOC_000167;STX_DOC_000213;STX_DOC_000279;STX_DOC_000282;STX_DOC_000294;STX_DOC_000295;STX_DOC_000300;STX_DOC_000320;STX_DOC_000345;STX_DOC_000437;STX_DOC_000442;STX_DOC_000567;STX_DOC_000582;STX_DOC_000667;STX_DOC_000864;STX_DOC_000875;STX_DOC_000973;STX_DOC_000975;STX_DOC_001399,1994.0,2015.0
dino_pre2016,dinoflagellate,DINO_TAXON,semantic_cooccurrence,warming,ENV_FACTOR,4,STX_DOC_000125;STX_DOC_000142;STX_DOC_000831,2012.0,2015.0
dino_pre2016,dinoflagellate,DINO_TAXON,taxon_associated_with_process,biosynthesis,BIOLOGICAL_PROCESS,45,STX_DOC_000006;STX_DOC_000022;STX_DOC_000024;STX_DOC_000028;STX_DOC_000040;STX_DOC_000052;STX_DOC_000061;STX_DOC_000070;STX_DOC_000071;STX_DOC_000072;STX_DOC_000074;STX_DOC_000093;STX_DOC_000113;STX_DOC_000131;STX_DOC_000184;STX_DOC_000251;STX_DOC_000275;STX_DOC_000300;STX_DOC_000322;STX_DOC_000329;STX_DOC_000336;STX_DOC_000379;STX_DOC_000380;STX_DOC_000497;STX_DOC_000577;STX_DOC_000603;STX_DOC_000756;STX_DOC_000831;STX_DOC_000971;STX_DOC_000983;STX_DOC_001071,1984.0,2015.0
dino_pre2016,dinoflagellate,DINO_TAXON,taxon_associated_with_process,bloom_dynamics,BIOLOGICAL_PROCESS,1,STX_DOC_001094,1997.0,1997.0
dino_pre2016,dinoflagellate,DINO_TAXON,taxon_associated_with_process,evolution,BIOLOGICAL_PROCESS,21,STX_DOC_000028;STX_DOC_000061;STX_DOC_000068;STX_DOC_000093;STX_DOC_000140;STX_DOC_000184;STX_DOC_000250;STX_DOC_000325;STX_DOC_000379;STX_DOC_000381;STX_DOC_000645;STX_DOC_000877;STX_DOC_000880;STX_DOC_001071;STX_DOC_001182,1991.0,2015.0
dino_pre2016,dinoflagellate,DINO_TAXON,taxon_associated_with_process,expression,BIOLOGICAL_PROCESS,35,STX_DOC_000007;STX_DOC_000024;STX_DOC_000040;STX_DOC_000072;STX_DOC_000093;STX_DOC_000113;STX_DOC_000184;STX_DOC_000325;STX_DOC_000329;STX_DOC_000385;STX_DOC_000435;STX_DOC_000484;STX_DOC_000583;STX_DOC_000584;STX_DOC_000645;STX_DOC_000652;STX_DOC_000724;STX_DOC_000734;STX_DOC_000756;STX_DOC_000831;STX_DOC_000833;STX_DOC_000941;STX_DOC_000955;STX_DOC_001058;STX_DOC_001162;STX_DOC_001284;STX_DOC_001300,2003.0,2015.0
dino_pre2016,dinoflagellate,DINO_TAXON,taxon_associated_with_process,gene_duplication,BIOLOGICAL_PROCESS,3,STX_DOC_000028;STX_DOC_000831,2014.0,2015.0
dino_pre2016,dinoflagellate,DINO_TAXON,taxon_associated_with_process,gene_expression,BIOLOGICAL_PROCESS,15,STX_DOC_000024;STX_DOC_000093;STX_DOC_000184;STX_DOC_000325;STX_DOC_000385;STX_DOC_000435;STX_DOC_000645;STX_DOC_000652;STX_DOC_000724;STX_DOC_000941;STX_DOC_001058,2009.0,2015.0
dino_pre2016,dinoflagellate,DINO_TAXON,taxon_associated_with_process,harmful_algal_bloom,BIOLOGICAL_PROCESS,9,STX_DOC_000053;STX_DOC_000329;STX_DOC_000442;STX_DOC_000598;STX_DOC_000738;STX_DOC_001202,1995.0,2012.0
dino_pre2016,dinoflagellate,DINO_TAXON,taxon_associated_with_process,horizontal_gene_transfer,BIOLOGICAL_PROCESS,5,STX_DOC_000052;STX_DOC_000061;STX_DOC_000379;STX_DOC_000577,2008.0,2013.0
dino_pre2016,dinoflagellate,DINO_TAXON,taxon_associated_with_process,phylogenetic,BIOLOGICAL_PROCESS,36,STX_DOC_000022;STX_DOC_000052;STX_DOC_000061;STX_DOC_000131;STX_DOC_000211;STX_DOC_000323;STX_DOC_000325;STX_DOC_000331;STX_DOC_000335;STX_DOC_000381;STX_DOC_000485;STX_DOC_000490;STX_DOC_000491;STX_DOC_000577;STX_DOC_000583;STX_DOC_000584;STX_DOC_000663;STX_DOC_000756;STX_DOC_000829;STX_DOC_000847;STX_DOC_001090;STX_DOC_001193;STX_DOC_001194;STX_DOC_001320,2001.0,2015.0
dino_pre2016,dinoflagellate,DINO_TAXON,taxon_associated_with_process,phylogeny,BIOLOGICAL_PROCESS,15,STX_DOC_000022;STX_DOC_000028;STX_DOC_000061;STX_DOC_000140;STX_DOC_000211;STX_DOC_000380;STX_DOC_000381;STX_DOC_000562;STX_DOC_000577;STX_DOC_000967;STX_DOC_001078,2003.0,2015.0
dino_pre2016,dinoflagellate,DINO_TAXON,taxon_associated_with_process,polyketide_synthase,BIOLOGICAL_PROCESS,4,STX_DOC_000485;STX_DOC_000756,2003.0,2015.0
dino_pre2016,dinoflagellate,DINO_TAXON,taxon_associated_with_process,regulation,BIOLOGICAL_PROCESS,23,STX_DOC_000063;STX_DOC_000093;STX_DOC_000126;STX_DOC_000142;STX_DOC_000184;STX_DOC_000275;STX_DOC_000300;STX_DOC_000325;STX_DOC_000385;STX_DOC_000435;STX_DOC_000497;STX_DOC_000565;STX_DOC_000582;STX_DOC_000724;STX_DOC_000743;STX_DOC_001742,1994.0,2015.0
dino_pre2016,dinoflagellate,DINO_TAXON,taxon_associated_with_process,resting_cyst,BIOLOGICAL_PROCESS,4,STX_DOC_000347;STX_DOC_000776;STX_DOC_000983;STX_DOC_001078,1982.0,2007.0
dino_pre2016,dinoflagellate,DINO_TAXON,taxon_associated_with_process,saxitoxin_biosynthesis,BIOLOGICAL_PROCESS,17,STX_DOC_000022;STX_DOC_000028;STX_DOC_000052;STX_DOC_000070;STX_DOC_000072;STX_DOC_000074;STX_DOC_000093;STX_DOC_000131;STX_DOC_000300;STX_DOC_000379;STX_DOC_000380;STX_DOC_000577,1998.0,2015.0
dino_pre2016,dinoflagellate,DINO_TAXON,taxon_associated_with_process,secondary_metabolism,BIOLOGICAL_PROCESS,2,STX_DOC_000142,2012.0,2012.0
dino_pre2016,dinoflagellate,DINO_TAXON,taxon_associated_with_process,toxicity,BIOLOGICAL_PROCESS,123,STX_DOC_000009;STX_DOC_000035;STX_DOC_000036;STX_DOC_000045;STX_DOC_000062;STX_DOC_000074;STX_DOC_000096;STX_DOC_000120;STX_DOC_000125;STX_DOC_000127;STX_DOC_000129;STX_DOC_000140;STX_DOC_000142;STX_DOC_000144;STX_DOC_000147;STX_DOC_000149;STX_DOC_000150;STX_DOC_000189;STX_DOC_000193;STX_DOC_000194;STX_DOC_000196;STX_DOC_000215;STX_DOC_000218;STX_DOC_000250;STX_DOC_000253;STX_DOC_000282;STX_DOC_000293;STX_DOC_000294;STX_DOC_000295;STX_DOC_000300;STX_DOC_000320;STX_DOC_000327;STX_DOC_000331;STX_DOC_000332;STX_DOC_000334;STX_DOC_000335;STX_DOC_000345;STX_DOC_000347;STX_DOC_000350;STX_DOC_000375;STX_DOC_000393;STX_DOC_000395;STX_DOC_000428;STX_DOC_000430;STX_DOC_000433;STX_DOC_000485;STX_DOC_000487;STX_DOC_000490;STX_DOC_000491;STX_DOC_000497;STX_DOC_000501;STX_DOC_000502;STX_DOC_000505;STX_DOC_000508;STX_DOC_000518;STX_DOC_000561;STX_DOC_000570;STX_DOC_000571;STX_DOC_000572;STX_DOC_000588;STX_DOC_000589;STX_DOC_000590;STX_DOC_000597;STX_DOC_000598;STX_DOC_000667;STX_DOC_000670;STX_DOC_000671;STX_DOC_000672;STX_DOC_000674;STX_DOC_000677;STX_DOC_000737;STX_DOC_000741;STX_DOC_000761;STX_DOC_000765;STX_DOC_000770;STX_DOC_000773;STX_DOC_000776;STX_DOC_000847;STX_DOC_000850;STX_DOC_000856;STX_DOC_000863;STX_DOC_000867;STX_DOC_000868;STX_DOC_000870;STX_DOC_000875;STX_DOC_000878;STX_DOC_000937;STX_DOC_000964;STX_DOC_000971;STX_DOC_001047;STX_DOC_001072;STX_DOC_001080;STX_DOC_001093;STX_DOC_001101;STX_DOC_001171;STX_DOC_001173;STX_DOC_001198;STX_DOC_001213;STX_DOC_001342;STX_DOC_001444;STX_DOC_001450;STX_DOC_001482;STX_DOC_001484;STX_DOC_001485;STX_DOC_001744,1978.0,2015.0
dino_pre2016,dinoflagellate,DINO_TAXON,taxon_associated_with_process,toxin_biosynthesis,BIOLOGICAL_PROCESS,14,STX_DOC_000006;STX_DOC_000040;STX_DOC_000061;STX_DOC_000074;STX_DOC_000113;STX_DOC_000322;STX_DOC_000329;STX_DOC_000336;STX_DOC_000497,1999.0,2015.0
dino_pre2016,dinoflagellate,DINO_TAXON,taxon_associated_with_process,toxin_production,BIOLOGICAL_PROCESS,63,STX_DOC_000006;STX_DOC_000024;STX_DOC_000054;STX_DOC_000055;STX_DOC_000062;STX_DOC_000074;STX_DOC_000083;STX_DOC_000120;STX_DOC_000125;STX_DOC_000142;STX_DOC_000152;STX_DOC_000166;STX_DOC_000184;STX_DOC_000185;STX_DOC_000189;STX_DOC_000251;STX_DOC_000289;STX_DOC_000300;STX_DOC_000327;STX_DOC_000338;STX_DOC_000340;STX_DOC_000341;STX_DOC_000343;STX_DOC_000345;STX_DOC_000351;STX_DOC_000376;STX_DOC_000381;STX_DOC_000385;STX_DOC_000436;STX_DOC_000437;STX_DOC_000497;STX_DOC_000565;STX_DOC_000571;STX_DOC_000572;STX_DOC_000588;STX_DOC_000589;STX_DOC_000667;STX_DOC_000674;STX_DOC_000759;STX_DOC_000847;STX_DOC_000872;STX_DOC_000964;STX_DOC_000979;STX_DOC_001046;STX_DOC_001047;STX_DOC_001073;STX_DOC_001741;STX_DOC_001744;STX_DOC_001746,1988.0,2015.0
dino_pre2016,dinoflagellate,DINO_TAXON,taxon_associated_with_process,transcription,BIOLOGICAL_PROCESS,5,STX_DOC_000093;STX_DOC_000643;STX_DOC_000652;STX_DOC_000724,2013.0,2015.0
dino_pre2016,dinoflagellate,DINO_TAXON,taxon_associated_with_process,transcriptome,BIOLOGICAL_PROCESS,11,STX_DOC_000040;STX_DOC_000068;STX_DOC_000186;STX_DOC_000435;STX_DOC_000565;STX_DOC_000831;STX_DOC_000941,2009.0,2014.0
dino_pre2016,dinoflagellate,DINO_TAXON,taxon_associated_with_process,transcriptomic,BIOLOGICAL_PROCESS,6,STX_DOC_000184;STX_DOC_000275;STX_DOC_000435;STX_DOC_000565,2009.0,2015.0
dino_pre2016,environmental_stress,ENV_FACTOR,environment_associated_with_process,toxicity,BIOLOGICAL_PROCESS,1,STX_DOC_000062,1999.0,1999.0
dino_pre2016,environmental_stress,ENV_FACTOR,environment_associated_with_process,toxin_production,BIOLOGICAL_PROCESS,1,STX_DOC_000062,1999.0,1999.0
dino_pre2016,environmental_stress,ENV_FACTOR,semantic_cooccurrence,hplc,DETECTION_METHOD,1,STX_DOC_000062,1999.0,1999.0
dino_pre2016,evolution,BIOLOGICAL_PROCESS,semantic_cooccurrence,gene_duplication,BIOLOGICAL_PROCESS,1,STX_DOC_000028,2015.0,2015.0
dino_pre2016,evolution,BIOLOGICAL_PROCESS,semantic_cooccurrence,gene_loss,BIOLOGICAL_PROCESS,1,STX_DOC_001735,2011.0,2011.0
dino_pre2016,evolution,BIOLOGICAL_PROCESS,semantic_cooccurrence,horizontal_gene_transfer,BIOLOGICAL_PROCESS,3,STX_DOC_000061;STX_DOC_000379;STX_DOC_001735,2009.0,2013.0
dino_pre2016,evolution,BIOLOGICAL_PROCESS,semantic_cooccurrence,hplc,DETECTION_METHOD,2,STX_DOC_000081;STX_DOC_000250,2003.0,2008.0
dino_pre2016,evolution,BIOLOGICAL_PROCESS,semantic_cooccurrence,mouse_bioassay,DETECTION_METHOD,2,STX_DOC_000081;STX_DOC_000250,2003.0,2008.0
dino_pre2016,evolution,BIOLOGICAL_PROCESS,semantic_cooccurrence,phylogenetic,BIOLOGICAL_PROCESS,3,STX_DOC_000061;STX_DOC_000325;STX_DOC_000381,2009.0,2012.0
dino_pre2016,evolution,BIOLOGICAL_PROCESS,semantic_cooccurrence,phylogeny,BIOLOGICAL_PROCESS,4,STX_DOC_000028;STX_DOC_000061;STX_DOC_000140;STX_DOC_000381,2009.0,2015.0
dino_pre2016,evolution,BIOLOGICAL_PROCESS,semantic_cooccurrence,toxicity,BIOLOGICAL_PROCESS,3,STX_DOC_000081;STX_DOC_000140;STX_DOC_000250,2003.0,2014.0
dino_pre2016,evolution,BIOLOGICAL_PROCESS,semantic_cooccurrence,toxin_production,BIOLOGICAL_PROCESS,2,STX_DOC_000184;STX_DOC_000381,2012.0,2013.0
dino_pre2016,expression,BIOLOGICAL_PROCESS,environment_associated_with_process,nitrogen_limitation,ENV_FACTOR,1,STX_DOC_000113,2015.0,2015.0
dino_pre2016,expression,BIOLOGICAL_PROCESS,semantic_cooccurrence,evolution,BIOLOGICAL_PROCESS,4,STX_DOC_000093;STX_DOC_000184;STX_DOC_000325;STX_DOC_000645,2009.0,2014.0
dino_pre2016,expression,BIOLOGICAL_PROCESS,semantic_cooccurrence,gene_duplication,BIOLOGICAL_PROCESS,1,STX_DOC_000831,2014.0,2014.0
dino_pre2016,expression,BIOLOGICAL_PROCESS,semantic_cooccurrence,gene_expression,BIOLOGICAL_PROCESS,13,STX_DOC_000024;STX_DOC_000093;STX_DOC_000184;STX_DOC_000325;STX_DOC_000385;STX_DOC_000435;STX_DOC_000645;STX_DOC_000652;STX_DOC_000724;STX_DOC_000731;STX_DOC_000941;STX_DOC_001058;STX_DOC_001308,2007.0,2015.0
dino_pre2016,expression,BIOLOGICAL_PROCESS,semantic_cooccurrence,harmful_algal_bloom,BIOLOGICAL_PROCESS,1,STX_DOC_000329,2005.0,2005.0
dino_pre2016,expression,BIOLOGICAL_PROCESS,semantic_cooccurrence,lc_ms,DETECTION_METHOD,1,STX_DOC_000007,2015.0,2015.0
dino_pre2016,expression,BIOLOGICAL_PROCESS,semantic_cooccurrence,lc_ms_ms,DETECTION_METHOD,1,STX_DOC_000007,2015.0,2015.0
dino_pre2016,expression,BIOLOGICAL_PROCESS,semantic_cooccurrence,mass_spectrometry,DETECTION_METHOD,1,STX_DOC_000007,2015.0,2015.0
dino_pre2016,expression,BIOLOGICAL_PROCESS,semantic_cooccurrence,phylogenetic,BIOLOGICAL_PROCESS,4,STX_DOC_000325;STX_DOC_000583;STX_DOC_000584;STX_DOC_000756,2003.0,2009.0
dino_pre2016,expression,BIOLOGICAL_PROCESS,semantic_cooccurrence,polyketide_synthase,BIOLOGICAL_PROCESS,1,STX_DOC_000756,2003.0,2003.0
dino_pre2016,expression,BIOLOGICAL_PROCESS,semantic_cooccurrence,saxitoxin_biosynthesis,BIOLOGICAL_PROCESS,1,STX_DOC_000072,2009.0,2009.0
dino_pre2016,expression,BIOLOGICAL_PROCESS,semantic_cooccurrence,toxin_production,BIOLOGICAL_PROCESS,4,STX_DOC_000024;STX_DOC_000184;STX_DOC_000385;STX_DOC_001308,2007.0,2014.0
dino_pre2016,expression,BIOLOGICAL_PROCESS,semantic_cooccurrence,transcription,BIOLOGICAL_PROCESS,4,STX_DOC_000093;STX_DOC_000652;STX_DOC_000724;STX_DOC_000731,2013.0,2015.0
dino_pre2016,expression,BIOLOGICAL_PROCESS,semantic_cooccurrence,transcriptome,BIOLOGICAL_PROCESS,4,STX_DOC_000040;STX_DOC_000435;STX_DOC_000831;STX_DOC_000941,2009.0,2014.0
dino_pre2016,expression,BIOLOGICAL_PROCESS,semantic_cooccurrence,transcriptomic,BIOLOGICAL_PROCESS,2,STX_DOC_000184;STX_DOC_000435,2009.0,2013.0
dino_pre2016,gene_expression,BIOLOGICAL_PROCESS,semantic_cooccurrence,evolution,BIOLOGICAL_PROCESS,4,STX_DOC_000093;STX_DOC_000184;STX_DOC_000325;STX_DOC_000645,2009.0,2014.0
dino_pre2016,gene_expression,BIOLOGICAL_PROCESS,semantic_cooccurrence,phylogenetic,BIOLOGICAL_PROCESS,1,STX_DOC_000325,2009.0,2009.0
dino_pre2016,gene_expression,BIOLOGICAL_PROCESS,semantic_cooccurrence,toxin_production,BIOLOGICAL_PROCESS,4,STX_DOC_000024;STX_DOC_000184;STX_DOC_000385;STX_DOC_001308,2007.0,2014.0
dino_pre2016,gene_expression,BIOLOGICAL_PROCESS,semantic_cooccurrence,transcription,BIOLOGICAL_PROCESS,4,STX_DOC_000093;STX_DOC_000652;STX_DOC_000724;STX_DOC_000731,2013.0,2015.0
dino_pre2016,gene_expression,BIOLOGICAL_PROCESS,semantic_cooccurrence,transcriptome,BIOLOGICAL_PROCESS,2,STX_DOC_000435;STX_DOC_000941,2009.0,2014.0
dino_pre2016,gene_expression,BIOLOGICAL_PROCESS,semantic_cooccurrence,transcriptomic,BIOLOGICAL_PROCESS,2,STX_DOC_000184;STX_DOC_000435,2009.0,2013.0
dino_pre2016,gonyautoxin,TOXIN,environment_associated_with_toxin,bloom,ENV_FACTOR,4,STX_DOC_000078;STX_DOC_000169;STX_DOC_000287;STX_DOC_000288,2005.0,2015.0
dino_pre2016,gonyautoxin,TOXIN,environment_associated_with_toxin,environmental_stress,ENV_FACTOR,1,STX_DOC_000062,1999.0,1999.0
dino_pre2016,gonyautoxin,TOXIN,environment_associated_with_toxin,harmful_algal_bloom,ENV_FACTOR,2,STX_DOC_000287;STX_DOC_000288,2008.0,2008.0
dino_pre2016,gonyautoxin,TOXIN,environment_associated_with_toxin,light,ENV_FACTOR,5,STX_DOC_000054;STX_DOC_000055;STX_DOC_000062;STX_DOC_000248;STX_DOC_000345,1994.0,2006.0
dino_pre2016,gonyautoxin,TOXIN,environment_associated_with_toxin,nitrate,ENV_FACTOR,3,STX_DOC_000062;STX_DOC_000063;STX_DOC_000345,1994.0,2000.0
dino_pre2016,gonyautoxin,TOXIN,environment_associated_with_toxin,nitrogen,ENV_FACTOR,3,STX_DOC_000024;STX_DOC_000062;STX_DOC_000063,1994.0,2014.0
dino_pre2016,gonyautoxin,TOXIN,environment_associated_with_toxin,nutrient,ENV_FACTOR,6,STX_DOC_000024;STX_DOC_000054;STX_DOC_000055;STX_DOC_000063;STX_DOC_000078;STX_DOC_000117,1994.0,2015.0
dino_pre2016,gonyautoxin,TOXIN,environment_associated_with_toxin,nutrients,ENV_FACTOR,1,STX_DOC_000345,2000.0,2000.0
dino_pre2016,gonyautoxin,TOXIN,environment_associated_with_toxin,phosphate,ENV_FACTOR,2,STX_DOC_000063;STX_DOC_000345,1994.0,2000.0
dino_pre2016,gonyautoxin,TOXIN,environment_associated_with_toxin,phosphorus,ENV_FACTOR,2,STX_DOC_000024;STX_DOC_000063,1994.0,2014.0
dino_pre2016,gonyautoxin,TOXIN,environment_associated_with_toxin,salinity,ENV_FACTOR,6,STX_DOC_000054;STX_DOC_000055;STX_DOC_000062;STX_DOC_000117;STX_DOC_000125;STX_DOC_000345,1994.0,2015.0
dino_pre2016,gonyautoxin,TOXIN,environment_associated_with_toxin,temperature,ENV_FACTOR,5,STX_DOC_000054;STX_DOC_000055;STX_DOC_000117;STX_DOC_000125;STX_DOC_000345,1994.0,2015.0
dino_pre2016,gonyautoxin,TOXIN,environment_associated_with_toxin,warming,ENV_FACTOR,1,STX_DOC_000125,2015.0,2015.0
dino_pre2016,gonyautoxin,TOXIN,gene_associated_with_toxin,sxta,SXT_GENE,1,STX_DOC_000024,2014.0,2014.0
dino_pre2016,gonyautoxin,TOXIN,gene_associated_with_toxin,sxtg,SXT_GENE,1,STX_DOC_000024,2014.0,2014.0
dino_pre2016,gonyautoxin,TOXIN,method_associated_with_toxin,chemical_analysis,DETECTION_METHOD,1,STX_DOC_000218,2010.0,2010.0
dino_pre2016,gonyautoxin,TOXIN,method_associated_with_toxin,elisa,DETECTION_METHOD,2,STX_DOC_000287;STX_DOC_000288,2008.0,2008.0
dino_pre2016,gonyautoxin,TOXIN,method_associated_with_toxin,hplc,DETECTION_METHOD,15,STX_DOC_000062;STX_DOC_000080;STX_DOC_000095;STX_DOC_000096;STX_DOC_000169;STX_DOC_000211;STX_DOC_000287;STX_DOC_000288;STX_DOC_000328;STX_DOC_000348;STX_DOC_000501;STX_DOC_000502;STX_DOC_000514;STX_DOC_000569;STX_DOC_000601,1988.0,2015.0
dino_pre2016,gonyautoxin,TOXIN,method_associated_with_toxin,lc_ms,DETECTION_METHOD,2,STX_DOC_000214;STX_DOC_000569,2012.0,2015.0
dino_pre2016,gonyautoxin,TOXIN,method_associated_with_toxin,lc_ms_ms,DETECTION_METHOD,2,STX_DOC_000214;STX_DOC_000569,2012.0,2015.0
dino_pre2016,gonyautoxin,TOXIN,method_associated_with_toxin,liquid_chromatography,DETECTION_METHOD,1,STX_DOC_000060,2015.0,2015.0
dino_pre2016,gonyautoxin,TOXIN,method_associated_with_toxin,mass_spectrometry,DETECTION_METHOD,4,STX_DOC_000060;STX_DOC_000096;STX_DOC_000187;STX_DOC_000348,1996.0,2015.0
dino_pre2016,gonyautoxin,TOXIN,method_associated_with_toxin,mouse_bioassay,DETECTION_METHOD,5,STX_DOC_000096;STX_DOC_000218;STX_DOC_000350;STX_DOC_000569;STX_DOC_000597,1992.0,2012.0
dino_pre2016,gonyautoxin,TOXIN,process_associated_with_toxin,biosynthesis,BIOLOGICAL_PROCESS,2,STX_DOC_000024;STX_DOC_000603,1984.0,2014.0
dino_pre2016,gonyautoxin,TOXIN,process_associated_with_toxin,expression,BIOLOGICAL_PROCESS,1,STX_DOC_000024,2014.0,2014.0
dino_pre2016,gonyautoxin,TOXIN,process_associated_with_toxin,gene_expression,BIOLOGICAL_PROCESS,1,STX_DOC_000024,2014.0,2014.0
dino_pre2016,gonyautoxin,TOXIN,process_associated_with_toxin,harmful_algal_bloom,BIOLOGICAL_PROCESS,1,STX_DOC_000598,1995.0,1995.0
dino_pre2016,gonyautoxin,TOXIN,process_associated_with_toxin,phylogenetic,BIOLOGICAL_PROCESS,3,STX_DOC_000169;STX_DOC_000187;STX_DOC_000211,2005.0,2015.0
dino_pre2016,gonyautoxin,TOXIN,process_associated_with_toxin,phylogeny,BIOLOGICAL_PROCESS,1,STX_DOC_000211,2015.0,2015.0
dino_pre2016,gonyautoxin,TOXIN,process_associated_with_toxin,regulation,BIOLOGICAL_PROCESS,1,STX_DOC_000063,1994.0,1994.0
dino_pre2016,gonyautoxin,TOXIN,process_associated_with_toxin,toxicity,BIOLOGICAL_PROCESS,20,STX_DOC_000045;STX_DOC_000062;STX_DOC_000078;STX_DOC_000096;STX_DOC_000125;STX_DOC_000169;STX_DOC_000187;STX_DOC_000218;STX_DOC_000248;STX_DOC_000296;STX_DOC_000345;STX_DOC_000350;STX_DOC_000395;STX_DOC_000433;STX_DOC_000447;STX_DOC_000501;STX_DOC_000502;STX_DOC_000597;STX_DOC_000598;STX_DOC_000672,1979.0,2015.0
dino_pre2016,gonyautoxin,TOXIN,process_associated_with_toxin,toxin_production,BIOLOGICAL_PROCESS,8,STX_DOC_000024;STX_DOC_000054;STX_DOC_000055;STX_DOC_000062;STX_DOC_000125;STX_DOC_000152;STX_DOC_000187;STX_DOC_000345,1992.0,2015.0
dino_pre2016,gonyautoxin,TOXIN,semantic_cooccurrence,gtx,TOXIN,14,STX_DOC_000029;STX_DOC_000030;STX_DOC_000095;STX_DOC_000096;STX_DOC_000125;STX_DOC_000152;STX_DOC_000187;STX_DOC_000211;STX_DOC_000328;STX_DOC_000345;STX_DOC_000433;STX_DOC_000488;STX_DOC_000501;STX_DOC_000502,1992.0,2015.0
dino_pre2016,gonyautoxin,TOXIN,semantic_cooccurrence,paralytic_shellfish_poisoning,TOXIN,20,STX_DOC_000024;STX_DOC_000045;STX_DOC_000060;STX_DOC_000062;STX_DOC_000078;STX_DOC_000095;STX_DOC_000096;STX_DOC_000099;STX_DOC_000125;STX_DOC_000146;STX_DOC_000152;STX_DOC_000153;STX_DOC_000169;STX_DOC_000187;STX_DOC_000211;STX_DOC_000248;STX_DOC_000287;STX_DOC_000288;STX_DOC_000514;STX_DOC_000601,1982.0,2015.0
dino_pre2016,gonyautoxin,TOXIN,semantic_cooccurrence,paralytic_shellfish_toxins,TOXIN,24,STX_DOC_000024;STX_DOC_000029;STX_DOC_000030;STX_DOC_000045;STX_DOC_000060;STX_DOC_000063;STX_DOC_000078;STX_DOC_000080;STX_DOC_000099;STX_DOC_000117;STX_DOC_000153;STX_DOC_000169;STX_DOC_000214;STX_DOC_000218;STX_DOC_000222;STX_DOC_000287;STX_DOC_000288;STX_DOC_000348;STX_DOC_000350;STX_DOC_000352;STX_DOC_000353;STX_DOC_000395;STX_DOC_000597;STX_DOC_000603,1979.0,2015.0
dino_pre2016,gonyautoxin,TOXIN,taxon_associated_with_toxin,alexandrium,DINO_TAXON,26,STX_DOC_000024;STX_DOC_000029;STX_DOC_000030;STX_DOC_000062;STX_DOC_000063;STX_DOC_000078;STX_DOC_000095;STX_DOC_000117;STX_DOC_000125;STX_DOC_000152;STX_DOC_000169;STX_DOC_000187;STX_DOC_000211;STX_DOC_000287;STX_DOC_000288;STX_DOC_000296;STX_DOC_000345;STX_DOC_000348;STX_DOC_000350;STX_DOC_000433;STX_DOC_000447;STX_DOC_000501;STX_DOC_000502;STX_DOC_000514;STX_DOC_000569;STX_DOC_000672,1992.0,2015.0
dino_pre2016,gonyautoxin,TOXIN,taxon_associated_with_toxin,alexandrium_catenella,DINO_TAXON,3,STX_DOC_000095;STX_DOC_000152;STX_DOC_000672,1992.0,2006.0
dino_pre2016,gonyautoxin,TOXIN,taxon_associated_with_toxin,alexandrium_minutum,DINO_TAXON,5,STX_DOC_000024;STX_DOC_000063;STX_DOC_000169;STX_DOC_000345;STX_DOC_000569,1994.0,2014.0
dino_pre2016,gonyautoxin,TOXIN,taxon_associated_with_toxin,alexandrium_ostenfeldii,DINO_TAXON,2,STX_DOC_000125;STX_DOC_000211,2015.0,2015.0
dino_pre2016,gonyautoxin,TOXIN,taxon_associated_with_toxin,alexandrium_tamarense,DINO_TAXON,12,STX_DOC_000029;STX_DOC_000030;STX_DOC_000062;STX_DOC_000078;STX_DOC_000187;STX_DOC_000296;STX_DOC_000348;STX_DOC_000350;STX_DOC_000447;STX_DOC_000501;STX_DOC_000502;STX_DOC_000514,1992.0,2015.0
dino_pre2016,gonyautoxin,TOXIN,taxon_associated_with_toxin,alexandrium_tamiyavanichii,DINO_TAXON,1,STX_DOC_000433,2010.0,2010.0
dino_pre2016,gonyautoxin,TOXIN,taxon_associated_with_toxin,anabaena,CYANO_TAXON,1,STX_DOC_000348,1996.0,1996.0
dino_pre2016,gonyautoxin,TOXIN,taxon_associated_with_toxin,cyanobacteria,CYANO_TAXON,4,STX_DOC_000080;STX_DOC_000348;STX_DOC_000598,1995.0,2010.0
dino_pre2016,gonyautoxin,TOXIN,taxon_associated_with_toxin,dinoflagellate,DINO_TAXON,43,STX_DOC_000024;STX_DOC_000029;STX_DOC_000030;STX_DOC_000045;STX_DOC_000054;STX_DOC_000055;STX_DOC_000060;STX_DOC_000062;STX_DOC_000063;STX_DOC_000080;STX_DOC_000095;STX_DOC_000096;STX_DOC_000099;STX_DOC_000125;STX_DOC_000146;STX_DOC_000152;STX_DOC_000153;STX_DOC_000211;STX_DOC_000214;STX_DOC_000218;STX_DOC_000222;STX_DOC_000328;STX_DOC_000345;STX_DOC_000348;STX_DOC_000350;STX_DOC_000352;STX_DOC_000353;STX_DOC_000395;STX_DOC_000433;STX_DOC_000488;STX_DOC_000501;STX_DOC_000502;STX_DOC_000514;STX_DOC_000569;STX_DOC_000597;STX_DOC_000598;STX_DOC_000601;STX_DOC_000602;STX_DOC_000603;STX_DOC_000672;STX_DOC_001469;STX_DOC_001510,1976.0,2015.0
dino_pre2016,gonyautoxin,TOXIN,taxon_associated_with_toxin,gymnodinium,DINO_TAXON,11,STX_DOC_000060;STX_DOC_000096;STX_DOC_000146;STX_DOC_000214;STX_DOC_000218;STX_DOC_000248;STX_DOC_000328;STX_DOC_000352;STX_DOC_000488;STX_DOC_000598;STX_DOC_000672,1987.0,2015.0
dino_pre2016,gonyautoxin,TOXIN,taxon_associated_with_toxin,gymnodinium_catenatum,DINO_TAXON,10,STX_DOC_000060;STX_DOC_000096;STX_DOC_000146;STX_DOC_000214;STX_DOC_000218;STX_DOC_000248;STX_DOC_000328;STX_DOC_000352;STX_DOC_000488;STX_DOC_000672,1987.0,2015.0
dino_pre2016,gonyautoxin,TOXIN,taxon_associated_with_toxin,pyrodinium,DINO_TAXON,7,STX_DOC_000054;STX_DOC_000055;STX_DOC_000099;STX_DOC_000153;STX_DOC_000222;STX_DOC_000353;STX_DOC_000598,1982.0,1995.0
dino_pre2016,gonyautoxin,TOXIN,taxon_associated_with_toxin,pyrodinium_bahamense,DINO_TAXON,6,STX_DOC_000054;STX_DOC_000055;STX_DOC_000099;STX_DOC_000153;STX_DOC_000222;STX_DOC_000353,1982.0,1994.0
dino_pre2016,gtx,TOXIN,environment_associated_with_toxin,bloom,ENV_FACTOR,1,STX_DOC_000167,2010.0,2010.0
dino_pre2016,gtx,TOXIN,environment_associated_with_toxin,light,ENV_FACTOR,2,STX_DOC_000073;STX_DOC_000345,2000.0,2008.0
dino_pre2016,gtx,TOXIN,environment_associated_with_toxin,nitrate,ENV_FACTOR,2,STX_DOC_000148;STX_DOC_000345,1996.0,2000.0
dino_pre2016,gtx,TOXIN,environment_associated_with_toxin,nitrogen,ENV_FACTOR,1,STX_DOC_000254,1990.0,1990.0
dino_pre2016,gtx,TOXIN,environment_associated_with_toxin,nutrient,ENV_FACTOR,4,STX_DOC_000074;STX_DOC_000098;STX_DOC_000148;STX_DOC_000254,1990.0,1999.0
dino_pre2016,gtx,TOXIN,environment_associated_with_toxin,nutrients,ENV_FACTOR,2,STX_DOC_000148;STX_DOC_000345,1996.0,2000.0
dino_pre2016,gtx,TOXIN,environment_associated_with_toxin,phosphate,ENV_FACTOR,4,STX_DOC_000074;STX_DOC_000098;STX_DOC_000148;STX_DOC_000345,1996.0,2000.0
dino_pre2016,gtx,TOXIN,environment_associated_with_toxin,phosphorus,ENV_FACTOR,1,STX_DOC_000254,1990.0,1990.0
dino_pre2016,gtx,TOXIN,environment_associated_with_toxin,salinity,ENV_FACTOR,3,STX_DOC_000125;STX_DOC_000148;STX_DOC_000345,1996.0,2015.0
dino_pre2016,gtx,TOXIN,environment_associated_with_toxin,temperature,ENV_FACTOR,5,STX_DOC_000074;STX_DOC_000098;STX_DOC_000125;STX_DOC_000167;STX_DOC_000345,1999.0,2015.0
dino_pre2016,gtx,TOXIN,environment_associated_with_toxin,warming,ENV_FACTOR,1,STX_DOC_000125,2015.0,2015.0
dino_pre2016,gtx,TOXIN,method_associated_with_toxin,hplc,DETECTION_METHOD,15,STX_DOC_000073;STX_DOC_000095;STX_DOC_000096;STX_DOC_000192;STX_DOC_000211;STX_DOC_000251;STX_DOC_000328;STX_DOC_000332;STX_DOC_000334;STX_DOC_000347;STX_DOC_000393;STX_DOC_000501;STX_DOC_000502;STX_DOC_000576;STX_DOC_000655,1989.0,2015.0
dino_pre2016,gtx,TOXIN,method_associated_with_toxin,mass_spectrometry,DETECTION_METHOD,2,STX_DOC_000096;STX_DOC_000187,2002.0,2009.0
dino_pre2016,gtx,TOXIN,method_associated_with_toxin,mouse_bioassay,DETECTION_METHOD,4,STX_DOC_000096;STX_DOC_000253;STX_DOC_000332;STX_DOC_000334,1992.0,2005.0
dino_pre2016,gtx,TOXIN,process_associated_with_toxin,biosynthesis,BIOLOGICAL_PROCESS,3,STX_DOC_000074;STX_DOC_000098;STX_DOC_000251,1999.0,2002.0
dino_pre2016,gtx,TOXIN,process_associated_with_toxin,phylogenetic,BIOLOGICAL_PROCESS,2,STX_DOC_000187;STX_DOC_000211,2009.0,2015.0
dino_pre2016,gtx,TOXIN,process_associated_with_toxin,phylogeny,BIOLOGICAL_PROCESS,1,STX_DOC_000211,2015.0,2015.0
dino_pre2016,gtx,TOXIN,process_associated_with_toxin,resting_cyst,BIOLOGICAL_PROCESS,1,STX_DOC_000347,1996.0,1996.0
dino_pre2016,gtx,TOXIN,process_associated_with_toxin,saxitoxin_biosynthesis,BIOLOGICAL_PROCESS,2,STX_DOC_000074;STX_DOC_000098,1999.0,1999.0
dino_pre2016,gtx,TOXIN,process_associated_with_toxin,toxicity,BIOLOGICAL_PROCESS,17,STX_DOC_000074;STX_DOC_000096;STX_DOC_000098;STX_DOC_000125;STX_DOC_000147;STX_DOC_000187;STX_DOC_000253;STX_DOC_000332;STX_DOC_000334;STX_DOC_000345;STX_DOC_000347;STX_DOC_000393;STX_DOC_000433;STX_DOC_000501;STX_DOC_000502;STX_DOC_000518;STX_DOC_001732,1989.0,2015.0
dino_pre2016,gtx,TOXIN,process_associated_with_toxin,toxin_biosynthesis,BIOLOGICAL_PROCESS,2,STX_DOC_000074;STX_DOC_000098,1999.0,1999.0
dino_pre2016,gtx,TOXIN,process_associated_with_toxin,toxin_production,BIOLOGICAL_PROCESS,7,STX_DOC_000074;STX_DOC_000098;STX_DOC_000125;STX_DOC_000152;STX_DOC_000187;STX_DOC_000251;STX_DOC_000345,1992.0,2015.0
dino_pre2016,gtx,TOXIN,semantic_cooccurrence,paralytic_shellfish_poisoning,TOXIN,13,STX_DOC_000095;STX_DOC_000096;STX_DOC_000125;STX_DOC_000147;STX_DOC_000152;STX_DOC_000187;STX_DOC_000192;STX_DOC_000211;STX_DOC_000347;STX_DOC_000393;STX_DOC_000518;STX_DOC_000576;STX_DOC_001732,1989.0,2015.0
dino_pre2016,gtx,TOXIN,semantic_cooccurrence,paralytic_shellfish_toxins,TOXIN,7,STX_DOC_000029;STX_DOC_000030;STX_DOC_000148;STX_DOC_000167;STX_DOC_000251;STX_DOC_000253;STX_DOC_001732,1992.0,2012.0
dino_pre2016,gtx,TOXIN,taxon_associated_with_toxin,alexandrium,DINO_TAXON,25,STX_DOC_000029;STX_DOC_000030;STX_DOC_000074;STX_DOC_000095;STX_DOC_000098;STX_DOC_000125;STX_DOC_000147;STX_DOC_000148;STX_DOC_000152;STX_DOC_000187;STX_DOC_000192;STX_DOC_000211;STX_DOC_000251;STX_DOC_000253;STX_DOC_000254;STX_DOC_000332;STX_DOC_000334;STX_DOC_000345;STX_DOC_000347;STX_DOC_000433;STX_DOC_000501;STX_DOC_000502;STX_DOC_000518;STX_DOC_000576;STX_DOC_001188,1990.0,2015.0
dino_pre2016,gtx,TOXIN,taxon_associated_with_toxin,alexandrium_catenella,DINO_TAXON,2,STX_DOC_000095;STX_DOC_000152,1992.0,2006.0
dino_pre2016,gtx,TOXIN,taxon_associated_with_toxin,alexandrium_fundyense,DINO_TAXON,3,STX_DOC_000074;STX_DOC_000098;STX_DOC_000254,1990.0,1999.0
dino_pre2016,gtx,TOXIN,taxon_associated_with_toxin,alexandrium_minutum,DINO_TAXON,5,STX_DOC_000147;STX_DOC_000192;STX_DOC_000345;STX_DOC_000518;STX_DOC_000576,1998.0,2009.0
dino_pre2016,gtx,TOXIN,taxon_associated_with_toxin,alexandrium_ostenfeldii,DINO_TAXON,4,STX_DOC_000125;STX_DOC_000211;STX_DOC_000253;STX_DOC_000347,1992.0,2015.0
dino_pre2016,gtx,TOXIN,taxon_associated_with_toxin,alexandrium_tamarense,DINO_TAXON,9,STX_DOC_000029;STX_DOC_000030;STX_DOC_000187;STX_DOC_000192;STX_DOC_000251;STX_DOC_000332;STX_DOC_000334;STX_DOC_000501;STX_DOC_000502,2002.0,2009.0
dino_pre2016,gtx,TOXIN,taxon_associated_with_toxin,alexandrium_tamiyavanichii,DINO_TAXON,1,STX_DOC_000433,2010.0,2010.0
dino_pre2016,gtx,TOXIN,taxon_associated_with_toxin,cyanobacteria,CYANO_TAXON,1,STX_DOC_000192,2003.0,2003.0
dino_pre2016,gtx,TOXIN,taxon_associated_with_toxin,dinoflagellate,DINO_TAXON,32,STX_DOC_000029;STX_DOC_000030;STX_DOC_000074;STX_DOC_000095;STX_DOC_000096;STX_DOC_000125;STX_DOC_000147;STX_DOC_000148;STX_DOC_000152;STX_DOC_000167;STX_DOC_000192;STX_DOC_000211;STX_DOC_000251;STX_DOC_000253;STX_DOC_000254;STX_DOC_000328;STX_DOC_000332;STX_DOC_000334;STX_DOC_000345;STX_DOC_000347;STX_DOC_000393;STX_DOC_000433;STX_DOC_000488;STX_DOC_000501;STX_DOC_000502;STX_DOC_000518;STX_DOC_000576,1989.0,2015.0
dino_pre2016,gtx,TOXIN,taxon_associated_with_toxin,gymnodinium,DINO_TAXON,8,STX_DOC_000073;STX_DOC_000096;STX_DOC_000148;STX_DOC_000167;STX_DOC_000328;STX_DOC_000393;STX_DOC_000488;STX_DOC_000655,1989.0,2014.0
dino_pre2016,gtx,TOXIN,taxon_associated_with_toxin,gymnodinium_catenatum,DINO_TAXON,8,STX_DOC_000073;STX_DOC_000096;STX_DOC_000148;STX_DOC_000167;STX_DOC_000328;STX_DOC_000393;STX_DOC_000488;STX_DOC_000655,1989.0,2014.0
dino_pre2016,gymnodinium,DINO_TAXON,semantic_cooccurrence,anabaena,CYANO_TAXON,2,STX_DOC_000009;STX_DOC_000082,2003.0,2010.0
dino_pre2016,gymnodinium,DINO_TAXON,semantic_cooccurrence,aphanizomenon,CYANO_TAXON,1,STX_DOC_000009,2010.0,2010.0
dino_pre2016,gymnodinium,DINO_TAXON,semantic_cooccurrence,bloom,ENV_FACTOR,14,STX_DOC_000035;STX_DOC_000036;STX_DOC_000053;STX_DOC_000141;STX_DOC_000167;STX_DOC_000250;STX_DOC_000335;STX_DOC_000428;STX_DOC_000438;STX_DOC_000520;STX_DOC_000853;STX_DOC_000875;STX_DOC_000954;STX_DOC_001185,1988.0,2014.0
dino_pre2016,gymnodinium,DINO_TAXON,semantic_cooccurrence,chemical_analysis,DETECTION_METHOD,1,STX_DOC_000218,2010.0,2010.0
dino_pre2016,gymnodinium,DINO_TAXON,semantic_cooccurrence,cyanobacteria,CYANO_TAXON,10,STX_DOC_000009;STX_DOC_000052;STX_DOC_000082;STX_DOC_000116;STX_DOC_000131;STX_DOC_000598;STX_DOC_000832,1995.0,2014.0
dino_pre2016,gymnodinium,DINO_TAXON,semantic_cooccurrence,cylindrospermopsis,CYANO_TAXON,1,STX_DOC_000009,2010.0,2010.0
dino_pre2016,gymnodinium,DINO_TAXON,semantic_cooccurrence,elisa,DETECTION_METHOD,1,STX_DOC_000195,1991.0,1991.0
dino_pre2016,gymnodinium,DINO_TAXON,semantic_cooccurrence,gymnodinium_catenatum,DINO_TAXON,81,STX_DOC_000028;STX_DOC_000035;STX_DOC_000036;STX_DOC_000052;STX_DOC_000053;STX_DOC_000060;STX_DOC_000073;STX_DOC_000082;STX_DOC_000096;STX_DOC_000116;STX_DOC_000127;STX_DOC_000131;STX_DOC_000141;STX_DOC_000144;STX_DOC_000146;STX_DOC_000148;STX_DOC_000167;STX_DOC_000195;STX_DOC_000214;STX_DOC_000218;STX_DOC_000248;STX_DOC_000250;STX_DOC_000283;STX_DOC_000286;STX_DOC_000328;STX_DOC_000335;STX_DOC_000351;STX_DOC_000352;STX_DOC_000376;STX_DOC_000380;STX_DOC_000393;STX_DOC_000428;STX_DOC_000438;STX_DOC_000488;STX_DOC_000507;STX_DOC_000509;STX_DOC_000512;STX_DOC_000517;STX_DOC_000520;STX_DOC_000573;STX_DOC_000652;STX_DOC_000655;STX_DOC_000661;STX_DOC_000662;STX_DOC_000663;STX_DOC_000664;STX_DOC_000672;STX_DOC_000724;STX_DOC_000728;STX_DOC_000750;STX_DOC_000756;STX_DOC_000764;STX_DOC_000770;STX_DOC_000832;STX_DOC_000840;STX_DOC_000847;STX_DOC_000853;STX_DOC_000875;STX_DOC_000945;STX_DOC_000954;STX_DOC_000957;STX_DOC_000962;STX_DOC_001065;STX_DOC_001072;STX_DOC_001078;STX_DOC_001083;STX_DOC_001084;STX_DOC_001097;STX_DOC_001099;STX_DOC_001101;STX_DOC_001103;STX_DOC_001185;STX_DOC_001273;STX_DOC_001291;STX_DOC_001292;STX_DOC_001305;STX_DOC_001316;STX_DOC_001318;STX_DOC_001319;STX_DOC_001321;STX_DOC_001337,1986.0,2015.0
dino_pre2016,gymnodinium,DINO_TAXON,semantic_cooccurrence,harmful_algal_bloom,ENV_FACTOR,1,STX_DOC_000053,2011.0,2011.0
dino_pre2016,gymnodinium,DINO_TAXON,semantic_cooccurrence,hplc,DETECTION_METHOD,21,STX_DOC_000035;STX_DOC_000036;STX_DOC_000073;STX_DOC_000096;STX_DOC_000116;STX_DOC_000144;STX_DOC_000151;STX_DOC_000195;STX_DOC_000250;STX_DOC_000286;STX_DOC_000328;STX_DOC_000351;STX_DOC_000375;STX_DOC_000393;STX_DOC_000438;STX_DOC_000517;STX_DOC_000655;STX_DOC_000728;STX_DOC_000840;STX_DOC_000853;STX_DOC_001283,1988.0,2015.0
dino_pre2016,gymnodinium,DINO_TAXON,semantic_cooccurrence,irradiance,ENV_FACTOR,1,STX_DOC_000728,2014.0,2014.0
dino_pre2016,gymnodinium,DINO_TAXON,semantic_cooccurrence,lc_ms,DETECTION_METHOD,4,STX_DOC_000214;STX_DOC_000286;STX_DOC_000507;STX_DOC_000509,2003.0,2015.0
dino_pre2016,gymnodinium,DINO_TAXON,semantic_cooccurrence,lc_ms_ms,DETECTION_METHOD,1,STX_DOC_000214,2015.0,2015.0
dino_pre2016,gymnodinium,DINO_TAXON,semantic_cooccurrence,light,ENV_FACTOR,3,STX_DOC_000073;STX_DOC_000248;STX_DOC_000756,2003.0,2008.0
dino_pre2016,gymnodinium,DINO_TAXON,semantic_cooccurrence,liquid_chromatography,DETECTION_METHOD,3,STX_DOC_000060;STX_DOC_000286;STX_DOC_000517,1998.0,2015.0
dino_pre2016,gymnodinium,DINO_TAXON,semantic_cooccurrence,lyngbya,CYANO_TAXON,1,STX_DOC_000009,2010.0,2010.0
dino_pre2016,gymnodinium,DINO_TAXON,semantic_cooccurrence,mass_spectrometry,DETECTION_METHOD,4,STX_DOC_000060;STX_DOC_000096;STX_DOC_000286;STX_DOC_000573,2002.0,2015.0
dino_pre2016,gymnodinium,DINO_TAXON,semantic_cooccurrence,mouse_bioassay,DETECTION_METHOD,8,STX_DOC_000096;STX_DOC_000127;STX_DOC_000151;STX_DOC_000195;STX_DOC_000218;STX_DOC_000250;STX_DOC_000770;STX_DOC_001283,1991.0,2014.0
dino_pre2016,gymnodinium,DINO_TAXON,semantic_cooccurrence,nitrate,ENV_FACTOR,1,STX_DOC_000148,1996.0,1996.0
dino_pre2016,gymnodinium,DINO_TAXON,semantic_cooccurrence,nutrient,ENV_FACTOR,1,STX_DOC_000148,1996.0,1996.0
dino_pre2016,gymnodinium,DINO_TAXON,semantic_cooccurrence,nutrients,ENV_FACTOR,3,STX_DOC_000148;STX_DOC_000574;STX_DOC_001072,1996.0,2010.0
dino_pre2016,gymnodinium,DINO_TAXON,semantic_cooccurrence,phosphate,ENV_FACTOR,1,STX_DOC_000148,1996.0,1996.0
dino_pre2016,gymnodinium,DINO_TAXON,semantic_cooccurrence,planktothrix,CYANO_TAXON,1,STX_DOC_000009,2010.0,2010.0
dino_pre2016,gymnodinium,DINO_TAXON,semantic_cooccurrence,pyrodinium,DINO_TAXON,10,STX_DOC_000009;STX_DOC_000028;STX_DOC_000116;STX_DOC_000380;STX_DOC_000381;STX_DOC_000574;STX_DOC_000598;STX_DOC_000661;STX_DOC_000662;STX_DOC_000664,1995.0,2015.0
dino_pre2016,gymnodinium,DINO_TAXON,semantic_cooccurrence,pyrodinium_bahamense,DINO_TAXON,6,STX_DOC_000028;STX_DOC_000116;STX_DOC_000574;STX_DOC_000661;STX_DOC_000662;STX_DOC_000664,2006.0,2015.0
dino_pre2016,gymnodinium,DINO_TAXON,semantic_cooccurrence,salinity,ENV_FACTOR,1,STX_DOC_000148,1996.0,1996.0
dino_pre2016,gymnodinium,DINO_TAXON,semantic_cooccurrence,temperature,ENV_FACTOR,3,STX_DOC_000167;STX_DOC_000728;STX_DOC_000875,1995.0,2014.0
dino_pre2016,gymnodinium,DINO_TAXON,taxon_associated_with_process,biosynthesis,BIOLOGICAL_PROCESS,5,STX_DOC_000028;STX_DOC_000052;STX_DOC_000131;STX_DOC_000380;STX_DOC_000756,2003.0,2015.0
dino_pre2016,gymnodinium,DINO_TAXON,taxon_associated_with_process,evolution,BIOLOGICAL_PROCESS,3,STX_DOC_000028;STX_DOC_000250;STX_DOC_000381,2003.0,2015.0
dino_pre2016,gymnodinium,DINO_TAXON,taxon_associated_with_process,expression,BIOLOGICAL_PROCESS,3,STX_DOC_000652;STX_DOC_000724;STX_DOC_000756,2003.0,2015.0
dino_pre2016,gymnodinium,DINO_TAXON,taxon_associated_with_process,gene_duplication,BIOLOGICAL_PROCESS,1,STX_DOC_000028,2015.0,2015.0
dino_pre2016,gymnodinium,DINO_TAXON,taxon_associated_with_process,gene_expression,BIOLOGICAL_PROCESS,2,STX_DOC_000652;STX_DOC_000724,2013.0,2015.0
dino_pre2016,gymnodinium,DINO_TAXON,taxon_associated_with_process,harmful_algal_bloom,BIOLOGICAL_PROCESS,2,STX_DOC_000053;STX_DOC_000598,1995.0,2011.0
dino_pre2016,gymnodinium,DINO_TAXON,taxon_associated_with_process,horizontal_gene_transfer,BIOLOGICAL_PROCESS,1,STX_DOC_000052,2013.0,2013.0
dino_pre2016,gymnodinium,DINO_TAXON,taxon_associated_with_process,phylogenetic,BIOLOGICAL_PROCESS,7,STX_DOC_000052;STX_DOC_000131;STX_DOC_000335;STX_DOC_000381;STX_DOC_000663;STX_DOC_000756;STX_DOC_000847,2003.0,2013.0
dino_pre2016,gymnodinium,DINO_TAXON,taxon_associated_with_process,phylogeny,BIOLOGICAL_PROCESS,4,STX_DOC_000028;STX_DOC_000380;STX_DOC_000381;STX_DOC_001078,2007.0,2015.0
dino_pre2016,gymnodinium,DINO_TAXON,taxon_associated_with_process,polyketide_synthase,BIOLOGICAL_PROCESS,1,STX_DOC_000756,2003.0,2003.0
dino_pre2016,gymnodinium,DINO_TAXON,taxon_associated_with_process,regulation,BIOLOGICAL_PROCESS,2,STX_DOC_000724;STX_DOC_001283,2012.0,2015.0
dino_pre2016,gymnodinium,DINO_TAXON,taxon_associated_with_process,resting_cyst,BIOLOGICAL_PROCESS,1,STX_DOC_001078,2007.0,2007.0
dino_pre2016,gymnodinium,DINO_TAXON,taxon_associated_with_process,saxitoxin_biosynthesis,BIOLOGICAL_PROCESS,4,STX_DOC_000028;STX_DOC_000052;STX_DOC_000131;STX_DOC_000380,2011.0,2015.0
dino_pre2016,gymnodinium,DINO_TAXON,taxon_associated_with_process,toxicity,BIOLOGICAL_PROCESS,23,STX_DOC_000009;STX_DOC_000035;STX_DOC_000036;STX_DOC_000096;STX_DOC_000127;STX_DOC_000144;STX_DOC_000218;STX_DOC_000248;STX_DOC_000250;STX_DOC_000335;STX_DOC_000375;STX_DOC_000393;STX_DOC_000428;STX_DOC_000598;STX_DOC_000672;STX_DOC_000728;STX_DOC_000770;STX_DOC_000847;STX_DOC_000875;STX_DOC_000962;STX_DOC_001072;STX_DOC_001101;STX_DOC_001283,1989.0,2015.0
dino_pre2016,gymnodinium,DINO_TAXON,taxon_associated_with_process,toxin_production,BIOLOGICAL_PROCESS,4,STX_DOC_000351;STX_DOC_000376;STX_DOC_000381;STX_DOC_000847,1988.0,2014.0
dino_pre2016,gymnodinium,DINO_TAXON,taxon_associated_with_process,transcription,BIOLOGICAL_PROCESS,2,STX_DOC_000652;STX_DOC_000724,2013.0,2015.0
dino_pre2016,gymnodinium_catenatum,DINO_TAXON,semantic_cooccurrence,anabaena,CYANO_TAXON,1,STX_DOC_000082,2003.0,2003.0
dino_pre2016,gymnodinium_catenatum,DINO_TAXON,semantic_cooccurrence,bloom,ENV_FACTOR,14,STX_DOC_000035;STX_DOC_000036;STX_DOC_000053;STX_DOC_000141;STX_DOC_000167;STX_DOC_000250;STX_DOC_000335;STX_DOC_000428;STX_DOC_000438;STX_DOC_000520;STX_DOC_000853;STX_DOC_000875;STX_DOC_000954;STX_DOC_001185,1988.0,2014.0
dino_pre2016,gymnodinium_catenatum,DINO_TAXON,semantic_cooccurrence,chemical_analysis,DETECTION_METHOD,1,STX_DOC_000218,2010.0,2010.0
dino_pre2016,gymnodinium_catenatum,DINO_TAXON,semantic_cooccurrence,cyanobacteria,CYANO_TAXON,7,STX_DOC_000052;STX_DOC_000082;STX_DOC_000116;STX_DOC_000131;STX_DOC_000832,2003.0,2014.0
dino_pre2016,gymnodinium_catenatum,DINO_TAXON,semantic_cooccurrence,elisa,DETECTION_METHOD,1,STX_DOC_000195,1991.0,1991.0
dino_pre2016,gymnodinium_catenatum,DINO_TAXON,semantic_cooccurrence,harmful_algal_bloom,ENV_FACTOR,1,STX_DOC_000053,2011.0,2011.0
dino_pre2016,gymnodinium_catenatum,DINO_TAXON,semantic_cooccurrence,hplc,DETECTION_METHOD,18,STX_DOC_000035;STX_DOC_000036;STX_DOC_000073;STX_DOC_000096;STX_DOC_000116;STX_DOC_000144;STX_DOC_000195;STX_DOC_000250;STX_DOC_000286;STX_DOC_000328;STX_DOC_000351;STX_DOC_000393;STX_DOC_000438;STX_DOC_000517;STX_DOC_000655;STX_DOC_000728;STX_DOC_000840;STX_DOC_000853,1988.0,2014.0
dino_pre2016,gymnodinium_catenatum,DINO_TAXON,semantic_cooccurrence,irradiance,ENV_FACTOR,1,STX_DOC_000728,2014.0,2014.0
dino_pre2016,gymnodinium_catenatum,DINO_TAXON,semantic_cooccurrence,lc_ms,DETECTION_METHOD,4,STX_DOC_000214;STX_DOC_000286;STX_DOC_000507;STX_DOC_000509,2003.0,2015.0
dino_pre2016,gymnodinium_catenatum,DINO_TAXON,semantic_cooccurrence,lc_ms_ms,DETECTION_METHOD,1,STX_DOC_000214,2015.0,2015.0
dino_pre2016,gymnodinium_catenatum,DINO_TAXON,semantic_cooccurrence,light,ENV_FACTOR,3,STX_DOC_000073;STX_DOC_000248;STX_DOC_000756,2003.0,2008.0
dino_pre2016,gymnodinium_catenatum,DINO_TAXON,semantic_cooccurrence,liquid_chromatography,DETECTION_METHOD,3,STX_DOC_000060;STX_DOC_000286;STX_DOC_000517,1998.0,2015.0
dino_pre2016,gymnodinium_catenatum,DINO_TAXON,semantic_cooccurrence,mass_spectrometry,DETECTION_METHOD,4,STX_DOC_000060;STX_DOC_000096;STX_DOC_000286;STX_DOC_000573,2002.0,2015.0
dino_pre2016,gymnodinium_catenatum,DINO_TAXON,semantic_cooccurrence,mouse_bioassay,DETECTION_METHOD,6,STX_DOC_000096;STX_DOC_000127;STX_DOC_000195;STX_DOC_000218;STX_DOC_000250;STX_DOC_000770,1991.0,2014.0
dino_pre2016,gymnodinium_catenatum,DINO_TAXON,semantic_cooccurrence,nitrate,ENV_FACTOR,1,STX_DOC_000148,1996.0,1996.0
dino_pre2016,gymnodinium_catenatum,DINO_TAXON,semantic_cooccurrence,nutrient,ENV_FACTOR,1,STX_DOC_000148,1996.0,1996.0
dino_pre2016,gymnodinium_catenatum,DINO_TAXON,semantic_cooccurrence,nutrients,ENV_FACTOR,2,STX_DOC_000148;STX_DOC_001072,1996.0,2010.0
dino_pre2016,gymnodinium_catenatum,DINO_TAXON,semantic_cooccurrence,phosphate,ENV_FACTOR,1,STX_DOC_000148,1996.0,1996.0
dino_pre2016,gymnodinium_catenatum,DINO_TAXON,semantic_cooccurrence,pyrodinium,DINO_TAXON,6,STX_DOC_000028;STX_DOC_000116;STX_DOC_000380;STX_DOC_000661;STX_DOC_000662;STX_DOC_000664,2006.0,2015.0
dino_pre2016,gymnodinium_catenatum,DINO_TAXON,semantic_cooccurrence,pyrodinium_bahamense,DINO_TAXON,5,STX_DOC_000028;STX_DOC_000116;STX_DOC_000661;STX_DOC_000662;STX_DOC_000664,2006.0,2015.0
dino_pre2016,gymnodinium_catenatum,DINO_TAXON,semantic_cooccurrence,salinity,ENV_FACTOR,1,STX_DOC_000148,1996.0,1996.0
dino_pre2016,gymnodinium_catenatum,DINO_TAXON,semantic_cooccurrence,temperature,ENV_FACTOR,3,STX_DOC_000167;STX_DOC_000728;STX_DOC_000875,1995.0,2014.0
dino_pre2016,gymnodinium_catenatum,DINO_TAXON,taxon_associated_with_process,biosynthesis,BIOLOGICAL_PROCESS,5,STX_DOC_000028;STX_DOC_000052;STX_DOC_000131;STX_DOC_000380;STX_DOC_000756,2003.0,2015.0
dino_pre2016,gymnodinium_catenatum,DINO_TAXON,taxon_associated_with_process,evolution,BIOLOGICAL_PROCESS,2,STX_DOC_000028;STX_DOC_000250,2003.0,2015.0
dino_pre2016,gymnodinium_catenatum,DINO_TAXON,taxon_associated_with_process,expression,BIOLOGICAL_PROCESS,3,STX_DOC_000652;STX_DOC_000724;STX_DOC_000756,2003.0,2015.0
dino_pre2016,gymnodinium_catenatum,DINO_TAXON,taxon_associated_with_process,gene_duplication,BIOLOGICAL_PROCESS,1,STX_DOC_000028,2015.0,2015.0
dino_pre2016,gymnodinium_catenatum,DINO_TAXON,taxon_associated_with_process,gene_expression,BIOLOGICAL_PROCESS,2,STX_DOC_000652;STX_DOC_000724,2013.0,2015.0
dino_pre2016,gymnodinium_catenatum,DINO_TAXON,taxon_associated_with_process,harmful_algal_bloom,BIOLOGICAL_PROCESS,1,STX_DOC_000053,2011.0,2011.0
dino_pre2016,gymnodinium_catenatum,DINO_TAXON,taxon_associated_with_process,horizontal_gene_transfer,BIOLOGICAL_PROCESS,1,STX_DOC_000052,2013.0,2013.0
dino_pre2016,gymnodinium_catenatum,DINO_TAXON,taxon_associated_with_process,phylogenetic,BIOLOGICAL_PROCESS,6,STX_DOC_000052;STX_DOC_000131;STX_DOC_000335;STX_DOC_000663;STX_DOC_000756;STX_DOC_000847,2003.0,2013.0
dino_pre2016,gymnodinium_catenatum,DINO_TAXON,taxon_associated_with_process,phylogeny,BIOLOGICAL_PROCESS,3,STX_DOC_000028;STX_DOC_000380;STX_DOC_001078,2007.0,2015.0
dino_pre2016,gymnodinium_catenatum,DINO_TAXON,taxon_associated_with_process,polyketide_synthase,BIOLOGICAL_PROCESS,1,STX_DOC_000756,2003.0,2003.0
dino_pre2016,gymnodinium_catenatum,DINO_TAXON,taxon_associated_with_process,regulation,BIOLOGICAL_PROCESS,1,STX_DOC_000724,2015.0,2015.0
dino_pre2016,gymnodinium_catenatum,DINO_TAXON,taxon_associated_with_process,resting_cyst,BIOLOGICAL_PROCESS,1,STX_DOC_001078,2007.0,2007.0
dino_pre2016,gymnodinium_catenatum,DINO_TAXON,taxon_associated_with_process,saxitoxin_biosynthesis,BIOLOGICAL_PROCESS,4,STX_DOC_000028;STX_DOC_000052;STX_DOC_000131;STX_DOC_000380,2011.0,2015.0
dino_pre2016,gymnodinium_catenatum,DINO_TAXON,taxon_associated_with_process,toxicity,BIOLOGICAL_PROCESS,19,STX_DOC_000035;STX_DOC_000036;STX_DOC_000096;STX_DOC_000127;STX_DOC_000144;STX_DOC_000218;STX_DOC_000248;STX_DOC_000250;STX_DOC_000335;STX_DOC_000393;STX_DOC_000428;STX_DOC_000672;STX_DOC_000728;STX_DOC_000770;STX_DOC_000847;STX_DOC_000875;STX_DOC_000962;STX_DOC_001072;STX_DOC_001101,1989.0,2014.0
dino_pre2016,gymnodinium_catenatum,DINO_TAXON,taxon_associated_with_process,toxin_production,BIOLOGICAL_PROCESS,3,STX_DOC_000351;STX_DOC_000376;STX_DOC_000847,1988.0,2014.0
dino_pre2016,gymnodinium_catenatum,DINO_TAXON,taxon_associated_with_process,transcription,BIOLOGICAL_PROCESS,2,STX_DOC_000652;STX_DOC_000724,2013.0,2015.0
dino_pre2016,harmful_algal_bloom,ENV_FACTOR,environment_associated_with_process,toxicity,BIOLOGICAL_PROCESS,2,STX_DOC_000508;STX_DOC_000642,2003.0,2015.0
dino_pre2016,harmful_algal_bloom,ENV_FACTOR,environment_associated_with_process,toxin_production,BIOLOGICAL_PROCESS,1,STX_DOC_000289,2006.0,2006.0
dino_pre2016,harmful_algal_bloom,ENV_FACTOR,semantic_cooccurrence,biosensor,DETECTION_METHOD,1,STX_DOC_000942,2013.0,2013.0
dino_pre2016,harmful_algal_bloom,ENV_FACTOR,semantic_cooccurrence,elisa,DETECTION_METHOD,2,STX_DOC_000287;STX_DOC_000288,2008.0,2008.0
dino_pre2016,harmful_algal_bloom,ENV_FACTOR,semantic_cooccurrence,hplc,DETECTION_METHOD,2,STX_DOC_000287;STX_DOC_000288,2008.0,2008.0
dino_pre2016,harmful_algal_bloom,ENV_FACTOR,semantic_cooccurrence,mass_spectrometry,DETECTION_METHOD,1,STX_DOC_000738,2012.0,2012.0
dino_pre2016,horizontal_gene_transfer,BIOLOGICAL_PROCESS,semantic_cooccurrence,gene_loss,BIOLOGICAL_PROCESS,1,STX_DOC_001735,2011.0,2011.0
dino_pre2016,hplc,DETECTION_METHOD,semantic_cooccurrence,biosensor,DETECTION_METHOD,2,STX_DOC_000844;STX_DOC_001745,2004.0,2011.0
dino_pre2016,hplc,DETECTION_METHOD,semantic_cooccurrence,elisa,DETECTION_METHOD,6,STX_DOC_000195;STX_DOC_000287;STX_DOC_000288;STX_DOC_000290;STX_DOC_000292;STX_DOC_000850,1991.0,2009.0
dino_pre2016,hplc,DETECTION_METHOD,semantic_cooccurrence,harmful_algal_bloom,BIOLOGICAL_PROCESS,1,STX_DOC_000848,2010.0,2010.0
dino_pre2016,hplc,DETECTION_METHOD,semantic_cooccurrence,lc_ms,DETECTION_METHOD,5,STX_DOC_000280;STX_DOC_000286;STX_DOC_000290;STX_DOC_000292;STX_DOC_000569,2006.0,2013.0
dino_pre2016,hplc,DETECTION_METHOD,semantic_cooccurrence,lc_ms_ms,DETECTION_METHOD,2,STX_DOC_000280;STX_DOC_000569,2012.0,2013.0
dino_pre2016,hplc,DETECTION_METHOD,semantic_cooccurrence,liquid_chromatography,DETECTION_METHOD,5,STX_DOC_000286;STX_DOC_000517;STX_DOC_000730;STX_DOC_000973;STX_DOC_000975,1998.0,2013.0
dino_pre2016,hplc,DETECTION_METHOD,semantic_cooccurrence,mass_spectrometry,DETECTION_METHOD,8,STX_DOC_000096;STX_DOC_000166;STX_DOC_000286;STX_DOC_000290;STX_DOC_000292;STX_DOC_000348;STX_DOC_000599;STX_DOC_000600,1994.0,2012.0
dino_pre2016,hplc,DETECTION_METHOD,semantic_cooccurrence,mouse_bioassay,DETECTION_METHOD,25,STX_DOC_000081;STX_DOC_000096;STX_DOC_000151;STX_DOC_000195;STX_DOC_000250;STX_DOC_000290;STX_DOC_000292;STX_DOC_000332;STX_DOC_000334;STX_DOC_000569;STX_DOC_000570;STX_DOC_000588;STX_DOC_000589;STX_DOC_000591;STX_DOC_000676;STX_DOC_000844;STX_DOC_000848;STX_DOC_000850;STX_DOC_000868;STX_DOC_000964;STX_DOC_000973;STX_DOC_000975;STX_DOC_001198;STX_DOC_001283;STX_DOC_001743,1991.0,2012.0
dino_pre2016,hplc,DETECTION_METHOD,semantic_cooccurrence,resting_cyst,BIOLOGICAL_PROCESS,1,STX_DOC_000347,1996.0,1996.0
dino_pre2016,hplc,DETECTION_METHOD,semantic_cooccurrence,secondary_metabolism,BIOLOGICAL_PROCESS,1,STX_DOC_000142,2012.0,2012.0
dino_pre2016,irradiance,ENV_FACTOR,environment_associated_with_process,toxicity,BIOLOGICAL_PROCESS,1,STX_DOC_000728,2014.0,2014.0
dino_pre2016,irradiance,ENV_FACTOR,environment_associated_with_process,toxin_production,BIOLOGICAL_PROCESS,1,STX_DOC_000437,2006.0,2006.0
dino_pre2016,irradiance,ENV_FACTOR,semantic_cooccurrence,bloom,ENV_FACTOR,1,STX_DOC_000279,2014.0,2014.0
dino_pre2016,irradiance,ENV_FACTOR,semantic_cooccurrence,hplc,DETECTION_METHOD,1,STX_DOC_000728,2014.0,2014.0
dino_pre2016,lc_ms,DETECTION_METHOD,semantic_cooccurrence,elisa,DETECTION_METHOD,2,STX_DOC_000290;STX_DOC_000292,2006.0,2006.0
dino_pre2016,lc_ms,DETECTION_METHOD,semantic_cooccurrence,lc_ms_ms,DETECTION_METHOD,4,STX_DOC_000007;STX_DOC_000214;STX_DOC_000280;STX_DOC_000569,2012.0,2015.0
dino_pre2016,lc_ms,DETECTION_METHOD,semantic_cooccurrence,liquid_chromatography,DETECTION_METHOD,2,STX_DOC_000286;STX_DOC_001740,2006.0,2008.0
dino_pre2016,lc_ms,DETECTION_METHOD,semantic_cooccurrence,mass_spectrometry,DETECTION_METHOD,6,STX_DOC_000007;STX_DOC_000286;STX_DOC_000290;STX_DOC_000292;STX_DOC_000572;STX_DOC_001740,2006.0,2015.0
dino_pre2016,lc_ms,DETECTION_METHOD,semantic_cooccurrence,mouse_bioassay,DETECTION_METHOD,3,STX_DOC_000290;STX_DOC_000292;STX_DOC_000569,2006.0,2012.0
dino_pre2016,lc_ms_ms,DETECTION_METHOD,semantic_cooccurrence,mass_spectrometry,DETECTION_METHOD,1,STX_DOC_000007,2015.0,2015.0
dino_pre2016,lc_ms_ms,DETECTION_METHOD,semantic_cooccurrence,mouse_bioassay,DETECTION_METHOD,1,STX_DOC_000569,2012.0,2012.0
dino_pre2016,light,ENV_FACTOR,environment_associated_with_process,biosynthesis,BIOLOGICAL_PROCESS,3,STX_DOC_000040;STX_DOC_000300;STX_DOC_000756,1998.0,2014.0
dino_pre2016,light,ENV_FACTOR,environment_associated_with_process,expression,BIOLOGICAL_PROCESS,3,STX_DOC_000040;STX_DOC_000435;STX_DOC_000756,2003.0,2014.0
dino_pre2016,light,ENV_FACTOR,environment_associated_with_process,gene_expression,BIOLOGICAL_PROCESS,1,STX_DOC_000435,2009.0,2009.0
dino_pre2016,light,ENV_FACTOR,environment_associated_with_process,phylogenetic,BIOLOGICAL_PROCESS,1,STX_DOC_000756,2003.0,2003.0
dino_pre2016,light,ENV_FACTOR,environment_associated_with_process,polyketide_synthase,BIOLOGICAL_PROCESS,1,STX_DOC_000756,2003.0,2003.0
dino_pre2016,light,ENV_FACTOR,environment_associated_with_process,regulation,BIOLOGICAL_PROCESS,4,STX_DOC_000142;STX_DOC_000300;STX_DOC_000435;STX_DOC_000565,1998.0,2013.0
dino_pre2016,light,ENV_FACTOR,environment_associated_with_process,saxitoxin_biosynthesis,BIOLOGICAL_PROCESS,1,STX_DOC_000300,1998.0,1998.0
dino_pre2016,light,ENV_FACTOR,environment_associated_with_process,secondary_metabolism,BIOLOGICAL_PROCESS,1,STX_DOC_000142,2012.0,2012.0
dino_pre2016,light,ENV_FACTOR,environment_associated_with_process,toxicity,BIOLOGICAL_PROCESS,9,STX_DOC_000062;STX_DOC_000142;STX_DOC_000248;STX_DOC_000300;STX_DOC_000320;STX_DOC_000345;STX_DOC_000572;STX_DOC_000667;STX_DOC_000674,1997.0,2014.0
dino_pre2016,light,ENV_FACTOR,environment_associated_with_process,toxin_biosynthesis,BIOLOGICAL_PROCESS,1,STX_DOC_000040,2014.0,2014.0
dino_pre2016,light,ENV_FACTOR,environment_associated_with_process,toxin_production,BIOLOGICAL_PROCESS,12,STX_DOC_000054;STX_DOC_000055;STX_DOC_000062;STX_DOC_000142;STX_DOC_000300;STX_DOC_000345;STX_DOC_000437;STX_DOC_000565;STX_DOC_000572;STX_DOC_000667;STX_DOC_000674;STX_DOC_000979,1994.0,2013.0
dino_pre2016,light,ENV_FACTOR,environment_associated_with_process,transcriptome,BIOLOGICAL_PROCESS,3,STX_DOC_000040;STX_DOC_000435;STX_DOC_000565,2009.0,2014.0
dino_pre2016,light,ENV_FACTOR,environment_associated_with_process,transcriptomic,BIOLOGICAL_PROCESS,2,STX_DOC_000435;STX_DOC_000565,2009.0,2013.0
dino_pre2016,light,ENV_FACTOR,semantic_cooccurrence,bloom,ENV_FACTOR,4,STX_DOC_000142;STX_DOC_000435;STX_DOC_000565;STX_DOC_000668,2001.0,2013.0
dino_pre2016,light,ENV_FACTOR,semantic_cooccurrence,environmental_stress,ENV_FACTOR,1,STX_DOC_000062,1999.0,1999.0
dino_pre2016,light,ENV_FACTOR,semantic_cooccurrence,hplc,DETECTION_METHOD,5,STX_DOC_000062;STX_DOC_000073;STX_DOC_000142;STX_DOC_000668;STX_DOC_000864,1999.0,2012.0
dino_pre2016,light,ENV_FACTOR,semantic_cooccurrence,irradiance,ENV_FACTOR,1,STX_DOC_000437,2006.0,2006.0
dino_pre2016,light,ENV_FACTOR,semantic_cooccurrence,lc_ms,DETECTION_METHOD,1,STX_DOC_000572,2010.0,2010.0
dino_pre2016,light,ENV_FACTOR,semantic_cooccurrence,mass_spectrometry,DETECTION_METHOD,1,STX_DOC_000572,2010.0,2010.0
dino_pre2016,light,ENV_FACTOR,semantic_cooccurrence,warming,ENV_FACTOR,1,STX_DOC_000142,2012.0,2012.0
dino_pre2016,lyngbya,CYANO_TAXON,semantic_cooccurrence,bloom,ENV_FACTOR,1,STX_DOC_000071,2010.0,2010.0
dino_pre2016,lyngbya,CYANO_TAXON,semantic_cooccurrence,hplc,DETECTION_METHOD,2,STX_DOC_000071;STX_DOC_000166,2010.0,2012.0
dino_pre2016,lyngbya,CYANO_TAXON,semantic_cooccurrence,mass_spectrometry,DETECTION_METHOD,1,STX_DOC_000166,2012.0,2012.0
dino_pre2016,lyngbya,CYANO_TAXON,semantic_cooccurrence,planktothrix,CYANO_TAXON,1,STX_DOC_000009,2010.0,2010.0
dino_pre2016,lyngbya,CYANO_TAXON,taxon_associated_with_process,biosynthesis,BIOLOGICAL_PROCESS,1,STX_DOC_000071,2010.0,2010.0
dino_pre2016,lyngbya,CYANO_TAXON,taxon_associated_with_process,toxicity,BIOLOGICAL_PROCESS,1,STX_DOC_000009,2010.0,2010.0
dino_pre2016,lyngbya,CYANO_TAXON,taxon_associated_with_process,toxin_production,BIOLOGICAL_PROCESS,1,STX_DOC_000166,2012.0,2012.0
dino_pre2016,mass_spectrometry,DETECTION_METHOD,semantic_cooccurrence,elisa,DETECTION_METHOD,2,STX_DOC_000290;STX_DOC_000292,2006.0,2006.0
dino_pre2016,mass_spectrometry,DETECTION_METHOD,semantic_cooccurrence,harmful_algal_bloom,BIOLOGICAL_PROCESS,1,STX_DOC_000738,2012.0,2012.0
dino_pre2016,mass_spectrometry,DETECTION_METHOD,semantic_cooccurrence,liquid_chromatography,DETECTION_METHOD,6,STX_DOC_000060;STX_DOC_000286;STX_DOC_000560;STX_DOC_000982;STX_DOC_000984;STX_DOC_001740,1992.0,2015.0
dino_pre2016,mass_spectrometry,DETECTION_METHOD,semantic_cooccurrence,mouse_bioassay,DETECTION_METHOD,3,STX_DOC_000096;STX_DOC_000290;STX_DOC_000292,2002.0,2006.0
dino_pre2016,mouse_bioassay,DETECTION_METHOD,semantic_cooccurrence,biosensor,DETECTION_METHOD,1,STX_DOC_000844,2011.0,2011.0
dino_pre2016,mouse_bioassay,DETECTION_METHOD,semantic_cooccurrence,chemical_analysis,DETECTION_METHOD,2,STX_DOC_000218;STX_DOC_000971,2000.0,2010.0
dino_pre2016,mouse_bioassay,DETECTION_METHOD,semantic_cooccurrence,elisa,DETECTION_METHOD,4,STX_DOC_000195;STX_DOC_000290;STX_DOC_000292;STX_DOC_000850,1991.0,2009.0
dino_pre2016,mouse_bioassay,DETECTION_METHOD,semantic_cooccurrence,harmful_algal_bloom,BIOLOGICAL_PROCESS,1,STX_DOC_000848,2010.0,2010.0
dino_pre2016,mouse_bioassay,DETECTION_METHOD,semantic_cooccurrence,liquid_chromatography,DETECTION_METHOD,2,STX_DOC_000973;STX_DOC_000975,1999.0,1999.0
dino_pre2016,mouse_bioassay,DETECTION_METHOD,semantic_cooccurrence,resting_cyst,BIOLOGICAL_PROCESS,1,STX_DOC_000776,1982.0,1982.0
dino_pre2016,neosaxitoxin,TOXIN,environment_associated_with_toxin,bloom,ENV_FACTOR,1,STX_DOC_000129,2014.0,2014.0
dino_pre2016,neosaxitoxin,TOXIN,environment_associated_with_toxin,environmental_stress,ENV_FACTOR,1,STX_DOC_000062,1999.0,1999.0
dino_pre2016,neosaxitoxin,TOXIN,environment_associated_with_toxin,light,ENV_FACTOR,5,STX_DOC_000054;STX_DOC_000055;STX_DOC_000062;STX_DOC_000073;STX_DOC_000248,1994.0,2008.0
dino_pre2016,neosaxitoxin,TOXIN,environment_associated_with_toxin,nitrate,ENV_FACTOR,1,STX_DOC_000062,1999.0,1999.0
dino_pre2016,neosaxitoxin,TOXIN,environment_associated_with_toxin,nitrogen,ENV_FACTOR,1,STX_DOC_000062,1999.0,1999.0
dino_pre2016,neosaxitoxin,TOXIN,environment_associated_with_toxin,nutrient,ENV_FACTOR,2,STX_DOC_000054;STX_DOC_000055,1994.0,1994.0
dino_pre2016,neosaxitoxin,TOXIN,environment_associated_with_toxin,salinity,ENV_FACTOR,3,STX_DOC_000054;STX_DOC_000055;STX_DOC_000062,1994.0,1999.0
dino_pre2016,neosaxitoxin,TOXIN,environment_associated_with_toxin,temperature,ENV_FACTOR,2,STX_DOC_000054;STX_DOC_000055,1994.0,1994.0
dino_pre2016,neosaxitoxin,TOXIN,method_associated_with_toxin,hplc,DETECTION_METHOD,6,STX_DOC_000051;STX_DOC_000062;STX_DOC_000073;STX_DOC_000080;STX_DOC_000096;STX_DOC_000429,1999.0,2014.0
dino_pre2016,neosaxitoxin,TOXIN,method_associated_with_toxin,lc_ms,DETECTION_METHOD,1,STX_DOC_000214,2015.0,2015.0
dino_pre2016,neosaxitoxin,TOXIN,method_associated_with_toxin,lc_ms_ms,DETECTION_METHOD,1,STX_DOC_000214,2015.0,2015.0
dino_pre2016,neosaxitoxin,TOXIN,method_associated_with_toxin,liquid_chromatography,DETECTION_METHOD,2,STX_DOC_000060;STX_DOC_000560,2015.0,2015.0
dino_pre2016,neosaxitoxin,TOXIN,method_associated_with_toxin,mass_spectrometry,DETECTION_METHOD,5,STX_DOC_000060;STX_DOC_000096;STX_DOC_000187;STX_DOC_000560;STX_DOC_000859,2002.0,2015.0
dino_pre2016,neosaxitoxin,TOXIN,method_associated_with_toxin,mouse_bioassay,DETECTION_METHOD,3,STX_DOC_000096;STX_DOC_000350;STX_DOC_000670,1992.0,2002.0
dino_pre2016,neosaxitoxin,TOXIN,process_associated_with_toxin,biosynthesis,BIOLOGICAL_PROCESS,1,STX_DOC_000603,1984.0,1984.0
dino_pre2016,neosaxitoxin,TOXIN,process_associated_with_toxin,phylogenetic,BIOLOGICAL_PROCESS,2,STX_DOC_000187;STX_DOC_000331,2005.0,2009.0
dino_pre2016,neosaxitoxin,TOXIN,process_associated_with_toxin,phylogeny,BIOLOGICAL_PROCESS,1,STX_DOC_000429,2014.0,2014.0
dino_pre2016,neosaxitoxin,TOXIN,process_associated_with_toxin,toxicity,BIOLOGICAL_PROCESS,11,STX_DOC_000045;STX_DOC_000062;STX_DOC_000096;STX_DOC_000120;STX_DOC_000129;STX_DOC_000187;STX_DOC_000248;STX_DOC_000331;STX_DOC_000350;STX_DOC_000395;STX_DOC_000670,1979.0,2014.0
dino_pre2016,neosaxitoxin,TOXIN,process_associated_with_toxin,toxin_production,BIOLOGICAL_PROCESS,6,STX_DOC_000054;STX_DOC_000055;STX_DOC_000062;STX_DOC_000120;STX_DOC_000152;STX_DOC_000187,1992.0,2009.0
dino_pre2016,neosaxitoxin,TOXIN,semantic_cooccurrence,gonyautoxin,TOXIN,20,STX_DOC_000029;STX_DOC_000030;STX_DOC_000045;STX_DOC_000054;STX_DOC_000055;STX_DOC_000060;STX_DOC_000062;STX_DOC_000080;STX_DOC_000096;STX_DOC_000099;STX_DOC_000152;STX_DOC_000153;STX_DOC_000187;STX_DOC_000214;STX_DOC_000222;STX_DOC_000248;STX_DOC_000350;STX_DOC_000353;STX_DOC_000395;STX_DOC_000603,1979.0,2015.0
dino_pre2016,neosaxitoxin,TOXIN,semantic_cooccurrence,gtx,TOXIN,6,STX_DOC_000029;STX_DOC_000030;STX_DOC_000073;STX_DOC_000096;STX_DOC_000152;STX_DOC_000187,1992.0,2009.0
dino_pre2016,neosaxitoxin,TOXIN,semantic_cooccurrence,paralytic_shellfish_poisoning,TOXIN,15,STX_DOC_000045;STX_DOC_000060;STX_DOC_000062;STX_DOC_000096;STX_DOC_000099;STX_DOC_000129;STX_DOC_000152;STX_DOC_000153;STX_DOC_000187;STX_DOC_000248;STX_DOC_000331;STX_DOC_000392;STX_DOC_000429;STX_DOC_000560;STX_DOC_000879,1982.0,2015.0
dino_pre2016,neosaxitoxin,TOXIN,semantic_cooccurrence,paralytic_shellfish_toxins,TOXIN,17,STX_DOC_000029;STX_DOC_000030;STX_DOC_000045;STX_DOC_000051;STX_DOC_000060;STX_DOC_000080;STX_DOC_000099;STX_DOC_000119;STX_DOC_000120;STX_DOC_000153;STX_DOC_000214;STX_DOC_000222;STX_DOC_000350;STX_DOC_000353;STX_DOC_000394;STX_DOC_000395;STX_DOC_000603,1979.0,2015.0
dino_pre2016,neosaxitoxin,TOXIN,taxon_associated_with_toxin,alexandrium,DINO_TAXON,14,STX_DOC_000029;STX_DOC_000030;STX_DOC_000062;STX_DOC_000119;STX_DOC_000120;STX_DOC_000129;STX_DOC_000152;STX_DOC_000187;STX_DOC_000331;STX_DOC_000350;STX_DOC_000392;STX_DOC_000429;STX_DOC_000670;STX_DOC_001196,1990.0,2014.0
dino_pre2016,neosaxitoxin,TOXIN,taxon_associated_with_toxin,alexandrium_catenella,DINO_TAXON,1,STX_DOC_000152,1992.0,1992.0
dino_pre2016,neosaxitoxin,TOXIN,taxon_associated_with_toxin,alexandrium_fundyense,DINO_TAXON,1,STX_DOC_000129,2014.0,2014.0
dino_pre2016,neosaxitoxin,TOXIN,taxon_associated_with_toxin,alexandrium_minutum,DINO_TAXON,1,STX_DOC_000120,1997.0,1997.0
dino_pre2016,neosaxitoxin,TOXIN,taxon_associated_with_toxin,alexandrium_tamarense,DINO_TAXON,9,STX_DOC_000029;STX_DOC_000030;STX_DOC_000062;STX_DOC_000119;STX_DOC_000120;STX_DOC_000187;STX_DOC_000331;STX_DOC_000350;STX_DOC_000429,1992.0,2014.0
dino_pre2016,neosaxitoxin,TOXIN,taxon_associated_with_toxin,cyanobacteria,CYANO_TAXON,2,STX_DOC_000051;STX_DOC_000080,2010.0,2014.0
dino_pre2016,neosaxitoxin,TOXIN,taxon_associated_with_toxin,dinoflagellate,DINO_TAXON,28,STX_DOC_000029;STX_DOC_000030;STX_DOC_000045;STX_DOC_000051;STX_DOC_000054;STX_DOC_000055;STX_DOC_000060;STX_DOC_000062;STX_DOC_000080;STX_DOC_000096;STX_DOC_000099;STX_DOC_000120;STX_DOC_000129;STX_DOC_000152;STX_DOC_000153;STX_DOC_000214;STX_DOC_000222;STX_DOC_000331;STX_DOC_000350;STX_DOC_000353;STX_DOC_000394;STX_DOC_000395;STX_DOC_000560;STX_DOC_000603;STX_DOC_000670;STX_DOC_000859;STX_DOC_000879;STX_DOC_001212,1979.0,2015.0
dino_pre2016,neosaxitoxin,TOXIN,taxon_associated_with_toxin,gymnodinium,DINO_TAXON,5,STX_DOC_000060;STX_DOC_000073;STX_DOC_000096;STX_DOC_000214;STX_DOC_000248,2002.0,2015.0
dino_pre2016,neosaxitoxin,TOXIN,taxon_associated_with_toxin,gymnodinium_catenatum,DINO_TAXON,5,STX_DOC_000060;STX_DOC_000073;STX_DOC_000096;STX_DOC_000214;STX_DOC_000248,2002.0,2015.0
dino_pre2016,neosaxitoxin,TOXIN,taxon_associated_with_toxin,pyrodinium,DINO_TAXON,6,STX_DOC_000054;STX_DOC_000055;STX_DOC_000099;STX_DOC_000153;STX_DOC_000222;STX_DOC_000353,1982.0,1994.0
dino_pre2016,neosaxitoxin,TOXIN,taxon_associated_with_toxin,pyrodinium_bahamense,DINO_TAXON,6,STX_DOC_000054;STX_DOC_000055;STX_DOC_000099;STX_DOC_000153;STX_DOC_000222;STX_DOC_000353,1982.0,1994.0
dino_pre2016,nitrate,ENV_FACTOR,environment_associated_with_process,environmental_regulation,BIOLOGICAL_PROCESS,1,STX_DOC_000219,2010.0,2010.0
dino_pre2016,nitrate,ENV_FACTOR,environment_associated_with_process,regulation,BIOLOGICAL_PROCESS,3,STX_DOC_000063;STX_DOC_000142;STX_DOC_000219,1994.0,2012.0
dino_pre2016,nitrate,ENV_FACTOR,environment_associated_with_process,secondary_metabolism,BIOLOGICAL_PROCESS,1,STX_DOC_000142,2012.0,2012.0
dino_pre2016,nitrate,ENV_FACTOR,environment_associated_with_process,toxicity,BIOLOGICAL_PROCESS,12,STX_DOC_000062;STX_DOC_000142;STX_DOC_000189;STX_DOC_000219;STX_DOC_000345;STX_DOC_000571;STX_DOC_000590;STX_DOC_000674;STX_DOC_000856;STX_DOC_001733;STX_DOC_001744;STX_DOC_001749,1997.0,2012.0
dino_pre2016,nitrate,ENV_FACTOR,environment_associated_with_process,toxin_production,BIOLOGICAL_PROCESS,11,STX_DOC_000062;STX_DOC_000142;STX_DOC_000189;STX_DOC_000345;STX_DOC_000436;STX_DOC_000437;STX_DOC_000571;STX_DOC_000674;STX_DOC_001733;STX_DOC_001741;STX_DOC_001744,1997.0,2012.0
dino_pre2016,nitrate,ENV_FACTOR,semantic_cooccurrence,bloom,ENV_FACTOR,4,STX_DOC_000142;STX_DOC_000285;STX_DOC_000590;STX_DOC_001733,2002.0,2012.0
dino_pre2016,nitrate,ENV_FACTOR,semantic_cooccurrence,environmental_stress,ENV_FACTOR,1,STX_DOC_000062,1999.0,1999.0
dino_pre2016,nitrate,ENV_FACTOR,semantic_cooccurrence,hplc,DETECTION_METHOD,3,STX_DOC_000062;STX_DOC_000142;STX_DOC_001733,1999.0,2012.0
dino_pre2016,nitrate,ENV_FACTOR,semantic_cooccurrence,irradiance,ENV_FACTOR,1,STX_DOC_000437,2006.0,2006.0
dino_pre2016,nitrate,ENV_FACTOR,semantic_cooccurrence,light,ENV_FACTOR,5,STX_DOC_000062;STX_DOC_000142;STX_DOC_000345;STX_DOC_000437;STX_DOC_000674,1997.0,2012.0
dino_pre2016,nitrate,ENV_FACTOR,semantic_cooccurrence,nutrient,ENV_FACTOR,8,STX_DOC_000063;STX_DOC_000142;STX_DOC_000148;STX_DOC_000285;STX_DOC_000436;STX_DOC_000444;STX_DOC_001744;STX_DOC_001749,1994.0,2012.0
dino_pre2016,nitrate,ENV_FACTOR,semantic_cooccurrence,nutrients,ENV_FACTOR,5,STX_DOC_000142;STX_DOC_000148;STX_DOC_000345;STX_DOC_000444;STX_DOC_001733,1996.0,2012.0
dino_pre2016,nitrate,ENV_FACTOR,semantic_cooccurrence,phosphate,ENV_FACTOR,7,STX_DOC_000063;STX_DOC_000148;STX_DOC_000189;STX_DOC_000345;STX_DOC_000436;STX_DOC_001733;STX_DOC_001741,1994.0,2012.0
dino_pre2016,nitrate,ENV_FACTOR,semantic_cooccurrence,warming,ENV_FACTOR,1,STX_DOC_000142,2012.0,2012.0
dino_pre2016,nitrogen,ENV_FACTOR,environment_associated_with_process,biosynthesis,BIOLOGICAL_PROCESS,3,STX_DOC_000024;STX_DOC_000113;STX_DOC_001735,2011.0,2015.0
dino_pre2016,nitrogen,ENV_FACTOR,environment_associated_with_process,evolution,BIOLOGICAL_PROCESS,1,STX_DOC_001735,2011.0,2011.0
dino_pre2016,nitrogen,ENV_FACTOR,environment_associated_with_process,expression,BIOLOGICAL_PROCESS,2,STX_DOC_000024;STX_DOC_000113,2014.0,2015.0
dino_pre2016,nitrogen,ENV_FACTOR,environment_associated_with_process,gene_expression,BIOLOGICAL_PROCESS,1,STX_DOC_000024,2014.0,2014.0
dino_pre2016,nitrogen,ENV_FACTOR,environment_associated_with_process,gene_loss,BIOLOGICAL_PROCESS,1,STX_DOC_001735,2011.0,2011.0
dino_pre2016,nitrogen,ENV_FACTOR,environment_associated_with_process,harmful_algal_bloom,BIOLOGICAL_PROCESS,1,STX_DOC_001748,2002.0,2002.0
dino_pre2016,nitrogen,ENV_FACTOR,environment_associated_with_process,horizontal_gene_transfer,BIOLOGICAL_PROCESS,1,STX_DOC_001735,2011.0,2011.0
dino_pre2016,nitrogen,ENV_FACTOR,environment_associated_with_process,regulation,BIOLOGICAL_PROCESS,5,STX_DOC_000063;STX_DOC_000142;STX_DOC_000565;STX_DOC_000743;STX_DOC_001742,1994.0,2013.0
dino_pre2016,nitrogen,ENV_FACTOR,environment_associated_with_process,secondary_metabolism,BIOLOGICAL_PROCESS,1,STX_DOC_000142,2012.0,2012.0
dino_pre2016,nitrogen,ENV_FACTOR,environment_associated_with_process,toxicity,BIOLOGICAL_PROCESS,11,STX_DOC_000062;STX_DOC_000142;STX_DOC_000189;STX_DOC_000561;STX_DOC_000571;STX_DOC_000590;STX_DOC_000841;STX_DOC_000850;STX_DOC_000856;STX_DOC_001744;STX_DOC_001748,1999.0,2015.0
dino_pre2016,nitrogen,ENV_FACTOR,environment_associated_with_process,toxin_biosynthesis,BIOLOGICAL_PROCESS,1,STX_DOC_000113,2015.0,2015.0
dino_pre2016,nitrogen,ENV_FACTOR,environment_associated_with_process,toxin_production,BIOLOGICAL_PROCESS,9,STX_DOC_000024;STX_DOC_000062;STX_DOC_000142;STX_DOC_000189;STX_DOC_000436;STX_DOC_000565;STX_DOC_000571;STX_DOC_000841;STX_DOC_001744,1999.0,2014.0
dino_pre2016,nitrogen,ENV_FACTOR,environment_associated_with_process,transcriptome,BIOLOGICAL_PROCESS,1,STX_DOC_000565,2013.0,2013.0
dino_pre2016,nitrogen,ENV_FACTOR,environment_associated_with_process,transcriptomic,BIOLOGICAL_PROCESS,1,STX_DOC_000565,2013.0,2013.0
dino_pre2016,nitrogen,ENV_FACTOR,semantic_cooccurrence,bloom,ENV_FACTOR,7,STX_DOC_000142;STX_DOC_000285;STX_DOC_000321;STX_DOC_000561;STX_DOC_000565;STX_DOC_000590;STX_DOC_000743,2002.0,2015.0
dino_pre2016,nitrogen,ENV_FACTOR,semantic_cooccurrence,climate,ENV_FACTOR,1,STX_DOC_000561,2015.0,2015.0
dino_pre2016,nitrogen,ENV_FACTOR,semantic_cooccurrence,elisa,DETECTION_METHOD,1,STX_DOC_000850,2009.0,2009.0
dino_pre2016,nitrogen,ENV_FACTOR,semantic_cooccurrence,environmental_stress,ENV_FACTOR,1,STX_DOC_000062,1999.0,1999.0
dino_pre2016,nitrogen,ENV_FACTOR,semantic_cooccurrence,harmful_algal_bloom,ENV_FACTOR,1,STX_DOC_000321,2013.0,2013.0
dino_pre2016,nitrogen,ENV_FACTOR,semantic_cooccurrence,hplc,DETECTION_METHOD,3,STX_DOC_000062;STX_DOC_000142;STX_DOC_000850,1999.0,2012.0
dino_pre2016,nitrogen,ENV_FACTOR,semantic_cooccurrence,light,ENV_FACTOR,3,STX_DOC_000062;STX_DOC_000142;STX_DOC_000565,1999.0,2013.0
dino_pre2016,nitrogen,ENV_FACTOR,semantic_cooccurrence,mouse_bioassay,DETECTION_METHOD,1,STX_DOC_000850,2009.0,2009.0
dino_pre2016,nitrogen,ENV_FACTOR,semantic_cooccurrence,nitrate,ENV_FACTOR,11,STX_DOC_000062;STX_DOC_000063;STX_DOC_000142;STX_DOC_000189;STX_DOC_000285;STX_DOC_000436;STX_DOC_000444;STX_DOC_000571;STX_DOC_000590;STX_DOC_000856;STX_DOC_001744,1994.0,2012.0
dino_pre2016,nitrogen,ENV_FACTOR,semantic_cooccurrence,nitrogen_limitation,ENV_FACTOR,2,STX_DOC_000113;STX_DOC_000561,2015.0,2015.0
dino_pre2016,nitrogen,ENV_FACTOR,semantic_cooccurrence,nutrient,ENV_FACTOR,16,STX_DOC_000024;STX_DOC_000063;STX_DOC_000113;STX_DOC_000142;STX_DOC_000254;STX_DOC_000285;STX_DOC_000321;STX_DOC_000436;STX_DOC_000444;STX_DOC_000561;STX_DOC_000743;STX_DOC_000841;STX_DOC_000974;STX_DOC_001742;STX_DOC_001744;STX_DOC_001748,1990.0,2015.0
dino_pre2016,nitrogen,ENV_FACTOR,semantic_cooccurrence,nutrients,ENV_FACTOR,7,STX_DOC_000142;STX_DOC_000444;STX_DOC_000565;STX_DOC_000743;STX_DOC_000841;STX_DOC_000974;STX_DOC_001748,1999.0,2013.0
dino_pre2016,nitrogen,ENV_FACTOR,semantic_cooccurrence,phosphate,ENV_FACTOR,3,STX_DOC_000063;STX_DOC_000189;STX_DOC_000436,1994.0,2008.0
dino_pre2016,nitrogen,ENV_FACTOR,semantic_cooccurrence,phosphorus,ENV_FACTOR,11,STX_DOC_000024;STX_DOC_000063;STX_DOC_000113;STX_DOC_000254;STX_DOC_000321;STX_DOC_000444;STX_DOC_000743;STX_DOC_000841;STX_DOC_000974;STX_DOC_001742;STX_DOC_001748,1990.0,2015.0
dino_pre2016,nitrogen,ENV_FACTOR,semantic_cooccurrence,warming,ENV_FACTOR,1,STX_DOC_000142,2012.0,2012.0
dino_pre2016,nutrient,ENV_FACTOR,environment_associated_with_process,biosynthesis,BIOLOGICAL_PROCESS,6,STX_DOC_000006;STX_DOC_000024;STX_DOC_000074;STX_DOC_000098;STX_DOC_000113;STX_DOC_000336,1999.0,2015.0
dino_pre2016,nutrient,ENV_FACTOR,environment_associated_with_process,expression,BIOLOGICAL_PROCESS,5,STX_DOC_000024;STX_DOC_000113;STX_DOC_000435;STX_DOC_000583;STX_DOC_000584,2005.0,2015.0
dino_pre2016,nutrient,ENV_FACTOR,environment_associated_with_process,gene_expression,BIOLOGICAL_PROCESS,2,STX_DOC_000024;STX_DOC_000435,2009.0,2014.0
dino_pre2016,nutrient,ENV_FACTOR,environment_associated_with_process,harmful_algal_bloom,BIOLOGICAL_PROCESS,1,STX_DOC_001748,2002.0,2002.0
dino_pre2016,nutrient,ENV_FACTOR,environment_associated_with_process,phylogenetic,BIOLOGICAL_PROCESS,2,STX_DOC_000583;STX_DOC_000584,2005.0,2005.0
dino_pre2016,nutrient,ENV_FACTOR,environment_associated_with_process,regulation,BIOLOGICAL_PROCESS,6,STX_DOC_000063;STX_DOC_000142;STX_DOC_000435;STX_DOC_000582;STX_DOC_000743;STX_DOC_001742,1994.0,2012.0
dino_pre2016,nutrient,ENV_FACTOR,environment_associated_with_process,saxitoxin_biosynthesis,BIOLOGICAL_PROCESS,2,STX_DOC_000074;STX_DOC_000098,1999.0,1999.0
dino_pre2016,nutrient,ENV_FACTOR,environment_associated_with_process,secondary_metabolism,BIOLOGICAL_PROCESS,1,STX_DOC_000142,2012.0,2012.0
dino_pre2016,nutrient,ENV_FACTOR,environment_associated_with_process,toxicity,BIOLOGICAL_PROCESS,10,STX_DOC_000074;STX_DOC_000078;STX_DOC_000098;STX_DOC_000142;STX_DOC_000561;STX_DOC_000841;STX_DOC_001736;STX_DOC_001744;STX_DOC_001748;STX_DOC_001749,1999.0,2015.0
dino_pre2016,nutrient,ENV_FACTOR,environment_associated_with_process,toxin_biosynthesis,BIOLOGICAL_PROCESS,5,STX_DOC_000006;STX_DOC_000074;STX_DOC_000098;STX_DOC_000113;STX_DOC_000336,1999.0,2015.0
dino_pre2016,nutrient,ENV_FACTOR,environment_associated_with_process,toxin_production,BIOLOGICAL_PROCESS,12,STX_DOC_000006;STX_DOC_000024;STX_DOC_000054;STX_DOC_000055;STX_DOC_000074;STX_DOC_000098;STX_DOC_000142;STX_DOC_000436;STX_DOC_000759;STX_DOC_000841;STX_DOC_000872;STX_DOC_001744,1994.0,2015.0
dino_pre2016,nutrient,ENV_FACTOR,environment_associated_with_process,transcriptome,BIOLOGICAL_PROCESS,1,STX_DOC_000435,2009.0,2009.0
dino_pre2016,nutrient,ENV_FACTOR,environment_associated_with_process,transcriptomic,BIOLOGICAL_PROCESS,1,STX_DOC_000435,2009.0,2009.0
dino_pre2016,nutrient,ENV_FACTOR,semantic_cooccurrence,bloom,ENV_FACTOR,10,STX_DOC_000006;STX_DOC_000078;STX_DOC_000142;STX_DOC_000285;STX_DOC_000321;STX_DOC_000435;STX_DOC_000561;STX_DOC_000582;STX_DOC_000743;STX_DOC_001736,2006.0,2015.0
dino_pre2016,nutrient,ENV_FACTOR,semantic_cooccurrence,climate,ENV_FACTOR,2,STX_DOC_000006;STX_DOC_000561,2015.0,2015.0
dino_pre2016,nutrient,ENV_FACTOR,semantic_cooccurrence,harmful_algal_bloom,ENV_FACTOR,1,STX_DOC_000321,2013.0,2013.0
dino_pre2016,nutrient,ENV_FACTOR,semantic_cooccurrence,hplc,DETECTION_METHOD,2,STX_DOC_000142;STX_DOC_000864,2003.0,2012.0
dino_pre2016,nutrient,ENV_FACTOR,semantic_cooccurrence,irradiance,ENV_FACTOR,1,STX_DOC_000165,2013.0,2013.0
dino_pre2016,nutrient,ENV_FACTOR,semantic_cooccurrence,light,ENV_FACTOR,5,STX_DOC_000054;STX_DOC_000055;STX_DOC_000142;STX_DOC_000435;STX_DOC_000864,1994.0,2012.0
dino_pre2016,nutrient,ENV_FACTOR,semantic_cooccurrence,nitrogen_limitation,ENV_FACTOR,2,STX_DOC_000113;STX_DOC_000561,2015.0,2015.0
dino_pre2016,nutrient,ENV_FACTOR,semantic_cooccurrence,nutrients,ENV_FACTOR,9,STX_DOC_000142;STX_DOC_000148;STX_DOC_000444;STX_DOC_000583;STX_DOC_000584;STX_DOC_000743;STX_DOC_000841;STX_DOC_000974;STX_DOC_001748,1996.0,2012.0
dino_pre2016,nutrient,ENV_FACTOR,semantic_cooccurrence,phosphorus_limitation,ENV_FACTOR,2,STX_DOC_000759;STX_DOC_000872,2000.0,2002.0
dino_pre2016,nutrient,ENV_FACTOR,semantic_cooccurrence,warming,ENV_FACTOR,1,STX_DOC_000142,2012.0,2012.0
dino_pre2016,nutrients,ENV_FACTOR,environment_associated_with_process,expression,BIOLOGICAL_PROCESS,2,STX_DOC_000583;STX_DOC_000584,2005.0,2005.0
dino_pre2016,nutrients,ENV_FACTOR,environment_associated_with_process,harmful_algal_bloom,BIOLOGICAL_PROCESS,1,STX_DOC_001748,2002.0,2002.0
dino_pre2016,nutrients,ENV_FACTOR,environment_associated_with_process,phylogenetic,BIOLOGICAL_PROCESS,2,STX_DOC_000583;STX_DOC_000584,2005.0,2005.0
dino_pre2016,nutrients,ENV_FACTOR,environment_associated_with_process,regulation,BIOLOGICAL_PROCESS,3,STX_DOC_000142;STX_DOC_000565;STX_DOC_000743,2006.0,2013.0
dino_pre2016,nutrients,ENV_FACTOR,environment_associated_with_process,secondary_metabolism,BIOLOGICAL_PROCESS,1,STX_DOC_000142,2012.0,2012.0
dino_pre2016,nutrients,ENV_FACTOR,environment_associated_with_process,toxicity,BIOLOGICAL_PROCESS,6,STX_DOC_000142;STX_DOC_000345;STX_DOC_000841;STX_DOC_001072;STX_DOC_001733;STX_DOC_001748,2000.0,2012.0
dino_pre2016,nutrients,ENV_FACTOR,environment_associated_with_process,toxin_production,BIOLOGICAL_PROCESS,6,STX_DOC_000142;STX_DOC_000345;STX_DOC_000565;STX_DOC_000841;STX_DOC_001733;STX_DOC_001746,2000.0,2013.0
dino_pre2016,nutrients,ENV_FACTOR,environment_associated_with_process,transcriptome,BIOLOGICAL_PROCESS,1,STX_DOC_000565,2013.0,2013.0
dino_pre2016,nutrients,ENV_FACTOR,environment_associated_with_process,transcriptomic,BIOLOGICAL_PROCESS,1,STX_DOC_000565,2013.0,2013.0
dino_pre2016,nutrients,ENV_FACTOR,semantic_cooccurrence,bloom,ENV_FACTOR,4,STX_DOC_000142;STX_DOC_000565;STX_DOC_000743;STX_DOC_001733,2006.0,2013.0
dino_pre2016,nutrients,ENV_FACTOR,semantic_cooccurrence,hplc,DETECTION_METHOD,2,STX_DOC_000142;STX_DOC_001733,2012.0,2012.0
dino_pre2016,nutrients,ENV_FACTOR,semantic_cooccurrence,light,ENV_FACTOR,3,STX_DOC_000142;STX_DOC_000345;STX_DOC_000565,2000.0,2013.0
dino_pre2016,nutrients,ENV_FACTOR,semantic_cooccurrence,warming,ENV_FACTOR,1,STX_DOC_000142,2012.0,2012.0
dino_pre2016,paralytic_shellfish_poisoning,TOXIN,environment_associated_with_toxin,bloom,ENV_FACTOR,47,STX_DOC_000035;STX_DOC_000036;STX_DOC_000078;STX_DOC_000129;STX_DOC_000169;STX_DOC_000196;STX_DOC_000212;STX_DOC_000250;STX_DOC_000277;STX_DOC_000279;STX_DOC_000287;STX_DOC_000288;STX_DOC_000289;STX_DOC_000290;STX_DOC_000292;STX_DOC_000321;STX_DOC_000335;STX_DOC_000428;STX_DOC_000435;STX_DOC_000508;STX_DOC_000511;STX_DOC_000520;STX_DOC_000561;STX_DOC_000579;STX_DOC_000580;STX_DOC_000581;STX_DOC_000590;STX_DOC_000593;STX_DOC_000594;STX_DOC_000596;STX_DOC_000658;STX_DOC_000677;STX_DOC_000758;STX_DOC_000765;STX_DOC_000853;STX_DOC_000875;STX_DOC_000940;STX_DOC_000965;STX_DOC_000967;STX_DOC_001052;STX_DOC_001094;STX_DOC_001180;STX_DOC_001202;STX_DOC_001203;STX_DOC_001204;STX_DOC_001401;STX_DOC_001736,1988.0,2015.0
dino_pre2016,paralytic_shellfish_poisoning,TOXIN,environment_associated_with_toxin,climate,ENV_FACTOR,3,STX_DOC_000511;STX_DOC_000561;STX_DOC_000765,1998.0,2015.0
dino_pre2016,paralytic_shellfish_poisoning,TOXIN,environment_associated_with_toxin,environmental_stress,ENV_FACTOR,1,STX_DOC_000062,1999.0,1999.0
dino_pre2016,paralytic_shellfish_poisoning,TOXIN,environment_associated_with_toxin,harmful_algal_bloom,ENV_FACTOR,7,STX_DOC_000277;STX_DOC_000287;STX_DOC_000288;STX_DOC_000289;STX_DOC_000321;STX_DOC_000508;STX_DOC_001052,2003.0,2015.0
dino_pre2016,paralytic_shellfish_poisoning,TOXIN,environment_associated_with_toxin,irradiance,ENV_FACTOR,3,STX_DOC_000279;STX_DOC_000391;STX_DOC_000437,2001.0,2014.0
dino_pre2016,paralytic_shellfish_poisoning,TOXIN,environment_associated_with_toxin,light,ENV_FACTOR,8,STX_DOC_000062;STX_DOC_000213;STX_DOC_000248;STX_DOC_000435;STX_DOC_000437;STX_DOC_000572;STX_DOC_000755;STX_DOC_001077,1999.0,2015.0
dino_pre2016,paralytic_shellfish_poisoning,TOXIN,environment_associated_with_toxin,nitrate,ENV_FACTOR,4,STX_DOC_000062;STX_DOC_000437;STX_DOC_000590;STX_DOC_000856,1999.0,2006.0
dino_pre2016,paralytic_shellfish_poisoning,TOXIN,environment_associated_with_toxin,nitrogen,ENV_FACTOR,7,STX_DOC_000024;STX_DOC_000062;STX_DOC_000321;STX_DOC_000561;STX_DOC_000590;STX_DOC_000856;STX_DOC_000974,1999.0,2015.0
dino_pre2016,paralytic_shellfish_poisoning,TOXIN,environment_associated_with_toxin,nitrogen_limitation,ENV_FACTOR,1,STX_DOC_000561,2015.0,2015.0
dino_pre2016,paralytic_shellfish_poisoning,TOXIN,environment_associated_with_toxin,nutrient,ENV_FACTOR,12,STX_DOC_000024;STX_DOC_000078;STX_DOC_000321;STX_DOC_000435;STX_DOC_000561;STX_DOC_000567;STX_DOC_000583;STX_DOC_000584;STX_DOC_000759;STX_DOC_000872;STX_DOC_000974;STX_DOC_001736,1999.0,2015.0
dino_pre2016,paralytic_shellfish_poisoning,TOXIN,environment_associated_with_toxin,nutrients,ENV_FACTOR,3,STX_DOC_000583;STX_DOC_000584;STX_DOC_000974,1999.0,2005.0
dino_pre2016,paralytic_shellfish_poisoning,TOXIN,environment_associated_with_toxin,phosphate,ENV_FACTOR,1,STX_DOC_000759,2002.0,2002.0
dino_pre2016,paralytic_shellfish_poisoning,TOXIN,environment_associated_with_toxin,phosphorus,ENV_FACTOR,6,STX_DOC_000024;STX_DOC_000321;STX_DOC_000759;STX_DOC_000872;STX_DOC_000974;STX_DOC_001181,1999.0,2014.0
dino_pre2016,paralytic_shellfish_poisoning,TOXIN,environment_associated_with_toxin,phosphorus_limitation,ENV_FACTOR,2,STX_DOC_000759;STX_DOC_000872,2000.0,2002.0
dino_pre2016,paralytic_shellfish_poisoning,TOXIN,environment_associated_with_toxin,salinity,ENV_FACTOR,6,STX_DOC_000062;STX_DOC_000125;STX_DOC_000567;STX_DOC_000572;STX_DOC_000856;STX_DOC_001342,1978.0,2015.0
dino_pre2016,paralytic_shellfish_poisoning,TOXIN,environment_associated_with_toxin,temperature,ENV_FACTOR,7,STX_DOC_000125;STX_DOC_000213;STX_DOC_000279;STX_DOC_000437;STX_DOC_000442;STX_DOC_000567;STX_DOC_000875,1995.0,2015.0
dino_pre2016,paralytic_shellfish_poisoning,TOXIN,environment_associated_with_toxin,warming,ENV_FACTOR,1,STX_DOC_000125,2015.0,2015.0
dino_pre2016,paralytic_shellfish_poisoning,TOXIN,gene_associated_with_toxin,sxt_genes,SXT_GENE,2,STX_DOC_000212;STX_DOC_000577,2008.0,2015.0
dino_pre2016,paralytic_shellfish_poisoning,TOXIN,gene_associated_with_toxin,sxta,SXT_GENE,10,STX_DOC_000007;STX_DOC_000022;STX_DOC_000024;STX_DOC_000068;STX_DOC_000070;STX_DOC_000072;STX_DOC_000093;STX_DOC_000186;STX_DOC_000213;STX_DOC_000430,2009.0,2015.0
dino_pre2016,paralytic_shellfish_poisoning,TOXIN,gene_associated_with_toxin,sxtb,SXT_GENE,1,STX_DOC_000068,2013.0,2013.0
dino_pre2016,paralytic_shellfish_poisoning,TOXIN,gene_associated_with_toxin,sxtd,SXT_GENE,1,STX_DOC_000007,2015.0,2015.0
dino_pre2016,paralytic_shellfish_poisoning,TOXIN,gene_associated_with_toxin,sxtg,SXT_GENE,2,STX_DOC_000024;STX_DOC_000068,2013.0,2014.0
dino_pre2016,paralytic_shellfish_poisoning,TOXIN,gene_associated_with_toxin,sxti,SXT_GENE,1,STX_DOC_000022,2012.0,2012.0
dino_pre2016,paralytic_shellfish_poisoning,TOXIN,gene_associated_with_toxin,sxtu,SXT_GENE,1,STX_DOC_000007,2015.0,2015.0
dino_pre2016,paralytic_shellfish_poisoning,TOXIN,method_associated_with_toxin,biosensor,DETECTION_METHOD,1,STX_DOC_000844,2011.0,2011.0
dino_pre2016,paralytic_shellfish_poisoning,TOXIN,method_associated_with_toxin,chemical_analysis,DETECTION_METHOD,1,STX_DOC_000971,2000.0,2000.0
dino_pre2016,paralytic_shellfish_poisoning,TOXIN,method_associated_with_toxin,elisa,DETECTION_METHOD,4,STX_DOC_000287;STX_DOC_000288;STX_DOC_000290;STX_DOC_000292,2006.0,2008.0
dino_pre2016,paralytic_shellfish_poisoning,TOXIN,method_associated_with_toxin,hplc,DETECTION_METHOD,44,STX_DOC_000035;STX_DOC_000036;STX_DOC_000062;STX_DOC_000081;STX_DOC_000083;STX_DOC_000095;STX_DOC_000096;STX_DOC_000116;STX_DOC_000151;STX_DOC_000169;STX_DOC_000192;STX_DOC_000196;STX_DOC_000211;STX_DOC_000250;STX_DOC_000286;STX_DOC_000287;STX_DOC_000288;STX_DOC_000290;STX_DOC_000292;STX_DOC_000293;STX_DOC_000347;STX_DOC_000351;STX_DOC_000375;STX_DOC_000390;STX_DOC_000393;STX_DOC_000429;STX_DOC_000514;STX_DOC_000517;STX_DOC_000576;STX_DOC_000588;STX_DOC_000589;STX_DOC_000599;STX_DOC_000600;STX_DOC_000601;STX_DOC_000671;STX_DOC_000676;STX_DOC_000677;STX_DOC_000844;STX_DOC_000853;STX_DOC_000868;STX_DOC_001088;STX_DOC_001198;STX_DOC_001283;STX_DOC_001743,1988.0,2015.0
dino_pre2016,paralytic_shellfish_poisoning,TOXIN,method_associated_with_toxin,lc_ms,DETECTION_METHOD,8,STX_DOC_000007;STX_DOC_000286;STX_DOC_000290;STX_DOC_000292;STX_DOC_000507;STX_DOC_000509;STX_DOC_000572;STX_DOC_001740,2003.0,2015.0
dino_pre2016,paralytic_shellfish_poisoning,TOXIN,method_associated_with_toxin,lc_ms_ms,DETECTION_METHOD,1,STX_DOC_000007,2015.0,2015.0
dino_pre2016,paralytic_shellfish_poisoning,TOXIN,method_associated_with_toxin,liquid_chromatography,DETECTION_METHOD,7,STX_DOC_000060;STX_DOC_000286;STX_DOC_000517;STX_DOC_000560;STX_DOC_000982;STX_DOC_000984;STX_DOC_001740,1992.0,2015.0
dino_pre2016,paralytic_shellfish_poisoning,TOXIN,method_associated_with_toxin,mass_spectrometry,DETECTION_METHOD,16,STX_DOC_000007;STX_DOC_000060;STX_DOC_000096;STX_DOC_000187;STX_DOC_000286;STX_DOC_000290;STX_DOC_000292;STX_DOC_000486;STX_DOC_000560;STX_DOC_000572;STX_DOC_000599;STX_DOC_000600;STX_DOC_000658;STX_DOC_000982;STX_DOC_000984;STX_DOC_001740,1992.0,2015.0
dino_pre2016,paralytic_shellfish_poisoning,TOXIN,method_associated_with_toxin,mouse_bioassay,DETECTION_METHOD,26,STX_DOC_000081;STX_DOC_000096;STX_DOC_000127;STX_DOC_000151;STX_DOC_000250;STX_DOC_000290;STX_DOC_000292;STX_DOC_000581;STX_DOC_000588;STX_DOC_000589;STX_DOC_000676;STX_DOC_000765;STX_DOC_000770;STX_DOC_000844;STX_DOC_000860;STX_DOC_000868;STX_DOC_000882;STX_DOC_000958;STX_DOC_000971;STX_DOC_001198;STX_DOC_001203;STX_DOC_001283;STX_DOC_001401;STX_DOC_001491;STX_DOC_001737;STX_DOC_001743,1978.0,2014.0
dino_pre2016,paralytic_shellfish_poisoning,TOXIN,process_associated_with_toxin,biosynthesis,BIOLOGICAL_PROCESS,12,STX_DOC_000022;STX_DOC_000024;STX_DOC_000061;STX_DOC_000070;STX_DOC_000072;STX_DOC_000093;STX_DOC_000184;STX_DOC_000329;STX_DOC_000379;STX_DOC_000497;STX_DOC_000577;STX_DOC_000971,2000.0,2014.0
dino_pre2016,paralytic_shellfish_poisoning,TOXIN,process_associated_with_toxin,bloom_dynamics,BIOLOGICAL_PROCESS,1,STX_DOC_001094,1997.0,1997.0
dino_pre2016,paralytic_shellfish_poisoning,TOXIN,process_associated_with_toxin,evolution,BIOLOGICAL_PROCESS,9,STX_DOC_000061;STX_DOC_000068;STX_DOC_000081;STX_DOC_000093;STX_DOC_000184;STX_DOC_000250;STX_DOC_000379;STX_DOC_000877;STX_DOC_000880,1991.0,2014.0
dino_pre2016,paralytic_shellfish_poisoning,TOXIN,process_associated_with_toxin,expression,BIOLOGICAL_PROCESS,13,STX_DOC_000007;STX_DOC_000024;STX_DOC_000072;STX_DOC_000093;STX_DOC_000184;STX_DOC_000329;STX_DOC_000385;STX_DOC_000435;STX_DOC_000583;STX_DOC_000584;STX_DOC_000731;STX_DOC_000941;STX_DOC_000955,2005.0,2015.0
dino_pre2016,paralytic_shellfish_poisoning,TOXIN,process_associated_with_toxin,gene_expression,BIOLOGICAL_PROCESS,7,STX_DOC_000024;STX_DOC_000093;STX_DOC_000184;STX_DOC_000385;STX_DOC_000435;STX_DOC_000731;STX_DOC_000941,2009.0,2014.0
dino_pre2016,paralytic_shellfish_poisoning,TOXIN,process_associated_with_toxin,harmful_algal_bloom,BIOLOGICAL_PROCESS,3,STX_DOC_000329;STX_DOC_000442;STX_DOC_001202,1997.0,2005.0
dino_pre2016,paralytic_shellfish_poisoning,TOXIN,process_associated_with_toxin,horizontal_gene_transfer,BIOLOGICAL_PROCESS,3,STX_DOC_000061;STX_DOC_000379;STX_DOC_000577,2008.0,2013.0
dino_pre2016,paralytic_shellfish_poisoning,TOXIN,process_associated_with_toxin,phylogenetic,BIOLOGICAL_PROCESS,15,STX_DOC_000022;STX_DOC_000061;STX_DOC_000169;STX_DOC_000187;STX_DOC_000211;STX_DOC_000331;STX_DOC_000335;STX_DOC_000490;STX_DOC_000491;STX_DOC_000577;STX_DOC_000583;STX_DOC_000584;STX_DOC_000829;STX_DOC_000847;STX_DOC_001320,2004.0,2015.0
dino_pre2016,paralytic_shellfish_poisoning,TOXIN,process_associated_with_toxin,phylogeny,BIOLOGICAL_PROCESS,6,STX_DOC_000022;STX_DOC_000061;STX_DOC_000211;STX_DOC_000429;STX_DOC_000577;STX_DOC_000967,2003.0,2015.0
dino_pre2016,paralytic_shellfish_poisoning,TOXIN,process_associated_with_toxin,regulation,BIOLOGICAL_PROCESS,7,STX_DOC_000093;STX_DOC_000184;STX_DOC_000385;STX_DOC_000435;STX_DOC_000497;STX_DOC_000939;STX_DOC_001283,2009.0,2014.0
dino_pre2016,paralytic_shellfish_poisoning,TOXIN,process_associated_with_toxin,resting_cyst,BIOLOGICAL_PROCESS,1,STX_DOC_000347,1996.0,1996.0
dino_pre2016,paralytic_shellfish_poisoning,TOXIN,process_associated_with_toxin,saxitoxin_biosynthesis,BIOLOGICAL_PROCESS,6,STX_DOC_000022;STX_DOC_000070;STX_DOC_000072;STX_DOC_000093;STX_DOC_000379;STX_DOC_000577,2008.0,2014.0
dino_pre2016,paralytic_shellfish_poisoning,TOXIN,process_associated_with_toxin,toxicity,BIOLOGICAL_PROCESS,67,STX_DOC_000009;STX_DOC_000035;STX_DOC_000036;STX_DOC_000045;STX_DOC_000062;STX_DOC_000078;STX_DOC_000081;STX_DOC_000096;STX_DOC_000125;STX_DOC_000127;STX_DOC_000129;STX_DOC_000147;STX_DOC_000149;STX_DOC_000150;STX_DOC_000169;STX_DOC_000187;STX_DOC_000196;STX_DOC_000248;STX_DOC_000250;STX_DOC_000293;STX_DOC_000331;STX_DOC_000335;STX_DOC_000347;STX_DOC_000375;STX_DOC_000393;STX_DOC_000428;STX_DOC_000430;STX_DOC_000490;STX_DOC_000491;STX_DOC_000497;STX_DOC_000508;STX_DOC_000518;STX_DOC_000561;STX_DOC_000568;STX_DOC_000572;STX_DOC_000581;STX_DOC_000588;STX_DOC_000589;STX_DOC_000590;STX_DOC_000660;STX_DOC_000671;STX_DOC_000675;STX_DOC_000677;STX_DOC_000765;STX_DOC_000770;STX_DOC_000847;STX_DOC_000856;STX_DOC_000863;STX_DOC_000867;STX_DOC_000868;STX_DOC_000875;STX_DOC_000878;STX_DOC_000939;STX_DOC_000958;STX_DOC_000960;STX_DOC_000971;STX_DOC_001080;STX_DOC_001101;STX_DOC_001198;STX_DOC_001283;STX_DOC_001342;STX_DOC_001732;STX_DOC_001734;STX_DOC_001736;STX_DOC_001737;STX_DOC_001743;STX_DOC_001747,1978.0,2015.0
dino_pre2016,paralytic_shellfish_poisoning,TOXIN,process_associated_with_toxin,toxin_biosynthesis,BIOLOGICAL_PROCESS,3,STX_DOC_000061;STX_DOC_000329;STX_DOC_000497,2005.0,2010.0
dino_pre2016,paralytic_shellfish_poisoning,TOXIN,process_associated_with_toxin,toxin_production,BIOLOGICAL_PROCESS,20,STX_DOC_000024;STX_DOC_000062;STX_DOC_000083;STX_DOC_000125;STX_DOC_000152;STX_DOC_000184;STX_DOC_000185;STX_DOC_000187;STX_DOC_000289;STX_DOC_000351;STX_DOC_000385;STX_DOC_000437;STX_DOC_000497;STX_DOC_000572;STX_DOC_000588;STX_DOC_000589;STX_DOC_000759;STX_DOC_000847;STX_DOC_000872;STX_DOC_001181,1988.0,2015.0
dino_pre2016,paralytic_shellfish_poisoning,TOXIN,process_associated_with_toxin,transcription,BIOLOGICAL_PROCESS,3,STX_DOC_000093;STX_DOC_000643;STX_DOC_000731,2013.0,2015.0
dino_pre2016,paralytic_shellfish_poisoning,TOXIN,process_associated_with_toxin,transcriptome,BIOLOGICAL_PROCESS,4,STX_DOC_000068;STX_DOC_000186;STX_DOC_000435;STX_DOC_000941,2009.0,2014.0
dino_pre2016,paralytic_shellfish_poisoning,TOXIN,process_associated_with_toxin,transcriptomic,BIOLOGICAL_PROCESS,3,STX_DOC_000184;STX_DOC_000435;STX_DOC_000939,2009.0,2014.0
dino_pre2016,paralytic_shellfish_poisoning,TOXIN,taxon_associated_with_toxin,alexandrium,DINO_TAXON,135,STX_DOC_000009;STX_DOC_000022;STX_DOC_000024;STX_DOC_000035;STX_DOC_000036;STX_DOC_000062;STX_DOC_000070;STX_DOC_000078;STX_DOC_000081;STX_DOC_000083;STX_DOC_000093;STX_DOC_000095;STX_DOC_000125;STX_DOC_000127;STX_DOC_000129;STX_DOC_000147;STX_DOC_000149;STX_DOC_000150;STX_DOC_000151;STX_DOC_000152;STX_DOC_000169;STX_DOC_000184;STX_DOC_000186;STX_DOC_000187;STX_DOC_000188;STX_DOC_000192;STX_DOC_000196;STX_DOC_000211;STX_DOC_000212;STX_DOC_000213;STX_DOC_000250;STX_DOC_000277;STX_DOC_000279;STX_DOC_000287;STX_DOC_000288;STX_DOC_000289;STX_DOC_000293;STX_DOC_000317;STX_DOC_000321;STX_DOC_000329;STX_DOC_000331;STX_DOC_000347;STX_DOC_000351;STX_DOC_000375;STX_DOC_000385;STX_DOC_000390;STX_DOC_000391;STX_DOC_000392;STX_DOC_000429;STX_DOC_000430;STX_DOC_000434;STX_DOC_000435;STX_DOC_000437;STX_DOC_000442;STX_DOC_000486;STX_DOC_000497;STX_DOC_000508;STX_DOC_000510;STX_DOC_000511;STX_DOC_000514;STX_DOC_000516;STX_DOC_000517;STX_DOC_000518;STX_DOC_000561;STX_DOC_000567;STX_DOC_000568;STX_DOC_000572;STX_DOC_000576;STX_DOC_000583;STX_DOC_000584;STX_DOC_000588;STX_DOC_000589;STX_DOC_000590;STX_DOC_000599;STX_DOC_000600;STX_DOC_000643;STX_DOC_000649;STX_DOC_000656;STX_DOC_000658;STX_DOC_000659;STX_DOC_000660;STX_DOC_000665;STX_DOC_000671;STX_DOC_000675;STX_DOC_000676;STX_DOC_000677;STX_DOC_000731;STX_DOC_000755;STX_DOC_000758;STX_DOC_000759;STX_DOC_000760;STX_DOC_000765;STX_DOC_000829;STX_DOC_000830;STX_DOC_000872;STX_DOC_000874;STX_DOC_000939;STX_DOC_000940;STX_DOC_000941;STX_DOC_000955;STX_DOC_000958;STX_DOC_000965;STX_DOC_000967;STX_DOC_000974;STX_DOC_000977;STX_DOC_000978;STX_DOC_000982;STX_DOC_000984;STX_DOC_001049;STX_DOC_001052;STX_DOC_001056;STX_DOC_001067;STX_DOC_001077;STX_DOC_001080;STX_DOC_001085;STX_DOC_001086;STX_DOC_001088;STX_DOC_001089;STX_DOC_001092;STX_DOC_001094;STX_DOC_001095;STX_DOC_001181;STX_DOC_001198;STX_DOC_001202;STX_DOC_001203;STX_DOC_001282;STX_DOC_001283;STX_DOC_001297;STX_DOC_001313;STX_DOC_001320;STX_DOC_001401;STX_DOC_001442;STX_DOC_001734;STX_DOC_001736;STX_DOC_001740,1988.0,2015.0
dino_pre2016,paralytic_shellfish_poisoning,TOXIN,taxon_associated_with_toxin,alexandrium_catenella,DINO_TAXON,15,STX_DOC_000093;STX_DOC_000095;STX_DOC_000152;STX_DOC_000351;STX_DOC_000583;STX_DOC_000584;STX_DOC_000588;STX_DOC_000589;STX_DOC_000758;STX_DOC_000874;STX_DOC_000977;STX_DOC_000978;STX_DOC_001056;STX_DOC_001181;STX_DOC_001282,1988.0,2014.0
dino_pre2016,paralytic_shellfish_poisoning,TOXIN,taxon_associated_with_toxin,alexandrium_fundyense,DINO_TAXON,11,STX_DOC_000093;STX_DOC_000129;STX_DOC_000186;STX_DOC_000196;STX_DOC_000391;STX_DOC_000508;STX_DOC_000516;STX_DOC_000561;STX_DOC_001049;STX_DOC_001086;STX_DOC_001736,1990.0,2015.0
dino_pre2016,paralytic_shellfish_poisoning,TOXIN,taxon_associated_with_toxin,alexandrium_minutum,DINO_TAXON,31,STX_DOC_000024;STX_DOC_000081;STX_DOC_000147;STX_DOC_000149;STX_DOC_000150;STX_DOC_000169;STX_DOC_000188;STX_DOC_000192;STX_DOC_000213;STX_DOC_000250;STX_DOC_000279;STX_DOC_000289;STX_DOC_000293;STX_DOC_000329;STX_DOC_000351;STX_DOC_000385;STX_DOC_000435;STX_DOC_000437;STX_DOC_000497;STX_DOC_000510;STX_DOC_000518;STX_DOC_000568;STX_DOC_000576;STX_DOC_000659;STX_DOC_000759;STX_DOC_000872;STX_DOC_000940;STX_DOC_000941;STX_DOC_000974;STX_DOC_001077;STX_DOC_001089,1988.0,2015.0
dino_pre2016,paralytic_shellfish_poisoning,TOXIN,taxon_associated_with_toxin,alexandrium_ostenfeldii,DINO_TAXON,9,STX_DOC_000125;STX_DOC_000211;STX_DOC_000277;STX_DOC_000347;STX_DOC_000375;STX_DOC_000486;STX_DOC_000568;STX_DOC_000572;STX_DOC_001740,1996.0,2015.0
dino_pre2016,paralytic_shellfish_poisoning,TOXIN,taxon_associated_with_toxin,alexandrium_tamarense,DINO_TAXON,38,STX_DOC_000035;STX_DOC_000036;STX_DOC_000062;STX_DOC_000078;STX_DOC_000127;STX_DOC_000184;STX_DOC_000187;STX_DOC_000192;STX_DOC_000317;STX_DOC_000321;STX_DOC_000331;STX_DOC_000385;STX_DOC_000429;STX_DOC_000430;STX_DOC_000442;STX_DOC_000497;STX_DOC_000508;STX_DOC_000514;STX_DOC_000590;STX_DOC_000656;STX_DOC_000658;STX_DOC_000660;STX_DOC_000675;STX_DOC_000755;STX_DOC_000758;STX_DOC_000760;STX_DOC_000829;STX_DOC_000939;STX_DOC_000955;STX_DOC_000958;STX_DOC_000965;STX_DOC_001067;STX_DOC_001080;STX_DOC_001085;STX_DOC_001095;STX_DOC_001203;STX_DOC_001297;STX_DOC_001313,1994.0,2015.0
dino_pre2016,paralytic_shellfish_poisoning,TOXIN,taxon_associated_with_toxin,alexandrium_tamiyavanichii,DINO_TAXON,3,STX_DOC_000070;STX_DOC_000293;STX_DOC_000437,2006.0,2012.0
dino_pre2016,paralytic_shellfish_poisoning,TOXIN,taxon_associated_with_toxin,anabaena,CYANO_TAXON,3,STX_DOC_000009;STX_DOC_000061;STX_DOC_000072,2009.0,2010.0
dino_pre2016,paralytic_shellfish_poisoning,TOXIN,taxon_associated_with_toxin,aphanizomenon,CYANO_TAXON,4,STX_DOC_000009;STX_DOC_000061;STX_DOC_000599;STX_DOC_000600,1994.0,2010.0
dino_pre2016,paralytic_shellfish_poisoning,TOXIN,taxon_associated_with_toxin,cyanobacteria,CYANO_TAXON,37,STX_DOC_000007;STX_DOC_000009;STX_DOC_000022;STX_DOC_000061;STX_DOC_000068;STX_DOC_000070;STX_DOC_000072;STX_DOC_000116;STX_DOC_000185;STX_DOC_000186;STX_DOC_000192;STX_DOC_000277;STX_DOC_000281;STX_DOC_000379;STX_DOC_000385;STX_DOC_000435;STX_DOC_000490;STX_DOC_000491;STX_DOC_000577;STX_DOC_000579;STX_DOC_000580;STX_DOC_000599;STX_DOC_000600;STX_DOC_000830;STX_DOC_000856;STX_DOC_000971;STX_DOC_001737,1994.0,2015.0
dino_pre2016,paralytic_shellfish_poisoning,TOXIN,taxon_associated_with_toxin,cylindrospermopsis,CYANO_TAXON,5,STX_DOC_000007;STX_DOC_000009;STX_DOC_000072;STX_DOC_000490;STX_DOC_000491,2009.0,2015.0
dino_pre2016,paralytic_shellfish_poisoning,TOXIN,taxon_associated_with_toxin,dinoflagellate,DINO_TAXON,232,STX_DOC_000007;STX_DOC_000009;STX_DOC_000022;STX_DOC_000024;STX_DOC_000035;STX_DOC_000036;STX_DOC_000045;STX_DOC_000060;STX_DOC_000061;STX_DOC_000062;STX_DOC_000068;STX_DOC_000070;STX_DOC_000072;STX_DOC_000083;STX_DOC_000093;STX_DOC_000095;STX_DOC_000096;STX_DOC_000099;STX_DOC_000116;STX_DOC_000125;STX_DOC_000127;STX_DOC_000129;STX_DOC_000146;STX_DOC_000147;STX_DOC_000149;STX_DOC_000150;STX_DOC_000151;STX_DOC_000152;STX_DOC_000153;STX_DOC_000184;STX_DOC_000185;STX_DOC_000186;STX_DOC_000188;STX_DOC_000192;STX_DOC_000196;STX_DOC_000211;STX_DOC_000212;STX_DOC_000213;STX_DOC_000250;STX_DOC_000252;STX_DOC_000277;STX_DOC_000279;STX_DOC_000281;STX_DOC_000289;STX_DOC_000290;STX_DOC_000292;STX_DOC_000293;STX_DOC_000317;STX_DOC_000329;STX_DOC_000331;STX_DOC_000335;STX_DOC_000347;STX_DOC_000351;STX_DOC_000375;STX_DOC_000379;STX_DOC_000385;STX_DOC_000391;STX_DOC_000393;STX_DOC_000428;STX_DOC_000430;STX_DOC_000434;STX_DOC_000435;STX_DOC_000437;STX_DOC_000442;STX_DOC_000486;STX_DOC_000490;STX_DOC_000491;STX_DOC_000497;STX_DOC_000507;STX_DOC_000508;STX_DOC_000509;STX_DOC_000510;STX_DOC_000511;STX_DOC_000514;STX_DOC_000516;STX_DOC_000517;STX_DOC_000518;STX_DOC_000520;STX_DOC_000560;STX_DOC_000561;STX_DOC_000566;STX_DOC_000567;STX_DOC_000572;STX_DOC_000576;STX_DOC_000577;STX_DOC_000579;STX_DOC_000580;STX_DOC_000583;STX_DOC_000584;STX_DOC_000588;STX_DOC_000589;STX_DOC_000590;STX_DOC_000593;STX_DOC_000594;STX_DOC_000596;STX_DOC_000599;STX_DOC_000600;STX_DOC_000601;STX_DOC_000643;STX_DOC_000649;STX_DOC_000658;STX_DOC_000661;STX_DOC_000662;STX_DOC_000665;STX_DOC_000671;STX_DOC_000676;STX_DOC_000677;STX_DOC_000726;STX_DOC_000755;STX_DOC_000758;STX_DOC_000759;STX_DOC_000760;STX_DOC_000764;STX_DOC_000765;STX_DOC_000770;STX_DOC_000771;STX_DOC_000772;STX_DOC_000829;STX_DOC_000830;STX_DOC_000842;STX_DOC_000844;STX_DOC_000846;STX_DOC_000847;STX_DOC_000856;STX_DOC_000858;STX_DOC_000860;STX_DOC_000863;STX_DOC_000867;STX_DOC_000868;STX_DOC_000869;STX_DOC_000872;STX_DOC_000874;STX_DOC_000875;STX_DOC_000877;STX_DOC_000878;STX_DOC_000879;STX_DOC_000880;STX_DOC_000881;STX_DOC_000882;STX_DOC_000940;STX_DOC_000941;STX_DOC_000955;STX_DOC_000965;STX_DOC_000967;STX_DOC_000968;STX_DOC_000969;STX_DOC_000971;STX_DOC_000982;STX_DOC_000984;STX_DOC_000987;STX_DOC_000988;STX_DOC_001049;STX_DOC_001052;STX_DOC_001056;STX_DOC_001067;STX_DOC_001080;STX_DOC_001085;STX_DOC_001086;STX_DOC_001088;STX_DOC_001089;STX_DOC_001092;STX_DOC_001094;STX_DOC_001095;STX_DOC_001097;STX_DOC_001101;STX_DOC_001106;STX_DOC_001198;STX_DOC_001201;STX_DOC_001202;STX_DOC_001204;STX_DOC_001205;STX_DOC_001209;STX_DOC_001210;STX_DOC_001215;STX_DOC_001303;STX_DOC_001304;STX_DOC_001320;STX_DOC_001342;STX_DOC_001480;STX_DOC_001491;STX_DOC_001494;STX_DOC_001496;STX_DOC_001502;STX_DOC_001503;STX_DOC_001506;STX_DOC_001509;STX_DOC_001739;STX_DOC_001740,1976.0,2015.0
dino_pre2016,paralytic_shellfish_poisoning,TOXIN,taxon_associated_with_toxin,gymnodinium,DINO_TAXON,33,STX_DOC_000009;STX_DOC_000035;STX_DOC_000036;STX_DOC_000060;STX_DOC_000096;STX_DOC_000116;STX_DOC_000127;STX_DOC_000146;STX_DOC_000151;STX_DOC_000188;STX_DOC_000248;STX_DOC_000250;STX_DOC_000286;STX_DOC_000335;STX_DOC_000351;STX_DOC_000375;STX_DOC_000393;STX_DOC_000428;STX_DOC_000507;STX_DOC_000509;STX_DOC_000517;STX_DOC_000520;STX_DOC_000661;STX_DOC_000662;STX_DOC_000764;STX_DOC_000770;STX_DOC_000847;STX_DOC_000853;STX_DOC_000875;STX_DOC_001097;STX_DOC_001101;STX_DOC_001283;STX_DOC_001337,1986.0,2015.0
dino_pre2016,paralytic_shellfish_poisoning,TOXIN,taxon_associated_with_toxin,gymnodinium_catenatum,DINO_TAXON,28,STX_DOC_000035;STX_DOC_000036;STX_DOC_000060;STX_DOC_000096;STX_DOC_000116;STX_DOC_000127;STX_DOC_000146;STX_DOC_000248;STX_DOC_000250;STX_DOC_000286;STX_DOC_000335;STX_DOC_000351;STX_DOC_000393;STX_DOC_000428;STX_DOC_000507;STX_DOC_000509;STX_DOC_000517;STX_DOC_000520;STX_DOC_000661;STX_DOC_000662;STX_DOC_000764;STX_DOC_000770;STX_DOC_000847;STX_DOC_000853;STX_DOC_000875;STX_DOC_001097;STX_DOC_001101;STX_DOC_001337,1986.0,2015.0
dino_pre2016,paralytic_shellfish_poisoning,TOXIN,taxon_associated_with_toxin,lyngbya,CYANO_TAXON,1,STX_DOC_000009,2010.0,2010.0
dino_pre2016,paralytic_shellfish_poisoning,TOXIN,taxon_associated_with_toxin,planktothrix,CYANO_TAXON,1,STX_DOC_000009,2010.0,2010.0
dino_pre2016,paralytic_shellfish_poisoning,TOXIN,taxon_associated_with_toxin,protoceratium,DINO_TAXON,1,STX_DOC_000568,2012.0,2012.0
dino_pre2016,paralytic_shellfish_poisoning,TOXIN,taxon_associated_with_toxin,protoceratium_reticulatum,DINO_TAXON,1,STX_DOC_000568,2012.0,2012.0
dino_pre2016,paralytic_shellfish_poisoning,TOXIN,taxon_associated_with_toxin,pyrodinium,DINO_TAXON,22,STX_DOC_000009;STX_DOC_000022;STX_DOC_000099;STX_DOC_000116;STX_DOC_000153;STX_DOC_000290;STX_DOC_000292;STX_DOC_000293;STX_DOC_000581;STX_DOC_000593;STX_DOC_000594;STX_DOC_000596;STX_DOC_000661;STX_DOC_000662;STX_DOC_000726;STX_DOC_000771;STX_DOC_000772;STX_DOC_000960;STX_DOC_001106;STX_DOC_001180;STX_DOC_001339;STX_DOC_001493,1977.0,2015.0
dino_pre2016,paralytic_shellfish_poisoning,TOXIN,taxon_associated_with_toxin,pyrodinium_bahamense,DINO_TAXON,20,STX_DOC_000022;STX_DOC_000099;STX_DOC_000116;STX_DOC_000153;STX_DOC_000290;STX_DOC_000292;STX_DOC_000293;STX_DOC_000581;STX_DOC_000593;STX_DOC_000594;STX_DOC_000596;STX_DOC_000661;STX_DOC_000662;STX_DOC_000726;STX_DOC_000771;STX_DOC_000772;STX_DOC_000960;STX_DOC_001106;STX_DOC_001180;STX_DOC_001339,1977.0,2015.0
dino_pre2016,paralytic_shellfish_toxins,TOXIN,environment_associated_with_toxin,bloom,ENV_FACTOR,32,STX_DOC_000006;STX_DOC_000078;STX_DOC_000141;STX_DOC_000167;STX_DOC_000169;STX_DOC_000196;STX_DOC_000215;STX_DOC_000246;STX_DOC_000282;STX_DOC_000287;STX_DOC_000288;STX_DOC_000289;STX_DOC_000321;STX_DOC_000335;STX_DOC_000428;STX_DOC_000505;STX_DOC_000511;STX_DOC_000581;STX_DOC_000668;STX_DOC_000677;STX_DOC_000761;STX_DOC_000776;STX_DOC_000833;STX_DOC_000835;STX_DOC_000933;STX_DOC_000949;STX_DOC_000954;STX_DOC_000983;STX_DOC_001162;STX_DOC_001173;STX_DOC_001175;STX_DOC_001402,1982.0,2015.0
dino_pre2016,paralytic_shellfish_toxins,TOXIN,environment_associated_with_toxin,climate,ENV_FACTOR,3,STX_DOC_000006;STX_DOC_000282;STX_DOC_000511,2003.0,2015.0
dino_pre2016,paralytic_shellfish_toxins,TOXIN,environment_associated_with_toxin,harmful_algal_bloom,ENV_FACTOR,4,STX_DOC_000287;STX_DOC_000288;STX_DOC_000289;STX_DOC_000321,2006.0,2013.0
dino_pre2016,paralytic_shellfish_toxins,TOXIN,environment_associated_with_toxin,irradiance,ENV_FACTOR,3,STX_DOC_000165;STX_DOC_000437;STX_DOC_000728,2006.0,2014.0
dino_pre2016,paralytic_shellfish_toxins,TOXIN,environment_associated_with_toxin,light,ENV_FACTOR,5,STX_DOC_000040;STX_DOC_000320;STX_DOC_000437;STX_DOC_000668;STX_DOC_000674,1997.0,2014.0
dino_pre2016,paralytic_shellfish_toxins,TOXIN,environment_associated_with_toxin,nitrate,ENV_FACTOR,8,STX_DOC_000063;STX_DOC_000148;STX_DOC_000219;STX_DOC_000436;STX_DOC_000437;STX_DOC_000444;STX_DOC_000674;STX_DOC_001749,1994.0,2010.0
dino_pre2016,paralytic_shellfish_toxins,TOXIN,environment_associated_with_toxin,nitrogen,ENV_FACTOR,6,STX_DOC_000024;STX_DOC_000063;STX_DOC_000113;STX_DOC_000321;STX_DOC_000436;STX_DOC_000444,1994.0,2015.0
dino_pre2016,paralytic_shellfish_toxins,TOXIN,environment_associated_with_toxin,nitrogen_limitation,ENV_FACTOR,1,STX_DOC_000113,2015.0,2015.0
dino_pre2016,paralytic_shellfish_toxins,TOXIN,environment_associated_with_toxin,nutrient,ENV_FACTOR,14,STX_DOC_000006;STX_DOC_000024;STX_DOC_000063;STX_DOC_000078;STX_DOC_000113;STX_DOC_000117;STX_DOC_000148;STX_DOC_000165;STX_DOC_000321;STX_DOC_000336;STX_DOC_000436;STX_DOC_000444;STX_DOC_000657;STX_DOC_001749,1994.0,2015.0
dino_pre2016,paralytic_shellfish_toxins,TOXIN,environment_associated_with_toxin,nutrients,ENV_FACTOR,3,STX_DOC_000148;STX_DOC_000444;STX_DOC_000574,1996.0,2010.0
dino_pre2016,paralytic_shellfish_toxins,TOXIN,environment_associated_with_toxin,phosphate,ENV_FACTOR,3,STX_DOC_000063;STX_DOC_000148;STX_DOC_000436,1994.0,2008.0
dino_pre2016,paralytic_shellfish_toxins,TOXIN,environment_associated_with_toxin,phosphorus,ENV_FACTOR,5,STX_DOC_000024;STX_DOC_000063;STX_DOC_000113;STX_DOC_000321;STX_DOC_000444,1994.0,2015.0
dino_pre2016,paralytic_shellfish_toxins,TOXIN,environment_associated_with_toxin,salinity,ENV_FACTOR,5,STX_DOC_000117;STX_DOC_000148;STX_DOC_000165;STX_DOC_000320;STX_DOC_000336,1996.0,2014.0
dino_pre2016,paralytic_shellfish_toxins,TOXIN,environment_associated_with_toxin,temperature,ENV_FACTOR,9,STX_DOC_000117;STX_DOC_000165;STX_DOC_000167;STX_DOC_000219;STX_DOC_000282;STX_DOC_000320;STX_DOC_000437;STX_DOC_000728;STX_DOC_001399,1996.0,2014.0
dino_pre2016,paralytic_shellfish_toxins,TOXIN,gene_associated_with_toxin,sxt_genes,SXT_GENE,2,STX_DOC_000040;STX_DOC_000050,2014.0,2015.0
dino_pre2016,paralytic_shellfish_toxins,TOXIN,gene_associated_with_toxin,sxta,SXT_GENE,8,STX_DOC_000006;STX_DOC_000007;STX_DOC_000024;STX_DOC_000040;STX_DOC_000050;STX_DOC_000126;STX_DOC_000140;STX_DOC_000562,2014.0,2015.0
dino_pre2016,paralytic_shellfish_toxins,TOXIN,gene_associated_with_toxin,sxtb,SXT_GENE,1,STX_DOC_000006,2015.0,2015.0
dino_pre2016,paralytic_shellfish_toxins,TOXIN,gene_associated_with_toxin,sxtd,SXT_GENE,1,STX_DOC_000007,2015.0,2015.0
dino_pre2016,paralytic_shellfish_toxins,TOXIN,gene_associated_with_toxin,sxtg,SXT_GENE,3,STX_DOC_000006;STX_DOC_000024;STX_DOC_000140,2014.0,2015.0
dino_pre2016,paralytic_shellfish_toxins,TOXIN,gene_associated_with_toxin,sxtu,SXT_GENE,1,STX_DOC_000007,2015.0,2015.0
dino_pre2016,paralytic_shellfish_toxins,TOXIN,method_associated_with_toxin,biosensor,DETECTION_METHOD,1,STX_DOC_000844,2011.0,2011.0
dino_pre2016,paralytic_shellfish_toxins,TOXIN,method_associated_with_toxin,chemical_analysis,DETECTION_METHOD,2,STX_DOC_000218;STX_DOC_000971,2000.0,2010.0
dino_pre2016,paralytic_shellfish_toxins,TOXIN,method_associated_with_toxin,elisa,DETECTION_METHOD,3,STX_DOC_000195;STX_DOC_000287;STX_DOC_000288,1991.0,2008.0
dino_pre2016,paralytic_shellfish_toxins,TOXIN,method_associated_with_toxin,hplc,DETECTION_METHOD,26,STX_DOC_000051;STX_DOC_000080;STX_DOC_000083;STX_DOC_000116;STX_DOC_000144;STX_DOC_000151;STX_DOC_000166;STX_DOC_000169;STX_DOC_000195;STX_DOC_000196;STX_DOC_000251;STX_DOC_000280;STX_DOC_000286;STX_DOC_000287;STX_DOC_000288;STX_DOC_000327;STX_DOC_000348;STX_DOC_000351;STX_DOC_000517;STX_DOC_000570;STX_DOC_000591;STX_DOC_000668;STX_DOC_000677;STX_DOC_000728;STX_DOC_000844;STX_DOC_001399,1988.0,2014.0
dino_pre2016,paralytic_shellfish_toxins,TOXIN,method_associated_with_toxin,lc_ms,DETECTION_METHOD,4,STX_DOC_000007;STX_DOC_000214;STX_DOC_000280;STX_DOC_000286,2008.0,2015.0
dino_pre2016,paralytic_shellfish_toxins,TOXIN,method_associated_with_toxin,lc_ms_ms,DETECTION_METHOD,3,STX_DOC_000007;STX_DOC_000214;STX_DOC_000280,2013.0,2015.0
dino_pre2016,paralytic_shellfish_toxins,TOXIN,method_associated_with_toxin,liquid_chromatography,DETECTION_METHOD,3,STX_DOC_000060;STX_DOC_000286;STX_DOC_000517,1998.0,2015.0
dino_pre2016,paralytic_shellfish_toxins,TOXIN,method_associated_with_toxin,mass_spectrometry,DETECTION_METHOD,7,STX_DOC_000007;STX_DOC_000060;STX_DOC_000166;STX_DOC_000286;STX_DOC_000322;STX_DOC_000348;STX_DOC_001333,1996.0,2015.0
dino_pre2016,paralytic_shellfish_toxins,TOXIN,method_associated_with_toxin,mouse_bioassay,DETECTION_METHOD,14,STX_DOC_000127;STX_DOC_000151;STX_DOC_000195;STX_DOC_000218;STX_DOC_000253;STX_DOC_000350;STX_DOC_000570;STX_DOC_000581;STX_DOC_000591;STX_DOC_000597;STX_DOC_000776;STX_DOC_000844;STX_DOC_000971;STX_DOC_001737,1982.0,2014.0
dino_pre2016,paralytic_shellfish_toxins,TOXIN,process_associated_with_toxin,biosynthesis,BIOLOGICAL_PROCESS,16,STX_DOC_000006;STX_DOC_000024;STX_DOC_000040;STX_DOC_000050;STX_DOC_000061;STX_DOC_000113;STX_DOC_000184;STX_DOC_000251;STX_DOC_000275;STX_DOC_000322;STX_DOC_000329;STX_DOC_000336;STX_DOC_000603;STX_DOC_000971;STX_DOC_000983;STX_DOC_001071,1984.0,2015.0
dino_pre2016,paralytic_shellfish_toxins,TOXIN,process_associated_with_toxin,environmental_regulation,BIOLOGICAL_PROCESS,1,STX_DOC_000219,2010.0,2010.0
dino_pre2016,paralytic_shellfish_toxins,TOXIN,process_associated_with_toxin,evolution,BIOLOGICAL_PROCESS,4,STX_DOC_000061;STX_DOC_000140;STX_DOC_000184;STX_DOC_001071,2009.0,2014.0
dino_pre2016,paralytic_shellfish_toxins,TOXIN,process_associated_with_toxin,expression,BIOLOGICAL_PROCESS,13,STX_DOC_000007;STX_DOC_000024;STX_DOC_000040;STX_DOC_000113;STX_DOC_000184;STX_DOC_000329;STX_DOC_000484;STX_DOC_000652;STX_DOC_000724;STX_DOC_000734;STX_DOC_000833;STX_DOC_001162;STX_DOC_001308,2005.0,2015.0
dino_pre2016,paralytic_shellfish_toxins,TOXIN,process_associated_with_toxin,gene_expression,BIOLOGICAL_PROCESS,5,STX_DOC_000024;STX_DOC_000184;STX_DOC_000652;STX_DOC_000724;STX_DOC_001308,2007.0,2015.0
dino_pre2016,paralytic_shellfish_toxins,TOXIN,process_associated_with_toxin,harmful_algal_bloom,BIOLOGICAL_PROCESS,1,STX_DOC_000329,2005.0,2005.0
dino_pre2016,paralytic_shellfish_toxins,TOXIN,process_associated_with_toxin,horizontal_gene_transfer,BIOLOGICAL_PROCESS,1,STX_DOC_000061,2009.0,2009.0
dino_pre2016,paralytic_shellfish_toxins,TOXIN,process_associated_with_toxin,phylogenetic,BIOLOGICAL_PROCESS,7,STX_DOC_000061;STX_DOC_000169;STX_DOC_000335;STX_DOC_000490;STX_DOC_000491;STX_DOC_000663;STX_DOC_001090,2001.0,2013.0
dino_pre2016,paralytic_shellfish_toxins,TOXIN,process_associated_with_toxin,phylogeny,BIOLOGICAL_PROCESS,3,STX_DOC_000061;STX_DOC_000140;STX_DOC_000562,2009.0,2014.0
dino_pre2016,paralytic_shellfish_toxins,TOXIN,process_associated_with_toxin,regulation,BIOLOGICAL_PROCESS,7,STX_DOC_000063;STX_DOC_000126;STX_DOC_000184;STX_DOC_000219;STX_DOC_000275;STX_DOC_000724;STX_DOC_000939,1994.0,2015.0
dino_pre2016,paralytic_shellfish_toxins,TOXIN,process_associated_with_toxin,resting_cyst,BIOLOGICAL_PROCESS,2,STX_DOC_000776;STX_DOC_000983,1982.0,1992.0
dino_pre2016,paralytic_shellfish_toxins,TOXIN,process_associated_with_toxin,toxicity,BIOLOGICAL_PROCESS,48,STX_DOC_000009;STX_DOC_000045;STX_DOC_000050;STX_DOC_000078;STX_DOC_000120;STX_DOC_000127;STX_DOC_000140;STX_DOC_000144;STX_DOC_000169;STX_DOC_000196;STX_DOC_000215;STX_DOC_000218;STX_DOC_000219;STX_DOC_000253;STX_DOC_000282;STX_DOC_000320;STX_DOC_000327;STX_DOC_000335;STX_DOC_000350;STX_DOC_000395;STX_DOC_000428;STX_DOC_000490;STX_DOC_000491;STX_DOC_000505;STX_DOC_000570;STX_DOC_000581;STX_DOC_000597;STX_DOC_000660;STX_DOC_000674;STX_DOC_000677;STX_DOC_000728;STX_DOC_000737;STX_DOC_000761;STX_DOC_000776;STX_DOC_000863;STX_DOC_000867;STX_DOC_000939;STX_DOC_000962;STX_DOC_000971;STX_DOC_001047;STX_DOC_001093;STX_DOC_001173;STX_DOC_001213;STX_DOC_001485;STX_DOC_001732;STX_DOC_001737;STX_DOC_001747;STX_DOC_001749,1979.0,2015.0
dino_pre2016,paralytic_shellfish_toxins,TOXIN,process_associated_with_toxin,toxin_biosynthesis,BIOLOGICAL_PROCESS,7,STX_DOC_000006;STX_DOC_000040;STX_DOC_000061;STX_DOC_000113;STX_DOC_000322;STX_DOC_000329;STX_DOC_000336,2003.0,2015.0
dino_pre2016,paralytic_shellfish_toxins,TOXIN,process_associated_with_toxin,toxin_production,BIOLOGICAL_PROCESS,23,STX_DOC_000006;STX_DOC_000024;STX_DOC_000083;STX_DOC_000120;STX_DOC_000166;STX_DOC_000184;STX_DOC_000251;STX_DOC_000289;STX_DOC_000327;STX_DOC_000338;STX_DOC_000340;STX_DOC_000341;STX_DOC_000343;STX_DOC_000351;STX_DOC_000376;STX_DOC_000436;STX_DOC_000437;STX_DOC_000674;STX_DOC_001046;STX_DOC_001047;STX_DOC_001073;STX_DOC_001159;STX_DOC_001308,1988.0,2015.0
dino_pre2016,paralytic_shellfish_toxins,TOXIN,process_associated_with_toxin,transcription,BIOLOGICAL_PROCESS,3,STX_DOC_000652;STX_DOC_000724;STX_DOC_000835,2013.0,2015.0
dino_pre2016,paralytic_shellfish_toxins,TOXIN,process_associated_with_toxin,transcriptome,BIOLOGICAL_PROCESS,1,STX_DOC_000040,2014.0,2014.0
dino_pre2016,paralytic_shellfish_toxins,TOXIN,process_associated_with_toxin,transcriptomic,BIOLOGICAL_PROCESS,3,STX_DOC_000184;STX_DOC_000275;STX_DOC_000939,2013.0,2015.0
dino_pre2016,paralytic_shellfish_toxins,TOXIN,semantic_cooccurrence,paralytic_shellfish_poisoning,TOXIN,48,STX_DOC_000007;STX_DOC_000009;STX_DOC_000024;STX_DOC_000045;STX_DOC_000060;STX_DOC_000061;STX_DOC_000078;STX_DOC_000083;STX_DOC_000099;STX_DOC_000116;STX_DOC_000127;STX_DOC_000151;STX_DOC_000153;STX_DOC_000169;STX_DOC_000184;STX_DOC_000188;STX_DOC_000196;STX_DOC_000252;STX_DOC_000281;STX_DOC_000286;STX_DOC_000287;STX_DOC_000288;STX_DOC_000289;STX_DOC_000321;STX_DOC_000329;STX_DOC_000335;STX_DOC_000351;STX_DOC_000428;STX_DOC_000437;STX_DOC_000490;STX_DOC_000491;STX_DOC_000510;STX_DOC_000511;STX_DOC_000517;STX_DOC_000566;STX_DOC_000581;STX_DOC_000656;STX_DOC_000660;STX_DOC_000677;STX_DOC_000760;STX_DOC_000844;STX_DOC_000863;STX_DOC_000867;STX_DOC_000939;STX_DOC_000971;STX_DOC_001732;STX_DOC_001737;STX_DOC_001747,1982.0,2015.0
dino_pre2016,paralytic_shellfish_toxins,TOXIN,taxon_associated_with_toxin,alexandrium,DINO_TAXON,95,STX_DOC_000009;STX_DOC_000024;STX_DOC_000029;STX_DOC_000030;STX_DOC_000040;STX_DOC_000050;STX_DOC_000063;STX_DOC_000078;STX_DOC_000082;STX_DOC_000083;STX_DOC_000113;STX_DOC_000117;STX_DOC_000119;STX_DOC_000120;STX_DOC_000126;STX_DOC_000127;STX_DOC_000140;STX_DOC_000148;STX_DOC_000151;STX_DOC_000165;STX_DOC_000169;STX_DOC_000184;STX_DOC_000188;STX_DOC_000195;STX_DOC_000196;STX_DOC_000215;STX_DOC_000219;STX_DOC_000246;STX_DOC_000251;STX_DOC_000253;STX_DOC_000275;STX_DOC_000280;STX_DOC_000282;STX_DOC_000287;STX_DOC_000288;STX_DOC_000289;STX_DOC_000321;STX_DOC_000322;STX_DOC_000327;STX_DOC_000329;STX_DOC_000336;STX_DOC_000340;STX_DOC_000341;STX_DOC_000343;STX_DOC_000348;STX_DOC_000350;STX_DOC_000351;STX_DOC_000436;STX_DOC_000437;STX_DOC_000444;STX_DOC_000484;STX_DOC_000498;STX_DOC_000505;STX_DOC_000510;STX_DOC_000511;STX_DOC_000517;STX_DOC_000562;STX_DOC_000591;STX_DOC_000656;STX_DOC_000657;STX_DOC_000660;STX_DOC_000663;STX_DOC_000668;STX_DOC_000674;STX_DOC_000677;STX_DOC_000734;STX_DOC_000737;STX_DOC_000760;STX_DOC_000761;STX_DOC_000835;STX_DOC_000933;STX_DOC_000939;STX_DOC_000949;STX_DOC_000983;STX_DOC_001046;STX_DOC_001047;STX_DOC_001073;STX_DOC_001087;STX_DOC_001090;STX_DOC_001093;STX_DOC_001102;STX_DOC_001159;STX_DOC_001162;STX_DOC_001173;STX_DOC_001175;STX_DOC_001271;STX_DOC_001274;STX_DOC_001279;STX_DOC_001308;STX_DOC_001312;STX_DOC_001333;STX_DOC_001335;STX_DOC_001453;STX_DOC_001465;STX_DOC_001749,1988.0,2015.0
dino_pre2016,paralytic_shellfish_toxins,TOXIN,taxon_associated_with_toxin,alexandrium_catenella,DINO_TAXON,12,STX_DOC_000040;STX_DOC_000165;STX_DOC_000215;STX_DOC_000219;STX_DOC_000246;STX_DOC_000275;STX_DOC_000322;STX_DOC_000351;STX_DOC_000734;STX_DOC_000761;STX_DOC_000949;STX_DOC_001308,1988.0,2015.0
dino_pre2016,paralytic_shellfish_toxins,TOXIN,taxon_associated_with_toxin,alexandrium_fundyense,DINO_TAXON,8,STX_DOC_000196;STX_DOC_000444;STX_DOC_000484;STX_DOC_000498;STX_DOC_001046;STX_DOC_001047;STX_DOC_001175;STX_DOC_001749,1990.0,2015.0
dino_pre2016,paralytic_shellfish_toxins,TOXIN,taxon_associated_with_toxin,alexandrium_leei,DINO_TAXON,1,STX_DOC_000562,2014.0,2014.0
dino_pre2016,paralytic_shellfish_toxins,TOXIN,taxon_associated_with_toxin,alexandrium_minutum,DINO_TAXON,19,STX_DOC_000024;STX_DOC_000063;STX_DOC_000082;STX_DOC_000120;STX_DOC_000126;STX_DOC_000169;STX_DOC_000188;STX_DOC_000289;STX_DOC_000327;STX_DOC_000329;STX_DOC_000336;STX_DOC_000351;STX_DOC_000436;STX_DOC_000437;STX_DOC_000510;STX_DOC_000835;STX_DOC_000933;STX_DOC_001073;STX_DOC_001102,1988.0,2015.0
dino_pre2016,paralytic_shellfish_toxins,TOXIN,taxon_associated_with_toxin,alexandrium_ostenfeldii,DINO_TAXON,3,STX_DOC_000253;STX_DOC_000282;STX_DOC_001159,1992.0,2013.0
dino_pre2016,paralytic_shellfish_toxins,TOXIN,taxon_associated_with_toxin,alexandrium_tamarense,DINO_TAXON,36,STX_DOC_000029;STX_DOC_000030;STX_DOC_000050;STX_DOC_000078;STX_DOC_000113;STX_DOC_000119;STX_DOC_000120;STX_DOC_000127;STX_DOC_000184;STX_DOC_000219;STX_DOC_000251;STX_DOC_000280;STX_DOC_000321;STX_DOC_000340;STX_DOC_000341;STX_DOC_000343;STX_DOC_000348;STX_DOC_000350;STX_DOC_000505;STX_DOC_000591;STX_DOC_000656;STX_DOC_000657;STX_DOC_000660;STX_DOC_000663;STX_DOC_000668;STX_DOC_000674;STX_DOC_000737;STX_DOC_000760;STX_DOC_000939;STX_DOC_000949;STX_DOC_000983;STX_DOC_001087;STX_DOC_001093;STX_DOC_001271;STX_DOC_001279;STX_DOC_001312,1992.0,2015.0
dino_pre2016,paralytic_shellfish_toxins,TOXIN,taxon_associated_with_toxin,alexandrium_tamiyavanichii,DINO_TAXON,1,STX_DOC_000437,2006.0,2006.0
dino_pre2016,paralytic_shellfish_toxins,TOXIN,taxon_associated_with_toxin,anabaena,CYANO_TAXON,5,STX_DOC_000009;STX_DOC_000061;STX_DOC_000082;STX_DOC_000280;STX_DOC_000348,1996.0,2013.0
dino_pre2016,paralytic_shellfish_toxins,TOXIN,taxon_associated_with_toxin,aphanizomenon,CYANO_TAXON,4,STX_DOC_000009;STX_DOC_000061;STX_DOC_000989;STX_DOC_000990,1968.0,2010.0
dino_pre2016,paralytic_shellfish_toxins,TOXIN,taxon_associated_with_toxin,cyanobacteria,CYANO_TAXON,32,STX_DOC_000006;STX_DOC_000007;STX_DOC_000009;STX_DOC_000040;STX_DOC_000051;STX_DOC_000061;STX_DOC_000080;STX_DOC_000082;STX_DOC_000113;STX_DOC_000116;STX_DOC_000166;STX_DOC_000275;STX_DOC_000280;STX_DOC_000281;STX_DOC_000322;STX_DOC_000338;STX_DOC_000348;STX_DOC_000445;STX_DOC_000490;STX_DOC_000491;STX_DOC_000832;STX_DOC_000833;STX_DOC_000971;STX_DOC_001071;STX_DOC_001737,1996.0,2015.0
dino_pre2016,paralytic_shellfish_toxins,TOXIN,taxon_associated_with_toxin,cylindrospermopsis,CYANO_TAXON,4,STX_DOC_000007;STX_DOC_000009;STX_DOC_000490;STX_DOC_000491,2010.0,2015.0
dino_pre2016,paralytic_shellfish_toxins,TOXIN,taxon_associated_with_toxin,dinoflagellate,DINO_TAXON,169,STX_DOC_000006;STX_DOC_000007;STX_DOC_000009;STX_DOC_000024;STX_DOC_000029;STX_DOC_000030;STX_DOC_000040;STX_DOC_000045;STX_DOC_000051;STX_DOC_000060;STX_DOC_000061;STX_DOC_000063;STX_DOC_000080;STX_DOC_000082;STX_DOC_000083;STX_DOC_000099;STX_DOC_000113;STX_DOC_000116;STX_DOC_000120;STX_DOC_000126;STX_DOC_000127;STX_DOC_000140;STX_DOC_000141;STX_DOC_000144;STX_DOC_000148;STX_DOC_000151;STX_DOC_000153;STX_DOC_000165;STX_DOC_000166;STX_DOC_000167;STX_DOC_000184;STX_DOC_000188;STX_DOC_000195;STX_DOC_000196;STX_DOC_000214;STX_DOC_000215;STX_DOC_000218;STX_DOC_000222;STX_DOC_000246;STX_DOC_000247;STX_DOC_000251;STX_DOC_000252;STX_DOC_000253;STX_DOC_000275;STX_DOC_000280;STX_DOC_000281;STX_DOC_000282;STX_DOC_000289;STX_DOC_000320;STX_DOC_000322;STX_DOC_000327;STX_DOC_000329;STX_DOC_000335;STX_DOC_000336;STX_DOC_000338;STX_DOC_000340;STX_DOC_000341;STX_DOC_000343;STX_DOC_000348;STX_DOC_000350;STX_DOC_000351;STX_DOC_000352;STX_DOC_000353;STX_DOC_000376;STX_DOC_000394;STX_DOC_000395;STX_DOC_000428;STX_DOC_000436;STX_DOC_000437;STX_DOC_000444;STX_DOC_000445;STX_DOC_000484;STX_DOC_000490;STX_DOC_000491;STX_DOC_000498;STX_DOC_000505;STX_DOC_000510;STX_DOC_000511;STX_DOC_000517;STX_DOC_000562;STX_DOC_000566;STX_DOC_000570;STX_DOC_000574;STX_DOC_000597;STX_DOC_000603;STX_DOC_000652;STX_DOC_000657;STX_DOC_000663;STX_DOC_000668;STX_DOC_000674;STX_DOC_000677;STX_DOC_000724;STX_DOC_000734;STX_DOC_000737;STX_DOC_000750;STX_DOC_000760;STX_DOC_000761;STX_DOC_000774;STX_DOC_000776;STX_DOC_000832;STX_DOC_000833;STX_DOC_000844;STX_DOC_000863;STX_DOC_000867;STX_DOC_000933;STX_DOC_000954;STX_DOC_000971;STX_DOC_000983;STX_DOC_000989;STX_DOC_000990;STX_DOC_001046;STX_DOC_001047;STX_DOC_001065;STX_DOC_001071;STX_DOC_001073;STX_DOC_001083;STX_DOC_001087;STX_DOC_001090;STX_DOC_001093;STX_DOC_001099;STX_DOC_001102;STX_DOC_001103;STX_DOC_001162;STX_DOC_001173;STX_DOC_001213;STX_DOC_001214;STX_DOC_001274;STX_DOC_001333;STX_DOC_001335;STX_DOC_001341;STX_DOC_001399;STX_DOC_001402;STX_DOC_001463;STX_DOC_001464;STX_DOC_001475;STX_DOC_001481;STX_DOC_001485;STX_DOC_001486;STX_DOC_001487;STX_DOC_001488;STX_DOC_001489;STX_DOC_001490;STX_DOC_001495,1968.0,2015.0
dino_pre2016,paralytic_shellfish_toxins,TOXIN,taxon_associated_with_toxin,gymnodinium,DINO_TAXON,44,STX_DOC_000009;STX_DOC_000060;STX_DOC_000082;STX_DOC_000116;STX_DOC_000127;STX_DOC_000141;STX_DOC_000144;STX_DOC_000148;STX_DOC_000151;STX_DOC_000167;STX_DOC_000188;STX_DOC_000195;STX_DOC_000214;STX_DOC_000218;STX_DOC_000283;STX_DOC_000286;STX_DOC_000335;STX_DOC_000351;STX_DOC_000352;STX_DOC_000376;STX_DOC_000428;STX_DOC_000517;STX_DOC_000574;STX_DOC_000652;STX_DOC_000663;STX_DOC_000724;STX_DOC_000728;STX_DOC_000750;STX_DOC_000832;STX_DOC_000945;STX_DOC_000954;STX_DOC_000957;STX_DOC_000962;STX_DOC_001065;STX_DOC_001083;STX_DOC_001099;STX_DOC_001103;STX_DOC_001273;STX_DOC_001291;STX_DOC_001305;STX_DOC_001316;STX_DOC_001318;STX_DOC_001319;STX_DOC_001321,1987.0,2015.0
dino_pre2016,paralytic_shellfish_toxins,TOXIN,taxon_associated_with_toxin,gymnodinium_catenatum,DINO_TAXON,40,STX_DOC_000060;STX_DOC_000082;STX_DOC_000116;STX_DOC_000127;STX_DOC_000141;STX_DOC_000144;STX_DOC_000148;STX_DOC_000167;STX_DOC_000195;STX_DOC_000214;STX_DOC_000218;STX_DOC_000283;STX_DOC_000286;STX_DOC_000335;STX_DOC_000351;STX_DOC_000352;STX_DOC_000376;STX_DOC_000428;STX_DOC_000517;STX_DOC_000652;STX_DOC_000663;STX_DOC_000724;STX_DOC_000728;STX_DOC_000750;STX_DOC_000832;STX_DOC_000945;STX_DOC_000954;STX_DOC_000957;STX_DOC_000962;STX_DOC_001065;STX_DOC_001083;STX_DOC_001099;STX_DOC_001103;STX_DOC_001273;STX_DOC_001291;STX_DOC_001305;STX_DOC_001316;STX_DOC_001318;STX_DOC_001319;STX_DOC_001321,1987.0,2015.0
dino_pre2016,paralytic_shellfish_toxins,TOXIN,taxon_associated_with_toxin,lyngbya,CYANO_TAXON,2,STX_DOC_000009;STX_DOC_000166,2010.0,2012.0
dino_pre2016,paralytic_shellfish_toxins,TOXIN,taxon_associated_with_toxin,planktothrix,CYANO_TAXON,1,STX_DOC_000009,2010.0,2010.0
dino_pre2016,paralytic_shellfish_toxins,TOXIN,taxon_associated_with_toxin,pyrodinium,DINO_TAXON,13,STX_DOC_000009;STX_DOC_000099;STX_DOC_000116;STX_DOC_000126;STX_DOC_000153;STX_DOC_000222;STX_DOC_000247;STX_DOC_000320;STX_DOC_000353;STX_DOC_000574;STX_DOC_000581;STX_DOC_000774;STX_DOC_001341,1982.0,2015.0
dino_pre2016,paralytic_shellfish_toxins,TOXIN,taxon_associated_with_toxin,pyrodinium_bahamense,DINO_TAXON,10,STX_DOC_000099;STX_DOC_000116;STX_DOC_000153;STX_DOC_000222;STX_DOC_000247;STX_DOC_000320;STX_DOC_000353;STX_DOC_000574;STX_DOC_000581;STX_DOC_000774,1982.0,2014.0
dino_pre2016,phosphate,ENV_FACTOR,environment_associated_with_process,biosynthesis,BIOLOGICAL_PROCESS,3,STX_DOC_000074;STX_DOC_000098;STX_DOC_000300,1998.0,1999.0
dino_pre2016,phosphate,ENV_FACTOR,environment_associated_with_process,regulation,BIOLOGICAL_PROCESS,2,STX_DOC_000063;STX_DOC_000300,1994.0,1998.0
dino_pre2016,phosphate,ENV_FACTOR,environment_associated_with_process,saxitoxin_biosynthesis,BIOLOGICAL_PROCESS,3,STX_DOC_000074;STX_DOC_000098;STX_DOC_000300,1998.0,1999.0
dino_pre2016,phosphate,ENV_FACTOR,environment_associated_with_process,toxicity,BIOLOGICAL_PROCESS,6,STX_DOC_000074;STX_DOC_000098;STX_DOC_000189;STX_DOC_000300;STX_DOC_000345;STX_DOC_001733,1998.0,2012.0
dino_pre2016,phosphate,ENV_FACTOR,environment_associated_with_process,toxin_biosynthesis,BIOLOGICAL_PROCESS,2,STX_DOC_000074;STX_DOC_000098,1999.0,1999.0
dino_pre2016,phosphate,ENV_FACTOR,environment_associated_with_process,toxin_production,BIOLOGICAL_PROCESS,9,STX_DOC_000074;STX_DOC_000098;STX_DOC_000189;STX_DOC_000300;STX_DOC_000345;STX_DOC_000436;STX_DOC_000759;STX_DOC_001733;STX_DOC_001741,1998.0,2012.0
dino_pre2016,phosphate,ENV_FACTOR,semantic_cooccurrence,bloom,ENV_FACTOR,1,STX_DOC_001733,2012.0,2012.0
dino_pre2016,phosphate,ENV_FACTOR,semantic_cooccurrence,hplc,DETECTION_METHOD,1,STX_DOC_001733,2012.0,2012.0
dino_pre2016,phosphate,ENV_FACTOR,semantic_cooccurrence,light,ENV_FACTOR,2,STX_DOC_000300;STX_DOC_000345,1998.0,2000.0
dino_pre2016,phosphate,ENV_FACTOR,semantic_cooccurrence,nutrient,ENV_FACTOR,6,STX_DOC_000063;STX_DOC_000074;STX_DOC_000098;STX_DOC_000148;STX_DOC_000436;STX_DOC_000759,1994.0,2008.0
dino_pre2016,phosphate,ENV_FACTOR,semantic_cooccurrence,nutrients,ENV_FACTOR,3,STX_DOC_000148;STX_DOC_000345;STX_DOC_001733,1996.0,2012.0
dino_pre2016,phosphate,ENV_FACTOR,semantic_cooccurrence,phosphorus_limitation,ENV_FACTOR,1,STX_DOC_000759,2002.0,2002.0
dino_pre2016,phosphorus,ENV_FACTOR,environment_associated_with_process,biosynthesis,BIOLOGICAL_PROCESS,2,STX_DOC_000024;STX_DOC_000113,2014.0,2015.0
dino_pre2016,phosphorus,ENV_FACTOR,environment_associated_with_process,expression,BIOLOGICAL_PROCESS,2,STX_DOC_000024;STX_DOC_000113,2014.0,2015.0
dino_pre2016,phosphorus,ENV_FACTOR,environment_associated_with_process,gene_expression,BIOLOGICAL_PROCESS,1,STX_DOC_000024,2014.0,2014.0
dino_pre2016,phosphorus,ENV_FACTOR,environment_associated_with_process,harmful_algal_bloom,BIOLOGICAL_PROCESS,1,STX_DOC_001748,2002.0,2002.0
dino_pre2016,phosphorus,ENV_FACTOR,environment_associated_with_process,regulation,BIOLOGICAL_PROCESS,3,STX_DOC_000063;STX_DOC_000743;STX_DOC_001742,1994.0,2006.0
dino_pre2016,phosphorus,ENV_FACTOR,environment_associated_with_process,toxicity,BIOLOGICAL_PROCESS,2,STX_DOC_000841;STX_DOC_001748,2002.0,2012.0
dino_pre2016,phosphorus,ENV_FACTOR,environment_associated_with_process,toxin_biosynthesis,BIOLOGICAL_PROCESS,1,STX_DOC_000113,2015.0,2015.0
dino_pre2016,phosphorus,ENV_FACTOR,environment_associated_with_process,toxin_production,BIOLOGICAL_PROCESS,5,STX_DOC_000024;STX_DOC_000759;STX_DOC_000841;STX_DOC_000872;STX_DOC_001181,2000.0,2014.0
dino_pre2016,phosphorus,ENV_FACTOR,semantic_cooccurrence,bloom,ENV_FACTOR,2,STX_DOC_000321;STX_DOC_000743,2006.0,2013.0
dino_pre2016,phosphorus,ENV_FACTOR,semantic_cooccurrence,harmful_algal_bloom,ENV_FACTOR,1,STX_DOC_000321,2013.0,2013.0
dino_pre2016,phosphorus,ENV_FACTOR,semantic_cooccurrence,nitrate,ENV_FACTOR,2,STX_DOC_000063;STX_DOC_000444,1994.0,2002.0
dino_pre2016,phosphorus,ENV_FACTOR,semantic_cooccurrence,nitrogen_limitation,ENV_FACTOR,1,STX_DOC_000113,2015.0,2015.0
dino_pre2016,phosphorus,ENV_FACTOR,semantic_cooccurrence,nutrient,ENV_FACTOR,13,STX_DOC_000024;STX_DOC_000063;STX_DOC_000113;STX_DOC_000254;STX_DOC_000321;STX_DOC_000444;STX_DOC_000743;STX_DOC_000759;STX_DOC_000841;STX_DOC_000872;STX_DOC_000974;STX_DOC_001742;STX_DOC_001748,1990.0,2015.0
dino_pre2016,phosphorus,ENV_FACTOR,semantic_cooccurrence,nutrients,ENV_FACTOR,5,STX_DOC_000444;STX_DOC_000743;STX_DOC_000841;STX_DOC_000974;STX_DOC_001748,1999.0,2012.0
dino_pre2016,phosphorus,ENV_FACTOR,semantic_cooccurrence,phosphate,ENV_FACTOR,2,STX_DOC_000063;STX_DOC_000759,1994.0,2002.0
dino_pre2016,phosphorus,ENV_FACTOR,semantic_cooccurrence,phosphorus_limitation,ENV_FACTOR,2,STX_DOC_000759;STX_DOC_000872,2000.0,2002.0
dino_pre2016,phylogenetic,BIOLOGICAL_PROCESS,semantic_cooccurrence,horizontal_gene_transfer,BIOLOGICAL_PROCESS,3,STX_DOC_000052;STX_DOC_000061;STX_DOC_000577,2008.0,2013.0
dino_pre2016,phylogenetic,BIOLOGICAL_PROCESS,semantic_cooccurrence,hplc,DETECTION_METHOD,2,STX_DOC_000169;STX_DOC_000211,2005.0,2015.0
dino_pre2016,phylogenetic,BIOLOGICAL_PROCESS,semantic_cooccurrence,mass_spectrometry,DETECTION_METHOD,1,STX_DOC_000187,2009.0,2009.0
dino_pre2016,phylogenetic,BIOLOGICAL_PROCESS,semantic_cooccurrence,polyketide_synthase,BIOLOGICAL_PROCESS,2,STX_DOC_000485;STX_DOC_000756,2003.0,2015.0
dino_pre2016,phylogenetic,BIOLOGICAL_PROCESS,semantic_cooccurrence,saxitoxin_biosynthesis,BIOLOGICAL_PROCESS,1,STX_DOC_000022,2012.0,2012.0
dino_pre2016,phylogenetic,BIOLOGICAL_PROCESS,semantic_cooccurrence,toxicity,BIOLOGICAL_PROCESS,8,STX_DOC_000169;STX_DOC_000187;STX_DOC_000331;STX_DOC_000335;STX_DOC_000485;STX_DOC_000490;STX_DOC_000491;STX_DOC_000847,2004.0,2015.0
dino_pre2016,phylogenetic,BIOLOGICAL_PROCESS,semantic_cooccurrence,toxin_production,BIOLOGICAL_PROCESS,3,STX_DOC_000187;STX_DOC_000381;STX_DOC_000847,2009.0,2012.0
dino_pre2016,phylogeny,BIOLOGICAL_PROCESS,semantic_cooccurrence,gene_duplication,BIOLOGICAL_PROCESS,1,STX_DOC_000028,2015.0,2015.0
dino_pre2016,phylogeny,BIOLOGICAL_PROCESS,semantic_cooccurrence,horizontal_gene_transfer,BIOLOGICAL_PROCESS,2,STX_DOC_000061;STX_DOC_000577,2008.0,2009.0
dino_pre2016,phylogeny,BIOLOGICAL_PROCESS,semantic_cooccurrence,hplc,DETECTION_METHOD,2,STX_DOC_000211;STX_DOC_000429,2014.0,2015.0
dino_pre2016,phylogeny,BIOLOGICAL_PROCESS,semantic_cooccurrence,phylogenetic,BIOLOGICAL_PROCESS,5,STX_DOC_000022;STX_DOC_000061;STX_DOC_000211;STX_DOC_000381;STX_DOC_000577,2008.0,2015.0
dino_pre2016,phylogeny,BIOLOGICAL_PROCESS,semantic_cooccurrence,resting_cyst,BIOLOGICAL_PROCESS,1,STX_DOC_001078,2007.0,2007.0
dino_pre2016,phylogeny,BIOLOGICAL_PROCESS,semantic_cooccurrence,saxitoxin_biosynthesis,BIOLOGICAL_PROCESS,1,STX_DOC_000022,2012.0,2012.0
dino_pre2016,phylogeny,BIOLOGICAL_PROCESS,semantic_cooccurrence,toxicity,BIOLOGICAL_PROCESS,1,STX_DOC_000140,2014.0,2014.0
dino_pre2016,phylogeny,BIOLOGICAL_PROCESS,semantic_cooccurrence,toxin_production,BIOLOGICAL_PROCESS,1,STX_DOC_000381,2012.0,2012.0
dino_pre2016,planktothrix,CYANO_TAXON,taxon_associated_with_process,toxicity,BIOLOGICAL_PROCESS,1,STX_DOC_000009,2010.0,2010.0
dino_pre2016,protoceratium,DINO_TAXON,semantic_cooccurrence,protoceratium_reticulatum,DINO_TAXON,1,STX_DOC_000568,2012.0,2012.0
dino_pre2016,protoceratium,DINO_TAXON,taxon_associated_with_process,toxicity,BIOLOGICAL_PROCESS,1,STX_DOC_000568,2012.0,2012.0
dino_pre2016,protoceratium_reticulatum,DINO_TAXON,taxon_associated_with_process,toxicity,BIOLOGICAL_PROCESS,1,STX_DOC_000568,2012.0,2012.0
dino_pre2016,pyrodinium,DINO_TAXON,semantic_cooccurrence,anabaena,CYANO_TAXON,1,STX_DOC_000009,2010.0,2010.0
dino_pre2016,pyrodinium,DINO_TAXON,semantic_cooccurrence,aphanizomenon,CYANO_TAXON,1,STX_DOC_000009,2010.0,2010.0
dino_pre2016,pyrodinium,DINO_TAXON,semantic_cooccurrence,bloom,ENV_FACTOR,10,STX_DOC_000142;STX_DOC_000290;STX_DOC_000292;STX_DOC_000581;STX_DOC_000582;STX_DOC_000593;STX_DOC_000594;STX_DOC_000596;STX_DOC_000848;STX_DOC_001180,2001.0,2012.0
dino_pre2016,pyrodinium,DINO_TAXON,semantic_cooccurrence,cyanobacteria,CYANO_TAXON,6,STX_DOC_000009;STX_DOC_000022;STX_DOC_000116;STX_DOC_000598,1995.0,2012.0
dino_pre2016,pyrodinium,DINO_TAXON,semantic_cooccurrence,cylindrospermopsis,CYANO_TAXON,1,STX_DOC_000009,2010.0,2010.0
dino_pre2016,pyrodinium,DINO_TAXON,semantic_cooccurrence,elisa,DETECTION_METHOD,2,STX_DOC_000290;STX_DOC_000292,2006.0,2006.0
dino_pre2016,pyrodinium,DINO_TAXON,semantic_cooccurrence,hplc,DETECTION_METHOD,6,STX_DOC_000116;STX_DOC_000142;STX_DOC_000290;STX_DOC_000292;STX_DOC_000293;STX_DOC_000848,2006.0,2012.0
dino_pre2016,pyrodinium,DINO_TAXON,semantic_cooccurrence,lc_ms,DETECTION_METHOD,2,STX_DOC_000290;STX_DOC_000292,2006.0,2006.0
dino_pre2016,pyrodinium,DINO_TAXON,semantic_cooccurrence,light,ENV_FACTOR,5,STX_DOC_000054;STX_DOC_000055;STX_DOC_000142;STX_DOC_000320;STX_DOC_001187,1994.0,2014.0
dino_pre2016,pyrodinium,DINO_TAXON,semantic_cooccurrence,lyngbya,CYANO_TAXON,1,STX_DOC_000009,2010.0,2010.0
dino_pre2016,pyrodinium,DINO_TAXON,semantic_cooccurrence,mass_spectrometry,DETECTION_METHOD,2,STX_DOC_000290;STX_DOC_000292,2006.0,2006.0
dino_pre2016,pyrodinium,DINO_TAXON,semantic_cooccurrence,mouse_bioassay,DETECTION_METHOD,4,STX_DOC_000290;STX_DOC_000292;STX_DOC_000581;STX_DOC_000848,2006.0,2010.0
dino_pre2016,pyrodinium,DINO_TAXON,semantic_cooccurrence,nitrate,ENV_FACTOR,1,STX_DOC_000142,2012.0,2012.0
dino_pre2016,pyrodinium,DINO_TAXON,semantic_cooccurrence,nitrogen,ENV_FACTOR,1,STX_DOC_000142,2012.0,2012.0
dino_pre2016,pyrodinium,DINO_TAXON,semantic_cooccurrence,nutrient,ENV_FACTOR,4,STX_DOC_000054;STX_DOC_000055;STX_DOC_000142;STX_DOC_000582,1994.0,2012.0
dino_pre2016,pyrodinium,DINO_TAXON,semantic_cooccurrence,nutrients,ENV_FACTOR,2,STX_DOC_000142;STX_DOC_000574,2010.0,2012.0
dino_pre2016,pyrodinium,DINO_TAXON,semantic_cooccurrence,planktothrix,CYANO_TAXON,1,STX_DOC_000009,2010.0,2010.0
dino_pre2016,pyrodinium,DINO_TAXON,semantic_cooccurrence,pyrodinium_bahamense,DINO_TAXON,36,STX_DOC_000022;STX_DOC_000028;STX_DOC_000054;STX_DOC_000055;STX_DOC_000099;STX_DOC_000116;STX_DOC_000142;STX_DOC_000153;STX_DOC_000222;STX_DOC_000247;STX_DOC_000290;STX_DOC_000292;STX_DOC_000293;STX_DOC_000320;STX_DOC_000353;STX_DOC_000574;STX_DOC_000581;STX_DOC_000582;STX_DOC_000593;STX_DOC_000594;STX_DOC_000596;STX_DOC_000661;STX_DOC_000662;STX_DOC_000664;STX_DOC_000726;STX_DOC_000771;STX_DOC_000772;STX_DOC_000774;STX_DOC_000828;STX_DOC_000848;STX_DOC_000960;STX_DOC_001106;STX_DOC_001180;STX_DOC_001187;STX_DOC_001338;STX_DOC_001339,1977.0,2015.0
dino_pre2016,pyrodinium,DINO_TAXON,semantic_cooccurrence,salinity,ENV_FACTOR,5,STX_DOC_000054;STX_DOC_000055;STX_DOC_000142;STX_DOC_000320;STX_DOC_000582,1994.0,2014.0
dino_pre2016,pyrodinium,DINO_TAXON,semantic_cooccurrence,temperature,ENV_FACTOR,5,STX_DOC_000054;STX_DOC_000055;STX_DOC_000142;STX_DOC_000320;STX_DOC_000582,1994.0,2014.0
dino_pre2016,pyrodinium,DINO_TAXON,semantic_cooccurrence,warming,ENV_FACTOR,1,STX_DOC_000142,2012.0,2012.0
dino_pre2016,pyrodinium,DINO_TAXON,taxon_associated_with_process,biosynthesis,BIOLOGICAL_PROCESS,3,STX_DOC_000022;STX_DOC_000028;STX_DOC_000380,2012.0,2015.0
dino_pre2016,pyrodinium,DINO_TAXON,taxon_associated_with_process,evolution,BIOLOGICAL_PROCESS,2,STX_DOC_000028;STX_DOC_000381,2012.0,2015.0
dino_pre2016,pyrodinium,DINO_TAXON,taxon_associated_with_process,gene_duplication,BIOLOGICAL_PROCESS,1,STX_DOC_000028,2015.0,2015.0
dino_pre2016,pyrodinium,DINO_TAXON,taxon_associated_with_process,harmful_algal_bloom,BIOLOGICAL_PROCESS,2,STX_DOC_000598;STX_DOC_000848,1995.0,2010.0
dino_pre2016,pyrodinium,DINO_TAXON,taxon_associated_with_process,phylogenetic,BIOLOGICAL_PROCESS,2,STX_DOC_000022;STX_DOC_000381,2012.0,2012.0
dino_pre2016,pyrodinium,DINO_TAXON,taxon_associated_with_process,phylogeny,BIOLOGICAL_PROCESS,4,STX_DOC_000022;STX_DOC_000028;STX_DOC_000380;STX_DOC_000381,2012.0,2015.0
dino_pre2016,pyrodinium,DINO_TAXON,taxon_associated_with_process,regulation,BIOLOGICAL_PROCESS,3,STX_DOC_000126;STX_DOC_000142;STX_DOC_000582,2006.0,2015.0
dino_pre2016,pyrodinium,DINO_TAXON,taxon_associated_with_process,saxitoxin_biosynthesis,BIOLOGICAL_PROCESS,3,STX_DOC_000022;STX_DOC_000028;STX_DOC_000380,2012.0,2015.0
dino_pre2016,pyrodinium,DINO_TAXON,taxon_associated_with_process,secondary_metabolism,BIOLOGICAL_PROCESS,1,STX_DOC_000142,2012.0,2012.0
dino_pre2016,pyrodinium,DINO_TAXON,taxon_associated_with_process,toxicity,BIOLOGICAL_PROCESS,9,STX_DOC_000009;STX_DOC_000142;STX_DOC_000293;STX_DOC_000320;STX_DOC_000581;STX_DOC_000598;STX_DOC_000848;STX_DOC_000960;STX_DOC_001338,1986.0,2014.0
dino_pre2016,pyrodinium,DINO_TAXON,taxon_associated_with_process,toxin_production,BIOLOGICAL_PROCESS,4,STX_DOC_000054;STX_DOC_000055;STX_DOC_000142;STX_DOC_000381,1994.0,2012.0
dino_pre2016,pyrodinium_bahamense,DINO_TAXON,semantic_cooccurrence,bloom,ENV_FACTOR,10,STX_DOC_000142;STX_DOC_000290;STX_DOC_000292;STX_DOC_000581;STX_DOC_000582;STX_DOC_000593;STX_DOC_000594;STX_DOC_000596;STX_DOC_000848;STX_DOC_001180,2001.0,2012.0
dino_pre2016,pyrodinium_bahamense,DINO_TAXON,semantic_cooccurrence,cyanobacteria,CYANO_TAXON,3,STX_DOC_000022;STX_DOC_000116,2009.0,2012.0
dino_pre2016,pyrodinium_bahamense,DINO_TAXON,semantic_cooccurrence,elisa,DETECTION_METHOD,2,STX_DOC_000290;STX_DOC_000292,2006.0,2006.0
dino_pre2016,pyrodinium_bahamense,DINO_TAXON,semantic_cooccurrence,hplc,DETECTION_METHOD,6,STX_DOC_000116;STX_DOC_000142;STX_DOC_000290;STX_DOC_000292;STX_DOC_000293;STX_DOC_000848,2006.0,2012.0
dino_pre2016,pyrodinium_bahamense,DINO_TAXON,semantic_cooccurrence,lc_ms,DETECTION_METHOD,2,STX_DOC_000290;STX_DOC_000292,2006.0,2006.0
dino_pre2016,pyrodinium_bahamense,DINO_TAXON,semantic_cooccurrence,light,ENV_FACTOR,5,STX_DOC_000054;STX_DOC_000055;STX_DOC_000142;STX_DOC_000320;STX_DOC_001187,1994.0,2014.0
dino_pre2016,pyrodinium_bahamense,DINO_TAXON,semantic_cooccurrence,mass_spectrometry,DETECTION_METHOD,2,STX_DOC_000290;STX_DOC_000292,2006.0,2006.0
dino_pre2016,pyrodinium_bahamense,DINO_TAXON,semantic_cooccurrence,mouse_bioassay,DETECTION_METHOD,4,STX_DOC_000290;STX_DOC_000292;STX_DOC_000581;STX_DOC_000848,2006.0,2010.0
dino_pre2016,pyrodinium_bahamense,DINO_TAXON,semantic_cooccurrence,nitrate,ENV_FACTOR,1,STX_DOC_000142,2012.0,2012.0
dino_pre2016,pyrodinium_bahamense,DINO_TAXON,semantic_cooccurrence,nitrogen,ENV_FACTOR,1,STX_DOC_000142,2012.0,2012.0
dino_pre2016,pyrodinium_bahamense,DINO_TAXON,semantic_cooccurrence,nutrient,ENV_FACTOR,4,STX_DOC_000054;STX_DOC_000055;STX_DOC_000142;STX_DOC_000582,1994.0,2012.0
dino_pre2016,pyrodinium_bahamense,DINO_TAXON,semantic_cooccurrence,nutrients,ENV_FACTOR,2,STX_DOC_000142;STX_DOC_000574,2010.0,2012.0
dino_pre2016,pyrodinium_bahamense,DINO_TAXON,semantic_cooccurrence,salinity,ENV_FACTOR,5,STX_DOC_000054;STX_DOC_000055;STX_DOC_000142;STX_DOC_000320;STX_DOC_000582,1994.0,2014.0
dino_pre2016,pyrodinium_bahamense,DINO_TAXON,semantic_cooccurrence,temperature,ENV_FACTOR,5,STX_DOC_000054;STX_DOC_000055;STX_DOC_000142;STX_DOC_000320;STX_DOC_000582,1994.0,2014.0
dino_pre2016,pyrodinium_bahamense,DINO_TAXON,semantic_cooccurrence,warming,ENV_FACTOR,1,STX_DOC_000142,2012.0,2012.0
dino_pre2016,pyrodinium_bahamense,DINO_TAXON,taxon_associated_with_process,biosynthesis,BIOLOGICAL_PROCESS,2,STX_DOC_000022;STX_DOC_000028,2012.0,2015.0
dino_pre2016,pyrodinium_bahamense,DINO_TAXON,taxon_associated_with_process,evolution,BIOLOGICAL_PROCESS,1,STX_DOC_000028,2015.0,2015.0
dino_pre2016,pyrodinium_bahamense,DINO_TAXON,taxon_associated_with_process,gene_duplication,BIOLOGICAL_PROCESS,1,STX_DOC_000028,2015.0,2015.0
dino_pre2016,pyrodinium_bahamense,DINO_TAXON,taxon_associated_with_process,harmful_algal_bloom,BIOLOGICAL_PROCESS,1,STX_DOC_000848,2010.0,2010.0
dino_pre2016,pyrodinium_bahamense,DINO_TAXON,taxon_associated_with_process,phylogenetic,BIOLOGICAL_PROCESS,1,STX_DOC_000022,2012.0,2012.0
dino_pre2016,pyrodinium_bahamense,DINO_TAXON,taxon_associated_with_process,phylogeny,BIOLOGICAL_PROCESS,2,STX_DOC_000022;STX_DOC_000028,2012.0,2015.0
dino_pre2016,pyrodinium_bahamense,DINO_TAXON,taxon_associated_with_process,regulation,BIOLOGICAL_PROCESS,2,STX_DOC_000142;STX_DOC_000582,2006.0,2012.0
dino_pre2016,pyrodinium_bahamense,DINO_TAXON,taxon_associated_with_process,saxitoxin_biosynthesis,BIOLOGICAL_PROCESS,2,STX_DOC_000022;STX_DOC_000028,2012.0,2015.0
dino_pre2016,pyrodinium_bahamense,DINO_TAXON,taxon_associated_with_process,secondary_metabolism,BIOLOGICAL_PROCESS,1,STX_DOC_000142,2012.0,2012.0
dino_pre2016,pyrodinium_bahamense,DINO_TAXON,taxon_associated_with_process,toxicity,BIOLOGICAL_PROCESS,7,STX_DOC_000142;STX_DOC_000293;STX_DOC_000320;STX_DOC_000581;STX_DOC_000848;STX_DOC_000960;STX_DOC_001338,1986.0,2014.0
dino_pre2016,pyrodinium_bahamense,DINO_TAXON,taxon_associated_with_process,toxin_production,BIOLOGICAL_PROCESS,3,STX_DOC_000054;STX_DOC_000055;STX_DOC_000142,1994.0,2012.0
dino_pre2016,regulation,BIOLOGICAL_PROCESS,semantic_cooccurrence,environmental_regulation,BIOLOGICAL_PROCESS,1,STX_DOC_000219,2010.0,2010.0
dino_pre2016,regulation,BIOLOGICAL_PROCESS,semantic_cooccurrence,evolution,BIOLOGICAL_PROCESS,3,STX_DOC_000093;STX_DOC_000184;STX_DOC_000325,2009.0,2014.0
dino_pre2016,regulation,BIOLOGICAL_PROCESS,semantic_cooccurrence,expression,BIOLOGICAL_PROCESS,6,STX_DOC_000093;STX_DOC_000184;STX_DOC_000325;STX_DOC_000385;STX_DOC_000435;STX_DOC_000724,2009.0,2015.0
dino_pre2016,regulation,BIOLOGICAL_PROCESS,semantic_cooccurrence,gene_expression,BIOLOGICAL_PROCESS,6,STX_DOC_000093;STX_DOC_000184;STX_DOC_000325;STX_DOC_000385;STX_DOC_000435;STX_DOC_000724,2009.0,2015.0
dino_pre2016,regulation,BIOLOGICAL_PROCESS,semantic_cooccurrence,hplc,DETECTION_METHOD,2,STX_DOC_000142;STX_DOC_001283,2012.0,2012.0
dino_pre2016,regulation,BIOLOGICAL_PROCESS,semantic_cooccurrence,mouse_bioassay,DETECTION_METHOD,1,STX_DOC_001283,2012.0,2012.0
dino_pre2016,regulation,BIOLOGICAL_PROCESS,semantic_cooccurrence,phylogenetic,BIOLOGICAL_PROCESS,1,STX_DOC_000325,2009.0,2009.0
dino_pre2016,regulation,BIOLOGICAL_PROCESS,semantic_cooccurrence,secondary_metabolism,BIOLOGICAL_PROCESS,1,STX_DOC_000142,2012.0,2012.0
dino_pre2016,regulation,BIOLOGICAL_PROCESS,semantic_cooccurrence,toxicity,BIOLOGICAL_PROCESS,6,STX_DOC_000142;STX_DOC_000219;STX_DOC_000300;STX_DOC_000497;STX_DOC_000939;STX_DOC_001283,1998.0,2014.0
dino_pre2016,regulation,BIOLOGICAL_PROCESS,semantic_cooccurrence,toxin_production,BIOLOGICAL_PROCESS,6,STX_DOC_000142;STX_DOC_000184;STX_DOC_000300;STX_DOC_000385;STX_DOC_000497;STX_DOC_000565,1998.0,2013.0
dino_pre2016,regulation,BIOLOGICAL_PROCESS,semantic_cooccurrence,transcription,BIOLOGICAL_PROCESS,2,STX_DOC_000093;STX_DOC_000724,2014.0,2015.0
dino_pre2016,regulation,BIOLOGICAL_PROCESS,semantic_cooccurrence,transcriptome,BIOLOGICAL_PROCESS,2,STX_DOC_000435;STX_DOC_000565,2009.0,2013.0
dino_pre2016,regulation,BIOLOGICAL_PROCESS,semantic_cooccurrence,transcriptomic,BIOLOGICAL_PROCESS,5,STX_DOC_000184;STX_DOC_000275;STX_DOC_000435;STX_DOC_000565;STX_DOC_000939,2009.0,2015.0
dino_pre2016,salinity,ENV_FACTOR,environment_associated_with_process,biosynthesis,BIOLOGICAL_PROCESS,1,STX_DOC_000336,2003.0,2003.0
dino_pre2016,salinity,ENV_FACTOR,environment_associated_with_process,regulation,BIOLOGICAL_PROCESS,2,STX_DOC_000142;STX_DOC_000582,2006.0,2012.0
dino_pre2016,salinity,ENV_FACTOR,environment_associated_with_process,secondary_metabolism,BIOLOGICAL_PROCESS,1,STX_DOC_000142,2012.0,2012.0
dino_pre2016,salinity,ENV_FACTOR,environment_associated_with_process,toxicity,BIOLOGICAL_PROCESS,9,STX_DOC_000062;STX_DOC_000125;STX_DOC_000142;STX_DOC_000320;STX_DOC_000345;STX_DOC_000572;STX_DOC_000667;STX_DOC_000856;STX_DOC_001342,1978.0,2015.0
dino_pre2016,salinity,ENV_FACTOR,environment_associated_with_process,toxin_biosynthesis,BIOLOGICAL_PROCESS,1,STX_DOC_000336,2003.0,2003.0
dino_pre2016,salinity,ENV_FACTOR,environment_associated_with_process,toxin_production,BIOLOGICAL_PROCESS,8,STX_DOC_000054;STX_DOC_000055;STX_DOC_000062;STX_DOC_000125;STX_DOC_000142;STX_DOC_000345;STX_DOC_000572;STX_DOC_000667,1994.0,2015.0
dino_pre2016,salinity,ENV_FACTOR,semantic_cooccurrence,bloom,ENV_FACTOR,2,STX_DOC_000142;STX_DOC_000582,2006.0,2012.0
dino_pre2016,salinity,ENV_FACTOR,semantic_cooccurrence,environmental_stress,ENV_FACTOR,1,STX_DOC_000062,1999.0,1999.0
dino_pre2016,salinity,ENV_FACTOR,semantic_cooccurrence,hplc,DETECTION_METHOD,2,STX_DOC_000062;STX_DOC_000142,1999.0,2012.0
dino_pre2016,salinity,ENV_FACTOR,semantic_cooccurrence,irradiance,ENV_FACTOR,1,STX_DOC_000165,2013.0,2013.0
dino_pre2016,salinity,ENV_FACTOR,semantic_cooccurrence,lc_ms,DETECTION_METHOD,1,STX_DOC_000572,2010.0,2010.0
dino_pre2016,salinity,ENV_FACTOR,semantic_cooccurrence,light,ENV_FACTOR,8,STX_DOC_000054;STX_DOC_000055;STX_DOC_000062;STX_DOC_000142;STX_DOC_000320;STX_DOC_000345;STX_DOC_000572;STX_DOC_000667,1994.0,2014.0
dino_pre2016,salinity,ENV_FACTOR,semantic_cooccurrence,mass_spectrometry,DETECTION_METHOD,1,STX_DOC_000572,2010.0,2010.0
dino_pre2016,salinity,ENV_FACTOR,semantic_cooccurrence,nitrate,ENV_FACTOR,5,STX_DOC_000062;STX_DOC_000142;STX_DOC_000148;STX_DOC_000345;STX_DOC_000856,1996.0,2012.0
dino_pre2016,salinity,ENV_FACTOR,semantic_cooccurrence,nitrogen,ENV_FACTOR,3,STX_DOC_000062;STX_DOC_000142;STX_DOC_000856,1999.0,2012.0
dino_pre2016,salinity,ENV_FACTOR,semantic_cooccurrence,nutrient,ENV_FACTOR,9,STX_DOC_000054;STX_DOC_000055;STX_DOC_000117;STX_DOC_000142;STX_DOC_000148;STX_DOC_000165;STX_DOC_000336;STX_DOC_000567;STX_DOC_000582,1994.0,2013.0
dino_pre2016,salinity,ENV_FACTOR,semantic_cooccurrence,nutrients,ENV_FACTOR,3,STX_DOC_000142;STX_DOC_000148;STX_DOC_000345,1996.0,2012.0
dino_pre2016,salinity,ENV_FACTOR,semantic_cooccurrence,phosphate,ENV_FACTOR,2,STX_DOC_000148;STX_DOC_000345,1996.0,2000.0
dino_pre2016,salinity,ENV_FACTOR,semantic_cooccurrence,warming,ENV_FACTOR,2,STX_DOC_000125;STX_DOC_000142,2012.0,2015.0
dino_pre2016,saxitoxin,TOXIN,environment_associated_with_toxin,bloom,ENV_FACTOR,45,STX_DOC_000035;STX_DOC_000036;STX_DOC_000053;STX_DOC_000071;STX_DOC_000129;STX_DOC_000142;STX_DOC_000167;STX_DOC_000169;STX_DOC_000196;STX_DOC_000212;STX_DOC_000215;STX_DOC_000246;STX_DOC_000250;STX_DOC_000277;STX_DOC_000282;STX_DOC_000285;STX_DOC_000287;STX_DOC_000288;STX_DOC_000290;STX_DOC_000292;STX_DOC_000438;STX_DOC_000487;STX_DOC_000520;STX_DOC_000565;STX_DOC_000579;STX_DOC_000580;STX_DOC_000581;STX_DOC_000582;STX_DOC_000593;STX_DOC_000594;STX_DOC_000596;STX_DOC_000642;STX_DOC_000658;STX_DOC_000738;STX_DOC_000765;STX_DOC_000769;STX_DOC_000773;STX_DOC_000776;STX_DOC_000833;STX_DOC_000848;STX_DOC_000942;STX_DOC_001185;STX_DOC_001193;STX_DOC_001194;STX_DOC_001411,1976.0,2015.0
dino_pre2016,saxitoxin,TOXIN,environment_associated_with_toxin,climate,ENV_FACTOR,4,STX_DOC_000282;STX_DOC_000487;STX_DOC_000765;STX_DOC_000937,1998.0,2015.0
dino_pre2016,saxitoxin,TOXIN,environment_associated_with_toxin,environmental_stress,ENV_FACTOR,1,STX_DOC_000062,1999.0,1999.0
dino_pre2016,saxitoxin,TOXIN,environment_associated_with_toxin,harmful_algal_bloom,ENV_FACTOR,7,STX_DOC_000053;STX_DOC_000277;STX_DOC_000287;STX_DOC_000288;STX_DOC_000642;STX_DOC_000738;STX_DOC_000942,2008.0,2015.0
dino_pre2016,saxitoxin,TOXIN,environment_associated_with_toxin,irradiance,ENV_FACTOR,2,STX_DOC_000391;STX_DOC_000728,2001.0,2014.0
dino_pre2016,saxitoxin,TOXIN,environment_associated_with_toxin,light,ENV_FACTOR,16,STX_DOC_000054;STX_DOC_000055;STX_DOC_000062;STX_DOC_000073;STX_DOC_000142;STX_DOC_000213;STX_DOC_000248;STX_DOC_000300;STX_DOC_000320;STX_DOC_000565;STX_DOC_000667;STX_DOC_000669;STX_DOC_000756;STX_DOC_000979;STX_DOC_001157;STX_DOC_001187,1994.0,2015.0
dino_pre2016,saxitoxin,TOXIN,environment_associated_with_toxin,nitrate,ENV_FACTOR,6,STX_DOC_000062;STX_DOC_000142;STX_DOC_000148;STX_DOC_000189;STX_DOC_000219;STX_DOC_000285,1996.0,2012.0
dino_pre2016,saxitoxin,TOXIN,environment_associated_with_toxin,nitrogen,ENV_FACTOR,9,STX_DOC_000024;STX_DOC_000062;STX_DOC_000142;STX_DOC_000189;STX_DOC_000254;STX_DOC_000285;STX_DOC_000565;STX_DOC_000850;STX_DOC_001735,1990.0,2014.0
dino_pre2016,saxitoxin,TOXIN,environment_associated_with_toxin,nutrient,ENV_FACTOR,14,STX_DOC_000024;STX_DOC_000054;STX_DOC_000055;STX_DOC_000074;STX_DOC_000098;STX_DOC_000117;STX_DOC_000142;STX_DOC_000148;STX_DOC_000254;STX_DOC_000285;STX_DOC_000567;STX_DOC_000582;STX_DOC_000583;STX_DOC_000584,1990.0,2014.0
dino_pre2016,saxitoxin,TOXIN,environment_associated_with_toxin,nutrients,ENV_FACTOR,6,STX_DOC_000142;STX_DOC_000148;STX_DOC_000565;STX_DOC_000574;STX_DOC_000583;STX_DOC_000584,1996.0,2013.0
dino_pre2016,saxitoxin,TOXIN,environment_associated_with_toxin,phosphate,ENV_FACTOR,5,STX_DOC_000074;STX_DOC_000098;STX_DOC_000148;STX_DOC_000189;STX_DOC_000300,1996.0,2007.0
dino_pre2016,saxitoxin,TOXIN,environment_associated_with_toxin,phosphorus,ENV_FACTOR,2,STX_DOC_000024;STX_DOC_000254,1990.0,2014.0
dino_pre2016,saxitoxin,TOXIN,environment_associated_with_toxin,salinity,ENV_FACTOR,12,STX_DOC_000054;STX_DOC_000055;STX_DOC_000062;STX_DOC_000117;STX_DOC_000125;STX_DOC_000142;STX_DOC_000148;STX_DOC_000320;STX_DOC_000567;STX_DOC_000582;STX_DOC_000667;STX_DOC_001082,1994.0,2015.0
dino_pre2016,saxitoxin,TOXIN,environment_associated_with_toxin,temperature,ENV_FACTOR,20,STX_DOC_000054;STX_DOC_000055;STX_DOC_000074;STX_DOC_000098;STX_DOC_000117;STX_DOC_000125;STX_DOC_000142;STX_DOC_000167;STX_DOC_000213;STX_DOC_000219;STX_DOC_000282;STX_DOC_000300;STX_DOC_000320;STX_DOC_000442;STX_DOC_000567;STX_DOC_000582;STX_DOC_000667;STX_DOC_000728;STX_DOC_000973;STX_DOC_000975,1994.0,2015.0
dino_pre2016,saxitoxin,TOXIN,environment_associated_with_toxin,warming,ENV_FACTOR,3,STX_DOC_000125;STX_DOC_000142;STX_DOC_000642,2012.0,2015.0
dino_pre2016,saxitoxin,TOXIN,gene_associated_with_toxin,sxt_genes,SXT_GENE,6,STX_DOC_000028;STX_DOC_000050;STX_DOC_000131;STX_DOC_000212;STX_DOC_000380;STX_DOC_000577,2008.0,2015.0
dino_pre2016,saxitoxin,TOXIN,gene_associated_with_toxin,sxta,SXT_GENE,22,STX_DOC_000007;STX_DOC_000022;STX_DOC_000024;STX_DOC_000028;STX_DOC_000050;STX_DOC_000052;STX_DOC_000053;STX_DOC_000068;STX_DOC_000070;STX_DOC_000071;STX_DOC_000072;STX_DOC_000093;STX_DOC_000140;STX_DOC_000186;STX_DOC_000213;STX_DOC_000323;STX_DOC_000381;STX_DOC_000430;STX_DOC_000485;STX_DOC_000562;STX_DOC_000645;STX_DOC_000838,2009.0,2015.0
dino_pre2016,saxitoxin,TOXIN,gene_associated_with_toxin,sxtb,SXT_GENE,1,STX_DOC_000068,2013.0,2013.0
dino_pre2016,saxitoxin,TOXIN,gene_associated_with_toxin,sxtd,SXT_GENE,1,STX_DOC_000007,2015.0,2015.0
dino_pre2016,saxitoxin,TOXIN,gene_associated_with_toxin,sxtg,SXT_GENE,5,STX_DOC_000024;STX_DOC_000028;STX_DOC_000052;STX_DOC_000068;STX_DOC_000140,2013.0,2015.0
dino_pre2016,saxitoxin,TOXIN,gene_associated_with_toxin,sxti,SXT_GENE,1,STX_DOC_000022,2012.0,2012.0
dino_pre2016,saxitoxin,TOXIN,gene_associated_with_toxin,sxtu,SXT_GENE,2,STX_DOC_000007;STX_DOC_000131,2011.0,2015.0
dino_pre2016,saxitoxin,TOXIN,method_associated_with_toxin,biosensor,DETECTION_METHOD,6,STX_DOC_000844;STX_DOC_000942;STX_DOC_000959;STX_DOC_000961;STX_DOC_000972;STX_DOC_001152,2000.0,2015.0
dino_pre2016,saxitoxin,TOXIN,method_associated_with_toxin,chemical_analysis,DETECTION_METHOD,1,STX_DOC_000218,2010.0,2010.0
dino_pre2016,saxitoxin,TOXIN,method_associated_with_toxin,elisa,DETECTION_METHOD,6,STX_DOC_000195;STX_DOC_000287;STX_DOC_000288;STX_DOC_000290;STX_DOC_000292;STX_DOC_000850,1991.0,2009.0
dino_pre2016,saxitoxin,TOXIN,method_associated_with_toxin,hplc,DETECTION_METHOD,55,STX_DOC_000035;STX_DOC_000036;STX_DOC_000051;STX_DOC_000062;STX_DOC_000071;STX_DOC_000073;STX_DOC_000080;STX_DOC_000081;STX_DOC_000083;STX_DOC_000095;STX_DOC_000096;STX_DOC_000116;STX_DOC_000142;STX_DOC_000144;STX_DOC_000151;STX_DOC_000169;STX_DOC_000192;STX_DOC_000193;STX_DOC_000194;STX_DOC_000195;STX_DOC_000196;STX_DOC_000211;STX_DOC_000250;STX_DOC_000286;STX_DOC_000287;STX_DOC_000288;STX_DOC_000290;STX_DOC_000292;STX_DOC_000327;STX_DOC_000347;STX_DOC_000375;STX_DOC_000390;STX_DOC_000393;STX_DOC_000438;STX_DOC_000569;STX_DOC_000570;STX_DOC_000588;STX_DOC_000589;STX_DOC_000599;STX_DOC_000600;STX_DOC_000601;STX_DOC_000655;STX_DOC_000671;STX_DOC_000676;STX_DOC_000728;STX_DOC_000769;STX_DOC_000844;STX_DOC_000848;STX_DOC_000850;STX_DOC_000868;STX_DOC_000871;STX_DOC_000964;STX_DOC_000973;STX_DOC_000975;STX_DOC_001171,1988.0,2015.0
dino_pre2016,saxitoxin,TOXIN,method_associated_with_toxin,lc_ms,DETECTION_METHOD,8,STX_DOC_000007;STX_DOC_000214;STX_DOC_000286;STX_DOC_000290;STX_DOC_000292;STX_DOC_000507;STX_DOC_000509;STX_DOC_000569,2003.0,2015.0
dino_pre2016,saxitoxin,TOXIN,method_associated_with_toxin,lc_ms_ms,DETECTION_METHOD,3,STX_DOC_000007;STX_DOC_000214;STX_DOC_000569,2012.0,2015.0
dino_pre2016,saxitoxin,TOXIN,method_associated_with_toxin,liquid_chromatography,DETECTION_METHOD,7,STX_DOC_000060;STX_DOC_000286;STX_DOC_000560;STX_DOC_000973;STX_DOC_000975;STX_DOC_000982;STX_DOC_000984,1992.0,2015.0
dino_pre2016,saxitoxin,TOXIN,method_associated_with_toxin,mass_spectrometry,DETECTION_METHOD,17,STX_DOC_000007;STX_DOC_000060;STX_DOC_000096;STX_DOC_000187;STX_DOC_000286;STX_DOC_000290;STX_DOC_000292;STX_DOC_000486;STX_DOC_000560;STX_DOC_000573;STX_DOC_000599;STX_DOC_000600;STX_DOC_000658;STX_DOC_000738;STX_DOC_000859;STX_DOC_000982;STX_DOC_000984,1992.0,2015.0
dino_pre2016,saxitoxin,TOXIN,method_associated_with_toxin,mouse_bioassay,DETECTION_METHOD,34,STX_DOC_000081;STX_DOC_000096;STX_DOC_000127;STX_DOC_000151;STX_DOC_000195;STX_DOC_000218;STX_DOC_000250;STX_DOC_000253;STX_DOC_000290;STX_DOC_000292;STX_DOC_000350;STX_DOC_000569;STX_DOC_000570;STX_DOC_000581;STX_DOC_000588;STX_DOC_000589;STX_DOC_000597;STX_DOC_000670;STX_DOC_000676;STX_DOC_000765;STX_DOC_000770;STX_DOC_000776;STX_DOC_000844;STX_DOC_000848;STX_DOC_000850;STX_DOC_000860;STX_DOC_000868;STX_DOC_000882;STX_DOC_000964;STX_DOC_000973;STX_DOC_000975;STX_DOC_001211;STX_DOC_001501;STX_DOC_001737,1978.0,2014.0
dino_pre2016,saxitoxin,TOXIN,process_associated_with_toxin,biosynthesis,BIOLOGICAL_PROCESS,21,STX_DOC_000022;STX_DOC_000024;STX_DOC_000028;STX_DOC_000050;STX_DOC_000052;STX_DOC_000061;STX_DOC_000070;STX_DOC_000071;STX_DOC_000072;STX_DOC_000074;STX_DOC_000093;STX_DOC_000098;STX_DOC_000131;STX_DOC_000184;STX_DOC_000300;STX_DOC_000379;STX_DOC_000380;STX_DOC_000577;STX_DOC_000603;STX_DOC_000756;STX_DOC_001735,1984.0,2015.0
dino_pre2016,saxitoxin,TOXIN,process_associated_with_toxin,environmental_regulation,BIOLOGICAL_PROCESS,1,STX_DOC_000219,2010.0,2010.0
dino_pre2016,saxitoxin,TOXIN,process_associated_with_toxin,evolution,BIOLOGICAL_PROCESS,16,STX_DOC_000028;STX_DOC_000061;STX_DOC_000068;STX_DOC_000081;STX_DOC_000093;STX_DOC_000140;STX_DOC_000184;STX_DOC_000250;STX_DOC_000325;STX_DOC_000379;STX_DOC_000381;STX_DOC_000645;STX_DOC_000877;STX_DOC_000880;STX_DOC_001182;STX_DOC_001735,1991.0,2015.0
dino_pre2016,saxitoxin,TOXIN,process_associated_with_toxin,expression,BIOLOGICAL_PROCESS,15,STX_DOC_000007;STX_DOC_000024;STX_DOC_000072;STX_DOC_000093;STX_DOC_000184;STX_DOC_000325;STX_DOC_000583;STX_DOC_000584;STX_DOC_000645;STX_DOC_000731;STX_DOC_000756;STX_DOC_000833;STX_DOC_001058;STX_DOC_001284;STX_DOC_001300,2003.0,2015.0
dino_pre2016,saxitoxin,TOXIN,process_associated_with_toxin,gene_duplication,BIOLOGICAL_PROCESS,1,STX_DOC_000028,2015.0,2015.0
dino_pre2016,saxitoxin,TOXIN,process_associated_with_toxin,gene_expression,BIOLOGICAL_PROCESS,7,STX_DOC_000024;STX_DOC_000093;STX_DOC_000184;STX_DOC_000325;STX_DOC_000645;STX_DOC_000731;STX_DOC_001058,2009.0,2014.0
dino_pre2016,saxitoxin,TOXIN,process_associated_with_toxin,gene_loss,BIOLOGICAL_PROCESS,1,STX_DOC_001735,2011.0,2011.0
dino_pre2016,saxitoxin,TOXIN,process_associated_with_toxin,harmful_algal_bloom,BIOLOGICAL_PROCESS,7,STX_DOC_000053;STX_DOC_000442;STX_DOC_000598;STX_DOC_000642;STX_DOC_000738;STX_DOC_000848;STX_DOC_000942,1995.0,2015.0
dino_pre2016,saxitoxin,TOXIN,process_associated_with_toxin,horizontal_gene_transfer,BIOLOGICAL_PROCESS,5,STX_DOC_000052;STX_DOC_000061;STX_DOC_000379;STX_DOC_000577;STX_DOC_001735,2008.0,2013.0
dino_pre2016,saxitoxin,TOXIN,process_associated_with_toxin,phylogenetic,BIOLOGICAL_PROCESS,18,STX_DOC_000022;STX_DOC_000052;STX_DOC_000061;STX_DOC_000131;STX_DOC_000169;STX_DOC_000187;STX_DOC_000211;STX_DOC_000323;STX_DOC_000325;STX_DOC_000331;STX_DOC_000381;STX_DOC_000485;STX_DOC_000577;STX_DOC_000583;STX_DOC_000584;STX_DOC_000756;STX_DOC_001193;STX_DOC_001194,2002.0,2015.0
dino_pre2016,saxitoxin,TOXIN,process_associated_with_toxin,phylogeny,BIOLOGICAL_PROCESS,10,STX_DOC_000022;STX_DOC_000028;STX_DOC_000061;STX_DOC_000140;STX_DOC_000211;STX_DOC_000380;STX_DOC_000381;STX_DOC_000562;STX_DOC_000577;STX_DOC_001078,2007.0,2015.0
dino_pre2016,saxitoxin,TOXIN,process_associated_with_toxin,polyketide_synthase,BIOLOGICAL_PROCESS,2,STX_DOC_000485;STX_DOC_000756,2003.0,2015.0
dino_pre2016,saxitoxin,TOXIN,process_associated_with_toxin,regulation,BIOLOGICAL_PROCESS,8,STX_DOC_000093;STX_DOC_000142;STX_DOC_000184;STX_DOC_000219;STX_DOC_000300;STX_DOC_000325;STX_DOC_000565;STX_DOC_000582,1998.0,2014.0
dino_pre2016,saxitoxin,TOXIN,process_associated_with_toxin,resting_cyst,BIOLOGICAL_PROCESS,3,STX_DOC_000347;STX_DOC_000776;STX_DOC_001078,1982.0,2007.0
dino_pre2016,saxitoxin,TOXIN,process_associated_with_toxin,saxitoxin_biosynthesis,BIOLOGICAL_PROCESS,14,STX_DOC_000022;STX_DOC_000028;STX_DOC_000052;STX_DOC_000070;STX_DOC_000072;STX_DOC_000074;STX_DOC_000093;STX_DOC_000098;STX_DOC_000131;STX_DOC_000300;STX_DOC_000379;STX_DOC_000380;STX_DOC_000577;STX_DOC_000837,1998.0,2015.0
dino_pre2016,saxitoxin,TOXIN,process_associated_with_toxin,secondary_metabolism,BIOLOGICAL_PROCESS,1,STX_DOC_000142,2012.0,2012.0
dino_pre2016,saxitoxin,TOXIN,process_associated_with_toxin,toxicity,BIOLOGICAL_PROCESS,77,STX_DOC_000009;STX_DOC_000035;STX_DOC_000036;STX_DOC_000045;STX_DOC_000050;STX_DOC_000062;STX_DOC_000074;STX_DOC_000081;STX_DOC_000096;STX_DOC_000098;STX_DOC_000120;STX_DOC_000125;STX_DOC_000127;STX_DOC_000129;STX_DOC_000140;STX_DOC_000142;STX_DOC_000144;STX_DOC_000149;STX_DOC_000150;STX_DOC_000169;STX_DOC_000187;STX_DOC_000189;STX_DOC_000193;STX_DOC_000194;STX_DOC_000196;STX_DOC_000215;STX_DOC_000218;STX_DOC_000219;STX_DOC_000248;STX_DOC_000250;STX_DOC_000253;STX_DOC_000282;STX_DOC_000296;STX_DOC_000300;STX_DOC_000320;STX_DOC_000327;STX_DOC_000331;STX_DOC_000347;STX_DOC_000350;STX_DOC_000375;STX_DOC_000393;STX_DOC_000395;STX_DOC_000430;STX_DOC_000485;STX_DOC_000487;STX_DOC_000570;STX_DOC_000581;STX_DOC_000588;STX_DOC_000589;STX_DOC_000597;STX_DOC_000598;STX_DOC_000642;STX_DOC_000667;STX_DOC_000670;STX_DOC_000671;STX_DOC_000675;STX_DOC_000728;STX_DOC_000765;STX_DOC_000770;STX_DOC_000773;STX_DOC_000776;STX_DOC_000848;STX_DOC_000850;STX_DOC_000863;STX_DOC_000867;STX_DOC_000868;STX_DOC_000878;STX_DOC_000937;STX_DOC_000960;STX_DOC_000964;STX_DOC_000972;STX_DOC_001171;STX_DOC_001338;STX_DOC_001444;STX_DOC_001482;STX_DOC_001484;STX_DOC_001737,1979.0,2015.0
dino_pre2016,saxitoxin,TOXIN,process_associated_with_toxin,toxin_biosynthesis,BIOLOGICAL_PROCESS,3,STX_DOC_000061;STX_DOC_000074;STX_DOC_000098,1999.0,2009.0
dino_pre2016,saxitoxin,TOXIN,process_associated_with_toxin,toxin_production,BIOLOGICAL_PROCESS,28,STX_DOC_000024;STX_DOC_000054;STX_DOC_000055;STX_DOC_000062;STX_DOC_000074;STX_DOC_000083;STX_DOC_000098;STX_DOC_000120;STX_DOC_000125;STX_DOC_000142;STX_DOC_000152;STX_DOC_000184;STX_DOC_000185;STX_DOC_000187;STX_DOC_000189;STX_DOC_000300;STX_DOC_000327;STX_DOC_000340;STX_DOC_000341;STX_DOC_000343;STX_DOC_000376;STX_DOC_000381;STX_DOC_000565;STX_DOC_000588;STX_DOC_000589;STX_DOC_000667;STX_DOC_000964;STX_DOC_000979,1992.0,2015.0
dino_pre2016,saxitoxin,TOXIN,process_associated_with_toxin,transcription,BIOLOGICAL_PROCESS,3,STX_DOC_000093;STX_DOC_000643;STX_DOC_000731,2013.0,2015.0
dino_pre2016,saxitoxin,TOXIN,process_associated_with_toxin,transcriptome,BIOLOGICAL_PROCESS,3,STX_DOC_000068;STX_DOC_000186;STX_DOC_000565,2011.0,2013.0
dino_pre2016,saxitoxin,TOXIN,process_associated_with_toxin,transcriptomic,BIOLOGICAL_PROCESS,2,STX_DOC_000184;STX_DOC_000565,2013.0,2013.0
dino_pre2016,saxitoxin,TOXIN,semantic_cooccurrence,gonyautoxin,TOXIN,37,STX_DOC_000024;STX_DOC_000029;STX_DOC_000030;STX_DOC_000045;STX_DOC_000054;STX_DOC_000055;STX_DOC_000060;STX_DOC_000062;STX_DOC_000080;STX_DOC_000095;STX_DOC_000096;STX_DOC_000099;STX_DOC_000117;STX_DOC_000125;STX_DOC_000146;STX_DOC_000152;STX_DOC_000153;STX_DOC_000169;STX_DOC_000187;STX_DOC_000211;STX_DOC_000214;STX_DOC_000218;STX_DOC_000222;STX_DOC_000248;STX_DOC_000287;STX_DOC_000288;STX_DOC_000296;STX_DOC_000350;STX_DOC_000352;STX_DOC_000353;STX_DOC_000395;STX_DOC_000569;STX_DOC_000597;STX_DOC_000598;STX_DOC_000601;STX_DOC_000602;STX_DOC_000603,1979.0,2015.0
dino_pre2016,saxitoxin,TOXIN,semantic_cooccurrence,gtx,TOXIN,19,STX_DOC_000029;STX_DOC_000030;STX_DOC_000073;STX_DOC_000074;STX_DOC_000095;STX_DOC_000096;STX_DOC_000098;STX_DOC_000125;STX_DOC_000148;STX_DOC_000152;STX_DOC_000167;STX_DOC_000187;STX_DOC_000192;STX_DOC_000211;STX_DOC_000253;STX_DOC_000254;STX_DOC_000347;STX_DOC_000393;STX_DOC_000655,1989.0,2015.0
dino_pre2016,saxitoxin,TOXIN,semantic_cooccurrence,neosaxitoxin,TOXIN,34,STX_DOC_000029;STX_DOC_000030;STX_DOC_000045;STX_DOC_000051;STX_DOC_000054;STX_DOC_000055;STX_DOC_000060;STX_DOC_000062;STX_DOC_000073;STX_DOC_000080;STX_DOC_000096;STX_DOC_000099;STX_DOC_000119;STX_DOC_000120;STX_DOC_000129;STX_DOC_000152;STX_DOC_000153;STX_DOC_000187;STX_DOC_000214;STX_DOC_000222;STX_DOC_000248;STX_DOC_000331;STX_DOC_000350;STX_DOC_000353;STX_DOC_000392;STX_DOC_000394;STX_DOC_000395;STX_DOC_000560;STX_DOC_000603;STX_DOC_000670;STX_DOC_000859;STX_DOC_000879;STX_DOC_001196;STX_DOC_001212,1979.0,2015.0
dino_pre2016,saxitoxin,TOXIN,semantic_cooccurrence,paralytic_shellfish_poisoning,TOXIN,126,STX_DOC_000007;STX_DOC_000009;STX_DOC_000022;STX_DOC_000024;STX_DOC_000035;STX_DOC_000036;STX_DOC_000045;STX_DOC_000060;STX_DOC_000061;STX_DOC_000062;STX_DOC_000068;STX_DOC_000070;STX_DOC_000072;STX_DOC_000081;STX_DOC_000083;STX_DOC_000093;STX_DOC_000095;STX_DOC_000096;STX_DOC_000099;STX_DOC_000116;STX_DOC_000125;STX_DOC_000127;STX_DOC_000129;STX_DOC_000146;STX_DOC_000149;STX_DOC_000150;STX_DOC_000151;STX_DOC_000152;STX_DOC_000153;STX_DOC_000169;STX_DOC_000184;STX_DOC_000185;STX_DOC_000186;STX_DOC_000187;STX_DOC_000188;STX_DOC_000192;STX_DOC_000196;STX_DOC_000211;STX_DOC_000212;STX_DOC_000213;STX_DOC_000248;STX_DOC_000250;STX_DOC_000252;STX_DOC_000277;STX_DOC_000281;STX_DOC_000286;STX_DOC_000287;STX_DOC_000288;STX_DOC_000290;STX_DOC_000292;STX_DOC_000317;STX_DOC_000331;STX_DOC_000347;STX_DOC_000375;STX_DOC_000379;STX_DOC_000390;STX_DOC_000391;STX_DOC_000392;STX_DOC_000393;STX_DOC_000430;STX_DOC_000434;STX_DOC_000442;STX_DOC_000486;STX_DOC_000507;STX_DOC_000509;STX_DOC_000516;STX_DOC_000520;STX_DOC_000560;STX_DOC_000566;STX_DOC_000567;STX_DOC_000577;STX_DOC_000579;STX_DOC_000580;STX_DOC_000581;STX_DOC_000583;STX_DOC_000584;STX_DOC_000588;STX_DOC_000589;STX_DOC_000593;STX_DOC_000594;STX_DOC_000596;STX_DOC_000599;STX_DOC_000600;STX_DOC_000601;STX_DOC_000643;STX_DOC_000649;STX_DOC_000656;STX_DOC_000658;STX_DOC_000659;STX_DOC_000665;STX_DOC_000671;STX_DOC_000675;STX_DOC_000676;STX_DOC_000726;STX_DOC_000731;STX_DOC_000764;STX_DOC_000765;STX_DOC_000770;STX_DOC_000771;STX_DOC_000772;STX_DOC_000842;STX_DOC_000844;STX_DOC_000846;STX_DOC_000858;STX_DOC_000860;STX_DOC_000863;STX_DOC_000867;STX_DOC_000868;STX_DOC_000869;STX_DOC_000877;STX_DOC_000878;STX_DOC_000879;STX_DOC_000880;STX_DOC_000881;STX_DOC_000882;STX_DOC_000960;STX_DOC_000977;STX_DOC_000978;STX_DOC_000982;STX_DOC_000984;STX_DOC_000987;STX_DOC_000988;STX_DOC_001205;STX_DOC_001209;STX_DOC_001210;STX_DOC_001737,1977.0,2015.0
dino_pre2016,saxitoxin,TOXIN,semantic_cooccurrence,paralytic_shellfish_toxins,TOXIN,77,STX_DOC_000007;STX_DOC_000009;STX_DOC_000024;STX_DOC_000029;STX_DOC_000030;STX_DOC_000045;STX_DOC_000050;STX_DOC_000051;STX_DOC_000060;STX_DOC_000061;STX_DOC_000080;STX_DOC_000082;STX_DOC_000083;STX_DOC_000099;STX_DOC_000116;STX_DOC_000117;STX_DOC_000119;STX_DOC_000120;STX_DOC_000127;STX_DOC_000140;STX_DOC_000144;STX_DOC_000148;STX_DOC_000151;STX_DOC_000153;STX_DOC_000167;STX_DOC_000169;STX_DOC_000184;STX_DOC_000188;STX_DOC_000195;STX_DOC_000196;STX_DOC_000214;STX_DOC_000215;STX_DOC_000218;STX_DOC_000219;STX_DOC_000222;STX_DOC_000246;STX_DOC_000247;STX_DOC_000252;STX_DOC_000253;STX_DOC_000281;STX_DOC_000282;STX_DOC_000283;STX_DOC_000286;STX_DOC_000287;STX_DOC_000288;STX_DOC_000320;STX_DOC_000327;STX_DOC_000340;STX_DOC_000341;STX_DOC_000343;STX_DOC_000350;STX_DOC_000352;STX_DOC_000353;STX_DOC_000376;STX_DOC_000394;STX_DOC_000395;STX_DOC_000498;STX_DOC_000562;STX_DOC_000566;STX_DOC_000570;STX_DOC_000574;STX_DOC_000581;STX_DOC_000597;STX_DOC_000603;STX_DOC_000656;STX_DOC_000728;STX_DOC_000750;STX_DOC_000776;STX_DOC_000833;STX_DOC_000844;STX_DOC_000863;STX_DOC_000867;STX_DOC_000957;STX_DOC_000989;STX_DOC_000990;STX_DOC_001214;STX_DOC_001737,1968.0,2015.0
dino_pre2016,saxitoxin,TOXIN,taxon_associated_with_toxin,alexandrium,DINO_TAXON,139,STX_DOC_000009;STX_DOC_000022;STX_DOC_000024;STX_DOC_000028;STX_DOC_000029;STX_DOC_000030;STX_DOC_000035;STX_DOC_000036;STX_DOC_000050;STX_DOC_000052;STX_DOC_000053;STX_DOC_000062;STX_DOC_000070;STX_DOC_000074;STX_DOC_000081;STX_DOC_000082;STX_DOC_000083;STX_DOC_000093;STX_DOC_000095;STX_DOC_000098;STX_DOC_000117;STX_DOC_000119;STX_DOC_000120;STX_DOC_000125;STX_DOC_000127;STX_DOC_000129;STX_DOC_000140;STX_DOC_000148;STX_DOC_000149;STX_DOC_000150;STX_DOC_000151;STX_DOC_000152;STX_DOC_000169;STX_DOC_000184;STX_DOC_000186;STX_DOC_000187;STX_DOC_000188;STX_DOC_000189;STX_DOC_000192;STX_DOC_000193;STX_DOC_000194;STX_DOC_000195;STX_DOC_000196;STX_DOC_000211;STX_DOC_000212;STX_DOC_000213;STX_DOC_000215;STX_DOC_000219;STX_DOC_000246;STX_DOC_000250;STX_DOC_000253;STX_DOC_000254;STX_DOC_000277;STX_DOC_000282;STX_DOC_000285;STX_DOC_000287;STX_DOC_000288;STX_DOC_000296;STX_DOC_000300;STX_DOC_000317;STX_DOC_000325;STX_DOC_000327;STX_DOC_000331;STX_DOC_000340;STX_DOC_000341;STX_DOC_000343;STX_DOC_000347;STX_DOC_000350;STX_DOC_000375;STX_DOC_000380;STX_DOC_000381;STX_DOC_000390;STX_DOC_000391;STX_DOC_000392;STX_DOC_000430;STX_DOC_000431;STX_DOC_000434;STX_DOC_000442;STX_DOC_000485;STX_DOC_000486;STX_DOC_000487;STX_DOC_000498;STX_DOC_000515;STX_DOC_000516;STX_DOC_000562;STX_DOC_000565;STX_DOC_000567;STX_DOC_000569;STX_DOC_000573;STX_DOC_000583;STX_DOC_000584;STX_DOC_000588;STX_DOC_000589;STX_DOC_000599;STX_DOC_000600;STX_DOC_000642;STX_DOC_000643;STX_DOC_000645;STX_DOC_000649;STX_DOC_000656;STX_DOC_000658;STX_DOC_000659;STX_DOC_000664;STX_DOC_000665;STX_DOC_000667;STX_DOC_000669;STX_DOC_000670;STX_DOC_000671;STX_DOC_000675;STX_DOC_000676;STX_DOC_000731;STX_DOC_000738;STX_DOC_000765;STX_DOC_000828;STX_DOC_000837;STX_DOC_000838;STX_DOC_000871;STX_DOC_000937;STX_DOC_000942;STX_DOC_000959;STX_DOC_000961;STX_DOC_000964;STX_DOC_000972;STX_DOC_000973;STX_DOC_000975;STX_DOC_000976;STX_DOC_000977;STX_DOC_000978;STX_DOC_000979;STX_DOC_000982;STX_DOC_000984;STX_DOC_001058;STX_DOC_001076;STX_DOC_001082;STX_DOC_001157;STX_DOC_001189;STX_DOC_001196;STX_DOC_001328;STX_DOC_001439,1990.0,2015.0
dino_pre2016,saxitoxin,TOXIN,taxon_associated_with_toxin,alexandrium_catenella,DINO_TAXON,16,STX_DOC_000053;STX_DOC_000093;STX_DOC_000095;STX_DOC_000152;STX_DOC_000215;STX_DOC_000219;STX_DOC_000246;STX_DOC_000583;STX_DOC_000584;STX_DOC_000588;STX_DOC_000589;STX_DOC_000645;STX_DOC_000828;STX_DOC_000942;STX_DOC_000977;STX_DOC_000978,1992.0,2015.0
dino_pre2016,saxitoxin,TOXIN,taxon_associated_with_toxin,alexandrium_fundyense,DINO_TAXON,19,STX_DOC_000052;STX_DOC_000074;STX_DOC_000093;STX_DOC_000098;STX_DOC_000129;STX_DOC_000186;STX_DOC_000196;STX_DOC_000254;STX_DOC_000300;STX_DOC_000391;STX_DOC_000485;STX_DOC_000487;STX_DOC_000498;STX_DOC_000516;STX_DOC_000565;STX_DOC_000937;STX_DOC_000959;STX_DOC_000961;STX_DOC_000979,1990.0,2015.0
dino_pre2016,saxitoxin,TOXIN,taxon_associated_with_toxin,alexandrium_leei,DINO_TAXON,1,STX_DOC_000562,2014.0,2014.0
dino_pre2016,saxitoxin,TOXIN,taxon_associated_with_toxin,alexandrium_minutum,DINO_TAXON,21,STX_DOC_000024;STX_DOC_000052;STX_DOC_000081;STX_DOC_000082;STX_DOC_000120;STX_DOC_000149;STX_DOC_000150;STX_DOC_000169;STX_DOC_000188;STX_DOC_000189;STX_DOC_000192;STX_DOC_000213;STX_DOC_000250;STX_DOC_000327;STX_DOC_000515;STX_DOC_000569;STX_DOC_000659;STX_DOC_000669;STX_DOC_001058;STX_DOC_001082;STX_DOC_001328,1994.0,2015.0
dino_pre2016,saxitoxin,TOXIN,taxon_associated_with_toxin,alexandrium_ostenfeldii,DINO_TAXON,9,STX_DOC_000125;STX_DOC_000211;STX_DOC_000253;STX_DOC_000277;STX_DOC_000282;STX_DOC_000347;STX_DOC_000375;STX_DOC_000486;STX_DOC_001076,1992.0,2015.0
dino_pre2016,saxitoxin,TOXIN,taxon_associated_with_toxin,alexandrium_tamarense,DINO_TAXON,37,STX_DOC_000029;STX_DOC_000030;STX_DOC_000035;STX_DOC_000036;STX_DOC_000050;STX_DOC_000053;STX_DOC_000062;STX_DOC_000119;STX_DOC_000120;STX_DOC_000127;STX_DOC_000184;STX_DOC_000187;STX_DOC_000192;STX_DOC_000219;STX_DOC_000285;STX_DOC_000296;STX_DOC_000317;STX_DOC_000325;STX_DOC_000331;STX_DOC_000340;STX_DOC_000341;STX_DOC_000343;STX_DOC_000350;STX_DOC_000430;STX_DOC_000431;STX_DOC_000442;STX_DOC_000573;STX_DOC_000656;STX_DOC_000658;STX_DOC_000667;STX_DOC_000675;STX_DOC_000837;STX_DOC_000838;STX_DOC_000972;STX_DOC_000973;STX_DOC_000975;STX_DOC_001157,1992.0,2015.0
dino_pre2016,saxitoxin,TOXIN,taxon_associated_with_toxin,alexandrium_tamiyavanichii,DINO_TAXON,3,STX_DOC_000070;STX_DOC_000193;STX_DOC_000194,2002.0,2012.0
dino_pre2016,saxitoxin,TOXIN,taxon_associated_with_toxin,anabaena,CYANO_TAXON,8,STX_DOC_000009;STX_DOC_000061;STX_DOC_000071;STX_DOC_000072;STX_DOC_000082;STX_DOC_000325;STX_DOC_000431;STX_DOC_000769,1994.0,2014.0
dino_pre2016,saxitoxin,TOXIN,taxon_associated_with_toxin,aphanizomenon,CYANO_TAXON,7,STX_DOC_000009;STX_DOC_000061;STX_DOC_000071;STX_DOC_000599;STX_DOC_000600;STX_DOC_000989;STX_DOC_000990,1968.0,2010.0
dino_pre2016,saxitoxin,TOXIN,taxon_associated_with_toxin,cyanobacteria,CYANO_TAXON,51,STX_DOC_000007;STX_DOC_000009;STX_DOC_000022;STX_DOC_000051;STX_DOC_000052;STX_DOC_000061;STX_DOC_000068;STX_DOC_000070;STX_DOC_000071;STX_DOC_000072;STX_DOC_000080;STX_DOC_000082;STX_DOC_000116;STX_DOC_000131;STX_DOC_000185;STX_DOC_000186;STX_DOC_000192;STX_DOC_000277;STX_DOC_000281;STX_DOC_000323;STX_DOC_000325;STX_DOC_000379;STX_DOC_000431;STX_DOC_000577;STX_DOC_000579;STX_DOC_000580;STX_DOC_000598;STX_DOC_000599;STX_DOC_000600;STX_DOC_000769;STX_DOC_000833;STX_DOC_000850;STX_DOC_001284;STX_DOC_001300;STX_DOC_001735;STX_DOC_001737,1994.0,2015.0
dino_pre2016,saxitoxin,TOXIN,taxon_associated_with_toxin,cylindrospermopsis,CYANO_TAXON,4,STX_DOC_000007;STX_DOC_000009;STX_DOC_000071;STX_DOC_000072,2009.0,2015.0
dino_pre2016,saxitoxin,TOXIN,taxon_associated_with_toxin,dinoflagellate,DINO_TAXON,269,STX_DOC_000007;STX_DOC_000009;STX_DOC_000022;STX_DOC_000024;STX_DOC_000028;STX_DOC_000029;STX_DOC_000030;STX_DOC_000035;STX_DOC_000036;STX_DOC_000045;STX_DOC_000051;STX_DOC_000052;STX_DOC_000053;STX_DOC_000054;STX_DOC_000055;STX_DOC_000060;STX_DOC_000061;STX_DOC_000062;STX_DOC_000068;STX_DOC_000070;STX_DOC_000071;STX_DOC_000072;STX_DOC_000074;STX_DOC_000080;STX_DOC_000082;STX_DOC_000083;STX_DOC_000093;STX_DOC_000095;STX_DOC_000096;STX_DOC_000099;STX_DOC_000116;STX_DOC_000120;STX_DOC_000125;STX_DOC_000127;STX_DOC_000129;STX_DOC_000131;STX_DOC_000140;STX_DOC_000142;STX_DOC_000144;STX_DOC_000146;STX_DOC_000148;STX_DOC_000149;STX_DOC_000150;STX_DOC_000151;STX_DOC_000152;STX_DOC_000153;STX_DOC_000167;STX_DOC_000184;STX_DOC_000185;STX_DOC_000186;STX_DOC_000188;STX_DOC_000189;STX_DOC_000192;STX_DOC_000193;STX_DOC_000194;STX_DOC_000195;STX_DOC_000196;STX_DOC_000211;STX_DOC_000212;STX_DOC_000213;STX_DOC_000214;STX_DOC_000215;STX_DOC_000218;STX_DOC_000222;STX_DOC_000246;STX_DOC_000247;STX_DOC_000250;STX_DOC_000252;STX_DOC_000253;STX_DOC_000254;STX_DOC_000277;STX_DOC_000281;STX_DOC_000282;STX_DOC_000285;STX_DOC_000290;STX_DOC_000292;STX_DOC_000300;STX_DOC_000317;STX_DOC_000320;STX_DOC_000323;STX_DOC_000325;STX_DOC_000327;STX_DOC_000331;STX_DOC_000340;STX_DOC_000341;STX_DOC_000343;STX_DOC_000347;STX_DOC_000350;STX_DOC_000352;STX_DOC_000353;STX_DOC_000375;STX_DOC_000376;STX_DOC_000379;STX_DOC_000380;STX_DOC_000381;STX_DOC_000391;STX_DOC_000393;STX_DOC_000394;STX_DOC_000395;STX_DOC_000430;STX_DOC_000431;STX_DOC_000434;STX_DOC_000438;STX_DOC_000442;STX_DOC_000485;STX_DOC_000486;STX_DOC_000487;STX_DOC_000498;STX_DOC_000507;STX_DOC_000509;STX_DOC_000512;STX_DOC_000515;STX_DOC_000516;STX_DOC_000520;STX_DOC_000560;STX_DOC_000562;STX_DOC_000565;STX_DOC_000566;STX_DOC_000567;STX_DOC_000569;STX_DOC_000570;STX_DOC_000574;STX_DOC_000577;STX_DOC_000579;STX_DOC_000580;STX_DOC_000582;STX_DOC_000583;STX_DOC_000584;STX_DOC_000588;STX_DOC_000589;STX_DOC_000593;STX_DOC_000594;STX_DOC_000596;STX_DOC_000597;STX_DOC_000598;STX_DOC_000599;STX_DOC_000600;STX_DOC_000601;STX_DOC_000602;STX_DOC_000603;STX_DOC_000643;STX_DOC_000645;STX_DOC_000649;STX_DOC_000658;STX_DOC_000665;STX_DOC_000667;STX_DOC_000669;STX_DOC_000670;STX_DOC_000671;STX_DOC_000676;STX_DOC_000726;STX_DOC_000738;STX_DOC_000750;STX_DOC_000753;STX_DOC_000756;STX_DOC_000764;STX_DOC_000765;STX_DOC_000769;STX_DOC_000770;STX_DOC_000771;STX_DOC_000772;STX_DOC_000773;STX_DOC_000776;STX_DOC_000827;STX_DOC_000833;STX_DOC_000842;STX_DOC_000844;STX_DOC_000846;STX_DOC_000850;STX_DOC_000858;STX_DOC_000859;STX_DOC_000860;STX_DOC_000863;STX_DOC_000867;STX_DOC_000868;STX_DOC_000869;STX_DOC_000877;STX_DOC_000878;STX_DOC_000879;STX_DOC_000880;STX_DOC_000881;STX_DOC_000882;STX_DOC_000937;STX_DOC_000964;STX_DOC_000970;STX_DOC_000973;STX_DOC_000975;STX_DOC_000976;STX_DOC_000979;STX_DOC_000982;STX_DOC_000984;STX_DOC_000987;STX_DOC_000988;STX_DOC_000989;STX_DOC_000990;STX_DOC_001058;STX_DOC_001076;STX_DOC_001078;STX_DOC_001084;STX_DOC_001152;STX_DOC_001171;STX_DOC_001182;STX_DOC_001193;STX_DOC_001194;STX_DOC_001205;STX_DOC_001206;STX_DOC_001208;STX_DOC_001209;STX_DOC_001210;STX_DOC_001211;STX_DOC_001212;STX_DOC_001214;STX_DOC_001284;STX_DOC_001300;STX_DOC_001340;STX_DOC_001384;STX_DOC_001404;STX_DOC_001409;STX_DOC_001411;STX_DOC_001444;STX_DOC_001466;STX_DOC_001482;STX_DOC_001483;STX_DOC_001484;STX_DOC_001497;STX_DOC_001498;STX_DOC_001499;STX_DOC_001500;STX_DOC_001501;STX_DOC_001504;STX_DOC_001507;STX_DOC_001508;STX_DOC_001511,1968.0,2015.0
dino_pre2016,saxitoxin,TOXIN,taxon_associated_with_toxin,gymnodinium,DINO_TAXON,53,STX_DOC_000009;STX_DOC_000028;STX_DOC_000035;STX_DOC_000036;STX_DOC_000052;STX_DOC_000053;STX_DOC_000060;STX_DOC_000073;STX_DOC_000082;STX_DOC_000096;STX_DOC_000116;STX_DOC_000127;STX_DOC_000131;STX_DOC_000144;STX_DOC_000146;STX_DOC_000148;STX_DOC_000151;STX_DOC_000167;STX_DOC_000188;STX_DOC_000195;STX_DOC_000214;STX_DOC_000218;STX_DOC_000248;STX_DOC_000250;STX_DOC_000283;STX_DOC_000286;STX_DOC_000352;STX_DOC_000375;STX_DOC_000376;STX_DOC_000380;STX_DOC_000381;STX_DOC_000393;STX_DOC_000438;STX_DOC_000507;STX_DOC_000509;STX_DOC_000512;STX_DOC_000520;STX_DOC_000573;STX_DOC_000574;STX_DOC_000598;STX_DOC_000655;STX_DOC_000664;STX_DOC_000728;STX_DOC_000750;STX_DOC_000756;STX_DOC_000764;STX_DOC_000770;STX_DOC_000957;STX_DOC_001078;STX_DOC_001084;STX_DOC_001185;STX_DOC_001292;STX_DOC_001340,1985.0,2015.0
dino_pre2016,saxitoxin,TOXIN,taxon_associated_with_toxin,gymnodinium_catenatum,DINO_TAXON,45,STX_DOC_000028;STX_DOC_000035;STX_DOC_000036;STX_DOC_000052;STX_DOC_000053;STX_DOC_000060;STX_DOC_000073;STX_DOC_000082;STX_DOC_000096;STX_DOC_000116;STX_DOC_000127;STX_DOC_000131;STX_DOC_000144;STX_DOC_000146;STX_DOC_000148;STX_DOC_000167;STX_DOC_000195;STX_DOC_000214;STX_DOC_000218;STX_DOC_000248;STX_DOC_000250;STX_DOC_000283;STX_DOC_000286;STX_DOC_000352;STX_DOC_000376;STX_DOC_000380;STX_DOC_000393;STX_DOC_000438;STX_DOC_000507;STX_DOC_000509;STX_DOC_000512;STX_DOC_000520;STX_DOC_000573;STX_DOC_000655;STX_DOC_000664;STX_DOC_000728;STX_DOC_000750;STX_DOC_000756;STX_DOC_000764;STX_DOC_000770;STX_DOC_000957;STX_DOC_001078;STX_DOC_001084;STX_DOC_001185;STX_DOC_001292,1987.0,2015.0
dino_pre2016,saxitoxin,TOXIN,taxon_associated_with_toxin,lyngbya,CYANO_TAXON,2,STX_DOC_000009;STX_DOC_000071,2010.0,2010.0
dino_pre2016,saxitoxin,TOXIN,taxon_associated_with_toxin,planktothrix,CYANO_TAXON,1,STX_DOC_000009,2010.0,2010.0
dino_pre2016,saxitoxin,TOXIN,taxon_associated_with_toxin,pyrodinium,DINO_TAXON,33,STX_DOC_000009;STX_DOC_000022;STX_DOC_000028;STX_DOC_000054;STX_DOC_000055;STX_DOC_000099;STX_DOC_000116;STX_DOC_000142;STX_DOC_000153;STX_DOC_000222;STX_DOC_000247;STX_DOC_000290;STX_DOC_000292;STX_DOC_000320;STX_DOC_000353;STX_DOC_000380;STX_DOC_000381;STX_DOC_000574;STX_DOC_000581;STX_DOC_000582;STX_DOC_000593;STX_DOC_000594;STX_DOC_000596;STX_DOC_000598;STX_DOC_000664;STX_DOC_000726;STX_DOC_000771;STX_DOC_000772;STX_DOC_000828;STX_DOC_000848;STX_DOC_000960;STX_DOC_001187;STX_DOC_001338,1982.0,2015.0
dino_pre2016,saxitoxin,TOXIN,taxon_associated_with_toxin,pyrodinium_bahamense,DINO_TAXON,29,STX_DOC_000022;STX_DOC_000028;STX_DOC_000054;STX_DOC_000055;STX_DOC_000099;STX_DOC_000116;STX_DOC_000142;STX_DOC_000153;STX_DOC_000222;STX_DOC_000247;STX_DOC_000290;STX_DOC_000292;STX_DOC_000320;STX_DOC_000353;STX_DOC_000574;STX_DOC_000581;STX_DOC_000582;STX_DOC_000593;STX_DOC_000594;STX_DOC_000596;STX_DOC_000664;STX_DOC_000726;STX_DOC_000771;STX_DOC_000772;STX_DOC_000828;STX_DOC_000848;STX_DOC_000960;STX_DOC_001187;STX_DOC_001338,1982.0,2015.0
dino_pre2016,saxitoxin,TOXIN,taxon_associated_with_toxin,scytonema,CYANO_TAXON,1,STX_DOC_000323,2011.0,2011.0
dino_pre2016,saxitoxin_biosynthesis,BIOLOGICAL_PROCESS,semantic_cooccurrence,evolution,BIOLOGICAL_PROCESS,3,STX_DOC_000028;STX_DOC_000093;STX_DOC_000379,2013.0,2015.0
dino_pre2016,saxitoxin_biosynthesis,BIOLOGICAL_PROCESS,semantic_cooccurrence,expression,BIOLOGICAL_PROCESS,1,STX_DOC_000093,2014.0,2014.0
dino_pre2016,saxitoxin_biosynthesis,BIOLOGICAL_PROCESS,semantic_cooccurrence,gene_duplication,BIOLOGICAL_PROCESS,1,STX_DOC_000028,2015.0,2015.0
dino_pre2016,saxitoxin_biosynthesis,BIOLOGICAL_PROCESS,semantic_cooccurrence,gene_expression,BIOLOGICAL_PROCESS,1,STX_DOC_000093,2014.0,2014.0
dino_pre2016,saxitoxin_biosynthesis,BIOLOGICAL_PROCESS,semantic_cooccurrence,horizontal_gene_transfer,BIOLOGICAL_PROCESS,3,STX_DOC_000052;STX_DOC_000379;STX_DOC_000577,2008.0,2013.0
dino_pre2016,saxitoxin_biosynthesis,BIOLOGICAL_PROCESS,semantic_cooccurrence,phylogenetic,BIOLOGICAL_PROCESS,3,STX_DOC_000052;STX_DOC_000131;STX_DOC_000577,2008.0,2013.0
dino_pre2016,saxitoxin_biosynthesis,BIOLOGICAL_PROCESS,semantic_cooccurrence,phylogeny,BIOLOGICAL_PROCESS,3,STX_DOC_000028;STX_DOC_000380;STX_DOC_000577,2008.0,2015.0
dino_pre2016,saxitoxin_biosynthesis,BIOLOGICAL_PROCESS,semantic_cooccurrence,regulation,BIOLOGICAL_PROCESS,2,STX_DOC_000093;STX_DOC_000300,1998.0,2014.0
dino_pre2016,saxitoxin_biosynthesis,BIOLOGICAL_PROCESS,semantic_cooccurrence,toxicity,BIOLOGICAL_PROCESS,3,STX_DOC_000074;STX_DOC_000098;STX_DOC_000300,1998.0,1999.0
dino_pre2016,saxitoxin_biosynthesis,BIOLOGICAL_PROCESS,semantic_cooccurrence,toxin_production,BIOLOGICAL_PROCESS,3,STX_DOC_000074;STX_DOC_000098;STX_DOC_000300,1998.0,1999.0
dino_pre2016,saxitoxin_biosynthesis,BIOLOGICAL_PROCESS,semantic_cooccurrence,transcription,BIOLOGICAL_PROCESS,1,STX_DOC_000093,2014.0,2014.0
dino_pre2016,scytonema,CYANO_TAXON,taxon_associated_with_process,phylogenetic,BIOLOGICAL_PROCESS,1,STX_DOC_000323,2011.0,2011.0
dino_pre2016,sxt_genes,SXT_GENE,gene_associated_with_process,biosynthesis,BIOLOGICAL_PROCESS,6,STX_DOC_000028;STX_DOC_000040;STX_DOC_000050;STX_DOC_000131;STX_DOC_000380;STX_DOC_000577,2008.0,2015.0
dino_pre2016,sxt_genes,SXT_GENE,gene_associated_with_process,evolution,BIOLOGICAL_PROCESS,1,STX_DOC_000028,2015.0,2015.0
dino_pre2016,sxt_genes,SXT_GENE,gene_associated_with_process,expression,BIOLOGICAL_PROCESS,1,STX_DOC_000040,2014.0,2014.0
dino_pre2016,sxt_genes,SXT_GENE,gene_associated_with_process,gene_duplication,BIOLOGICAL_PROCESS,1,STX_DOC_000028,2015.0,2015.0
dino_pre2016,sxt_genes,SXT_GENE,gene_associated_with_process,horizontal_gene_transfer,BIOLOGICAL_PROCESS,1,STX_DOC_000577,2008.0,2008.0
dino_pre2016,sxt_genes,SXT_GENE,gene_associated_with_process,phylogenetic,BIOLOGICAL_PROCESS,2,STX_DOC_000131;STX_DOC_000577,2008.0,2011.0
dino_pre2016,sxt_genes,SXT_GENE,gene_associated_with_process,phylogeny,BIOLOGICAL_PROCESS,3,STX_DOC_000028;STX_DOC_000380;STX_DOC_000577,2008.0,2015.0
dino_pre2016,sxt_genes,SXT_GENE,gene_associated_with_process,saxitoxin_biosynthesis,BIOLOGICAL_PROCESS,4,STX_DOC_000028;STX_DOC_000131;STX_DOC_000380;STX_DOC_000577,2008.0,2015.0
dino_pre2016,sxt_genes,SXT_GENE,gene_associated_with_process,toxicity,BIOLOGICAL_PROCESS,1,STX_DOC_000050,2015.0,2015.0
dino_pre2016,sxt_genes,SXT_GENE,gene_associated_with_process,toxin_biosynthesis,BIOLOGICAL_PROCESS,1,STX_DOC_000040,2014.0,2014.0
dino_pre2016,sxt_genes,SXT_GENE,gene_associated_with_process,transcriptome,BIOLOGICAL_PROCESS,1,STX_DOC_000040,2014.0,2014.0
dino_pre2016,sxt_genes,SXT_GENE,semantic_cooccurrence,bloom,ENV_FACTOR,1,STX_DOC_000212,2015.0,2015.0
dino_pre2016,sxt_genes,SXT_GENE,semantic_cooccurrence,light,ENV_FACTOR,1,STX_DOC_000040,2014.0,2014.0
dino_pre2016,sxt_genes,SXT_GENE,taxon_associated_with_gene,alexandrium,DINO_TAXON,5,STX_DOC_000028;STX_DOC_000040;STX_DOC_000050;STX_DOC_000212;STX_DOC_000380,2013.0,2015.0
dino_pre2016,sxt_genes,SXT_GENE,taxon_associated_with_gene,alexandrium_catenella,DINO_TAXON,1,STX_DOC_000040,2014.0,2014.0
dino_pre2016,sxt_genes,SXT_GENE,taxon_associated_with_gene,alexandrium_tamarense,DINO_TAXON,1,STX_DOC_000050,2015.0,2015.0
dino_pre2016,sxt_genes,SXT_GENE,taxon_associated_with_gene,cyanobacteria,CYANO_TAXON,5,STX_DOC_000040;STX_DOC_000131;STX_DOC_000577,2008.0,2014.0
dino_pre2016,sxt_genes,SXT_GENE,taxon_associated_with_gene,dinoflagellate,DINO_TAXON,9,STX_DOC_000028;STX_DOC_000040;STX_DOC_000131;STX_DOC_000212;STX_DOC_000380;STX_DOC_000577,2008.0,2015.0
dino_pre2016,sxt_genes,SXT_GENE,taxon_associated_with_gene,gymnodinium,DINO_TAXON,3,STX_DOC_000028;STX_DOC_000131;STX_DOC_000380,2011.0,2015.0
dino_pre2016,sxt_genes,SXT_GENE,taxon_associated_with_gene,gymnodinium_catenatum,DINO_TAXON,3,STX_DOC_000028;STX_DOC_000131;STX_DOC_000380,2011.0,2015.0
dino_pre2016,sxt_genes,SXT_GENE,taxon_associated_with_gene,pyrodinium,DINO_TAXON,2,STX_DOC_000028;STX_DOC_000380,2013.0,2015.0
dino_pre2016,sxt_genes,SXT_GENE,taxon_associated_with_gene,pyrodinium_bahamense,DINO_TAXON,1,STX_DOC_000028,2015.0,2015.0
dino_pre2016,sxta,SXT_GENE,gene_associated_with_process,biosynthesis,BIOLOGICAL_PROCESS,11,STX_DOC_000006;STX_DOC_000022;STX_DOC_000024;STX_DOC_000028;STX_DOC_000040;STX_DOC_000050;STX_DOC_000052;STX_DOC_000070;STX_DOC_000071;STX_DOC_000072;STX_DOC_000093,2009.0,2015.0
dino_pre2016,sxta,SXT_GENE,gene_associated_with_process,evolution,BIOLOGICAL_PROCESS,6,STX_DOC_000028;STX_DOC_000068;STX_DOC_000093;STX_DOC_000140;STX_DOC_000381;STX_DOC_000645,2012.0,2015.0
dino_pre2016,sxta,SXT_GENE,gene_associated_with_process,expression,BIOLOGICAL_PROCESS,6,STX_DOC_000007;STX_DOC_000024;STX_DOC_000040;STX_DOC_000072;STX_DOC_000093;STX_DOC_000645,2009.0,2015.0
dino_pre2016,sxta,SXT_GENE,gene_associated_with_process,gene_duplication,BIOLOGICAL_PROCESS,1,STX_DOC_000028,2015.0,2015.0
dino_pre2016,sxta,SXT_GENE,gene_associated_with_process,gene_expression,BIOLOGICAL_PROCESS,3,STX_DOC_000024;STX_DOC_000093;STX_DOC_000645,2014.0,2014.0
dino_pre2016,sxta,SXT_GENE,gene_associated_with_process,harmful_algal_bloom,BIOLOGICAL_PROCESS,1,STX_DOC_000053,2011.0,2011.0
dino_pre2016,sxta,SXT_GENE,gene_associated_with_process,horizontal_gene_transfer,BIOLOGICAL_PROCESS,1,STX_DOC_000052,2013.0,2013.0
dino_pre2016,sxta,SXT_GENE,gene_associated_with_process,phylogenetic,BIOLOGICAL_PROCESS,5,STX_DOC_000022;STX_DOC_000052;STX_DOC_000323;STX_DOC_000381;STX_DOC_000485,2011.0,2015.0
dino_pre2016,sxta,SXT_GENE,gene_associated_with_process,phylogeny,BIOLOGICAL_PROCESS,5,STX_DOC_000022;STX_DOC_000028;STX_DOC_000140;STX_DOC_000381;STX_DOC_000562,2012.0,2015.0
dino_pre2016,sxta,SXT_GENE,gene_associated_with_process,polyketide_synthase,BIOLOGICAL_PROCESS,1,STX_DOC_000485,2015.0,2015.0
dino_pre2016,sxta,SXT_GENE,gene_associated_with_process,regulation,BIOLOGICAL_PROCESS,2,STX_DOC_000093;STX_DOC_000126,2014.0,2015.0
dino_pre2016,sxta,SXT_GENE,gene_associated_with_process,saxitoxin_biosynthesis,BIOLOGICAL_PROCESS,6,STX_DOC_000022;STX_DOC_000028;STX_DOC_000052;STX_DOC_000070;STX_DOC_000072;STX_DOC_000093,2009.0,2015.0
dino_pre2016,sxta,SXT_GENE,gene_associated_with_process,toxicity,BIOLOGICAL_PROCESS,4,STX_DOC_000050;STX_DOC_000140;STX_DOC_000430;STX_DOC_000485,2014.0,2015.0
dino_pre2016,sxta,SXT_GENE,gene_associated_with_process,toxin_biosynthesis,BIOLOGICAL_PROCESS,2,STX_DOC_000006;STX_DOC_000040,2014.0,2015.0
dino_pre2016,sxta,SXT_GENE,gene_associated_with_process,toxin_production,BIOLOGICAL_PROCESS,3,STX_DOC_000006;STX_DOC_000024;STX_DOC_000381,2012.0,2015.0
dino_pre2016,sxta,SXT_GENE,gene_associated_with_process,transcription,BIOLOGICAL_PROCESS,1,STX_DOC_000093,2014.0,2014.0
dino_pre2016,sxta,SXT_GENE,gene_associated_with_process,transcriptome,BIOLOGICAL_PROCESS,3,STX_DOC_000040;STX_DOC_000068;STX_DOC_000186,2011.0,2014.0
dino_pre2016,sxta,SXT_GENE,semantic_cooccurrence,bloom,ENV_FACTOR,3,STX_DOC_000006;STX_DOC_000053;STX_DOC_000071,2010.0,2015.0
dino_pre2016,sxta,SXT_GENE,semantic_cooccurrence,climate,ENV_FACTOR,1,STX_DOC_000006,2015.0,2015.0
dino_pre2016,sxta,SXT_GENE,semantic_cooccurrence,harmful_algal_bloom,ENV_FACTOR,1,STX_DOC_000053,2011.0,2011.0
dino_pre2016,sxta,SXT_GENE,semantic_cooccurrence,hplc,DETECTION_METHOD,1,STX_DOC_000071,2010.0,2010.0
dino_pre2016,sxta,SXT_GENE,semantic_cooccurrence,lc_ms,DETECTION_METHOD,1,STX_DOC_000007,2015.0,2015.0
dino_pre2016,sxta,SXT_GENE,semantic_cooccurrence,lc_ms_ms,DETECTION_METHOD,1,STX_DOC_000007,2015.0,2015.0
dino_pre2016,sxta,SXT_GENE,semantic_cooccurrence,light,ENV_FACTOR,2,STX_DOC_000040;STX_DOC_000213,2014.0,2015.0
dino_pre2016,sxta,SXT_GENE,semantic_cooccurrence,mass_spectrometry,DETECTION_METHOD,1,STX_DOC_000007,2015.0,2015.0
dino_pre2016,sxta,SXT_GENE,semantic_cooccurrence,nitrogen,ENV_FACTOR,1,STX_DOC_000024,2014.0,2014.0
dino_pre2016,sxta,SXT_GENE,semantic_cooccurrence,nutrient,ENV_FACTOR,2,STX_DOC_000006;STX_DOC_000024,2014.0,2015.0
dino_pre2016,sxta,SXT_GENE,semantic_cooccurrence,phosphorus,ENV_FACTOR,1,STX_DOC_000024,2014.0,2014.0
dino_pre2016,sxta,SXT_GENE,semantic_cooccurrence,sxt_genes,SXT_GENE,3,STX_DOC_000028;STX_DOC_000040;STX_DOC_000050,2014.0,2015.0
dino_pre2016,sxta,SXT_GENE,semantic_cooccurrence,sxtb,SXT_GENE,2,STX_DOC_000006;STX_DOC_000068,2013.0,2015.0
dino_pre2016,sxta,SXT_GENE,semantic_cooccurrence,sxtd,SXT_GENE,1,STX_DOC_000007,2015.0,2015.0
dino_pre2016,sxta,SXT_GENE,semantic_cooccurrence,sxtg,SXT_GENE,6,STX_DOC_000006;STX_DOC_000024;STX_DOC_000028;STX_DOC_000052;STX_DOC_000068;STX_DOC_000140,2013.0,2015.0
dino_pre2016,sxta,SXT_GENE,semantic_cooccurrence,sxti,SXT_GENE,1,STX_DOC_000022,2012.0,2012.0
dino_pre2016,sxta,SXT_GENE,semantic_cooccurrence,sxtu,SXT_GENE,1,STX_DOC_000007,2015.0,2015.0
dino_pre2016,sxta,SXT_GENE,semantic_cooccurrence,temperature,ENV_FACTOR,1,STX_DOC_000213,2015.0,2015.0
dino_pre2016,sxta,SXT_GENE,taxon_associated_with_gene,alexandrium,DINO_TAXON,19,STX_DOC_000022;STX_DOC_000024;STX_DOC_000028;STX_DOC_000040;STX_DOC_000050;STX_DOC_000052;STX_DOC_000053;STX_DOC_000070;STX_DOC_000093;STX_DOC_000126;STX_DOC_000140;STX_DOC_000186;STX_DOC_000213;STX_DOC_000381;STX_DOC_000430;STX_DOC_000485;STX_DOC_000562;STX_DOC_000645;STX_DOC_000838,2011.0,2015.0
dino_pre2016,sxta,SXT_GENE,taxon_associated_with_gene,alexandrium_catenella,DINO_TAXON,4,STX_DOC_000040;STX_DOC_000053;STX_DOC_000093;STX_DOC_000645,2011.0,2014.0
dino_pre2016,sxta,SXT_GENE,taxon_associated_with_gene,alexandrium_fundyense,DINO_TAXON,4,STX_DOC_000052;STX_DOC_000093;STX_DOC_000186;STX_DOC_000485,2011.0,2015.0
dino_pre2016,sxta,SXT_GENE,taxon_associated_with_gene,alexandrium_leei,DINO_TAXON,1,STX_DOC_000562,2014.0,2014.0
dino_pre2016,sxta,SXT_GENE,taxon_associated_with_gene,alexandrium_minutum,DINO_TAXON,4,STX_DOC_000024;STX_DOC_000052;STX_DOC_000126;STX_DOC_000213,2013.0,2015.0
dino_pre2016,sxta,SXT_GENE,taxon_associated_with_gene,alexandrium_tamarense,DINO_TAXON,4,STX_DOC_000050;STX_DOC_000053;STX_DOC_000430;STX_DOC_000838,2011.0,2015.0
dino_pre2016,sxta,SXT_GENE,taxon_associated_with_gene,alexandrium_tamiyavanichii,DINO_TAXON,1,STX_DOC_000070,2012.0,2012.0
dino_pre2016,sxta,SXT_GENE,taxon_associated_with_gene,anabaena,CYANO_TAXON,2,STX_DOC_000071;STX_DOC_000072,2009.0,2010.0
dino_pre2016,sxta,SXT_GENE,taxon_associated_with_gene,aphanizomenon,CYANO_TAXON,1,STX_DOC_000071,2010.0,2010.0
dino_pre2016,sxta,SXT_GENE,taxon_associated_with_gene,cyanobacteria,CYANO_TAXON,21,STX_DOC_000006;STX_DOC_000007;STX_DOC_000022;STX_DOC_000040;STX_DOC_000052;STX_DOC_000068;STX_DOC_000070;STX_DOC_000071;STX_DOC_000072;STX_DOC_000186;STX_DOC_000323,2009.0,2015.0
dino_pre2016,sxta,SXT_GENE,taxon_associated_with_gene,cylindrospermopsis,CYANO_TAXON,3,STX_DOC_000007;STX_DOC_000071;STX_DOC_000072,2009.0,2015.0
dino_pre2016,sxta,SXT_GENE,taxon_associated_with_gene,dinoflagellate,DINO_TAXON,36,STX_DOC_000006;STX_DOC_000007;STX_DOC_000022;STX_DOC_000024;STX_DOC_000028;STX_DOC_000040;STX_DOC_000052;STX_DOC_000053;STX_DOC_000068;STX_DOC_000070;STX_DOC_000071;STX_DOC_000072;STX_DOC_000093;STX_DOC_000126;STX_DOC_000140;STX_DOC_000186;STX_DOC_000213;STX_DOC_000323;STX_DOC_000381;STX_DOC_000430;STX_DOC_000485;STX_DOC_000562;STX_DOC_000645,2009.0,2015.0
dino_pre2016,sxta,SXT_GENE,taxon_associated_with_gene,gymnodinium,DINO_TAXON,4,STX_DOC_000028;STX_DOC_000052;STX_DOC_000053;STX_DOC_000381,2011.0,2015.0
dino_pre2016,sxta,SXT_GENE,taxon_associated_with_gene,gymnodinium_catenatum,DINO_TAXON,3,STX_DOC_000028;STX_DOC_000052;STX_DOC_000053,2011.0,2015.0
dino_pre2016,sxta,SXT_GENE,taxon_associated_with_gene,lyngbya,CYANO_TAXON,1,STX_DOC_000071,2010.0,2010.0
dino_pre2016,sxta,SXT_GENE,taxon_associated_with_gene,pyrodinium,DINO_TAXON,4,STX_DOC_000022;STX_DOC_000028;STX_DOC_000126;STX_DOC_000381,2012.0,2015.0
dino_pre2016,sxta,SXT_GENE,taxon_associated_with_gene,pyrodinium_bahamense,DINO_TAXON,2,STX_DOC_000022;STX_DOC_000028,2012.0,2015.0
dino_pre2016,sxta,SXT_GENE,taxon_associated_with_gene,scytonema,CYANO_TAXON,1,STX_DOC_000323,2011.0,2011.0
dino_pre2016,sxtb,SXT_GENE,gene_associated_with_process,biosynthesis,BIOLOGICAL_PROCESS,1,STX_DOC_000006,2015.0,2015.0
dino_pre2016,sxtb,SXT_GENE,gene_associated_with_process,evolution,BIOLOGICAL_PROCESS,1,STX_DOC_000068,2013.0,2013.0
dino_pre2016,sxtb,SXT_GENE,gene_associated_with_process,toxin_biosynthesis,BIOLOGICAL_PROCESS,1,STX_DOC_000006,2015.0,2015.0
dino_pre2016,sxtb,SXT_GENE,gene_associated_with_process,toxin_production,BIOLOGICAL_PROCESS,1,STX_DOC_000006,2015.0,2015.0
dino_pre2016,sxtb,SXT_GENE,gene_associated_with_process,transcriptome,BIOLOGICAL_PROCESS,1,STX_DOC_000068,2013.0,2013.0
dino_pre2016,sxtb,SXT_GENE,semantic_cooccurrence,bloom,ENV_FACTOR,1,STX_DOC_000006,2015.0,2015.0
dino_pre2016,sxtb,SXT_GENE,semantic_cooccurrence,climate,ENV_FACTOR,1,STX_DOC_000006,2015.0,2015.0
dino_pre2016,sxtb,SXT_GENE,semantic_cooccurrence,nutrient,ENV_FACTOR,1,STX_DOC_000006,2015.0,2015.0
dino_pre2016,sxtb,SXT_GENE,semantic_cooccurrence,sxtg,SXT_GENE,2,STX_DOC_000006;STX_DOC_000068,2013.0,2015.0
dino_pre2016,sxtb,SXT_GENE,taxon_associated_with_gene,cyanobacteria,CYANO_TAXON,4,STX_DOC_000006;STX_DOC_000068,2013.0,2015.0
dino_pre2016,sxtb,SXT_GENE,taxon_associated_with_gene,dinoflagellate,DINO_TAXON,4,STX_DOC_000006;STX_DOC_000068,2013.0,2015.0
dino_pre2016,sxtd,SXT_GENE,gene_associated_with_process,expression,BIOLOGICAL_PROCESS,1,STX_DOC_000007,2015.0,2015.0
dino_pre2016,sxtd,SXT_GENE,semantic_cooccurrence,lc_ms,DETECTION_METHOD,1,STX_DOC_000007,2015.0,2015.0
dino_pre2016,sxtd,SXT_GENE,semantic_cooccurrence,lc_ms_ms,DETECTION_METHOD,1,STX_DOC_000007,2015.0,2015.0
dino_pre2016,sxtd,SXT_GENE,semantic_cooccurrence,mass_spectrometry,DETECTION_METHOD,1,STX_DOC_000007,2015.0,2015.0
dino_pre2016,sxtd,SXT_GENE,semantic_cooccurrence,sxtu,SXT_GENE,1,STX_DOC_000007,2015.0,2015.0
dino_pre2016,sxtd,SXT_GENE,taxon_associated_with_gene,cyanobacteria,CYANO_TAXON,2,STX_DOC_000007,2015.0,2015.0
dino_pre2016,sxtd,SXT_GENE,taxon_associated_with_gene,cylindrospermopsis,CYANO_TAXON,1,STX_DOC_000007,2015.0,2015.0
dino_pre2016,sxtd,SXT_GENE,taxon_associated_with_gene,dinoflagellate,DINO_TAXON,1,STX_DOC_000007,2015.0,2015.0
dino_pre2016,sxtg,SXT_GENE,gene_associated_with_process,biosynthesis,BIOLOGICAL_PROCESS,4,STX_DOC_000006;STX_DOC_000024;STX_DOC_000028;STX_DOC_000052,2013.0,2015.0
dino_pre2016,sxtg,SXT_GENE,gene_associated_with_process,evolution,BIOLOGICAL_PROCESS,3,STX_DOC_000028;STX_DOC_000068;STX_DOC_000140,2013.0,2015.0
dino_pre2016,sxtg,SXT_GENE,gene_associated_with_process,expression,BIOLOGICAL_PROCESS,1,STX_DOC_000024,2014.0,2014.0
dino_pre2016,sxtg,SXT_GENE,gene_associated_with_process,gene_duplication,BIOLOGICAL_PROCESS,1,STX_DOC_000028,2015.0,2015.0
dino_pre2016,sxtg,SXT_GENE,gene_associated_with_process,gene_expression,BIOLOGICAL_PROCESS,1,STX_DOC_000024,2014.0,2014.0
dino_pre2016,sxtg,SXT_GENE,gene_associated_with_process,horizontal_gene_transfer,BIOLOGICAL_PROCESS,1,STX_DOC_000052,2013.0,2013.0
dino_pre2016,sxtg,SXT_GENE,gene_associated_with_process,phylogenetic,BIOLOGICAL_PROCESS,1,STX_DOC_000052,2013.0,2013.0
dino_pre2016,sxtg,SXT_GENE,gene_associated_with_process,phylogeny,BIOLOGICAL_PROCESS,2,STX_DOC_000028;STX_DOC_000140,2014.0,2015.0
dino_pre2016,sxtg,SXT_GENE,gene_associated_with_process,saxitoxin_biosynthesis,BIOLOGICAL_PROCESS,2,STX_DOC_000028;STX_DOC_000052,2013.0,2015.0
dino_pre2016,sxtg,SXT_GENE,gene_associated_with_process,toxicity,BIOLOGICAL_PROCESS,1,STX_DOC_000140,2014.0,2014.0
dino_pre2016,sxtg,SXT_GENE,gene_associated_with_process,toxin_biosynthesis,BIOLOGICAL_PROCESS,1,STX_DOC_000006,2015.0,2015.0
dino_pre2016,sxtg,SXT_GENE,gene_associated_with_process,toxin_production,BIOLOGICAL_PROCESS,2,STX_DOC_000006;STX_DOC_000024,2014.0,2015.0
dino_pre2016,sxtg,SXT_GENE,gene_associated_with_process,transcriptome,BIOLOGICAL_PROCESS,1,STX_DOC_000068,2013.0,2013.0
dino_pre2016,sxtg,SXT_GENE,semantic_cooccurrence,bloom,ENV_FACTOR,1,STX_DOC_000006,2015.0,2015.0
dino_pre2016,sxtg,SXT_GENE,semantic_cooccurrence,climate,ENV_FACTOR,1,STX_DOC_000006,2015.0,2015.0
dino_pre2016,sxtg,SXT_GENE,semantic_cooccurrence,nitrogen,ENV_FACTOR,1,STX_DOC_000024,2014.0,2014.0
dino_pre2016,sxtg,SXT_GENE,semantic_cooccurrence,nutrient,ENV_FACTOR,2,STX_DOC_000006;STX_DOC_000024,2014.0,2015.0
dino_pre2016,sxtg,SXT_GENE,semantic_cooccurrence,phosphorus,ENV_FACTOR,1,STX_DOC_000024,2014.0,2014.0
dino_pre2016,sxtg,SXT_GENE,semantic_cooccurrence,sxt_genes,SXT_GENE,1,STX_DOC_000028,2015.0,2015.0
dino_pre2016,sxtg,SXT_GENE,taxon_associated_with_gene,alexandrium,DINO_TAXON,4,STX_DOC_000024;STX_DOC_000028;STX_DOC_000052;STX_DOC_000140,2013.0,2015.0
dino_pre2016,sxtg,SXT_GENE,taxon_associated_with_gene,alexandrium_fundyense,DINO_TAXON,1,STX_DOC_000052,2013.0,2013.0
dino_pre2016,sxtg,SXT_GENE,taxon_associated_with_gene,alexandrium_minutum,DINO_TAXON,2,STX_DOC_000024;STX_DOC_000052,2013.0,2014.0
dino_pre2016,sxtg,SXT_GENE,taxon_associated_with_gene,cyanobacteria,CYANO_TAXON,5,STX_DOC_000006;STX_DOC_000052;STX_DOC_000068,2013.0,2015.0
dino_pre2016,sxtg,SXT_GENE,taxon_associated_with_gene,dinoflagellate,DINO_TAXON,10,STX_DOC_000006;STX_DOC_000024;STX_DOC_000028;STX_DOC_000052;STX_DOC_000068;STX_DOC_000140,2013.0,2015.0
dino_pre2016,sxtg,SXT_GENE,taxon_associated_with_gene,gymnodinium,DINO_TAXON,2,STX_DOC_000028;STX_DOC_000052,2013.0,2015.0
dino_pre2016,sxtg,SXT_GENE,taxon_associated_with_gene,gymnodinium_catenatum,DINO_TAXON,2,STX_DOC_000028;STX_DOC_000052,2013.0,2015.0
dino_pre2016,sxtg,SXT_GENE,taxon_associated_with_gene,pyrodinium,DINO_TAXON,1,STX_DOC_000028,2015.0,2015.0
dino_pre2016,sxtg,SXT_GENE,taxon_associated_with_gene,pyrodinium_bahamense,DINO_TAXON,1,STX_DOC_000028,2015.0,2015.0
dino_pre2016,sxti,SXT_GENE,gene_associated_with_process,biosynthesis,BIOLOGICAL_PROCESS,1,STX_DOC_000022,2012.0,2012.0
dino_pre2016,sxti,SXT_GENE,gene_associated_with_process,phylogenetic,BIOLOGICAL_PROCESS,1,STX_DOC_000022,2012.0,2012.0
dino_pre2016,sxti,SXT_GENE,gene_associated_with_process,phylogeny,BIOLOGICAL_PROCESS,1,STX_DOC_000022,2012.0,2012.0
dino_pre2016,sxti,SXT_GENE,gene_associated_with_process,saxitoxin_biosynthesis,BIOLOGICAL_PROCESS,1,STX_DOC_000022,2012.0,2012.0
dino_pre2016,sxti,SXT_GENE,taxon_associated_with_gene,alexandrium,DINO_TAXON,1,STX_DOC_000022,2012.0,2012.0
dino_pre2016,sxti,SXT_GENE,taxon_associated_with_gene,cyanobacteria,CYANO_TAXON,2,STX_DOC_000022,2012.0,2012.0
dino_pre2016,sxti,SXT_GENE,taxon_associated_with_gene,dinoflagellate,DINO_TAXON,2,STX_DOC_000022,2012.0,2012.0
dino_pre2016,sxti,SXT_GENE,taxon_associated_with_gene,pyrodinium,DINO_TAXON,1,STX_DOC_000022,2012.0,2012.0
dino_pre2016,sxti,SXT_GENE,taxon_associated_with_gene,pyrodinium_bahamense,DINO_TAXON,1,STX_DOC_000022,2012.0,2012.0
dino_pre2016,sxtu,SXT_GENE,gene_associated_with_process,biosynthesis,BIOLOGICAL_PROCESS,1,STX_DOC_000131,2011.0,2011.0
dino_pre2016,sxtu,SXT_GENE,gene_associated_with_process,expression,BIOLOGICAL_PROCESS,1,STX_DOC_000007,2015.0,2015.0
dino_pre2016,sxtu,SXT_GENE,gene_associated_with_process,phylogenetic,BIOLOGICAL_PROCESS,1,STX_DOC_000131,2011.0,2011.0
dino_pre2016,sxtu,SXT_GENE,gene_associated_with_process,saxitoxin_biosynthesis,BIOLOGICAL_PROCESS,1,STX_DOC_000131,2011.0,2011.0
dino_pre2016,sxtu,SXT_GENE,semantic_cooccurrence,lc_ms,DETECTION_METHOD,1,STX_DOC_000007,2015.0,2015.0
dino_pre2016,sxtu,SXT_GENE,semantic_cooccurrence,lc_ms_ms,DETECTION_METHOD,1,STX_DOC_000007,2015.0,2015.0
dino_pre2016,sxtu,SXT_GENE,semantic_cooccurrence,mass_spectrometry,DETECTION_METHOD,1,STX_DOC_000007,2015.0,2015.0
dino_pre2016,sxtu,SXT_GENE,semantic_cooccurrence,sxt_genes,SXT_GENE,1,STX_DOC_000131,2011.0,2011.0
dino_pre2016,sxtu,SXT_GENE,taxon_associated_with_gene,cyanobacteria,CYANO_TAXON,4,STX_DOC_000007;STX_DOC_000131,2011.0,2015.0
dino_pre2016,sxtu,SXT_GENE,taxon_associated_with_gene,cylindrospermopsis,CYANO_TAXON,1,STX_DOC_000007,2015.0,2015.0
dino_pre2016,sxtu,SXT_GENE,taxon_associated_with_gene,dinoflagellate,DINO_TAXON,2,STX_DOC_000007;STX_DOC_000131,2011.0,2015.0
dino_pre2016,sxtu,SXT_GENE,taxon_associated_with_gene,gymnodinium,DINO_TAXON,1,STX_DOC_000131,2011.0,2011.0
dino_pre2016,sxtu,SXT_GENE,taxon_associated_with_gene,gymnodinium_catenatum,DINO_TAXON,1,STX_DOC_000131,2011.0,2011.0
dino_pre2016,temperature,ENV_FACTOR,environment_associated_with_process,biosynthesis,BIOLOGICAL_PROCESS,3,STX_DOC_000074;STX_DOC_000098;STX_DOC_000300,1998.0,1999.0
dino_pre2016,temperature,ENV_FACTOR,environment_associated_with_process,environmental_regulation,BIOLOGICAL_PROCESS,1,STX_DOC_000219,2010.0,2010.0
dino_pre2016,temperature,ENV_FACTOR,environment_associated_with_process,harmful_algal_bloom,BIOLOGICAL_PROCESS,1,STX_DOC_000442,2003.0,2003.0
dino_pre2016,temperature,ENV_FACTOR,environment_associated_with_process,regulation,BIOLOGICAL_PROCESS,4,STX_DOC_000142;STX_DOC_000219;STX_DOC_000300;STX_DOC_000582,1998.0,2012.0
dino_pre2016,temperature,ENV_FACTOR,environment_associated_with_process,saxitoxin_biosynthesis,BIOLOGICAL_PROCESS,3,STX_DOC_000074;STX_DOC_000098;STX_DOC_000300,1998.0,1999.0
dino_pre2016,temperature,ENV_FACTOR,environment_associated_with_process,secondary_metabolism,BIOLOGICAL_PROCESS,1,STX_DOC_000142,2012.0,2012.0
dino_pre2016,temperature,ENV_FACTOR,environment_associated_with_process,toxicity,BIOLOGICAL_PROCESS,14,STX_DOC_000074;STX_DOC_000098;STX_DOC_000125;STX_DOC_000142;STX_DOC_000219;STX_DOC_000282;STX_DOC_000294;STX_DOC_000295;STX_DOC_000300;STX_DOC_000320;STX_DOC_000345;STX_DOC_000667;STX_DOC_000728;STX_DOC_000875,1995.0,2015.0
dino_pre2016,temperature,ENV_FACTOR,environment_associated_with_process,toxin_biosynthesis,BIOLOGICAL_PROCESS,2,STX_DOC_000074;STX_DOC_000098,1999.0,1999.0
dino_pre2016,temperature,ENV_FACTOR,environment_associated_with_process,toxin_production,BIOLOGICAL_PROCESS,10,STX_DOC_000054;STX_DOC_000055;STX_DOC_000074;STX_DOC_000098;STX_DOC_000125;STX_DOC_000142;STX_DOC_000300;STX_DOC_000345;STX_DOC_000437;STX_DOC_000667,1994.0,2015.0
dino_pre2016,temperature,ENV_FACTOR,semantic_cooccurrence,bloom,ENV_FACTOR,6,STX_DOC_000142;STX_DOC_000167;STX_DOC_000279;STX_DOC_000282;STX_DOC_000582;STX_DOC_000875,1995.0,2014.0
dino_pre2016,temperature,ENV_FACTOR,semantic_cooccurrence,climate,ENV_FACTOR,1,STX_DOC_000282,2012.0,2012.0
dino_pre2016,temperature,ENV_FACTOR,semantic_cooccurrence,hplc,DETECTION_METHOD,6,STX_DOC_000142;STX_DOC_000728;STX_DOC_000864;STX_DOC_000973;STX_DOC_000975;STX_DOC_001399,1996.0,2014.0
dino_pre2016,temperature,ENV_FACTOR,semantic_cooccurrence,irradiance,ENV_FACTOR,4,STX_DOC_000165;STX_DOC_000279;STX_DOC_000437;STX_DOC_000728,2006.0,2014.0
dino_pre2016,temperature,ENV_FACTOR,semantic_cooccurrence,light,ENV_FACTOR,10,STX_DOC_000054;STX_DOC_000055;STX_DOC_000142;STX_DOC_000213;STX_DOC_000300;STX_DOC_000320;STX_DOC_000345;STX_DOC_000437;STX_DOC_000667;STX_DOC_000864,1994.0,2015.0
dino_pre2016,temperature,ENV_FACTOR,semantic_cooccurrence,liquid_chromatography,DETECTION_METHOD,2,STX_DOC_000973;STX_DOC_000975,1999.0,1999.0
dino_pre2016,temperature,ENV_FACTOR,semantic_cooccurrence,mouse_bioassay,DETECTION_METHOD,2,STX_DOC_000973;STX_DOC_000975,1999.0,1999.0
dino_pre2016,temperature,ENV_FACTOR,semantic_cooccurrence,nitrate,ENV_FACTOR,4,STX_DOC_000142;STX_DOC_000219;STX_DOC_000345;STX_DOC_000437,2000.0,2012.0
dino_pre2016,temperature,ENV_FACTOR,semantic_cooccurrence,nitrogen,ENV_FACTOR,1,STX_DOC_000142,2012.0,2012.0
dino_pre2016,temperature,ENV_FACTOR,semantic_cooccurrence,nutrient,ENV_FACTOR,10,STX_DOC_000054;STX_DOC_000055;STX_DOC_000074;STX_DOC_000098;STX_DOC_000117;STX_DOC_000142;STX_DOC_000165;STX_DOC_000567;STX_DOC_000582;STX_DOC_000864,1994.0,2013.0
dino_pre2016,temperature,ENV_FACTOR,semantic_cooccurrence,nutrients,ENV_FACTOR,2,STX_DOC_000142;STX_DOC_000345,2000.0,2012.0
dino_pre2016,temperature,ENV_FACTOR,semantic_cooccurrence,phosphate,ENV_FACTOR,4,STX_DOC_000074;STX_DOC_000098;STX_DOC_000300;STX_DOC_000345,1998.0,2000.0
dino_pre2016,temperature,ENV_FACTOR,semantic_cooccurrence,salinity,ENV_FACTOR,11,STX_DOC_000054;STX_DOC_000055;STX_DOC_000117;STX_DOC_000125;STX_DOC_000142;STX_DOC_000165;STX_DOC_000320;STX_DOC_000345;STX_DOC_000567;STX_DOC_000582;STX_DOC_000667,1994.0,2015.0
dino_pre2016,temperature,ENV_FACTOR,semantic_cooccurrence,warming,ENV_FACTOR,2,STX_DOC_000125;STX_DOC_000142,2012.0,2015.0
dino_pre2016,toxicity,BIOLOGICAL_PROCESS,environment_associated_with_process,nitrogen_limitation,ENV_FACTOR,1,STX_DOC_000561,2015.0,2015.0
dino_pre2016,toxicity,BIOLOGICAL_PROCESS,semantic_cooccurrence,biosensor,DETECTION_METHOD,2,STX_DOC_000972;STX_DOC_001745,2000.0,2004.0
dino_pre2016,toxicity,BIOLOGICAL_PROCESS,semantic_cooccurrence,chemical_analysis,DETECTION_METHOD,2,STX_DOC_000218;STX_DOC_000971,2000.0,2010.0
dino_pre2016,toxicity,BIOLOGICAL_PROCESS,semantic_cooccurrence,elisa,DETECTION_METHOD,1,STX_DOC_000850,2009.0,2009.0
dino_pre2016,toxicity,BIOLOGICAL_PROCESS,semantic_cooccurrence,environmental_regulation,BIOLOGICAL_PROCESS,1,STX_DOC_000219,2010.0,2010.0
dino_pre2016,toxicity,BIOLOGICAL_PROCESS,semantic_cooccurrence,harmful_algal_bloom,BIOLOGICAL_PROCESS,4,STX_DOC_000598;STX_DOC_000642;STX_DOC_000848;STX_DOC_001748,1995.0,2015.0
dino_pre2016,toxicity,BIOLOGICAL_PROCESS,semantic_cooccurrence,hplc,DETECTION_METHOD,38,STX_DOC_000035;STX_DOC_000036;STX_DOC_000062;STX_DOC_000081;STX_DOC_000096;STX_DOC_000142;STX_DOC_000144;STX_DOC_000169;STX_DOC_000193;STX_DOC_000194;STX_DOC_000196;STX_DOC_000250;STX_DOC_000293;STX_DOC_000327;STX_DOC_000332;STX_DOC_000334;STX_DOC_000347;STX_DOC_000375;STX_DOC_000393;STX_DOC_000501;STX_DOC_000502;STX_DOC_000570;STX_DOC_000588;STX_DOC_000589;STX_DOC_000671;STX_DOC_000677;STX_DOC_000728;STX_DOC_000741;STX_DOC_000848;STX_DOC_000850;STX_DOC_000868;STX_DOC_000964;STX_DOC_001171;STX_DOC_001198;STX_DOC_001283;STX_DOC_001733;STX_DOC_001743;STX_DOC_001745,1989.0,2015.0
dino_pre2016,toxicity,BIOLOGICAL_PROCESS,semantic_cooccurrence,lc_ms,DETECTION_METHOD,1,STX_DOC_000572,2010.0,2010.0
dino_pre2016,toxicity,BIOLOGICAL_PROCESS,semantic_cooccurrence,mass_spectrometry,DETECTION_METHOD,3,STX_DOC_000096;STX_DOC_000187;STX_DOC_000572,2002.0,2010.0
dino_pre2016,toxicity,BIOLOGICAL_PROCESS,semantic_cooccurrence,mouse_bioassay,DETECTION_METHOD,28,STX_DOC_000081;STX_DOC_000096;STX_DOC_000127;STX_DOC_000218;STX_DOC_000250;STX_DOC_000253;STX_DOC_000332;STX_DOC_000334;STX_DOC_000350;STX_DOC_000570;STX_DOC_000581;STX_DOC_000588;STX_DOC_000589;STX_DOC_000597;STX_DOC_000670;STX_DOC_000765;STX_DOC_000770;STX_DOC_000776;STX_DOC_000848;STX_DOC_000850;STX_DOC_000868;STX_DOC_000958;STX_DOC_000964;STX_DOC_000971;STX_DOC_001198;STX_DOC_001283;STX_DOC_001737;STX_DOC_001743,1982.0,2014.0
dino_pre2016,toxicity,BIOLOGICAL_PROCESS,semantic_cooccurrence,polyketide_synthase,BIOLOGICAL_PROCESS,1,STX_DOC_000485,2015.0,2015.0
dino_pre2016,toxicity,BIOLOGICAL_PROCESS,semantic_cooccurrence,resting_cyst,BIOLOGICAL_PROCESS,2,STX_DOC_000347;STX_DOC_000776,1982.0,1996.0
dino_pre2016,toxicity,BIOLOGICAL_PROCESS,semantic_cooccurrence,secondary_metabolism,BIOLOGICAL_PROCESS,1,STX_DOC_000142,2012.0,2012.0
dino_pre2016,toxicity,BIOLOGICAL_PROCESS,semantic_cooccurrence,toxin_production,BIOLOGICAL_PROCESS,24,STX_DOC_000062;STX_DOC_000074;STX_DOC_000098;STX_DOC_000120;STX_DOC_000125;STX_DOC_000142;STX_DOC_000187;STX_DOC_000189;STX_DOC_000300;STX_DOC_000327;STX_DOC_000345;STX_DOC_000497;STX_DOC_000571;STX_DOC_000572;STX_DOC_000588;STX_DOC_000589;STX_DOC_000667;STX_DOC_000674;STX_DOC_000841;STX_DOC_000847;STX_DOC_000964;STX_DOC_001047;STX_DOC_001733;STX_DOC_001744,1997.0,2015.0
dino_pre2016,toxin_biosynthesis,BIOLOGICAL_PROCESS,environment_associated_with_process,nitrogen_limitation,ENV_FACTOR,1,STX_DOC_000113,2015.0,2015.0
dino_pre2016,toxin_biosynthesis,BIOLOGICAL_PROCESS,semantic_cooccurrence,evolution,BIOLOGICAL_PROCESS,1,STX_DOC_000061,2009.0,2009.0
dino_pre2016,toxin_biosynthesis,BIOLOGICAL_PROCESS,semantic_cooccurrence,expression,BIOLOGICAL_PROCESS,3,STX_DOC_000040;STX_DOC_000113;STX_DOC_000329,2005.0,2015.0
dino_pre2016,toxin_biosynthesis,BIOLOGICAL_PROCESS,semantic_cooccurrence,harmful_algal_bloom,BIOLOGICAL_PROCESS,1,STX_DOC_000329,2005.0,2005.0
dino_pre2016,toxin_biosynthesis,BIOLOGICAL_PROCESS,semantic_cooccurrence,horizontal_gene_transfer,BIOLOGICAL_PROCESS,1,STX_DOC_000061,2009.0,2009.0
dino_pre2016,toxin_biosynthesis,BIOLOGICAL_PROCESS,semantic_cooccurrence,mass_spectrometry,DETECTION_METHOD,1,STX_DOC_000322,2013.0,2013.0
dino_pre2016,toxin_biosynthesis,BIOLOGICAL_PROCESS,semantic_cooccurrence,phylogenetic,BIOLOGICAL_PROCESS,1,STX_DOC_000061,2009.0,2009.0
dino_pre2016,toxin_biosynthesis,BIOLOGICAL_PROCESS,semantic_cooccurrence,phylogeny,BIOLOGICAL_PROCESS,1,STX_DOC_000061,2009.0,2009.0
dino_pre2016,toxin_biosynthesis,BIOLOGICAL_PROCESS,semantic_cooccurrence,regulation,BIOLOGICAL_PROCESS,1,STX_DOC_000497,2010.0,2010.0
dino_pre2016,toxin_biosynthesis,BIOLOGICAL_PROCESS,semantic_cooccurrence,saxitoxin_biosynthesis,BIOLOGICAL_PROCESS,2,STX_DOC_000074;STX_DOC_000098,1999.0,1999.0
dino_pre2016,toxin_biosynthesis,BIOLOGICAL_PROCESS,semantic_cooccurrence,toxicity,BIOLOGICAL_PROCESS,3,STX_DOC_000074;STX_DOC_000098;STX_DOC_000497,1999.0,2010.0
dino_pre2016,toxin_biosynthesis,BIOLOGICAL_PROCESS,semantic_cooccurrence,toxin_production,BIOLOGICAL_PROCESS,4,STX_DOC_000006;STX_DOC_000074;STX_DOC_000098;STX_DOC_000497,1999.0,2015.0
dino_pre2016,toxin_biosynthesis,BIOLOGICAL_PROCESS,semantic_cooccurrence,transcriptome,BIOLOGICAL_PROCESS,1,STX_DOC_000040,2014.0,2014.0
dino_pre2016,toxin_production,BIOLOGICAL_PROCESS,environment_associated_with_process,phosphorus_limitation,ENV_FACTOR,2,STX_DOC_000759;STX_DOC_000872,2000.0,2002.0
dino_pre2016,toxin_production,BIOLOGICAL_PROCESS,semantic_cooccurrence,hplc,DETECTION_METHOD,11,STX_DOC_000062;STX_DOC_000083;STX_DOC_000142;STX_DOC_000166;STX_DOC_000251;STX_DOC_000327;STX_DOC_000351;STX_DOC_000588;STX_DOC_000589;STX_DOC_000964;STX_DOC_001733,1988.0,2012.0
dino_pre2016,toxin_production,BIOLOGICAL_PROCESS,semantic_cooccurrence,lc_ms,DETECTION_METHOD,1,STX_DOC_000572,2010.0,2010.0
dino_pre2016,toxin_production,BIOLOGICAL_PROCESS,semantic_cooccurrence,mass_spectrometry,DETECTION_METHOD,3,STX_DOC_000166;STX_DOC_000187;STX_DOC_000572,2009.0,2012.0
dino_pre2016,toxin_production,BIOLOGICAL_PROCESS,semantic_cooccurrence,mouse_bioassay,DETECTION_METHOD,3,STX_DOC_000588;STX_DOC_000589;STX_DOC_000964,2003.0,2004.0
dino_pre2016,toxin_production,BIOLOGICAL_PROCESS,semantic_cooccurrence,secondary_metabolism,BIOLOGICAL_PROCESS,1,STX_DOC_000142,2012.0,2012.0
dino_pre2016,transcription,BIOLOGICAL_PROCESS,semantic_cooccurrence,evolution,BIOLOGICAL_PROCESS,1,STX_DOC_000093,2014.0,2014.0
dino_pre2016,transcriptome,BIOLOGICAL_PROCESS,semantic_cooccurrence,evolution,BIOLOGICAL_PROCESS,1,STX_DOC_000068,2013.0,2013.0
dino_pre2016,transcriptome,BIOLOGICAL_PROCESS,semantic_cooccurrence,gene_duplication,BIOLOGICAL_PROCESS,1,STX_DOC_000831,2014.0,2014.0
dino_pre2016,transcriptome,BIOLOGICAL_PROCESS,semantic_cooccurrence,toxin_production,BIOLOGICAL_PROCESS,1,STX_DOC_000565,2013.0,2013.0
dino_pre2016,transcriptome,BIOLOGICAL_PROCESS,semantic_cooccurrence,transcriptomic,BIOLOGICAL_PROCESS,2,STX_DOC_000435;STX_DOC_000565,2009.0,2013.0
dino_pre2016,transcriptomic,BIOLOGICAL_PROCESS,semantic_cooccurrence,evolution,BIOLOGICAL_PROCESS,1,STX_DOC_000184,2013.0,2013.0
dino_pre2016,transcriptomic,BIOLOGICAL_PROCESS,semantic_cooccurrence,toxicity,BIOLOGICAL_PROCESS,1,STX_DOC_000939,2014.0,2014.0
dino_pre2016,transcriptomic,BIOLOGICAL_PROCESS,semantic_cooccurrence,toxin_production,BIOLOGICAL_PROCESS,2,STX_DOC_000184;STX_DOC_000565,2013.0,2013.0
dino_pre2016,warming,ENV_FACTOR,environment_associated_with_process,biosynthesis,BIOLOGICAL_PROCESS,1,STX_DOC_000831,2014.0,2014.0
dino_pre2016,warming,ENV_FACTOR,environment_associated_with_process,expression,BIOLOGICAL_PROCESS,1,STX_DOC_000831,2014.0,2014.0
dino_pre2016,warming,ENV_FACTOR,environment_associated_with_process,gene_duplication,BIOLOGICAL_PROCESS,1,STX_DOC_000831,2014.0,2014.0
dino_pre2016,warming,ENV_FACTOR,environment_associated_with_process,harmful_algal_bloom,BIOLOGICAL_PROCESS,1,STX_DOC_000642,2015.0,2015.0
dino_pre2016,warming,ENV_FACTOR,environment_associated_with_process,regulation,BIOLOGICAL_PROCESS,1,STX_DOC_000142,2012.0,2012.0
dino_pre2016,warming,ENV_FACTOR,environment_associated_with_process,secondary_metabolism,BIOLOGICAL_PROCESS,1,STX_DOC_000142,2012.0,2012.0
dino_pre2016,warming,ENV_FACTOR,environment_associated_with_process,toxicity,BIOLOGICAL_PROCESS,3,STX_DOC_000125;STX_DOC_000142;STX_DOC_000642,2012.0,2015.0
dino_pre2016,warming,ENV_FACTOR,environment_associated_with_process,toxin_production,BIOLOGICAL_PROCESS,2,STX_DOC_000125;STX_DOC_000142,2012.0,2015.0
dino_pre2016,warming,ENV_FACTOR,environment_associated_with_process,transcriptome,BIOLOGICAL_PROCESS,1,STX_DOC_000831,2014.0,2014.0
dino_pre2016,warming,ENV_FACTOR,semantic_cooccurrence,bloom,ENV_FACTOR,2,STX_DOC_000142;STX_DOC_000642,2012.0,2015.0
dino_pre2016,warming,ENV_FACTOR,semantic_cooccurrence,harmful_algal_bloom,ENV_FACTOR,1,STX_DOC_000642,2015.0,2015.0
dino_pre2016,warming,ENV_FACTOR,semantic_cooccurrence,hplc,DETECTION_METHOD,1,STX_DOC_000142,2012.0,2012.0
