Source,Source_Type,Target,Target_Type,Hypothesis_Class,Score,Bridge_Score,Common_Neighbors,Distinct_Bridge_Types,Adamic_Adar,Jaccard,Preferential_Attachment,Degree_Source,Degree_Target,Bridge_Nodes,Bridge_Types,Training_Graph,Candidate_Status,Embedding_Source_Target_Similarity,Embedding_Bridge_Mean_Similarity,Node2Vec_Integrated_Score,ML_Probability,Final_AI_Rank_Score,Embedding_Bridge_Max_Similarity,Embedding_Coverage,Score_norm,Bridge_Score_norm,Common_Neighbors_norm,Adamic_Adar_norm,Jaccard_norm,pair_key,Temporal_Label
paralytic_shellfish_toxins,TOXIN,saxitoxin_biosynthesis,BIOLOGICAL_PROCESS,process_toxin_association,462.5661464616956,143.0,40,6,10.5803705281451,0.5405405405405406,3024,72,42,saxitoxin; biosynthesis; alexandrium; dinoflagellate; dinoflagellates; cyanobacteria; sxta; paralytic_shellfish_poisoning; alexandrium_fundyense; cyanobacterial; phylogenetic; gymnodinium; gymnodinium_catenatum; pyrodinium; evolution; toxicity; phylogeny; temperature; toxin_production; phosphate,TOXIN; BIOLOGICAL_PROCESS; DINO_TAXON; DINO_TAXON; DINO_TAXON; CYANO_TAXON; SXT_GENE; TOXIN; DINO_TAXON; CYANO_TAXON; BIOLOGICAL_PROCESS; DINO_TAXON; DINO_TAXON; DINO_TAXON; BIOLOGICAL_PROCESS; BIOLOGICAL_PROCESS; BIOLOGICAL_PROCESS; ENV_FACTOR; BIOLOGICAL_PROCESS; ENV_FACTOR,dino_pre2016,unvalidated_candidate,0.494545152872572,0.5679114327931889,0.82142466267367,0.8933302308226417,0.864568003563053,0.8550420741783743,1,0.929060465625363,0.8658536585365854,1.0,1.0,0.8421970357454229,paralytic_shellfish_toxins||saxitoxin_biosynthesis,1
gonyautoxin,TOXIN,evolution,BIOLOGICAL_PROCESS,process_toxin_association,340.80927495148893,98.0,30,7,7.523685094792083,0.4761904761904761,2142,51,42,saxitoxin; dinoflagellate; alexandrium; paralytic_shellfish_poisoning; dinoflagellates; paralytic_shellfish_toxins; toxicity; phylogenetic; cyanobacteria; gymnodinium; pyrodinium; alexandrium_catenella; mouse_bioassay; alexandrium_tamarense; alexandrium_minutum; biosynthesis; toxin_production; gymnodinium_catenatum; hplc; bloom,TOXIN; DINO_TAXON; DINO_TAXON; TOXIN; DINO_TAXON; TOXIN; BIOLOGICAL_PROCESS; BIOLOGICAL_PROCESS; CYANO_TAXON; DINO_TAXON; DINO_TAXON; DINO_TAXON; DETECTION_METHOD; DINO_TAXON; DINO_TAXON; BIOLOGICAL_PROCESS; BIOLOGICAL_PROCESS; DINO_TAXON; DETECTION_METHOD; ENV_FACTOR,dino_pre2016,unvalidated_candidate,0.4734554510269038,0.5693248629567835,0.6320195156674426,0.9223767889055563,0.8062338796103108,0.7900842979493753,1,0.6786423361041788,0.5914634146341463,0.7435897435897436,0.7047111166239052,0.7342549923195084,evolution||gonyautoxin,1
gonyautoxin,TOXIN,toxin_biosynthesis,BIOLOGICAL_PROCESS,process_toxin_association,312.56999787312884,80.0,32,7,8.1620481168923,0.5245901639344263,2142,51,42,alexandrium; paralytic_shellfish_toxins; dinoflagellate; dinoflagellates; nutrient; toxin_production; saxitoxin; paralytic_shellfish_poisoning; toxicity; alexandrium_minutum; cyanobacteria; gtx; alexandrium_catenella; alexandrium_tamarense; biosynthesis; temperature; phosphate; anabaena; bloom; light,DINO_TAXON; TOXIN; DINO_TAXON; DINO_TAXON; ENV_FACTOR; BIOLOGICAL_PROCESS; TOXIN; TOXIN; BIOLOGICAL_PROCESS; DINO_TAXON; CYANO_TAXON; TOXIN; DINO_TAXON; DINO_TAXON; BIOLOGICAL_PROCESS; ENV_FACTOR; ENV_FACTOR; CYANO_TAXON; ENV_FACTOR; ENV_FACTOR,dino_pre2016,unvalidated_candidate,0.4003930622365142,0.5668409144180091,0.5902842142574395,0.9369022496778262,0.7982550355096716,0.7900842979493753,1,0.6205624359122575,0.4817073170731707,0.7948717948717948,0.7663797142256501,0.8154415653093603,gonyautoxin||toxin_biosynthesis,1
alexandrium_tamarense,DINO_TAXON,sxtg,SXT_GENE,taxon_gene_association,260.3799690893336,62.0,29,6,7.312935364338931,0.4754098360655737,1944,54,36,saxitoxin; dinoflagellate; dinoflagellates; sxta; alexandrium; biosynthesis; paralytic_shellfish_toxins; cyanobacteria; cyanobacterial; evolution; paralytic_shellfish_poisoning; alexandrium_minutum; nutrient; toxin_production; gymnodinium; gymnodinium_catenatum; alexandrium_fundyense; gonyautoxin; sxt_genes; saxitoxin_biosynthesis,TOXIN; DINO_TAXON; DINO_TAXON; SXT_GENE; DINO_TAXON; BIOLOGICAL_PROCESS; TOXIN; CYANO_TAXON; CYANO_TAXON; BIOLOGICAL_PROCESS; TOXIN; DINO_TAXON; ENV_FACTOR; BIOLOGICAL_PROCESS; DINO_TAXON; DINO_TAXON; DINO_TAXON; TOXIN; SXT_GENE; BIOLOGICAL_PROCESS,dino_pre2016,unvalidated_candidate,0.3105706740974414,0.5157582479963959,0.4965192595798541,0.9472139477816413,0.7669360725009264,0.7570579389238076,1,0.5132228728503141,0.3719512195121951,0.717948717948718,0.6843517914875076,0.7329455314648334,alexandrium_tamarense||sxtg,1
pyrodinium_bahamense,DINO_TAXON,anabaena,CYANO_TAXON,cross_taxa_association,244.89957747806787,59.0,25,7,6.217645881891077,0.4464285714285714,1620,45,36,saxitoxin; dinoflagellates; paralytic_shellfish_toxins; alexandrium; dinoflagellate; hplc; paralytic_shellfish_poisoning; bloom; sxta; cyanobacterial; biosynthesis; gymnodinium; pyrodinium; gonyautoxin; saxitoxin_biosynthesis; lc_ms; evolution; regulation; toxicity; mass_spectrometry,TOXIN; DINO_TAXON; TOXIN; DINO_TAXON; DINO_TAXON; DETECTION_METHOD; TOXIN; ENV_FACTOR; SXT_GENE; CYANO_TAXON; BIOLOGICAL_PROCESS; DINO_TAXON; DINO_TAXON; TOXIN; BIOLOGICAL_PROCESS; DETECTION_METHOD; BIOLOGICAL_PROCESS; BIOLOGICAL_PROCESS; BIOLOGICAL_PROCESS; DETECTION_METHOD,dino_pre2016,unvalidated_candidate,0.1928630703375884,0.459455276848754,0.4406154663715725,0.9774625190062093,0.7627236979523545,0.6388918369637988,1,0.4813842532844062,0.3536585365853658,0.6153846153846154,0.57854214397961,0.6843317972350231,anabaena||pyrodinium_bahamense,1
regulation,BIOLOGICAL_PROCESS,sxt_genes,SXT_GENE,gene_process_association,230.3429382338948,54.0,25,6,6.220488724790518,0.4901960784313725,1380,46,30,saxitoxin; dinoflagellate; alexandrium; biosynthesis; dinoflagellates; cyanobacteria; paralytic_shellfish_toxins; pyrodinium; saxitoxin_biosynthesis; sxta; cyanobacterial; paralytic_shellfish_poisoning; gymnodinium; transcriptome; bloom; alexandrium_catenella; light; expression; pyrodinium_bahamense; evolution,TOXIN; DINO_TAXON; DINO_TAXON; BIOLOGICAL_PROCESS; DINO_TAXON; CYANO_TAXON; TOXIN; DINO_TAXON; BIOLOGICAL_PROCESS; SXT_GENE; CYANO_TAXON; TOXIN; DINO_TAXON; BIOLOGICAL_PROCESS; ENV_FACTOR; DINO_TAXON; ENV_FACTOR; BIOLOGICAL_PROCESS; DINO_TAXON; BIOLOGICAL_PROCESS,dino_pre2016,unvalidated_candidate,0.3885049041702297,0.4781046029236237,0.4589213799706121,0.9615096981819024,0.7604743708973862,0.6896238302107396,1,0.4514455210680901,0.3231707317073171,0.6153846153846154,0.5788167747598106,0.7577482605945605,regulation||sxt_genes,1
light,ENV_FACTOR,sxtg,SXT_GENE,environment_gene_regulation,248.5749212437373,56.0,29,6,7.287460621868691,0.5,1836,51,36,saxitoxin; dinoflagellate; dinoflagellates; alexandrium; paralytic_shellfish_toxins; biosynthesis; sxta; paralytic_shellfish_poisoning; alexandrium_minutum; nutrient; cyanobacteria; toxin_production; gymnodinium; gymnodinium_catenatum; transcriptome; alexandrium_fundyense; pyrodinium; gonyautoxin; sxt_genes; saxitoxin_biosynthesis,TOXIN; DINO_TAXON; DINO_TAXON; DINO_TAXON; TOXIN; BIOLOGICAL_PROCESS; SXT_GENE; TOXIN; DINO_TAXON; ENV_FACTOR; CYANO_TAXON; BIOLOGICAL_PROCESS; DINO_TAXON; DINO_TAXON; BIOLOGICAL_PROCESS; DINO_TAXON; DINO_TAXON; TOXIN; SXT_GENE; BIOLOGICAL_PROCESS,dino_pre2016,unvalidated_candidate,0.3129962418677851,0.4995233854060979,0.4815071053017218,0.941593517930966,0.7575589528792683,0.684974795402223,1,0.4889433561073556,0.3353658536585366,0.717948717948718,0.6818908224338228,0.774193548387097,light||sxtg,1
alexandrium_minutum,DINO_TAXON,sxt_genes,SXT_GENE,taxon_gene_association,247.1204230106919,59.0,27,6,6.810211505345947,0.45,1710,57,30,saxitoxin; dinoflagellate; alexandrium; biosynthesis; dinoflagellates; sxta; cyanobacteria; gymnodinium; gymnodinium_catenatum; paralytic_shellfish_toxins; pyrodinium; paralytic_shellfish_poisoning; phylogenetic; transcriptome; saxitoxin_biosynthesis; bloom; alexandrium_catenella; light; expression; pyrodinium_bahamense,TOXIN; DINO_TAXON; DINO_TAXON; BIOLOGICAL_PROCESS; DINO_TAXON; SXT_GENE; CYANO_TAXON; DINO_TAXON; DINO_TAXON; TOXIN; DINO_TAXON; TOXIN; BIOLOGICAL_PROCESS; BIOLOGICAL_PROCESS; BIOLOGICAL_PROCESS; ENV_FACTOR; DINO_TAXON; ENV_FACTOR; BIOLOGICAL_PROCESS; DINO_TAXON,dino_pre2016,unvalidated_candidate,0.3276519843624346,0.4708851069765317,0.4715673028310451,0.9432345834864218,0.7545676712242712,0.6415580337423074,1,0.4859518803705585,0.3536585365853658,0.6666666666666666,0.6357865170406308,0.6903225806451615,alexandrium_minutum||sxt_genes,1
gonyautoxin,TOXIN,saxitoxin_biosynthesis,BIOLOGICAL_PROCESS,process_toxin_association,335.8637697636944,96.0,31,6,7.931884881847199,0.5,2142,51,42,saxitoxin; alexandrium; dinoflagellate; dinoflagellates; paralytic_shellfish_poisoning; gymnodinium; gymnodinium_catenatum; pyrodinium; toxicity; phylogenetic; cyanobacteria; temperature; toxin_production; gtx; pyrodinium_bahamense; nutrient; biosynthesis; phosphate; anabaena; alexandrium_catenella,TOXIN; DINO_TAXON; DINO_TAXON; DINO_TAXON; TOXIN; DINO_TAXON; DINO_TAXON; DINO_TAXON; BIOLOGICAL_PROCESS; BIOLOGICAL_PROCESS; CYANO_TAXON; ENV_FACTOR; BIOLOGICAL_PROCESS; TOXIN; DINO_TAXON; ENV_FACTOR; BIOLOGICAL_PROCESS; ENV_FACTOR; CYANO_TAXON; DINO_TAXON,dino_pre2016,unvalidated_candidate,0.4008731267006585,0.5208447711815858,0.6161282069450367,0.8458101053565454,0.7539373459919418,0.7484074131751101,1,0.6684708842320681,0.5792682926829268,0.7692307692307693,0.7441449615327163,0.774193548387097,gonyautoxin||saxitoxin_biosynthesis,1
regulation,BIOLOGICAL_PROCESS,sxtg,SXT_GENE,gene_process_association,264.8736299306558,62.0,30,6,7.552199580712502,0.5769230769230769,1656,46,36,saxitoxin; dinoflagellate; dinoflagellates; alexandrium; biosynthesis; paralytic_shellfish_toxins; evolution; cyanobacteria; saxitoxin_biosynthesis; sxta; cyanobacterial; paralytic_shellfish_poisoning; alexandrium_minutum; nutrient; toxin_production; gymnodinium; transcriptome; alexandrium_fundyense; pyrodinium; gonyautoxin,TOXIN; DINO_TAXON; DINO_TAXON; DINO_TAXON; BIOLOGICAL_PROCESS; TOXIN; BIOLOGICAL_PROCESS; CYANO_TAXON; BIOLOGICAL_PROCESS; SXT_GENE; CYANO_TAXON; TOXIN; DINO_TAXON; ENV_FACTOR; BIOLOGICAL_PROCESS; DINO_TAXON; BIOLOGICAL_PROCESS; DINO_TAXON; DINO_TAXON; TOXIN,dino_pre2016,unvalidated_candidate,0.4153513737287878,0.4751246901899774,0.5237679255984848,0.9044706083195345,0.7521895352311146,0.7077064583755528,1,0.5224650135905364,0.3719512195121951,0.7435897435897436,0.7074657378929468,0.9032258064516128,regulation||sxtg,1
sxta,SXT_GENE,salinity,ENV_FACTOR,environment_gene_regulation,311.972526339978,90.0,28,6,6.957277662742626,0.4057971014492754,2242,59,38,dinoflagellate; saxitoxin; alexandrium; paralytic_shellfish_poisoning; paralytic_shellfish_toxins; pyrodinium; toxicity; dinoflagellates; alexandrium_minutum; toxin_production; bloom; light; pyrodinium_bahamense; regulation; alexandrium_tamarense; nutrient; gonyautoxin; alexandrium_catenella; lc_ms; nitrogen,DINO_TAXON; TOXIN; DINO_TAXON; TOXIN; TOXIN; DINO_TAXON; BIOLOGICAL_PROCESS; DINO_TAXON; DINO_TAXON; BIOLOGICAL_PROCESS; ENV_FACTOR; ENV_FACTOR; DINO_TAXON; BIOLOGICAL_PROCESS; DINO_TAXON; ENV_FACTOR; TOXIN; DINO_TAXON; DETECTION_METHOD; ENV_FACTOR,dino_pre2016,unvalidated_candidate,0.2644820229710961,0.4741256991973145,0.5470431660790234,0.884467096604924,0.7494975243945637,0.7074252186915401,1,0.6193336124223139,0.5426829268292683,0.6923076923076923,0.6499937367061629,0.616175783076204,salinity||sxta,1
alexandrium_fundyense,DINO_TAXON,sxt_genes,SXT_GENE,taxon_gene_association,238.1686908725422,56.0,26,6,6.631515247591861,0.490566037735849,1470,49,30,saxitoxin; biosynthesis; dinoflagellate; alexandrium; saxitoxin_biosynthesis; dinoflagellates; sxta; paralytic_shellfish_toxins; paralytic_shellfish_poisoning; phylogenetic; cyanobacteria; transcriptome; bloom; alexandrium_catenella; light; expression; cyanobacterial; evolution; toxin_biosynthesis; gene_duplication,TOXIN; BIOLOGICAL_PROCESS; DINO_TAXON; DINO_TAXON; BIOLOGICAL_PROCESS; DINO_TAXON; SXT_GENE; TOXIN; TOXIN; BIOLOGICAL_PROCESS; CYANO_TAXON; BIOLOGICAL_PROCESS; ENV_FACTOR; DINO_TAXON; ENV_FACTOR; BIOLOGICAL_PROCESS; CYANO_TAXON; BIOLOGICAL_PROCESS; BIOLOGICAL_PROCESS; BIOLOGICAL_PROCESS,dino_pre2016,unvalidated_candidate,0.4895331100538498,0.513518859931936,0.4895665899076087,0.9176492231611342,0.746416169859724,0.6682479415924459,1,0.4675407961318985,0.3353658536585366,0.6410256410256411,0.6185236944289471,0.758368837492392,alexandrium_fundyense||sxt_genes,1
anabaena,CYANO_TAXON,sxtg,SXT_GENE,cyano_gene_transfer_signal,224.8801991120008,51.0,25,6,6.280525087915277,0.5319148936170213,1296,36,36,saxitoxin; dinoflagellate; dinoflagellates; alexandrium; paralytic_shellfish_toxins; biosynthesis; cyanobacteria; sxta; cyanobacterial; evolution; paralytic_shellfish_poisoning; gymnodinium; pyrodinium; gonyautoxin; saxitoxin_biosynthesis; bloom; expression; gene_expression; toxin_biosynthesis; toxicity,TOXIN; DINO_TAXON; DINO_TAXON; DINO_TAXON; TOXIN; BIOLOGICAL_PROCESS; CYANO_TAXON; SXT_GENE; CYANO_TAXON; BIOLOGICAL_PROCESS; TOXIN; DINO_TAXON; DINO_TAXON; TOXIN; BIOLOGICAL_PROCESS; ENV_FACTOR; BIOLOGICAL_PROCESS; BIOLOGICAL_PROCESS; BIOLOGICAL_PROCESS; BIOLOGICAL_PROCESS,dino_pre2016,unvalidated_candidate,0.3914509182075347,0.4905386426863179,0.456514809305584,0.938752717759423,0.7458575543778874,0.7077064583755528,1,0.4402102708846767,0.3048780487804878,0.6153846153846154,0.584616544155651,0.8277282086479067,anabaena||sxtg,0
sxta,SXT_GENE,nitrate,ENV_FACTOR,environment_gene_regulation,316.4453137150905,94.0,27,6,6.766135118414804,0.391304347826087,2183,59,37,alexandrium; dinoflagellate; paralytic_shellfish_toxins; dinoflagellates; saxitoxin; paralytic_shellfish_poisoning; toxicity; alexandrium_tamarense; alexandrium_minutum; bloom; toxin_production; alexandrium_fundyense; light; regulation; nutrient; pyrodinium; gonyautoxin; alexandrium_catenella; nitrogen; pyrodinium_bahamense,DINO_TAXON; DINO_TAXON; TOXIN; DINO_TAXON; TOXIN; TOXIN; BIOLOGICAL_PROCESS; DINO_TAXON; DINO_TAXON; ENV_FACTOR; BIOLOGICAL_PROCESS; DINO_TAXON; ENV_FACTOR; BIOLOGICAL_PROCESS; ENV_FACTOR; DINO_TAXON; TOXIN; DINO_TAXON; ENV_FACTOR; DINO_TAXON,dino_pre2016,unvalidated_candidate,0.1450335749868359,0.4914639914730764,0.5338958253241513,0.8824297090877145,0.7430161555822892,0.7576633432965086,1,0.628532822572254,0.5670731707317073,0.6666666666666666,0.6315285495906167,0.5918653576437589,nitrate||sxta,1
nutrient,ENV_FACTOR,sxt_genes,SXT_GENE,environment_gene_regulation,229.9282810175799,54.0,25,6,6.231997651647087,0.4464285714285714,1530,51,30,saxitoxin; biosynthesis; dinoflagellate; alexandrium; dinoflagellates; cyanobacteria; paralytic_shellfish_toxins; pyrodinium; saxitoxin_biosynthesis; sxta; paralytic_shellfish_poisoning; phylogenetic; transcriptome; bloom; alexandrium_catenella; light; expression; pyrodinium_bahamense; cyanobacterial; toxin_biosynthesis,TOXIN; BIOLOGICAL_PROCESS; DINO_TAXON; DINO_TAXON; DINO_TAXON; CYANO_TAXON; TOXIN; DINO_TAXON; BIOLOGICAL_PROCESS; SXT_GENE; TOXIN; BIOLOGICAL_PROCESS; BIOLOGICAL_PROCESS; ENV_FACTOR; DINO_TAXON; ENV_FACTOR; BIOLOGICAL_PROCESS; DINO_TAXON; CYANO_TAXON; BIOLOGICAL_PROCESS,dino_pre2016,unvalidated_candidate,0.303453990216345,0.468981193485068,0.4412820889217569,0.9389304698139077,0.7398711174570474,0.6696750851002533,1,0.450592692942547,0.3231707317073171,0.6153846153846154,0.5799285863068058,0.6843317972350231,nutrient||sxt_genes,1
harmful_algal_bloom,ENV_FACTOR,sxtg,SXT_GENE,environment_gene_regulation,218.6766994757086,48.0,25,6,6.178775269769186,0.5319148936170213,1296,36,36,saxitoxin; dinoflagellate; dinoflagellates; alexandrium; paralytic_shellfish_toxins; sxta; paralytic_shellfish_poisoning; alexandrium_minutum; nutrient; gymnodinium; gymnodinium_catenatum; pyrodinium; gonyautoxin; alexandrium_fundyense; bloom; nitrogen; expression; pyrodinium_bahamense; cyanobacterial; toxin_biosynthesis,TOXIN; DINO_TAXON; DINO_TAXON; DINO_TAXON; TOXIN; SXT_GENE; TOXIN; DINO_TAXON; ENV_FACTOR; DINO_TAXON; DINO_TAXON; DINO_TAXON; TOXIN; DINO_TAXON; ENV_FACTOR; ENV_FACTOR; BIOLOGICAL_PROCESS; DINO_TAXON; CYANO_TAXON; BIOLOGICAL_PROCESS,dino_pre2016,unvalidated_candidate,0.3250192371309048,0.4463361323391044,0.4340056975636848,0.9399545826185736,0.737575028596618,0.6667360888695086,1,0.4274514938551978,0.2865853658536585,0.6153846153846154,0.5747870766362794,0.8277282086479067,harmful_algal_bloom||sxtg,1
toxin_production,BIOLOGICAL_PROCESS,sxt_genes,SXT_GENE,gene_process_association,254.9120374123609,63.0,27,6,6.778599351341765,0.4354838709677419,1770,59,30,saxitoxin; biosynthesis; dinoflagellate; alexandrium; dinoflagellates; saxitoxin_biosynthesis; sxta; cyanobacteria; gymnodinium; gymnodinium_catenatum; paralytic_shellfish_toxins; pyrodinium; cyanobacterial; paralytic_shellfish_poisoning; phylogenetic; transcriptome; bloom; alexandrium_catenella; light; expression,TOXIN; BIOLOGICAL_PROCESS; DINO_TAXON; DINO_TAXON; DINO_TAXON; BIOLOGICAL_PROCESS; SXT_GENE; CYANO_TAXON; DINO_TAXON; DINO_TAXON; TOXIN; DINO_TAXON; CYANO_TAXON; TOXIN; BIOLOGICAL_PROCESS; BIOLOGICAL_PROCESS; ENV_FACTOR; DINO_TAXON; ENV_FACTOR; BIOLOGICAL_PROCESS,dino_pre2016,unvalidated_candidate,0.2928740939696978,0.4901719898779991,0.4775486465103544,0.885553576587597,0.7223516045567,0.6794468880726133,1,0.5019769431059518,0.3780487804878049,0.6666666666666666,0.63273264778894,0.6659729448491155,sxt_genes||toxin_production,1
gene_expression,BIOLOGICAL_PROCESS,sxt_genes,SXT_GENE,gene_process_association,210.31922095885847,49.0,22,6,5.47668365016098,0.5365853658536586,990,33,30,saxitoxin; dinoflagellate; alexandrium; dinoflagellates; sxta; biosynthesis; cyanobacteria; paralytic_shellfish_toxins; cyanobacterial; paralytic_shellfish_poisoning; gymnodinium; gymnodinium_catenatum; transcriptome; saxitoxin_biosynthesis; bloom; alexandrium_catenella; light; expression; evolution; alexandrium_tamarense,TOXIN; DINO_TAXON; DINO_TAXON; DINO_TAXON; SXT_GENE; BIOLOGICAL_PROCESS; CYANO_TAXON; TOXIN; CYANO_TAXON; TOXIN; DINO_TAXON; DINO_TAXON; BIOLOGICAL_PROCESS; BIOLOGICAL_PROCESS; ENV_FACTOR; DINO_TAXON; ENV_FACTOR; BIOLOGICAL_PROCESS; BIOLOGICAL_PROCESS; DINO_TAXON,dino_pre2016,unvalidated_candidate,0.2955849385858212,0.4676669291913267,0.415780292483156,0.9209260467708019,0.7188677450557436,0.6739045027144991,1,0.4102626148067767,0.2926829268292683,0.5384615384615384,0.506962024009126,0.8355625491738791,gene_expression||sxt_genes,1
anabaena,CYANO_TAXON,sxt_genes,SXT_GENE,cyano_gene_transfer_signal,213.8359233968173,49.0,23,6,5.743543093757505,0.5348837209302325,1080,36,30,saxitoxin; dinoflagellate; alexandrium; dinoflagellates; biosynthesis; cyanobacteria; paralytic_shellfish_toxins; sxta; cyanobacterial; paralytic_shellfish_poisoning; phylogenetic; gymnodinium; pyrodinium; saxitoxin_biosynthesis; bloom; expression; evolution; toxin_biosynthesis; toxicity; alexandrium_tamarense,TOXIN; DINO_TAXON; DINO_TAXON; DINO_TAXON; BIOLOGICAL_PROCESS; CYANO_TAXON; TOXIN; SXT_GENE; CYANO_TAXON; TOXIN; BIOLOGICAL_PROCESS; DINO_TAXON; DINO_TAXON; BIOLOGICAL_PROCESS; ENV_FACTOR; BIOLOGICAL_PROCESS; BIOLOGICAL_PROCESS; BIOLOGICAL_PROCESS; BIOLOGICAL_PROCESS; DINO_TAXON,dino_pre2016,unvalidated_candidate,0.4092019073349258,0.502781243999288,0.4425691929854761,0.9029557873609385,0.7188011496107535,0.6734480104954575,1,0.4174954390053059,0.2926829268292683,0.5641025641025641,0.5327417873626432,0.8327081770442611,anabaena||sxt_genes,1
sxta,SXT_GENE,nutrients,ENV_FACTOR,environment_gene_regulation,292.9850352777138,81.0,29,5,7.2955479418872144,0.4393939393939394,2124,59,36,dinoflagellate; alexandrium; saxitoxin; toxicity; paralytic_shellfish_toxins; bloom; alexandrium_catenella; paralytic_shellfish_poisoning; dinoflagellates; toxin_production; gymnodinium; pyrodinium; alexandrium_fundyense; light; expression; pyrodinium_bahamense; regulation; alexandrium_tamarense; alexandrium_minutum; nutrient,DINO_TAXON; DINO_TAXON; TOXIN; BIOLOGICAL_PROCESS; TOXIN; ENV_FACTOR; DINO_TAXON; TOXIN; DINO_TAXON; BIOLOGICAL_PROCESS; DINO_TAXON; DINO_TAXON; DINO_TAXON; ENV_FACTOR; BIOLOGICAL_PROCESS; DINO_TAXON; BIOLOGICAL_PROCESS; DINO_TAXON; DINO_TAXON; ENV_FACTOR,dino_pre2016,unvalidated_candidate,0.2501244120700104,0.4876650637134709,0.5282637116629236,0.8298861557523307,0.7092371781165678,0.7735183631351499,1,0.580281919182037,0.4878048780487805,0.717948717948718,0.6826720921293293,0.672531769305963,nutrients||sxta,1
paralytic_shellfish_toxins,TOXIN,warming,ENV_FACTOR,environment_toxin_association,203.4613257361545,40.0,27,5,6.906338543752931,0.3648648648648648,2088,72,29,saxitoxin; dinoflagellate; alexandrium; toxicity; bloom; salinity; harmful_algal_bloom; temperature; toxin_production; transcriptome; alexandrium_fundyense; pyrodinium; gonyautoxin; gtx; light; nitrogen; expression; pyrodinium_bahamense; nitrate; paralytic_shellfish_poisoning,TOXIN; DINO_TAXON; DINO_TAXON; BIOLOGICAL_PROCESS; ENV_FACTOR; ENV_FACTOR; ENV_FACTOR; ENV_FACTOR; BIOLOGICAL_PROCESS; BIOLOGICAL_PROCESS; DINO_TAXON; DINO_TAXON; TOXIN; TOXIN; ENV_FACTOR; ENV_FACTOR; BIOLOGICAL_PROCESS; DINO_TAXON; ENV_FACTOR; TOXIN,dino_pre2016,unvalidated_candidate,0.3758221228626297,0.5250134103753938,0.4224666763154722,0.887808058773014,0.7016715057899973,0.8341122549397513,1,0.3961579382261385,0.2378048780487804,0.6666666666666666,0.6450727999939645,0.5475152571926766,paralytic_shellfish_toxins||warming,1
sxta,SXT_GENE,phosphate,ENV_FACTOR,environment_gene_regulation,250.31935026300465,67.0,25,5,6.206550131502328,0.390625,1770,59,30,alexandrium; dinoflagellate; saxitoxin; toxicity; alexandrium_minutum; paralytic_shellfish_toxins; alexandrium_fundyense; saxitoxin_biosynthesis; biosynthesis; toxin_production; light; toxin_biosynthesis; regulation; dinoflagellates; alexandrium_tamarense; nutrient; gonyautoxin; bloom; nitrogen; paralytic_shellfish_poisoning,DINO_TAXON; DINO_TAXON; TOXIN; BIOLOGICAL_PROCESS; DINO_TAXON; TOXIN; DINO_TAXON; BIOLOGICAL_PROCESS; BIOLOGICAL_PROCESS; BIOLOGICAL_PROCESS; ENV_FACTOR; BIOLOGICAL_PROCESS; BIOLOGICAL_PROCESS; DINO_TAXON; DINO_TAXON; ENV_FACTOR; TOXIN; ENV_FACTOR; ENV_FACTOR; TOXIN,dino_pre2016,unvalidated_candidate,0.3325689685299279,0.486326149941501,0.4732356447975351,0.8435768727839272,0.6954403815893704,0.7217841402111967,1,0.4925311343302117,0.4024390243902439,0.6153846153846154,0.5774702470461662,0.5907258064516131,phosphate||sxta,1
temperature,ENV_FACTOR,sxtg,SXT_GENE,environment_gene_regulation,207.47514429052111,49.0,23,5,5.720028285611432,0.4035087719298245,1584,44,36,saxitoxin; dinoflagellate; dinoflagellates; alexandrium; paralytic_shellfish_toxins; biosynthesis; saxitoxin_biosynthesis; paralytic_shellfish_poisoning; alexandrium_minutum; nutrient; toxin_production; gymnodinium; gymnodinium_catenatum; alexandrium_fundyense; pyrodinium; gonyautoxin; bloom; nitrogen; sxta; pyrodinium_bahamense,TOXIN; DINO_TAXON; DINO_TAXON; DINO_TAXON; TOXIN; BIOLOGICAL_PROCESS; BIOLOGICAL_PROCESS; TOXIN; DINO_TAXON; ENV_FACTOR; BIOLOGICAL_PROCESS; DINO_TAXON; DINO_TAXON; DINO_TAXON; DINO_TAXON; TOXIN; ENV_FACTOR; ENV_FACTOR; SXT_GENE; DINO_TAXON,dino_pre2016,unvalidated_candidate,0.1786317076353685,0.4688516875049814,0.3889933741220181,0.8960957117836181,0.6932547767189781,0.6454706073742715,1,0.4044131842927858,0.2926829268292683,0.5641025641025641,0.5304701563454339,0.6123372948500283,sxtg||temperature,1
alexandrium_fundyense,DINO_TAXON,anabaena,CYANO_TAXON,cross_taxa_association,244.6681274262937,59.0,25,7,6.250730379813551,0.4166666666666667,1764,49,36,saxitoxin; alexandrium; dinoflagellates; paralytic_shellfish_toxins; dinoflagellate; paralytic_shellfish_poisoning; biosynthesis; bloom; sxta; expression; phylogenetic; cyanobacteria; saxitoxin_biosynthesis; gene_expression; cyanobacterial; evolution; toxin_biosynthesis; regulation; alexandrium_tamarense; toxicity,TOXIN; DINO_TAXON; DINO_TAXON; TOXIN; DINO_TAXON; TOXIN; BIOLOGICAL_PROCESS; ENV_FACTOR; SXT_GENE; BIOLOGICAL_PROCESS; BIOLOGICAL_PROCESS; CYANO_TAXON; BIOLOGICAL_PROCESS; BIOLOGICAL_PROCESS; CYANO_TAXON; BIOLOGICAL_PROCESS; BIOLOGICAL_PROCESS; BIOLOGICAL_PROCESS; DINO_TAXON; BIOLOGICAL_PROCESS,dino_pre2016,unvalidated_candidate,0.3486288455350797,0.5123162204727589,0.4666036585833002,0.8414549716595376,0.6915144464290427,0.6734480104954575,1,0.4809082284956286,0.3536585365853658,0.6153846153846154,0.5817382479496118,0.6344086021505378,alexandrium_fundyense||anabaena,1
pyrodinium,DINO_TAXON,cyanobacterium,CYANO_TAXON,cross_taxa_association,270.4468062798229,66.0,28,7,7.223403139911461,0.5,1700,50,34,saxitoxin; dinoflagellates; paralytic_shellfish_poisoning; hplc; alexandrium; dinoflagellate; paralytic_shellfish_toxins; sxta; cyanobacteria; cyanobacterial; mass_spectrometry; toxin_production; saxitoxin_biosynthesis; anabaena; bloom; lc_ms; nitrogen; aphanizomenon; lyngbya; cylindrospermopsis,TOXIN; DINO_TAXON; TOXIN; DETECTION_METHOD; DINO_TAXON; DINO_TAXON; TOXIN; SXT_GENE; CYANO_TAXON; CYANO_TAXON; DETECTION_METHOD; BIOLOGICAL_PROCESS; BIOLOGICAL_PROCESS; CYANO_TAXON; ENV_FACTOR; DETECTION_METHOD; ENV_FACTOR; CYANO_TAXON; CYANO_TAXON; CYANO_TAXON,dino_pre2016,unvalidated_candidate,0.3818095197047971,0.4736644209215768,0.5133365842481051,0.771078831801838,0.6679819327803449,0.7297434930845134,1,0.5339274007194069,0.3963414634146341,0.6923076923076923,0.6757025957642943,0.774193548387097,cyanobacterium||pyrodinium,0
neosaxitoxin,TOXIN,warming,ENV_FACTOR,environment_toxin_association,167.25411264520673,32.0,21,5,5.240692686239719,0.4772727272727273,1044,36,29,saxitoxin; dinoflagellate; alexandrium; toxicity; salinity; temperature; toxin_production; alexandrium_fundyense; pyrodinium; gonyautoxin; gtx; bloom; light; nitrogen; pyrodinium_bahamense; nitrate; paralytic_shellfish_poisoning; dinoflagellates; nutrient; biosynthesis,TOXIN; DINO_TAXON; DINO_TAXON; BIOLOGICAL_PROCESS; ENV_FACTOR; ENV_FACTOR; BIOLOGICAL_PROCESS; DINO_TAXON; DINO_TAXON; TOXIN; TOXIN; ENV_FACTOR; ENV_FACTOR; ENV_FACTOR; DINO_TAXON; ENV_FACTOR; TOXIN; DINO_TAXON; ENV_FACTOR; BIOLOGICAL_PROCESS,dino_pre2016,unvalidated_candidate,0.3415037477109669,0.4840782870049703,0.3637564816239286,0.8673163050638419,0.6658923756878766,0.7237027886223215,1,0.3216903335238444,0.1890243902439024,0.5128205128205128,0.4841642877871439,0.7360703812316718,neosaxitoxin||warming,1
horizontal_gene_transfer,BIOLOGICAL_PROCESS,sxti,SXT_GENE,gene_process_association,95.31072057787004,12.0,12,5,2.9331380667127926,0.4444444444444444,350,25,14,saxitoxin; cyanobacterial; cyanobacteria; dinoflagellate; alexandrium; saxitoxin_biosynthesis; paralytic_shellfish_poisoning; sxta; phylogeny; phylogenetic; dinoflagellates; biosynthesis,TOXIN; CYANO_TAXON; CYANO_TAXON; DINO_TAXON; DINO_TAXON; BIOLOGICAL_PROCESS; TOXIN; SXT_GENE; BIOLOGICAL_PROCESS; BIOLOGICAL_PROCESS; DINO_TAXON; BIOLOGICAL_PROCESS,dino_pre2016,unvalidated_candidate,0.595285063308358,0.5184398027901815,0.2917126114798632,0.8890344940993647,0.6501057410515642,0.6538503655340352,1,0.1737239029688231,0.0670731707317073,0.282051282051282,0.261244644341203,0.6810035842293908,horizontal_gene_transfer||sxti,1
cylindrospermopsis,CYANO_TAXON,sxt_genes,SXT_GENE,cyano_gene_transfer_signal,163.39831586745595,33.0,18,6,4.449157933727971,0.45,840,28,30,saxitoxin; dinoflagellates; cyanobacteria; sxta; cyanobacterial; paralytic_shellfish_toxins; paralytic_shellfish_poisoning; phylogenetic; biosynthesis; pyrodinium; dinoflagellate; alexandrium; toxicity; gymnodinium; saxitoxin_biosynthesis; bloom; sxtu; expression,TOXIN; DINO_TAXON; CYANO_TAXON; SXT_GENE; CYANO_TAXON; TOXIN; TOXIN; BIOLOGICAL_PROCESS; BIOLOGICAL_PROCESS; DINO_TAXON; DINO_TAXON; DINO_TAXON; BIOLOGICAL_PROCESS; DINO_TAXON; BIOLOGICAL_PROCESS; ENV_FACTOR; SXT_GENE; BIOLOGICAL_PROCESS,dino_pre2016,unvalidated_candidate,0.3921495470563593,0.4534831877112255,0.3529119176367858,0.8458618853706247,0.6486818982770891,0.6632399941069355,1,0.3137600918469529,0.1951219512195122,0.4358974358974359,0.4076986460589477,0.6903225806451615,cylindrospermopsis||sxt_genes,1
sxta,SXT_GENE,alexandrium_ostenfeldii,DINO_TAXON,taxon_gene_association,248.3917038557662,69.0,22,6,5.55406088310698,0.3283582089552239,1770,59,30,alexandrium; saxitoxin; dinoflagellate; paralytic_shellfish_poisoning; dinoflagellates; toxicity; paralytic_shellfish_toxins; toxin_production; bloom; gonyautoxin; light; lc_ms; cyanobacterial; harmful_algal_bloom; mass_spectrometry; climate; alexandrium_minutum; phylogeny; phylogenetic; temperature,DINO_TAXON; TOXIN; DINO_TAXON; TOXIN; DINO_TAXON; BIOLOGICAL_PROCESS; TOXIN; BIOLOGICAL_PROCESS; ENV_FACTOR; TOXIN; ENV_FACTOR; DETECTION_METHOD; CYANO_TAXON; ENV_FACTOR; DETECTION_METHOD; ENV_FACTOR; DINO_TAXON; BIOLOGICAL_PROCESS; BIOLOGICAL_PROCESS; ENV_FACTOR,dino_pre2016,unvalidated_candidate,0.1744557357577725,0.4322228877003988,0.4283989095810981,0.7851844075549169,0.6424702083653894,0.6766597160612093,1,0.488566531743996,0.4146341463414634,0.5384615384615384,0.5144369955799798,0.486278285989408,alexandrium_ostenfeldii||sxta,1
alexandrium_catenella,DINO_TAXON,anabaena,CYANO_TAXON,cross_taxa_association,274.01140377790506,70.0,27,7,6.717566295732175,0.4576271186440678,1800,50,36,saxitoxin; alexandrium; dinoflagellates; paralytic_shellfish_toxins; dinoflagellate; alexandrium_tamarense; hplc; paralytic_shellfish_poisoning; biosynthesis; cyanobacteria; bloom; sxta; expression; evolution; phylogenetic; gymnodinium; pyrodinium; gonyautoxin; saxitoxin_biosynthesis; gene_expression,TOXIN; DINO_TAXON; DINO_TAXON; TOXIN; DINO_TAXON; DINO_TAXON; DETECTION_METHOD; TOXIN; BIOLOGICAL_PROCESS; CYANO_TAXON; ENV_FACTOR; SXT_GENE; BIOLOGICAL_PROCESS; BIOLOGICAL_PROCESS; BIOLOGICAL_PROCESS; DINO_TAXON; DINO_TAXON; TOXIN; BIOLOGICAL_PROCESS; BIOLOGICAL_PROCESS,dino_pre2016,unvalidated_candidate,0.3639950206008027,0.5095336207011054,0.5142953353247682,0.72600754627104,0.6413226618925313,0.6966156558713884,1,0.5412587309917258,0.4207317073170731,0.6666666666666666,0.6268365936371665,0.703116457080372,alexandrium_catenella||anabaena,0
regulation,BIOLOGICAL_PROCESS,sxti,SXT_GENE,gene_process_association,99.11076201298124,13.0,13,5,3.172402283086363,0.2765957446808511,644,46,14,saxitoxin; cyanobacterial; cyanobacteria; pyrodinium; dinoflagellate; alexandrium; saxitoxin_biosynthesis; paralytic_shellfish_poisoning; sxta; phylogenetic; pyrodinium_bahamense; dinoflagellates; biosynthesis,TOXIN; CYANO_TAXON; CYANO_TAXON; DINO_TAXON; DINO_TAXON; DINO_TAXON; BIOLOGICAL_PROCESS; TOXIN; SXT_GENE; BIOLOGICAL_PROCESS; DINO_TAXON; DINO_TAXON; BIOLOGICAL_PROCESS,dino_pre2016,unvalidated_candidate,0.4508056266931115,0.4764137635697527,0.2595615744819879,0.8932541587615478,0.6397771250497238,0.6248461022794276,1,0.1815394722790428,0.073170731707317,0.3076923076923077,0.2843585907466421,0.3994509265614277,regulation||sxti,1
sxtg,SXT_GENE,transcriptomic,BIOLOGICAL_PROCESS,gene_process_association,162.04556714071393,33.0,19,5,4.705710399625261,0.4634146341463415,864,36,24,alexandrium; dinoflagellate; paralytic_shellfish_toxins; saxitoxin; paralytic_shellfish_poisoning; dinoflagellates; biosynthesis; cyanobacteria; toxin_production; transcriptome; alexandrium_fundyense; bloom; nitrogen; expression; gene_expression; evolution; toxicity; alexandrium_minutum; nutrient,DINO_TAXON; DINO_TAXON; TOXIN; TOXIN; TOXIN; DINO_TAXON; BIOLOGICAL_PROCESS; CYANO_TAXON; BIOLOGICAL_PROCESS; BIOLOGICAL_PROCESS; DINO_TAXON; ENV_FACTOR; ENV_FACTOR; BIOLOGICAL_PROCESS; BIOLOGICAL_PROCESS; BIOLOGICAL_PROCESS; BIOLOGICAL_PROCESS; DINO_TAXON; ENV_FACTOR,dino_pre2016,unvalidated_candidate,0.391562795838691,0.472199227012176,0.3586929886693951,0.8267428586790001,0.6395229106751581,0.7077064583755528,1,0.3109778849648182,0.1951219512195122,0.4615384615384615,0.4324827112936529,0.7128245476003149,sxtg||transcriptomic,1
neosaxitoxin,TOXIN,toxin_biosynthesis,BIOLOGICAL_PROCESS,process_toxin_association,244.3994898542639,63.0,24,6,5.977522704909711,0.4444444444444444,1512,36,42,alexandrium; paralytic_shellfish_toxins; dinoflagellate; dinoflagellates; toxin_production; saxitoxin; paralytic_shellfish_poisoning; toxicity; gtx; alexandrium_tamarense; nutrient; cyanobacteria; temperature; alexandrium_fundyense; bloom; alexandrium_catenella; light; nitrogen; salinity; mass_spectrometry,DINO_TAXON; TOXIN; DINO_TAXON; DINO_TAXON; BIOLOGICAL_PROCESS; TOXIN; TOXIN; BIOLOGICAL_PROCESS; TOXIN; DINO_TAXON; ENV_FACTOR; CYANO_TAXON; ENV_FACTOR; DINO_TAXON; ENV_FACTOR; DINO_TAXON; ENV_FACTOR; ENV_FACTOR; ENV_FACTOR; DETECTION_METHOD,dino_pre2016,unvalidated_candidate,0.4052508458385686,0.5182933591521703,0.4788629385259372,0.7381903733408791,0.6344593994149024,0.7237027886223215,1,0.4803557198981883,0.3780487804878049,0.5897435897435898,0.5553452183065065,0.6810035842293908,neosaxitoxin||toxin_biosynthesis,1
harmful_algal_bloom,ENV_FACTOR,sxt_genes,SXT_GENE,environment_gene_regulation,190.1052846933682,43.0,20,6,4.878729303205834,0.4347826086956521,1080,36,30,saxitoxin; dinoflagellate; alexandrium; dinoflagellates; gymnodinium; paralytic_shellfish_toxins; pyrodinium; sxta; paralytic_shellfish_poisoning; gymnodinium_catenatum; bloom; alexandrium_catenella; expression; pyrodinium_bahamense; cyanobacterial; toxin_biosynthesis; toxicity; alexandrium_tamarense; biosynthesis; cyanobacteria,TOXIN; DINO_TAXON; DINO_TAXON; DINO_TAXON; DINO_TAXON; TOXIN; DINO_TAXON; SXT_GENE; TOXIN; DINO_TAXON; ENV_FACTOR; DINO_TAXON; BIOLOGICAL_PROCESS; DINO_TAXON; CYANO_TAXON; BIOLOGICAL_PROCESS; BIOLOGICAL_PROCESS; DINO_TAXON; BIOLOGICAL_PROCESS; CYANO_TAXON,dino_pre2016,unvalidated_candidate,0.2141100712205719,0.4619272637412976,0.3648864734059768,0.7971211518018441,0.6242272804434972,0.6367088652189131,1,0.3686884839418902,0.2560975609756097,0.4871794871794871,0.4491970772155725,0.664796633941094,harmful_algal_bloom||sxt_genes,1
sxtg,SXT_GENE,transcription,BIOLOGICAL_PROCESS,gene_process_association,148.8321600910238,30.0,17,5,4.179237940248735,0.4473684210526316,684,36,19,alexandrium; saxitoxin; paralytic_shellfish_toxins; dinoflagellate; gymnodinium; paralytic_shellfish_poisoning; gymnodinium_catenatum; dinoflagellates; alexandrium_fundyense; evolution; saxitoxin_biosynthesis; bloom; alexandrium_minutum; sxta; expression; gene_expression; biosynthesis,DINO_TAXON; TOXIN; TOXIN; DINO_TAXON; DINO_TAXON; TOXIN; DINO_TAXON; DINO_TAXON; DINO_TAXON; BIOLOGICAL_PROCESS; BIOLOGICAL_PROCESS; ENV_FACTOR; DINO_TAXON; SXT_GENE; BIOLOGICAL_PROCESS; BIOLOGICAL_PROCESS; BIOLOGICAL_PROCESS,dino_pre2016,unvalidated_candidate,0.3068818664524557,0.461628510694239,0.3227254876149865,0.8187395951296952,0.6203339521238117,0.7328251120819943,1,0.2838017869184089,0.1768292682926829,0.4102564102564102,0.3816232204997219,0.6859083191850596,sxtg||transcription,1
salinity,ENV_FACTOR,sxt_genes,SXT_GENE,environment_gene_regulation,163.35033094917733,36.0,18,5,4.375165474588674,0.36,1140,38,30,saxitoxin; dinoflagellate; alexandrium; dinoflagellates; paralytic_shellfish_toxins; pyrodinium; paralytic_shellfish_poisoning; cyanobacteria; toxicity; alexandrium_tamarense; gymnodinium; bloom; alexandrium_catenella; light; toxin_biosynthesis; gymnodinium_catenatum; pyrodinium_bahamense; biosynthesis,TOXIN; DINO_TAXON; DINO_TAXON; DINO_TAXON; TOXIN; DINO_TAXON; TOXIN; CYANO_TAXON; BIOLOGICAL_PROCESS; DINO_TAXON; DINO_TAXON; ENV_FACTOR; DINO_TAXON; ENV_FACTOR; BIOLOGICAL_PROCESS; DINO_TAXON; DINO_TAXON; BIOLOGICAL_PROCESS,dino_pre2016,unvalidated_candidate,0.2420722154037966,0.4668288514002495,0.327810491936426,0.8101731387456114,0.6172280800219372,0.7074252186915401,1,0.3136614009613256,0.2134146341463414,0.4358974358974359,0.4005506581112553,0.5393548387096775,salinity||sxt_genes,1
aphanizomenon,CYANO_TAXON,sxt_genes,SXT_GENE,cyano_gene_transfer_signal,175.57443632541927,37.0,19,6,4.719650595142073,0.5135135135135135,780,26,30,saxitoxin; dinoflagellate; alexandrium; dinoflagellates; cyanobacteria; paralytic_shellfish_toxins; cyanobacterial; paralytic_shellfish_poisoning; biosynthesis; pyrodinium; bloom; sxta; evolution; toxin_biosynthesis; toxicity; phylogeny; phylogenetic; gymnodinium; horizontal_gene_transfer,TOXIN; DINO_TAXON; DINO_TAXON; DINO_TAXON; CYANO_TAXON; TOXIN; CYANO_TAXON; TOXIN; BIOLOGICAL_PROCESS; DINO_TAXON; ENV_FACTOR; SXT_GENE; BIOLOGICAL_PROCESS; BIOLOGICAL_PROCESS; BIOLOGICAL_PROCESS; BIOLOGICAL_PROCESS; BIOLOGICAL_PROCESS; DINO_TAXON; BIOLOGICAL_PROCESS,dino_pre2016,unvalidated_candidate,0.4716608413571924,0.5046356493615374,0.3927699468646916,0.7661388777508727,0.6167913053964003,0.7306864872761283,1,0.3388027959842073,0.2195121951219512,0.4615384615384615,0.4338293937894335,0.7968613775065388,aphanizomenon||sxt_genes,1
transcriptomic,BIOLOGICAL_PROCESS,sxtb,SXT_GENE,gene_process_association,101.00653170572151,15.0,12,5,2.9343003356193864,0.4137931034482758,408,24,17,cyanobacteria; dinoflagellate; dinoflagellates; saxitoxin; paralytic_shellfish_toxins; transcriptome; evolution; toxin_production; bloom; paralytic_shellfish_poisoning; nutrient; biosynthesis,CYANO_TAXON; DINO_TAXON; DINO_TAXON; TOXIN; TOXIN; BIOLOGICAL_PROCESS; BIOLOGICAL_PROCESS; BIOLOGICAL_PROCESS; ENV_FACTOR; TOXIN; ENV_FACTOR; BIOLOGICAL_PROCESS,dino_pre2016,unvalidated_candidate,0.4064148497488297,0.4432141513846786,0.2610474070582876,0.8498001436961147,0.6142990490409839,0.579147923264084,1,0.1854385138244653,0.0853658536585365,0.282051282051282,0.2613569244874902,0.6295884315906564,sxtb||transcriptomic,1
nitrate,ENV_FACTOR,sxtg,SXT_GENE,environment_gene_regulation,180.6011332273442,41.0,20,5,4.913774160841911,0.3773584905660377,1332,37,36,saxitoxin; dinoflagellate; dinoflagellates; alexandrium; paralytic_shellfish_toxins; paralytic_shellfish_poisoning; alexandrium_minutum; nutrient; toxin_production; alexandrium_fundyense; pyrodinium; gonyautoxin; bloom; nitrogen; pyrodinium_bahamense; toxicity; cyanobacteria; gymnodinium; gymnodinium_catenatum; phosphorus,TOXIN; DINO_TAXON; DINO_TAXON; DINO_TAXON; TOXIN; TOXIN; DINO_TAXON; ENV_FACTOR; BIOLOGICAL_PROCESS; DINO_TAXON; DINO_TAXON; TOXIN; ENV_FACTOR; ENV_FACTOR; DINO_TAXON; BIOLOGICAL_PROCESS; CYANO_TAXON; DINO_TAXON; DINO_TAXON; ENV_FACTOR,dino_pre2016,unvalidated_candidate,0.2007152023040335,0.4528610827623249,0.347873847220757,0.7785449417731892,0.6062765039522163,0.7400257867555247,1,0.3491412353694904,0.2439024390243902,0.4871794871794871,0.4525825603164882,0.5684723067559344,nitrate||sxtg,1
alexandrium_catenella,DINO_TAXON,sxtg,SXT_GENE,taxon_gene_association,268.32879100537906,62.0,31,6,7.846213684507708,0.5636363636363636,1800,50,36,saxitoxin; dinoflagellate; dinoflagellates; sxta; alexandrium; biosynthesis; paralytic_shellfish_toxins; cyanobacteria; evolution; paralytic_shellfish_poisoning; nutrient; toxin_production; gymnodinium; gymnodinium_catenatum; transcriptome; alexandrium_fundyense; pyrodinium; gonyautoxin; sxt_genes; saxitoxin_biosynthesis,TOXIN; DINO_TAXON; DINO_TAXON; SXT_GENE; DINO_TAXON; BIOLOGICAL_PROCESS; TOXIN; CYANO_TAXON; BIOLOGICAL_PROCESS; TOXIN; ENV_FACTOR; BIOLOGICAL_PROCESS; DINO_TAXON; DINO_TAXON; BIOLOGICAL_PROCESS; DINO_TAXON; DINO_TAXON; TOXIN; SXT_GENE; BIOLOGICAL_PROCESS,dino_pre2016,unvalidated_candidate,0.4915532212746087,0.49918097871375,0.5428228040177387,0.6456938590806278,0.6045454370554721,0.7077064583755528,1,0.5295712652771534,0.3719512195121951,0.7692307692307693,0.7358687575361142,0.8809384164222874,alexandrium_catenella||sxtg,1
gymnodinium,DINO_TAXON,sxtb,SXT_GENE,taxon_gene_association,120.99169092395351,20.0,14,6,3.418922385053677,0.2153846153846154,1054,62,17,cyanobacterial; cyanobacteria; dinoflagellate; sxtg; sxta; dinoflagellates; saxitoxin; paralytic_shellfish_toxins; evolution; toxin_production; bloom; paralytic_shellfish_poisoning; nutrient; biosynthesis,CYANO_TAXON; CYANO_TAXON; DINO_TAXON; SXT_GENE; SXT_GENE; DINO_TAXON; TOXIN; TOXIN; BIOLOGICAL_PROCESS; BIOLOGICAL_PROCESS; ENV_FACTOR; TOXIN; ENV_FACTOR; BIOLOGICAL_PROCESS,dino_pre2016,unvalidated_candidate,0.281717364487144,0.5021193269669603,0.2597687198745718,0.8339345471298231,0.6042682162277225,0.7230632989122351,1,0.2265421174859078,0.1158536585365853,0.3333333333333333,0.3081734867269057,0.2967741935483872,gymnodinium||sxtb,1
sxta,SXT_GENE,transcriptomic,BIOLOGICAL_PROCESS,gene_process_association,201.28842743614905,46.0,23,5,5.727547051407856,0.3833333333333333,1416,59,24,alexandrium; dinoflagellate; paralytic_shellfish_toxins; paralytic_shellfish_poisoning; transcriptome; bloom; light; expression; gene_expression; saxitoxin; regulation; dinoflagellates; alexandrium_tamarense; biosynthesis; cyanobacteria; toxin_production; alexandrium_fundyense; alexandrium_catenella; nitrogen; evolution,DINO_TAXON; DINO_TAXON; TOXIN; TOXIN; BIOLOGICAL_PROCESS; ENV_FACTOR; ENV_FACTOR; BIOLOGICAL_PROCESS; BIOLOGICAL_PROCESS; TOXIN; BIOLOGICAL_PROCESS; DINO_TAXON; DINO_TAXON; BIOLOGICAL_PROCESS; CYANO_TAXON; BIOLOGICAL_PROCESS; DINO_TAXON; DINO_TAXON; ENV_FACTOR; BIOLOGICAL_PROCESS,dino_pre2016,unvalidated_candidate,0.4193796419992113,0.4936585533208408,0.4177820897916811,0.7254236287810844,0.602367013185323,0.674762291430037,1,0.3916889245172776,0.274390243902439,0.5641025641025641,0.5311965012719241,0.5784946236559141,sxta||transcriptomic,1
alexandrium_ostenfeldii,DINO_TAXON,cyanobacterium,CYANO_TAXON,cross_taxa_association,182.97112680026936,45.0,17,6,4.1770527618368,0.3617021276595745,1020,30,34,saxitoxin; paralytic_shellfish_poisoning; alexandrium; dinoflagellate; dinoflagellates; paralytic_shellfish_toxins; mass_spectrometry; hplc; toxin_production; mouse_bioassay; cyanobacterial; toxicity; bloom; gymnodinium; lc_ms; alexandrium_minutum; phylogenetic,TOXIN; TOXIN; DINO_TAXON; DINO_TAXON; DINO_TAXON; TOXIN; DETECTION_METHOD; DETECTION_METHOD; BIOLOGICAL_PROCESS; DETECTION_METHOD; CYANO_TAXON; BIOLOGICAL_PROCESS; ENV_FACTOR; DINO_TAXON; DETECTION_METHOD; DINO_TAXON; BIOLOGICAL_PROCESS,dino_pre2016,unvalidated_candidate,0.2375234780051693,0.4655607255834503,0.3483975590739431,0.7629813440975084,0.5971478300880823,0.6813511763089103,1,0.3540156161756644,0.2682926829268293,0.4102564102564102,0.3814121229212151,0.5422100205902541,alexandrium_ostenfeldii||cyanobacterium,0
neosaxitoxin,TOXIN,saxitoxin_biosynthesis,BIOLOGICAL_PROCESS,process_toxin_association,275.6072037877256,83.0,23,5,5.71269280295372,0.4181818181818181,1512,36,42,saxitoxin; alexandrium; dinoflagellate; dinoflagellates; paralytic_shellfish_poisoning; gymnodinium; gymnodinium_catenatum; pyrodinium; toxicity; toxin_production; gtx; pyrodinium_bahamense; nutrient; phylogenetic; cyanobacteria; temperature; alexandrium_fundyense; alexandrium_catenella; light; alexandrium_tamarense,TOXIN; DINO_TAXON; DINO_TAXON; DINO_TAXON; TOXIN; DINO_TAXON; DINO_TAXON; DINO_TAXON; BIOLOGICAL_PROCESS; BIOLOGICAL_PROCESS; TOXIN; DINO_TAXON; ENV_FACTOR; BIOLOGICAL_PROCESS; CYANO_TAXON; ENV_FACTOR; DINO_TAXON; DINO_TAXON; ENV_FACTOR; DINO_TAXON,dino_pre2016,unvalidated_candidate,0.3018331591253287,0.4838770507877982,0.5007148589403551,0.6560205747480742,0.5938982884249866,0.7237027886223215,1,0.5445408229886087,0.5,0.5641025641025641,0.5297615173538696,0.636950146627566,neosaxitoxin||saxitoxin_biosynthesis,1
nitrogen,ENV_FACTOR,sxt_genes,SXT_GENE,environment_gene_regulation,198.9404006358086,44.0,22,6,5.54037575650079,0.3859649122807017,1470,49,30,saxitoxin; dinoflagellate; alexandrium; dinoflagellates; biosynthesis; cyanobacteria; paralytic_shellfish_toxins; paralytic_shellfish_poisoning; transcriptome; pyrodinium; bloom; alexandrium_catenella; light; sxta; expression; pyrodinium_bahamense; evolution; toxin_biosynthesis; alexandrium_tamarense; toxicity,TOXIN; DINO_TAXON; DINO_TAXON; DINO_TAXON; BIOLOGICAL_PROCESS; CYANO_TAXON; TOXIN; TOXIN; BIOLOGICAL_PROCESS; DINO_TAXON; ENV_FACTOR; DINO_TAXON; ENV_FACTOR; SXT_GENE; BIOLOGICAL_PROCESS; DINO_TAXON; BIOLOGICAL_PROCESS; BIOLOGICAL_PROCESS; DINO_TAXON; BIOLOGICAL_PROCESS,dino_pre2016,unvalidated_candidate,0.3187009341293429,0.4499203053964564,0.390551773093361,0.7088169584737315,0.5815108843215833,0.6581529910149669,1,0.3868597229115384,0.2621951219512195,0.5384615384615384,0.5131149538316506,0.5829088851160159,nitrogen||sxt_genes,1
bloom,ENV_FACTOR,sxti,SXT_GENE,environment_gene_regulation,98.33751938958284,13.0,13,5,3.1839112099429334,0.1969696969696969,910,65,14,saxitoxin; cyanobacterial; cyanobacteria; pyrodinium; dinoflagellate; alexandrium; paralytic_shellfish_poisoning; sxta; phylogeny; phylogenetic; pyrodinium_bahamense; dinoflagellates; biosynthesis,TOXIN; CYANO_TAXON; CYANO_TAXON; DINO_TAXON; DINO_TAXON; DINO_TAXON; TOXIN; SXT_GENE; BIOLOGICAL_PROCESS; BIOLOGICAL_PROCESS; DINO_TAXON; DINO_TAXON; BIOLOGICAL_PROCESS,dino_pre2016,unvalidated_candidate,0.344676867674468,0.5528029131738948,0.2440462453586565,0.8043206389920907,0.580210881538717,0.749725309089433,1,0.179949139273474,0.073170731707317,0.3076923076923077,0.2854704022936373,0.2658846529814271,bloom||sxti,1
phosphate,ENV_FACTOR,sxtg,SXT_GENE,environment_gene_regulation,174.20530684989367,40.0,20,4,4.928740381468567,0.4347826086956521,1080,30,36,saxitoxin; dinoflagellate; alexandrium; paralytic_shellfish_toxins; biosynthesis; saxitoxin_biosynthesis; dinoflagellates; alexandrium_minutum; nutrient; toxin_production; alexandrium_fundyense; gonyautoxin; bloom; nitrogen; toxin_biosynthesis; paralytic_shellfish_poisoning; toxicity; gymnodinium; gymnodinium_catenatum; phosphorus,TOXIN; DINO_TAXON; DINO_TAXON; TOXIN; BIOLOGICAL_PROCESS; BIOLOGICAL_PROCESS; DINO_TAXON; DINO_TAXON; ENV_FACTOR; BIOLOGICAL_PROCESS; DINO_TAXON; TOXIN; ENV_FACTOR; ENV_FACTOR; BIOLOGICAL_PROCESS; TOXIN; BIOLOGICAL_PROCESS; DINO_TAXON; DINO_TAXON; ENV_FACTOR,dino_pre2016,unvalidated_candidate,0.3007203805391186,0.4688408910159611,0.3634652911154686,0.7198721581969632,0.5773094113643653,0.7217841402111967,1,0.3359868987122024,0.2378048780487804,0.4871794871794871,0.4540283612252057,0.664796633941094,phosphate||sxtg,1
paralytic_shellfish_toxins,TOXIN,protoceratium_reticulatum,DINO_TAXON,taxon_toxin_association,43.158410411340725,5.0,5,3,1.236739452245703,0.0684931506849315,432,72,6,alexandrium_ostenfeldii; alexandrium; toxicity; paralytic_shellfish_poisoning; alexandrium_minutum,DINO_TAXON; DINO_TAXON; BIOLOGICAL_PROCESS; TOXIN; DINO_TAXON,dino_pre2016,unvalidated_candidate,0.2640847958428748,0.5992182115483708,0.1455776556855436,0.8536856943711651,0.5704424788969166,0.7867214255633105,1,0.0664619160261302,0.024390243902439,0.1025641025641025,0.0973652843125685,0.0503756076005303,paralytic_shellfish_toxins||protoceratium_reticulatum,1
paralytic_shellfish_toxins,TOXIN,protoceratium,DINO_TAXON,taxon_toxin_association,43.158410411340725,5.0,5,3,1.236739452245703,0.0684931506849315,432,72,6,alexandrium_ostenfeldii; alexandrium; toxicity; paralytic_shellfish_poisoning; alexandrium_minutum,DINO_TAXON; DINO_TAXON; BIOLOGICAL_PROCESS; TOXIN; DINO_TAXON,dino_pre2016,unvalidated_candidate,0.2566560312563448,0.585785198451015,0.1431200396878285,0.8536856943711651,0.5694594324978305,0.7867214255633105,1,0.0664619160261302,0.024390243902439,0.1025641025641025,0.0973652843125685,0.0503756076005303,paralytic_shellfish_toxins||protoceratium,1
paralytic_shellfish_toxins,TOXIN,bloom_dynamics,BIOLOGICAL_PROCESS,process_toxin_association,37.41187942648596,4.0,4,3,0.9281619354652012,0.0555555555555555,288,72,4,alexandrium; paralytic_shellfish_poisoning; bloom; dinoflagellates,DINO_TAXON; TOXIN; ENV_FACTOR; DINO_TAXON,dino_pre2016,unvalidated_candidate,0.7631959233289725,0.774371021643192,0.2276722268054314,0.787935364378022,0.5638301093489857,0.8550420741783743,1,0.0546429893190472,0.0182926829268292,0.0769230769230769,0.0675553767012611,0.028673835125448,bloom_dynamics||paralytic_shellfish_toxins,1
transcriptomic,BIOLOGICAL_PROCESS,sxti,SXT_GENE,gene_process_association,60.51534003664286,7.0,7,4,1.6286377602569135,0.2258064516129032,336,24,14,saxitoxin; cyanobacteria; dinoflagellate; alexandrium; paralytic_shellfish_poisoning; dinoflagellates; biosynthesis,TOXIN; CYANO_TAXON; DINO_TAXON; DINO_TAXON; TOXIN; DINO_TAXON; BIOLOGICAL_PROCESS,dino_pre2016,unvalidated_candidate,0.1499172111785612,0.4883241875762011,0.1531828039772753,0.833304205458697,0.5612556448661283,0.6248461022794276,1,0.1021600232219498,0.0365853658536585,0.1538461538461538,0.1352243366399352,0.3142559833506764,sxti||transcriptomic,1
pyrodinium_bahamense,DINO_TAXON,cylindrospermopsis,CYANO_TAXON,cross_taxa_association,180.84020702569453,38.0,19,7,4.66084425358803,0.3518518518518518,1260,45,28,paralytic_shellfish_poisoning; dinoflagellates; paralytic_shellfish_toxins; saxitoxin; toxicity; sxta; cyanobacterial; biosynthesis; pyrodinium; saxitoxin_biosynthesis; bloom; lc_ms; dinoflagellate; alexandrium; mass_spectrometry; phylogenetic; cyanobacteria; gymnodinium; hplc,TOXIN; DINO_TAXON; TOXIN; TOXIN; BIOLOGICAL_PROCESS; SXT_GENE; CYANO_TAXON; BIOLOGICAL_PROCESS; DINO_TAXON; BIOLOGICAL_PROCESS; ENV_FACTOR; DETECTION_METHOD; DINO_TAXON; DINO_TAXON; DETECTION_METHOD; BIOLOGICAL_PROCESS; CYANO_TAXON; DINO_TAXON; DETECTION_METHOD,dino_pre2016,unvalidated_candidate,0.2344773047986,0.4285596848109654,0.3410361625043258,0.704336840071486,0.5590165690446219,0.6632399941069355,1,0.3496329399661825,0.2256097560975609,0.4615384615384615,0.4281484497369477,0.5256869772998806,cylindrospermopsis||pyrodinium_bahamense,1
alexandrium_fundyense,DINO_TAXON,cyanobacterium,CYANO_TAXON,cross_taxa_association,223.32651027429608,54.0,22,7,5.359976448623445,0.360655737704918,1666,49,34,saxitoxin; dinoflagellates; paralytic_shellfish_poisoning; alexandrium; dinoflagellate; paralytic_shellfish_toxins; sxta; expression; cyanobacteria; toxin_production; saxitoxin_biosynthesis; bloom; nitrogen; cyanobacterial; toxicity; alexandrium_tamarense; alexandrium_minutum; phylogenetic; biosynthesis; gymnodinium,TOXIN; DINO_TAXON; TOXIN; DINO_TAXON; DINO_TAXON; TOXIN; SXT_GENE; BIOLOGICAL_PROCESS; CYANO_TAXON; BIOLOGICAL_PROCESS; BIOLOGICAL_PROCESS; ENV_FACTOR; ENV_FACTOR; CYANO_TAXON; BIOLOGICAL_PROCESS; DINO_TAXON; DINO_TAXON; BIOLOGICAL_PROCESS; BIOLOGICAL_PROCESS; DINO_TAXON,dino_pre2016,unvalidated_candidate,0.2795806401151907,0.4838852528933136,0.4157069139295423,0.6485051564116628,0.5553858594188146,0.6649947074607494,1,0.4370147892024512,0.3231707317073171,0.5384615384615384,0.4956876092957467,0.5404547858276045,alexandrium_fundyense||cyanobacterium,0
temperature,ENV_FACTOR,sxt_genes,SXT_GENE,environment_gene_regulation,186.74773502356203,46.0,19,5,4.646594784508284,0.3454545454545454,1320,44,30,saxitoxin; dinoflagellate; alexandrium; dinoflagellates; saxitoxin_biosynthesis; biosynthesis; gymnodinium; gymnodinium_catenatum; paralytic_shellfish_toxins; pyrodinium; paralytic_shellfish_poisoning; bloom; alexandrium_catenella; light; sxta; pyrodinium_bahamense; toxin_biosynthesis; toxicity; alexandrium_tamarense,TOXIN; DINO_TAXON; DINO_TAXON; DINO_TAXON; BIOLOGICAL_PROCESS; BIOLOGICAL_PROCESS; DINO_TAXON; DINO_TAXON; TOXIN; DINO_TAXON; TOXIN; ENV_FACTOR; DINO_TAXON; ENV_FACTOR; SXT_GENE; DINO_TAXON; BIOLOGICAL_PROCESS; BIOLOGICAL_PROCESS; DINO_TAXON,dino_pre2016,unvalidated_candidate,0.2402510278750085,0.4849006992653151,0.3610083892932533,0.6842241665679747,0.5549378556580861,0.7733592329427716,1,0.3617829902505806,0.274390243902439,0.4615384615384615,0.4267718900925211,0.5149560117302053,sxt_genes||temperature,1
salinity,ENV_FACTOR,sxtg,SXT_GENE,environment_gene_regulation,176.44914533491,39.0,20,5,4.872720815603145,0.3703703703703703,1368,38,36,saxitoxin; dinoflagellate; alexandrium; paralytic_shellfish_toxins; dinoflagellates; paralytic_shellfish_poisoning; alexandrium_minutum; nutrient; toxin_production; pyrodinium; gonyautoxin; bloom; nitrogen; pyrodinium_bahamense; toxin_biosynthesis; toxicity; biosynthesis; cyanobacteria; gymnodinium; gymnodinium_catenatum,TOXIN; DINO_TAXON; DINO_TAXON; TOXIN; DINO_TAXON; TOXIN; DINO_TAXON; ENV_FACTOR; BIOLOGICAL_PROCESS; DINO_TAXON; TOXIN; ENV_FACTOR; ENV_FACTOR; DINO_TAXON; BIOLOGICAL_PROCESS; BIOLOGICAL_PROCESS; BIOLOGICAL_PROCESS; CYANO_TAXON; DINO_TAXON; DINO_TAXON,dino_pre2016,unvalidated_candidate,0.2823922019916388,0.4570813026231652,0.3545334974291656,0.6773001478592241,0.5481934876872007,0.6787131315866244,1,0.3406018155493054,0.2317073170731707,0.4871794871794871,0.4486166316206096,0.5567502986857825,salinity||sxtg,1
sxtb,SXT_GENE,gene_loss,BIOLOGICAL_PROCESS,gene_process_association,39.05860426168277,4.0,4,3,0.9766705518940162,0.2105263157894736,102,17,6,saxitoxin; evolution; cyanobacteria; biosynthesis,TOXIN; BIOLOGICAL_PROCESS; CYANO_TAXON; BIOLOGICAL_PROCESS,dino_pre2016,unvalidated_candidate,0.4160922191361124,0.5296953229292718,0.165322039230459,0.7996708424036311,0.5459313211343622,0.6940979592919736,1,0.0580298187271229,0.0182926829268292,0.0769230769230769,0.0722415164731484,0.2886247877758913,gene_loss||sxtb,1
nutrient,ENV_FACTOR,sxti,SXT_GENE,environment_gene_regulation,98.84480456617273,13.0,13,5,3.172402283086363,0.25,714,51,14,saxitoxin; cyanobacterial; cyanobacteria; pyrodinium; dinoflagellate; alexandrium; saxitoxin_biosynthesis; paralytic_shellfish_poisoning; sxta; phylogenetic; pyrodinium_bahamense; dinoflagellates; biosynthesis,TOXIN; CYANO_TAXON; CYANO_TAXON; DINO_TAXON; DINO_TAXON; DINO_TAXON; BIOLOGICAL_PROCESS; TOXIN; SXT_GENE; BIOLOGICAL_PROCESS; DINO_TAXON; DINO_TAXON; BIOLOGICAL_PROCESS,dino_pre2016,unvalidated_candidate,0.2828252942204018,0.4804433899162806,0.2323454276731165,0.7541260787269662,0.5454138183054263,0.6248461022794276,1,0.180992475912136,0.073170731707317,0.3076923076923077,0.2843585907466421,0.3548387096774194,nutrient||sxti,1
transcriptomic,BIOLOGICAL_PROCESS,sxtu,SXT_GENE,gene_process_association,69.9460034751853,10.0,8,4,1.891920656511564,0.2162162162162162,504,24,21,saxitoxin; cyanobacteria; paralytic_shellfish_toxins; dinoflagellate; paralytic_shellfish_poisoning; expression; dinoflagellates; biosynthesis,TOXIN; CYANO_TAXON; TOXIN; DINO_TAXON; TOXIN; BIOLOGICAL_PROCESS; DINO_TAXON; BIOLOGICAL_PROCESS,dino_pre2016,unvalidated_candidate,0.1561438447241926,0.4541253295493004,0.1641858981624951,0.791962936777418,0.5408521213314488,0.674762291430037,1,0.1215561285023458,0.0548780487804878,0.1794871794871795,0.1606585902267619,0.2981691368788143,sxtu||transcriptomic,1
pyrodinium_bahamense,DINO_TAXON,aphanizomenon,CYANO_TAXON,cross_taxa_association,190.9664883034708,43.0,19,7,4.656321074812319,0.3653846153846153,1170,45,26,saxitoxin; paralytic_shellfish_toxins; dinoflagellate; paralytic_shellfish_poisoning; alexandrium; dinoflagellates; hplc; cyanobacterial; mass_spectrometry; biosynthesis; pyrodinium; bloom; sxta; evolution; toxicity; phylogeny; phylogenetic; cyanobacteria; gymnodinium,TOXIN; TOXIN; DINO_TAXON; TOXIN; DINO_TAXON; DINO_TAXON; DETECTION_METHOD; CYANO_TAXON; DETECTION_METHOD; BIOLOGICAL_PROCESS; DINO_TAXON; ENV_FACTOR; SXT_GENE; BIOLOGICAL_PROCESS; BIOLOGICAL_PROCESS; BIOLOGICAL_PROCESS; BIOLOGICAL_PROCESS; CYANO_TAXON; DINO_TAXON,dino_pre2016,unvalidated_candidate,0.3164807588053618,0.4682124456174883,0.3718238990504109,0.6511297887795264,0.5394074328878802,0.7306864872761283,1,0.3704597268664483,0.2560975609756097,0.4615384615384615,0.4277114913259133,0.5483870967741936,aphanizomenon||pyrodinium_bahamense,1
neosaxitoxin,TOXIN,alexandrium_tamiyavanichii,DINO_TAXON,taxon_toxin_association,191.00049747644024,43.0,20,6,4.936146174117548,0.5128205128205128,828,36,23,alexandrium; dinoflagellate; toxicity; hplc; saxitoxin; paralytic_shellfish_poisoning; dinoflagellates; paralytic_shellfish_toxins; pyrodinium; gonyautoxin; gtx; alexandrium_catenella; light; pyrodinium_bahamense; nitrate; alexandrium_minutum; biosynthesis; cyanobacteria; temperature; toxin_production,DINO_TAXON; DINO_TAXON; BIOLOGICAL_PROCESS; DETECTION_METHOD; TOXIN; TOXIN; DINO_TAXON; TOXIN; DINO_TAXON; TOXIN; TOXIN; DINO_TAXON; ENV_FACTOR; DINO_TAXON; ENV_FACTOR; DINO_TAXON; BIOLOGICAL_PROCESS; CYANO_TAXON; ENV_FACTOR; BIOLOGICAL_PROCESS,dino_pre2016,unvalidated_candidate,0.5984412616782792,0.5399865258323142,0.4375316091554118,0.6054543991804928,0.5382852831704604,0.7237027886223215,1,0.3705296737480981,0.2560975609756097,0.4871794871794871,0.454743792462575,0.7956989247311829,alexandrium_tamiyavanichii||neosaxitoxin,0
transcriptomic,BIOLOGICAL_PROCESS,sxtd,SXT_GENE,gene_process_association,54.7783974023693,6.0,6,4,1.421456765700777,0.1935483870967742,312,24,13,saxitoxin; cyanobacteria; paralytic_shellfish_toxins; paralytic_shellfish_poisoning; expression; dinoflagellates,TOXIN; CYANO_TAXON; TOXIN; TOXIN; BIOLOGICAL_PROCESS; DINO_TAXON,dino_pre2016,unvalidated_candidate,0.1526454620796854,0.458605737906809,0.1387192933157996,0.7996025435748212,0.5352492434712125,0.674762291430037,1,0.0903608169362932,0.0304878048780487,0.1282051282051282,0.1152097666512526,0.2601456815816858,sxtd||transcriptomic,1
toxin_production,BIOLOGICAL_PROCESS,sxti,SXT_GENE,gene_process_association,104.2757965486562,14.0,14,5,3.451457596361987,0.2372881355932203,826,59,14,saxitoxin; cyanobacterial; cyanobacteria; pyrodinium; dinoflagellate; alexandrium; saxitoxin_biosynthesis; paralytic_shellfish_poisoning; sxta; phylogeny; phylogenetic; pyrodinium_bahamense; dinoflagellates; biosynthesis,TOXIN; CYANO_TAXON; CYANO_TAXON; DINO_TAXON; DINO_TAXON; DINO_TAXON; BIOLOGICAL_PROCESS; TOXIN; SXT_GENE; BIOLOGICAL_PROCESS; BIOLOGICAL_PROCESS; DINO_TAXON; DINO_TAXON; BIOLOGICAL_PROCESS,dino_pre2016,unvalidated_candidate,0.3307490530476211,0.5000923636810113,0.2494078830195309,0.7221342349143522,0.5330436941564237,0.6248461022794276,1,0.1921624315526606,0.0792682926829268,0.3333333333333333,0.3113165272612068,0.3335155822854018,sxti||toxin_production,1
alexandrium,DINO_TAXON,sxtd,SXT_GENE,taxon_gene_association,97.73233161395372,12.0,12,6,3.116165806976866,0.15,1027,79,13,saxitoxin; cyanobacteria; paralytic_shellfish_toxins; mass_spectrometry; dinoflagellates; cyanobacterium; lc_ms; paralytic_shellfish_poisoning; sxta; expression; lc_ms_ms; cylindrospermopsis,TOXIN; CYANO_TAXON; TOXIN; DETECTION_METHOD; DINO_TAXON; CYANO_TAXON; DETECTION_METHOD; TOXIN; SXT_GENE; BIOLOGICAL_PROCESS; DETECTION_METHOD; CYANO_TAXON,dino_pre2016,unvalidated_candidate,0.3277627895885471,0.5420505406665779,0.2309931936771987,0.7334141720682195,0.5324457807118111,0.8275950372496653,1,0.1787044457387077,0.0670731707317073,0.282051282051282,0.2789259066849511,0.1870967741935484,alexandrium||sxtd,1
saxitoxin,TOXIN,protoceratium,DINO_TAXON,taxon_toxin_association,43.09076285510869,5.0,5,3,1.236739452245703,0.0617283950617283,480,80,6,alexandrium_ostenfeldii; alexandrium; toxicity; paralytic_shellfish_poisoning; alexandrium_minutum,DINO_TAXON; DINO_TAXON; BIOLOGICAL_PROCESS; TOXIN; DINO_TAXON,dino_pre2016,unvalidated_candidate,0.2298967987567984,0.5817690094445503,0.1380884734063788,0.7942958874603144,0.5318129218387402,0.7765837340823588,1,0.0663227848683715,0.024390243902439,0.1025641025641025,0.0973652843125685,0.0390282755874153,protoceratium||saxitoxin,1
saxitoxin,TOXIN,protoceratium_reticulatum,DINO_TAXON,taxon_toxin_association,43.09076285510869,5.0,5,3,1.236739452245703,0.0617283950617283,480,80,6,alexandrium_ostenfeldii; alexandrium; toxicity; paralytic_shellfish_poisoning; alexandrium_minutum,DINO_TAXON; DINO_TAXON; BIOLOGICAL_PROCESS; TOXIN; DINO_TAXON,dino_pre2016,unvalidated_candidate,0.2989111972980794,0.5952020225419062,0.1497839344973065,0.7839640037151309,0.5302919760280012,0.7765837340823588,1,0.0663227848683715,0.024390243902439,0.1025641025641025,0.0973652843125685,0.0390282755874153,protoceratium_reticulatum||saxitoxin,1
gymnodinium_catenatum,DINO_TAXON,sxti,SXT_GENE,taxon_gene_association,104.35905554360116,14.0,14,5,3.451457596361987,0.2456140350877192,798,57,14,saxitoxin; cyanobacterial; cyanobacteria; pyrodinium; dinoflagellate; alexandrium; saxitoxin_biosynthesis; paralytic_shellfish_poisoning; sxta; phylogeny; phylogenetic; pyrodinium_bahamense; dinoflagellates; biosynthesis,TOXIN; CYANO_TAXON; CYANO_TAXON; DINO_TAXON; DINO_TAXON; DINO_TAXON; BIOLOGICAL_PROCESS; TOXIN; SXT_GENE; BIOLOGICAL_PROCESS; BIOLOGICAL_PROCESS; DINO_TAXON; DINO_TAXON; BIOLOGICAL_PROCESS,dino_pre2016,unvalidated_candidate,0.3777655450536863,0.5199586505197705,0.2592052205081977,0.7071258943300704,0.5279576248013214,0.7022444341839541,1,0.1923336708553901,0.0792682926829268,0.3333333333333333,0.3113165272612068,0.3474816072439162,gymnodinium_catenatum||sxti,1
horizontal_gene_transfer,BIOLOGICAL_PROCESS,sxtd,SXT_GENE,gene_process_association,54.69177012140656,6.0,6,4,1.4083850607032786,0.1875,325,25,13,saxitoxin; cyanobacteria; paralytic_shellfish_toxins; paralytic_shellfish_poisoning; sxta; dinoflagellates,TOXIN; CYANO_TAXON; TOXIN; TOXIN; SXT_GENE; DINO_TAXON,dino_pre2016,unvalidated_candidate,0.0833474109983646,0.4302005677670386,0.1249144261532626,0.7864056527004728,0.5218091620815887,0.586002076327088,1,0.0901826500583575,0.0304878048780487,0.1282051282051282,0.1139469840533394,0.2500000000000001,horizontal_gene_transfer||sxtd,1
alexandrium_fundyense,DINO_TAXON,aphanizomenon,CYANO_TAXON,cross_taxa_association,179.02251675720444,39.0,18,7,4.432311010181171,0.3157894736842105,1274,49,26,saxitoxin; paralytic_shellfish_toxins; dinoflagellate; paralytic_shellfish_poisoning; alexandrium; dinoflagellates; cyanobacteria; biosynthesis; cyanobacterial; toxicity; evolution; gymnodinium; bloom; horizontal_gene_transfer; toxin_biosynthesis; hplc; sxta; phylogenetic,TOXIN; TOXIN; DINO_TAXON; TOXIN; DINO_TAXON; DINO_TAXON; CYANO_TAXON; BIOLOGICAL_PROCESS; CYANO_TAXON; BIOLOGICAL_PROCESS; BIOLOGICAL_PROCESS; DINO_TAXON; ENV_FACTOR; BIOLOGICAL_PROCESS; BIOLOGICAL_PROCESS; DETECTION_METHOD; SXT_GENE; BIOLOGICAL_PROCESS,dino_pre2016,unvalidated_candidate,0.2387887174891282,0.5057069732647678,0.3424379157617557,0.6366126859622051,0.5189427778820254,0.7306864872761283,1,0.3458944848676052,0.2317073170731707,0.4358974358974359,0.4060711612061802,0.4651952461799661,alexandrium_fundyense||aphanizomenon,1
alexandrium_minutum,DINO_TAXON,sxti,SXT_GENE,taxon_gene_association,98.58618387651757,13.0,13,5,3.172402283086363,0.2241379310344827,798,57,14,saxitoxin; cyanobacterial; cyanobacteria; pyrodinium; dinoflagellate; alexandrium; saxitoxin_biosynthesis; paralytic_shellfish_poisoning; sxta; phylogenetic; pyrodinium_bahamense; dinoflagellates; biosynthesis,TOXIN; CYANO_TAXON; CYANO_TAXON; DINO_TAXON; DINO_TAXON; DINO_TAXON; BIOLOGICAL_PROCESS; TOXIN; SXT_GENE; BIOLOGICAL_PROCESS; DINO_TAXON; DINO_TAXON; BIOLOGICAL_PROCESS,dino_pre2016,unvalidated_candidate,0.2764515227915302,0.4871066400993466,0.2297004428409605,0.7012769404120673,0.5126463413836246,0.6391406105512613,1,0.1804605691001785,0.073170731707317,0.3076923076923077,0.2843585907466421,0.3114571746384872,alexandrium_minutum||sxti,1
nitrogen,ENV_FACTOR,sxtb,SXT_GENE,environment_gene_regulation,127.2901541720554,19.0,16,6,4.045077086027696,0.32,833,49,17,cyanobacteria; dinoflagellate; dinoflagellates; saxitoxin; paralytic_shellfish_toxins; transcriptome; climate; evolution; toxin_production; bloom; sxtg; toxin_biosynthesis; paralytic_shellfish_poisoning; sxta; nutrient; biosynthesis,CYANO_TAXON; DINO_TAXON; DINO_TAXON; TOXIN; TOXIN; BIOLOGICAL_PROCESS; ENV_FACTOR; BIOLOGICAL_PROCESS; BIOLOGICAL_PROCESS; ENV_FACTOR; SXT_GENE; BIOLOGICAL_PROCESS; TOXIN; SXT_GENE; ENV_FACTOR; BIOLOGICAL_PROCESS,dino_pre2016,unvalidated_candidate,0.3529537068991941,0.4485839792529973,0.2848815567627266,0.6580050455547821,0.5087556500379599,0.6975331974157339,1,0.2394962067778241,0.1097560975609756,0.3846153846153846,0.3686627083045705,0.4722580645161292,nitrogen||sxtb,1
alexandrium_ostenfeldii,DINO_TAXON,anabaena,CYANO_TAXON,cross_taxa_association,178.85386449717652,43.0,17,6,4.192238371037238,0.3469387755102041,1080,30,36,saxitoxin; alexandrium; dinoflagellate; dinoflagellates; paralytic_shellfish_toxins; paralytic_shellfish_poisoning; hplc; bloom; cyanobacterial; gonyautoxin; toxicity; mass_spectrometry; gymnodinium; lc_ms; alexandrium_minutum; phylogeny; phylogenetic,TOXIN; DINO_TAXON; DINO_TAXON; DINO_TAXON; TOXIN; TOXIN; DETECTION_METHOD; ENV_FACTOR; CYANO_TAXON; TOXIN; BIOLOGICAL_PROCESS; DETECTION_METHOD; DINO_TAXON; DETECTION_METHOD; DINO_TAXON; BIOLOGICAL_PROCESS; BIOLOGICAL_PROCESS,dino_pre2016,unvalidated_candidate,0.2300058520851959,0.4511361880518643,0.3391864205925074,0.6170462963388665,0.5059023460403229,0.6635670342449081,1,0.3455476166952231,0.2560975609756097,0.4102564102564102,0.3828791177042747,0.5174456879526005,alexandrium_ostenfeldii||anabaena,0
bloom,ENV_FACTOR,sxtd,SXT_GENE,environment_gene_regulation,92.2448066978416,11.0,11,6,2.801507826532741,0.1641791044776119,845,65,13,saxitoxin; cyanobacteria; paralytic_shellfish_toxins; mass_spectrometry; dinoflagellates; cyanobacterium; lc_ms; paralytic_shellfish_poisoning; sxta; expression; cylindrospermopsis,TOXIN; CYANO_TAXON; TOXIN; DETECTION_METHOD; DINO_TAXON; CYANO_TAXON; DETECTION_METHOD; TOXIN; SXT_GENE; BIOLOGICAL_PROCESS; CYANO_TAXON,dino_pre2016,unvalidated_candidate,0.2735145728938679,0.5254157697233531,0.2133658537024203,0.6977517551969666,0.503997394599148,0.7851909076573138,1,0.1674182184551946,0.0609756097560975,0.2564102564102564,0.2485286002834219,0.2108810784785748,bloom||sxtd,0
biosynthesis,BIOLOGICAL_PROCESS,sxtd,SXT_GENE,gene_process_association,92.33456719124504,11.0,11,6,2.846388073234459,0.1641791044776119,845,65,13,saxitoxin; cyanobacteria; paralytic_shellfish_toxins; mass_spectrometry; dinoflagellates; cyanobacterium; paralytic_shellfish_poisoning; sxta; expression; sxtu; cylindrospermopsis,TOXIN; CYANO_TAXON; TOXIN; DETECTION_METHOD; DINO_TAXON; CYANO_TAXON; TOXIN; SXT_GENE; BIOLOGICAL_PROCESS; SXT_GENE; CYANO_TAXON,dino_pre2016,unvalidated_candidate,0.2720718996537907,0.5097591145127618,0.2116484010368886,0.6977517551969666,0.5033104135329354,0.7888109670799218,1,0.1676028294310203,0.0609756097560975,0.2564102564102564,0.2528642240246115,0.2108810784785748,biosynthesis||sxtd,1
sxt_genes,SXT_GENE,transcriptomic,BIOLOGICAL_PROCESS,gene_process_association,143.04960831192403,29.0,16,5,3.9195409980672817,0.4210526315789473,720,30,24,alexandrium; dinoflagellate; saxitoxin; cyanobacteria; paralytic_shellfish_toxins; paralytic_shellfish_poisoning; dinoflagellates; biosynthesis; transcriptome; toxicity; alexandrium_tamarense; evolution; bloom; alexandrium_catenella; light; expression,DINO_TAXON; DINO_TAXON; TOXIN; CYANO_TAXON; TOXIN; TOXIN; DINO_TAXON; BIOLOGICAL_PROCESS; BIOLOGICAL_PROCESS; BIOLOGICAL_PROCESS; DINO_TAXON; BIOLOGICAL_PROCESS; ENV_FACTOR; DINO_TAXON; ENV_FACTOR; BIOLOGICAL_PROCESS,dino_pre2016,unvalidated_candidate,0.2976028371557237,0.4675136519802683,0.3104867967617158,0.6303078492065015,0.5023794282285872,0.674762291430037,1,0.2719087760154459,0.1707317073170731,0.3846153846153846,0.356535385410055,0.6417657045840408,sxt_genes||transcriptomic,1
light,ENV_FACTOR,sxti,SXT_GENE,environment_gene_regulation,98.84480456617273,13.0,13,5,3.172402283086363,0.25,714,51,14,saxitoxin; cyanobacterial; cyanobacteria; pyrodinium; dinoflagellate; alexandrium; saxitoxin_biosynthesis; paralytic_shellfish_poisoning; sxta; phylogenetic; pyrodinium_bahamense; dinoflagellates; biosynthesis,TOXIN; CYANO_TAXON; CYANO_TAXON; DINO_TAXON; DINO_TAXON; DINO_TAXON; BIOLOGICAL_PROCESS; TOXIN; SXT_GENE; BIOLOGICAL_PROCESS; DINO_TAXON; DINO_TAXON; BIOLOGICAL_PROCESS,dino_pre2016,unvalidated_candidate,0.3604263303489767,0.5108238638114536,0.24702363048192,0.6663893121650951,0.49864303949182504,0.684974795402223,1,0.180992475912136,0.073170731707317,0.3076923076923077,0.2843585907466421,0.3548387096774194,light||sxti,0
gymnodinium,DINO_TAXON,sxti,SXT_GENE,taxon_gene_association,104.160979708853,14.0,14,5,3.451457596361987,0.2258064516129032,868,62,14,saxitoxin; cyanobacterial; cyanobacteria; pyrodinium; dinoflagellate; alexandrium; saxitoxin_biosynthesis; paralytic_shellfish_poisoning; sxta; phylogeny; phylogenetic; pyrodinium_bahamense; dinoflagellates; biosynthesis,TOXIN; CYANO_TAXON; CYANO_TAXON; DINO_TAXON; DINO_TAXON; DINO_TAXON; BIOLOGICAL_PROCESS; TOXIN; SXT_GENE; BIOLOGICAL_PROCESS; BIOLOGICAL_PROCESS; DINO_TAXON; DINO_TAXON; BIOLOGICAL_PROCESS,dino_pre2016,unvalidated_candidate,0.4286957762434901,0.5357058967493141,0.2666156142761959,0.6509215551964382,0.4971991788283413,0.7230632989122351,1,0.1919262870303481,0.0792682926829268,0.3333333333333333,0.3113165272612068,0.3142559833506764,gymnodinium||sxti,1
gymnodinium_catenatum,DINO_TAXON,sxtb,SXT_GENE,taxon_gene_association,121.17117810344068,20.0,14,6,3.418922385053677,0.2333333333333333,969,57,17,cyanobacterial; cyanobacteria; dinoflagellate; sxtg; sxta; dinoflagellates; saxitoxin; paralytic_shellfish_toxins; evolution; toxin_production; bloom; paralytic_shellfish_poisoning; nutrient; biosynthesis,CYANO_TAXON; CYANO_TAXON; DINO_TAXON; SXT_GENE; SXT_GENE; DINO_TAXON; TOXIN; TOXIN; BIOLOGICAL_PROCESS; BIOLOGICAL_PROCESS; ENV_FACTOR; TOXIN; ENV_FACTOR; BIOLOGICAL_PROCESS,dino_pre2016,unvalidated_candidate,0.2611688152874689,0.4804633788659178,0.2561554223755752,0.6497653422294819,0.4923213742879192,0.7022444341839541,1,0.2269112699058305,0.1158536585365853,0.3333333333333333,0.3081734867269057,0.3268817204301076,gymnodinium_catenatum||sxtb,1
toxin_production,BIOLOGICAL_PROCESS,sxtu,SXT_GENE,gene_process_association,130.18182437378923,19.0,17,6,4.241705837688273,0.2698412698412698,1239,59,21,saxitoxin; cyanobacteria; cyanobacterial; paralytic_shellfish_toxins; dinoflagellate; mass_spectrometry; saxitoxin_biosynthesis; gymnodinium; dinoflagellates; cyanobacterium; lc_ms; paralytic_shellfish_poisoning; gymnodinium_catenatum; sxta; expression; phylogenetic; biosynthesis,TOXIN; CYANO_TAXON; CYANO_TAXON; TOXIN; DINO_TAXON; DETECTION_METHOD; BIOLOGICAL_PROCESS; DINO_TAXON; DINO_TAXON; CYANO_TAXON; DETECTION_METHOD; TOXIN; DINO_TAXON; SXT_GENE; BIOLOGICAL_PROCESS; BIOLOGICAL_PROCESS; BIOLOGICAL_PROCESS,dino_pre2016,unvalidated_candidate,0.3567972342396747,0.4589531833832783,0.2882158596364088,0.6278178504012023,0.4919770540952849,0.7028995719612151,1,0.2454435232136741,0.1097560975609756,0.4102564102564102,0.3876578865077119,0.388120839733743,sxtu||toxin_production,1
dinoflagellate,DINO_TAXON,sxtd,SXT_GENE,taxon_gene_association,103.59977540724933,13.0,13,6,3.444624545729917,0.1710526315789473,988,76,13,saxitoxin; cyanobacteria; paralytic_shellfish_toxins; mass_spectrometry; dinoflagellates; cyanobacterium; lc_ms; paralytic_shellfish_poisoning; sxta; expression; sxtu; lc_ms_ms; cylindrospermopsis,TOXIN; CYANO_TAXON; TOXIN; DETECTION_METHOD; DINO_TAXON; CYANO_TAXON; DETECTION_METHOD; TOXIN; SXT_GENE; BIOLOGICAL_PROCESS; SXT_GENE; DETECTION_METHOD; CYANO_TAXON,dino_pre2016,unvalidated_candidate,0.3574138556147332,0.5455801066893987,0.2468488439050837,0.6501651368751834,0.4888386196871435,0.8341122549397513,1,0.1907720545854461,0.073170731707317,0.3076923076923077,0.3106564253517397,0.2224108658743633,dinoflagellate||sxtd,1
saxitoxin_biosynthesis,BIOLOGICAL_PROCESS,sxtb,SXT_GENE,gene_process_association,116.2522582720002,19.0,13,6,3.213085657739236,0.2826086956521739,714,42,17,cyanobacterial; cyanobacteria; dinoflagellate; sxtg; sxta; dinoflagellates; saxitoxin; evolution; toxin_production; toxin_biosynthesis; paralytic_shellfish_poisoning; nutrient; biosynthesis,CYANO_TAXON; CYANO_TAXON; DINO_TAXON; SXT_GENE; SXT_GENE; DINO_TAXON; TOXIN; BIOLOGICAL_PROCESS; BIOLOGICAL_PROCESS; BIOLOGICAL_PROCESS; TOXIN; ENV_FACTOR; BIOLOGICAL_PROCESS,dino_pre2016,unvalidated_candidate,0.4414390545470271,0.4975400400914387,0.2804298599088958,0.6275136239496898,0.4886801183333722,0.6816492115815384,1,0.216794496304673,0.1097560975609756,0.3076923076923077,0.2882887787019137,0.4095371669004208,saxitoxin_biosynthesis||sxtb,1
gtx,TOXIN,protoceratium_reticulatum,DINO_TAXON,taxon_toxin_association,43.72347890449141,5.0,5,3,1.236739452245703,0.125,234,39,6,alexandrium_ostenfeldii; alexandrium; toxicity; paralytic_shellfish_poisoning; alexandrium_minutum,DINO_TAXON; DINO_TAXON; BIOLOGICAL_PROCESS; TOXIN; DINO_TAXON,dino_pre2016,unvalidated_candidate,0.3905496909112808,0.5859439916365693,0.1683660150739807,0.6902659554518538,0.48150597930070455,0.7672329736783478,1,0.0676240959782842,0.024390243902439,0.1025641025641025,0.0973652843125685,0.1451612903225807,gtx||protoceratium_reticulatum,1
alexandrium_catenella,DINO_TAXON,sxti,SXT_GENE,taxon_gene_association,98.89382417401586,13.0,13,5,3.172402283086363,0.2549019607843137,700,50,14,saxitoxin; cyanobacterial; cyanobacteria; pyrodinium; dinoflagellate; alexandrium; saxitoxin_biosynthesis; paralytic_shellfish_poisoning; sxta; phylogenetic; pyrodinium_bahamense; dinoflagellates; biosynthesis,TOXIN; CYANO_TAXON; CYANO_TAXON; DINO_TAXON; DINO_TAXON; DINO_TAXON; BIOLOGICAL_PROCESS; TOXIN; SXT_GENE; BIOLOGICAL_PROCESS; DINO_TAXON; DINO_TAXON; BIOLOGICAL_PROCESS,dino_pre2016,unvalidated_candidate,0.3745377283121541,0.5089704602545481,0.2494014186438944,0.6344124759882763,0.4804080530505236,0.6706182727647548,1,0.1810932948503502,0.073170731707317,0.3076923076923077,0.2843585907466421,0.3630613535736876,alexandrium_catenella||sxti,1
sxta,SXT_GENE,alexandrium_affine,DINO_TAXON,taxon_gene_association,48.97701818609738,6.0,6,3,1.480034516777505,0.1016949152542373,354,59,6,temperature; alexandrium; dinoflagellate; light; hplc; nutrient,ENV_FACTOR; DINO_TAXON; DINO_TAXON; ENV_FACTOR; DETECTION_METHOD; ENV_FACTOR,dino_pre2016,unvalidated_candidate,0.2438623739535722,0.4707208309324713,0.1417333931312351,0.7044484896307099,0.47936245103091996,0.6347814335160631,1,0.0784290835239403,0.0304878048780487,0.1282051282051282,0.1208686278861674,0.106068890103882,alexandrium_affine||sxta,1
cyanobacteria,CYANO_TAXON,alexandrium_affine,DINO_TAXON,cross_taxa_association,43.21280429368212,5.0,5,3,1.2157771468410594,0.078125,378,63,6,alexandrium; dinoflagellate; light; hplc; nutrient,DINO_TAXON; DINO_TAXON; ENV_FACTOR; DETECTION_METHOD; ENV_FACTOR,dino_pre2016,unvalidated_candidate,0.1520924551169707,0.4951540530079886,0.1192193765307449,0.7165340019029084,0.477608151754043,0.6290307220192775,1,0.0665737882687756,0.024390243902439,0.1025641025641025,0.0953402359747892,0.0665322580645162,alexandrium_affine||cyanobacteria,1
horizontal_gene_transfer,BIOLOGICAL_PROCESS,sxtb,SXT_GENE,gene_process_association,98.89466363154368,14.0,12,5,2.94733181577184,0.4,425,25,17,cyanobacteria; dinoflagellates; saxitoxin; cyanobacterial; paralytic_shellfish_toxins; dinoflagellate; evolution; sxtg; toxin_biosynthesis; paralytic_shellfish_poisoning; sxta; biosynthesis,CYANO_TAXON; DINO_TAXON; TOXIN; CYANO_TAXON; TOXIN; DINO_TAXON; BIOLOGICAL_PROCESS; SXT_GENE; BIOLOGICAL_PROCESS; TOXIN; SXT_GENE; BIOLOGICAL_PROCESS,dino_pre2016,unvalidated_candidate,0.4816732418559858,0.5065882197195776,0.2747769972185839,0.6077035617820531,0.4745329359566654,0.7304135901650582,1,0.1810950213679695,0.0792682926829268,0.282051282051282,0.2626158211933689,0.606451612903226,horizontal_gene_transfer||sxtb,1
paralytic_shellfish_toxins,TOXIN,gene_loss,BIOLOGICAL_PROCESS,process_toxin_association,53.92190771405073,6.0,6,4,1.5442871903586974,0.0833333333333333,432,72,6,saxitoxin; cyanobacteria; evolution; nitrogen; horizontal_gene_transfer; biosynthesis,TOXIN; CYANO_TAXON; BIOLOGICAL_PROCESS; ENV_FACTOR; BIOLOGICAL_PROCESS; BIOLOGICAL_PROCESS,dino_pre2016,unvalidated_candidate,0.3365852397266444,0.5684029150715443,0.1674295927403385,0.677314111739033,0.4733603041395552,0.7950379967547091,1,0.0885992691645525,0.0304878048780487,0.1282051282051282,0.1270757109012183,0.0752688172043011,gene_loss||paralytic_shellfish_toxins,1
alexandrium_minutum,DINO_TAXON,sxtb,SXT_GENE,taxon_gene_association,130.71958644019105,21.0,16,6,3.980482875267937,0.2758620689655172,969,57,17,cyanobacteria; dinoflagellate; sxtg; sxta; dinoflagellates; saxitoxin; cyanobacterial; paralytic_shellfish_toxins; transcriptome; evolution; toxin_production; bloom; toxin_biosynthesis; paralytic_shellfish_poisoning; nutrient; biosynthesis,CYANO_TAXON; DINO_TAXON; SXT_GENE; SXT_GENE; DINO_TAXON; TOXIN; CYANO_TAXON; TOXIN; BIOLOGICAL_PROCESS; BIOLOGICAL_PROCESS; BIOLOGICAL_PROCESS; ENV_FACTOR; BIOLOGICAL_PROCESS; TOXIN; ENV_FACTOR; BIOLOGICAL_PROCESS,dino_pre2016,unvalidated_candidate,0.3558522114059312,0.4690908072298356,0.2885728159171255,0.5865831804179195,0.4673790346176019,0.6816492115815384,1,0.2465495418648227,0.1219512195121951,0.3846153846153846,0.3624226313376428,0.3982202447163515,alexandrium_minutum||sxtb,1
gtx,TOXIN,protoceratium,DINO_TAXON,taxon_toxin_association,43.72347890449141,5.0,5,3,1.236739452245703,0.125,234,39,6,alexandrium_ostenfeldii; alexandrium; toxicity; paralytic_shellfish_poisoning; alexandrium_minutum,DINO_TAXON; DINO_TAXON; BIOLOGICAL_PROCESS; TOXIN; DINO_TAXON,dino_pre2016,unvalidated_candidate,0.3893000529339361,0.5725109785392134,0.1668352680676434,0.6643465156655173,0.4653420166263677,0.7672329736783478,1,0.0676240959782842,0.024390243902439,0.1025641025641025,0.0973652843125685,0.1451612903225807,gtx||protoceratium,1
nitrate,ENV_FACTOR,sxtb,SXT_GENE,environment_gene_regulation,80.26636745931621,11.0,9,5,2.133183729658108,0.2,629,37,17,dinoflagellate; dinoflagellates; saxitoxin; cyanobacteria; paralytic_shellfish_toxins; toxin_production; bloom; paralytic_shellfish_poisoning; nutrient,DINO_TAXON; DINO_TAXON; TOXIN; CYANO_TAXON; TOXIN; BIOLOGICAL_PROCESS; ENV_FACTOR; TOXIN; ENV_FACTOR,dino_pre2016,unvalidated_candidate,0.1048455154398147,0.4581828798698262,0.1680315854074895,0.658227854736944,0.4621493470051622,0.7400257867555247,1,0.1427820865351721,0.0609756097560975,0.2051282051282051,0.1839656347436651,0.270967741935484,nitrate||sxtb,1
toxin_production,BIOLOGICAL_PROCESS,sxtd,SXT_GENE,gene_process_association,86.6157156218711,10.0,10,6,2.501406198032328,0.1612903225806451,767,59,13,saxitoxin; cyanobacteria; paralytic_shellfish_toxins; mass_spectrometry; cyanobacterium; lc_ms; paralytic_shellfish_poisoning; sxta; expression; dinoflagellates,TOXIN; CYANO_TAXON; TOXIN; DETECTION_METHOD; CYANO_TAXON; DETECTION_METHOD; TOXIN; SXT_GENE; BIOLOGICAL_PROCESS; DINO_TAXON,dino_pre2016,unvalidated_candidate,0.2060545777103815,0.4651046293609283,0.1878557038583983,0.6429178830778828,0.460893011390089,0.6795571934151936,1,0.1558408311532323,0.0548780487804878,0.2307692307692307,0.2195374997232222,0.2060353798126951,sxtd||toxin_production,1
alexandrium_fundyense,DINO_TAXON,cylindrospermopsis,CYANO_TAXON,cross_taxa_association,175.0581631799126,39.0,17,7,4.11241492328964,0.2833333333333333,1372,49,28,dinoflagellates; paralytic_shellfish_poisoning; saxitoxin; paralytic_shellfish_toxins; toxicity; sxta; cyanobacteria; expression; phylogenetic; biosynthesis; cyanobacterial; dinoflagellate; alexandrium; gymnodinium; saxitoxin_biosynthesis; bloom; hplc,DINO_TAXON; TOXIN; TOXIN; TOXIN; BIOLOGICAL_PROCESS; SXT_GENE; CYANO_TAXON; BIOLOGICAL_PROCESS; BIOLOGICAL_PROCESS; BIOLOGICAL_PROCESS; CYANO_TAXON; DINO_TAXON; DINO_TAXON; DINO_TAXON; BIOLOGICAL_PROCESS; ENV_FACTOR; DETECTION_METHOD,dino_pre2016,unvalidated_candidate,0.2512283348660173,0.4595083127324519,0.3302619816713587,0.5461586913936467,0.4598000075047315,0.6649947074607494,1,0.3377409737328943,0.2317073170731707,0.4102564102564102,0.3751678313234703,0.4107526881720431,alexandrium_fundyense||cylindrospermopsis,0
nitrate,ENV_FACTOR,sxti,SXT_GENE,environment_gene_regulation,60.675267464597255,8.0,8,3,1.9074011741590893,0.1860465116279069,518,37,14,saxitoxin; cyanobacteria; pyrodinium; dinoflagellate; alexandrium; paralytic_shellfish_poisoning; pyrodinium_bahamense; dinoflagellates,TOXIN; CYANO_TAXON; DINO_TAXON; DINO_TAXON; DINO_TAXON; TOXIN; DINO_TAXON; DINO_TAXON,dino_pre2016,unvalidated_candidate,0.2368410353177752,0.4825873734933679,0.1674937809014776,0.6442176495480268,0.45352810208940714,0.6440376570567772,1,0.1024889469768947,0.0426829268292682,0.1794871794871795,0.1621540744268509,0.2475618904726181,nitrate||sxti,1
toxicity,BIOLOGICAL_PROCESS,sxti,SXT_GENE,gene_process_association,103.96173872213576,14.0,14,5,3.451457596361987,0.2058823529411764,952,68,14,saxitoxin; cyanobacterial; cyanobacteria; pyrodinium; dinoflagellate; alexandrium; saxitoxin_biosynthesis; paralytic_shellfish_poisoning; sxta; phylogeny; phylogenetic; pyrodinium_bahamense; dinoflagellates; biosynthesis,TOXIN; CYANO_TAXON; CYANO_TAXON; DINO_TAXON; DINO_TAXON; DINO_TAXON; BIOLOGICAL_PROCESS; TOXIN; SXT_GENE; BIOLOGICAL_PROCESS; BIOLOGICAL_PROCESS; DINO_TAXON; DINO_TAXON; BIOLOGICAL_PROCESS,dino_pre2016,unvalidated_candidate,0.3668471785633858,0.5367117857926924,0.2556244370213654,0.582524257795559,0.45176432948588163,0.7765837340823588,1,0.1915165068298646,0.0792682926829268,0.3333333333333333,0.3113165272612068,0.2808349146110057,sxti||toxicity,1
gonyautoxin,TOXIN,protoceratium_reticulatum,DINO_TAXON,taxon_toxin_association,43.43501736602987,5.0,5,3,1.236739452245703,0.0961538461538461,306,51,6,alexandrium_ostenfeldii; alexandrium; toxicity; paralytic_shellfish_poisoning; alexandrium_minutum,DINO_TAXON; DINO_TAXON; BIOLOGICAL_PROCESS; TOXIN; DINO_TAXON,dino_pre2016,unvalidated_candidate,0.2733328652362105,0.5765084158761642,0.1472129305717635,0.6535864052535121,0.45103701538081264,0.7329804867107399,1,0.0670308153034084,0.024390243902439,0.1025641025641025,0.0973652843125685,0.0967741935483871,gonyautoxin||protoceratium_reticulatum,1
phylogenetic,BIOLOGICAL_PROCESS,sxtb,SXT_GENE,gene_process_association,125.37293754294546,20.0,15,6,3.686468771472731,0.3,816,48,17,cyanobacterial; cyanobacteria; dinoflagellate; sxta; dinoflagellates; saxitoxin; paralytic_shellfish_toxins; evolution; toxin_production; sxtg; bloom; toxin_biosynthesis; paralytic_shellfish_poisoning; nutrient; biosynthesis,CYANO_TAXON; CYANO_TAXON; DINO_TAXON; SXT_GENE; DINO_TAXON; TOXIN; TOXIN; BIOLOGICAL_PROCESS; BIOLOGICAL_PROCESS; SXT_GENE; ENV_FACTOR; BIOLOGICAL_PROCESS; TOXIN; ENV_FACTOR; BIOLOGICAL_PROCESS,dino_pre2016,unvalidated_candidate,0.2588997011568659,0.5324315223941893,0.2734740461512295,0.5672250809411463,0.44972466702517955,0.7174363389397486,1,0.2355530551824057,0.1158536585365853,0.358974358974359,0.3340196116944753,0.4387096774193549,phylogenetic||sxtb,1
gonyautoxin,TOXIN,protoceratium,DINO_TAXON,taxon_toxin_association,43.43501736602987,5.0,5,3,1.236739452245703,0.0961538461538461,306,51,6,alexandrium_ostenfeldii; alexandrium; toxicity; paralytic_shellfish_poisoning; alexandrium_minutum,DINO_TAXON; DINO_TAXON; BIOLOGICAL_PROCESS; TOXIN; DINO_TAXON,dino_pre2016,unvalidated_candidate,0.2628594163772215,0.5630754027788084,0.1442986119331795,0.6445521680176654,0.444450745583871,0.7329804867107399,1,0.0670308153034084,0.024390243902439,0.1025641025641025,0.0973652843125685,0.0967741935483871,gonyautoxin||protoceratium,1
phosphorus,ENV_FACTOR,sxtb,SXT_GENE,environment_gene_regulation,109.04346092810498,15.0,13,6,3.1645876069096346,0.3714285714285714,527,31,17,dinoflagellate; dinoflagellates; saxitoxin; cyanobacteria; paralytic_shellfish_toxins; toxin_production; sxtg; bloom; toxin_biosynthesis; paralytic_shellfish_poisoning; sxta; nutrient; biosynthesis,DINO_TAXON; DINO_TAXON; TOXIN; CYANO_TAXON; TOXIN; BIOLOGICAL_PROCESS; SXT_GENE; ENV_FACTOR; BIOLOGICAL_PROCESS; TOXIN; SXT_GENE; ENV_FACTOR; BIOLOGICAL_PROCESS,dino_pre2016,unvalidated_candidate,0.2711308763103479,0.4414868473451568,0.2466604413351117,0.5744507792570425,0.44333464408827017,0.6816492115815384,1,0.2019681171068123,0.0853658536585365,0.3076923076923077,0.2836036596120894,0.5585253456221199,phosphorus||sxtb,1
toxin_biosynthesis,BIOLOGICAL_PROCESS,sxtd,SXT_GENE,gene_process_association,75.5706260874338,8.0,8,6,1.9342492139296608,0.1702127659574468,546,42,13,saxitoxin; cyanobacteria; paralytic_shellfish_toxins; mass_spectrometry; paralytic_shellfish_poisoning; sxta; expression; dinoflagellates,TOXIN; CYANO_TAXON; TOXIN; DETECTION_METHOD; TOXIN; SXT_GENE; BIOLOGICAL_PROCESS; DINO_TAXON,dino_pre2016,unvalidated_candidate,0.2865382935207775,0.4754927373377489,0.1836332969224168,0.6008143268185401,0.43394191486009076,0.6094539152206772,1,0.133124325486643,0.0426829268292682,0.1794871794871795,0.1647477098720241,0.2210020590253947,sxtd||toxin_biosynthesis,1
cyanobacterium,CYANO_TAXON,sxt_genes,SXT_GENE,cyano_gene_transfer_signal,180.6053503431856,40.0,19,6,4.691564060481688,0.4222222222222222,1020,34,30,saxitoxin; dinoflagellate; alexandrium; dinoflagellates; sxta; cyanobacteria; paralytic_shellfish_toxins; cyanobacterial; paralytic_shellfish_poisoning; saxitoxin_biosynthesis; bloom; expression; sxtu; toxicity; alexandrium_tamarense; phylogenetic; biosynthesis; gymnodinium; gymnodinium_catenatum,TOXIN; DINO_TAXON; DINO_TAXON; DINO_TAXON; SXT_GENE; CYANO_TAXON; TOXIN; CYANO_TAXON; TOXIN; BIOLOGICAL_PROCESS; ENV_FACTOR; BIOLOGICAL_PROCESS; SXT_GENE; BIOLOGICAL_PROCESS; DINO_TAXON; BIOLOGICAL_PROCESS; BIOLOGICAL_PROCESS; DINO_TAXON; DINO_TAXON,dino_pre2016,unvalidated_candidate,0.3722425461050535,0.4843784888563422,0.3754548236286646,0.47185760203588395,0.4332964906729962,0.7028995719612151,1,0.3491499087383761,0.2378048780487804,0.4615384615384615,0.4311161144420486,0.6437275985663083,cyanobacterium||sxt_genes,0
expression,BIOLOGICAL_PROCESS,sxtb,SXT_GENE,gene_process_association,131.22627187298485,21.0,16,6,3.980482875267937,0.3265306122448979,816,48,17,cyanobacterial; cyanobacteria; dinoflagellate; sxta; dinoflagellates; saxitoxin; paralytic_shellfish_toxins; transcriptome; evolution; toxin_production; sxtg; bloom; toxin_biosynthesis; paralytic_shellfish_poisoning; nutrient; biosynthesis,CYANO_TAXON; CYANO_TAXON; DINO_TAXON; SXT_GENE; DINO_TAXON; TOXIN; TOXIN; BIOLOGICAL_PROCESS; BIOLOGICAL_PROCESS; BIOLOGICAL_PROCESS; SXT_GENE; ENV_FACTOR; BIOLOGICAL_PROCESS; TOXIN; ENV_FACTOR; BIOLOGICAL_PROCESS,dino_pre2016,unvalidated_candidate,0.4456509183966164,0.4903371693840917,0.3087816140396978,0.5150121033699232,0.432519907637833,0.6816492115815384,1,0.2475916450066172,0.1219512195121951,0.3846153846153846,0.3624226313376428,0.4832126398946675,expression||sxtb,1
sxt_genes,SXT_GENE,alexandrium_affine,DINO_TAXON,taxon_gene_association,27.33729975258484,3.0,3,2,0.7141044217469659,0.0909090909090909,180,30,6,alexandrium; light; dinoflagellate,DINO_TAXON; ENV_FACTOR; DINO_TAXON,dino_pre2016,unvalidated_candidate,0.2535228913301424,0.4871390208295857,0.1131453829468367,0.6324738029808182,0.4247424349672256,0.6290307220192775,1,0.0339225374352373,0.0121951219512195,0.0512820512820512,0.0468765055572375,0.0879765395894429,alexandrium_affine||sxt_genes,1
gonyautoxin,TOXIN,alexandrium_fundyense,DINO_TAXON,taxon_toxin_association,497.0579613648809,165.0,36,7,9.216480682440436,0.5625,2499,51,49,alexandrium; dinoflagellate; saxitoxin; toxicity; paralytic_shellfish_poisoning; paralytic_shellfish_toxins; dinoflagellates; toxin_production; nutrient; bloom; gtx; light; nitrogen; temperature; nitrate; phylogenetic; biosynthesis; cyanobacteria; phosphate; phosphorus,DINO_TAXON; DINO_TAXON; TOXIN; BIOLOGICAL_PROCESS; TOXIN; TOXIN; DINO_TAXON; BIOLOGICAL_PROCESS; ENV_FACTOR; ENV_FACTOR; TOXIN; ENV_FACTOR; ENV_FACTOR; ENV_FACTOR; ENV_FACTOR; BIOLOGICAL_PROCESS; BIOLOGICAL_PROCESS; CYANO_TAXON; ENV_FACTOR; ENV_FACTOR,dino_pre2016,unvalidated_candidate,0.3943344413967691,0.5605178520616777,0.8437689489342937,0.1453871866274998,0.42473989155021735,0.7900842979493753,1,1.0,1.0,0.8974358974358975,0.8682424088551568,0.8790322580645162,alexandrium_fundyense||gonyautoxin,0
phylogeny,BIOLOGICAL_PROCESS,sxtd,SXT_GENE,gene_process_association,54.21211895861586,6.0,6,4,1.4083850607032786,0.1395348837209302,468,36,13,saxitoxin; cyanobacteria; paralytic_shellfish_toxins; paralytic_shellfish_poisoning; sxta; dinoflagellates,TOXIN; CYANO_TAXON; TOXIN; TOXIN; SXT_GENE; DINO_TAXON,dino_pre2016,unvalidated_candidate,0.0582428793322237,0.4612396222433972,0.1198844955752446,0.6192759791115543,0.4195193856970304,0.6465939516532385,1,0.089196148471064,0.0304878048780487,0.1282051282051282,0.1139469840533394,0.1695423855963991,phylogeny||sxtd,1
phylogeny,BIOLOGICAL_PROCESS,sxtu,SXT_GENE,gene_process_association,109.14121156179723,16.0,14,5,3.4426988041544297,0.3255813953488372,756,36,21,saxitoxin; cyanobacteria; cyanobacterial; paralytic_shellfish_toxins; dinoflagellate; sxt_genes; gymnodinium; saxitoxin_biosynthesis; dinoflagellates; paralytic_shellfish_poisoning; gymnodinium_catenatum; sxta; phylogenetic; biosynthesis,TOXIN; CYANO_TAXON; CYANO_TAXON; TOXIN; DINO_TAXON; SXT_GENE; DINO_TAXON; BIOLOGICAL_PROCESS; DINO_TAXON; TOXIN; DINO_TAXON; SXT_GENE; BIOLOGICAL_PROCESS; BIOLOGICAL_PROCESS,dino_pre2016,unvalidated_candidate,0.3410583607349177,0.4812391310658017,0.2624155769078993,0.509572377114456,0.4107096570318334,0.6789219034178495,1,0.2021691614548241,0.0914634146341463,0.3333333333333333,0.3104703904809965,0.4816204051012754,phylogeny||sxtu,1
cyanobacterium,CYANO_TAXON,sxtg,SXT_GENE,cyano_gene_transfer_signal,189.7238962064688,43.0,20,6,4.861948103234396,0.4,1224,34,36,saxitoxin; dinoflagellates; alexandrium; dinoflagellate; paralytic_shellfish_toxins; sxta; cyanobacteria; cyanobacterial; paralytic_shellfish_poisoning; toxin_production; saxitoxin_biosynthesis; bloom; nitrogen; expression; toxicity; alexandrium_minutum; phylogenetic; biosynthesis; gymnodinium; gymnodinium_catenatum,TOXIN; DINO_TAXON; DINO_TAXON; DINO_TAXON; TOXIN; SXT_GENE; CYANO_TAXON; CYANO_TAXON; TOXIN; BIOLOGICAL_PROCESS; BIOLOGICAL_PROCESS; ENV_FACTOR; ENV_FACTOR; BIOLOGICAL_PROCESS; BIOLOGICAL_PROCESS; DINO_TAXON; BIOLOGICAL_PROCESS; BIOLOGICAL_PROCESS; DINO_TAXON; DINO_TAXON,dino_pre2016,unvalidated_candidate,0.2869545713481267,0.4470320223273122,0.3711318317902224,0.4352759613010987,0.40961830949674816,0.6600944021955112,1,0.3679040798230454,0.2560975609756097,0.4871794871794871,0.4475759415412218,0.606451612903226,cyanobacterium||sxtg,0
alexandrium_catenella,DINO_TAXON,cyanobacterium,CYANO_TAXON,cross_taxa_association,244.8009625109038,61.0,24,7,5.900481255451896,0.4,1700,50,34,saxitoxin; dinoflagellates; paralytic_shellfish_poisoning; hplc; alexandrium; dinoflagellate; paralytic_shellfish_toxins; sxta; cyanobacteria; expression; toxin_production; saxitoxin_biosynthesis; bloom; nitrogen; cyanobacterial; mouse_bioassay; toxicity; mass_spectrometry; alexandrium_tamarense; alexandrium_minutum,TOXIN; DINO_TAXON; TOXIN; DETECTION_METHOD; DINO_TAXON; DINO_TAXON; TOXIN; SXT_GENE; CYANO_TAXON; BIOLOGICAL_PROCESS; BIOLOGICAL_PROCESS; BIOLOGICAL_PROCESS; ENV_FACTOR; ENV_FACTOR; CYANO_TAXON; DETECTION_METHOD; BIOLOGICAL_PROCESS; DETECTION_METHOD; DINO_TAXON; DINO_TAXON,dino_pre2016,unvalidated_candidate,0.4334022824931321,0.5003836792838803,0.4754170620560669,0.36114447157961527,0.4068535077701959,0.6966156558713884,1,0.4811814312562634,0.3658536585365853,0.5897435897435898,0.5479026848564358,0.606451612903226,alexandrium_catenella||cyanobacterium,1
toxicity,BIOLOGICAL_PROCESS,sxtb,SXT_GENE,gene_process_association,130.3296361004632,21.0,16,6,4.005397760376532,0.2318840579710145,1156,68,17,cyanobacterial; cyanobacteria; dinoflagellate; sxta; dinoflagellates; saxitoxin; paralytic_shellfish_toxins; climate; evolution; toxin_production; bloom; sxtg; toxin_biosynthesis; paralytic_shellfish_poisoning; nutrient; biosynthesis,CYANO_TAXON; CYANO_TAXON; DINO_TAXON; SXT_GENE; DINO_TAXON; TOXIN; TOXIN; ENV_FACTOR; BIOLOGICAL_PROCESS; BIOLOGICAL_PROCESS; ENV_FACTOR; SXT_GENE; BIOLOGICAL_PROCESS; TOXIN; ENV_FACTOR; BIOLOGICAL_PROCESS,dino_pre2016,unvalidated_candidate,0.3336217781996384,0.5043024671037177,0.2847902339145529,0.4820503508910371,0.4031463041004434,0.7765837340823588,1,0.2457475285289872,0.1219512195121951,0.3846153846153846,0.3648295157762193,0.3244506778868631,sxtb||toxicity,1
nutrients,ENV_FACTOR,sxt_genes,SXT_GENE,environment_gene_regulation,166.62469894304638,40.0,18,4,4.43734947152319,0.375,1080,36,30,saxitoxin; dinoflagellate; alexandrium; gymnodinium; dinoflagellates; paralytic_shellfish_toxins; pyrodinium; paralytic_shellfish_poisoning; gymnodinium_catenatum; phylogenetic; transcriptome; alexandrium_tamarense; toxicity; bloom; alexandrium_catenella; light; expression; pyrodinium_bahamense,TOXIN; DINO_TAXON; DINO_TAXON; DINO_TAXON; DINO_TAXON; TOXIN; DINO_TAXON; TOXIN; DINO_TAXON; BIOLOGICAL_PROCESS; BIOLOGICAL_PROCESS; DINO_TAXON; BIOLOGICAL_PROCESS; ENV_FACTOR; DINO_TAXON; ENV_FACTOR; BIOLOGICAL_PROCESS; DINO_TAXON,dino_pre2016,unvalidated_candidate,0.3440238614396801,0.4503638319527198,0.3499498948875482,0.43488537410346145,0.4009111824170961,0.665935695018282,1,0.3203958143723994,0.2378048780487804,0.4358974358974359,0.4065578981164898,0.5645161290322582,nutrients||sxt_genes,1
toxin_biosynthesis,BIOLOGICAL_PROCESS,sxtu,SXT_GENE,gene_process_association,113.81499513695502,16.0,14,6,3.47892613990608,0.2857142857142857,882,42,21,saxitoxin; cyanobacteria; cyanobacterial; paralytic_shellfish_toxins; dinoflagellate; sxt_genes; mass_spectrometry; saxitoxin_biosynthesis; dinoflagellates; paralytic_shellfish_poisoning; sxta; expression; phylogenetic; biosynthesis,TOXIN; CYANO_TAXON; CYANO_TAXON; TOXIN; DINO_TAXON; SXT_GENE; DETECTION_METHOD; BIOLOGICAL_PROCESS; DINO_TAXON; TOXIN; SXT_GENE; BIOLOGICAL_PROCESS; BIOLOGICAL_PROCESS; BIOLOGICAL_PROCESS,dino_pre2016,unvalidated_candidate,0.3455227901138439,0.4946398356824429,0.2644460288183596,0.4909181980265399,0.4003293303432678,0.6550349560391077,1,0.2117817617636267,0.0914634146341463,0.3333333333333333,0.3139701060242022,0.4147465437788019,sxtu||toxin_biosynthesis,1
phylogeny,BIOLOGICAL_PROCESS,sxtb,SXT_GENE,gene_process_association,120.45401157640096,19.0,14,6,3.432133993328689,0.358974358974359,612,36,17,cyanobacteria; dinoflagellate; sxtg; sxta; dinoflagellates; saxitoxin; cyanobacterial; paralytic_shellfish_toxins; evolution; toxin_production; bloom; toxin_biosynthesis; paralytic_shellfish_poisoning; biosynthesis,CYANO_TAXON; DINO_TAXON; SXT_GENE; SXT_GENE; DINO_TAXON; TOXIN; CYANO_TAXON; TOXIN; BIOLOGICAL_PROCESS; BIOLOGICAL_PROCESS; ENV_FACTOR; BIOLOGICAL_PROCESS; TOXIN; BIOLOGICAL_PROCESS,dino_pre2016,unvalidated_candidate,0.3678647943269671,0.4866034585229823,0.2815756990807453,0.4783248526375912,0.39962519121485285,0.6816492115815384,1,0.2254362689631409,0.1097560975609756,0.3333333333333333,0.309449784579659,0.5376344086021507,phylogeny||sxtb,1
pyrodinium,DINO_TAXON,gtx,TOXIN,taxon_toxin_association,477.97341664274126,165.0,32,6,8.179690777510995,0.5614035087719298,1950,50,39,dinoflagellate; saxitoxin; paralytic_shellfish_poisoning; alexandrium; toxicity; gymnodinium; paralytic_shellfish_toxins; gonyautoxin; dinoflagellates; neosaxitoxin; hplc; gymnodinium_catenatum; temperature; mouse_bioassay; nutrient; toxin_production; salinity; biosynthesis; saxitoxin_biosynthesis; light,DINO_TAXON; TOXIN; TOXIN; DINO_TAXON; BIOLOGICAL_PROCESS; DINO_TAXON; TOXIN; TOXIN; DINO_TAXON; TOXIN; DETECTION_METHOD; DINO_TAXON; ENV_FACTOR; DETECTION_METHOD; ENV_FACTOR; BIOLOGICAL_PROCESS; ENV_FACTOR; BIOLOGICAL_PROCESS; BIOLOGICAL_PROCESS; ENV_FACTOR,dino_pre2016,unvalidated_candidate,0.3992469953707867,0.5526739695068913,0.8145069081686461,0.11947763296243466,0.3974893430449193,0.7672329736783478,1,0.9607486958821788,1.0,0.7948717948717948,0.7680840706821674,0.8771929824561403,gtx||pyrodinium,0
sxtg,SXT_GENE,irradiance,ENV_FACTOR,environment_gene_regulation,123.95901568815748,26.0,14,4,3.3516008673345614,0.3255813953488372,756,36,21,alexandrium; paralytic_shellfish_toxins; dinoflagellate; dinoflagellates; saxitoxin; paralytic_shellfish_poisoning; alexandrium_minutum; alexandrium_fundyense; toxicity; gymnodinium; toxin_production; bloom; gymnodinium_catenatum; nutrient,DINO_TAXON; TOXIN; DINO_TAXON; DINO_TAXON; TOXIN; TOXIN; DINO_TAXON; DINO_TAXON; BIOLOGICAL_PROCESS; DINO_TAXON; BIOLOGICAL_PROCESS; ENV_FACTOR; DINO_TAXON; ENV_FACTOR,dino_pre2016,unvalidated_candidate,0.1980682439430653,0.4404766567767301,0.259752489001248,0.48818826034210755,0.39681395180576373,0.5388027762381395,1,0.2326450331400075,0.1524390243902439,0.3333333333333333,0.3016699402456261,0.4816204051012754,irradiance||sxtg,1
phylogenetic,BIOLOGICAL_PROCESS,sxtd,SXT_GENE,gene_process_association,92.89277614646892,11.0,11,6,2.846388073234459,0.22,624,48,13,saxitoxin; cyanobacteria; paralytic_shellfish_toxins; mass_spectrometry; dinoflagellates; cyanobacterium; paralytic_shellfish_poisoning; sxta; expression; sxtu; cylindrospermopsis,TOXIN; CYANO_TAXON; TOXIN; DETECTION_METHOD; DINO_TAXON; CYANO_TAXON; TOXIN; SXT_GENE; BIOLOGICAL_PROCESS; SXT_GENE; CYANO_TAXON,dino_pre2016,unvalidated_candidate,0.4298881247008053,0.5324345046322014,0.2426719514975236,0.4903002844820718,0.39124895128825254,0.7888109670799218,1,0.1687509013280337,0.0609756097560975,0.2564102564102564,0.2528642240246115,0.3045161290322581,phylogenetic||sxtd,1
nitrogen,ENV_FACTOR,sxti,SXT_GENE,environment_gene_regulation,81.67119915626206,10.0,10,5,2.3922033517159385,0.1886792452830188,686,49,14,saxitoxin; cyanobacteria; pyrodinium; dinoflagellate; alexandrium; paralytic_shellfish_poisoning; sxta; pyrodinium_bahamense; dinoflagellates; biosynthesis,TOXIN; CYANO_TAXON; DINO_TAXON; DINO_TAXON; DINO_TAXON; TOXIN; SXT_GENE; DINO_TAXON; DINO_TAXON; BIOLOGICAL_PROCESS,dino_pre2016,unvalidated_candidate,0.2742373913522869,0.4668576450114917,0.1969962664958743,0.5057542057536906,0.38225103005056404,0.6354346481959527,1,0.1456714127923087,0.0548780487804878,0.2307692307692307,0.208988037813141,0.2519780888618381,nitrogen||sxti,1
alexandrium_catenella,DINO_TAXON,sxtb,SXT_GENE,taxon_gene_association,123.2874705086,19.0,15,6,3.701427561992314,0.2884615384615384,850,50,17,cyanobacteria; dinoflagellate; sxta; dinoflagellates; saxitoxin; cyanobacterial; paralytic_shellfish_toxins; transcriptome; evolution; toxin_production; bloom; toxin_biosynthesis; paralytic_shellfish_poisoning; nutrient; biosynthesis,CYANO_TAXON; DINO_TAXON; SXT_GENE; DINO_TAXON; TOXIN; CYANO_TAXON; TOXIN; BIOLOGICAL_PROCESS; BIOLOGICAL_PROCESS; BIOLOGICAL_PROCESS; ENV_FACTOR; BIOLOGICAL_PROCESS; TOXIN; ENV_FACTOR; BIOLOGICAL_PROCESS,dino_pre2016,unvalidated_candidate,0.3885741761385183,0.4899257585690468,0.2849861692406817,0.44380551229500903,0.3802777750732781,0.6966156558713884,1,0.2312638619119043,0.1097560975609756,0.358974358974359,0.3354646948230781,0.4193548387096774,alexandrium_catenella||sxtb,1
neosaxitoxin,TOXIN,expression,BIOLOGICAL_PROCESS,process_toxin_association,351.98311523964617,117.0,24,6,5.9915576198230704,0.4,1728,36,48,dinoflagellate; saxitoxin; alexandrium; paralytic_shellfish_toxins; paralytic_shellfish_poisoning; dinoflagellates; alexandrium_tamarense; toxin_production; light; gymnodinium; gymnodinium_catenatum; nutrient; phylogenetic; cyanobacteria; alexandrium_fundyense; gonyautoxin; bloom; alexandrium_catenella; lc_ms; nitrogen,DINO_TAXON; TOXIN; DINO_TAXON; TOXIN; TOXIN; DINO_TAXON; DINO_TAXON; BIOLOGICAL_PROCESS; ENV_FACTOR; DINO_TAXON; DINO_TAXON; ENV_FACTOR; BIOLOGICAL_PROCESS; CYANO_TAXON; DINO_TAXON; TOXIN; ENV_FACTOR; DINO_TAXON; DETECTION_METHOD; ENV_FACTOR,dino_pre2016,unvalidated_candidate,0.364762530793051,0.5015625352357823,0.6106864423751408,0.22408439921701973,0.37872521648026813,0.6986543106917821,1,0.7016236442621682,0.7073170731707317,0.5897435897435898,0.5567010511010178,0.606451612903226,expression||neosaxitoxin,0
horizontal_gene_transfer,BIOLOGICAL_PROCESS,sxtu,SXT_GENE,gene_process_association,110.26039760830886,16.0,14,5,3.4426988041544297,0.4375,525,25,21,saxitoxin; cyanobacteria; cyanobacterial; paralytic_shellfish_toxins; dinoflagellate; sxt_genes; gymnodinium; saxitoxin_biosynthesis; dinoflagellates; paralytic_shellfish_poisoning; gymnodinium_catenatum; sxta; phylogenetic; biosynthesis,TOXIN; CYANO_TAXON; CYANO_TAXON; TOXIN; DINO_TAXON; SXT_GENE; DINO_TAXON; BIOLOGICAL_PROCESS; DINO_TAXON; TOXIN; DINO_TAXON; SXT_GENE; BIOLOGICAL_PROCESS; BIOLOGICAL_PROCESS,dino_pre2016,unvalidated_candidate,0.3374804687802247,0.4542772269431733,0.2693750673458089,0.44699451726164663,0.37594673729531153,0.6538503655340352,1,0.2044709984918423,0.0914634146341463,0.3333333333333333,0.3104703904809965,0.6693548387096776,horizontal_gene_transfer||sxtu,1
neosaxitoxin,TOXIN,phosphorus,ENV_FACTOR,environment_toxin_association,221.0760715172114,61.0,20,5,4.910376184137623,0.425531914893617,1116,36,31,alexandrium; dinoflagellate; paralytic_shellfish_poisoning; paralytic_shellfish_toxins; toxin_production; dinoflagellates; alexandrium_tamarense; gonyautoxin; saxitoxin; toxicity; nutrient; alexandrium_fundyense; gtx; bloom; alexandrium_catenella; nitrogen; nitrate; alexandrium_minutum; biosynthesis; cyanobacteria,DINO_TAXON; DINO_TAXON; TOXIN; TOXIN; BIOLOGICAL_PROCESS; DINO_TAXON; DINO_TAXON; TOXIN; TOXIN; BIOLOGICAL_PROCESS; ENV_FACTOR; DINO_TAXON; TOXIN; ENV_FACTOR; DINO_TAXON; ENV_FACTOR; ENV_FACTOR; DINO_TAXON; BIOLOGICAL_PROCESS; CYANO_TAXON,dino_pre2016,unvalidated_candidate,0.323372065976822,0.4893944080121385,0.4274920766779507,0.3391003137942579,0.37445701894773503,0.7237027886223215,1,0.4323862975439423,0.3658536585365853,0.4871794871794871,0.452254301236964,0.6492793411118739,neosaxitoxin||phosphorus,0
nutrients,ENV_FACTOR,sxti,SXT_GENE,environment_gene_regulation,60.75347351007619,8.0,8,3,1.924355802657144,0.1904761904761904,504,36,14,saxitoxin; pyrodinium; dinoflagellate; alexandrium; paralytic_shellfish_poisoning; phylogenetic; pyrodinium_bahamense; dinoflagellates,TOXIN; DINO_TAXON; DINO_TAXON; DINO_TAXON; TOXIN; BIOLOGICAL_PROCESS; DINO_TAXON; DINO_TAXON,dino_pre2016,unvalidated_candidate,0.3943134481153672,0.4944850823219195,0.1927322315600984,0.46671910559563795,0.3571243559814221,0.6248461022794276,1,0.1026497938464238,0.0426829268292682,0.1794871794871795,0.1637919640384605,0.2549923195084485,nutrients||sxti,1
dinoflagellate,DINO_TAXON,scytonema,CYANO_TAXON,cross_taxa_association,58.7633202051127,6.0,6,5,1.4869232604510874,0.0789473684210526,456,76,6,saxitoxin; cyanobacteria; cyanobacterium; sxta; phylogenetic; dinoflagellates,TOXIN; CYANO_TAXON; CYANO_TAXON; SXT_GENE; BIOLOGICAL_PROCESS; DINO_TAXON,dino_pre2016,unvalidated_candidate,0.3179802065886487,0.5889752362798465,0.1698132920857874,0.47753999613418885,0.35444931451482825,0.7930222359064084,1,0.0985566329273904,0.0304878048780487,0.1282051282051282,0.1215341099815902,0.067911714770798,dinoflagellate||scytonema,0
gene_expression,BIOLOGICAL_PROCESS,sxtb,SXT_GENE,gene_process_association,126.71158726341206,20.0,15,6,3.712936488848883,0.4285714285714285,561,33,17,cyanobacterial; cyanobacteria; dinoflagellate; sxta; dinoflagellates; saxitoxin; paralytic_shellfish_toxins; transcriptome; evolution; toxin_production; sxtg; bloom; paralytic_shellfish_poisoning; nutrient; biosynthesis,CYANO_TAXON; CYANO_TAXON; DINO_TAXON; SXT_GENE; DINO_TAXON; TOXIN; TOXIN; BIOLOGICAL_PROCESS; BIOLOGICAL_PROCESS; BIOLOGICAL_PROCESS; SXT_GENE; ENV_FACTOR; TOXIN; ENV_FACTOR; BIOLOGICAL_PROCESS,dino_pre2016,unvalidated_candidate,0.3611613627250801,0.4447042310609517,0.291787599669678,0.39608574699883575,0.35436648806717264,0.6816492115815384,1,0.2383062645489522,0.1158536585365853,0.358974358974359,0.3365765063700732,0.6543778801843319,gene_expression||sxtb,1
warming,ENV_FACTOR,sxti,SXT_GENE,environment_gene_regulation,61.09690258890795,8.0,8,3,1.905594151596833,0.2285714285714285,406,29,14,saxitoxin; pyrodinium; dinoflagellate; alexandrium; paralytic_shellfish_poisoning; pyrodinium_bahamense; dinoflagellates; biosynthesis,TOXIN; DINO_TAXON; DINO_TAXON; DINO_TAXON; TOXIN; DINO_TAXON; DINO_TAXON; BIOLOGICAL_PROCESS,dino_pre2016,unvalidated_candidate,0.2242971999421786,0.4581647159065095,0.1670400586452552,0.474607532311596,0.3515805428450597,0.6248461022794276,1,0.1033561266100496,0.0426829268292682,0.1794871794871795,0.1619795083204332,0.3188940092165898,sxti||warming,0
sxta,SXT_GENE,gene_loss,BIOLOGICAL_PROCESS,gene_process_association,54.10552353325977,6.0,6,4,1.5442871903586974,0.1016949152542373,354,59,6,saxitoxin; cyanobacteria; evolution; nitrogen; horizontal_gene_transfer; biosynthesis,TOXIN; CYANO_TAXON; BIOLOGICAL_PROCESS; ENV_FACTOR; BIOLOGICAL_PROCESS; BIOLOGICAL_PROCESS,dino_pre2016,unvalidated_candidate,0.4425137399414566,0.5566236486410695,0.1838131201112862,0.46322410583709817,0.35145971154677336,0.7595047626156175,1,0.088976912983965,0.0304878048780487,0.1282051282051282,0.1270757109012183,0.106068890103882,gene_loss||sxta,1
light,ENV_FACTOR,sxtb,SXT_GENE,environment_gene_regulation,117.46035494373912,18.0,14,6,3.4338811755732594,0.2592592592592592,867,51,17,cyanobacteria; dinoflagellate; sxta; dinoflagellates; saxitoxin; cyanobacterial; paralytic_shellfish_toxins; transcriptome; toxin_production; bloom; toxin_biosynthesis; paralytic_shellfish_poisoning; nutrient; biosynthesis,CYANO_TAXON; DINO_TAXON; SXT_GENE; DINO_TAXON; TOXIN; CYANO_TAXON; TOXIN; BIOLOGICAL_PROCESS; BIOLOGICAL_PROCESS; ENV_FACTOR; BIOLOGICAL_PROCESS; TOXIN; ENV_FACTOR; BIOLOGICAL_PROCESS,dino_pre2016,unvalidated_candidate,0.3526433668562994,0.4940264470246031,0.2682970943023848,0.4021616378386028,0.3486158204241156,0.684974795402223,1,0.2192791963882512,0.1036585365853658,0.3333333333333333,0.3096185698555085,0.3703703703703703,light||sxtb,0
alexandrium,DINO_TAXON,sxtb,SXT_GENE,taxon_gene_association,137.7507224625207,23.0,17,6,4.299411864171739,0.2151898734177215,1343,79,17,cyanobacterial; cyanobacteria; dinoflagellate; sxtg; sxta; dinoflagellates; saxitoxin; paralytic_shellfish_toxins; transcriptome; climate; evolution; toxin_production; bloom; toxin_biosynthesis; paralytic_shellfish_poisoning; nutrient; biosynthesis,CYANO_TAXON; CYANO_TAXON; DINO_TAXON; SXT_GENE; SXT_GENE; DINO_TAXON; TOXIN; TOXIN; BIOLOGICAL_PROCESS; ENV_FACTOR; BIOLOGICAL_PROCESS; BIOLOGICAL_PROCESS; ENV_FACTOR; BIOLOGICAL_PROCESS; TOXIN; ENV_FACTOR; BIOLOGICAL_PROCESS,dino_pre2016,unvalidated_candidate,0.2722547516530979,0.5315815438483547,0.2885401568078538,0.38641431166713625,0.34726464972342325,0.7940908770657443,1,0.2610105238963232,0.1341463414634146,0.4102564102564102,0.3932325354193868,0.29644752960392,alexandrium||sxtb,1
regulation,BIOLOGICAL_PROCESS,sxtb,SXT_GENE,gene_process_association,125.52785512398462,20.0,15,6,3.701427561992314,0.3125,782,46,17,cyanobacterial; cyanobacteria; dinoflagellate; sxta; dinoflagellates; saxitoxin; paralytic_shellfish_toxins; transcriptome; evolution; toxin_production; bloom; toxin_biosynthesis; paralytic_shellfish_poisoning; nutrient; biosynthesis,CYANO_TAXON; CYANO_TAXON; DINO_TAXON; SXT_GENE; DINO_TAXON; TOXIN; TOXIN; BIOLOGICAL_PROCESS; BIOLOGICAL_PROCESS; BIOLOGICAL_PROCESS; ENV_FACTOR; BIOLOGICAL_PROCESS; TOXIN; ENV_FACTOR; BIOLOGICAL_PROCESS,dino_pre2016,unvalidated_candidate,0.2452882373154382,0.4735508158624479,0.2667041600084773,0.3993178717161882,0.3462723870331038,0.6381373101156842,1,0.2358716751534397,0.1158536585365853,0.358974358974359,0.3354646948230781,0.4596774193548388,regulation||sxtb,0
transcriptome,BIOLOGICAL_PROCESS,sxtd,SXT_GENE,gene_process_association,65.27785009946567,7.0,7,5,1.6667028275106075,0.1944444444444444,390,30,13,saxitoxin; cyanobacteria; paralytic_shellfish_toxins; paralytic_shellfish_poisoning; sxta; expression; dinoflagellates,TOXIN; CYANO_TAXON; TOXIN; TOXIN; SXT_GENE; BIOLOGICAL_PROCESS; DINO_TAXON,dino_pre2016,unvalidated_candidate,0.2518539739710719,0.4317452578903687,0.1636133431594853,0.4632592204024916,0.3434008695052891,0.5115435919688096,1,0.1119551078604208,0.0365853658536585,0.1538461538461538,0.1389015849044546,0.2616487455197133,sxtd||transcriptome,1
sxta,SXT_GENE,nitrogen_limitation,ENV_FACTOR,environment_gene_regulation,127.41282347562657,20.0,17,5,4.26573377171159,0.288135593220339,1003,59,17,alexandrium; dinoflagellate; nutrient; cyanobacteria; paralytic_shellfish_toxins; alexandrium_fundyense; climate; toxicity; alexandrium_tamarense; bloom; toxin_biosynthesis; paralytic_shellfish_poisoning; nitrogen; phosphorus; expression; dinoflagellates; biosynthesis,DINO_TAXON; DINO_TAXON; ENV_FACTOR; CYANO_TAXON; TOXIN; DINO_TAXON; ENV_FACTOR; BIOLOGICAL_PROCESS; DINO_TAXON; ENV_FACTOR; BIOLOGICAL_PROCESS; TOXIN; ENV_FACTOR; ENV_FACTOR; BIOLOGICAL_PROCESS; DINO_TAXON; BIOLOGICAL_PROCESS,dino_pre2016,unvalidated_candidate,0.3382134628951755,0.4989029029132101,0.2901838830933019,0.37848117637756457,0.3431622590638595,0.6804674326203578,1,0.2397485015121495,0.1158536585365853,0.4102564102564102,0.3899790876788107,0.4188080918534719,nitrogen_limitation||sxta,0
gonyautoxin,TOXIN,climate,ENV_FACTOR,environment_toxin_association,194.8653682632187,45.0,19,7,4.705411404336616,0.3454545454545454,1173,51,23,alexandrium; dinoflagellate; toxicity; bloom; saxitoxin; paralytic_shellfish_toxins; paralytic_shellfish_poisoning; dinoflagellates; nutrient; nitrogen; sxta; cyanobacterial; mouse_bioassay; alexandrium_ostenfeldii; biosynthesis; cyanobacteria; temperature; toxin_production; sxtg,DINO_TAXON; DINO_TAXON; BIOLOGICAL_PROCESS; ENV_FACTOR; TOXIN; TOXIN; TOXIN; DINO_TAXON; ENV_FACTOR; ENV_FACTOR; SXT_GENE; CYANO_TAXON; DETECTION_METHOD; DINO_TAXON; BIOLOGICAL_PROCESS; CYANO_TAXON; ENV_FACTOR; BIOLOGICAL_PROCESS; SXT_GENE,dino_pre2016,unvalidated_candidate,0.3581435456258377,0.4958864928699567,0.3844147898324254,0.3110408616382784,0.3403904329159372,0.7900842979493753,1,0.378478577996882,0.2682926829268293,0.4615384615384615,0.4324538270702536,0.5149560117302053,climate||gonyautoxin,1
evolution,BIOLOGICAL_PROCESS,sxtd,SXT_GENE,gene_process_association,64.79173898835455,7.0,7,5,1.6667028275106075,0.1458333333333333,546,42,13,saxitoxin; cyanobacteria; paralytic_shellfish_toxins; paralytic_shellfish_poisoning; sxta; expression; dinoflagellates,TOXIN; CYANO_TAXON; TOXIN; TOXIN; SXT_GENE; BIOLOGICAL_PROCESS; DINO_TAXON,dino_pre2016,unvalidated_candidate,0.2032840740729076,0.5064788951366925,0.1593742352361084,0.44922658335927873,0.3332856441100106,0.6825214939469723,1,0.1109553200564634,0.0365853658536585,0.1538461538461538,0.1389015849044546,0.1801075268817204,evolution||sxtd,1
aphanizomenon,CYANO_TAXON,sxtg,SXT_GENE,cyano_gene_transfer_signal,174.85790584144692,37.0,19,6,4.719650595142073,0.4418604651162791,936,26,36,saxitoxin; dinoflagellate; paralytic_shellfish_toxins; alexandrium; dinoflagellates; cyanobacteria; cyanobacterial; paralytic_shellfish_poisoning; biosynthesis; pyrodinium; bloom; sxta; evolution; toxin_biosynthesis; toxicity; phylogeny; phylogenetic; gymnodinium; horizontal_gene_transfer,TOXIN; DINO_TAXON; TOXIN; DINO_TAXON; DINO_TAXON; CYANO_TAXON; CYANO_TAXON; TOXIN; BIOLOGICAL_PROCESS; DINO_TAXON; ENV_FACTOR; SXT_GENE; BIOLOGICAL_PROCESS; BIOLOGICAL_PROCESS; BIOLOGICAL_PROCESS; BIOLOGICAL_PROCESS; BIOLOGICAL_PROCESS; DINO_TAXON; BIOLOGICAL_PROCESS,dino_pre2016,unvalidated_candidate,0.3439721204095098,0.5009527495382349,0.3667229457533649,0.3095428401147173,0.3324148823701763,0.7306864872761283,1,0.3373291031953266,0.2195121951219512,0.4615384615384615,0.4338293937894335,0.6766691672918231,aphanizomenon||sxtg,0
pyrodinium_bahamense,DINO_TAXON,gtx,TOXIN,taxon_toxin_association,448.5132277088681,150.0,32,6,8.179690777510995,0.6153846153846154,1755,45,39,dinoflagellate; saxitoxin; paralytic_shellfish_poisoning; paralytic_shellfish_toxins; dinoflagellates; toxicity; gonyautoxin; neosaxitoxin; gymnodinium; hplc; alexandrium; temperature; gymnodinium_catenatum; mouse_bioassay; nutrient; salinity; toxin_production; saxitoxin_biosynthesis; light; mass_spectrometry,DINO_TAXON; TOXIN; TOXIN; TOXIN; DINO_TAXON; BIOLOGICAL_PROCESS; TOXIN; TOXIN; DINO_TAXON; DETECTION_METHOD; DINO_TAXON; ENV_FACTOR; DINO_TAXON; DETECTION_METHOD; ENV_FACTOR; ENV_FACTOR; BIOLOGICAL_PROCESS; BIOLOGICAL_PROCESS; ENV_FACTOR; DETECTION_METHOD,dino_pre2016,unvalidated_candidate,0.3738441287328545,0.5541598287388814,0.7758729937498887,0.03033756559857616,0.32855173685910116,0.7672329736783478,1,0.9001577385369683,0.9085365853658536,0.7948717948717948,0.7680840706821674,0.9677419354838712,gtx||pyrodinium_bahamense,0
cyanobacteria,CYANO_TAXON,alexandrium_ostenfeldii,DINO_TAXON,cross_taxa_association,275.6995167330288,79.0,24,6,6.110627931731824,0.3478260869565217,1890,63,30,alexandrium; saxitoxin; dinoflagellate; paralytic_shellfish_poisoning; toxicity; dinoflagellates; paralytic_shellfish_toxins; mass_spectrometry; toxin_production; hplc; gonyautoxin; bloom; lc_ms; gtx; light; cyanobacterial; salinity; harmful_algal_bloom; mouse_bioassay; climate,DINO_TAXON; TOXIN; DINO_TAXON; TOXIN; BIOLOGICAL_PROCESS; DINO_TAXON; TOXIN; DETECTION_METHOD; BIOLOGICAL_PROCESS; DETECTION_METHOD; TOXIN; ENV_FACTOR; DETECTION_METHOD; TOXIN; ENV_FACTOR; CYANO_TAXON; ENV_FACTOR; ENV_FACTOR; DETECTION_METHOD; ENV_FACTOR,dino_pre2016,unvalidated_candidate,0.2363020439318927,0.4432289744851096,0.4799541370496201,0.2229152971277663,0.32573083309650785,0.7293285369351168,1,0.5447306836084381,0.4756097560975609,0.5897435897435898,0.5682037523810152,0.5189340813464236,alexandrium_ostenfeldii||cyanobacteria,0
alexandrium_catenella,DINO_TAXON,cylindrospermopsis,CYANO_TAXON,cross_taxa_association,188.4915060397389,42.0,19,7,4.635583528344025,0.3220338983050847,1400,50,28,paralytic_shellfish_poisoning; dinoflagellates; paralytic_shellfish_toxins; saxitoxin; sxta; toxicity; cyanobacteria; expression; phylogenetic; biosynthesis; pyrodinium; saxitoxin_biosynthesis; bloom; cyanobacterial; dinoflagellate; alexandrium; mass_spectrometry; gymnodinium; hplc,TOXIN; DINO_TAXON; TOXIN; TOXIN; SXT_GENE; BIOLOGICAL_PROCESS; CYANO_TAXON; BIOLOGICAL_PROCESS; BIOLOGICAL_PROCESS; BIOLOGICAL_PROCESS; DINO_TAXON; BIOLOGICAL_PROCESS; ENV_FACTOR; CYANO_TAXON; DINO_TAXON; DINO_TAXON; DETECTION_METHOD; DINO_TAXON; DETECTION_METHOD,dino_pre2016,unvalidated_candidate,0.3704329729692622,0.4694363192033763,0.3734021306454469,0.29131642708244343,0.3241507085076448,0.6966156558713884,1,0.365369415154309,0.25,0.4615384615384615,0.4257081556624639,0.4756697648988519,alexandrium_catenella||cylindrospermopsis,0
neosaxitoxin,TOXIN,gene_expression,BIOLOGICAL_PROCESS,process_toxin_association,240.6265495218171,69.0,21,5,5.125774760908557,0.4375,1188,36,33,alexandrium; dinoflagellate; saxitoxin; paralytic_shellfish_poisoning; paralytic_shellfish_toxins; dinoflagellates; toxin_production; alexandrium_tamarense; nutrient; cyanobacteria; gymnodinium; gymnodinium_catenatum; alexandrium_fundyense; gonyautoxin; bloom; alexandrium_catenella; light; nitrogen; alexandrium_minutum; phylogenetic,DINO_TAXON; DINO_TAXON; TOXIN; TOXIN; TOXIN; DINO_TAXON; BIOLOGICAL_PROCESS; DINO_TAXON; ENV_FACTOR; CYANO_TAXON; DINO_TAXON; DINO_TAXON; DINO_TAXON; TOXIN; ENV_FACTOR; DINO_TAXON; ENV_FACTOR; ENV_FACTOR; DINO_TAXON; BIOLOGICAL_PROCESS,dino_pre2016,unvalidated_candidate,0.3456112846390105,0.4800389005414011,0.4585717922360149,0.2251194021978099,0.3185003582130919,0.6986543106917821,1,0.4725958895976278,0.4146341463414634,0.5128205128205128,0.4730627248063198,0.6693548387096776,gene_expression||neosaxitoxin,0
gtx,TOXIN,transcriptome,BIOLOGICAL_PROCESS,process_toxin_association,181.232741808223,43.0,19,5,4.716370904111505,0.38,1170,39,30,dinoflagellate; alexandrium; paralytic_shellfish_poisoning; dinoflagellates; alexandrium_fundyense; saxitoxin; light; alexandrium_minutum; biosynthesis; paralytic_shellfish_toxins; bloom; alexandrium_catenella; nitrogen; warming; toxin_biosynthesis; nutrient; cyanobacteria; toxin_production; nutrients,DINO_TAXON; DINO_TAXON; TOXIN; DINO_TAXON; DINO_TAXON; TOXIN; ENV_FACTOR; DINO_TAXON; BIOLOGICAL_PROCESS; TOXIN; ENV_FACTOR; DINO_TAXON; ENV_FACTOR; ENV_FACTOR; BIOLOGICAL_PROCESS; ENV_FACTOR; CYANO_TAXON; BIOLOGICAL_PROCESS; ENV_FACTOR,dino_pre2016,unvalidated_candidate,0.3149670088834217,0.4966742928734194,0.3686620173957375,0.2850155037016528,0.31847410917928665,0.7672329736783478,1,0.3504402687419103,0.2560975609756097,0.4615384615384615,0.4335125616117852,0.5729032258064518,gtx||transcriptome,0
cyanobacterial,CYANO_TAXON,alexandrium_tamiyavanichii,DINO_TAXON,cross_taxa_association,182.7241153317289,39.0,19,7,4.634784938591732,0.3454545454545454,1173,51,23,alexandrium; dinoflagellate; hplc; saxitoxin; paralytic_shellfish_poisoning; dinoflagellates; toxicity; paralytic_shellfish_toxins; pyrodinium; gonyautoxin; saxitoxin_biosynthesis; alexandrium_catenella; light; sxta; pyrodinium_bahamense; alexandrium_minutum; biosynthesis; cyanobacteria; toxin_production,DINO_TAXON; DINO_TAXON; DETECTION_METHOD; TOXIN; TOXIN; DINO_TAXON; BIOLOGICAL_PROCESS; TOXIN; DINO_TAXON; TOXIN; BIOLOGICAL_PROCESS; DINO_TAXON; ENV_FACTOR; SXT_GENE; DINO_TAXON; DINO_TAXON; BIOLOGICAL_PROCESS; CYANO_TAXON; BIOLOGICAL_PROCESS,dino_pre2016,unvalidated_candidate,0.3702117372228629,0.5052658156804529,0.3711060305262182,0.2786754892885879,0.31564770578364,0.7293285369351168,1,0.3535075861223709,0.2317073170731707,0.4615384615384615,0.4256310084775894,0.5149560117302053,alexandrium_tamiyavanichii||cyanobacterial,0
sxtg,SXT_GENE,environmental_stress,ENV_FACTOR,environment_gene_regulation,65.72682210300516,8.0,8,4,1.911030099121631,0.1904761904761904,504,36,14,saxitoxin; gonyautoxin; dinoflagellate; alexandrium; toxicity; toxin_production; paralytic_shellfish_poisoning; nitrogen,TOXIN; TOXIN; DINO_TAXON; DINO_TAXON; BIOLOGICAL_PROCESS; BIOLOGICAL_PROCESS; TOXIN; ENV_FACTOR,dino_pre2016,unvalidated_candidate,0.1417961049256063,0.4878491041133215,0.1577710834137624,0.4167246290445756,0.3131432107922503,0.7141856269675755,1,0.1128785114263896,0.0426829268292682,0.1794871794871795,0.1625046440956667,0.2549923195084485,environmental_stress||sxtg,0
gtx,TOXIN,expression,BIOLOGICAL_PROCESS,process_toxin_association,399.0913002280694,135.0,27,6,6.795650114034677,0.45,1872,39,48,dinoflagellate; alexandrium; saxitoxin; paralytic_shellfish_poisoning; paralytic_shellfish_toxins; dinoflagellates; alexandrium_tamarense; alexandrium_minutum; nutrient; toxin_production; alexandrium_fundyense; biosynthesis; gymnodinium; gymnodinium_catenatum; saxitoxin_biosynthesis; alexandrium_catenella; light; toxin_biosynthesis; phylogenetic; nutrients,DINO_TAXON; DINO_TAXON; TOXIN; TOXIN; TOXIN; DINO_TAXON; DINO_TAXON; DINO_TAXON; ENV_FACTOR; BIOLOGICAL_PROCESS; DINO_TAXON; BIOLOGICAL_PROCESS; DINO_TAXON; DINO_TAXON; BIOLOGICAL_PROCESS; DINO_TAXON; ENV_FACTOR; BIOLOGICAL_PROCESS; BIOLOGICAL_PROCESS; ENV_FACTOR,dino_pre2016,unvalidated_candidate,0.3117640668602617,0.529867695078446,0.6771611141561973,0.06816484956605867,0.31176335540211414,0.7672329736783478,1,0.7985113469734683,0.8170731707317073,0.6666666666666666,0.6343798243748466,0.6903225806451615,expression||gtx,0
transcriptome,BIOLOGICAL_PROCESS,sxti,SXT_GENE,gene_process_association,76.82786577185014,9.0,9,5,2.1282186002107863,0.2571428571428571,420,30,14,saxitoxin; cyanobacterial; cyanobacteria; dinoflagellate; alexandrium; paralytic_shellfish_poisoning; sxta; dinoflagellates; biosynthesis,TOXIN; CYANO_TAXON; CYANO_TAXON; DINO_TAXON; DINO_TAXON; TOXIN; SXT_GENE; DINO_TAXON; BIOLOGICAL_PROCESS,dino_pre2016,unvalidated_candidate,0.4365931778836837,0.474571314055727,0.2193109846537955,0.3729458795792582,0.31149192160907313,0.6248461022794276,1,0.1357100983159404,0.048780487804878,0.2051282051282051,0.1834859820079535,0.3668202764976959,sxti||transcriptome,1
neosaxitoxin,TOXIN,transcriptomic,BIOLOGICAL_PROCESS,process_toxin_association,162.006674026353,35.0,18,5,4.360479870319368,0.4285714285714285,864,36,24,alexandrium; dinoflagellate; paralytic_shellfish_toxins; paralytic_shellfish_poisoning; saxitoxin; cyanobacteria; alexandrium_tamarense; toxin_production; light; dinoflagellates; alexandrium_fundyense; toxicity; bloom; alexandrium_catenella; alexandrium_minutum; nitrogen; nutrient; biosynthesis,DINO_TAXON; DINO_TAXON; TOXIN; TOXIN; TOXIN; CYANO_TAXON; DINO_TAXON; BIOLOGICAL_PROCESS; ENV_FACTOR; DINO_TAXON; DINO_TAXON; BIOLOGICAL_PROCESS; ENV_FACTOR; DINO_TAXON; DINO_TAXON; ENV_FACTOR; ENV_FACTOR; BIOLOGICAL_PROCESS,dino_pre2016,unvalidated_candidate,0.3472792551876382,0.4929347882335768,0.349766553766963,0.28288044498563614,0.3096348884981669,0.6477888934121167,1,0.3108978932499465,0.2073170731707317,0.4358974358974359,0.399131965942585,0.6543778801843319,neosaxitoxin||transcriptomic,0
gymnodinium,DINO_TAXON,scytonema,CYANO_TAXON,cross_taxa_association,58.94158845638604,6.0,6,5,1.4869232604510874,0.0967741935483871,372,62,6,saxitoxin; cyanobacteria; cyanobacterium; sxta; phylogenetic; dinoflagellates,TOXIN; CYANO_TAXON; CYANO_TAXON; SXT_GENE; BIOLOGICAL_PROCESS; DINO_TAXON,dino_pre2016,unvalidated_candidate,0.3860337131342696,0.5611366442443647,0.1788609378441664,0.394081885813536,0.30799350662578817,0.7230632989122351,1,0.0989232783699282,0.0304878048780487,0.1282051282051282,0.1215341099815902,0.0978147762747139,gymnodinium||scytonema,0
phosphate,ENV_FACTOR,sxti,SXT_GENE,environment_gene_regulation,55.20153390862528,7.0,7,3,1.6548210083666923,0.1891891891891892,420,30,14,saxitoxin; dinoflagellate; alexandrium; saxitoxin_biosynthesis; paralytic_shellfish_poisoning; dinoflagellates; biosynthesis,TOXIN; DINO_TAXON; DINO_TAXON; BIOLOGICAL_PROCESS; TOXIN; DINO_TAXON; BIOLOGICAL_PROCESS,dino_pre2016,unvalidated_candidate,0.3111348164562668,0.5070371994059134,0.1723404921536072,0.38573323657084413,0.30037613880394937,0.6248461022794276,1,0.0912310844712131,0.0365853658536585,0.1538461538461538,0.137753750367999,0.2528334786399304,phosphate||sxti,1
gtx,TOXIN,regulation,BIOLOGICAL_PROCESS,process_toxin_association,398.1371768695439,123.0,33,6,8.395511511694988,0.6346153846153846,1794,39,46,alexandrium; dinoflagellate; saxitoxin; paralytic_shellfish_toxins; paralytic_shellfish_poisoning; dinoflagellates; alexandrium_tamarense; toxicity; toxin_production; alexandrium_minutum; nutrient; temperature; alexandrium_fundyense; biosynthesis; saxitoxin_biosynthesis; alexandrium_catenella; light; salinity; nitrate; gymnodinium,DINO_TAXON; DINO_TAXON; TOXIN; TOXIN; TOXIN; DINO_TAXON; DINO_TAXON; BIOLOGICAL_PROCESS; BIOLOGICAL_PROCESS; DINO_TAXON; ENV_FACTOR; ENV_FACTOR; DINO_TAXON; BIOLOGICAL_PROCESS; BIOLOGICAL_PROCESS; DINO_TAXON; ENV_FACTOR; ENV_FACTOR; ENV_FACTOR; DINO_TAXON,dino_pre2016,unvalidated_candidate,0.3561849810087958,0.5555344780625828,0.709630754234019,0.021776028912338652,0.2969179190410108,0.7672329736783478,1,0.7965489954132577,0.7439024390243902,0.8205128205128205,0.7889332764627872,1.0,gtx||regulation,0
pyrodinium,DINO_TAXON,sxtb,SXT_GENE,taxon_gene_association,119.47935420406962,19.0,14,6,3.418922385053677,0.2641509433962264,850,50,17,cyanobacterial; cyanobacteria; dinoflagellate; sxta; dinoflagellates; saxitoxin; paralytic_shellfish_toxins; evolution; toxin_production; sxtg; bloom; paralytic_shellfish_poisoning; nutrient; biosynthesis,CYANO_TAXON; CYANO_TAXON; DINO_TAXON; SXT_GENE; DINO_TAXON; TOXIN; TOXIN; BIOLOGICAL_PROCESS; BIOLOGICAL_PROCESS; SXT_GENE; ENV_FACTOR; TOXIN; ENV_FACTOR; BIOLOGICAL_PROCESS,dino_pre2016,unvalidated_candidate,0.2742575613940418,0.4387119636741164,0.2540909286279825,0.32404484186385935,0.2960632765695086,0.6816492115815384,1,0.223431684966559,0.1097560975609756,0.3333333333333333,0.3081734867269057,0.3785757760194767,pyrodinium||sxtb,0
alexandrium_fundyense,DINO_TAXON,sxtb,SXT_GENE,taxon_gene_association,135.06821148344554,21.0,17,6,4.299411864171739,0.3469387755102041,833,49,17,cyanobacteria; dinoflagellate; sxta; dinoflagellates; saxitoxin; cyanobacterial; paralytic_shellfish_toxins; transcriptome; climate; evolution; toxin_production; bloom; sxtg; toxin_biosynthesis; paralytic_shellfish_poisoning; nutrient; biosynthesis,CYANO_TAXON; DINO_TAXON; SXT_GENE; DINO_TAXON; TOXIN; CYANO_TAXON; TOXIN; BIOLOGICAL_PROCESS; ENV_FACTOR; BIOLOGICAL_PROCESS; BIOLOGICAL_PROCESS; ENV_FACTOR; SXT_GENE; BIOLOGICAL_PROCESS; TOXIN; ENV_FACTOR; BIOLOGICAL_PROCESS,dino_pre2016,unvalidated_candidate,0.4857012984967337,0.5047413642462275,0.3245530063335565,0.27353766237635846,0.2939437999592377,0.6816492115815384,1,0.2554933865596946,0.1219512195121951,0.4102564102564102,0.3932325354193868,0.5174456879526005,alexandrium_fundyense||sxtb,0
pyrodinium_bahamense,DINO_TAXON,cyanobacterium,CYANO_TAXON,cross_taxa_association,241.3813559295409,59.0,24,7,6.008859782952238,0.4363636363636363,1530,45,34,saxitoxin; dinoflagellates; paralytic_shellfish_poisoning; hplc; alexandrium; dinoflagellate; paralytic_shellfish_toxins; sxta; cyanobacterial; mass_spectrometry; toxin_production; saxitoxin_biosynthesis; bloom; lc_ms; nitrogen; mouse_bioassay; toxicity; alexandrium_minutum; elisa; phylogenetic,TOXIN; DINO_TAXON; TOXIN; DETECTION_METHOD; DINO_TAXON; DINO_TAXON; TOXIN; SXT_GENE; CYANO_TAXON; DETECTION_METHOD; BIOLOGICAL_PROCESS; BIOLOGICAL_PROCESS; ENV_FACTOR; DETECTION_METHOD; ENV_FACTOR; DETECTION_METHOD; BIOLOGICAL_PROCESS; DINO_TAXON; DETECTION_METHOD; BIOLOGICAL_PROCESS,dino_pre2016,unvalidated_candidate,0.3666793249443175,0.4537194629228347,0.4588914314826774,0.1766331525168916,0.28953646410320594,0.6813511763089103,1,0.4741483047215409,0.3536585365853658,0.5897435897435898,0.5583725140440653,0.6674486803519062,cyanobacterium||pyrodinium_bahamense,0
saxitoxin_biosynthesis,BIOLOGICAL_PROCESS,sxtd,SXT_GENE,gene_process_association,76.64655111678829,9.0,9,5,2.3450146888289285,0.1956521739130435,546,42,13,saxitoxin; cyanobacteria; dinoflagellates; cyanobacterium; paralytic_shellfish_poisoning; sxta; expression; sxtu; cylindrospermopsis,TOXIN; CYANO_TAXON; DINO_TAXON; CYANO_TAXON; TOXIN; SXT_GENE; BIOLOGICAL_PROCESS; SXT_GENE; CYANO_TAXON,dino_pre2016,unvalidated_candidate,0.3860233623731722,0.482633472297637,0.2072439261916297,0.3435580081611593,0.28903237537334747,0.7888109670799218,1,0.1353371873154178,0.048780487804878,0.2051282051282051,0.2044294111975683,0.2636746143057504,saxitoxin_biosynthesis||sxtd,1
alexandrium_catenella,DINO_TAXON,aphanizomenon,CYANO_TAXON,cross_taxa_association,190.62295762924484,43.0,19,7,4.64481214795575,0.3333333333333333,1300,50,26,saxitoxin; paralytic_shellfish_toxins; dinoflagellate; paralytic_shellfish_poisoning; alexandrium; dinoflagellates; cyanobacteria; hplc; biosynthesis; pyrodinium; bloom; sxta; cyanobacterial; evolution; toxin_biosynthesis; toxicity; mass_spectrometry; phylogenetic; gymnodinium,TOXIN; TOXIN; DINO_TAXON; TOXIN; DINO_TAXON; DINO_TAXON; CYANO_TAXON; DETECTION_METHOD; BIOLOGICAL_PROCESS; DINO_TAXON; ENV_FACTOR; SXT_GENE; CYANO_TAXON; BIOLOGICAL_PROCESS; BIOLOGICAL_PROCESS; BIOLOGICAL_PROCESS; DETECTION_METHOD; BIOLOGICAL_PROCESS; DINO_TAXON,dino_pre2016,unvalidated_candidate,0.3247409056779544,0.5135202457889944,0.3746582394550086,0.23049650428105228,0.2881611983506348,0.7306864872761283,1,0.3697531851509312,0.2560975609756097,0.4615384615384615,0.4265996797789183,0.4946236559139786,alexandrium_catenella||aphanizomenon,0
sxta,SXT_GENE,irradiance,ENV_FACTOR,environment_gene_regulation,158.49891843816914,32.0,19,5,4.692082169904233,0.3114754098360656,1239,59,21,alexandrium; paralytic_shellfish_toxins; dinoflagellate; paralytic_shellfish_poisoning; dinoflagellates; saxitoxin; alexandrium_minutum; alexandrium_fundyense; bloom; alexandrium_catenella; light; toxicity; nutrient; alexandrium_tamiyavanichii; temperature; toxin_production; gymnodinium; hplc; gymnodinium_catenatum,DINO_TAXON; TOXIN; DINO_TAXON; TOXIN; DINO_TAXON; TOXIN; DINO_TAXON; DINO_TAXON; ENV_FACTOR; DINO_TAXON; ENV_FACTOR; BIOLOGICAL_PROCESS; ENV_FACTOR; DINO_TAXON; ENV_FACTOR; BIOLOGICAL_PROCESS; DINO_TAXON; DETECTION_METHOD; DINO_TAXON,dino_pre2016,unvalidated_candidate,0.2447208431140909,0.4503536479774136,0.3179662906764826,0.2662593653661227,0.2869421354902667,0.6254051313625,1,0.3036834700940686,0.1890243902439024,0.4615384615384615,0.4311661660277239,0.4579587519830779,irradiance||sxta,1
gtx,TOXIN,evolution,BIOLOGICAL_PROCESS,process_toxin_association,296.0789450193625,89.0,24,6,5.934209351786525,0.4210526315789473,1638,39,42,saxitoxin; dinoflagellate; alexandrium; paralytic_shellfish_poisoning; dinoflagellates; paralytic_shellfish_toxins; toxicity; biosynthesis; gymnodinium; saxitoxin_biosynthesis; alexandrium_catenella; mouse_bioassay; alexandrium_tamarense; alexandrium_minutum; phylogenetic; toxin_production; hplc; gymnodinium_catenatum; alexandrium_fundyense; bloom,TOXIN; DINO_TAXON; DINO_TAXON; TOXIN; DINO_TAXON; TOXIN; BIOLOGICAL_PROCESS; BIOLOGICAL_PROCESS; DINO_TAXON; BIOLOGICAL_PROCESS; DINO_TAXON; DETECTION_METHOD; DINO_TAXON; DINO_TAXON; BIOLOGICAL_PROCESS; BIOLOGICAL_PROCESS; DETECTION_METHOD; DINO_TAXON; DINO_TAXON; ENV_FACTOR,dino_pre2016,unvalidated_candidate,0.3432123624187798,0.5643313698332098,0.5411077022442198,0.11642406821107518,0.28629752182433305,0.7672329736783478,1,0.5866451829617415,0.5365853658536586,0.5897435897435898,0.5511609631851053,0.6417657045840408,evolution||gtx,0
gene_expression,BIOLOGICAL_PROCESS,sxti,SXT_GENE,gene_process_association,88.36372106242989,11.0,11,5,2.654082753437169,0.3055555555555556,462,33,14,saxitoxin; cyanobacterial; cyanobacteria; dinoflagellate; alexandrium; saxitoxin_biosynthesis; paralytic_shellfish_poisoning; sxta; phylogenetic; dinoflagellates; biosynthesis,TOXIN; CYANO_TAXON; CYANO_TAXON; DINO_TAXON; DINO_TAXON; BIOLOGICAL_PROCESS; TOXIN; SXT_GENE; BIOLOGICAL_PROCESS; DINO_TAXON; BIOLOGICAL_PROCESS,dino_pre2016,unvalidated_candidate,0.3752880219106566,0.4716094745199162,0.2323148326016553,0.3209061508304656,0.28546962353894145,0.6248461022794276,1,0.1594359650244314,0.0609756097560975,0.2564102564102564,0.2342867078266383,0.4480286738351256,gene_expression||sxti,1
sxta,SXT_GENE,environmental_stress,ENV_FACTOR,environment_gene_regulation,87.10097999369654,11.0,11,5,2.663393222654721,0.1774193548387097,826,59,14,saxitoxin; gonyautoxin; dinoflagellate; alexandrium; toxicity; alexandrium_tamarense; toxin_production; light; paralytic_shellfish_poisoning; hplc; nitrogen,TOXIN; TOXIN; DINO_TAXON; DINO_TAXON; BIOLOGICAL_PROCESS; DINO_TAXON; BIOLOGICAL_PROCESS; ENV_FACTOR; TOXIN; DETECTION_METHOD; ENV_FACTOR,dino_pre2016,unvalidated_candidate,0.1204055400955481,0.5041111373001234,0.1856767388040585,0.3485784485358846,0.28341776464315416,0.7601450162581629,1,0.1568388774631328,0.0609756097560975,0.2564102564102564,0.2351861389650078,0.2330905306971905,environmental_stress||sxta,0
neosaxitoxin,TOXIN,regulation,BIOLOGICAL_PROCESS,process_toxin_association,354.90667405489137,109.0,29,6,7.217487970841912,0.5471698113207547,1656,36,46,alexandrium; dinoflagellate; dinoflagellates; saxitoxin; paralytic_shellfish_toxins; paralytic_shellfish_poisoning; alexandrium_tamarense; toxicity; toxin_production; light; pyrodinium; pyrodinium_bahamense; salinity; nutrient; cyanobacteria; temperature; gymnodinium; hplc; gonyautoxin; alexandrium_fundyense,DINO_TAXON; DINO_TAXON; DINO_TAXON; TOXIN; TOXIN; TOXIN; DINO_TAXON; BIOLOGICAL_PROCESS; BIOLOGICAL_PROCESS; ENV_FACTOR; DINO_TAXON; DINO_TAXON; ENV_FACTOR; ENV_FACTOR; CYANO_TAXON; ENV_FACTOR; DINO_TAXON; DETECTION_METHOD; TOXIN; DINO_TAXON,dino_pre2016,unvalidated_candidate,0.3312606170863378,0.5075010773707034,0.630177471382586,0.05167874762434439,0.283078237127641,0.6986543106917821,1,0.7076365462115871,0.6585365853658537,0.717948717948718,0.6751311651386666,0.8533171028606209,neosaxitoxin||regulation,0
alexandrium_minutum,DINO_TAXON,cylindrospermopsis,CYANO_TAXON,cross_taxa_association,209.54987833155823,47.0,22,7,5.528907419747386,0.3492063492063492,1596,57,28,paralytic_shellfish_poisoning; dinoflagellates; cyanobacteria; paralytic_shellfish_toxins; saxitoxin; sxta; toxicity; expression; phylogenetic; biosynthesis; pyrodinium; saxitoxin_biosynthesis; anabaena; bloom; lc_ms; lc_ms_ms; cyanobacterial; dinoflagellate; alexandrium; cyanobacterium,TOXIN; DINO_TAXON; CYANO_TAXON; TOXIN; TOXIN; SXT_GENE; BIOLOGICAL_PROCESS; BIOLOGICAL_PROCESS; BIOLOGICAL_PROCESS; BIOLOGICAL_PROCESS; DINO_TAXON; BIOLOGICAL_PROCESS; CYANO_TAXON; ENV_FACTOR; DETECTION_METHOD; DETECTION_METHOD; CYANO_TAXON; DINO_TAXON; DINO_TAXON; CYANO_TAXON,dino_pre2016,unvalidated_candidate,0.3104600885508907,0.4550990854673521,0.3980462876039288,0.20300496424894376,0.28102149359093775,0.7331218065809528,1,0.4086803029479073,0.2804878048780488,0.5384615384615384,0.5120070634621863,0.5212493599590375,alexandrium_minutum||cylindrospermopsis,0
toxicity,BIOLOGICAL_PROCESS,sxtd,SXT_GENE,gene_process_association,81.49483082367618,10.0,10,5,2.543190059725412,0.1408450704225352,884,68,13,saxitoxin; cyanobacteria; paralytic_shellfish_toxins; mass_spectrometry; dinoflagellates; cyanobacterium; lc_ms; paralytic_shellfish_poisoning; sxta; cylindrospermopsis,TOXIN; CYANO_TAXON; TOXIN; DETECTION_METHOD; DINO_TAXON; CYANO_TAXON; DETECTION_METHOD; TOXIN; SXT_GENE; CYANO_TAXON,dino_pre2016,unvalidated_candidate,0.2256656690413586,0.5126590034126897,0.1901517871989641,0.34132156756948473,0.2808536554212765,0.7765837340823588,1,0.14530867492458,0.0548780487804878,0.2307692307692307,0.2235739994323066,0.1717401181281236,sxtd||toxicity,0
anabaena,CYANO_TAXON,sxtu,SXT_GENE,cyano_gene_transfer_signal,143.71293089326562,21.0,19,6,4.856465446632811,0.5,756,36,21,saxitoxin; cyanobacteria; paralytic_shellfish_toxins; saxitoxin_biosynthesis; lc_ms; sxta; expression; lc_ms_ms; cyanobacterial; dinoflagellate; paralytic_shellfish_poisoning; cylindrospermopsis; dinoflagellates; mass_spectrometry; cyanobacterium; phylogenetic; biosynthesis; gymnodinium; gymnodinium_catenatum,TOXIN; CYANO_TAXON; TOXIN; BIOLOGICAL_PROCESS; DETECTION_METHOD; SXT_GENE; BIOLOGICAL_PROCESS; DETECTION_METHOD; CYANO_TAXON; DINO_TAXON; TOXIN; CYANO_TAXON; DINO_TAXON; DETECTION_METHOD; CYANO_TAXON; BIOLOGICAL_PROCESS; BIOLOGICAL_PROCESS; DINO_TAXON; DINO_TAXON,dino_pre2016,unvalidated_candidate,0.5066158249313002,0.4986289967007813,0.353831526483121,0.23001544302335075,0.2795418764072588,0.8016466653790285,1,0.2732730357736707,0.1219512195121951,0.4615384615384615,0.4470462934694407,0.774193548387097,anabaena||sxtu,0
neosaxitoxin,TOXIN,evolution,BIOLOGICAL_PROCESS,process_toxin_association,294.27931666163965,88.0,24,6,5.917436108597612,0.4444444444444444,1512,36,42,saxitoxin; dinoflagellate; alexandrium; paralytic_shellfish_poisoning; dinoflagellates; paralytic_shellfish_toxins; toxicity; gymnodinium; pyrodinium; mouse_bioassay; alexandrium_tamarense; phylogenetic; cyanobacteria; toxin_production; hplc; gymnodinium_catenatum; alexandrium_fundyense; bloom; alexandrium_catenella; nitrogen,TOXIN; DINO_TAXON; DINO_TAXON; TOXIN; DINO_TAXON; TOXIN; BIOLOGICAL_PROCESS; DINO_TAXON; DINO_TAXON; DETECTION_METHOD; DINO_TAXON; BIOLOGICAL_PROCESS; CYANO_TAXON; BIOLOGICAL_PROCESS; DETECTION_METHOD; DINO_TAXON; DINO_TAXON; ENV_FACTOR; DINO_TAXON; ENV_FACTOR,dino_pre2016,unvalidated_candidate,0.3441726986637667,0.5167884602874007,0.5359443860452633,0.10840158010271915,0.2794187024797368,0.6979876412304247,1,0.582943875909544,0.5304878048780488,0.5897435897435898,0.54954059616997,0.6810035842293908,evolution||neosaxitoxin,0
sxt_genes,SXT_GENE,environmental_stress,ENV_FACTOR,environment_gene_regulation,60.21094242102374,7.0,7,4,1.6595252645659218,0.1891891891891892,420,30,14,saxitoxin; dinoflagellate; alexandrium; toxicity; alexandrium_tamarense; light; paralytic_shellfish_poisoning,TOXIN; DINO_TAXON; DINO_TAXON; BIOLOGICAL_PROCESS; DINO_TAXON; ENV_FACTOR; TOXIN,dino_pre2016,unvalidated_candidate,0.2251275248182946,0.4995812243681573,0.1622998096898658,0.3550980853732127,0.27797877509987395,0.7601450162581629,1,0.1015339667161562,0.0365853658536585,0.1538461538461538,0.13820820163244,0.2528334786399304,environmental_stress||sxt_genes,0
neosaxitoxin,TOXIN,protoceratium,DINO_TAXON,taxon_toxin_association,37.938082275848366,4.0,4,3,0.9427253484504968,0.1052631578947368,216,36,6,alexandrium; toxicity; paralytic_shellfish_poisoning; alexandrium_minutum,DINO_TAXON; BIOLOGICAL_PROCESS; TOXIN; DINO_TAXON,dino_pre2016,unvalidated_candidate,0.1681314441677328,0.4956503636277443,0.1150882994996832,0.38470006639836596,0.27685535963889285,0.6456820762646722,1,0.0557252340552304,0.0182926829268292,0.0769230769230769,0.068962264669401,0.1120543293718166,neosaxitoxin||protoceratium,1
evolution,BIOLOGICAL_PROCESS,sxtu,SXT_GENE,gene_process_association,114.52703314192352,17.0,15,5,3.7010165709617584,0.3125,882,42,21,saxitoxin; cyanobacteria; cyanobacterial; paralytic_shellfish_toxins; dinoflagellate; sxt_genes; gymnodinium; saxitoxin_biosynthesis; dinoflagellates; paralytic_shellfish_poisoning; gymnodinium_catenatum; sxta; expression; phylogenetic; biosynthesis,TOXIN; CYANO_TAXON; CYANO_TAXON; TOXIN; DINO_TAXON; SXT_GENE; DINO_TAXON; BIOLOGICAL_PROCESS; DINO_TAXON; TOXIN; DINO_TAXON; SXT_GENE; BIOLOGICAL_PROCESS; BIOLOGICAL_PROCESS; BIOLOGICAL_PROCESS,dino_pre2016,unvalidated_candidate,0.2873646718360753,0.5174469253326196,0.2658277884393812,0.28081889810274413,0.2748224542373989,0.6979876412304247,1,0.2132462148424598,0.0975609756097561,0.358974358974359,0.3354249913321117,0.4596774193548388,evolution||sxtu,1
gymnodinium_catenatum,DINO_TAXON,aphanizomenon,CYANO_TAXON,cross_taxa_association,211.66580207188733,48.0,22,7,5.529622347419082,0.360655737704918,1482,57,26,saxitoxin; paralytic_shellfish_toxins; dinoflagellate; paralytic_shellfish_poisoning; alexandrium; dinoflagellates; cyanobacteria; hplc; cyanobacterial; mass_spectrometry; biosynthesis; pyrodinium; anabaena; bloom; sxta; evolution; toxicity; cyanobacterium; phylogeny; phylogenetic,TOXIN; TOXIN; DINO_TAXON; TOXIN; DINO_TAXON; DINO_TAXON; CYANO_TAXON; DETECTION_METHOD; CYANO_TAXON; DETECTION_METHOD; BIOLOGICAL_PROCESS; DINO_TAXON; CYANO_TAXON; ENV_FACTOR; SXT_GENE; BIOLOGICAL_PROCESS; BIOLOGICAL_PROCESS; CYANO_TAXON; BIOLOGICAL_PROCESS; BIOLOGICAL_PROCESS,dino_pre2016,unvalidated_candidate,0.4398261473963785,0.5197236213090237,0.4276165753232425,0.17116416752948305,0.2737451306469868,0.7306864872761283,1,0.4130321367186876,0.2865853658536585,0.5384615384615384,0.5120761285323325,0.5404547858276045,aphanizomenon||gymnodinium_catenatum,0
alexandrium_fundyense,DINO_TAXON,sxti,SXT_GENE,taxon_gene_association,87.42355012225894,11.0,11,5,2.654082753437169,0.2115384615384615,686,49,14,saxitoxin; cyanobacterial; cyanobacteria; dinoflagellate; alexandrium; saxitoxin_biosynthesis; paralytic_shellfish_poisoning; sxta; phylogenetic; dinoflagellates; biosynthesis,TOXIN; CYANO_TAXON; CYANO_TAXON; DINO_TAXON; DINO_TAXON; BIOLOGICAL_PROCESS; TOXIN; SXT_GENE; BIOLOGICAL_PROCESS; DINO_TAXON; BIOLOGICAL_PROCESS,dino_pre2016,unvalidated_candidate,0.4186769510012981,0.5119166425927433,0.2342918046765111,0.29977301431939346,0.2735805304622405,0.6296873241490872,1,0.1575023094915029,0.0609756097560975,0.2564102564102564,0.2342867078266383,0.2903225806451613,alexandrium_fundyense||sxti,0
gonyautoxin,TOXIN,transcriptome,BIOLOGICAL_PROCESS,process_toxin_association,212.5175536226019,49.0,23,6,5.7760181906113,0.396551724137931,1530,51,30,dinoflagellate; alexandrium; paralytic_shellfish_poisoning; dinoflagellates; light; saxitoxin; cyanobacteria; bloom; alexandrium_minutum; biosynthesis; paralytic_shellfish_toxins; alexandrium_catenella; nitrogen; sxta; expression; gene_expression; warming; cyanobacterial; regulation; nutrient,DINO_TAXON; DINO_TAXON; TOXIN; DINO_TAXON; ENV_FACTOR; TOXIN; CYANO_TAXON; ENV_FACTOR; DINO_TAXON; BIOLOGICAL_PROCESS; TOXIN; DINO_TAXON; ENV_FACTOR; SXT_GENE; BIOLOGICAL_PROCESS; BIOLOGICAL_PROCESS; ENV_FACTOR; CYANO_TAXON; BIOLOGICAL_PROCESS; ENV_FACTOR,dino_pre2016,unvalidated_candidate,0.3178399189529791,0.4872132122826656,0.4147570283004932,0.17925807216471562,0.27345765461902666,0.7900842979493753,1,0.4147839395327804,0.2926829268292683,0.5641025641025641,0.5358790205835863,0.6006674082313682,gonyautoxin||transcriptome,0
gtx,TOXIN,harmful_algal_bloom,ENV_FACTOR,environment_toxin_association,349.96637481727146,106.0,29,6,7.331013495592266,0.6304347826086957,1404,39,36,alexandrium; saxitoxin; paralytic_shellfish_poisoning; dinoflagellate; dinoflagellates; toxicity; paralytic_shellfish_toxins; alexandrium_tamarense; gonyautoxin; gymnodinium; hplc; alexandrium_catenella; mass_spectrometry; alexandrium_minutum; nutrient; gymnodinium_catenatum; alexandrium_fundyense; bloom; nitrogen; warming,DINO_TAXON; TOXIN; TOXIN; DINO_TAXON; DINO_TAXON; BIOLOGICAL_PROCESS; TOXIN; DINO_TAXON; TOXIN; DINO_TAXON; DETECTION_METHOD; DINO_TAXON; DETECTION_METHOD; DINO_TAXON; ENV_FACTOR; DINO_TAXON; DINO_TAXON; ENV_FACTOR; ENV_FACTOR; ENV_FACTOR,dino_pre2016,unvalidated_candidate,0.5005080729581433,0.5432401742385438,0.658907215919215,0.015264430460330583,0.2727215446438843,0.7672329736783478,1,0.6974758014502042,0.6402439024390244,0.717948717948718,0.6860982162694218,0.9929873772791024,gtx||harmful_algal_bloom,0
cyanobacterial,CYANO_TAXON,sxtd,SXT_GENE,cyano_gene_transfer_signal,92.76824784458212,11.0,11,6,2.846388073234459,0.2075471698113207,663,51,13,saxitoxin; cyanobacteria; paralytic_shellfish_toxins; mass_spectrometry; dinoflagellates; cyanobacterium; paralytic_shellfish_poisoning; sxta; expression; sxtu; cylindrospermopsis,TOXIN; CYANO_TAXON; TOXIN; DETECTION_METHOD; DINO_TAXON; CYANO_TAXON; TOXIN; SXT_GENE; BIOLOGICAL_PROCESS; SXT_GENE; CYANO_TAXON,dino_pre2016,unvalidated_candidate,0.3260826898086567,0.5446927712794117,0.2271928906575905,0.3030422280275196,0.27270249307954797,0.7888109670799218,1,0.1684947831800873,0.0609756097560975,0.2564102564102564,0.2528642240246115,0.2836275106512477,cyanobacterial||sxtd,0
neosaxitoxin,TOXIN,phosphate,ENV_FACTOR,environment_toxin_association,246.6020163491673,66.0,24,5,5.943865317440782,0.5714285714285714,1080,36,30,alexandrium; dinoflagellate; toxicity; toxin_production; saxitoxin; gtx; paralytic_shellfish_toxins; gonyautoxin; light; salinity; dinoflagellates; alexandrium_tamarense; nutrient; temperature; alexandrium_fundyense; bloom; nitrogen; nitrate; paralytic_shellfish_poisoning; alexandrium_minutum,DINO_TAXON; DINO_TAXON; BIOLOGICAL_PROCESS; BIOLOGICAL_PROCESS; TOXIN; TOXIN; TOXIN; TOXIN; ENV_FACTOR; ENV_FACTOR; DINO_TAXON; DINO_TAXON; ENV_FACTOR; ENV_FACTOR; DINO_TAXON; ENV_FACTOR; ENV_FACTOR; ENV_FACTOR; TOXIN; DINO_TAXON,dino_pre2016,unvalidated_candidate,0.4062989780415973,0.5445005727683145,0.4975351804931935,0.1227906921643525,0.2726884874958889,0.7237027886223215,1,0.4848856701033258,0.3963414634146341,0.5897435897435898,0.5520937707566177,0.8940092165898618,neosaxitoxin||phosphate,0
alexandrium_tamarense,DINO_TAXON,cylindrospermopsis,CYANO_TAXON,cross_taxa_association,219.7483298417289,52.0,22,7,5.540831587531109,0.3666666666666666,1512,54,28,cyanobacteria; paralytic_shellfish_poisoning; dinoflagellates; paralytic_shellfish_toxins; saxitoxin; anabaena; sxta; cyanobacterial; toxicity; expression; phylogenetic; biosynthesis; saxitoxin_biosynthesis; bloom; lc_ms; lc_ms_ms; dinoflagellate; alexandrium; mass_spectrometry; cyanobacterium,CYANO_TAXON; TOXIN; DINO_TAXON; TOXIN; TOXIN; CYANO_TAXON; SXT_GENE; CYANO_TAXON; BIOLOGICAL_PROCESS; BIOLOGICAL_PROCESS; BIOLOGICAL_PROCESS; BIOLOGICAL_PROCESS; BIOLOGICAL_PROCESS; ENV_FACTOR; DETECTION_METHOD; DETECTION_METHOD; DINO_TAXON; DINO_TAXON; DETECTION_METHOD; CYANO_TAXON,dino_pre2016,unvalidated_candidate,0.4050266139633167,0.4996135597632385,0.4315860154996351,0.15835322063745255,0.26764633858232556,0.7570579389238076,1,0.4296555228226669,0.3109756097560975,0.5384615384615384,0.5131589890583319,0.5505376344086022,alexandrium_tamarense||cylindrospermopsis,0
expression,BIOLOGICAL_PROCESS,sxti,SXT_GENE,gene_process_association,87.46502825197237,11.0,11,5,2.654082753437169,0.2156862745098039,672,48,14,saxitoxin; cyanobacterial; cyanobacteria; dinoflagellate; alexandrium; saxitoxin_biosynthesis; paralytic_shellfish_poisoning; sxta; phylogenetic; dinoflagellates; biosynthesis,TOXIN; CYANO_TAXON; CYANO_TAXON; DINO_TAXON; DINO_TAXON; BIOLOGICAL_PROCESS; TOXIN; SXT_GENE; BIOLOGICAL_PROCESS; DINO_TAXON; BIOLOGICAL_PROCESS,dino_pre2016,unvalidated_candidate,0.2967948708650619,0.5223543437342503,0.2174310017744627,0.29977301431939346,0.26683620930142116,0.6289679310213796,1,0.157587617823838,0.0609756097560975,0.2564102564102564,0.2342867078266383,0.2972802024035421,expression||sxti,1
neosaxitoxin,TOXIN,harmful_algal_bloom,ENV_FACTOR,environment_toxin_association,326.49324659536,100.0,26,6,6.420536341158245,0.5652173913043478,1296,36,36,saxitoxin; alexandrium; paralytic_shellfish_poisoning; dinoflagellate; dinoflagellates; toxicity; paralytic_shellfish_toxins; alexandrium_tamarense; gonyautoxin; gymnodinium; hplc; pyrodinium; mass_spectrometry; nutrient; gymnodinium_catenatum; alexandrium_fundyense; bloom; alexandrium_catenella; nitrogen; pyrodinium_bahamense,TOXIN; DINO_TAXON; TOXIN; DINO_TAXON; DINO_TAXON; BIOLOGICAL_PROCESS; TOXIN; DINO_TAXON; TOXIN; DINO_TAXON; DETECTION_METHOD; DINO_TAXON; DETECTION_METHOD; ENV_FACTOR; DINO_TAXON; DINO_TAXON; ENV_FACTOR; DINO_TAXON; ENV_FACTOR; DINO_TAXON,dino_pre2016,unvalidated_candidate,0.5079702383053006,0.5246427065397843,0.6169443474516831,0.030882777531997294,0.26530740549987164,0.6986543106917821,1,0.6491984698266725,0.6036585365853658,0.6410256410256411,0.5981422299128707,0.8835904628330996,harmful_algal_bloom||neosaxitoxin,0
gymnodinium_catenatum,DINO_TAXON,cylindrospermopsis,CYANO_TAXON,cross_taxa_association,221.1842513193472,49.0,24,7,6.124912544919492,0.3934426229508196,1596,57,28,paralytic_shellfish_poisoning; dinoflagellates; paralytic_shellfish_toxins; saxitoxin; sxta; cyanobacterial; toxicity; cyanobacteria; expression; phylogenetic; biosynthesis; pyrodinium; saxitoxin_biosynthesis; anabaena; bloom; lc_ms; sxtu; lc_ms_ms; dinoflagellate; alexandrium,TOXIN; DINO_TAXON; TOXIN; TOXIN; SXT_GENE; CYANO_TAXON; BIOLOGICAL_PROCESS; CYANO_TAXON; BIOLOGICAL_PROCESS; BIOLOGICAL_PROCESS; BIOLOGICAL_PROCESS; DINO_TAXON; BIOLOGICAL_PROCESS; CYANO_TAXON; ENV_FACTOR; DETECTION_METHOD; SXT_GENE; DETECTION_METHOD; DINO_TAXON; DINO_TAXON,dino_pre2016,unvalidated_candidate,0.2648900663284174,0.4699985617646395,0.4149171741093994,0.16446636992881858,0.2646466916010509,0.7331218065809528,1,0.4326087916288084,0.2926829268292683,0.5897435897435898,0.5695837070965446,0.5954521417239557,cylindrospermopsis||gymnodinium_catenatum,0
anabaena,CYANO_TAXON,alexandrium_tamiyavanichii,DINO_TAXON,cross_taxa_association,151.64286004706824,33.0,15,6,3.616884568988665,0.3409090909090909,828,36,23,alexandrium; dinoflagellate; hplc; saxitoxin; paralytic_shellfish_poisoning; dinoflagellates; cyanobacteria; paralytic_shellfish_toxins; pyrodinium; gonyautoxin; toxicity; saxitoxin_biosynthesis; alexandrium_minutum; sxta; biosynthesis,DINO_TAXON; DINO_TAXON; DETECTION_METHOD; TOXIN; TOXIN; DINO_TAXON; CYANO_TAXON; TOXIN; DINO_TAXON; TOXIN; BIOLOGICAL_PROCESS; BIOLOGICAL_PROCESS; DINO_TAXON; SXT_GENE; BIOLOGICAL_PROCESS,dino_pre2016,unvalidated_candidate,0.3656499961712898,0.490026685482117,0.323441180946739,0.22439217082803894,0.26401177487551897,0.6734480104954575,1,0.289582571336633,0.1951219512195122,0.358974358974359,0.3272974801895672,0.5073313782991203,alexandrium_tamiyavanichii||anabaena,0
gymnodinium,DINO_TAXON,sxtd,SXT_GENE,taxon_gene_association,103.98602328500822,13.0,13,6,3.444624545729917,0.2096774193548387,806,62,13,saxitoxin; cyanobacteria; paralytic_shellfish_toxins; mass_spectrometry; dinoflagellates; cyanobacterium; lc_ms; paralytic_shellfish_poisoning; sxta; expression; sxtu; lc_ms_ms; cylindrospermopsis,TOXIN; CYANO_TAXON; TOXIN; DETECTION_METHOD; DINO_TAXON; CYANO_TAXON; DETECTION_METHOD; TOXIN; SXT_GENE; BIOLOGICAL_PROCESS; SXT_GENE; DETECTION_METHOD; CYANO_TAXON,dino_pre2016,unvalidated_candidate,0.3250887626182649,0.5130086558251089,0.2422604726593666,0.2752367399365678,0.2620462330256873,0.8275950372496653,1,0.1915664530442781,0.073170731707317,0.3076923076923077,0.3106564253517397,0.2872008324661811,gymnodinium||sxtd,0
gtx,TOXIN,gene_expression,BIOLOGICAL_PROCESS,process_toxin_association,264.0629331981156,77.0,23,5,5.684527823547574,0.4693877551020408,1287,39,33,alexandrium; dinoflagellate; saxitoxin; paralytic_shellfish_poisoning; paralytic_shellfish_toxins; alexandrium_minutum; dinoflagellates; toxin_production; alexandrium_tamarense; biosynthesis; alexandrium_catenella; nutrient; gymnodinium; gymnodinium_catenatum; alexandrium_fundyense; gonyautoxin; saxitoxin_biosynthesis; bloom; light; nitrogen,DINO_TAXON; DINO_TAXON; TOXIN; TOXIN; TOXIN; DINO_TAXON; DINO_TAXON; BIOLOGICAL_PROCESS; DINO_TAXON; BIOLOGICAL_PROCESS; DINO_TAXON; ENV_FACTOR; DINO_TAXON; DINO_TAXON; DINO_TAXON; TOXIN; BIOLOGICAL_PROCESS; ENV_FACTOR; ENV_FACTOR; ENV_FACTOR,dino_pre2016,unvalidated_candidate,0.2488221568049401,0.5141705106924574,0.484460061818088,0.11303223936090113,0.2616033683437759,0.7672329736783478,1,0.5207976484812528,0.4634146341463415,0.5641025641025641,0.5270406599086112,0.7228439763001976,gene_expression||gtx,0
sxta,SXT_GENE,warming,ENV_FACTOR,environment_gene_regulation,177.23463855249446,34.0,23,5,5.848088507016462,0.3538461538461538,1711,59,29,saxitoxin; dinoflagellate; alexandrium; toxicity; bloom; harmful_algal_bloom; toxin_production; transcriptome; alexandrium_fundyense; pyrodinium; gonyautoxin; light; nitrogen; expression; pyrodinium_bahamense; paralytic_shellfish_poisoning; gene_duplication; regulation; dinoflagellates; nutrient,TOXIN; DINO_TAXON; DINO_TAXON; BIOLOGICAL_PROCESS; ENV_FACTOR; ENV_FACTOR; BIOLOGICAL_PROCESS; BIOLOGICAL_PROCESS; DINO_TAXON; DINO_TAXON; TOXIN; ENV_FACTOR; ENV_FACTOR; BIOLOGICAL_PROCESS; DINO_TAXON; TOXIN; BIOLOGICAL_PROCESS; BIOLOGICAL_PROCESS; DINO_TAXON; ENV_FACTOR,dino_pre2016,unvalidated_candidate,0.3937627648120897,0.4187426257813806,0.3720256478079464,0.1875304517680218,0.2613285301839916,0.6289679310213796,1,0.3422173444296002,0.2012195121951219,0.5641025641025641,0.542841321323999,0.5290322580645163,sxta||warming,0
alexandrium_minutum,DINO_TAXON,aphanizomenon,CYANO_TAXON,cross_taxa_association,201.88823084248045,45.0,21,7,5.250567034143458,0.3387096774193548,1482,57,26,saxitoxin; paralytic_shellfish_toxins; dinoflagellate; paralytic_shellfish_poisoning; alexandrium; dinoflagellates; cyanobacteria; hplc; biosynthesis; pyrodinium; bloom; anabaena; sxta; cyanobacterial; evolution; toxin_biosynthesis; toxicity; cyanobacterium; phylogenetic; gymnodinium,TOXIN; TOXIN; DINO_TAXON; TOXIN; DINO_TAXON; DINO_TAXON; CYANO_TAXON; DETECTION_METHOD; BIOLOGICAL_PROCESS; DINO_TAXON; ENV_FACTOR; CYANO_TAXON; SXT_GENE; CYANO_TAXON; BIOLOGICAL_PROCESS; BIOLOGICAL_PROCESS; BIOLOGICAL_PROCESS; CYANO_TAXON; BIOLOGICAL_PROCESS; DINO_TAXON,dino_pre2016,unvalidated_candidate,0.2066393745489664,0.4981426628420665,0.3740967783470527,0.1852874314137947,0.2608111701870979,0.7306864872761283,1,0.3929225439855747,0.2682926829268293,0.5128205128205128,0.4851181920177679,0.5036420395421437,alexandrium_minutum||aphanizomenon,0
neosaxitoxin,TOXIN,alexandrium_ostenfeldii,DINO_TAXON,taxon_toxin_association,275.0998818997214,82.0,23,5,5.875522345209563,0.5348837209302325,1080,36,30,alexandrium; saxitoxin; dinoflagellate; paralytic_shellfish_poisoning; toxicity; gtx; dinoflagellates; paralytic_shellfish_toxins; mass_spectrometry; toxin_production; hplc; gonyautoxin; salinity; temperature; bloom; light; lc_ms; liquid_chromatography; mouse_bioassay; alexandrium_minutum,DINO_TAXON; TOXIN; DINO_TAXON; TOXIN; BIOLOGICAL_PROCESS; TOXIN; DINO_TAXON; TOXIN; DETECTION_METHOD; BIOLOGICAL_PROCESS; DETECTION_METHOD; TOXIN; ENV_FACTOR; ENV_FACTOR; ENV_FACTOR; ENV_FACTOR; DETECTION_METHOD; DETECTION_METHOD; DETECTION_METHOD; DINO_TAXON,dino_pre2016,unvalidated_candidate,0.3831259783364414,0.525371874592867,0.5252614592781005,0.08397204143348708,0.26048780857133247,0.7237027886223215,1,0.5434974108453482,0.4939024390243902,0.5641025641025641,0.5454915474016869,0.8327081770442611,alexandrium_ostenfeldii||neosaxitoxin,0
neosaxitoxin,TOXIN,irradiance,ENV_FACTOR,environment_toxin_association,166.255402709709,33.0,20,5,4.924998652151782,0.5405405405405406,756,36,21,alexandrium; paralytic_shellfish_toxins; dinoflagellate; paralytic_shellfish_poisoning; dinoflagellates; saxitoxin; temperature; alexandrium_fundyense; bloom; alexandrium_catenella; light; salinity; nitrate; toxicity; alexandrium_minutum; nutrient; toxin_production; gymnodinium; hplc; gymnodinium_catenatum,DINO_TAXON; TOXIN; DINO_TAXON; TOXIN; DINO_TAXON; TOXIN; ENV_FACTOR; DINO_TAXON; ENV_FACTOR; DINO_TAXON; ENV_FACTOR; ENV_FACTOR; ENV_FACTOR; BIOLOGICAL_PROCESS; DINO_TAXON; ENV_FACTOR; BIOLOGICAL_PROCESS; DINO_TAXON; DETECTION_METHOD; DINO_TAXON,dino_pre2016,unvalidated_candidate,0.4291905491703046,0.508830274897122,0.3813454731371949,0.17970110898887479,0.26035885464820285,0.6477888934121167,1,0.3196362804681152,0.1951219512195122,0.4871794871794871,0.4536668941734139,0.8421970357454229,irradiance||neosaxitoxin,0
neosaxitoxin,TOXIN,protoceratium_reticulatum,DINO_TAXON,taxon_toxin_association,37.938082275848366,4.0,4,3,0.9427253484504968,0.1052631578947368,216,36,6,alexandrium; toxicity; paralytic_shellfish_poisoning; alexandrium_minutum,DINO_TAXON; BIOLOGICAL_PROCESS; TOXIN; DINO_TAXON,dino_pre2016,unvalidated_candidate,0.2459785987672094,0.5107669991298782,0.1282770362398181,0.3483311986128517,0.2603095336636383,0.6456820762646722,1,0.0557252340552304,0.0182926829268292,0.0769230769230769,0.068962264669401,0.1120543293718166,neosaxitoxin||protoceratium_reticulatum,1
alexandrium_catenella,DINO_TAXON,sxtd,SXT_GENE,taxon_gene_association,75.32304388240478,8.0,8,6,1.9342492139296608,0.1454545454545454,650,50,13,saxitoxin; cyanobacteria; paralytic_shellfish_toxins; mass_spectrometry; paralytic_shellfish_poisoning; sxta; expression; dinoflagellates,TOXIN; CYANO_TAXON; TOXIN; DETECTION_METHOD; TOXIN; SXT_GENE; BIOLOGICAL_PROCESS; DINO_TAXON,dino_pre2016,unvalidated_candidate,0.2473036689592268,0.4839649549898942,0.1763406077285255,0.31422853071629653,0.2590733615211881,0.6966156558713884,1,0.1326151215959952,0.0426829268292682,0.1794871794871795,0.1647477098720241,0.1794721407624633,alexandrium_catenella||sxtd,0
alexandrium_tamarense,DINO_TAXON,aphanizomenon,CYANO_TAXON,cross_taxa_association,210.0210801297443,49.0,21,7,5.230879047922999,0.3559322033898305,1404,54,26,saxitoxin; paralytic_shellfish_toxins; dinoflagellate; paralytic_shellfish_poisoning; anabaena; alexandrium; dinoflagellates; cyanobacteria; hplc; cyanobacterial; mass_spectrometry; biosynthesis; bloom; sxta; evolution; toxin_biosynthesis; toxicity; cyanobacterium; phylogeny; phylogenetic,TOXIN; TOXIN; DINO_TAXON; TOXIN; CYANO_TAXON; DINO_TAXON; DINO_TAXON; CYANO_TAXON; DETECTION_METHOD; CYANO_TAXON; DETECTION_METHOD; BIOLOGICAL_PROCESS; ENV_FACTOR; SXT_GENE; BIOLOGICAL_PROCESS; BIOLOGICAL_PROCESS; BIOLOGICAL_PROCESS; CYANO_TAXON; BIOLOGICAL_PROCESS; BIOLOGICAL_PROCESS,dino_pre2016,unvalidated_candidate,0.3914307789653039,0.5357080698245698,0.4177489573491033,0.1512292291419296,0.2578371204247991,0.7570579389238076,1,0.4096494266734531,0.2926829268292683,0.5128205128205128,0.4832162483622226,0.532531437944232,alexandrium_tamarense||aphanizomenon,0
evolution,BIOLOGICAL_PROCESS,sxti,SXT_GENE,gene_process_association,105.23624852605732,14.0,14,5,3.451457596361987,0.3333333333333333,588,42,14,saxitoxin; cyanobacterial; cyanobacteria; pyrodinium; dinoflagellate; alexandrium; saxitoxin_biosynthesis; paralytic_shellfish_poisoning; sxta; phylogeny; phylogenetic; pyrodinium_bahamense; dinoflagellates; biosynthesis,TOXIN; CYANO_TAXON; CYANO_TAXON; DINO_TAXON; DINO_TAXON; DINO_TAXON; BIOLOGICAL_PROCESS; TOXIN; SXT_GENE; BIOLOGICAL_PROCESS; BIOLOGICAL_PROCESS; DINO_TAXON; DINO_TAXON; BIOLOGICAL_PROCESS,dino_pre2016,unvalidated_candidate,0.7427766995124923,0.559435335956486,0.3258931095830085,0.20810122804143827,0.25521798065806633,0.6979876412304247,1,0.1941377992234335,0.0792682926829268,0.3333333333333333,0.3113165272612068,0.4946236559139786,evolution||sxti,1
gtx,TOXIN,nitrogen_limitation,ENV_FACTOR,environment_toxin_association,117.03551061736675,18.0,15,5,3.688487016000461,0.3658536585365853,663,39,17,alexandrium; dinoflagellate; nutrient; cyanobacteria; paralytic_shellfish_toxins; alexandrium_fundyense; toxicity; alexandrium_tamarense; bloom; toxin_biosynthesis; paralytic_shellfish_poisoning; nitrogen; phosphorus; dinoflagellates; biosynthesis,DINO_TAXON; DINO_TAXON; ENV_FACTOR; CYANO_TAXON; TOXIN; DINO_TAXON; BIOLOGICAL_PROCESS; DINO_TAXON; ENV_FACTOR; BIOLOGICAL_PROCESS; TOXIN; ENV_FACTOR; ENV_FACTOR; DINO_TAXON; BIOLOGICAL_PROCESS,dino_pre2016,unvalidated_candidate,0.3276912344200948,0.532007737906494,0.2808329097877736,0.23588256092681914,0.25386270047120096,0.7672329736783478,1,0.218405416368871,0.1036585365853658,0.358974358974359,0.3342145827459516,0.5491738788355626,gtx||nitrogen_limitation,0
alexandrium_fundyense,DINO_TAXON,sxtd,SXT_GENE,taxon_gene_association,64.60613292774849,7.0,7,5,1.6667028275106075,0.1272727272727272,637,49,13,saxitoxin; cyanobacteria; paralytic_shellfish_toxins; paralytic_shellfish_poisoning; sxta; expression; dinoflagellates,TOXIN; CYANO_TAXON; TOXIN; TOXIN; SXT_GENE; BIOLOGICAL_PROCESS; DINO_TAXON,dino_pre2016,unvalidated_candidate,0.2190395019801259,0.471772920171861,0.1565766479269992,0.3143322944822085,0.2512300358601248,0.6296873241490872,1,0.1105735828949524,0.0365853658536585,0.1538461538461538,0.1389015849044546,0.1489736070381231,alexandrium_fundyense||sxtd,0
alexandrium_fundyense,DINO_TAXON,lyngbya,CYANO_TAXON,cross_taxa_association,124.18514258000398,19.0,14,7,3.3425712900019904,0.25,1029,49,21,dinoflagellates; saxitoxin; cyanobacteria; paralytic_shellfish_toxins; cyanobacterial; alexandrium; toxicity; toxin_production; gymnodinium; bloom; paralytic_shellfish_poisoning; hplc; sxta; biosynthesis,DINO_TAXON; TOXIN; CYANO_TAXON; TOXIN; CYANO_TAXON; DINO_TAXON; BIOLOGICAL_PROCESS; BIOLOGICAL_PROCESS; DINO_TAXON; ENV_FACTOR; TOXIN; DETECTION_METHOD; SXT_GENE; BIOLOGICAL_PROCESS,dino_pre2016,unvalidated_candidate,0.2235046823095063,0.4770534836698271,0.2525127441226801,0.24985228988187874,0.2509164715781993,0.6649947074607494,1,0.2331101097520153,0.1097560975609756,0.3333333333333333,0.300797644464451,0.3548387096774194,alexandrium_fundyense||lyngbya,0
phosphate,ENV_FACTOR,sxt_genes,SXT_GENE,environment_gene_regulation,141.5881472821612,33.0,15,4,3.627406974413927,0.3333333333333333,900,30,30,saxitoxin; alexandrium; dinoflagellate; saxitoxin_biosynthesis; biosynthesis; paralytic_shellfish_toxins; dinoflagellates; toxicity; alexandrium_tamarense; bloom; gymnodinium; toxin_biosynthesis; light; paralytic_shellfish_poisoning; gymnodinium_catenatum,TOXIN; DINO_TAXON; DINO_TAXON; BIOLOGICAL_PROCESS; BIOLOGICAL_PROCESS; TOXIN; DINO_TAXON; BIOLOGICAL_PROCESS; DINO_TAXON; ENV_FACTOR; DINO_TAXON; BIOLOGICAL_PROCESS; ENV_FACTOR; TOXIN; DINO_TAXON,dino_pre2016,unvalidated_candidate,0.4004936242765541,0.4702441858883782,0.3188162320637507,0.20540082610760374,0.2507669884900625,0.6415580337423074,1,0.2689029798504989,0.1951219512195122,0.358974358974359,0.3283139895478913,0.4946236559139786,phosphate||sxt_genes,0
sxtg,SXT_GENE,cylindrospermopsis,CYANO_TAXON,cyano_gene_transfer_signal,158.8584196665456,33.0,17,6,4.12069919497492,0.3617021276595745,1008,36,28,dinoflagellates; saxitoxin; cyanobacteria; paralytic_shellfish_toxins; sxta; cyanobacterial; paralytic_shellfish_poisoning; biosynthesis; pyrodinium; dinoflagellate; alexandrium; toxicity; gymnodinium; saxitoxin_biosynthesis; bloom; expression; phylogenetic,DINO_TAXON; TOXIN; CYANO_TAXON; TOXIN; SXT_GENE; CYANO_TAXON; TOXIN; BIOLOGICAL_PROCESS; DINO_TAXON; DINO_TAXON; DINO_TAXON; BIOLOGICAL_PROCESS; DINO_TAXON; BIOLOGICAL_PROCESS; ENV_FACTOR; BIOLOGICAL_PROCESS; BIOLOGICAL_PROCESS,dino_pre2016,unvalidated_candidate,0.2707988232583604,0.4403094001853804,0.3188721168115125,0.20502290641239335,0.250562590572041,0.6632399941069355,1,0.3044228585495534,0.1951219512195122,0.4102564102564102,0.375968127392159,0.5422100205902541,cylindrospermopsis||sxtg,0
dinoflagellate,DINO_TAXON,lyngbya,CYANO_TAXON,cross_taxa_association,167.66820860803037,30.0,20,7,5.03540300531388,0.2597402597402597,1596,76,21,dinoflagellates; cyanobacteria; paralytic_shellfish_toxins; anabaena; aphanizomenon; cyanobacterial; saxitoxin; hplc; pyrodinium; bloom; sxta; alexandrium; paralytic_shellfish_poisoning; cylindrospermopsis; toxicity; mass_spectrometry; cyanobacterium; biosynthesis; toxin_production; gymnodinium,DINO_TAXON; CYANO_TAXON; TOXIN; CYANO_TAXON; CYANO_TAXON; CYANO_TAXON; TOXIN; DETECTION_METHOD; DINO_TAXON; ENV_FACTOR; SXT_GENE; DINO_TAXON; TOXIN; CYANO_TAXON; BIOLOGICAL_PROCESS; DETECTION_METHOD; CYANO_TAXON; BIOLOGICAL_PROCESS; BIOLOGICAL_PROCESS; DINO_TAXON,dino_pre2016,unvalidated_candidate,0.4186537865302,0.536475553189403,0.3563369630887952,0.17792828077926157,0.249291753703075,0.8341122549397513,1,0.3225420073157739,0.1768292682926829,0.4871794871794871,0.4643324267824839,0.3711772098868873,dinoflagellate||lyngbya,0
dinoflagellate,DINO_TAXON,planktothrix,CYANO_TAXON,cross_taxa_association,93.22298333787116,13.0,13,4,3.267335824779744,0.1688311688311688,1064,76,14,saxitoxin; cyanobacterial; cyanobacteria; aphanizomenon; paralytic_shellfish_toxins; pyrodinium; alexandrium; cylindrospermopsis; toxicity; gymnodinium; anabaena; paralytic_shellfish_poisoning; dinoflagellates,TOXIN; CYANO_TAXON; CYANO_TAXON; CYANO_TAXON; TOXIN; DINO_TAXON; DINO_TAXON; CYANO_TAXON; BIOLOGICAL_PROCESS; DINO_TAXON; CYANO_TAXON; TOXIN; DINO_TAXON,dino_pre2016,unvalidated_candidate,0.3420155032275876,0.5579346112959835,0.2381185203654921,0.25628756645423295,0.24901994801873661,0.8341122549397513,1,0.1694300405519621,0.073170731707317,0.3076923076923077,0.293529576814,0.2186845412651864,dinoflagellate||planktothrix,0
gonyautoxin,TOXIN,gene_duplication,BIOLOGICAL_PROCESS,process_toxin_association,110.54869713497791,17.0,14,5,3.524348567488966,0.25,969,51,19,alexandrium; dinoflagellate; biosynthesis; saxitoxin; pyrodinium; gymnodinium; sxtg; warming; gymnodinium_catenatum; sxta; expression; phylogeny; pyrodinium_bahamense; dinoflagellates,DINO_TAXON; DINO_TAXON; BIOLOGICAL_PROCESS; TOXIN; DINO_TAXON; DINO_TAXON; SXT_GENE; ENV_FACTOR; DINO_TAXON; SXT_GENE; BIOLOGICAL_PROCESS; BIOLOGICAL_PROCESS; DINO_TAXON; DINO_TAXON,dino_pre2016,unvalidated_candidate,0.2738736646144116,0.478431568688128,0.2479507182514098,0.24529455732766214,0.24635702169716123,0.7484074131751101,1,0.2050639459560373,0.0975609756097561,0.3333333333333333,0.3183581067569007,0.3548387096774194,gene_duplication||gonyautoxin,0
cyanobacterium,CYANO_TAXON,alexandrium_tamiyavanichii,DINO_TAXON,cross_taxa_association,139.96016122152662,29.0,14,6,3.3521736340191217,0.3255813953488372,782,34,23,alexandrium; dinoflagellate; hplc; saxitoxin; paralytic_shellfish_poisoning; dinoflagellates; cyanobacteria; paralytic_shellfish_toxins; toxicity; toxin_production; saxitoxin_biosynthesis; alexandrium_minutum; sxta; biosynthesis,DINO_TAXON; DINO_TAXON; DETECTION_METHOD; TOXIN; TOXIN; DINO_TAXON; CYANO_TAXON; TOXIN; BIOLOGICAL_PROCESS; BIOLOGICAL_PROCESS; BIOLOGICAL_PROCESS; DINO_TAXON; SXT_GENE; BIOLOGICAL_PROCESS,dino_pre2016,unvalidated_candidate,0.3584715722168044,0.4729845318463017,0.3022406924452306,0.20491794611361314,0.2438470446462601,0.6224256552388376,1,0.2655546905988611,0.1707317073170731,0.3333333333333333,0.3017252719565288,0.4816204051012754,alexandrium_tamiyavanichii||cyanobacterium,0
neosaxitoxin,TOXIN,nutrients,ENV_FACTOR,environment_toxin_association,289.47313743357125,82.0,27,5,6.736568716785618,0.6,1296,36,36,dinoflagellate; alexandrium; saxitoxin; toxicity; toxin_production; paralytic_shellfish_toxins; light; salinity; paralytic_shellfish_poisoning; dinoflagellates; gymnodinium; pyrodinium; gtx; pyrodinium_bahamense; alexandrium_tamarense; nutrient; phylogenetic; temperature; hplc; gymnodinium_catenatum,DINO_TAXON; DINO_TAXON; TOXIN; BIOLOGICAL_PROCESS; BIOLOGICAL_PROCESS; TOXIN; ENV_FACTOR; ENV_FACTOR; TOXIN; DINO_TAXON; DINO_TAXON; DINO_TAXON; TOXIN; DINO_TAXON; DINO_TAXON; ENV_FACTOR; BIOLOGICAL_PROCESS; ENV_FACTOR; DETECTION_METHOD; DINO_TAXON,dino_pre2016,unvalidated_candidate,0.3730664880776951,0.5396683096022687,0.5563747079880317,0.03438443796676,0.24318054597526867,0.7735183631351499,1,0.5730589766220687,0.4939024390243902,0.6666666666666666,0.6286723087660727,0.9419354838709678,neosaxitoxin||nutrients,0
harmful_algal_bloom,ENV_FACTOR,sxti,SXT_GENE,environment_gene_regulation,88.11358908023279,11.0,11,5,2.646538129859981,0.282051282051282,504,36,14,saxitoxin; cyanobacterial; cyanobacteria; pyrodinium; dinoflagellate; alexandrium; paralytic_shellfish_poisoning; sxta; pyrodinium_bahamense; dinoflagellates; biosynthesis,TOXIN; CYANO_TAXON; CYANO_TAXON; DINO_TAXON; DINO_TAXON; DINO_TAXON; TOXIN; SXT_GENE; DINO_TAXON; DINO_TAXON; BIOLOGICAL_PROCESS,dino_pre2016,unvalidated_candidate,0.4149762621749031,0.4744358897830466,0.2363993271910009,0.23918143613294135,0.2380685925561652,0.6367088652189131,1,0.1589215169909176,0.0609756097560975,0.2564102564102564,0.2335578649279574,0.4086021505376344,harmful_algal_bloom||sxti,0
sxt_genes,SXT_GENE,climate,ENV_FACTOR,environment_gene_regulation,140.36013936069534,29.0,14,6,3.3851978854758733,0.358974358974359,690,30,23,alexandrium; dinoflagellate; saxitoxin; dinoflagellates; paralytic_shellfish_toxins; paralytic_shellfish_poisoning; cyanobacterial; cyanobacteria; toxicity; sxtg; bloom; toxin_biosynthesis; sxta; biosynthesis,DINO_TAXON; DINO_TAXON; TOXIN; DINO_TAXON; TOXIN; TOXIN; CYANO_TAXON; CYANO_TAXON; BIOLOGICAL_PROCESS; SXT_GENE; ENV_FACTOR; BIOLOGICAL_PROCESS; SXT_GENE; BIOLOGICAL_PROCESS,dino_pre2016,unvalidated_candidate,0.3148497300047335,0.4878216706508345,0.3002697533199981,0.19590742025573388,0.2376523534814396,0.6355464140373687,1,0.2663773281733786,0.1707317073170731,0.3333333333333333,0.3049155558603253,0.5376344086021507,climate||sxt_genes,0
phosphorus,ENV_FACTOR,sxti,SXT_GENE,environment_gene_regulation,70.90992980629565,8.0,8,5,1.873883822066744,0.2162162162162162,434,31,14,saxitoxin; cyanobacteria; dinoflagellate; alexandrium; paralytic_shellfish_poisoning; sxta; dinoflagellates; biosynthesis,TOXIN; CYANO_TAXON; DINO_TAXON; DINO_TAXON; TOXIN; SXT_GENE; DINO_TAXON; BIOLOGICAL_PROCESS,dino_pre2016,unvalidated_candidate,0.1712618598032501,0.4609229655461955,0.1653882193224248,0.2837297102762117,0.23639311389469692,0.6248461022794276,1,0.1235386418984184,0.0426829268292682,0.1794871794871795,0.1589161548931372,0.2981691368788143,phosphorus||sxti,1
cyanobacterial,CYANO_TAXON,protoceratium_reticulatum,DINO_TAXON,cross_taxa_association,43.43501736602987,5.0,5,3,1.236739452245703,0.0961538461538461,306,51,6,alexandrium_ostenfeldii; alexandrium; toxicity; paralytic_shellfish_poisoning; alexandrium_minutum,DINO_TAXON; DINO_TAXON; BIOLOGICAL_PROCESS; TOXIN; DINO_TAXON,dino_pre2016,unvalidated_candidate,0.1386692029268579,0.4689030346792741,0.1162528431056715,0.31511733162299704,0.2355715362160668,0.713922759539005,1,0.0670308153034084,0.024390243902439,0.1025641025641025,0.0973652843125685,0.0967741935483871,cyanobacterial||protoceratium_reticulatum,0
alexandrium_catenella,DINO_TAXON,lyngbya,CYANO_TAXON,cross_taxa_association,139.64057069920366,23.0,16,7,3.865739895056375,0.2909090909090909,1050,50,21,cyanobacteria; dinoflagellates; saxitoxin; paralytic_shellfish_toxins; hplc; cyanobacterial; pyrodinium; alexandrium; toxicity; mass_spectrometry; toxin_production; bloom; gymnodinium; paralytic_shellfish_poisoning; sxta; biosynthesis,CYANO_TAXON; DINO_TAXON; TOXIN; TOXIN; DETECTION_METHOD; CYANO_TAXON; DINO_TAXON; DINO_TAXON; BIOLOGICAL_PROCESS; DETECTION_METHOD; BIOLOGICAL_PROCESS; ENV_FACTOR; DINO_TAXON; TOXIN; SXT_GENE; BIOLOGICAL_PROCESS,dino_pre2016,unvalidated_candidate,0.2919619329825499,0.4759516713165005,0.289798138952819,0.19868671430512352,0.2351312841642017,0.6966156558713884,1,0.2648973867455332,0.1341463414634146,0.3846153846153846,0.3513379688034446,0.4234604105571848,alexandrium_catenella||lyngbya,0
gtx,TOXIN,transcriptomic,BIOLOGICAL_PROCESS,process_toxin_association,167.5972521853718,36.0,19,5,4.639535183594992,0.4318181818181818,936,39,24,alexandrium; dinoflagellate; paralytic_shellfish_toxins; paralytic_shellfish_poisoning; light; saxitoxin; dinoflagellates; alexandrium_tamarense; biosynthesis; toxin_production; alexandrium_fundyense; bloom; alexandrium_catenella; nitrogen; toxicity; alexandrium_minutum; nutrient; cyanobacteria; nutrients,DINO_TAXON; DINO_TAXON; TOXIN; TOXIN; ENV_FACTOR; TOXIN; DINO_TAXON; DINO_TAXON; BIOLOGICAL_PROCESS; BIOLOGICAL_PROCESS; DINO_TAXON; ENV_FACTOR; DINO_TAXON; ENV_FACTOR; BIOLOGICAL_PROCESS; DINO_TAXON; ENV_FACTOR; CYANO_TAXON; ENV_FACTOR,dino_pre2016,unvalidated_candidate,0.3113496005991836,0.5305811859292741,0.3575040818658941,0.15252327425030218,0.23451559729653898,0.7672329736783478,1,0.3223960707914589,0.2134146341463414,0.4615384615384615,0.4260899024571497,0.6598240469208213,gtx||transcriptomic,0
gonyautoxin,TOXIN,irradiance,ENV_FACTOR,environment_toxin_association,170.82011078589525,36.0,20,5,4.986978469870707,0.3846153846153846,1071,51,21,alexandrium; temperature; paralytic_shellfish_toxins; dinoflagellate; paralytic_shellfish_poisoning; dinoflagellates; saxitoxin; alexandrium_minutum; bloom; alexandrium_catenella; light; salinity; nitrate; toxicity; nutrient; alexandrium_tamiyavanichii; toxin_production; gymnodinium; hplc; gymnodinium_catenatum,DINO_TAXON; ENV_FACTOR; TOXIN; DINO_TAXON; TOXIN; DINO_TAXON; TOXIN; DINO_TAXON; ENV_FACTOR; DINO_TAXON; ENV_FACTOR; ENV_FACTOR; ENV_FACTOR; BIOLOGICAL_PROCESS; ENV_FACTOR; DINO_TAXON; BIOLOGICAL_PROCESS; DINO_TAXON; DETECTION_METHOD; DINO_TAXON,dino_pre2016,unvalidated_candidate,0.4507321334852853,0.5617862245090057,0.3837391410217429,0.13352380174921608,0.2336099374582268,0.7900842979493753,1,0.3290245445066914,0.2134146341463414,0.4871794871794871,0.4596544095933435,0.5806451612903226,gonyautoxin||irradiance,0
neosaxitoxin,TOXIN,transcriptome,BIOLOGICAL_PROCESS,process_toxin_association,159.9455900000869,38.0,16,5,3.8727950000434577,0.32,1080,36,30,dinoflagellate; alexandrium; paralytic_shellfish_poisoning; dinoflagellates; saxitoxin; light; cyanobacteria; paralytic_shellfish_toxins; alexandrium_fundyense; toxin_production; bloom; alexandrium_catenella; alexandrium_minutum; nitrogen; nutrient; biosynthesis,DINO_TAXON; DINO_TAXON; TOXIN; DINO_TAXON; TOXIN; ENV_FACTOR; CYANO_TAXON; TOXIN; DINO_TAXON; BIOLOGICAL_PROCESS; ENV_FACTOR; DINO_TAXON; DINO_TAXON; ENV_FACTOR; ENV_FACTOR; BIOLOGICAL_PROCESS,dino_pre2016,unvalidated_candidate,0.1854628621328045,0.4658595516025001,0.3081631436511559,0.18001352236584137,0.2312733708799672,0.6477888934121167,1,0.3066588486667396,0.2256097560975609,0.3846153846153846,0.3520195221131195,0.4722580645161292,neosaxitoxin||transcriptome,0
gonyautoxin,TOXIN,transcriptomic,BIOLOGICAL_PROCESS,process_toxin_association,182.2650742954576,40.0,21,5,5.188092703284345,0.3888888888888889,1224,51,24,alexandrium; dinoflagellate; paralytic_shellfish_toxins; paralytic_shellfish_poisoning; bloom; light; saxitoxin; dinoflagellates; alexandrium_tamarense; biosynthesis; cyanobacteria; toxin_production; alexandrium_catenella; nitrogen; expression; gene_expression; regulation; toxicity; alexandrium_minutum; nutrient,DINO_TAXON; DINO_TAXON; TOXIN; TOXIN; ENV_FACTOR; ENV_FACTOR; TOXIN; DINO_TAXON; DINO_TAXON; BIOLOGICAL_PROCESS; CYANO_TAXON; BIOLOGICAL_PROCESS; DINO_TAXON; ENV_FACTOR; BIOLOGICAL_PROCESS; BIOLOGICAL_PROCESS; BIOLOGICAL_PROCESS; BIOLOGICAL_PROCESS; DINO_TAXON; ENV_FACTOR,dino_pre2016,unvalidated_candidate,0.2528675865068028,0.537405767476389,0.3689426639896087,0.13400995053710732,0.22798303591810787,0.7900842979493753,1,0.3525634735129492,0.2378048780487804,0.5128205128205128,0.4790829045139373,0.5878136200716847,gonyautoxin||transcriptomic,0
salinity,ENV_FACTOR,sxti,SXT_GENE,environment_gene_regulation,71.38693783562616,9.0,9,4,2.146957289906108,0.2093023255813953,532,38,14,saxitoxin; cyanobacteria; pyrodinium; dinoflagellate; alexandrium; paralytic_shellfish_poisoning; pyrodinium_bahamense; dinoflagellates; biosynthesis,TOXIN; CYANO_TAXON; DINO_TAXON; DINO_TAXON; DINO_TAXON; TOXIN; DINO_TAXON; DINO_TAXON; BIOLOGICAL_PROCESS,dino_pre2016,unvalidated_candidate,0.338925448288965,0.4912234929665872,0.198396974583475,0.24195515282605845,0.22453188152902506,0.6248461022794276,1,0.124519707336368,0.048780487804878,0.2051282051282051,0.185296219559939,0.2865716429107277,salinity||sxti,0
alexandrium,DINO_TAXON,scytonema,CYANO_TAXON,cross_taxa_association,58.73334019178824,6.0,6,5,1.4869232604510874,0.0759493670886076,474,79,6,saxitoxin; cyanobacteria; cyanobacterium; sxta; phylogenetic; dinoflagellates,TOXIN; CYANO_TAXON; CYANO_TAXON; SXT_GENE; BIOLOGICAL_PROCESS; DINO_TAXON,dino_pre2016,unvalidated_candidate,0.4230979632653518,0.5891250188416804,0.1853229075412199,0.25016820307687376,0.2242300848626122,0.7713685762469452,1,0.0984949728439256,0.0304878048780487,0.1282051282051282,0.1215341099815902,0.0628828093099225,alexandrium||scytonema,0
alexandrium_tamarense,DINO_TAXON,sxti,SXT_GENE,taxon_gene_association,93.00913327628272,12.0,12,5,2.9331380667127926,0.2142857142857142,756,54,14,saxitoxin; cyanobacterial; cyanobacteria; dinoflagellate; alexandrium; saxitoxin_biosynthesis; paralytic_shellfish_poisoning; sxta; phylogeny; phylogenetic; dinoflagellates; biosynthesis,TOXIN; CYANO_TAXON; CYANO_TAXON; DINO_TAXON; DINO_TAXON; BIOLOGICAL_PROCESS; TOXIN; SXT_GENE; BIOLOGICAL_PROCESS; BIOLOGICAL_PROCESS; DINO_TAXON; BIOLOGICAL_PROCESS,dino_pre2016,unvalidated_candidate,0.4061890257129955,0.5302871952257745,0.2435725184334639,0.2096660440781994,0.2232286338203052,0.7570579389238076,1,0.1689902137745759,0.0670731707317073,0.282051282051282,0.261244644341203,0.2949308755760368,alexandrium_tamarense||sxti,0
temperature,ENV_FACTOR,sxti,SXT_GENE,environment_gene_regulation,76.92010653298476,10.0,10,4,2.418386599825717,0.2083333333333333,616,44,14,saxitoxin; pyrodinium; dinoflagellate; alexandrium; saxitoxin_biosynthesis; paralytic_shellfish_poisoning; sxta; pyrodinium_bahamense; dinoflagellates; biosynthesis,TOXIN; DINO_TAXON; DINO_TAXON; DINO_TAXON; BIOLOGICAL_PROCESS; TOXIN; SXT_GENE; DINO_TAXON; DINO_TAXON; BIOLOGICAL_PROCESS,dino_pre2016,unvalidated_candidate,0.2841247576152576,0.4986844974390927,0.1998904032515835,0.236374886525246,0.221781093215781,0.6404687833629065,1,0.1358998104741326,0.0548780487804878,0.2307692307692307,0.2115174515412048,0.2849462365591398,sxti||temperature,0
aphanizomenon,CYANO_TAXON,sxtd,SXT_GENE,cyano_gene_transfer_signal,77.51922313534816,9.0,9,5,2.259611567674079,0.3,338,26,13,saxitoxin; cyanobacteria; paralytic_shellfish_toxins; mass_spectrometry; dinoflagellates; cyanobacterium; paralytic_shellfish_poisoning; sxta; cylindrospermopsis,TOXIN; CYANO_TAXON; TOXIN; DETECTION_METHOD; DINO_TAXON; CYANO_TAXON; TOXIN; SXT_GENE; CYANO_TAXON,dino_pre2016,unvalidated_candidate,0.3476716660430248,0.5085362006839742,0.2134613882619494,0.2244297898016827,0.22004242918578937,0.7306864872761283,1,0.1371320173883547,0.048780487804878,0.2051282051282051,0.1961791045067077,0.4387096774193549,aphanizomenon||sxtd,0
nutrients,ENV_FACTOR,sxtg,SXT_GENE,environment_gene_regulation,187.366121319885,43.0,22,4,5.483060659942499,0.44,1296,36,36,saxitoxin; dinoflagellate; alexandrium; paralytic_shellfish_toxins; dinoflagellates; paralytic_shellfish_poisoning; alexandrium_minutum; nutrient; toxin_production; gymnodinium; gymnodinium_catenatum; transcriptome; alexandrium_fundyense; pyrodinium; gonyautoxin; bloom; nitrogen; expression; pyrodinium_bahamense; toxicity,TOXIN; DINO_TAXON; DINO_TAXON; TOXIN; DINO_TAXON; TOXIN; DINO_TAXON; ENV_FACTOR; BIOLOGICAL_PROCESS; DINO_TAXON; DINO_TAXON; BIOLOGICAL_PROCESS; DINO_TAXON; DINO_TAXON; TOXIN; ENV_FACTOR; ENV_FACTOR; BIOLOGICAL_PROCESS; DINO_TAXON; BIOLOGICAL_PROCESS,dino_pre2016,unvalidated_candidate,0.3262730618714219,0.4608470123714722,0.3877610130803377,0.1080615415280146,0.21994133014894385,0.8345117176717654,1,0.3630548292665309,0.2560975609756097,0.5384615384615384,0.5075780704223802,0.6735483870967743,nutrients||sxtg,1
aphanizomenon,CYANO_TAXON,sxtb,SXT_GENE,cyano_gene_transfer_signal,107.68663297842195,16.0,12,6,2.907832618243235,0.3870967741935484,442,26,17,cyanobacterial; cyanobacteria; dinoflagellate; dinoflagellates; saxitoxin; paralytic_shellfish_toxins; evolution; bloom; toxin_biosynthesis; paralytic_shellfish_poisoning; sxta; biosynthesis,CYANO_TAXON; CYANO_TAXON; DINO_TAXON; DINO_TAXON; TOXIN; TOXIN; BIOLOGICAL_PROCESS; ENV_FACTOR; BIOLOGICAL_PROCESS; TOXIN; SXT_GENE; BIOLOGICAL_PROCESS,dino_pre2016,unvalidated_candidate,0.3187563468919961,0.4895587763015543,0.2563222116696059,0.19534596022412462,0.21973646080231712,0.7306864872761283,1,0.1991775204609943,0.0914634146341463,0.282051282051282,0.2588000298118923,0.5848074921956297,aphanizomenon||sxtb,0
gtx,TOXIN,gene_loss,BIOLOGICAL_PROCESS,process_toxin_association,42.90775642941724,4.0,4,4,0.9660733366598376,0.0975609756097561,234,39,6,saxitoxin; cyanobacteria; nitrogen; biosynthesis,TOXIN; CYANO_TAXON; ENV_FACTOR; BIOLOGICAL_PROCESS,dino_pre2016,unvalidated_candidate,0.3110303923749839,0.5074093280992131,0.1406304548139854,0.271268077064571,0.21901302816433676,0.6849964725830916,1,0.0659463943924699,0.0182926829268292,0.0769230769230769,0.0712177801673931,0.0991345397324942,gene_loss||gtx,0
alexandrium_tamarense,DINO_TAXON,sxtb,SXT_GENE,taxon_gene_association,119.2709672672714,19.0,14,6,3.4074134581971074,0.2456140350877192,918,54,17,cyanobacterial; cyanobacteria; dinoflagellate; sxta; dinoflagellates; saxitoxin; paralytic_shellfish_toxins; evolution; toxin_production; bloom; toxin_biosynthesis; paralytic_shellfish_poisoning; nutrient; biosynthesis,CYANO_TAXON; CYANO_TAXON; DINO_TAXON; SXT_GENE; DINO_TAXON; TOXIN; TOXIN; BIOLOGICAL_PROCESS; BIOLOGICAL_PROCESS; ENV_FACTOR; BIOLOGICAL_PROCESS; TOXIN; ENV_FACTOR; BIOLOGICAL_PROCESS,dino_pre2016,unvalidated_candidate,0.2214414352534812,0.5010156780568998,0.2506941659495,0.19613435942890178,0.21795828203714107,0.7570579389238076,1,0.2230030942325626,0.1097560975609756,0.3333333333333333,0.3070616751799106,0.3474816072439162,alexandrium_tamarense||sxtb,0
nitrate,ENV_FACTOR,sxt_genes,SXT_GENE,environment_gene_regulation,151.873380846806,34.0,16,5,3.868062972422601,0.3137254901960784,1110,37,30,saxitoxin; dinoflagellate; alexandrium; dinoflagellates; paralytic_shellfish_toxins; paralytic_shellfish_poisoning; cyanobacteria; pyrodinium; toxicity; alexandrium_tamarense; gymnodinium; bloom; alexandrium_catenella; light; gymnodinium_catenatum; pyrodinium_bahamense,TOXIN; DINO_TAXON; DINO_TAXON; DINO_TAXON; TOXIN; TOXIN; CYANO_TAXON; DINO_TAXON; BIOLOGICAL_PROCESS; DINO_TAXON; DINO_TAXON; ENV_FACTOR; DINO_TAXON; ENV_FACTOR; DINO_TAXON; DINO_TAXON,dino_pre2016,unvalidated_candidate,0.1555806385264793,0.4631623097726197,0.2921960306284109,0.16821134325446876,0.21780521820404564,0.7576633432965086,1,0.2900566849268563,0.2012195121951219,0.3846153846153846,0.3515623880105977,0.4617330803289058,nitrate||sxt_genes,1
sxtg,SXT_GENE,nitrogen_limitation,ENV_FACTOR,environment_gene_regulation,123.3544110708695,19.0,16,5,4.015043373272594,0.4324324324324324,612,36,17,alexandrium; dinoflagellate; nutrient; cyanobacteria; paralytic_shellfish_toxins; alexandrium_fundyense; climate; toxicity; bloom; toxin_biosynthesis; paralytic_shellfish_poisoning; nitrogen; phosphorus; expression; dinoflagellates; biosynthesis,DINO_TAXON; DINO_TAXON; ENV_FACTOR; CYANO_TAXON; TOXIN; DINO_TAXON; ENV_FACTOR; BIOLOGICAL_PROCESS; ENV_FACTOR; BIOLOGICAL_PROCESS; TOXIN; ENV_FACTOR; ENV_FACTOR; BIOLOGICAL_PROCESS; DINO_TAXON; BIOLOGICAL_PROCESS,dino_pre2016,unvalidated_candidate,0.4750580832898382,0.4854932730682504,0.3134848257910423,0.15389163559734378,0.21772891167482322,0.6804674326203578,1,0.2314015389906984,0.1097560975609756,0.3846153846153846,0.3657613232270212,0.6608544027898867,nitrogen_limitation||sxtg,0
cyanobacterial,CYANO_TAXON,alexandrium_affine,DINO_TAXON,cross_taxa_association,43.39309275522058,5.0,5,3,1.2157771468410594,0.0961538461538461,306,51,6,alexandrium; dinoflagellate; light; hplc; nutrient,DINO_TAXON; DINO_TAXON; ENV_FACTOR; DETECTION_METHOD; ENV_FACTOR,dino_pre2016,unvalidated_candidate,0.1613091054128068,0.5061084373252024,0.1233391894286643,0.27644417615293143,0.21520218146322456,0.6290307220192775,1,0.066944588690573,0.024390243902439,0.1025641025641025,0.0953402359747892,0.0967741935483871,alexandrium_affine||cyanobacterial,0
alexandrium_catenella,DINO_TAXON,sxtu,SXT_GENE,taxon_gene_association,124.84621682385252,18.0,16,6,3.968562957380812,0.2909090909090909,1050,50,21,saxitoxin; cyanobacteria; cyanobacterial; paralytic_shellfish_toxins; dinoflagellate; sxt_genes; mass_spectrometry; saxitoxin_biosynthesis; gymnodinium; dinoflagellates; paralytic_shellfish_poisoning; gymnodinium_catenatum; sxta; expression; phylogenetic; biosynthesis,TOXIN; CYANO_TAXON; CYANO_TAXON; TOXIN; DINO_TAXON; SXT_GENE; DETECTION_METHOD; BIOLOGICAL_PROCESS; DINO_TAXON; DINO_TAXON; TOXIN; DINO_TAXON; SXT_GENE; BIOLOGICAL_PROCESS; BIOLOGICAL_PROCESS; BIOLOGICAL_PROCESS,dino_pre2016,unvalidated_candidate,0.2715014386085965,0.4633392423388379,0.268720586431506,0.17615862245458225,0.21318340804535174,0.6966156558713884,1,0.2344697453402647,0.1036585365853658,0.3846153846153846,0.3612711162996813,0.4234604105571848,alexandrium_catenella||sxtu,0
anabaena,CYANO_TAXON,sxti,SXT_GENE,cyano_gene_transfer_signal,99.89103408420976,13.0,13,5,3.188760285348124,0.3513513513513513,504,36,14,saxitoxin; cyanobacterial; cyanobacteria; pyrodinium; dinoflagellate; alexandrium; saxitoxin_biosynthesis; paralytic_shellfish_poisoning; sxta; phylogeny; phylogenetic; dinoflagellates; biosynthesis,TOXIN; CYANO_TAXON; CYANO_TAXON; DINO_TAXON; DINO_TAXON; DINO_TAXON; BIOLOGICAL_PROCESS; TOXIN; SXT_GENE; BIOLOGICAL_PROCESS; BIOLOGICAL_PROCESS; DINO_TAXON; BIOLOGICAL_PROCESS,dino_pre2016,unvalidated_candidate,0.5233320864457865,0.5205030180256613,0.28168097064649,0.16715331606958939,0.21296437790034964,0.6734480104954575,1,0.1831442627945275,0.073170731707317,0.3076923076923077,0.285938843712627,0.5248474280732346,anabaena||sxti,0
cyanobacterium,CYANO_TAXON,sxtb,SXT_GENE,cyano_gene_transfer_signal,102.98597181442992,16.0,11,6,2.617985907214957,0.275,578,34,17,cyanobacterial; cyanobacteria; dinoflagellate; sxta; dinoflagellates; saxitoxin; paralytic_shellfish_toxins; toxin_production; bloom; paralytic_shellfish_poisoning; biosynthesis,CYANO_TAXON; CYANO_TAXON; DINO_TAXON; SXT_GENE; DINO_TAXON; TOXIN; TOXIN; BIOLOGICAL_PROCESS; ENV_FACTOR; TOXIN; BIOLOGICAL_PROCESS,dino_pre2016,unvalidated_candidate,0.2427399095089912,0.4663271997966751,0.2259650117674986,0.204036598411573,0.21280796375394326,0.6600944021955112,1,0.1895096408448439,0.0914634146341463,0.2564102564102564,0.2307995981299551,0.3967741935483872,cyanobacterium||sxtb,0
neosaxitoxin,TOXIN,climate,ENV_FACTOR,environment_toxin_association,167.5003508695517,39.0,16,6,3.889710318496789,0.3720930232558139,828,36,23,alexandrium; dinoflagellate; toxicity; saxitoxin; paralytic_shellfish_toxins; paralytic_shellfish_poisoning; dinoflagellates; nutrient; mouse_bioassay; cyanobacteria; alexandrium_fundyense; temperature; toxin_production; bloom; nitrogen; biosynthesis,DINO_TAXON; DINO_TAXON; BIOLOGICAL_PROCESS; TOXIN; TOXIN; TOXIN; DINO_TAXON; ENV_FACTOR; DETECTION_METHOD; CYANO_TAXON; DINO_TAXON; ENV_FACTOR; BIOLOGICAL_PROCESS; ENV_FACTOR; ENV_FACTOR; BIOLOGICAL_PROCESS,dino_pre2016,unvalidated_candidate,0.4869909075158953,0.4708714188768571,0.3649204152552012,0.11032564869701383,0.2121635553202888,0.6477888934121167,1,0.322196773240899,0.2317073170731707,0.3846153846153846,0.3536536142063174,0.5596399099774945,climate||neosaxitoxin,0
aphanizomenon,CYANO_TAXON,sxtu,SXT_GENE,cyano_gene_transfer_signal,115.21247799034607,16.0,14,6,3.4850268739609187,0.4242424242424242,546,26,21,saxitoxin; cyanobacteria; cyanobacterial; paralytic_shellfish_toxins; dinoflagellate; cylindrospermopsis; mass_spectrometry; gymnodinium; dinoflagellates; cyanobacterium; paralytic_shellfish_poisoning; sxta; phylogenetic; biosynthesis,TOXIN; CYANO_TAXON; CYANO_TAXON; TOXIN; DINO_TAXON; CYANO_TAXON; DETECTION_METHOD; DINO_TAXON; DINO_TAXON; CYANO_TAXON; TOXIN; SXT_GENE; BIOLOGICAL_PROCESS; BIOLOGICAL_PROCESS,dino_pre2016,unvalidated_candidate,0.3714649395930831,0.505539375641589,0.2820517684194071,0.16457992758978807,0.21156866392163567,0.7306864872761283,1,0.2146559736076357,0.0914634146341463,0.3333333333333333,0.3145594630208924,0.6471163245356795,aphanizomenon||sxtu,0
sxta,SXT_GENE,environmental_regulation,BIOLOGICAL_PROCESS,gene_process_association,65.25262832004576,8.0,8,4,1.959647493356212,0.1333333333333333,531,59,9,saxitoxin; paralytic_shellfish_toxins; temperature; alexandrium; toxicity; alexandrium_tamarense; alexandrium_catenella; regulation,TOXIN; TOXIN; ENV_FACTOR; DINO_TAXON; BIOLOGICAL_PROCESS; DINO_TAXON; DINO_TAXON; BIOLOGICAL_PROCESS,dino_pre2016,unvalidated_candidate,0.1993995314774317,0.4932444045176867,0.1618171536330032,0.243561207794065,0.2108635861296403,0.6605424403353262,1,0.1119032340667926,0.0426829268292682,0.1794871794871795,0.1672012922687294,0.1591397849462366,environmental_regulation||sxta,0
neosaxitoxin,TOXIN,nitrogen_limitation,ENV_FACTOR,environment_toxin_association,105.50946790672288,16.0,13,5,3.129733953361444,0.325,612,36,17,alexandrium; dinoflagellate; nutrient; cyanobacteria; paralytic_shellfish_toxins; alexandrium_fundyense; toxicity; alexandrium_tamarense; bloom; paralytic_shellfish_poisoning; nitrogen; dinoflagellates; biosynthesis,DINO_TAXON; DINO_TAXON; ENV_FACTOR; CYANO_TAXON; TOXIN; DINO_TAXON; BIOLOGICAL_PROCESS; DINO_TAXON; ENV_FACTOR; TOXIN; ENV_FACTOR; DINO_TAXON; BIOLOGICAL_PROCESS,dino_pre2016,unvalidated_candidate,0.3358324083896633,0.494765649324819,0.2564751192756325,0.18013292265566658,0.21066980130365293,0.6804674326203578,1,0.1946997312557416,0.0914634146341463,0.3076923076923077,0.2802366476436603,0.4806451612903227,neosaxitoxin||nitrogen_limitation,0
saxitoxin,TOXIN,nitrogen_limitation,ENV_FACTOR,environment_toxin_association,128.65646754342316,21.0,17,5,4.26573377171159,0.2125,1360,80,17,alexandrium; dinoflagellate; nitrogen; nutrient; cyanobacteria; paralytic_shellfish_toxins; alexandrium_fundyense; climate; toxicity; alexandrium_tamarense; bloom; toxin_biosynthesis; paralytic_shellfish_poisoning; phosphorus; expression; dinoflagellates; biosynthesis,DINO_TAXON; DINO_TAXON; ENV_FACTOR; ENV_FACTOR; CYANO_TAXON; TOXIN; DINO_TAXON; ENV_FACTOR; BIOLOGICAL_PROCESS; DINO_TAXON; ENV_FACTOR; BIOLOGICAL_PROCESS; TOXIN; ENV_FACTOR; BIOLOGICAL_PROCESS; DINO_TAXON; BIOLOGICAL_PROCESS,dino_pre2016,unvalidated_candidate,0.3816316608076652,0.5847301512453428,0.3010504531328271,0.14886829511038646,0.2097411583193627,0.7950379967547091,1,0.2423063121505547,0.1219512195121951,0.4102564102564102,0.3899790876788107,0.2919354838709678,nitrogen_limitation||saxitoxin,0
gtx,TOXIN,irradiance,ENV_FACTOR,environment_toxin_association,177.87247066672654,37.0,21,5,5.243927641055583,0.5384615384615384,819,39,21,alexandrium; temperature; paralytic_shellfish_toxins; dinoflagellate; paralytic_shellfish_poisoning; dinoflagellates; saxitoxin; alexandrium_minutum; alexandrium_fundyense; bloom; alexandrium_catenella; light; salinity; nitrate; toxicity; nutrient; alexandrium_tamiyavanichii; toxin_production; gymnodinium; hplc,DINO_TAXON; ENV_FACTOR; TOXIN; DINO_TAXON; TOXIN; DINO_TAXON; TOXIN; DINO_TAXON; DINO_TAXON; ENV_FACTOR; DINO_TAXON; ENV_FACTOR; ENV_FACTOR; ENV_FACTOR; BIOLOGICAL_PROCESS; ENV_FACTOR; DINO_TAXON; BIOLOGICAL_PROCESS; DINO_TAXON; DETECTION_METHOD,dino_pre2016,unvalidated_candidate,0.6239455888152826,0.5422307410718494,0.430811124471795,0.061605077880883916,0.20928749651724834,0.7672329736783478,1,0.3435291777825223,0.2195121951219512,0.5128205128205128,0.4844767982551579,0.8387096774193549,gtx||irradiance,0
gonyautoxin,TOXIN,transcription,BIOLOGICAL_PROCESS,process_toxin_association,143.77097790581357,30.0,16,5,3.9040074714253072,0.2962962962962963,969,51,19,alexandrium; saxitoxin; paralytic_shellfish_toxins; dinoflagellate; paralytic_shellfish_poisoning; gymnodinium; gymnodinium_catenatum; dinoflagellates; bloom; alexandrium_catenella; alexandrium_minutum; sxta; expression; regulation; gene_expression; biosynthesis,DINO_TAXON; TOXIN; TOXIN; DINO_TAXON; TOXIN; DINO_TAXON; DINO_TAXON; DINO_TAXON; ENV_FACTOR; DINO_TAXON; DINO_TAXON; SXT_GENE; BIOLOGICAL_PROCESS; BIOLOGICAL_PROCESS; BIOLOGICAL_PROCESS; BIOLOGICAL_PROCESS,dino_pre2016,unvalidated_candidate,0.364911869888499,0.5149226854147089,0.3165994085340286,0.13658571700913144,0.20859119361909034,0.7900842979493753,1,0.2733924214323711,0.1768292682926829,0.3846153846153846,0.3550347803144335,0.4324970131421745,gonyautoxin||transcription,0
phosphorus,ENV_FACTOR,sxt_genes,SXT_GENE,environment_gene_regulation,151.34654253798251,31.0,16,6,3.895493491213488,0.3555555555555555,930,31,30,dinoflagellate; alexandrium; dinoflagellates; saxitoxin; paralytic_shellfish_toxins; paralytic_shellfish_poisoning; biosynthesis; cyanobacteria; toxicity; alexandrium_tamarense; sxtg; bloom; alexandrium_catenella; toxin_biosynthesis; sxta; expression,DINO_TAXON; DINO_TAXON; DINO_TAXON; TOXIN; TOXIN; TOXIN; BIOLOGICAL_PROCESS; CYANO_TAXON; BIOLOGICAL_PROCESS; DINO_TAXON; SXT_GENE; ENV_FACTOR; DINO_TAXON; BIOLOGICAL_PROCESS; SXT_GENE; BIOLOGICAL_PROCESS,dino_pre2016,unvalidated_candidate,0.1904941487383351,0.4462831353929712,0.2952156881078766,0.15044163927100965,0.20835125880575642,0.6355464140373687,1,0.288973133237171,0.1829268292682926,0.3846153846153846,0.3542122934198378,0.531899641577061,phosphorus||sxt_genes,1
gonyautoxin,TOXIN,horizontal_gene_transfer,BIOLOGICAL_PROCESS,process_toxin_association,160.00635475674432,32.0,18,6,4.451453240441122,0.3103448275862069,1275,51,25,saxitoxin; dinoflagellates; cyanobacteria; paralytic_shellfish_poisoning; phylogenetic; biosynthesis; cyanobacterial; paralytic_shellfish_toxins; dinoflagellate; alexandrium; gymnodinium; sxtg; anabaena; alexandrium_minutum; nitrogen; sxta; gymnodinium_catenatum; phylogeny,TOXIN; DINO_TAXON; CYANO_TAXON; TOXIN; BIOLOGICAL_PROCESS; BIOLOGICAL_PROCESS; CYANO_TAXON; TOXIN; DINO_TAXON; DINO_TAXON; DINO_TAXON; SXT_GENE; CYANO_TAXON; DINO_TAXON; ENV_FACTOR; SXT_GENE; DINO_TAXON; BIOLOGICAL_PROCESS,dino_pre2016,unvalidated_candidate,0.2797938898821229,0.5021865390053993,0.3255546837624434,0.12696085301102777,0.20639838531159402,0.7900842979493753,1,0.3067838239269793,0.1890243902439024,0.4358974358974359,0.4079203825022652,0.4560622914349279,gonyautoxin||horizontal_gene_transfer,0
neosaxitoxin,TOXIN,secondary_metabolism,BIOLOGICAL_PROCESS,process_toxin_association,111.36315638833554,15.0,15,5,3.7585012710908536,0.3846153846153846,648,36,18,saxitoxin; pyrodinium; temperature; dinoflagellate; salinity; toxicity; toxin_production; nitrate; bloom; light; hplc; nitrogen; nutrient; pyrodinium_bahamense; dinoflagellates,TOXIN; DINO_TAXON; ENV_FACTOR; DINO_TAXON; ENV_FACTOR; BIOLOGICAL_PROCESS; BIOLOGICAL_PROCESS; ENV_FACTOR; ENV_FACTOR; ENV_FACTOR; DETECTION_METHOD; ENV_FACTOR; ENV_FACTOR; DINO_TAXON; DINO_TAXON,dino_pre2016,unvalidated_candidate,0.3762496096258274,0.5357329127670739,0.2823209826759674,0.15507483099514652,0.20597329166747486,0.7528032696206303,1,0.206739049465739,0.0853658536585365,0.358974358974359,0.3409782591715538,0.5806451612903226,neosaxitoxin||secondary_metabolism,0
gymnodinium_catenatum,DINO_TAXON,scytonema,CYANO_TAXON,cross_taxa_association,59.02647809984954,6.0,6,5,1.4869232604510874,0.1052631578947368,342,57,6,saxitoxin; cyanobacteria; cyanobacterium; sxta; phylogenetic; dinoflagellates,TOXIN; CYANO_TAXON; CYANO_TAXON; SXT_GENE; BIOLOGICAL_PROCESS; DINO_TAXON,dino_pre2016,unvalidated_candidate,0.3609232022468853,0.5368944866182445,0.1734432306770582,0.22702114720978525,0.20558998059669442,0.7022444341839541,1,0.0990978714378034,0.0304878048780487,0.1282051282051282,0.1215341099815902,0.1120543293718166,gymnodinium_catenatum||scytonema,0
sxt_genes,SXT_GENE,transcription,BIOLOGICAL_PROCESS,gene_process_association,135.7009114523753,27.0,15,5,3.6445733732464647,0.4411764705882353,570,30,19,alexandrium; saxitoxin; dinoflagellate; paralytic_shellfish_toxins; gymnodinium; paralytic_shellfish_poisoning; gymnodinium_catenatum; dinoflagellates; evolution; saxitoxin_biosynthesis; bloom; alexandrium_catenella; sxta; expression; biosynthesis,DINO_TAXON; TOXIN; DINO_TAXON; TOXIN; DINO_TAXON; TOXIN; DINO_TAXON; DINO_TAXON; BIOLOGICAL_PROCESS; BIOLOGICAL_PROCESS; ENV_FACTOR; DINO_TAXON; SXT_GENE; BIOLOGICAL_PROCESS; BIOLOGICAL_PROCESS,dino_pre2016,unvalidated_candidate,0.1976535236875086,0.4650623489623455,0.2853619580591726,0.15094287422800504,0.20471050776047206,0.7328251120819943,1,0.2567946645968379,0.1585365853658536,0.358974358974359,0.3299723370793506,0.6755218216318787,sxt_genes||transcription,0
anabaena,CYANO_TAXON,sxtb,SXT_GENE,cyano_gene_transfer_signal,108.74249450477916,17.0,12,6,2.907832618243235,0.2926829268292683,612,36,17,cyanobacterial; cyanobacteria; dinoflagellate; sxta; dinoflagellates; saxitoxin; paralytic_shellfish_toxins; evolution; bloom; toxin_biosynthesis; paralytic_shellfish_poisoning; biosynthesis,CYANO_TAXON; CYANO_TAXON; DINO_TAXON; SXT_GENE; DINO_TAXON; TOXIN; TOXIN; BIOLOGICAL_PROCESS; ENV_FACTOR; BIOLOGICAL_PROCESS; TOXIN; BIOLOGICAL_PROCESS,dino_pre2016,unvalidated_candidate,0.4121460611964919,0.5022372440560134,0.2656595060224048,0.16386814138032066,0.2045846872371543,0.6734480104954575,1,0.2013491175559606,0.0975609756097561,0.282051282051282,0.2588000298118923,0.4264358772619985,anabaena||sxtb,0
gtx,TOXIN,horizontal_gene_transfer,BIOLOGICAL_PROCESS,process_toxin_association,147.98862871251373,30.0,17,5,4.1858037179589855,0.3617021276595745,975,39,25,saxitoxin; dinoflagellates; paralytic_shellfish_poisoning; biosynthesis; saxitoxin_biosynthesis; phylogenetic; cyanobacteria; paralytic_shellfish_toxins; alexandrium_fundyense; dinoflagellate; alexandrium; gymnodinium; toxin_biosynthesis; alexandrium_minutum; nitrogen; gymnodinium_catenatum; phylogeny,TOXIN; DINO_TAXON; TOXIN; BIOLOGICAL_PROCESS; BIOLOGICAL_PROCESS; BIOLOGICAL_PROCESS; CYANO_TAXON; TOXIN; DINO_TAXON; DINO_TAXON; DINO_TAXON; DINO_TAXON; BIOLOGICAL_PROCESS; DINO_TAXON; ENV_FACTOR; DINO_TAXON; BIOLOGICAL_PROCESS,dino_pre2016,unvalidated_candidate,0.2347944627711774,0.5038070698980004,0.308338104336598,0.13357963271709042,0.20348302136489343,0.7672329736783478,1,0.2820668905846015,0.1768292682926829,0.4102564102564102,0.382257502702071,0.5422100205902541,gtx||horizontal_gene_transfer,0
alexandrium,DINO_TAXON,sxtu,SXT_GENE,taxon_gene_association,146.80095910085603,22.0,20,6,5.150479550428017,0.25,1659,79,21,saxitoxin; cyanobacteria; paralytic_shellfish_toxins; sxt_genes; saxitoxin_biosynthesis; lc_ms; sxta; expression; lc_ms_ms; cyanobacterial; dinoflagellate; paralytic_shellfish_poisoning; cylindrospermopsis; dinoflagellates; mass_spectrometry; cyanobacterium; phylogenetic; biosynthesis; gymnodinium; gymnodinium_catenatum,TOXIN; CYANO_TAXON; TOXIN; SXT_GENE; BIOLOGICAL_PROCESS; DETECTION_METHOD; SXT_GENE; BIOLOGICAL_PROCESS; DETECTION_METHOD; CYANO_TAXON; DINO_TAXON; TOXIN; CYANO_TAXON; DINO_TAXON; DETECTION_METHOD; CYANO_TAXON; BIOLOGICAL_PROCESS; BIOLOGICAL_PROCESS; DINO_TAXON; DINO_TAXON,dino_pre2016,unvalidated_candidate,0.2679744735800963,0.517652145837171,0.3062584713168335,0.13458596787198576,0.20325496924992487,0.8016466653790285,1,0.2796242029649911,0.1280487804878048,0.4871794871794871,0.4754493131126082,0.3548387096774194,alexandrium||sxtu,1
aphanizomenon,CYANO_TAXON,sxti,SXT_GENE,cyano_gene_transfer_signal,95.12814208357244,12.0,12,5,2.92121389892907,0.4285714285714285,364,26,14,saxitoxin; cyanobacterial; cyanobacteria; pyrodinium; dinoflagellate; alexandrium; paralytic_shellfish_poisoning; sxta; phylogeny; phylogenetic; dinoflagellates; biosynthesis,TOXIN; CYANO_TAXON; CYANO_TAXON; DINO_TAXON; DINO_TAXON; DINO_TAXON; TOXIN; SXT_GENE; BIOLOGICAL_PROCESS; BIOLOGICAL_PROCESS; DINO_TAXON; BIOLOGICAL_PROCESS,dino_pre2016,unvalidated_candidate,0.432018153352329,0.524151654860019,0.2663310463698478,0.16097509287785383,0.2031174742746514,0.7306864872761283,1,0.1733483926221321,0.0670731707317073,0.282051282051282,0.2600927187450574,0.6543778801843319,aphanizomenon||sxti,0
paralytic_shellfish_poisoning,TOXIN,gene_loss,BIOLOGICAL_PROCESS,process_toxin_association,53.85780514994816,6.0,6,4,1.5442871903586974,0.0769230769230769,468,78,6,saxitoxin; cyanobacteria; evolution; nitrogen; horizontal_gene_transfer; biosynthesis,TOXIN; CYANO_TAXON; BIOLOGICAL_PROCESS; ENV_FACTOR; BIOLOGICAL_PROCESS; BIOLOGICAL_PROCESS,dino_pre2016,unvalidated_candidate,0.4291853053937401,0.5649639660733748,0.1803919292294935,0.21739197108887925,0.20259195434512495,0.7660957461146068,1,0.0884674290145801,0.0304878048780487,0.1282051282051282,0.1270757109012183,0.0645161290322581,gene_loss||paralytic_shellfish_poisoning,0
neosaxitoxin,TOXIN,horizontal_gene_transfer,BIOLOGICAL_PROCESS,process_toxin_association,132.56229145545916,26.0,15,5,3.650710945120877,0.3260869565217391,900,36,25,saxitoxin; dinoflagellates; paralytic_shellfish_poisoning; cyanobacteria; phylogenetic; paralytic_shellfish_toxins; alexandrium_fundyense; dinoflagellate; alexandrium; gymnodinium; alexandrium_minutum; nitrogen; gymnodinium_catenatum; phylogeny; biosynthesis,TOXIN; DINO_TAXON; TOXIN; CYANO_TAXON; BIOLOGICAL_PROCESS; TOXIN; DINO_TAXON; DINO_TAXON; DINO_TAXON; DINO_TAXON; DINO_TAXON; ENV_FACTOR; DINO_TAXON; BIOLOGICAL_PROCESS; BIOLOGICAL_PROCESS,dino_pre2016,unvalidated_candidate,0.2612775107999077,0.4616599652059424,0.2814338097577592,0.14986253047538134,0.2024910421883325,0.6538503655340352,1,0.2503394449516811,0.1524390243902439,0.358974358974359,0.3305652527669317,0.482468443197756,horizontal_gene_transfer||neosaxitoxin,0
gtx,TOXIN,climate,ENV_FACTOR,environment_toxin_association,182.9934507083312,43.0,18,6,4.451270808711049,0.4090909090909091,897,39,23,alexandrium; dinoflagellate; toxicity; saxitoxin; paralytic_shellfish_toxins; alexandrium_fundyense; paralytic_shellfish_poisoning; dinoflagellates; nutrient; mouse_bioassay; cyanobacteria; alexandrium_ostenfeldii; temperature; toxin_production; bloom; toxin_biosynthesis; nitrogen; biosynthesis,DINO_TAXON; DINO_TAXON; BIOLOGICAL_PROCESS; TOXIN; TOXIN; DINO_TAXON; TOXIN; DINO_TAXON; ENV_FACTOR; DETECTION_METHOD; CYANO_TAXON; DINO_TAXON; ENV_FACTOR; BIOLOGICAL_PROCESS; ENV_FACTOR; BIOLOGICAL_PROCESS; ENV_FACTOR; BIOLOGICAL_PROCESS,dino_pre2016,unvalidated_candidate,0.4857968120271765,0.5049126897704399,0.3949714978137423,0.0739190623493788,0.2023400365351242,0.7672329736783478,1,0.3540615298988992,0.2560975609756097,0.4358974358974359,0.4079027588170545,0.6217008797653961,climate||gtx,0
light,ENV_FACTOR,sxtd,SXT_GENE,environment_gene_regulation,81.07201904832563,9.0,9,6,2.2178277059809948,0.1636363636363636,663,51,13,saxitoxin; cyanobacteria; paralytic_shellfish_toxins; mass_spectrometry; paralytic_shellfish_poisoning; lc_ms; sxta; expression; dinoflagellates,TOXIN; CYANO_TAXON; TOXIN; DETECTION_METHOD; TOXIN; DETECTION_METHOD; SXT_GENE; BIOLOGICAL_PROCESS; DINO_TAXON,dino_pre2016,unvalidated_candidate,0.2575272041430106,0.4676707792962631,0.1869736969486446,0.2114196078017296,0.2016412434604956,0.6795571934151936,1,0.1444390752657719,0.048780487804878,0.2051282051282051,0.1921426047976232,0.2099706744868035,light||sxtd,0
cyanobacterium,CYANO_TAXON,sxti,SXT_GENE,cyano_gene_transfer_signal,88.2811384798473,11.0,11,5,2.654082753437169,0.2972972972972973,476,34,14,saxitoxin; cyanobacterial; cyanobacteria; dinoflagellate; alexandrium; saxitoxin_biosynthesis; paralytic_shellfish_poisoning; sxta; phylogenetic; dinoflagellates; biosynthesis,TOXIN; CYANO_TAXON; CYANO_TAXON; DINO_TAXON; DINO_TAXON; BIOLOGICAL_PROCESS; TOXIN; SXT_GENE; BIOLOGICAL_PROCESS; DINO_TAXON; BIOLOGICAL_PROCESS,dino_pre2016,unvalidated_candidate,0.3171811869455107,0.5090803441966817,0.2265938193701796,0.1807386707208599,0.19908073018058778,0.6600944021955112,1,0.1592661169032958,0.0609756097560975,0.2564102564102564,0.2342867078266383,0.4341761115954666,cyanobacterium||sxti,0
neosaxitoxin,TOXIN,resting_cyst,BIOLOGICAL_PROCESS,process_toxin_association,127.41420732289724,23.0,15,5,3.6800766344215967,0.4054054054054054,576,36,16,dinoflagellate; saxitoxin; paralytic_shellfish_toxins; alexandrium; toxicity; mouse_bioassay; alexandrium_tamarense; gtx; bloom; gymnodinium; paralytic_shellfish_poisoning; hplc; gymnodinium_catenatum; phylogeny; biosynthesis,DINO_TAXON; TOXIN; TOXIN; DINO_TAXON; BIOLOGICAL_PROCESS; DETECTION_METHOD; DINO_TAXON; TOXIN; ENV_FACTOR; DINO_TAXON; TOXIN; DETECTION_METHOD; DINO_TAXON; BIOLOGICAL_PROCESS; BIOLOGICAL_PROCESS,dino_pre2016,unvalidated_candidate,0.5320583743508104,0.5523470005917841,0.3304077872660483,0.11091824913573167,0.19871406438785832,0.7237027886223215,1,0.2397513476796041,0.1341463414634146,0.358974358974359,0.3334021039222916,0.6155187445510027,neosaxitoxin||resting_cyst,0
sxta,SXT_GENE,planktothrix,CYANO_TAXON,cyano_gene_transfer_signal,99.5644704829978,14.0,14,4,3.5957945635327944,0.2372881355932203,826,59,14,saxitoxin; cyanobacterial; cyanobacteria; aphanizomenon; paralytic_shellfish_toxins; pyrodinium; alexandrium; cylindrospermopsis; toxicity; gymnodinium; dinoflagellates; anabaena; paralytic_shellfish_poisoning; lyngbya,TOXIN; CYANO_TAXON; CYANO_TAXON; CYANO_TAXON; TOXIN; DINO_TAXON; DINO_TAXON; CYANO_TAXON; BIOLOGICAL_PROCESS; DINO_TAXON; DINO_TAXON; CYANO_TAXON; TOXIN; CYANO_TAXON,dino_pre2016,unvalidated_candidate,0.3608052398151836,0.5187660025116803,0.2523922399522758,0.16271299799833583,0.1985846947799118,0.8271227656920067,1,0.1824726173656422,0.0792682926829268,0.3333333333333333,0.3252600954807886,0.3335155822854018,planktothrix||sxta,0
pyrodinium_bahamense,DINO_TAXON,sxtb,SXT_GENE,taxon_gene_association,117.75451143677402,18.0,14,6,3.418922385053677,0.2916666666666667,765,45,17,cyanobacterial; dinoflagellate; sxta; dinoflagellates; saxitoxin; cyanobacteria; paralytic_shellfish_toxins; evolution; toxin_production; sxtg; bloom; paralytic_shellfish_poisoning; nutrient; biosynthesis,CYANO_TAXON; DINO_TAXON; SXT_GENE; DINO_TAXON; TOXIN; CYANO_TAXON; TOXIN; BIOLOGICAL_PROCESS; BIOLOGICAL_PROCESS; SXT_GENE; ENV_FACTOR; TOXIN; ENV_FACTOR; BIOLOGICAL_PROCESS,dino_pre2016,unvalidated_candidate,0.200288438525032,0.430803474262366,0.2420513461311551,0.1640010747308084,0.19522118329094706,0.6816492115815384,1,0.2198841899123016,0.1036585365853658,0.3333333333333333,0.3081734867269057,0.4247311827956991,pyrodinium_bahamense||sxtb,0
gymnodinium_catenatum,DINO_TAXON,planktothrix,CYANO_TAXON,cross_taxa_association,82.15394637303172,11.0,11,4,2.6603065198491955,0.1833333333333333,798,57,14,saxitoxin; cyanobacterial; cyanobacteria; paralytic_shellfish_toxins; pyrodinium; alexandrium; toxicity; gymnodinium; anabaena; paralytic_shellfish_poisoning; dinoflagellates,TOXIN; CYANO_TAXON; CYANO_TAXON; TOXIN; DINO_TAXON; DINO_TAXON; BIOLOGICAL_PROCESS; DINO_TAXON; CYANO_TAXON; TOXIN; DINO_TAXON,dino_pre2016,unvalidated_candidate,0.4044764895998216,0.5102945579705834,0.225840626002905,0.1746298492853648,0.19511415997238085,0.7261821688946555,1,0.1466642820534483,0.0609756097560975,0.2564102564102564,0.2348879502751243,0.243010752688172,gymnodinium_catenatum||planktothrix,0
light,ENV_FACTOR,sxtu,SXT_GENE,environment_gene_regulation,130.59519198977338,19.0,17,6,4.252141449432146,0.3090909090909091,1071,51,21,saxitoxin; cyanobacteria; cyanobacterial; paralytic_shellfish_toxins; dinoflagellate; sxt_genes; mass_spectrometry; saxitoxin_biosynthesis; gymnodinium; dinoflagellates; paralytic_shellfish_poisoning; lc_ms; gymnodinium_catenatum; sxta; expression; phylogenetic; biosynthesis,TOXIN; CYANO_TAXON; CYANO_TAXON; TOXIN; DINO_TAXON; SXT_GENE; DETECTION_METHOD; BIOLOGICAL_PROCESS; DINO_TAXON; DINO_TAXON; TOXIN; DETECTION_METHOD; DINO_TAXON; SXT_GENE; BIOLOGICAL_PROCESS; BIOLOGICAL_PROCESS; BIOLOGICAL_PROCESS,dino_pre2016,unvalidated_candidate,0.290174737907997,0.4451361304301606,0.280430246647463,0.13822815141463024,0.19510898950776334,0.684974795402223,1,0.2462936990100414,0.1097560975609756,0.4102564102564102,0.3886660112252804,0.453958944281525,light||sxtu,0
alexandrium_ostenfeldii,DINO_TAXON,aphanizomenon,CYANO_TAXON,cross_taxa_association,152.14730764111695,35.0,14,6,3.4069871538918104,0.3333333333333333,780,30,26,saxitoxin; dinoflagellate; paralytic_shellfish_poisoning; paralytic_shellfish_toxins; alexandrium; dinoflagellates; hplc; mass_spectrometry; cyanobacterial; toxicity; gymnodinium; bloom; phylogeny; phylogenetic,TOXIN; DINO_TAXON; TOXIN; TOXIN; DINO_TAXON; DINO_TAXON; DETECTION_METHOD; DETECTION_METHOD; CYANO_TAXON; BIOLOGICAL_PROCESS; DINO_TAXON; ENV_FACTOR; BIOLOGICAL_PROCESS; BIOLOGICAL_PROCESS,dino_pre2016,unvalidated_candidate,0.2036898032270809,0.4540502724114564,0.2938701203205058,0.12921608883870725,0.19507770143142666,0.7106487383355088,1,0.2906200719012936,0.2073170731707317,0.3333333333333333,0.307020492361124,0.4946236559139786,alexandrium_ostenfeldii||aphanizomenon,0
harmful_algal_bloom,ENV_FACTOR,sxtd,SXT_GENE,environment_gene_regulation,75.81971794005445,8.0,8,6,1.9342492139296608,0.1951219512195122,468,36,13,saxitoxin; cyanobacteria; paralytic_shellfish_toxins; mass_spectrometry; paralytic_shellfish_poisoning; sxta; expression; dinoflagellates,TOXIN; CYANO_TAXON; TOXIN; DETECTION_METHOD; TOXIN; SXT_GENE; BIOLOGICAL_PROCESS; DINO_TAXON,dino_pre2016,unvalidated_candidate,0.1836891702949692,0.4340934793874308,0.1663344681944534,0.21353763320102004,0.19465636719839338,0.6367088652189131,1,0.133636634279063,0.0426829268292682,0.1794871794871795,0.1647477098720241,0.2627852084972463,harmful_algal_bloom||sxtd,0
sxta,SXT_GENE,phosphorus_limitation,ENV_FACTOR,environment_gene_regulation,71.62151900236904,13.0,7,4,1.7274261678511866,0.1166666666666666,472,59,8,alexandrium; dinoflagellate; toxin_production; paralytic_shellfish_poisoning; alexandrium_minutum; nutrient; phosphorus,DINO_TAXON; DINO_TAXON; BIOLOGICAL_PROCESS; TOXIN; DINO_TAXON; ENV_FACTOR; ENV_FACTOR,dino_pre2016,unvalidated_candidate,0.1522921893101905,0.4679052474615729,0.1576553225142217,0.21899045584076027,0.19445640251014484,0.6471348014077238,1,0.1250021719091517,0.073170731707317,0.1538461538461538,0.1447677192368864,0.1311827956989247,phosphorus_limitation||sxta,0
pyrodinium,DINO_TAXON,sxtu,SXT_GENE,taxon_gene_association,130.7359987703986,19.0,17,6,4.29392531112523,0.3148148148148148,1050,50,21,saxitoxin; cyanobacteria; cyanobacterial; paralytic_shellfish_toxins; dinoflagellate; sxt_genes; cylindrospermopsis; mass_spectrometry; saxitoxin_biosynthesis; gymnodinium; dinoflagellates; paralytic_shellfish_poisoning; lc_ms; gymnodinium_catenatum; sxta; phylogenetic; biosynthesis,TOXIN; CYANO_TAXON; CYANO_TAXON; TOXIN; DINO_TAXON; SXT_GENE; CYANO_TAXON; DETECTION_METHOD; BIOLOGICAL_PROCESS; DINO_TAXON; DINO_TAXON; TOXIN; DETECTION_METHOD; DINO_TAXON; SXT_GENE; BIOLOGICAL_PROCESS; BIOLOGICAL_PROCESS,dino_pre2016,unvalidated_candidate,0.3415301896715205,0.4471632491985733,0.2889177051705885,0.1308935840824771,0.19410323251772166,0.6153812131804951,1,0.2465832972084077,0.1097560975609756,0.4102564102564102,0.3927025109343648,0.4635603345280766,pyrodinium||sxtu,0
alexandrium_fundyense,DINO_TAXON,planktothrix,CYANO_TAXON,cross_taxa_association,70.91792464254316,9.0,9,4,2.1256289879382404,0.1666666666666666,686,49,14,saxitoxin; cyanobacterial; cyanobacteria; paralytic_shellfish_toxins; alexandrium; toxicity; gymnodinium; paralytic_shellfish_poisoning; dinoflagellates,TOXIN; CYANO_TAXON; CYANO_TAXON; TOXIN; DINO_TAXON; BIOLOGICAL_PROCESS; DINO_TAXON; TOXIN; DINO_TAXON,dino_pre2016,unvalidated_candidate,0.2100349332219373,0.4935918150526436,0.1753867177158887,0.20177456302319316,0.19121942490027138,0.6296873241490872,1,0.1235550849288125,0.048780487804878,0.2051282051282051,0.1832358143891357,0.2150537634408602,alexandrium_fundyense||planktothrix,0
alexandrium_ostenfeldii,DINO_TAXON,sxti,SXT_GENE,taxon_gene_association,66.10107495107745,8.0,8,4,1.9394263644276144,0.2222222222222222,420,30,14,saxitoxin; cyanobacterial; dinoflagellate; alexandrium; paralytic_shellfish_poisoning; phylogeny; phylogenetic; dinoflagellates,TOXIN; CYANO_TAXON; DINO_TAXON; DINO_TAXON; TOXIN; BIOLOGICAL_PROCESS; BIOLOGICAL_PROCESS; DINO_TAXON,dino_pre2016,unvalidated_candidate,0.2700310972687277,0.4593632798957364,0.1770897251198093,0.20054236598243919,0.19116130963738723,0.6248461022794276,1,0.1136482396316218,0.0426829268292682,0.1794871794871795,0.1652478447478376,0.3082437275985664,alexandrium_ostenfeldii||sxti,0
transcriptome,BIOLOGICAL_PROCESS,sxtu,SXT_GENE,gene_process_association,92.12103120052129,13.0,11,5,2.685515600260643,0.275,630,30,21,saxitoxin; cyanobacteria; cyanobacterial; paralytic_shellfish_toxins; dinoflagellate; sxt_genes; paralytic_shellfish_poisoning; sxta; expression; dinoflagellates; biosynthesis,TOXIN; CYANO_TAXON; CYANO_TAXON; TOXIN; DINO_TAXON; SXT_GENE; TOXIN; SXT_GENE; BIOLOGICAL_PROCESS; DINO_TAXON; BIOLOGICAL_PROCESS,dino_pre2016,unvalidated_candidate,0.305544399084487,0.4313678681317267,0.2204101181680773,0.17146198196603146,0.19104123644684978,0.5115435919688096,1,0.1671636486051725,0.073170731707317,0.2564102564102564,0.2373232552379477,0.3967741935483872,sxtu||transcriptome,1
sxtg,SXT_GENE,bloom_dynamics,BIOLOGICAL_PROCESS,gene_process_association,37.96743498204152,4.0,4,3,0.9281619354652012,0.1111111111111111,144,36,4,alexandrium; paralytic_shellfish_poisoning; bloom; dinoflagellates,DINO_TAXON; TOXIN; ENV_FACTOR; DINO_TAXON,dino_pre2016,unvalidated_candidate,0.4358748364871646,0.5874802020888221,0.1649443951531914,0.20704184739101872,0.1902028664958878,0.7972252983951106,1,0.0557856039521414,0.0182926829268292,0.0769230769230769,0.0675553767012611,0.1218637992831542,bloom_dynamics||sxtg,0
sxt_genes,SXT_GENE,warming,ENV_FACTOR,environment_gene_regulation,112.16798043075602,20.0,14,4,3.528434659822452,0.3111111111111111,870,30,29,saxitoxin; dinoflagellate; alexandrium; transcriptome; pyrodinium; toxicity; bloom; light; paralytic_shellfish_poisoning; gene_duplication; expression; pyrodinium_bahamense; dinoflagellates; biosynthesis,TOXIN; DINO_TAXON; DINO_TAXON; BIOLOGICAL_PROCESS; DINO_TAXON; BIOLOGICAL_PROCESS; ENV_FACTOR; ENV_FACTOR; TOXIN; BIOLOGICAL_PROCESS; BIOLOGICAL_PROCESS; DINO_TAXON; DINO_TAXON; BIOLOGICAL_PROCESS,dino_pre2016,unvalidated_candidate,0.3477089857696833,0.4193439534153268,0.2630668760884552,0.14040495038790976,0.18946972066812795,0.6043697107088974,1,0.2083943361760231,0.1158536585365853,0.3333333333333333,0.3187528407486164,0.4573476702508962,sxt_genes||warming,0
sxta,SXT_GENE,resting_cyst,BIOLOGICAL_PROCESS,gene_process_association,116.365093780754,22.0,13,5,3.1341597936028016,0.2096774193548387,944,59,16,dinoflagellate; saxitoxin; paralytic_shellfish_toxins; alexandrium; toxicity; bloom; alexandrium_tamarense; gymnodinium; paralytic_shellfish_poisoning; hplc; gymnodinium_catenatum; phylogeny; biosynthesis,DINO_TAXON; TOXIN; TOXIN; DINO_TAXON; BIOLOGICAL_PROCESS; ENV_FACTOR; DINO_TAXON; DINO_TAXON; TOXIN; DETECTION_METHOD; DINO_TAXON; BIOLOGICAL_PROCESS; BIOLOGICAL_PROCESS,dino_pre2016,unvalidated_candidate,0.3900762669464414,0.5192778755865141,0.2725221695091332,0.1333801098426788,0.18903693370926056,0.658583384152521,1,0.2170265658108555,0.1280487804878048,0.3076923076923077,0.2806642027360526,0.2872008324661811,resting_cyst||sxta,0
sxt_genes,SXT_GENE,planktothrix,CYANO_TAXON,cyano_gene_transfer_signal,77.70367888373538,10.0,10,4,2.381251206573572,0.2941176470588235,420,30,14,saxitoxin; cyanobacterial; cyanobacteria; paralytic_shellfish_toxins; pyrodinium; alexandrium; toxicity; gymnodinium; paralytic_shellfish_poisoning; dinoflagellates,TOXIN; CYANO_TAXON; CYANO_TAXON; TOXIN; DINO_TAXON; DINO_TAXON; BIOLOGICAL_PROCESS; DINO_TAXON; TOXIN; DINO_TAXON,dino_pre2016,unvalidated_candidate,0.3073296794117403,0.4653318078531986,0.2077947383491562,0.17470378572561945,0.18794016677503417,0.6355464140373687,1,0.1375113886954328,0.0548780487804878,0.2307692307692307,0.2079300137605597,0.428842504743833,planktothrix||sxt_genes,0
sxt_genes,SXT_GENE,environmental_regulation,BIOLOGICAL_PROCESS,gene_process_association,49.6865835518929,6.0,6,3,1.4342008668555424,0.1818181818181818,270,30,9,saxitoxin; paralytic_shellfish_toxins; alexandrium; toxicity; alexandrium_tamarense; alexandrium_catenella,TOXIN; TOXIN; DINO_TAXON; BIOLOGICAL_PROCESS; DINO_TAXON; DINO_TAXON,dino_pre2016,unvalidated_candidate,0.1715015411738545,0.4917460274671733,0.1402125824282705,0.21716165052156935,0.18638202328424983,0.655106955641227,1,0.0798884511101109,0.0304878048780487,0.1282051282051282,0.1164409013171102,0.2404692082111437,environmental_regulation||sxt_genes,0
pyrodinium_bahamense,DINO_TAXON,sxtu,SXT_GENE,taxon_gene_association,123.18764736524965,17.0,16,6,3.993823682624817,0.32,945,45,21,saxitoxin; cyanobacterial; cyanobacteria; paralytic_shellfish_toxins; dinoflagellate; sxt_genes; mass_spectrometry; saxitoxin_biosynthesis; gymnodinium; dinoflagellates; paralytic_shellfish_poisoning; lc_ms; gymnodinium_catenatum; sxta; phylogenetic; biosynthesis,TOXIN; CYANO_TAXON; CYANO_TAXON; TOXIN; DINO_TAXON; SXT_GENE; DETECTION_METHOD; BIOLOGICAL_PROCESS; DINO_TAXON; DINO_TAXON; TOXIN; DETECTION_METHOD; DINO_TAXON; SXT_GENE; BIOLOGICAL_PROCESS; BIOLOGICAL_PROCESS,dino_pre2016,unvalidated_candidate,0.3413181957703048,0.4301481215718195,0.275900441819842,0.1261897236691335,0.18607401092941692,0.6166080030623121,1,0.2310585550201399,0.0975609756097561,0.3846153846153846,0.3637114103741652,0.4722580645161292,pyrodinium_bahamense||sxtu,0
alexandrium_tamiyavanichii,DINO_TAXON,sxt_genes,SXT_GENE,taxon_gene_association,142.22842483052816,28.0,15,6,3.640528204737757,0.3947368421052631,690,23,30,alexandrium; dinoflagellate; saxitoxin; dinoflagellates; paralytic_shellfish_poisoning; cyanobacteria; paralytic_shellfish_toxins; pyrodinium; toxicity; saxitoxin_biosynthesis; alexandrium_catenella; light; sxta; pyrodinium_bahamense; biosynthesis,DINO_TAXON; DINO_TAXON; TOXIN; DINO_TAXON; TOXIN; CYANO_TAXON; TOXIN; DINO_TAXON; BIOLOGICAL_PROCESS; BIOLOGICAL_PROCESS; DINO_TAXON; ENV_FACTOR; SXT_GENE; DINO_TAXON; BIOLOGICAL_PROCESS,dino_pre2016,unvalidated_candidate,0.392644434115563,0.4859873900737763,0.318726486698468,0.0961863530318789,0.18520240649851455,0.6415580337423074,1,0.2702198427433092,0.1646341463414634,0.358974358974359,0.3295815565041005,0.5976230899830222,alexandrium_tamiyavanichii||sxt_genes,0
toxicity,BIOLOGICAL_PROCESS,sxtu,SXT_GENE,gene_process_association,135.69021887395877,20.0,18,6,4.577503803176563,0.2535211267605634,1428,68,21,saxitoxin; cyanobacteria; cyanobacterial; paralytic_shellfish_toxins; dinoflagellate; sxt_genes; cylindrospermopsis; mass_spectrometry; saxitoxin_biosynthesis; gymnodinium; dinoflagellates; cyanobacterium; lc_ms; paralytic_shellfish_poisoning; gymnodinium_catenatum; sxta; phylogenetic; biosynthesis,TOXIN; CYANO_TAXON; CYANO_TAXON; TOXIN; DINO_TAXON; SXT_GENE; CYANO_TAXON; DETECTION_METHOD; BIOLOGICAL_PROCESS; DINO_TAXON; DINO_TAXON; CYANO_TAXON; DETECTION_METHOD; TOXIN; DINO_TAXON; SXT_GENE; BIOLOGICAL_PROCESS; BIOLOGICAL_PROCESS,dino_pre2016,unvalidated_candidate,0.3014652473974273,0.4911457730864298,0.2907974028890688,0.11446494658853239,0.18499792910874696,0.7765837340823588,1,0.2567726731030223,0.1158536585365853,0.4358974358974359,0.4200974058599638,0.360745115856429,sxtu||toxicity,0
sxtg,SXT_GENE,lyngbya,CYANO_TAXON,cyano_gene_transfer_signal,123.95752507686292,21.0,14,6,3.3508555616872697,0.3255813953488372,756,36,21,cyanobacteria; dinoflagellates; saxitoxin; cyanobacterial; paralytic_shellfish_toxins; pyrodinium; alexandrium; toxicity; toxin_production; gymnodinium; bloom; paralytic_shellfish_poisoning; sxta; biosynthesis,CYANO_TAXON; DINO_TAXON; TOXIN; CYANO_TAXON; TOXIN; DINO_TAXON; DINO_TAXON; BIOLOGICAL_PROCESS; BIOLOGICAL_PROCESS; DINO_TAXON; ENV_FACTOR; TOXIN; SXT_GENE; BIOLOGICAL_PROCESS,dino_pre2016,unvalidated_candidate,0.2718214896071544,0.4496184784678426,0.2656310240319681,0.13084385368964485,0.18475872182657416,0.6518231632994154,1,0.2326419673903081,0.1219512195121951,0.3333333333333333,0.3015979405331397,0.4816204051012754,lyngbya||sxtg,0
alexandrium_ostenfeldii,DINO_TAXON,sxtd,SXT_GENE,taxon_gene_association,49.56742309973074,6.0,6,3,1.4729007390545603,0.1621621621621621,390,30,13,saxitoxin; paralytic_shellfish_toxins; mass_spectrometry; paralytic_shellfish_poisoning; lc_ms; dinoflagellates,TOXIN; TOXIN; DETECTION_METHOD; TOXIN; DETECTION_METHOD; DINO_TAXON,dino_pre2016,unvalidated_candidate,0.2652200242033489,0.4470102851971294,0.1480624339450996,0.20843335858979165,0.18428498873191484,0.6795571934151936,1,0.079643373052723,0.0304878048780487,0.1282051282051282,0.1201794744538003,0.2074978204010461,alexandrium_ostenfeldii||sxtd,0
alexandrium_ostenfeldii,DINO_TAXON,sxtg,SXT_GENE,taxon_gene_association,152.11590119266086,34.0,16,5,3.957950596330431,0.32,1080,30,36,saxitoxin; dinoflagellate; alexandrium; dinoflagellates; paralytic_shellfish_toxins; toxin_production; paralytic_shellfish_poisoning; cyanobacterial; gonyautoxin; toxicity; climate; bloom; gymnodinium; alexandrium_minutum; phylogeny; phylogenetic,TOXIN; DINO_TAXON; DINO_TAXON; DINO_TAXON; TOXIN; BIOLOGICAL_PROCESS; TOXIN; CYANO_TAXON; TOXIN; BIOLOGICAL_PROCESS; ENV_FACTOR; ENV_FACTOR; DINO_TAXON; DINO_TAXON; BIOLOGICAL_PROCESS; BIOLOGICAL_PROCESS,dino_pre2016,unvalidated_candidate,0.2702399427061638,0.4307285320897226,0.3068523752929131,0.10183483995758502,0.18384185409171624,0.6635670342449081,1,0.2905554780596506,0.2012195121951219,0.3846153846153846,0.3602459168433167,0.4722580645161292,alexandrium_ostenfeldii||sxtg,0
alexandrium_catenella,DINO_TAXON,planktothrix,CYANO_TAXON,cross_taxa_association,76.614354264999,10.0,10,4,2.381251206573572,0.1851851851851851,700,50,14,saxitoxin; cyanobacterial; cyanobacteria; paralytic_shellfish_toxins; pyrodinium; alexandrium; toxicity; gymnodinium; paralytic_shellfish_poisoning; dinoflagellates,TOXIN; CYANO_TAXON; CYANO_TAXON; TOXIN; DINO_TAXON; DINO_TAXON; BIOLOGICAL_PROCESS; DINO_TAXON; TOXIN; DINO_TAXON,dino_pre2016,unvalidated_candidate,0.4462072533119117,0.4950677565844875,0.2216795510142358,0.15691309164978276,0.18281967539556399,0.6966156558713884,1,0.1352709678462286,0.0548780487804878,0.2307692307692307,0.2079300137605597,0.2461170848267621,alexandrium_catenella||planktothrix,0
bloom,ENV_FACTOR,sxtu,SXT_GENE,environment_gene_regulation,135.7836091906591,20.0,18,6,4.568275183564839,0.2647058823529412,1365,65,21,saxitoxin; cyanobacteria; cyanobacterial; paralytic_shellfish_toxins; dinoflagellate; sxt_genes; cylindrospermopsis; mass_spectrometry; gymnodinium; dinoflagellates; cyanobacterium; lc_ms; paralytic_shellfish_poisoning; gymnodinium_catenatum; sxta; expression; phylogenetic; biosynthesis,TOXIN; CYANO_TAXON; CYANO_TAXON; TOXIN; DINO_TAXON; SXT_GENE; CYANO_TAXON; DETECTION_METHOD; DINO_TAXON; DINO_TAXON; CYANO_TAXON; DETECTION_METHOD; TOXIN; DINO_TAXON; SXT_GENE; BIOLOGICAL_PROCESS; BIOLOGICAL_PROCESS; BIOLOGICAL_PROCESS,dino_pre2016,unvalidated_candidate,0.232159747707124,0.5039590006849638,0.2826882037306106,0.1134711733102708,0.18115798547840672,0.7851909076573138,1,0.2569647495594342,0.1158536585365853,0.4358974358974359,0.4192058817435095,0.379506641366224,bloom||sxtu,0
alexandrium_fundyense,DINO_TAXON,scytonema,CYANO_TAXON,cross_taxa_association,53.406689536799504,5.0,5,5,1.203344768399754,0.1,294,49,6,saxitoxin; cyanobacteria; dinoflagellates; sxta; phylogenetic,TOXIN; CYANO_TAXON; DINO_TAXON; SXT_GENE; BIOLOGICAL_PROCESS,dino_pre2016,unvalidated_candidate,0.3763191064218274,0.540566453561855,0.1665673316427419,0.19069090966975843,0.18104147845895183,0.6509894679294573,1,0.0875396166731385,0.024390243902439,0.1025641025641025,0.0941392150559912,0.103225806451613,alexandrium_fundyense||scytonema,0
alexandrium_tamarense,DINO_TAXON,planktothrix,CYANO_TAXON,cross_taxa_association,76.5335065334622,10.0,10,4,2.404684301213864,0.1724137931034483,756,54,14,saxitoxin; cyanobacterial; cyanobacteria; paralytic_shellfish_toxins; alexandrium; toxicity; gymnodinium; anabaena; paralytic_shellfish_poisoning; dinoflagellates,TOXIN; CYANO_TAXON; CYANO_TAXON; TOXIN; DINO_TAXON; BIOLOGICAL_PROCESS; DINO_TAXON; CYANO_TAXON; TOXIN; DINO_TAXON,dino_pre2016,unvalidated_candidate,0.3443101274380687,0.5450806520143637,0.210266924648143,0.1611761031247677,0.18081243173411782,0.7570579389238076,1,0.135104687804237,0.0548780487804878,0.2307692307692307,0.2101937509037004,0.224694104560623,alexandrium_tamarense||planktothrix,0
sxt_genes,SXT_GENE,lyngbya,CYANO_TAXON,cyano_gene_transfer_signal,118.63227163133382,20.0,13,6,3.10560949987744,0.3421052631578947,630,30,21,cyanobacteria; dinoflagellates; saxitoxin; cyanobacterial; paralytic_shellfish_toxins; pyrodinium; alexandrium; toxicity; gymnodinium; bloom; paralytic_shellfish_poisoning; sxta; biosynthesis,CYANO_TAXON; DINO_TAXON; TOXIN; CYANO_TAXON; TOXIN; DINO_TAXON; DINO_TAXON; BIOLOGICAL_PROCESS; DINO_TAXON; ENV_FACTOR; TOXIN; SXT_GENE; BIOLOGICAL_PROCESS,dino_pre2016,unvalidated_candidate,0.2571775524828775,0.4618870364801294,0.2571481271248331,0.12850533965242492,0.17996245464138821,0.6518231632994154,1,0.2216894848690744,0.1158536585365853,0.3076923076923077,0.2779061222799379,0.5093378607809848,lyngbya||sxt_genes,0
sxtg,SXT_GENE,warming,ENV_FACTOR,environment_gene_regulation,136.9136149183347,25.0,18,4,4.541913842146075,0.3829787234042553,1044,36,29,saxitoxin; dinoflagellate; alexandrium; toxin_production; nutrient; transcriptome; alexandrium_fundyense; pyrodinium; gonyautoxin; toxicity; bloom; paralytic_shellfish_poisoning; nitrogen; gene_duplication; expression; pyrodinium_bahamense; dinoflagellates; biosynthesis,TOXIN; DINO_TAXON; DINO_TAXON; BIOLOGICAL_PROCESS; ENV_FACTOR; BIOLOGICAL_PROCESS; DINO_TAXON; DINO_TAXON; TOXIN; BIOLOGICAL_PROCESS; ENV_FACTOR; TOXIN; ENV_FACTOR; BIOLOGICAL_PROCESS; BIOLOGICAL_PROCESS; DINO_TAXON; DINO_TAXON; BIOLOGICAL_PROCESS,dino_pre2016,unvalidated_candidate,0.3512038383216209,0.4156011138466681,0.3085396787314782,0.0914335375073218,0.17827599399698435,0.6323698032582951,1,0.2592888395032944,0.1463414634146341,0.4358974358974359,0.4166592634402633,0.5778997940974607,sxtg||warming,0
gonyautoxin,TOXIN,nitrogen_limitation,ENV_FACTOR,environment_toxin_association,112.43721104300032,18.0,14,5,3.42230922520386,0.2592592592592592,867,51,17,alexandrium; dinoflagellate; nitrogen; nutrient; cyanobacteria; paralytic_shellfish_toxins; toxicity; alexandrium_tamarense; bloom; paralytic_shellfish_poisoning; phosphorus; expression; dinoflagellates; biosynthesis,DINO_TAXON; DINO_TAXON; ENV_FACTOR; ENV_FACTOR; CYANO_TAXON; TOXIN; BIOLOGICAL_PROCESS; DINO_TAXON; ENV_FACTOR; TOXIN; ENV_FACTOR; BIOLOGICAL_PROCESS; DINO_TAXON; BIOLOGICAL_PROCESS,dino_pre2016,unvalidated_candidate,0.2458844302560137,0.5282737329034505,0.2520920862334,0.12857385207322566,0.1779811457372954,0.7900842979493753,1,0.2089480644830321,0.1036585365853658,0.3333333333333333,0.3085006699676829,0.3703703703703703,gonyautoxin||nitrogen_limitation,0
gtx,TOXIN,transcription,BIOLOGICAL_PROCESS,process_toxin_association,127.93731873450857,28.0,14,4,3.3777502763451785,0.3181818181818182,741,39,19,alexandrium; saxitoxin; paralytic_shellfish_toxins; dinoflagellate; paralytic_shellfish_poisoning; gymnodinium; gymnodinium_catenatum; dinoflagellates; alexandrium_fundyense; saxitoxin_biosynthesis; bloom; alexandrium_catenella; alexandrium_minutum; biosynthesis,DINO_TAXON; TOXIN; TOXIN; DINO_TAXON; TOXIN; DINO_TAXON; DINO_TAXON; DINO_TAXON; DINO_TAXON; BIOLOGICAL_PROCESS; ENV_FACTOR; DINO_TAXON; DINO_TAXON; BIOLOGICAL_PROCESS,dino_pre2016,unvalidated_candidate,0.2939249337878548,0.4973917383274882,0.2845046857090626,0.10678375906524935,0.17787212972277466,0.7672329736783478,1,0.2408272342361662,0.1646341463414634,0.3333333333333333,0.3041960849720135,0.4692082111436951,gtx||transcription,0
pyrodinium_bahamense,DINO_TAXON,sxtd,SXT_GENE,taxon_gene_association,70.51901987834732,8.0,8,5,1.959509939173666,0.16,585,45,13,saxitoxin; cyanobacteria; paralytic_shellfish_toxins; mass_spectrometry; paralytic_shellfish_poisoning; lc_ms; sxta; dinoflagellates,TOXIN; CYANO_TAXON; TOXIN; DETECTION_METHOD; TOXIN; DETECTION_METHOD; SXT_GENE; DINO_TAXON,dino_pre2016,unvalidated_candidate,0.1894101234870552,0.4475128498674911,0.161773143425827,0.1884503245884761,0.17777945212341645,0.6795571934151936,1,0.1227346549714065,0.0426829268292682,0.1794871794871795,0.167188003946508,0.2038709677419355,pyrodinium_bahamense||sxtd,0
paralytic_shellfish_toxins,TOXIN,gene_duplication,BIOLOGICAL_PROCESS,process_toxin_association,121.97709355391716,20.0,17,4,4.339898128309937,0.2297297297297297,1368,72,19,alexandrium; dinoflagellate; biosynthesis; saxitoxin; transcriptome; alexandrium_fundyense; pyrodinium; sxt_genes; evolution; gymnodinium; sxtg; gymnodinium_catenatum; sxta; expression; phylogeny; pyrodinium_bahamense; dinoflagellates,DINO_TAXON; DINO_TAXON; BIOLOGICAL_PROCESS; TOXIN; BIOLOGICAL_PROCESS; DINO_TAXON; DINO_TAXON; SXT_GENE; BIOLOGICAL_PROCESS; DINO_TAXON; SXT_GENE; DINO_TAXON; SXT_GENE; BIOLOGICAL_PROCESS; BIOLOGICAL_PROCESS; DINO_TAXON; DINO_TAXON,dino_pre2016,unvalidated_candidate,0.3812481350663057,0.5393473165270294,0.2918720739210341,0.10128544893155735,0.17752009892734805,0.8550420741783743,1,0.2285688013219824,0.1158536585365853,0.4102564102564102,0.3971436816560881,0.3208369659982563,gene_duplication||paralytic_shellfish_toxins,0
neosaxitoxin,TOXIN,gene_loss,BIOLOGICAL_PROCESS,process_toxin_association,42.98477825226705,4.0,4,4,0.9660733366598376,0.1052631578947368,216,36,6,saxitoxin; cyanobacteria; nitrogen; biosynthesis,TOXIN; CYANO_TAXON; ENV_FACTOR; BIOLOGICAL_PROCESS,dino_pre2016,unvalidated_candidate,0.2798108545816622,0.4734922928439479,0.133257254046396,0.2060347685481388,0.17692376274744165,0.6290189516346559,1,0.0661048056638103,0.0182926829268292,0.0769230769230769,0.0712177801673931,0.1120543293718166,gene_loss||neosaxitoxin,0
sxt_genes,SXT_GENE,nitrogen_limitation,ENV_FACTOR,environment_gene_regulation,98.2033014007195,14.0,12,5,2.887364986074034,0.3428571428571428,510,30,17,alexandrium; dinoflagellate; cyanobacteria; paralytic_shellfish_toxins; toxicity; alexandrium_tamarense; bloom; toxin_biosynthesis; paralytic_shellfish_poisoning; expression; dinoflagellates; biosynthesis,DINO_TAXON; DINO_TAXON; CYANO_TAXON; TOXIN; BIOLOGICAL_PROCESS; DINO_TAXON; ENV_FACTOR; BIOLOGICAL_PROCESS; TOXIN; BIOLOGICAL_PROCESS; DINO_TAXON; BIOLOGICAL_PROCESS,dino_pre2016,unvalidated_candidate,0.2278103108918554,0.4583222124097029,0.22658065493579,0.14324090355691868,0.1765768041084672,0.6355464140373687,1,0.1796730922848945,0.0792682926829268,0.282051282051282,0.2568227690239001,0.5105990783410139,nitrogen_limitation||sxt_genes,0
gonyautoxin,TOXIN,resting_cyst,BIOLOGICAL_PROCESS,process_toxin_association,134.08543637839438,25.0,16,5,3.974090738216802,0.3137254901960784,816,51,16,dinoflagellate; saxitoxin; paralytic_shellfish_toxins; alexandrium; toxicity; bloom; mouse_bioassay; alexandrium_ostenfeldii; alexandrium_tamarense; gtx; gymnodinium; paralytic_shellfish_poisoning; hplc; gymnodinium_catenatum; phylogeny; biosynthesis,DINO_TAXON; TOXIN; TOXIN; DINO_TAXON; BIOLOGICAL_PROCESS; ENV_FACTOR; DETECTION_METHOD; DINO_TAXON; DINO_TAXON; TOXIN; DINO_TAXON; TOXIN; DETECTION_METHOD; DINO_TAXON; BIOLOGICAL_PROCESS; BIOLOGICAL_PROCESS,dino_pre2016,unvalidated_candidate,0.5230308600136736,0.5951911346631871,0.3367362342298172,0.06684896406072355,0.17480387212836102,0.7900842979493753,1,0.2534721067707649,0.1463414634146341,0.3846153846153846,0.3618051235654589,0.4617330803289058,gonyautoxin||resting_cyst,0
paralytic_shellfish_toxins,TOXIN,phosphorus_limitation,ENV_FACTOR,environment_toxin_association,79.1539916544039,15.0,8,4,2.0214402716463926,0.1111111111111111,576,72,8,alexandrium; dinoflagellate; toxin_production; paralytic_shellfish_poisoning; alexandrium_minutum; phosphorus; nutrient; phosphate,DINO_TAXON; DINO_TAXON; BIOLOGICAL_PROCESS; TOXIN; DINO_TAXON; ENV_FACTOR; ENV_FACTOR; ENV_FACTOR,dino_pre2016,unvalidated_candidate,0.3650355435820167,0.583707940971122,0.2123885529111855,0.14886359211465072,0.17427357643326463,0.8341122549397513,1,0.1404942561652252,0.0853658536585365,0.1794871794871795,0.1731707388800539,0.1218637992831542,paralytic_shellfish_toxins||phosphorus_limitation,0
sxtg,SXT_GENE,alexandrium_affine,DINO_TAXON,taxon_gene_association,27.1974396127247,3.0,3,2,0.7141044217469659,0.0769230769230769,216,36,6,alexandrium; dinoflagellate; nutrient,DINO_TAXON; DINO_TAXON; ENV_FACTOR,dino_pre2016,unvalidated_candidate,0.3126225017082795,0.4854885861205317,0.1205715825720865,0.20759636069809634,0.1727864494476924,0.6223734775294213,1,0.0336348861989339,0.0121951219512195,0.0512820512820512,0.0468765055572375,0.0645161290322581,alexandrium_affine||sxtg,1
nutrients,ENV_FACTOR,sxtb,SXT_GENE,environment_gene_regulation,75.41712393574262,11.0,9,4,2.185834695144039,0.2045454545454545,612,36,17,dinoflagellate; dinoflagellates; saxitoxin; paralytic_shellfish_toxins; transcriptome; toxin_production; bloom; paralytic_shellfish_poisoning; nutrient,DINO_TAXON; DINO_TAXON; TOXIN; TOXIN; BIOLOGICAL_PROCESS; BIOLOGICAL_PROCESS; ENV_FACTOR; TOXIN; ENV_FACTOR,dino_pre2016,unvalidated_candidate,0.3177420922078465,0.4638838298144365,0.1974266841247421,0.15596124336762346,0.17254741967047094,0.7735183631351499,1,0.1328086166381222,0.0609756097560975,0.2051282051282051,0.1890519431473268,0.2785923753665689,nutrients||sxtb,0
saxitoxin,TOXIN,phosphorus_limitation,ENV_FACTOR,environment_toxin_association,79.04288054329278,15.0,8,4,2.0214402716463926,0.1,640,80,8,alexandrium; dinoflagellate; toxin_production; paralytic_shellfish_poisoning; alexandrium_minutum; phosphorus; nutrient; phosphate,DINO_TAXON; DINO_TAXON; BIOLOGICAL_PROCESS; TOXIN; DINO_TAXON; ENV_FACTOR; ENV_FACTOR; ENV_FACTOR,dino_pre2016,unvalidated_candidate,0.3896659999875819,0.5740290816252571,0.2141033527715401,0.1412428756758526,0.1703870665141276,0.7660957461146068,1,0.1402657332386064,0.0853658536585365,0.1794871794871795,0.1731707388800539,0.103225806451613,phosphorus_limitation||saxitoxin,0
alexandrium_minutum,DINO_TAXON,planktothrix,CYANO_TAXON,cross_taxa_association,82.15394637303172,11.0,11,4,2.6603065198491955,0.1833333333333333,798,57,14,saxitoxin; cyanobacterial; cyanobacteria; paralytic_shellfish_toxins; pyrodinium; alexandrium; toxicity; gymnodinium; anabaena; paralytic_shellfish_poisoning; dinoflagellates,TOXIN; CYANO_TAXON; CYANO_TAXON; TOXIN; DINO_TAXON; DINO_TAXON; BIOLOGICAL_PROCESS; DINO_TAXON; CYANO_TAXON; TOXIN; DINO_TAXON,dino_pre2016,unvalidated_candidate,0.2557982693932705,0.48041060024679,0.200550497199543,0.14872082100153983,0.1694526914807411,0.7261821688946555,1,0.1466642820534483,0.0609756097560975,0.2564102564102564,0.2348879502751243,0.243010752688172,alexandrium_minutum||planktothrix,0
paralytic_shellfish_toxins,TOXIN,secondary_metabolism,BIOLOGICAL_PROCESS,process_toxin_association,120.92625880514908,17.0,17,5,4.298745840930701,0.2328767123287671,1296,72,18,saxitoxin; pyrodinium; temperature; dinoflagellate; salinity; toxicity; toxin_production; nitrate; bloom; nutrients; light; hplc; nitrogen; nutrient; regulation; pyrodinium_bahamense; dinoflagellates,TOXIN; DINO_TAXON; ENV_FACTOR; DINO_TAXON; ENV_FACTOR; BIOLOGICAL_PROCESS; BIOLOGICAL_PROCESS; ENV_FACTOR; ENV_FACTOR; ENV_FACTOR; ENV_FACTOR; DETECTION_METHOD; ENV_FACTOR; ENV_FACTOR; BIOLOGICAL_PROCESS; DINO_TAXON; DINO_TAXON,dino_pre2016,unvalidated_candidate,0.3633912360226053,0.5803052441907887,0.2891382952501665,0.08822990595870775,0.16859326167529126,0.8550420741783743,1,0.2264075428323513,0.0975609756097561,0.4102564102564102,0.3931681947263595,0.3261157755192223,paralytic_shellfish_toxins||secondary_metabolism,0
pyrodinium_bahamense,DINO_TAXON,scytonema,CYANO_TAXON,cross_taxa_association,53.49364605853864,5.0,5,5,1.203344768399754,0.108695652173913,270,45,6,saxitoxin; cyanobacteria; dinoflagellates; sxta; phylogenetic,TOXIN; CYANO_TAXON; DINO_TAXON; SXT_GENE; BIOLOGICAL_PROCESS,dino_pre2016,unvalidated_candidate,0.1416866776452805,0.5064898018646956,0.128756710329852,0.19453105149658206,0.16822131502989005,0.6509894679294573,1,0.0877184607026663,0.024390243902439,0.1025641025641025,0.0941392150559912,0.1178120617110799,pyrodinium_bahamense||scytonema,0
paralytic_shellfish_poisoning,TOXIN,gene_duplication,BIOLOGICAL_PROCESS,process_toxin_association,138.24473487410216,22.0,19,5,4.904418719102362,0.2435897435897435,1482,78,19,alexandrium; dinoflagellate; biosynthesis; transcriptome; alexandrium_fundyense; pyrodinium; sxt_genes; saxitoxin_biosynthesis; sxta; expression; pyrodinium_bahamense; warming; saxitoxin; evolution; dinoflagellates; phylogeny; gymnodinium; sxtg; gymnodinium_catenatum,DINO_TAXON; DINO_TAXON; BIOLOGICAL_PROCESS; BIOLOGICAL_PROCESS; DINO_TAXON; DINO_TAXON; SXT_GENE; BIOLOGICAL_PROCESS; SXT_GENE; BIOLOGICAL_PROCESS; DINO_TAXON; ENV_FACTOR; TOXIN; BIOLOGICAL_PROCESS; DINO_TAXON; BIOLOGICAL_PROCESS; DINO_TAXON; SXT_GENE; DINO_TAXON,dino_pre2016,unvalidated_candidate,0.3225384736947237,0.5126513358612459,0.3034000278681992,0.07802275323816393,0.16817366309017803,0.7940908770657443,1,0.2620265623550488,0.1280487804878048,0.4615384615384615,0.4516787846401893,0.3440860215053763,gene_duplication||paralytic_shellfish_poisoning,0
pyrodinium_bahamense,DINO_TAXON,lyngbya,CYANO_TAXON,cross_taxa_association,137.93147979011275,22.0,16,7,3.865739895056375,0.32,945,45,21,dinoflagellates; saxitoxin; cyanobacterial; paralytic_shellfish_toxins; hplc; cyanobacteria; pyrodinium; alexandrium; toxicity; mass_spectrometry; toxin_production; bloom; gymnodinium; paralytic_shellfish_poisoning; sxta; biosynthesis,DINO_TAXON; TOXIN; CYANO_TAXON; TOXIN; DETECTION_METHOD; CYANO_TAXON; DINO_TAXON; DINO_TAXON; BIOLOGICAL_PROCESS; DETECTION_METHOD; BIOLOGICAL_PROCESS; ENV_FACTOR; DINO_TAXON; TOXIN; SXT_GENE; BIOLOGICAL_PROCESS,dino_pre2016,unvalidated_candidate,0.2526633490455442,0.4272018961990125,0.2790184600156749,0.09297738749251258,0.1673938165017775,0.6518231632994154,1,0.2613822886379054,0.1280487804878048,0.3846153846153846,0.3513379688034446,0.4722580645161292,lyngbya||pyrodinium_bahamense,0
gene_expression,BIOLOGICAL_PROCESS,sxtu,SXT_GENE,gene_process_association,109.3140049343331,16.0,14,5,3.4070024671665524,0.35,693,33,21,saxitoxin; cyanobacteria; cyanobacterial; paralytic_shellfish_toxins; dinoflagellate; gymnodinium; saxitoxin_biosynthesis; dinoflagellates; paralytic_shellfish_poisoning; gymnodinium_catenatum; sxta; expression; phylogenetic; biosynthesis,TOXIN; CYANO_TAXON; CYANO_TAXON; TOXIN; DINO_TAXON; DINO_TAXON; BIOLOGICAL_PROCESS; DINO_TAXON; TOXIN; DINO_TAXON; SXT_GENE; BIOLOGICAL_PROCESS; BIOLOGICAL_PROCESS; BIOLOGICAL_PROCESS,dino_pre2016,unvalidated_candidate,0.1700351078583673,0.4262413281439565,0.2334347055158885,0.12323566873855189,0.16731528344948654,0.6425280528767099,1,0.2025245466795542,0.0914634146341463,0.3333333333333333,0.3070219716889442,0.5225806451612904,gene_expression||sxtu,1
harmful_algal_bloom,ENV_FACTOR,sxtb,SXT_GENE,environment_gene_regulation,110.52973414355613,16.0,13,6,3.139867071778053,0.325,612,36,17,dinoflagellate; sxta; dinoflagellates; saxitoxin; cyanobacterial; cyanobacteria; paralytic_shellfish_toxins; toxin_production; bloom; toxin_biosynthesis; paralytic_shellfish_poisoning; nutrient; biosynthesis,DINO_TAXON; SXT_GENE; DINO_TAXON; TOXIN; CYANO_TAXON; CYANO_TAXON; TOXIN; BIOLOGICAL_PROCESS; ENV_FACTOR; BIOLOGICAL_PROCESS; TOXIN; ENV_FACTOR; BIOLOGICAL_PROCESS,dino_pre2016,unvalidated_candidate,0.1823334189556156,0.4354826238252558,0.2311357929990365,0.12019077175337663,0.16456878025164057,0.6367088652189131,1,0.205024944651363,0.0914634146341463,0.3076923076923077,0.281215550212341,0.4806451612903227,harmful_algal_bloom||sxtb,0
cyanobacterium,CYANO_TAXON,alexandrium_leei,DINO_TAXON,cross_taxa_association,43.76266665820723,5.0,5,3,1.1670476148178994,0.1428571428571428,204,34,6,saxitoxin; paralytic_shellfish_toxins; alexandrium; dinoflagellate; sxta,TOXIN; TOXIN; DINO_TAXON; DINO_TAXON; SXT_GENE,dino_pre2016,unvalidated_candidate,0.2550061720178096,0.5146438624223709,0.1424303793666001,0.17919709472074535,0.16449040857908725,0.5848697034474657,1,0.067704693679785,0.024390243902439,0.1025641025641025,0.0906327548118439,0.1751152073732718,alexandrium_leei||cyanobacterium,0
alexandrium_fundyense,DINO_TAXON,sxtu,SXT_GENE,taxon_gene_association,108.3140049343331,16.0,14,5,3.4070024671665524,0.25,1029,49,21,saxitoxin; cyanobacteria; cyanobacterial; paralytic_shellfish_toxins; dinoflagellate; gymnodinium; saxitoxin_biosynthesis; dinoflagellates; paralytic_shellfish_poisoning; gymnodinium_catenatum; sxta; expression; phylogenetic; biosynthesis,TOXIN; CYANO_TAXON; CYANO_TAXON; TOXIN; DINO_TAXON; DINO_TAXON; BIOLOGICAL_PROCESS; DINO_TAXON; TOXIN; DINO_TAXON; SXT_GENE; BIOLOGICAL_PROCESS; BIOLOGICAL_PROCESS; BIOLOGICAL_PROCESS,dino_pre2016,unvalidated_candidate,0.2047008858347519,0.4561390733819995,0.2325174027431076,0.11798035234700871,0.16379517250544828,0.6296873241490872,1,0.2004678403399848,0.0914634146341463,0.3333333333333333,0.3070219716889442,0.3548387096774194,alexandrium_fundyense||sxtu,0
neosaxitoxin,TOXIN,environmental_regulation,BIOLOGICAL_PROCESS,process_toxin_association,66.11295442256386,8.0,8,4,1.9753961302008447,0.2162162162162162,324,36,9,saxitoxin; paralytic_shellfish_toxins; temperature; alexandrium; nitrate; toxicity; alexandrium_tamarense; alexandrium_catenella,TOXIN; TOXIN; ENV_FACTOR; DINO_TAXON; ENV_FACTOR; BIOLOGICAL_PROCESS; DINO_TAXON; DINO_TAXON,dino_pre2016,unvalidated_candidate,0.4245475241863067,0.5926705505000209,0.2131027380863979,0.1302407238084215,0.16338552951961205,0.663415653410114,1,0.1136726722159387,0.0426829268292682,0.1794871794871795,0.1687226779297478,0.2981691368788143,environmental_regulation||neosaxitoxin,0
sxt_genes,SXT_GENE,bloom_dynamics,BIOLOGICAL_PROCESS,gene_process_association,38.18965720426374,4.0,4,3,0.9281619354652012,0.1333333333333333,120,30,4,alexandrium; paralytic_shellfish_poisoning; bloom; dinoflagellates,DINO_TAXON; TOXIN; ENV_FACTOR; DINO_TAXON,dino_pre2016,unvalidated_candidate,0.3684239330185302,0.5822299683049836,0.1563255015862998,0.16609128403725829,0.1621849710568749,0.7972252983951106,1,0.056242649805379,0.0182926829268292,0.0769230769230769,0.0675553767012611,0.1591397849462366,bloom_dynamics||sxt_genes,0
cylindrospermopsis,CYANO_TAXON,sxti,SXT_GENE,cyano_gene_transfer_signal,94.819409944145,12.0,12,5,2.9097049720725003,0.4,392,28,14,saxitoxin; cyanobacterial; cyanobacteria; pyrodinium; dinoflagellate; alexandrium; saxitoxin_biosynthesis; paralytic_shellfish_poisoning; sxta; phylogenetic; dinoflagellates; biosynthesis,TOXIN; CYANO_TAXON; CYANO_TAXON; DINO_TAXON; DINO_TAXON; DINO_TAXON; BIOLOGICAL_PROCESS; TOXIN; SXT_GENE; BIOLOGICAL_PROCESS; DINO_TAXON; BIOLOGICAL_PROCESS,dino_pre2016,unvalidated_candidate,0.4509751315585178,0.4779553841559849,0.2619364126943813,0.09466380605071455,0.16157284870818123,0.6632399941069355,1,0.1727134212737429,0.0670731707317073,0.282051282051282,0.2589809071980623,0.606451612903226,cylindrospermopsis||sxti,0
gymnodinium_catenatum,DINO_TAXON,lyngbya,CYANO_TAXON,cross_taxa_association,152.85674740076666,26.0,18,7,4.428373700383332,0.3,1197,57,21,cyanobacteria; dinoflagellates; saxitoxin; cyanobacterial; paralytic_shellfish_toxins; hplc; pyrodinium; alexandrium; toxicity; mass_spectrometry; toxin_production; anabaena; bloom; gymnodinium; cyanobacterium; paralytic_shellfish_poisoning; sxta; biosynthesis,CYANO_TAXON; DINO_TAXON; TOXIN; CYANO_TAXON; TOXIN; DETECTION_METHOD; DINO_TAXON; DINO_TAXON; BIOLOGICAL_PROCESS; DETECTION_METHOD; BIOLOGICAL_PROCESS; CYANO_TAXON; ENV_FACTOR; DINO_TAXON; CYANO_TAXON; TOXIN; SXT_GENE; BIOLOGICAL_PROCESS,dino_pre2016,unvalidated_candidate,0.3855956409896149,0.489461486644562,0.3268211123499082,0.05053676195533069,0.1610505021131617,0.8034649540899607,1,0.2920791811525078,0.1524390243902439,0.4358974358974359,0.4056908002436084,0.4387096774193549,gymnodinium_catenatum||lyngbya,0
alexandrium_tamiyavanichii,DINO_TAXON,sxtg,SXT_GENE,taxon_gene_association,142.47591022228275,29.0,16,5,3.877489994862307,0.3720930232558139,828,23,36,dinoflagellate; alexandrium; saxitoxin; dinoflagellates; paralytic_shellfish_poisoning; alexandrium_minutum; cyanobacteria; paralytic_shellfish_toxins; pyrodinium; gonyautoxin; toxicity; toxin_production; saxitoxin_biosynthesis; sxta; pyrodinium_bahamense; biosynthesis,DINO_TAXON; DINO_TAXON; TOXIN; DINO_TAXON; TOXIN; DINO_TAXON; CYANO_TAXON; TOXIN; DINO_TAXON; TOXIN; BIOLOGICAL_PROCESS; BIOLOGICAL_PROCESS; BIOLOGICAL_PROCESS; SXT_GENE; DINO_TAXON; BIOLOGICAL_PROCESS,dino_pre2016,unvalidated_candidate,0.452026471290365,0.4638395564727454,0.3287636676265449,0.04852191603690932,0.16061861667276356,0.6454706073742715,1,0.2707288475174818,0.1707317073170731,0.3846153846153846,0.3524730786886137,0.5596399099774945,alexandrium_tamiyavanichii||sxtg,0
salinity,ENV_FACTOR,sxtd,SXT_GENE,environment_gene_regulation,60.01943684563676,7.0,7,4,1.7142638773638357,0.1590909090909091,494,38,13,saxitoxin; cyanobacteria; paralytic_shellfish_toxins; mass_spectrometry; paralytic_shellfish_poisoning; lc_ms; dinoflagellates,TOXIN; CYANO_TAXON; TOXIN; DETECTION_METHOD; TOXIN; DETECTION_METHOD; DINO_TAXON,dino_pre2016,unvalidated_candidate,0.1434364385979658,0.4377851156883575,0.1412043092537895,0.1721155280758795,0.15975104054704348,0.6795571934151936,1,0.1011400959851949,0.0365853658536585,0.1538461538461538,0.1434961856933061,0.2023460410557185,salinity||sxtd,0
gtx,TOXIN,gene_duplication,BIOLOGICAL_PROCESS,process_toxin_association,88.83623643901672,14.0,11,4,2.747905453550917,0.2340425531914893,741,39,19,biosynthesis; alexandrium; dinoflagellate; saxitoxin; alexandrium_fundyense; gymnodinium; saxitoxin_biosynthesis; gymnodinium_catenatum; phylogeny; dinoflagellates; warming,BIOLOGICAL_PROCESS; DINO_TAXON; DINO_TAXON; TOXIN; DINO_TAXON; DINO_TAXON; BIOLOGICAL_PROCESS; DINO_TAXON; BIOLOGICAL_PROCESS; DINO_TAXON; ENV_FACTOR,dino_pre2016,unvalidated_candidate,0.3315796599358069,0.4936147369234485,0.225959915296441,0.11466997340959029,0.15918595016433057,0.7672329736783478,1,0.1604077903950016,0.0792682926829268,0.2564102564102564,0.2433503818473988,0.3280713795470144,gene_duplication||gtx,0
gonyautoxin,TOXIN,phosphorus_limitation,ENV_FACTOR,environment_toxin_association,79.61150799427317,15.0,8,4,2.0214402716463926,0.1568627450980392,408,51,8,alexandrium; dinoflagellate; toxin_production; paralytic_shellfish_poisoning; alexandrium_minutum; phosphorus; nutrient; phosphate,DINO_TAXON; DINO_TAXON; BIOLOGICAL_PROCESS; TOXIN; DINO_TAXON; ENV_FACTOR; ENV_FACTOR; ENV_FACTOR,dino_pre2016,unvalidated_candidate,0.3813965819467586,0.5467434768879835,0.2153128379406744,0.12135904679459719,0.15894056325302808,0.7183038026263036,1,0.141435232921891,0.0853658536585365,0.1794871794871795,0.1731707388800539,0.1986084756483239,gonyautoxin||phosphorus_limitation,0
alexandrium_catenella,DINO_TAXON,scytonema,CYANO_TAXON,cross_taxa_association,53.387081693662246,5.0,5,5,1.203344768399754,0.0980392156862745,300,50,6,saxitoxin; cyanobacteria; dinoflagellates; sxta; phylogenetic,TOXIN; CYANO_TAXON; DINO_TAXON; SXT_GENE; BIOLOGICAL_PROCESS,dino_pre2016,unvalidated_candidate,0.3126748152448653,0.5550663704243786,0.1582921121231746,0.159116443976007,0.15878671123487403,0.6706182727647548,1,0.0874992890978528,0.024390243902439,0.1025641025641025,0.0941392150559912,0.0999367488931057,alexandrium_catenella||scytonema,0
alexandrium_tamarense,DINO_TAXON,lyngbya,CYANO_TAXON,cross_taxa_association,149.27653744625465,26.0,17,7,4.172751481748001,0.293103448275862,1134,54,21,cyanobacteria; dinoflagellates; saxitoxin; cyanobacterial; paralytic_shellfish_toxins; anabaena; hplc; alexandrium; toxicity; mass_spectrometry; toxin_production; bloom; gymnodinium; cyanobacterium; paralytic_shellfish_poisoning; sxta; biosynthesis,CYANO_TAXON; DINO_TAXON; TOXIN; CYANO_TAXON; TOXIN; CYANO_TAXON; DETECTION_METHOD; DINO_TAXON; BIOLOGICAL_PROCESS; DETECTION_METHOD; BIOLOGICAL_PROCESS; ENV_FACTOR; DINO_TAXON; CYANO_TAXON; TOXIN; SXT_GENE; BIOLOGICAL_PROCESS,dino_pre2016,unvalidated_candidate,0.3433432528002403,0.5170432590559558,0.3162396528706496,0.053208835006866365,0.15842116215237967,0.8034649540899607,1,0.2847157406420733,0.1524390243902439,0.4102564102564102,0.3809966008721844,0.4271412680756396,alexandrium_tamarense||lyngbya,0
paralytic_shellfish_poisoning,TOXIN,secondary_metabolism,BIOLOGICAL_PROCESS,process_toxin_association,126.49913239830045,18.0,18,5,4.595720045304072,0.2307692307692307,1404,78,18,saxitoxin; pyrodinium; temperature; dinoflagellate; salinity; toxicity; toxin_production; nitrate; bloom; nutrients; light; hplc; nitrogen; nutrient; regulation; pyrodinium_bahamense; dinoflagellates; warming,TOXIN; DINO_TAXON; ENV_FACTOR; DINO_TAXON; ENV_FACTOR; BIOLOGICAL_PROCESS; BIOLOGICAL_PROCESS; ENV_FACTOR; ENV_FACTOR; ENV_FACTOR; ENV_FACTOR; DETECTION_METHOD; ENV_FACTOR; ENV_FACTOR; BIOLOGICAL_PROCESS; DINO_TAXON; DINO_TAXON; ENV_FACTOR,dino_pre2016,unvalidated_candidate,0.3103938414400974,0.5475680077864312,0.2868154895027625,0.07164952352537361,0.15771590991632917,0.8064738996106467,1,0.2378693072810048,0.1036585365853658,0.4358974358974359,0.421857172742891,0.3225806451612903,paralytic_shellfish_poisoning||secondary_metabolism,0
sxta,SXT_GENE,secondary_metabolism,BIOLOGICAL_PROCESS,gene_process_association,104.15791233522968,14.0,14,5,3.4678450565037267,0.2222222222222222,1062,59,18,saxitoxin; pyrodinium; temperature; dinoflagellate; toxicity; toxin_production; bloom; light; hplc; nitrogen; nutrient; regulation; pyrodinium_bahamense; dinoflagellates,TOXIN; DINO_TAXON; ENV_FACTOR; DINO_TAXON; BIOLOGICAL_PROCESS; BIOLOGICAL_PROCESS; ENV_FACTOR; ENV_FACTOR; DETECTION_METHOD; ENV_FACTOR; ENV_FACTOR; BIOLOGICAL_PROCESS; DINO_TAXON; DINO_TAXON,dino_pre2016,unvalidated_candidate,0.2508047506971057,0.4513494407795504,0.2311934940192844,0.10827221431555961,0.15744072619704952,0.6660519471520178,1,0.1919199783435711,0.0792682926829268,0.3333333333333333,0.3128996259843608,0.3082437275985664,secondary_metabolism||sxta,0
alexandrium_ostenfeldii,DINO_TAXON,sxt_genes,SXT_GENE,taxon_gene_association,135.058832644142,31.0,13,5,3.1464375986667474,0.2765957446808511,900,30,30,saxitoxin; alexandrium; dinoflagellate; dinoflagellates; paralytic_shellfish_toxins; paralytic_shellfish_poisoning; cyanobacterial; toxicity; gymnodinium; bloom; light; phylogeny; phylogenetic,TOXIN; DINO_TAXON; DINO_TAXON; DINO_TAXON; TOXIN; TOXIN; CYANO_TAXON; BIOLOGICAL_PROCESS; DINO_TAXON; ENV_FACTOR; ENV_FACTOR; BIOLOGICAL_PROCESS; BIOLOGICAL_PROCESS,dino_pre2016,unvalidated_candidate,0.3561971390257674,0.4357176796377748,0.2891290311177231,0.06943138487402298,0.15731044337150302,0.6241400753851227,1,0.2554740970414413,0.1829268292682926,0.3076923076923077,0.2818502912056354,0.3994509265614277,alexandrium_ostenfeldii||sxt_genes,0
neosaxitoxin,TOXIN,transcription,BIOLOGICAL_PROCESS,process_toxin_association,122.31564587509035,27.0,13,4,3.110203889926125,0.3095238095238095,684,36,19,alexandrium; saxitoxin; paralytic_shellfish_toxins; dinoflagellate; paralytic_shellfish_poisoning; gymnodinium; gymnodinium_catenatum; dinoflagellates; alexandrium_fundyense; bloom; alexandrium_catenella; alexandrium_minutum; biosynthesis,DINO_TAXON; TOXIN; TOXIN; DINO_TAXON; TOXIN; DINO_TAXON; DINO_TAXON; DINO_TAXON; DINO_TAXON; ENV_FACTOR; DINO_TAXON; DINO_TAXON; BIOLOGICAL_PROCESS,dino_pre2016,unvalidated_candidate,0.3709560229442043,0.4630259801550339,0.2827842060859958,0.07334613411580396,0.1571213629038807,0.6477888934121167,1,0.2292651040272153,0.1585365853658536,0.3076923076923077,0.278349960004444,0.4546850998463902,neosaxitoxin||transcription,0
gonyautoxin,TOXIN,secondary_metabolism,BIOLOGICAL_PROCESS,process_toxin_association,127.72085185531402,18.0,18,5,4.595720045304072,0.3529411764705882,918,51,18,saxitoxin; pyrodinium; temperature; dinoflagellate; salinity; toxicity; toxin_production; nitrate; bloom; nutrients; light; hplc; nitrogen; nutrient; regulation; pyrodinium_bahamense; dinoflagellates; warming,TOXIN; DINO_TAXON; ENV_FACTOR; DINO_TAXON; ENV_FACTOR; BIOLOGICAL_PROCESS; BIOLOGICAL_PROCESS; ENV_FACTOR; ENV_FACTOR; ENV_FACTOR; ENV_FACTOR; DETECTION_METHOD; ENV_FACTOR; ENV_FACTOR; BIOLOGICAL_PROCESS; DINO_TAXON; DINO_TAXON; ENV_FACTOR,dino_pre2016,unvalidated_candidate,0.428850285605249,0.5618724447991091,0.3171405304990363,0.048535584573388586,0.15597756294364767,0.8064738996106467,1,0.24038202543342,0.1036585365853658,0.4358974358974359,0.421857172742891,0.5275142314990513,gonyautoxin||secondary_metabolism,0
paralytic_shellfish_toxins,TOXIN,environmental_stress,ENV_FACTOR,environment_toxin_association,103.93303245860784,14.0,14,5,3.494294007081696,0.1944444444444444,1008,72,14,saxitoxin; gonyautoxin; dinoflagellate; salinity; toxicity; alexandrium; alexandrium_tamarense; toxin_production; neosaxitoxin; nitrate; light; paralytic_shellfish_poisoning; hplc; nitrogen,TOXIN; TOXIN; DINO_TAXON; ENV_FACTOR; BIOLOGICAL_PROCESS; DINO_TAXON; DINO_TAXON; BIOLOGICAL_PROCESS; TOXIN; ENV_FACTOR; ENV_FACTOR; TOXIN; DETECTION_METHOD; ENV_FACTOR,dino_pre2016,unvalidated_candidate,0.5045365079309462,0.6557822291154647,0.2872049081802479,0.06694745718209559,0.1550504375813565,0.8341122549397513,1,0.1914574664756814,0.0792682926829268,0.3333333333333333,0.3154547077070067,0.2616487455197133,environmental_stress||paralytic_shellfish_toxins,0
alexandrium_tamarense,DINO_TAXON,sxtd,SXT_GENE,taxon_gene_association,92.5964140712386,11.0,11,6,2.8160641784764526,0.1964285714285714,702,54,13,saxitoxin; cyanobacteria; paralytic_shellfish_toxins; mass_spectrometry; cyanobacterium; lc_ms; paralytic_shellfish_poisoning; sxta; expression; lc_ms_ms; dinoflagellates,TOXIN; CYANO_TAXON; TOXIN; DETECTION_METHOD; CYANO_TAXON; DETECTION_METHOD; TOXIN; SXT_GENE; BIOLOGICAL_PROCESS; DETECTION_METHOD; DINO_TAXON,dino_pre2016,unvalidated_candidate,0.3437573038682459,0.527769134194961,0.2270954973879431,0.1061363272554308,0.15451999530843574,0.8275950372496653,1,0.1681413715690995,0.0609756097560975,0.2564102564102564,0.2499348061247514,0.2649769585253456,alexandrium_tamarense||sxtd,0
sxt_genes,SXT_GENE,gene_loss,BIOLOGICAL_PROCESS,gene_process_association,44.187579264154095,5.0,5,3,1.2873380191738222,0.1612903225806451,180,30,6,saxitoxin; cyanobacteria; evolution; horizontal_gene_transfer; biosynthesis,TOXIN; CYANO_TAXON; BIOLOGICAL_PROCESS; BIOLOGICAL_PROCESS; BIOLOGICAL_PROCESS,dino_pre2016,unvalidated_candidate,0.5513818292465258,0.6094330094462304,0.1982175234329094,0.1250009786523457,0.1542875965645712,0.7595047626156175,1,0.0685786141301989,0.024390243902439,0.1025641025641025,0.1022533222394039,0.2060353798126951,gene_loss||sxt_genes,1
sxt_genes,SXT_GENE,resting_cyst,BIOLOGICAL_PROCESS,gene_process_association,103.3030554580114,19.0,12,4,2.88682184665275,0.3529411764705882,480,30,16,dinoflagellate; saxitoxin; paralytic_shellfish_toxins; alexandrium; toxicity; alexandrium_tamarense; gymnodinium; bloom; paralytic_shellfish_poisoning; gymnodinium_catenatum; phylogeny; biosynthesis,DINO_TAXON; TOXIN; TOXIN; DINO_TAXON; BIOLOGICAL_PROCESS; DINO_TAXON; DINO_TAXON; ENV_FACTOR; TOXIN; DINO_TAXON; BIOLOGICAL_PROCESS; BIOLOGICAL_PROCESS,dino_pre2016,unvalidated_candidate,0.4172915888901632,0.5100947788152447,0.270794465684559,0.07578471729381532,0.15378861665011279,0.658583384152521,1,0.1901617887847718,0.1097560975609756,0.282051282051282,0.2567702994333173,0.5275142314990513,resting_cyst||sxt_genes,0
paralytic_shellfish_poisoning,TOXIN,alexandrium_affine,DINO_TAXON,taxon_toxin_association,48.729299802785775,6.0,6,3,1.480034516777505,0.0769230769230769,468,78,6,temperature; alexandrium; dinoflagellate; light; hplc; nutrient,ENV_FACTOR; DINO_TAXON; DINO_TAXON; ENV_FACTOR; DETECTION_METHOD; ENV_FACTOR,dino_pre2016,unvalidated_candidate,0.4917567131576654,0.6098658932863678,0.1905760928043728,0.12420390433822749,0.15075277972468562,0.7940908770657443,1,0.0779195995545554,0.0304878048780487,0.1282051282051282,0.1208686278861674,0.0645161290322581,alexandrium_affine||paralytic_shellfish_poisoning,1
alexandrium_minutum,DINO_TAXON,sxtd,SXT_GENE,taxon_gene_association,86.76370225078146,10.0,10,6,2.548517792057399,0.1666666666666666,741,57,13,saxitoxin; cyanobacteria; paralytic_shellfish_toxins; cyanobacterium; lc_ms; paralytic_shellfish_poisoning; sxta; expression; lc_ms_ms; dinoflagellates,TOXIN; CYANO_TAXON; TOXIN; CYANO_TAXON; DETECTION_METHOD; TOXIN; SXT_GENE; BIOLOGICAL_PROCESS; DETECTION_METHOD; DINO_TAXON,dino_pre2016,unvalidated_candidate,0.2818743102758311,0.4768818773531647,0.2009638354870956,0.11431108590753379,0.1489721857393585,0.8275950372496653,1,0.1561451961910837,0.0548780487804878,0.2307692307692307,0.2240886811571819,0.2150537634408602,alexandrium_minutum||sxtd,0
sxt_genes,SXT_GENE,polyketide_synthase,BIOLOGICAL_PROCESS,gene_process_association,102.67215018934236,16.0,12,5,2.900591223703439,0.3870967741935484,390,30,13,saxitoxin; dinoflagellate; phylogenetic; dinoflagellates; alexandrium; toxicity; gymnodinium; light; gymnodinium_catenatum; sxta; expression; biosynthesis,TOXIN; DINO_TAXON; BIOLOGICAL_PROCESS; DINO_TAXON; DINO_TAXON; BIOLOGICAL_PROCESS; DINO_TAXON; ENV_FACTOR; DINO_TAXON; SXT_GENE; BIOLOGICAL_PROCESS; BIOLOGICAL_PROCESS,dino_pre2016,unvalidated_candidate,0.6088993543061678,0.5165908355194165,0.2989372072138312,0.048244004586561966,0.14852128563746966,0.6826142421985011,1,0.1888642019190324,0.0914634146341463,0.282051282051282,0.2581004801348434,0.5848074921956297,polyketide_synthase||sxt_genes,0
gonyautoxin,TOXIN,gene_loss,BIOLOGICAL_PROCESS,process_toxin_association,42.68686365445176,4.0,4,4,0.9660733366598376,0.0754716981132075,306,51,6,saxitoxin; cyanobacteria; nitrogen; biosynthesis,TOXIN; CYANO_TAXON; ENV_FACTOR; BIOLOGICAL_PROCESS,dino_pre2016,unvalidated_candidate,0.240103008156536,0.4931859244435921,0.1265573486855777,0.16248299992524426,0.14811273942937764,0.7313413785072709,1,0.0654920828218333,0.0182926829268292,0.0769230769230769,0.0712177801673931,0.0620815581253804,gene_loss||gonyautoxin,0
toxin_biosynthesis,BIOLOGICAL_PROCESS,sxti,SXT_GENE,gene_process_association,93.59354886069832,12.0,12,5,2.9331380667127926,0.2727272727272727,588,42,14,saxitoxin; cyanobacterial; cyanobacteria; dinoflagellate; alexandrium; saxitoxin_biosynthesis; paralytic_shellfish_poisoning; sxta; phylogeny; phylogenetic; dinoflagellates; biosynthesis,TOXIN; CYANO_TAXON; CYANO_TAXON; DINO_TAXON; DINO_TAXON; BIOLOGICAL_PROCESS; TOXIN; SXT_GENE; BIOLOGICAL_PROCESS; BIOLOGICAL_PROCESS; DINO_TAXON; BIOLOGICAL_PROCESS,dino_pre2016,unvalidated_candidate,0.560827298460668,0.5524730522715786,0.2743090850461294,0.062018436182865885,0.14693469572817128,0.6550349560391077,1,0.1701921850119866,0.0670731707317073,0.282051282051282,0.261244644341203,0.3929618768328446,sxti||toxin_biosynthesis,1
alexandrium_tamarense,DINO_TAXON,sxtu,SXT_GENE,taxon_gene_association,142.09361298671234,21.0,19,6,4.850377921927604,0.3392857142857143,1134,54,21,saxitoxin; cyanobacteria; paralytic_shellfish_toxins; sxt_genes; saxitoxin_biosynthesis; lc_ms; sxta; expression; lc_ms_ms; cyanobacterial; dinoflagellate; paralytic_shellfish_poisoning; dinoflagellates; mass_spectrometry; cyanobacterium; phylogenetic; biosynthesis; gymnodinium; gymnodinium_catenatum,TOXIN; CYANO_TAXON; TOXIN; SXT_GENE; BIOLOGICAL_PROCESS; DETECTION_METHOD; SXT_GENE; BIOLOGICAL_PROCESS; DETECTION_METHOD; CYANO_TAXON; DINO_TAXON; TOXIN; DINO_TAXON; DETECTION_METHOD; CYANO_TAXON; BIOLOGICAL_PROCESS; BIOLOGICAL_PROCESS; DINO_TAXON; DINO_TAXON,dino_pre2016,unvalidated_candidate,0.2947449983645158,0.4879326880677714,0.306336347470526,0.0402746434225184,0.14669932504172145,0.8016466653790285,1,0.2699425743694842,0.1219512195121951,0.4615384615384615,0.4464582125524087,0.5046082949308758,alexandrium_tamarense||sxtu,0
paralytic_shellfish_toxins,TOXIN,polyketide_synthase,BIOLOGICAL_PROCESS,process_toxin_association,106.1206363453322,17.0,13,5,3.1575403948883136,0.1805555555555555,936,72,13,saxitoxin; dinoflagellate; phylogenetic; dinoflagellates; alexandrium_fundyense; alexandrium; toxicity; gymnodinium; light; gymnodinium_catenatum; sxta; expression; biosynthesis,TOXIN; DINO_TAXON; BIOLOGICAL_PROCESS; DINO_TAXON; DINO_TAXON; DINO_TAXON; BIOLOGICAL_PROCESS; DINO_TAXON; ENV_FACTOR; DINO_TAXON; SXT_GENE; BIOLOGICAL_PROCESS; BIOLOGICAL_PROCESS,dino_pre2016,unvalidated_candidate,0.6606650834690534,0.6235042739495644,0.3076186477554171,0.0380547687848429,0.14588032037307258,0.8550420741783743,1,0.1959567252579742,0.0975609756097561,0.3076923076923077,0.2829228687966577,0.2383512544802867,paralytic_shellfish_toxins||polyketide_synthase,0
alexandrium_minutum,DINO_TAXON,lyngbya,CYANO_TAXON,cross_taxa_association,145.10853987383018,24.0,17,7,4.160827313964279,0.2786885245901639,1197,57,21,cyanobacteria; dinoflagellates; saxitoxin; paralytic_shellfish_toxins; hplc; cyanobacterial; pyrodinium; alexandrium; toxicity; toxin_production; gymnodinium; bloom; anabaena; cyanobacterium; paralytic_shellfish_poisoning; sxta; biosynthesis,CYANO_TAXON; DINO_TAXON; TOXIN; TOXIN; DETECTION_METHOD; CYANO_TAXON; DINO_TAXON; DINO_TAXON; BIOLOGICAL_PROCESS; BIOLOGICAL_PROCESS; DINO_TAXON; ENV_FACTOR; CYANO_TAXON; CYANO_TAXON; TOXIN; SXT_GENE; BIOLOGICAL_PROCESS,dino_pre2016,unvalidated_candidate,0.3273437814242012,0.470678053036308,0.3025548721119089,0.04121116351314813,0.14574864695265244,0.8034649540899607,1,0.2761433936115579,0.1402439024390244,0.4102564102564102,0.3798446752760389,0.4029613960867266,alexandrium_minutum||lyngbya,0
sxtg,SXT_GENE,scytonema,CYANO_TAXON,cyano_gene_transfer_signal,53.75804088815086,5.0,5,5,1.203344768399754,0.1351351351351351,216,36,6,saxitoxin; cyanobacteria; dinoflagellates; sxta; phylogenetic,TOXIN; CYANO_TAXON; DINO_TAXON; SXT_GENE; BIOLOGICAL_PROCESS,dino_pre2016,unvalidated_candidate,0.4021876495719509,0.5559625560968018,0.1751869604473918,0.126044594185932,0.14570154069051594,0.6509894679294573,1,0.0882622432248791,0.024390243902439,0.1025641025641025,0.0941392150559912,0.1621621621621621,scytonema||sxtg,0
sxtg,SXT_GENE,resting_cyst,BIOLOGICAL_PROCESS,gene_process_association,96.9551897256958,18.0,11,4,2.636131448213753,0.2682926829268293,576,36,16,dinoflagellate; saxitoxin; paralytic_shellfish_toxins; alexandrium; toxicity; gymnodinium; bloom; paralytic_shellfish_poisoning; gymnodinium_catenatum; phylogeny; biosynthesis,DINO_TAXON; TOXIN; TOXIN; DINO_TAXON; BIOLOGICAL_PROCESS; DINO_TAXON; ENV_FACTOR; TOXIN; DINO_TAXON; BIOLOGICAL_PROCESS; BIOLOGICAL_PROCESS,dino_pre2016,unvalidated_candidate,0.3744510296401788,0.5059682827778871,0.2472210215876016,0.0775134359835044,0.1453964702251433,0.658583384152521,1,0.1771060930903826,0.1036585365853658,0.2564102564102564,0.2325525349815277,0.3855232100708105,resting_cyst||sxtg,0
gene_expression,BIOLOGICAL_PROCESS,sxtd,SXT_GENE,gene_process_association,65.128277449893,7.0,7,5,1.6667028275106075,0.1794871794871795,429,33,13,saxitoxin; cyanobacteria; paralytic_shellfish_toxins; paralytic_shellfish_poisoning; sxta; expression; dinoflagellates,TOXIN; CYANO_TAXON; TOXIN; TOXIN; SXT_GENE; BIOLOGICAL_PROCESS; DINO_TAXON,dino_pre2016,unvalidated_candidate,0.308225570192338,0.4428557790654263,0.1718179849676319,0.12748741450096782,0.14521964268763343,0.6425280528767099,1,0.1116474808438185,0.0365853658536585,0.1538461538461538,0.1389015849044546,0.2365591397849463,gene_expression||sxtd,1
phosphate,ENV_FACTOR,sxtb,SXT_GENE,environment_gene_regulation,81.50054888973251,12.0,10,4,2.398923093514905,0.2702702702702703,510,30,17,dinoflagellate; dinoflagellates; saxitoxin; paralytic_shellfish_toxins; toxin_production; bloom; toxin_biosynthesis; paralytic_shellfish_poisoning; nutrient; biosynthesis,DINO_TAXON; DINO_TAXON; TOXIN; TOXIN; BIOLOGICAL_PROCESS; ENV_FACTOR; BIOLOGICAL_PROCESS; TOXIN; ENV_FACTOR; BIOLOGICAL_PROCESS,dino_pre2016,unvalidated_candidate,0.2824278381719323,0.455431611047944,0.2062415306176903,0.1043087319700017,0.14508185142907715,0.694975743739786,1,0.1453204353072881,0.0670731707317073,0.2307692307692307,0.2096371936048169,0.3888404533565825,phosphate||sxtb,0
alexandrium_minutum,DINO_TAXON,scytonema,CYANO_TAXON,cross_taxa_association,59.02647809984954,6.0,6,5,1.4869232604510874,0.1052631578947368,342,57,6,saxitoxin; cyanobacteria; cyanobacterium; sxta; phylogenetic; dinoflagellates,TOXIN; CYANO_TAXON; CYANO_TAXON; SXT_GENE; BIOLOGICAL_PROCESS; DINO_TAXON,dino_pre2016,unvalidated_candidate,0.2252040650964364,0.4966973478325461,0.1490656462259211,0.14119419588133697,0.14434277601917062,0.6509894679294573,1,0.0990978714378034,0.0304878048780487,0.1282051282051282,0.1215341099815902,0.1120543293718166,alexandrium_minutum||scytonema,0
gonyautoxin,TOXIN,polyketide_synthase,BIOLOGICAL_PROCESS,process_toxin_association,101.10887475509918,16.0,12,5,2.900591223703439,0.2307692307692307,663,51,13,saxitoxin; dinoflagellate; phylogenetic; dinoflagellates; alexandrium; toxicity; gymnodinium; light; gymnodinium_catenatum; sxta; expression; biosynthesis,TOXIN; DINO_TAXON; BIOLOGICAL_PROCESS; DINO_TAXON; DINO_TAXON; BIOLOGICAL_PROCESS; DINO_TAXON; ENV_FACTOR; DINO_TAXON; SXT_GENE; BIOLOGICAL_PROCESS; BIOLOGICAL_PROCESS,dino_pre2016,unvalidated_candidate,0.5375382093153431,0.57641749558093,0.2799790396460064,0.053701170187940024,0.14421231797116657,0.7484074131751101,1,0.1856490034229312,0.0914634146341463,0.282051282051282,0.2581004801348434,0.3225806451612903,gonyautoxin||polyketide_synthase,0
neosaxitoxin,TOXIN,polyketide_synthase,BIOLOGICAL_PROCESS,process_toxin_association,91.20268997464756,15.0,11,4,2.653976566271155,0.2894736842105263,468,36,13,saxitoxin; dinoflagellate; phylogenetic; dinoflagellates; alexandrium_fundyense; alexandrium; toxicity; gymnodinium; light; gymnodinium_catenatum; biosynthesis,TOXIN; DINO_TAXON; BIOLOGICAL_PROCESS; DINO_TAXON; DINO_TAXON; DINO_TAXON; BIOLOGICAL_PROCESS; DINO_TAXON; ENV_FACTOR; DINO_TAXON; BIOLOGICAL_PROCESS,dino_pre2016,unvalidated_candidate,0.4732251692538649,0.550556010149971,0.2604729288096805,0.06433244111772889,0.14278863619450952,0.6826142421985011,1,0.1652748903840301,0.0853658536585365,0.2564102564102564,0.2342764496923406,0.4210526315789475,neosaxitoxin||polyketide_synthase,0
sxt_genes,SXT_GENE,irradiance,ENV_FACTOR,environment_gene_regulation,108.79230288897335,22.0,12,4,2.8576899060251355,0.3076923076923077,630,30,21,alexandrium; dinoflagellate; dinoflagellates; saxitoxin; paralytic_shellfish_toxins; paralytic_shellfish_poisoning; toxicity; gymnodinium; bloom; alexandrium_catenella; light; gymnodinium_catenatum,DINO_TAXON; DINO_TAXON; DINO_TAXON; TOXIN; TOXIN; TOXIN; BIOLOGICAL_PROCESS; DINO_TAXON; ENV_FACTOR; DINO_TAXON; ENV_FACTOR; DINO_TAXON,dino_pre2016,unvalidated_candidate,0.3414880682641444,0.4550204334109278,0.2577313927186818,0.06576004311192939,0.14254858295463035,0.6254051313625,1,0.2014515587754965,0.1280487804878048,0.282051282051282,0.2539560293992985,0.4516129032258066,irradiance||sxt_genes,0
gtx,TOXIN,environmental_stress,ENV_FACTOR,environment_toxin_association,105.578331603907,14.0,14,5,3.494294007081696,0.358974358974359,546,39,14,saxitoxin; gonyautoxin; dinoflagellate; salinity; toxicity; alexandrium; alexandrium_tamarense; toxin_production; neosaxitoxin; nitrate; light; paralytic_shellfish_poisoning; hplc; nitrogen,TOXIN; TOXIN; DINO_TAXON; ENV_FACTOR; BIOLOGICAL_PROCESS; DINO_TAXON; DINO_TAXON; BIOLOGICAL_PROCESS; TOXIN; ENV_FACTOR; ENV_FACTOR; TOXIN; DETECTION_METHOD; ENV_FACTOR,dino_pre2016,unvalidated_candidate,0.6852815340265362,0.6512874698785375,0.3288508333389343,0.01808448640743269,0.14239102518003333,0.8183351133733688,1,0.1948413636583064,0.0792682926829268,0.3333333333333333,0.3154547077070067,0.5376344086021507,environmental_stress||gtx,0
sxtd,SXT_GENE,planktothrix,CYANO_TAXON,cyano_gene_transfer_signal,50.78362411193058,6.0,6,3,1.4632406273938612,0.2857142857142857,182,13,14,saxitoxin; cyanobacteria; paralytic_shellfish_toxins; dinoflagellates; paralytic_shellfish_poisoning; cylindrospermopsis,TOXIN; CYANO_TAXON; TOXIN; DINO_TAXON; TOXIN; CYANO_TAXON,dino_pre2016,unvalidated_candidate,0.2858679851520593,0.4759532920071511,0.1652918438534899,0.1257600450686776,0.14157276458260254,0.7462901552672138,1,0.0821447413847052,0.0304878048780487,0.1282051282051282,0.1192462663603371,0.4147465437788019,planktothrix||sxtd,0
paralytic_shellfish_toxins,TOXIN,alexandrium_affine,DINO_TAXON,taxon_toxin_association,48.79340236688834,6.0,6,3,1.480034516777505,0.0833333333333333,432,72,6,temperature; alexandrium; dinoflagellate; light; hplc; nutrient,ENV_FACTOR; DINO_TAXON; DINO_TAXON; ENV_FACTOR; DETECTION_METHOD; ENV_FACTOR,dino_pre2016,unvalidated_candidate,0.5523624343481045,0.6210536664557617,0.2013695067609706,0.10034440729568292,0.140754447081798,0.8341122549397513,1,0.0780514397045278,0.0304878048780487,0.1282051282051282,0.1208686278861674,0.0752688172043011,alexandrium_affine||paralytic_shellfish_toxins,0
cylindrospermopsis,CYANO_TAXON,sxtb,SXT_GENE,cyano_gene_transfer_signal,95.60262254795312,14.0,10,6,2.372739845405127,0.2857142857142857,476,28,17,cyanobacterial; cyanobacteria; sxta; dinoflagellates; saxitoxin; paralytic_shellfish_toxins; dinoflagellate; bloom; paralytic_shellfish_poisoning; biosynthesis,CYANO_TAXON; CYANO_TAXON; SXT_GENE; DINO_TAXON; TOXIN; TOXIN; DINO_TAXON; ENV_FACTOR; TOXIN; BIOLOGICAL_PROCESS,dino_pre2016,unvalidated_candidate,0.3067474494082041,0.4418997768796714,0.2224219563005368,0.08618159452194221,0.14067773923338006,0.6632399941069355,1,0.1743242596012257,0.0792682926829268,0.2307692307692307,0.2071077798767531,0.4147465437788019,cylindrospermopsis||sxtb,0
saxitoxin,TOXIN,bloom_dynamics,BIOLOGICAL_PROCESS,process_toxin_association,37.3563238709304,4.0,4,3,0.9281619354652012,0.05,320,80,4,alexandrium; paralytic_shellfish_poisoning; bloom; dinoflagellates,DINO_TAXON; TOXIN; ENV_FACTOR; DINO_TAXON,dino_pre2016,unvalidated_candidate,0.8220038158142227,0.7568205455374942,0.2342324217347023,0.07805112556142507,0.14052364403073597,0.7972252983951106,1,0.0545287278557378,0.0182926829268292,0.0769230769230769,0.0675553767012611,0.0193548387096775,bloom_dynamics||saxitoxin,0
temperature,ENV_FACTOR,sxtb,SXT_GENE,environment_gene_regulation,97.3751758802938,14.0,12,5,2.9630981442285367,0.2448979591836734,748,44,17,dinoflagellate; dinoflagellates; saxitoxin; paralytic_shellfish_toxins; climate; toxin_production; bloom; toxin_biosynthesis; paralytic_shellfish_poisoning; sxta; nutrient; biosynthesis,DINO_TAXON; DINO_TAXON; TOXIN; TOXIN; ENV_FACTOR; BIOLOGICAL_PROCESS; ENV_FACTOR; BIOLOGICAL_PROCESS; TOXIN; SXT_GENE; ENV_FACTOR; BIOLOGICAL_PROCESS,dino_pre2016,unvalidated_candidate,0.2038637179795465,0.4565424033573184,0.2139986297070648,0.09079427859740855,0.14007601904127104,0.6404687833629065,1,0.1779698812770757,0.0792682926829268,0.282051282051282,0.2641389159397628,0.3462804476629361,sxtb||temperature,0
paralytic_shellfish_poisoning,TOXIN,polyketide_synthase,BIOLOGICAL_PROCESS,process_toxin_association,105.9817474564433,17.0,13,5,3.1575403948883136,0.1666666666666666,1014,78,13,saxitoxin; dinoflagellate; phylogenetic; dinoflagellates; alexandrium_fundyense; alexandrium; toxicity; gymnodinium; light; gymnodinium_catenatum; sxta; expression; biosynthesis,TOXIN; DINO_TAXON; BIOLOGICAL_PROCESS; DINO_TAXON; DINO_TAXON; DINO_TAXON; BIOLOGICAL_PROCESS; DINO_TAXON; ENV_FACTOR; DINO_TAXON; SXT_GENE; BIOLOGICAL_PROCESS; BIOLOGICAL_PROCESS,dino_pre2016,unvalidated_candidate,0.5635427504809168,0.5991761045845159,0.2893526275383247,0.03729363705429813,0.13811723324790876,0.7940908770657443,1,0.1956710715997006,0.0975609756097561,0.3076923076923077,0.2829228687966577,0.2150537634408602,paralytic_shellfish_poisoning||polyketide_synthase,0
gtx,TOXIN,alexandrium_affine,DINO_TAXON,taxon_toxin_association,49.49853057201655,6.0,6,3,1.480034516777505,0.1538461538461538,234,39,6,temperature; alexandrium; dinoflagellate; light; hplc; nutrient,ENV_FACTOR; DINO_TAXON; DINO_TAXON; ENV_FACTOR; DETECTION_METHOD; ENV_FACTOR,dino_pre2016,unvalidated_candidate,0.7287964666854647,0.6021205682915878,0.2323628648671746,0.07503630007559989,0.1379669259922298,0.7672329736783478,1,0.0795016813542243,0.0304878048780487,0.1282051282051282,0.1208686278861674,0.1935483870967742,alexandrium_affine||gtx,0
gonyautoxin,TOXIN,alexandrium_affine,DINO_TAXON,taxon_toxin_association,49.13653962179031,6.0,6,3,1.480034516777505,0.1176470588235294,306,51,6,temperature; alexandrium; dinoflagellate; light; hplc; nutrient,ENV_FACTOR; DINO_TAXON; DINO_TAXON; ENV_FACTOR; DETECTION_METHOD; ENV_FACTOR,dino_pre2016,unvalidated_candidate,0.6096015097453833,0.608297141789757,0.2118046473662806,0.08829851336627545,0.1377009669662775,0.7183038026263036,1,0.0787571722720272,0.0304878048780487,0.1282051282051282,0.1208686278861674,0.1328273244781784,alexandrium_affine||gonyautoxin,0
regulation,BIOLOGICAL_PROCESS,sxtu,SXT_GENE,gene_process_association,108.45551436829535,16.0,14,5,3.4070024671665524,0.2641509433962264,966,46,21,saxitoxin; cyanobacteria; cyanobacterial; paralytic_shellfish_toxins; dinoflagellate; gymnodinium; saxitoxin_biosynthesis; dinoflagellates; paralytic_shellfish_poisoning; gymnodinium_catenatum; sxta; expression; phylogenetic; biosynthesis,TOXIN; CYANO_TAXON; CYANO_TAXON; TOXIN; DINO_TAXON; DINO_TAXON; BIOLOGICAL_PROCESS; DINO_TAXON; TOXIN; DINO_TAXON; SXT_GENE; BIOLOGICAL_PROCESS; BIOLOGICAL_PROCESS; BIOLOGICAL_PROCESS,dino_pre2016,unvalidated_candidate,0.1593173929990448,0.4301924914555191,0.2244039391146851,0.07989340153352696,0.13769761656599022,0.5899188364403888,1,0.2007588836899238,0.0914634146341463,0.3333333333333333,0.3070219716889442,0.3785757760194767,regulation||sxtu,0
alexandrium_ostenfeldii,DINO_TAXON,cylindrospermopsis,CYANO_TAXON,cross_taxa_association,138.00483884715322,28.0,14,6,3.41151033266752,0.3181818181818182,840,30,28,paralytic_shellfish_poisoning; saxitoxin; dinoflagellates; paralytic_shellfish_toxins; toxicity; cyanobacterial; dinoflagellate; alexandrium; mass_spectrometry; gymnodinium; bloom; lc_ms; hplc; phylogenetic,TOXIN; TOXIN; DINO_TAXON; TOXIN; BIOLOGICAL_PROCESS; CYANO_TAXON; DINO_TAXON; DINO_TAXON; DETECTION_METHOD; DINO_TAXON; ENV_FACTOR; DETECTION_METHOD; DETECTION_METHOD; BIOLOGICAL_PROCESS,dino_pre2016,unvalidated_candidate,0.1752895118268881,0.4204972936708714,0.2662670043030527,0.051860868102004326,0.13762332258242368,0.6632399941069355,1,0.2615331666755854,0.1646341463414634,0.3333333333333333,0.3074574507721583,0.4692082111436951,alexandrium_ostenfeldii||cylindrospermopsis,0
gymnodinium_catenatum,DINO_TAXON,sxtd,SXT_GENE,taxon_gene_association,98.35801135170038,12.0,12,6,3.144522917229504,0.2068965517241379,741,57,13,saxitoxin; cyanobacteria; paralytic_shellfish_toxins; mass_spectrometry; cyanobacterium; lc_ms; paralytic_shellfish_poisoning; sxta; expression; sxtu; lc_ms_ms; dinoflagellates,TOXIN; CYANO_TAXON; TOXIN; DETECTION_METHOD; CYANO_TAXON; DETECTION_METHOD; TOXIN; SXT_GENE; BIOLOGICAL_PROCESS; SXT_GENE; DETECTION_METHOD; DINO_TAXON,dino_pre2016,unvalidated_candidate,0.2582071658005753,0.5099603451932638,0.2225731932350614,0.08030387753798432,0.13721160381681516,0.8275950372496653,1,0.1799912852218714,0.0670731707317073,0.282051282051282,0.2816653247915402,0.2825361512791992,gymnodinium_catenatum||sxtd,0
cyanobacteria,CYANO_TAXON,protoceratium_reticulatum,DINO_TAXON,cross_taxa_association,37.50083531228561,4.0,4,3,0.9427253484504968,0.0615384615384615,378,63,6,alexandrium; toxicity; paralytic_shellfish_poisoning; alexandrium_minutum,DINO_TAXON; BIOLOGICAL_PROCESS; TOXIN; DINO_TAXON,dino_pre2016,unvalidated_candidate,0.1045269018664402,0.4699474693217787,0.0989953451155987,0.16100301906380224,0.13619994948452083,0.5925679619682841,1,0.0548259454533134,0.0182926829268292,0.0769230769230769,0.068962264669401,0.0387096774193548,cyanobacteria||protoceratium_reticulatum,0
gtx,TOXIN,secondary_metabolism,BIOLOGICAL_PROCESS,process_toxin_association,111.20385108960988,15.0,15,5,3.816211259090653,0.3571428571428571,702,39,18,saxitoxin; temperature; dinoflagellate; salinity; toxicity; toxin_production; nitrate; bloom; nutrients; light; hplc; nitrogen; nutrient; dinoflagellates; warming,TOXIN; ENV_FACTOR; DINO_TAXON; ENV_FACTOR; BIOLOGICAL_PROCESS; BIOLOGICAL_PROCESS; ENV_FACTOR; ENV_FACTOR; ENV_FACTOR; ENV_FACTOR; DETECTION_METHOD; ENV_FACTOR; ENV_FACTOR; DINO_TAXON; ENV_FACTOR,dino_pre2016,unvalidated_candidate,0.3488749320560251,0.5676049600158348,0.2789831628236998,0.04078361047344446,0.1360634314135466,0.8064738996106467,1,0.2064114052479229,0.0853658536585365,0.358974358974359,0.3465532907826461,0.5345622119815668,gtx||secondary_metabolism,0
pyrodinium,DINO_TAXON,scytonema,CYANO_TAXON,cross_taxa_association,53.387081693662246,5.0,5,5,1.203344768399754,0.0980392156862745,300,50,6,saxitoxin; cyanobacteria; dinoflagellates; sxta; phylogenetic,TOXIN; CYANO_TAXON; DINO_TAXON; SXT_GENE; BIOLOGICAL_PROCESS,dino_pre2016,unvalidated_candidate,0.4269512254597142,0.5248136779678838,0.1724083044097525,0.11098619886277086,0.13555504108156352,0.6509894679294573,1,0.0874992890978528,0.024390243902439,0.1025641025641025,0.0941392150559912,0.0999367488931057,pyrodinium||scytonema,0
alexandrium_tamiyavanichii,DINO_TAXON,sxti,SXT_GENE,taxon_gene_association,89.55026870703921,11.0,11,5,2.6597497381349924,0.4230769230769231,322,23,14,saxitoxin; cyanobacteria; pyrodinium; dinoflagellate; alexandrium; saxitoxin_biosynthesis; paralytic_shellfish_poisoning; sxta; pyrodinium_bahamense; dinoflagellates; biosynthesis,TOXIN; CYANO_TAXON; DINO_TAXON; DINO_TAXON; DINO_TAXON; BIOLOGICAL_PROCESS; TOXIN; SXT_GENE; DINO_TAXON; DINO_TAXON; BIOLOGICAL_PROCESS,dino_pre2016,unvalidated_candidate,0.4475264931647741,0.5007491760820489,0.2567753372923632,0.05354930023935034,0.13483971506055548,0.6248461022794276,1,0.1618763450873006,0.0609756097560975,0.2564102564102564,0.2348341627807105,0.6451612903225807,alexandrium_tamiyavanichii||sxti,0
pyrodinium,DINO_TAXON,sxtd,SXT_GENE,taxon_gene_association,76.18588980201483,9.0,9,5,2.259611567674079,0.1666666666666666,650,50,13,saxitoxin; cyanobacteria; paralytic_shellfish_toxins; mass_spectrometry; dinoflagellates; paralytic_shellfish_poisoning; lc_ms; sxta; cylindrospermopsis,TOXIN; CYANO_TAXON; TOXIN; DETECTION_METHOD; DINO_TAXON; TOXIN; DETECTION_METHOD; SXT_GENE; CYANO_TAXON,dino_pre2016,unvalidated_candidate,0.363001517677788,0.4576743129218819,0.1985320852402308,0.0912761041453539,0.13417849658330466,0.6795571934151936,1,0.1343897422689288,0.048780487804878,0.2051282051282051,0.1961791045067077,0.2150537634408602,pyrodinium||sxtd,0
nitrogen,ENV_FACTOR,sxtu,SXT_GENE,environment_gene_regulation,85.50815708741213,12.0,10,5,2.420745210372728,0.1666666666666666,1029,49,21,saxitoxin; cyanobacteria; paralytic_shellfish_toxins; dinoflagellate; cyanobacterium; paralytic_shellfish_poisoning; sxta; expression; dinoflagellates; biosynthesis,TOXIN; CYANO_TAXON; TOXIN; DINO_TAXON; CYANO_TAXON; TOXIN; SXT_GENE; BIOLOGICAL_PROCESS; DINO_TAXON; BIOLOGICAL_PROCESS,dino_pre2016,unvalidated_candidate,0.0203396053877301,0.4310893066940274,0.1586895963842195,0.11677944494089765,0.1335435055182264,0.7028995719612151,1,0.1535629084939663,0.0670731707317073,0.2307692307692307,0.2117453034055629,0.2150537634408602,nitrogen||sxtu,0
gtx,TOXIN,alexandrium_leei,DINO_TAXON,taxon_toxin_association,43.65171373256739,5.0,5,3,1.2008568662836927,0.125,234,39,6,saxitoxin; paralytic_shellfish_toxins; alexandrium; dinoflagellate; phylogeny,TOXIN; TOXIN; DINO_TAXON; DINO_TAXON; BIOLOGICAL_PROCESS,dino_pre2016,unvalidated_candidate,0.4759882064777508,0.5934741487878206,0.1818831481646566,0.10127498365102146,0.1335182494564755,0.7672329736783478,1,0.0674764960942278,0.024390243902439,0.1025641025641025,0.0938988730732066,0.1451612903225807,alexandrium_leei||gtx,0
saxitoxin,TOXIN,alexandrium_affine,DINO_TAXON,taxon_toxin_association,48.71006903355501,6.0,6,3,1.480034516777505,0.075,480,80,6,temperature; alexandrium; dinoflagellate; light; hplc; nutrient,ENV_FACTOR; DINO_TAXON; DINO_TAXON; ENV_FACTOR; DETECTION_METHOD; ENV_FACTOR,dino_pre2016,unvalidated_candidate,0.5441628235517842,0.6327209691332031,0.2005473834098465,0.08829294420744146,0.13319471988840348,0.7660482494232708,1,0.0778800475095637,0.0304878048780487,0.1282051282051282,0.1208686278861674,0.0612903225806452,alexandrium_affine||saxitoxin,1
cyanobacteria,CYANO_TAXON,alexandrium_leei,DINO_TAXON,cross_taxa_association,53.844586808568,6.0,6,4,1.4461029280935231,0.0952380952380952,378,63,6,saxitoxin; paralytic_shellfish_toxins; alexandrium; dinoflagellate; sxta; phylogeny,TOXIN; TOXIN; DINO_TAXON; DINO_TAXON; SXT_GENE; BIOLOGICAL_PROCESS,dino_pre2016,unvalidated_candidate,0.4620068975162057,0.5337448256897213,0.1837198371335094,0.09946641863576293,0.1331677860348615,0.6638071972772975,1,0.0884402427680649,0.0304878048780487,0.1282051282051282,0.1175906913264086,0.0952380952380952,alexandrium_leei||cyanobacteria,0
sxtg,SXT_GENE,polyketide_synthase,BIOLOGICAL_PROCESS,gene_process_association,95.0496544767318,15.0,12,4,2.9032056167442715,0.3243243243243243,468,36,13,saxitoxin; dinoflagellate; dinoflagellates; alexandrium_fundyense; alexandrium; toxicity; gymnodinium; gymnodinium_catenatum; sxta; expression; phylogenetic; biosynthesis,TOXIN; DINO_TAXON; DINO_TAXON; DINO_TAXON; DINO_TAXON; BIOLOGICAL_PROCESS; DINO_TAXON; DINO_TAXON; SXT_GENE; BIOLOGICAL_PROCESS; BIOLOGICAL_PROCESS; BIOLOGICAL_PROCESS,dino_pre2016,unvalidated_candidate,0.5608997025642467,0.5243699754076769,0.2805438427887697,0.03444053796600015,0.13288185989510798,0.6826142421985011,1,0.1731869666635653,0.0853658536585365,0.282051282051282,0.2583530416818414,0.4795117698343505,polyketide_synthase||sxtg,0
alexandrium_tamiyavanichii,DINO_TAXON,aphanizomenon,CYANO_TAXON,cross_taxa_association,124.93857415819429,25.0,12,6,2.8476654574755176,0.3243243243243243,598,23,26,dinoflagellate; saxitoxin; alexandrium; paralytic_shellfish_poisoning; hplc; dinoflagellates; cyanobacteria; paralytic_shellfish_toxins; pyrodinium; toxicity; sxta; biosynthesis,DINO_TAXON; TOXIN; DINO_TAXON; TOXIN; DETECTION_METHOD; DINO_TAXON; CYANO_TAXON; TOXIN; DINO_TAXON; BIOLOGICAL_PROCESS; SXT_GENE; BIOLOGICAL_PROCESS,dino_pre2016,unvalidated_candidate,0.318074844922865,0.4987689787595822,0.2752705921360835,0.037125220072550376,0.13238336889796365,0.7306864872761283,1,0.2346596972553112,0.1463414634146341,0.282051282051282,0.252987624804446,0.4795117698343505,alexandrium_tamiyavanichii||aphanizomenon,0
salinity,ENV_FACTOR,sxtb,SXT_GENE,environment_gene_regulation,91.78057246364835,13.0,11,5,2.6402862318241804,0.25,646,38,17,dinoflagellate; dinoflagellates; saxitoxin; cyanobacteria; paralytic_shellfish_toxins; toxin_production; bloom; toxin_biosynthesis; paralytic_shellfish_poisoning; nutrient; biosynthesis,DINO_TAXON; DINO_TAXON; TOXIN; CYANO_TAXON; TOXIN; BIOLOGICAL_PROCESS; ENV_FACTOR; BIOLOGICAL_PROCESS; TOXIN; ENV_FACTOR; BIOLOGICAL_PROCESS,dino_pre2016,unvalidated_candidate,0.2816353525850156,0.4493185455512582,0.2162769764666904,0.0754008413423752,0.1317512953921013,0.6787131315866244,1,0.1664634249626842,0.073170731707317,0.2564102564102564,0.2329539048443226,0.3548387096774194,salinity||sxtb,0
cylindrospermopsis,CYANO_TAXON,alexandrium_leei,DINO_TAXON,cross_taxa_association,44.05823316067029,5.0,5,3,1.1670476148178994,0.1724137931034483,168,28,6,saxitoxin; paralytic_shellfish_toxins; alexandrium; dinoflagellate; sxta,TOXIN; TOXIN; DINO_TAXON; DINO_TAXON; SXT_GENE,dino_pre2016,unvalidated_candidate,0.3269019430617118,0.4581971222908974,0.1502617785941887,0.11937403424501387,0.1317291319846838,0.5848697034474657,1,0.0683125871791652,0.024390243902439,0.1025641025641025,0.0906327548118439,0.224694104560623,alexandrium_leei||cylindrospermopsis,0
lyngbya,CYANO_TAXON,sxtu,SXT_GENE,cyano_gene_transfer_signal,103.99160266417964,14.0,12,6,2.995801332089821,0.4,441,21,21,saxitoxin; cyanobacteria; cyanobacterial; paralytic_shellfish_toxins; cylindrospermopsis; gymnodinium; mass_spectrometry; cyanobacterium; paralytic_shellfish_poisoning; sxta; dinoflagellates; biosynthesis,TOXIN; CYANO_TAXON; CYANO_TAXON; TOXIN; CYANO_TAXON; DINO_TAXON; DETECTION_METHOD; CYANO_TAXON; TOXIN; SXT_GENE; DINO_TAXON; BIOLOGICAL_PROCESS,dino_pre2016,unvalidated_candidate,0.4395331923707554,0.4777926073903147,0.2692454459501605,0.039298987917665645,0.13127757113066357,0.7028995719612151,1,0.1915779281887908,0.0792682926829268,0.282051282051282,0.267298183727356,0.606451612903226,lyngbya||sxtu,0
neosaxitoxin,TOXIN,gene_duplication,BIOLOGICAL_PROCESS,process_toxin_association,81.90340878481538,13.0,11,3,2.701704392407688,0.25,684,36,19,alexandrium; dinoflagellate; saxitoxin; alexandrium_fundyense; pyrodinium; gymnodinium; gymnodinium_catenatum; phylogeny; pyrodinium_bahamense; dinoflagellates; biosynthesis,DINO_TAXON; DINO_TAXON; TOXIN; DINO_TAXON; DINO_TAXON; DINO_TAXON; DINO_TAXON; BIOLOGICAL_PROCESS; DINO_TAXON; DINO_TAXON; BIOLOGICAL_PROCESS,dino_pre2016,unvalidated_candidate,0.2775783697458011,0.4613100222250008,0.2097575279038552,0.07884088315076039,0.13120754105199833,0.6477888934121167,1,0.1461489998074634,0.073170731707317,0.2564102564102564,0.2388871617833017,0.3548387096774194,gene_duplication||neosaxitoxin,0
alexandrium_tamarense,DINO_TAXON,scytonema,CYANO_TAXON,cross_taxa_association,59.084957632013285,6.0,6,5,1.4869232604510874,0.1111111111111111,324,54,6,saxitoxin; cyanobacteria; cyanobacterium; sxta; phylogenetic; dinoflagellates,TOXIN; CYANO_TAXON; CYANO_TAXON; SXT_GENE; BIOLOGICAL_PROCESS; DINO_TAXON,dino_pre2016,unvalidated_candidate,0.4530044683960756,0.5631973534965434,0.1904182771114212,0.09148904104014159,0.13106073546865343,0.7570579389238076,1,0.0992181466623396,0.0304878048780487,0.1282051282051282,0.1215341099815902,0.1218637992831542,alexandrium_tamarense||scytonema,0
gonyautoxin,TOXIN,environmental_regulation,BIOLOGICAL_PROCESS,process_toxin_association,71.23787665588308,9.0,9,4,2.2365853867650696,0.1764705882352941,459,51,9,saxitoxin; paralytic_shellfish_toxins; temperature; alexandrium; nitrate; toxicity; alexandrium_tamarense; alexandrium_catenella; regulation,TOXIN; TOXIN; ENV_FACTOR; DINO_TAXON; ENV_FACTOR; BIOLOGICAL_PROCESS; DINO_TAXON; DINO_TAXON; BIOLOGICAL_PROCESS,dino_pre2016,unvalidated_candidate,0.5104851359551256,0.6085529141175483,0.2330029389889522,0.05820958816021511,0.12812692849170995,0.7900842979493753,1,0.1242131322630067,0.048780487804878,0.2051282051282051,0.193954676969989,0.2314990512333966,environmental_regulation||gonyautoxin,0
anabaena,CYANO_TAXON,sxtd,SXT_GENE,cyano_gene_transfer_signal,99.47557485719696,12.0,12,6,3.116165806976866,0.3243243243243243,468,36,13,saxitoxin; cyanobacteria; paralytic_shellfish_toxins; mass_spectrometry; dinoflagellates; cyanobacterium; lc_ms; paralytic_shellfish_poisoning; sxta; expression; lc_ms_ms; cylindrospermopsis,TOXIN; CYANO_TAXON; TOXIN; DETECTION_METHOD; DINO_TAXON; CYANO_TAXON; DETECTION_METHOD; TOXIN; SXT_GENE; BIOLOGICAL_PROCESS; DETECTION_METHOD; CYANO_TAXON,dino_pre2016,unvalidated_candidate,0.4749212383009987,0.5250833573280829,0.2672458612326835,0.0350407234453844,0.12792277856030404,0.8275950372496653,1,0.1822897851684976,0.0670731707317073,0.282051282051282,0.2789259066849511,0.4795117698343505,anabaena||sxtd,0
alexandrium_tamiyavanichii,DINO_TAXON,cylindrospermopsis,CYANO_TAXON,cross_taxa_association,120.65147631936809,21.0,13,6,3.115211843894571,0.3421052631578947,644,23,28,saxitoxin; toxicity; paralytic_shellfish_poisoning; dinoflagellates; cyanobacteria; paralytic_shellfish_toxins; pyrodinium; alexandrium; dinoflagellate; saxitoxin_biosynthesis; hplc; sxta; biosynthesis,TOXIN; BIOLOGICAL_PROCESS; TOXIN; DINO_TAXON; CYANO_TAXON; TOXIN; DINO_TAXON; DINO_TAXON; DINO_TAXON; BIOLOGICAL_PROCESS; DETECTION_METHOD; SXT_GENE; BIOLOGICAL_PROCESS,dino_pre2016,unvalidated_candidate,0.2882188281048286,0.4468944284594122,0.2629780887401449,0.03732953634953277,0.12758895730577763,0.6224256552388376,1,0.2258423959518428,0.1219512195121951,0.3076923076923077,0.2788337497720156,0.5093378607809848,alexandrium_tamiyavanichii||cylindrospermopsis,0
gtx,TOXIN,polyketide_synthase,BIOLOGICAL_PROCESS,process_toxin_association,90.9908799618106,15.0,11,4,2.653976566271155,0.2682926829268293,507,39,13,saxitoxin; dinoflagellate; phylogenetic; dinoflagellates; alexandrium_fundyense; alexandrium; toxicity; gymnodinium; light; gymnodinium_catenatum; biosynthesis,TOXIN; DINO_TAXON; BIOLOGICAL_PROCESS; DINO_TAXON; DINO_TAXON; DINO_TAXON; BIOLOGICAL_PROCESS; DINO_TAXON; ENV_FACTOR; DINO_TAXON; BIOLOGICAL_PROCESS,dino_pre2016,unvalidated_candidate,0.504537791816551,0.5880139955340823,0.2669866788084226,0.03294617146817843,0.1265623744042761,0.7672329736783478,1,0.164839259387844,0.0853658536585365,0.2564102564102564,0.2342764496923406,0.3855232100708105,gtx||polyketide_synthase,0
sxt_genes,SXT_GENE,alexandrium_leei,DINO_TAXON,taxon_gene_association,54.89220585618705,6.0,6,4,1.4461029280935231,0.2,180,30,6,saxitoxin; paralytic_shellfish_toxins; alexandrium; dinoflagellate; sxta; phylogeny,TOXIN; TOXIN; DINO_TAXON; DINO_TAXON; SXT_GENE; BIOLOGICAL_PROCESS,dino_pre2016,unvalidated_candidate,0.7100823981038554,0.5204950515093678,0.2291467927963331,0.05808671939920667,0.12651074875805723,0.5990337773138522,1,0.0905948875047567,0.0304878048780487,0.1282051282051282,0.1175906913264086,0.270967741935484,alexandrium_leei||sxt_genes,0
sxta,SXT_GENE,bloom_dynamics,BIOLOGICAL_PROCESS,gene_process_association,37.53428997262532,4.0,4,3,0.9281619354652012,0.0677966101694915,236,59,4,alexandrium; paralytic_shellfish_poisoning; bloom; dinoflagellates,DINO_TAXON; TOXIN; ENV_FACTOR; DINO_TAXON,dino_pre2016,unvalidated_candidate,0.4861673547831301,0.6411388507404867,0.1739095104211334,0.09304714565222487,0.12539209155978828,0.7972252983951106,1,0.0548947518653222,0.0182926829268292,0.0769230769230769,0.0675553767012611,0.0492072170585019,bloom_dynamics||sxta,0
alexandrium_ostenfeldii,DINO_TAXON,scytonema,CYANO_TAXON,cross_taxa_association,32.34256204565221,3.0,3,3,0.7167355682806487,0.0909090909090909,180,30,6,saxitoxin; phylogenetic; dinoflagellates,TOXIN; BIOLOGICAL_PROCESS; DINO_TAXON,dino_pre2016,unvalidated_candidate,0.1893086247308314,0.4771258857125112,0.1061149535865085,0.13621912943508807,0.12417745909565624,0.6509894679294573,1,0.0442168921245969,0.0121951219512195,0.0512820512820512,0.0471306855632834,0.0879765395894429,alexandrium_ostenfeldii||scytonema,0
aphanizomenon,CYANO_TAXON,alexandrium_leei,DINO_TAXON,cross_taxa_association,55.19989816387936,6.0,6,4,1.4461029280935231,0.2307692307692307,156,26,6,saxitoxin; paralytic_shellfish_toxins; alexandrium; dinoflagellate; sxta; phylogeny,TOXIN; TOXIN; DINO_TAXON; DINO_TAXON; SXT_GENE; BIOLOGICAL_PROCESS,dino_pre2016,unvalidated_candidate,0.5107382254773999,0.4923551799415491,0.1992333163588269,0.07361169840648653,0.12386034558742268,0.5848697034474657,1,0.0912277202246243,0.0304878048780487,0.1282051282051282,0.1175906913264086,0.3225806451612903,alexandrium_leei||aphanizomenon,0
alexandrium_ostenfeldii,DINO_TAXON,planktothrix,CYANO_TAXON,cross_taxa_association,65.99075392148015,8.0,8,4,1.8842658496289653,0.2222222222222222,420,30,14,saxitoxin; cyanobacterial; paralytic_shellfish_toxins; alexandrium; toxicity; gymnodinium; paralytic_shellfish_poisoning; dinoflagellates,TOXIN; CYANO_TAXON; TOXIN; DINO_TAXON; BIOLOGICAL_PROCESS; DINO_TAXON; TOXIN; DINO_TAXON,dino_pre2016,unvalidated_candidate,0.1725662603252016,0.4299222559089925,0.1594464828932698,0.09975645557837855,0.12363246650433504,0.614893134092412,1,0.1134213416706612,0.0426829268292682,0.1794871794871795,0.1599191031496299,0.3082437275985664,alexandrium_ostenfeldii||planktothrix,0
gene_duplication,BIOLOGICAL_PROCESS,sxti,SXT_GENE,gene_process_association,79.28364779091045,10.0,10,4,2.467910851976965,0.4347826086956521,266,19,14,saxitoxin; pyrodinium; dinoflagellate; alexandrium; saxitoxin_biosynthesis; sxta; phylogeny; pyrodinium_bahamense; dinoflagellates; biosynthesis,TOXIN; DINO_TAXON; DINO_TAXON; DINO_TAXON; BIOLOGICAL_PROCESS; SXT_GENE; BIOLOGICAL_PROCESS; DINO_TAXON; DINO_TAXON; BIOLOGICAL_PROCESS,dino_pre2016,unvalidated_candidate,0.6479319943516486,0.492729501645455,0.2745598976529295,0.022906980563458884,0.12356814739924714,0.6248461022794276,1,0.1407609207631423,0.0548780487804878,0.2307692307692307,0.2163017060667797,0.664796633941094,gene_duplication||sxti,0
sxtg,SXT_GENE,planktothrix,CYANO_TAXON,cyano_gene_transfer_signal,77.26250241314715,10.0,10,4,2.381251206573572,0.25,504,36,14,saxitoxin; cyanobacterial; cyanobacteria; paralytic_shellfish_toxins; pyrodinium; alexandrium; toxicity; gymnodinium; paralytic_shellfish_poisoning; dinoflagellates,TOXIN; CYANO_TAXON; CYANO_TAXON; TOXIN; DINO_TAXON; DINO_TAXON; BIOLOGICAL_PROCESS; DINO_TAXON; TOXIN; DINO_TAXON,dino_pre2016,unvalidated_candidate,0.2122952866954275,0.4502681268979624,0.1880154419374903,0.08056625885137454,0.12354593208582086,0.6274099984893756,1,0.1366040182515051,0.0548780487804878,0.2307692307692307,0.2079300137605597,0.3548387096774194,planktothrix||sxtg,0
regulation,BIOLOGICAL_PROCESS,sxtd,SXT_GENE,gene_process_association,64.67955950117506,7.0,7,5,1.6667028275106075,0.1346153846153846,598,46,13,saxitoxin; cyanobacteria; paralytic_shellfish_toxins; paralytic_shellfish_poisoning; sxta; expression; dinoflagellates,TOXIN; CYANO_TAXON; TOXIN; TOXIN; SXT_GENE; BIOLOGICAL_PROCESS; DINO_TAXON,dino_pre2016,unvalidated_candidate,0.2016883259081549,0.4399249918058935,0.1514578703714037,0.10416293633195069,0.1230809099477319,0.5899188364403888,1,0.1107245997940117,0.0365853658536585,0.1538461538461538,0.1389015849044546,0.1612903225806452,regulation||sxtd,0
neosaxitoxin,TOXIN,alexandrium_affine,DINO_TAXON,taxon_toxin_association,49.62673570022167,6.0,6,3,1.480034516777505,0.1666666666666666,216,36,6,temperature; alexandrium; dinoflagellate; light; hplc; nutrient,ENV_FACTOR; DINO_TAXON; DINO_TAXON; ENV_FACTOR; DETECTION_METHOD; ENV_FACTOR,dino_pre2016,unvalidated_candidate,0.6425049025934485,0.5815519386170265,0.218529824208101,0.059327430844808966,0.12300838819012579,0.6477888934121167,1,0.079765361654169,0.0304878048780487,0.1282051282051282,0.1208686278861674,0.2150537634408602,alexandrium_affine||neosaxitoxin,0
paralytic_shellfish_poisoning,TOXIN,alexandrium_leei,DINO_TAXON,taxon_toxin_association,53.66143662541781,6.0,6,4,1.4461029280935231,0.0769230769230769,468,78,6,saxitoxin; paralytic_shellfish_toxins; alexandrium; dinoflagellate; sxta; phylogeny,TOXIN; TOXIN; DINO_TAXON; DINO_TAXON; SXT_GENE; BIOLOGICAL_PROCESS,dino_pre2016,unvalidated_candidate,0.5803512689684668,0.6114498726551828,0.2075740590876305,0.0664929349987611,0.12292538463430885,0.7940908770657443,1,0.0880635566252866,0.0304878048780487,0.1282051282051282,0.1175906913264086,0.0645161290322581,alexandrium_leei||paralytic_shellfish_poisoning,0
paralytic_shellfish_poisoning,TOXIN,environmental_regulation,BIOLOGICAL_PROCESS,process_toxin_association,70.6270169273763,9.0,9,4,2.2365853867650696,0.1153846153846153,702,78,9,saxitoxin; paralytic_shellfish_toxins; temperature; alexandrium; nitrate; toxicity; alexandrium_tamarense; alexandrium_catenella; regulation,TOXIN; TOXIN; ENV_FACTOR; DINO_TAXON; ENV_FACTOR; BIOLOGICAL_PROCESS; DINO_TAXON; DINO_TAXON; BIOLOGICAL_PROCESS,dino_pre2016,unvalidated_candidate,0.5330902915340666,0.6042012585220828,0.2303954814311301,0.05010172612071455,0.12221922824488077,0.7940908770657443,1,0.1229567731867991,0.048780487804878,0.2051282051282051,0.193954676969989,0.1290322580645161,environmental_regulation||paralytic_shellfish_poisoning,0
gtx,TOXIN,environmental_regulation,BIOLOGICAL_PROCESS,process_toxin_association,65.9507922604017,8.0,8,4,1.9753961302008447,0.2,351,39,9,saxitoxin; paralytic_shellfish_toxins; temperature; alexandrium; nitrate; toxicity; alexandrium_tamarense; alexandrium_catenella,TOXIN; TOXIN; ENV_FACTOR; DINO_TAXON; ENV_FACTOR; BIOLOGICAL_PROCESS; DINO_TAXON; DINO_TAXON,dino_pre2016,unvalidated_candidate,0.548693545100105,0.6256837006414115,0.2335491545090052,0.047024972139657485,0.12163464508739658,0.7672329736783478,1,0.1133391522689815,0.0426829268292682,0.1794871794871795,0.1687226779297478,0.270967741935484,environmental_regulation||gtx,0
nitrogen_limitation,ENV_FACTOR,sxtb,SXT_GENE,environment_gene_regulation,86.13819516166564,11.0,10,5,2.4857642474994823,0.4166666666666667,289,17,17,dinoflagellate; cyanobacteria; paralytic_shellfish_toxins; climate; bloom; toxin_biosynthesis; paralytic_shellfish_poisoning; nutrient; dinoflagellates; biosynthesis,DINO_TAXON; CYANO_TAXON; TOXIN; ENV_FACTOR; ENV_FACTOR; BIOLOGICAL_PROCESS; TOXIN; ENV_FACTOR; DINO_TAXON; BIOLOGICAL_PROCESS,dino_pre2016,unvalidated_candidate,0.5679564618954108,0.4762314866549575,0.2655481037523471,0.02500902918844888,0.12122465901400818,0.6804674326203578,1,0.1548587117954536,0.0609756097560975,0.2307692307692307,0.2180264204161175,0.6344086021505378,nitrogen_limitation||sxtb,0
climate,ENV_FACTOR,sxti,SXT_GENE,environment_gene_regulation,77.47072291470728,9.0,9,5,2.1282186002107863,0.3214285714285714,322,23,14,saxitoxin; cyanobacterial; cyanobacteria; dinoflagellate; alexandrium; paralytic_shellfish_poisoning; sxta; dinoflagellates; biosynthesis,TOXIN; CYANO_TAXON; CYANO_TAXON; DINO_TAXON; DINO_TAXON; TOXIN; SXT_GENE; DINO_TAXON; BIOLOGICAL_PROCESS,dino_pre2016,unvalidated_candidate,0.3208268291569693,0.4842574561233242,0.2087691105470756,0.06262590418866203,0.12108318673202745,0.6248461022794276,1,0.1370322666770921,0.048780487804878,0.2051282051282051,0.1834859820079535,0.4746543778801844,climate||sxti,0
alexandrium_ostenfeldii,DINO_TAXON,lyngbya,CYANO_TAXON,cross_taxa_association,108.84482779803292,17.0,12,6,2.88395236055492,0.3076923076923077,630,30,21,dinoflagellates; saxitoxin; paralytic_shellfish_toxins; hplc; cyanobacterial; alexandrium; toxicity; mass_spectrometry; toxin_production; bloom; gymnodinium; paralytic_shellfish_poisoning,DINO_TAXON; TOXIN; TOXIN; DETECTION_METHOD; CYANO_TAXON; DINO_TAXON; BIOLOGICAL_PROCESS; DETECTION_METHOD; BIOLOGICAL_PROCESS; ENV_FACTOR; DINO_TAXON; TOXIN,dino_pre2016,unvalidated_candidate,0.27663582125421,0.4266801164724967,0.2391097729074456,0.041074854255731964,0.12028882171641742,0.6518231632994154,1,0.2015595870889446,0.0975609756097561,0.282051282051282,0.2564930948062249,0.4516129032258066,alexandrium_ostenfeldii||lyngbya,0
gonyautoxin,TOXIN,alexandrium_leei,DINO_TAXON,taxon_toxin_association,54.06867644442234,6.0,6,4,1.4461029280935231,0.1176470588235294,306,51,6,saxitoxin; paralytic_shellfish_toxins; alexandrium; dinoflagellate; sxta; phylogeny,TOXIN; TOXIN; DINO_TAXON; DINO_TAXON; SXT_GENE; BIOLOGICAL_PROCESS,dino_pre2016,unvalidated_candidate,0.5107496333974452,0.5797364674838897,0.1976711834582591,0.0664466729962299,0.11893647718104158,0.7900842979493753,1,0.0889011293427584,0.0304878048780487,0.1282051282051282,0.1175906913264086,0.1328273244781784,alexandrium_leei||gonyautoxin,0
sxti,SXT_GENE,planktothrix,CYANO_TAXON,cyano_gene_transfer_signal,56.669595065784335,7.0,7,3,1.6681308662255,0.3333333333333333,196,14,14,saxitoxin; cyanobacterial; cyanobacteria; pyrodinium; alexandrium; paralytic_shellfish_poisoning; dinoflagellates,TOXIN; CYANO_TAXON; CYANO_TAXON; DINO_TAXON; DINO_TAXON; TOXIN; DINO_TAXON,dino_pre2016,unvalidated_candidate,0.4057059846667681,0.4884513737925525,0.1978138734286304,0.06605088508217022,0.11875608042075429,0.6248461022794276,1,0.0942504551600178,0.0365853658536585,0.1538461538461538,0.1390395395506663,0.4946236559139786,planktothrix||sxti,0
lyngbya,CYANO_TAXON,sxtd,SXT_GENE,cyano_gene_transfer_signal,78.11922313534815,9.0,9,5,2.259611567674079,0.36,273,21,13,saxitoxin; cyanobacteria; paralytic_shellfish_toxins; mass_spectrometry; dinoflagellates; cyanobacterium; paralytic_shellfish_poisoning; sxta; cylindrospermopsis,TOXIN; CYANO_TAXON; TOXIN; DETECTION_METHOD; DINO_TAXON; CYANO_TAXON; TOXIN; SXT_GENE; CYANO_TAXON,dino_pre2016,unvalidated_candidate,0.384282859296805,0.4792609655556991,0.2214897101330146,0.049743414678902115,0.1184419328605471,0.6866337859364915,1,0.1383660411920964,0.048780487804878,0.2051282051282051,0.1961791045067077,0.5393548387096775,lyngbya||sxtd,0
alexandrium_minutum,DINO_TAXON,sxtu,SXT_GENE,taxon_gene_association,130.3645201093283,19.0,17,6,4.288817431713344,0.2786885245901639,1197,57,21,saxitoxin; cyanobacteria; cyanobacterial; paralytic_shellfish_toxins; dinoflagellate; gymnodinium; saxitoxin_biosynthesis; dinoflagellates; cyanobacterium; lc_ms; paralytic_shellfish_poisoning; gymnodinium_catenatum; sxta; expression; lc_ms_ms; phylogenetic; biosynthesis,TOXIN; CYANO_TAXON; CYANO_TAXON; TOXIN; DINO_TAXON; DINO_TAXON; BIOLOGICAL_PROCESS; DINO_TAXON; CYANO_TAXON; DETECTION_METHOD; TOXIN; DINO_TAXON; SXT_GENE; BIOLOGICAL_PROCESS; DETECTION_METHOD; BIOLOGICAL_PROCESS; BIOLOGICAL_PROCESS,dino_pre2016,unvalidated_candidate,0.2210462632931542,0.4578058897489573,0.2686120254657712,0.018269786552275444,0.11840668211767373,0.8016466653790285,1,0.2458192746911696,0.1097560975609756,0.4102564102564102,0.3922090679416716,0.4029613960867266,alexandrium_minutum||sxtu,0
gtx,TOXIN,phosphorus_limitation,ENV_FACTOR,environment_toxin_association,78.09416259457484,14.0,8,4,2.0214402716463926,0.2051282051282051,312,39,8,alexandrium; dinoflagellate; toxin_production; paralytic_shellfish_poisoning; alexandrium_minutum; nutrient; phosphate; phosphorus,DINO_TAXON; DINO_TAXON; BIOLOGICAL_PROCESS; TOXIN; DINO_TAXON; ENV_FACTOR; ENV_FACTOR; ENV_FACTOR,dino_pre2016,unvalidated_candidate,0.4565977099887101,0.5583708269656733,0.2294920439348473,0.04425465690349377,0.11834961171603518,0.7672329736783478,1,0.1383144990190149,0.0792682926829268,0.1794871794871795,0.1731707388800539,0.2795698924731183,gtx||phosphorus_limitation,0
sxtg,SXT_GENE,alexandrium_leei,DINO_TAXON,taxon_gene_association,54.55887252285371,6.0,6,4,1.4461029280935231,0.1666666666666666,216,36,6,saxitoxin; paralytic_shellfish_toxins; alexandrium; dinoflagellate; sxta; phylogeny,TOXIN; TOXIN; DINO_TAXON; DINO_TAXON; SXT_GENE; BIOLOGICAL_PROCESS,dino_pre2016,unvalidated_candidate,0.6291877464146732,0.5183990873595232,0.2137673506302903,0.05381716579084049,0.11779723972662041,0.6454706073742715,1,0.0899093187249003,0.0304878048780487,0.1282051282051282,0.1175906913264086,0.2150537634408602,alexandrium_leei||sxtg,0
harmful_algal_bloom,ENV_FACTOR,sxtu,SXT_GENE,environment_gene_regulation,106.2519148552639,14.0,13,6,3.148684700359224,0.2954545454545454,756,36,21,saxitoxin; cyanobacterial; cyanobacteria; paralytic_shellfish_toxins; dinoflagellate; mass_spectrometry; gymnodinium; paralytic_shellfish_poisoning; gymnodinium_catenatum; sxta; expression; dinoflagellates; biosynthesis,TOXIN; CYANO_TAXON; CYANO_TAXON; TOXIN; DINO_TAXON; DETECTION_METHOD; DINO_TAXON; TOXIN; DINO_TAXON; SXT_GENE; BIOLOGICAL_PROCESS; DINO_TAXON; BIOLOGICAL_PROCESS,dino_pre2016,unvalidated_candidate,0.1966273059458526,0.4202891294523307,0.223764120037516,0.04567832613456608,0.11691264369574605,0.6367088652189131,1,0.1962267266015999,0.0792682926829268,0.3076923076923077,0.2820673708378292,0.4310850439882698,harmful_algal_bloom||sxtu,0
sxtu,SXT_GENE,planktothrix,CYANO_TAXON,cyano_gene_transfer_signal,61.88271151508813,8.0,8,3,1.959874276062585,0.2962962962962963,294,21,14,saxitoxin; cyanobacterial; cyanobacteria; paralytic_shellfish_toxins; cylindrospermopsis; gymnodinium; paralytic_shellfish_poisoning; dinoflagellates,TOXIN; CYANO_TAXON; CYANO_TAXON; TOXIN; CYANO_TAXON; DINO_TAXON; TOXIN; DINO_TAXON,dino_pre2016,unvalidated_candidate,0.3804086082531885,0.4718679216080181,0.1980729030283945,0.06206773984107013,0.11646980511599989,0.7462901552672138,1,0.1049723048102147,0.0426829268292682,0.1794871794871795,0.1672232004478973,0.4324970131421745,planktothrix||sxtu,0
alexandrium_tamiyavanichii,DINO_TAXON,lyngbya,CYANO_TAXON,cross_taxa_association,107.47400748844316,16.0,12,6,2.862003744221579,0.375,483,23,21,dinoflagellates; saxitoxin; hplc; cyanobacteria; paralytic_shellfish_toxins; pyrodinium; alexandrium; toxicity; toxin_production; paralytic_shellfish_poisoning; sxta; biosynthesis,DINO_TAXON; TOXIN; DETECTION_METHOD; CYANO_TAXON; TOXIN; DINO_TAXON; DINO_TAXON; BIOLOGICAL_PROCESS; BIOLOGICAL_PROCESS; TOXIN; SXT_GENE; BIOLOGICAL_PROCESS,dino_pre2016,unvalidated_candidate,0.2674080951633095,0.4562332750087352,0.2441197977552347,0.028892539076433167,0.11498344254795378,0.6224256552388376,1,0.1987402122678008,0.0914634146341463,0.282051282051282,0.2543727646152268,0.5645161290322582,alexandrium_tamiyavanichii||lyngbya,0
neosaxitoxin,TOXIN,phosphorus_limitation,ENV_FACTOR,environment_toxin_association,64.4513863516835,11.0,6,4,1.4362194916312243,0.1578947368421052,288,36,8,alexandrium; dinoflagellate; toxin_production; paralytic_shellfish_poisoning; nutrient; alexandrium_minutum,DINO_TAXON; DINO_TAXON; BIOLOGICAL_PROCESS; TOXIN; ENV_FACTOR; DINO_TAXON,dino_pre2016,unvalidated_candidate,0.4777596690017449,0.5120927129609228,0.202905450877862,0.055591991286475156,0.1145173751230299,0.6477888934121167,1,0.1102553146309329,0.0609756097560975,0.1282051282051282,0.1166359091021646,0.2003395585738539,neosaxitoxin||phosphorus_limitation,0
alexandrium_leei,DINO_TAXON,sxti,SXT_GENE,taxon_gene_association,50.75788519354743,5.0,5,4,1.2122759301070465,0.3333333333333333,84,6,14,saxitoxin; dinoflagellate; alexandrium; sxta; phylogeny,TOXIN; DINO_TAXON; DINO_TAXON; SXT_GENE; BIOLOGICAL_PROCESS,dino_pre2016,unvalidated_candidate,0.816211827347265,0.5180959257886886,0.2479673450375932,0.02393705171164884,0.1135491690420266,0.6034817870328757,1,0.0820918039880929,0.024390243902439,0.1025641025641025,0.095002003466935,0.4946236559139786,alexandrium_leei||sxti,0
sxtg,SXT_GENE,gene_loss,BIOLOGICAL_PROCESS,gene_process_association,54.75524104738406,6.0,6,4,1.5442871903586974,0.1666666666666666,216,36,6,saxitoxin; cyanobacteria; evolution; nitrogen; horizontal_gene_transfer; biosynthesis,TOXIN; CYANO_TAXON; BIOLOGICAL_PROCESS; ENV_FACTOR; BIOLOGICAL_PROCESS; BIOLOGICAL_PROCESS,dino_pre2016,unvalidated_candidate,0.5186118132579682,0.5490252881631144,0.2003849360733964,0.05499604129385414,0.11315159920567106,0.7595047626156175,1,0.0903131911141937,0.0304878048780487,0.1282051282051282,0.1270757109012183,0.2150537634408602,gene_loss||sxtg,1
pyrodinium_bahamense,DINO_TAXON,planktothrix,CYANO_TAXON,cross_taxa_association,76.80331873967776,10.0,10,4,2.381251206573572,0.2040816326530612,630,45,14,saxitoxin; cyanobacterial; cyanobacteria; paralytic_shellfish_toxins; pyrodinium; alexandrium; toxicity; gymnodinium; paralytic_shellfish_poisoning; dinoflagellates,TOXIN; CYANO_TAXON; CYANO_TAXON; TOXIN; DINO_TAXON; DINO_TAXON; BIOLOGICAL_PROCESS; DINO_TAXON; TOXIN; DINO_TAXON,dino_pre2016,unvalidated_candidate,0.469635372932062,0.4451992153613403,0.2219278037225178,0.038826079126203075,0.11206676896472896,0.614893134092412,1,0.1356596122792538,0.0548780487804878,0.2307692307692307,0.2079300137605597,0.2778143515470705,planktothrix||pyrodinium_bahamense,0
anabaena,CYANO_TAXON,alexandrium_leei,DINO_TAXON,cross_taxa_association,54.55887252285371,6.0,6,4,1.4461029280935231,0.1666666666666666,216,36,6,saxitoxin; paralytic_shellfish_toxins; alexandrium; dinoflagellate; sxta; phylogeny,TOXIN; TOXIN; DINO_TAXON; DINO_TAXON; SXT_GENE; BIOLOGICAL_PROCESS,dino_pre2016,unvalidated_candidate,0.5465241690584259,0.5019229814383743,0.1997202034347384,0.05330594234348626,0.11187164677998712,0.5848697034474657,1,0.0899093187249003,0.0304878048780487,0.1282051282051282,0.1175906913264086,0.2150537634408602,alexandrium_leei||anabaena,0
alexandrium_ostenfeldii,DINO_TAXON,sxtb,SXT_GENE,taxon_gene_association,80.78992021313684,11.0,9,5,2.2107495802526342,0.2368421052631578,510,30,17,dinoflagellate; dinoflagellates; saxitoxin; cyanobacterial; paralytic_shellfish_toxins; climate; toxin_production; bloom; paralytic_shellfish_poisoning,DINO_TAXON; DINO_TAXON; TOXIN; CYANO_TAXON; TOXIN; ENV_FACTOR; BIOLOGICAL_PROCESS; ENV_FACTOR; TOXIN,dino_pre2016,unvalidated_candidate,0.2285127414390775,0.406925204801369,0.1849227628163632,0.06283432245540214,0.11166969859978657,0.6106848464974757,1,0.143858880803054,0.0609756097560975,0.2051282051282051,0.1914588275859033,0.3327674023769099,alexandrium_ostenfeldii||sxtb,0
neosaxitoxin,TOXIN,alexandrium_leei,DINO_TAXON,taxon_toxin_association,43.75306508391874,5.0,5,3,1.2008568662836927,0.1351351351351351,216,36,6,saxitoxin; paralytic_shellfish_toxins; alexandrium; dinoflagellate; phylogeny,TOXIN; TOXIN; DINO_TAXON; DINO_TAXON; BIOLOGICAL_PROCESS,dino_pre2016,unvalidated_candidate,0.4638542564048311,0.5520651045266287,0.1768451523079754,0.06677788261650817,0.11080479049309508,0.6477888934121167,1,0.067684946061076,0.024390243902439,0.1025641025641025,0.0938988730732066,0.1621621621621621,alexandrium_leei||neosaxitoxin,0
lyngbya,CYANO_TAXON,sxti,SXT_GENE,cyano_gene_transfer_signal,77.76740454910316,9.0,9,5,2.1529330437823493,0.3461538461538461,294,21,14,saxitoxin; cyanobacterial; cyanobacteria; pyrodinium; alexandrium; paralytic_shellfish_poisoning; sxta; dinoflagellates; biosynthesis,TOXIN; CYANO_TAXON; CYANO_TAXON; DINO_TAXON; DINO_TAXON; TOXIN; SXT_GENE; DINO_TAXON; BIOLOGICAL_PROCESS,dino_pre2016,unvalidated_candidate,0.3511218441415163,0.4857711274133008,0.2157520280920529,0.038537357225988424,0.10942322557241421,0.6518231632994154,1,0.137642453675388,0.048780487804878,0.2051282051282051,0.1858735029369563,0.5161290322580645,lyngbya||sxti,0
nutrient,ENV_FACTOR,sxtu,SXT_GENE,environment_gene_regulation,108.22779803778135,16.0,14,5,3.4070024671665524,0.2413793103448276,1071,51,21,saxitoxin; cyanobacteria; cyanobacterial; paralytic_shellfish_toxins; dinoflagellate; gymnodinium; saxitoxin_biosynthesis; dinoflagellates; paralytic_shellfish_poisoning; gymnodinium_catenatum; sxta; expression; phylogenetic; biosynthesis,TOXIN; CYANO_TAXON; CYANO_TAXON; TOXIN; DINO_TAXON; DINO_TAXON; BIOLOGICAL_PROCESS; DINO_TAXON; TOXIN; DINO_TAXON; SXT_GENE; BIOLOGICAL_PROCESS; BIOLOGICAL_PROCESS; BIOLOGICAL_PROCESS,dino_pre2016,unvalidated_candidate,0.1859558735461229,0.4242850569617223,0.225735167879075,0.03146449255925846,0.10917276268718508,0.5996980328830517,1,0.2002905380693322,0.0914634146341463,0.3333333333333333,0.3070219716889442,0.3403781979977754,nutrient||sxtu,0
alexandrium_tamiyavanichii,DINO_TAXON,planktothrix,CYANO_TAXON,cross_taxa_association,66.52785580546487,8.0,8,4,1.8846175579048483,0.2758620689655172,322,23,14,saxitoxin; cyanobacteria; paralytic_shellfish_toxins; pyrodinium; alexandrium; toxicity; paralytic_shellfish_poisoning; dinoflagellates,TOXIN; CYANO_TAXON; TOXIN; DINO_TAXON; DINO_TAXON; BIOLOGICAL_PROCESS; TOXIN; DINO_TAXON,dino_pre2016,unvalidated_candidate,0.3892858224191963,0.4717108527866773,0.2010187340484518,0.04792659460406264,0.10916345038181831,0.6224256552388376,1,0.1145260025204473,0.0426829268292682,0.1794871794871795,0.1599530796729994,0.3982202447163515,alexandrium_tamiyavanichii||planktothrix,0
lyngbya,CYANO_TAXON,sxtb,SXT_GENE,cyano_gene_transfer_signal,94.34558483573096,13.0,10,6,2.3870781321511885,0.3571428571428571,357,21,17,cyanobacterial; cyanobacteria; dinoflagellates; saxitoxin; paralytic_shellfish_toxins; toxin_production; bloom; paralytic_shellfish_poisoning; sxta; biosynthesis,CYANO_TAXON; CYANO_TAXON; DINO_TAXON; TOXIN; TOXIN; BIOLOGICAL_PROCESS; ENV_FACTOR; TOXIN; SXT_GENE; BIOLOGICAL_PROCESS,dino_pre2016,unvalidated_candidate,0.3518876336213737,0.4517216338951041,0.23404156574794,0.025672476589592416,0.10902011225293144,0.6518231632994154,1,0.1717389021694205,0.073170731707317,0.2307692307692307,0.2084929196875339,0.5345622119815668,lyngbya||sxtb,0
cyanobacterial,CYANO_TAXON,alexandrium_leei,DINO_TAXON,cross_taxa_association,54.06867644442234,6.0,6,4,1.4461029280935231,0.1176470588235294,306,51,6,saxitoxin; paralytic_shellfish_toxins; alexandrium; dinoflagellate; sxta; phylogeny,TOXIN; TOXIN; DINO_TAXON; DINO_TAXON; SXT_GENE; BIOLOGICAL_PROCESS,dino_pre2016,unvalidated_candidate,0.5205527047272833,0.5527735948285945,0.1964453568922053,0.05066538385959544,0.10897737307263938,0.6766597160612093,1,0.0889011293427584,0.0304878048780487,0.1282051282051282,0.1175906913264086,0.1328273244781784,alexandrium_leei||cyanobacterial,0
sxt_genes,SXT_GENE,secondary_metabolism,BIOLOGICAL_PROCESS,gene_process_association,65.87706094382852,8.0,8,4,1.938530471914257,0.2,540,30,18,saxitoxin; pyrodinium; dinoflagellate; toxicity; bloom; light; pyrodinium_bahamense; dinoflagellates,TOXIN; DINO_TAXON; DINO_TAXON; BIOLOGICAL_PROCESS; ENV_FACTOR; ENV_FACTOR; DINO_TAXON; DINO_TAXON,dino_pre2016,unvalidated_candidate,0.247585498524519,0.4537136560445507,0.1711328677798039,0.06727655261523723,0.10881907868106389,0.6437593584788391,1,0.1131875086027606,0.0426829268292682,0.1794871794871795,0.1651612977001736,0.270967741935484,secondary_metabolism||sxt_genes,0
alexandrium_ostenfeldii,DINO_TAXON,sxtu,SXT_GENE,taxon_gene_association,84.35654424943266,11.0,10,5,2.458759929594381,0.2439024390243902,630,30,21,saxitoxin; cyanobacterial; paralytic_shellfish_toxins; dinoflagellate; mass_spectrometry; gymnodinium; dinoflagellates; paralytic_shellfish_poisoning; lc_ms; phylogenetic,TOXIN; CYANO_TAXON; TOXIN; DINO_TAXON; DETECTION_METHOD; DINO_TAXON; DINO_TAXON; TOXIN; DETECTION_METHOD; BIOLOGICAL_PROCESS,dino_pre2016,unvalidated_candidate,0.2836959167712138,0.4196632106268277,0.2014797749632276,0.04608325735145285,0.10824186439616276,0.5954795286081612,1,0.1511943790693643,0.0609756097560975,0.2307692307692307,0.2154176878348969,0.3446105428796224,alexandrium_ostenfeldii||sxtu,0
transcription,BIOLOGICAL_PROCESS,sxti,SXT_GENE,gene_process_association,67.00013414035304,8.0,8,4,1.900067070176523,0.32,266,19,14,saxitoxin; dinoflagellate; alexandrium; saxitoxin_biosynthesis; paralytic_shellfish_poisoning; sxta; dinoflagellates; biosynthesis,TOXIN; DINO_TAXON; DINO_TAXON; BIOLOGICAL_PROCESS; TOXIN; SXT_GENE; DINO_TAXON; BIOLOGICAL_PROCESS,dino_pre2016,unvalidated_candidate,0.2150101425871081,0.4622540963627726,0.1779735656671291,0.06120049165737444,0.10790972126127629,0.6248461022794276,1,0.1154973403658531,0.0426829268292682,0.1794871794871795,0.161445568621201,0.4722580645161292,sxti||transcription,0
temperature,ENV_FACTOR,sxtu,SXT_GENE,environment_gene_regulation,78.60751985237897,11.0,10,4,2.3946690170985776,0.1818181818181818,924,44,21,saxitoxin; paralytic_shellfish_toxins; dinoflagellate; gymnodinium; saxitoxin_biosynthesis; paralytic_shellfish_poisoning; gymnodinium_catenatum; sxta; dinoflagellates; biosynthesis,TOXIN; TOXIN; DINO_TAXON; DINO_TAXON; BIOLOGICAL_PROCESS; TOXIN; DINO_TAXON; SXT_GENE; DINO_TAXON; BIOLOGICAL_PROCESS,dino_pre2016,unvalidated_candidate,0.1718648157291763,0.4373590652314759,0.177129209310647,0.06072702596379855,0.10728789930253793,0.6404687833629065,1,0.1393703241456046,0.0609756097560975,0.2307692307692307,0.2092262316323918,0.2404692082111437,sxtu||temperature,0
polyketide_synthase,BIOLOGICAL_PROCESS,sxti,SXT_GENE,gene_process_association,61.82261477888084,7.0,7,4,1.6613073894404211,0.35,182,13,14,saxitoxin; dinoflagellate; alexandrium; sxta; phylogenetic; dinoflagellates; biosynthesis,TOXIN; DINO_TAXON; DINO_TAXON; SXT_GENE; BIOLOGICAL_PROCESS; DINO_TAXON; BIOLOGICAL_PROCESS,dino_pre2016,unvalidated_candidate,0.5887234927378918,0.5539279219655941,0.2369213908281168,0.020810408019150753,0.10725480114273718,0.6826142421985011,1,0.1048487034718697,0.0365853658536585,0.1538461538461538,0.1383803625157568,0.5225806451612904,polyketide_synthase||sxti,0
sxtg,SXT_GENE,phosphorus_limitation,ENV_FACTOR,environment_gene_regulation,72.34674422759426,13.0,7,4,1.7274261678511866,0.1891891891891892,288,36,8,alexandrium; dinoflagellate; toxin_production; paralytic_shellfish_poisoning; alexandrium_minutum; nutrient; phosphorus,DINO_TAXON; DINO_TAXON; BIOLOGICAL_PROCESS; TOXIN; DINO_TAXON; ENV_FACTOR; ENV_FACTOR,dino_pre2016,unvalidated_candidate,0.3299977209148064,0.4428775188692597,0.1884129649041508,0.051116978608971866,0.10603537312704345,0.6471348014077238,1,0.1264937472274881,0.073170731707317,0.1538461538461538,0.1447677192368864,0.2528334786399304,phosphorus_limitation||sxtg,0
salinity,ENV_FACTOR,sxtu,SXT_GENE,environment_gene_regulation,89.64039583796539,12.0,11,5,2.6743645856493554,0.2291666666666666,798,38,21,saxitoxin; cyanobacteria; paralytic_shellfish_toxins; dinoflagellate; mass_spectrometry; gymnodinium; paralytic_shellfish_poisoning; lc_ms; gymnodinium_catenatum; dinoflagellates; biosynthesis,TOXIN; CYANO_TAXON; TOXIN; DINO_TAXON; DETECTION_METHOD; DINO_TAXON; TOXIN; DETECTION_METHOD; DINO_TAXON; DINO_TAXON; BIOLOGICAL_PROCESS,dino_pre2016,unvalidated_candidate,0.2634346715679687,0.4221175273707841,0.2063193482811629,0.038495654829678316,0.10562513221027216,0.5954795286081612,1,0.1620617101288437,0.0670731707317073,0.2564102564102564,0.2362460195442946,0.3198924731182795,salinity||sxtu,0
resting_cyst,BIOLOGICAL_PROCESS,sxtu,SXT_GENE,gene_process_association,57.63666069096342,8.0,7,3,1.6516636788150418,0.2333333333333333,336,16,21,saxitoxin; paralytic_shellfish_toxins; dinoflagellate; gymnodinium; paralytic_shellfish_poisoning; gymnodinium_catenatum; biosynthesis,TOXIN; TOXIN; DINO_TAXON; DINO_TAXON; TOXIN; DINO_TAXON; BIOLOGICAL_PROCESS,dino_pre2016,unvalidated_candidate,0.222525256086135,0.4742150061786994,0.1624416823018085,0.0676045472320219,0.10553940125993655,0.6428251992374653,1,0.0962394251621033,0.0426829268292682,0.1538461538461538,0.1374487388324369,0.3268817204301076,resting_cyst||sxtu,0
sxtu,SXT_GENE,scytonema,CYANO_TAXON,cyano_gene_transfer_signal,60.83098937804503,6.0,6,5,1.4869232604510874,0.2857142857142857,126,21,6,saxitoxin; cyanobacteria; cyanobacterium; sxta; phylogenetic; dinoflagellates,TOXIN; CYANO_TAXON; CYANO_TAXON; SXT_GENE; BIOLOGICAL_PROCESS; DINO_TAXON,dino_pre2016,unvalidated_candidate,0.5803255270572752,0.5429444403879453,0.2233921579209273,0.026514103865038652,0.10526532548739412,0.7028995719612151,1,0.1028092212234926,0.0304878048780487,0.1282051282051282,0.1215341099815902,0.4147465437788019,scytonema||sxtu,0
alexandrium_tamiyavanichii,DINO_TAXON,sxtb,SXT_GENE,taxon_gene_association,81.1514158330994,11.0,9,5,2.1240950133238963,0.2903225806451613,391,23,17,dinoflagellate; dinoflagellates; saxitoxin; cyanobacteria; paralytic_shellfish_toxins; toxin_production; paralytic_shellfish_poisoning; sxta; biosynthesis,DINO_TAXON; DINO_TAXON; TOXIN; CYANO_TAXON; TOXIN; BIOLOGICAL_PROCESS; TOXIN; SXT_GENE; BIOLOGICAL_PROCESS,dino_pre2016,unvalidated_candidate,0.2208837648336133,0.4645080968511268,0.194282386372763,0.04570263747571398,0.1051345370345336,0.6224256552388376,1,0.1446023711363576,0.0609756097560975,0.2051282051282051,0.1830876258820507,0.4224765868886578,alexandrium_tamiyavanichii||sxtb,0
nitrogen_limitation,ENV_FACTOR,sxti,SXT_GENE,environment_gene_regulation,55.20086569767649,6.0,6,4,1.400432848838245,0.24,238,17,14,cyanobacteria; dinoflagellate; alexandrium; paralytic_shellfish_poisoning; dinoflagellates; biosynthesis,CYANO_TAXON; DINO_TAXON; DINO_TAXON; TOXIN; DINO_TAXON; BIOLOGICAL_PROCESS,dino_pre2016,unvalidated_candidate,0.261627988457582,0.468248943051042,0.1602310471417036,0.06792451591690928,0.104847128406827,0.6248461022794276,1,0.0912297101575186,0.0304878048780487,0.1282051282051282,0.1131787663831881,0.3380645161290323,nitrogen_limitation||sxti,0
gonyautoxin,TOXIN,bloom_dynamics,BIOLOGICAL_PROCESS,process_toxin_association,37.6406375964206,4.0,4,3,0.9281619354652012,0.0784313725490196,204,51,4,alexandrium; paralytic_shellfish_poisoning; bloom; dinoflagellates,DINO_TAXON; TOXIN; ENV_FACTOR; DINO_TAXON,dino_pre2016,unvalidated_candidate,0.6631453401003983,0.7109860756275699,0.2084094325611288,0.03547829577787781,0.10465075049117821,0.7972252983951106,1,0.0551134776973801,0.0182926829268292,0.0769230769230769,0.0675553767012611,0.0670461733080329,bloom_dynamics||gonyautoxin,0
phosphorus,ENV_FACTOR,sxtd,SXT_GENE,environment_gene_regulation,65.22529754691311,7.0,7,5,1.6667028275106075,0.1891891891891892,403,31,13,saxitoxin; cyanobacteria; paralytic_shellfish_toxins; paralytic_shellfish_poisoning; sxta; expression; dinoflagellates,TOXIN; CYANO_TAXON; TOXIN; TOXIN; SXT_GENE; BIOLOGICAL_PROCESS; DINO_TAXON,dino_pre2016,unvalidated_candidate,0.1771937216289033,0.3990043035142846,0.1486616167177641,0.07440705556650633,0.10410888002700944,0.4849438654863892,1,0.1118470226924254,0.0365853658536585,0.1538461538461538,0.1389015849044546,0.2528334786399304,phosphorus||sxtd,0
alexandrium_tamiyavanichii,DINO_TAXON,sxtu,SXT_GENE,taxon_gene_association,78.86421924729481,10.0,9,5,2.14639533793312,0.2571428571428571,483,23,21,saxitoxin; cyanobacteria; paralytic_shellfish_toxins; dinoflagellate; saxitoxin_biosynthesis; paralytic_shellfish_poisoning; sxta; dinoflagellates; biosynthesis,TOXIN; CYANO_TAXON; TOXIN; DINO_TAXON; BIOLOGICAL_PROCESS; TOXIN; SXT_GENE; DINO_TAXON; BIOLOGICAL_PROCESS,dino_pre2016,unvalidated_candidate,0.374551992626022,0.4591969468013375,0.2111527457207222,0.03242763661818257,0.10391768025919842,0.6224256552388376,1,0.1398982794184917,0.0548780487804878,0.2051282051282051,0.1852419325964183,0.3668202764976959,alexandrium_tamiyavanichii||sxtu,0
polyketide_synthase,BIOLOGICAL_PROCESS,sxtu,SXT_GENE,gene_process_association,74.96080021036664,10.0,9,4,2.1804001051833275,0.36,273,13,21,saxitoxin; dinoflagellate; gymnodinium; gymnodinium_catenatum; sxta; expression; phylogenetic; dinoflagellates; biosynthesis,TOXIN; DINO_TAXON; DINO_TAXON; DINO_TAXON; SXT_GENE; BIOLOGICAL_PROCESS; BIOLOGICAL_PROCESS; DINO_TAXON; BIOLOGICAL_PROCESS,dino_pre2016,unvalidated_candidate,0.3442171631259101,0.4987669725036798,0.2163763866388026,0.028144171479472464,0.10343705754320452,0.6826142421985011,1,0.1318700927392455,0.0548780487804878,0.2051282051282051,0.1885269385185891,0.5393548387096775,polyketide_synthase||sxtu,0
resting_cyst,BIOLOGICAL_PROCESS,sxti,SXT_GENE,gene_process_association,50.37223409033722,6.0,6,3,1.436117045168611,0.25,224,16,14,saxitoxin; dinoflagellate; alexandrium; paralytic_shellfish_poisoning; phylogeny; biosynthesis,TOXIN; DINO_TAXON; DINO_TAXON; TOXIN; BIOLOGICAL_PROCESS; BIOLOGICAL_PROCESS,dino_pre2016,unvalidated_candidate,0.3566186792012898,0.5157921187501994,0.1765968009672038,0.054052076817548665,0.10306996647741071,0.6454799849026147,1,0.0812986329192585,0.0304878048780487,0.1282051282051282,0.1166260123358109,0.3548387096774194,resting_cyst||sxti,0
sxtg,SXT_GENE,environmental_regulation,BIOLOGICAL_PROCESS,gene_process_association,37.83138625565999,4.0,4,3,0.927888249781214,0.0975609756097561,324,36,9,alexandrium; saxitoxin; toxicity; paralytic_shellfish_toxins,DINO_TAXON; TOXIN; BIOLOGICAL_PROCESS; TOXIN,dino_pre2016,unvalidated_candidate,0.1513904094521404,0.486799220564332,0.1109692356706421,0.09736226928809992,0.1028050558411168,0.5962308341161461,1,0.0555057916741021,0.0182926829268292,0.0769230769230769,0.0675289374938966,0.0991345397324942,environmental_regulation||sxtg,0
transcription,BIOLOGICAL_PROCESS,sxtu,SXT_GENE,gene_process_association,86.09907701608768,12.0,11,4,2.6529867839059063,0.3793103448275862,399,19,21,saxitoxin; paralytic_shellfish_toxins; dinoflagellate; gymnodinium; saxitoxin_biosynthesis; paralytic_shellfish_poisoning; gymnodinium_catenatum; sxta; expression; dinoflagellates; biosynthesis,TOXIN; TOXIN; DINO_TAXON; DINO_TAXON; BIOLOGICAL_PROCESS; TOXIN; DINO_TAXON; SXT_GENE; BIOLOGICAL_PROCESS; DINO_TAXON; BIOLOGICAL_PROCESS,dino_pre2016,unvalidated_candidate,0.3304750859552246,0.4211151735124623,0.2263186621361217,0.020294098405313692,0.1027039238976369,0.7328251120819943,1,0.1547782572574512,0.0670731707317073,0.2564102564102564,0.2341808324835069,0.5717463848720802,sxtu||transcription,0
sxtd,SXT_GENE,scytonema,CYANO_TAXON,cyano_gene_transfer_signal,51.02863955871609,5.0,5,4,1.2286054936437587,0.3571428571428571,78,13,6,saxitoxin; cyanobacteria; cyanobacterium; sxta; dinoflagellates,TOXIN; CYANO_TAXON; CYANO_TAXON; SXT_GENE; DINO_TAXON,dino_pre2016,unvalidated_candidate,0.6729000192337257,0.5157417594426338,0.2284269867660942,0.01847832967078206,0.10245779250890691,0.6509894679294573,1,0.0826486662074014,0.024390243902439,0.1025641025641025,0.096579509130475,0.5345622119815668,scytonema||sxtd,0
neosaxitoxin,TOXIN,bloom_dynamics,BIOLOGICAL_PROCESS,process_toxin_association,37.96743498204152,4.0,4,3,0.9281619354652012,0.1111111111111111,144,36,4,alexandrium; paralytic_shellfish_poisoning; bloom; dinoflagellates,DINO_TAXON; TOXIN; ENV_FACTOR; DINO_TAXON,dino_pre2016,unvalidated_candidate,0.6509247034379424,0.6452668518379088,0.2029805401707168,0.03375724961411932,0.10144656583675832,0.7972252983951106,1,0.0557856039521414,0.0182926829268292,0.0769230769230769,0.0675553767012611,0.1218637992831542,bloom_dynamics||neosaxitoxin,0
warming,ENV_FACTOR,sxtb,SXT_GENE,environment_gene_regulation,73.8155600582416,10.0,9,4,2.191563812904581,0.2432432432432432,493,29,17,dinoflagellate; saxitoxin; transcriptome; toxin_production; bloom; paralytic_shellfish_poisoning; nutrient; dinoflagellates; biosynthesis,DINO_TAXON; TOXIN; BIOLOGICAL_PROCESS; BIOLOGICAL_PROCESS; ENV_FACTOR; TOXIN; ENV_FACTOR; DINO_TAXON; BIOLOGICAL_PROCESS,dino_pre2016,unvalidated_candidate,0.235580854144918,0.3952237791305845,0.1791097208363235,0.0495271070344742,0.10136015255521393,0.5458644301863005,1,0.1295146700580404,0.0548780487804878,0.2051282051282051,0.1896054004209412,0.3435047951176984,sxtb||warming,0
sxt_genes,SXT_GENE,scytonema,CYANO_TAXON,cyano_gene_transfer_signal,54.01959276260595,5.0,5,5,1.203344768399754,0.1612903225806451,180,30,6,saxitoxin; cyanobacteria; dinoflagellates; sxta; phylogenetic,TOXIN; CYANO_TAXON; DINO_TAXON; SXT_GENE; BIOLOGICAL_PROCESS,dino_pre2016,unvalidated_candidate,0.5007506262019336,0.577466772014219,0.1945037668055689,0.03913322236165992,0.10128144013922352,0.6509894679294573,1,0.0888001786231972,0.024390243902439,0.1025641025641025,0.0941392150559912,0.2060353798126951,scytonema||sxt_genes,1
sxtb,SXT_GENE,alexandrium_leei,DINO_TAXON,taxon_gene_association,38.98163465045223,4.0,4,3,0.9381857462787444,0.2105263157894736,102,17,6,dinoflagellate; saxitoxin; paralytic_shellfish_toxins; sxta,DINO_TAXON; TOXIN; TOXIN; SXT_GENE,dino_pre2016,unvalidated_candidate,0.4422439236654749,0.4742525579602943,0.1636451120523854,0.059465778211887796,0.10113751174808686,0.5848697034474657,1,0.0578715148397509,0.0182926829268292,0.0769230769230769,0.0685237196880818,0.2886247877758913,alexandrium_leei||sxtb,0
gene_duplication,BIOLOGICAL_PROCESS,sxtb,SXT_GENE,gene_process_association,68.8866299723105,9.0,8,4,2.014743557583821,0.2857142857142857,323,19,17,dinoflagellate; saxitoxin; transcriptome; evolution; sxtg; sxta; dinoflagellates; biosynthesis,DINO_TAXON; TOXIN; BIOLOGICAL_PROCESS; BIOLOGICAL_PROCESS; SXT_GENE; SXT_GENE; DINO_TAXON; BIOLOGICAL_PROCESS,dino_pre2016,unvalidated_candidate,0.480888120464071,0.4928674165046589,0.2206185192991231,0.018542405584085448,0.0993728510701005,0.6816492115815384,1,0.1193773083030114,0.048780487804878,0.1794871794871795,0.1725238076661813,0.4147465437788019,gene_duplication||sxtb,0
polyketide_synthase,BIOLOGICAL_PROCESS,sxtd,SXT_GENE,gene_process_association,43.742145078362775,4.0,4,4,0.9619816300904792,0.1818181818181818,169,13,13,saxitoxin; sxta; dinoflagellates; expression,TOXIN; SXT_GENE; DINO_TAXON; BIOLOGICAL_PROCESS,dino_pre2016,unvalidated_candidate,0.4103383173923956,0.4796475890694037,0.1604178354359316,0.058669287247533175,0.09936870652289254,0.6826142421985011,1,0.067662486816421,0.0182926829268292,0.0769230769230769,0.0708225038164854,0.2404692082111437,polyketide_synthase||sxtd,0
gtx,TOXIN,bloom_dynamics,BIOLOGICAL_PROCESS,process_toxin_association,37.88196489657143,4.0,4,3,0.9281619354652012,0.1025641025641025,156,39,4,alexandrium; paralytic_shellfish_poisoning; bloom; dinoflagellates,DINO_TAXON; TOXIN; ENV_FACTOR; DINO_TAXON,dino_pre2016,unvalidated_candidate,0.619955528575439,0.6989151506030945,0.2029216225364032,0.03022425027933182,0.09930319918216036,0.7972252983951106,1,0.0556098170855115,0.0182926829268292,0.0769230769230769,0.0675553767012611,0.1075268817204301,bloom_dynamics||gtx,0
sxti,SXT_GENE,scytonema,CYANO_TAXON,cyano_gene_transfer_signal,55.74002287013284,5.0,5,5,1.203344768399754,0.3333333333333333,84,14,6,saxitoxin; cyanobacteria; dinoflagellates; sxta; phylogenetic,TOXIN; CYANO_TAXON; DINO_TAXON; SXT_GENE; BIOLOGICAL_PROCESS,dino_pre2016,unvalidated_candidate,0.6322418785900124,0.5623905250366306,0.2283876905992139,0.013142973754562878,0.0992408604924233,0.6509894679294573,1,0.0923385981321339,0.024390243902439,0.1025641025641025,0.0941392150559912,0.4946236559139786,scytonema||sxti,0
secondary_metabolism,BIOLOGICAL_PROCESS,sxti,SXT_GENE,gene_process_association,39.26714206422442,5.0,5,2,1.2076451061862832,0.1851851851851851,252,18,14,saxitoxin; pyrodinium; dinoflagellate; pyrodinium_bahamense; dinoflagellates,TOXIN; DINO_TAXON; DINO_TAXON; DINO_TAXON; DINO_TAXON,dino_pre2016,unvalidated_candidate,0.3648049706210289,0.506465881272562,0.1583964040385294,0.0595107974524918,0.09906504008690684,0.6248461022794276,1,0.0584587197476502,0.024390243902439,0.1025641025641025,0.0945546460745933,0.2461170848267621,secondary_metabolism||sxti,0
sxtg,SXT_GENE,secondary_metabolism,BIOLOGICAL_PROCESS,gene_process_association,77.1541786825452,10.0,10,4,2.440725704908964,0.2272727272727272,648,36,18,saxitoxin; pyrodinium; dinoflagellate; toxicity; toxin_production; bloom; nitrogen; nutrient; pyrodinium_bahamense; dinoflagellates,TOXIN; DINO_TAXON; DINO_TAXON; BIOLOGICAL_PROCESS; BIOLOGICAL_PROCESS; ENV_FACTOR; ENV_FACTOR; ENV_FACTOR; DINO_TAXON; DINO_TAXON,dino_pre2016,unvalidated_candidate,0.1815769982078046,0.441554293706105,0.1805521804511806,0.044265591265055484,0.09878022693950553,0.6660519471520178,1,0.1363812281480502,0.0548780487804878,0.2307692307692307,0.21367550461519,0.3167155425219941,secondary_metabolism||sxtg,0
polyketide_synthase,BIOLOGICAL_PROCESS,sxtb,SXT_GENE,gene_process_association,53.34825550818788,7.0,5,4,1.1741277540939377,0.2,221,13,17,dinoflagellate; dinoflagellates; saxitoxin; sxta; biosynthesis,DINO_TAXON; DINO_TAXON; TOXIN; SXT_GENE; BIOLOGICAL_PROCESS,dino_pre2016,unvalidated_candidate,0.2905412663720124,0.49877866014106,0.1603059338846454,0.05462695136960779,0.09689854437562284,0.6826142421985011,1,0.0874194350360464,0.0365853658536585,0.1025641025641025,0.0913167265408795,0.270967741935484,polyketide_synthase||sxtb,0
sxtb,SXT_GENE,planktothrix,CYANO_TAXON,cyano_gene_transfer_signal,50.23494755407498,6.0,6,3,1.4174737770374906,0.24,238,17,14,saxitoxin; cyanobacterial; cyanobacteria; paralytic_shellfish_toxins; paralytic_shellfish_poisoning; dinoflagellates,TOXIN; CYANO_TAXON; CYANO_TAXON; TOXIN; TOXIN; DINO_TAXON,dino_pre2016,unvalidated_candidate,0.2651669118553619,0.4716955157353397,0.1575318405550955,0.05476217696740498,0.09587004240248119,0.614893134092412,1,0.0810162748297904,0.0304878048780487,0.1282051282051282,0.1148249929149538,0.3380645161290323,planktothrix||sxtb,0
sxt_genes,SXT_GENE,phosphorus_limitation,ENV_FACTOR,environment_gene_regulation,33.23574426659746,6.0,3,2,0.6893007047273003,0.0857142857142857,240,30,8,alexandrium; dinoflagellate; paralytic_shellfish_poisoning,DINO_TAXON; DINO_TAXON; TOXIN,dino_pre2016,unvalidated_candidate,0.2651747317872411,0.4469102591819687,0.1183391049760354,0.07907483130081429,0.09478054077090273,0.5888861266780866,1,0.0460539056608057,0.0304878048780487,0.0512820512820512,0.044480360431411,0.0792626728110599,phosphorus_limitation||sxt_genes,0
phosphorus,ENV_FACTOR,sxtu,SXT_GENE,environment_gene_regulation,78.36735669245675,10.0,9,5,2.1371667183213945,0.2093023255813953,651,31,21,saxitoxin; cyanobacteria; paralytic_shellfish_toxins; dinoflagellate; paralytic_shellfish_poisoning; sxta; expression; dinoflagellates; biosynthesis,TOXIN; CYANO_TAXON; TOXIN; DINO_TAXON; TOXIN; SXT_GENE; BIOLOGICAL_PROCESS; DINO_TAXON; BIOLOGICAL_PROCESS,dino_pre2016,unvalidated_candidate,0.1369125674962029,0.4166527264541513,0.1668823131089318,0.046568007114735986,0.09469372951241431,0.5262231640140709,1,0.1388763790520616,0.0548780487804878,0.2051282051282051,0.1843504084799639,0.2865716429107277,phosphorus||sxtu,0
anabaena,CYANO_TAXON,alexandrium_affine,DINO_TAXON,cross_taxa_association,27.18344595033672,3.0,3,2,0.707107590552975,0.0769230769230769,216,36,6,alexandrium; dinoflagellate; hplc,DINO_TAXON; DINO_TAXON; DETECTION_METHOD,dino_pre2016,unvalidated_candidate,0.1325601630193108,0.5027402229461204,0.0952773221523485,0.0937743909095351,0.09437556340666046,0.6223734775294213,1,0.0336061053447867,0.0121951219512195,0.0512820512820512,0.0462005817451565,0.0645161290322581,alexandrium_affine||anabaena,0
nitrate,ENV_FACTOR,sxtu,SXT_GENE,environment_gene_regulation,62.3673671828639,9.0,8,3,1.8836835914319487,0.16,777,37,21,saxitoxin; cyanobacteria; paralytic_shellfish_toxins; dinoflagellate; gymnodinium; paralytic_shellfish_poisoning; gymnodinium_catenatum; dinoflagellates,TOXIN; CYANO_TAXON; TOXIN; DINO_TAXON; DINO_TAXON; TOXIN; DINO_TAXON; DINO_TAXON,dino_pre2016,unvalidated_candidate,0.1772846929317149,0.4111390510237437,0.151668516631404,0.05598682266781112,0.09425950025324827,0.5583795746362139,1,0.1059690991946374,0.048780487804878,0.1794871794871795,0.1598628545180378,0.2038709677419355,nitrate||sxtu,0
gene_duplication,BIOLOGICAL_PROCESS,sxtu,SXT_GENE,gene_process_association,78.30061899051384,10.0,10,4,2.4836428285902588,0.3333333333333333,399,19,21,saxitoxin; dinoflagellate; sxt_genes; gymnodinium; saxitoxin_biosynthesis; gymnodinium_catenatum; sxta; expression; dinoflagellates; biosynthesis,TOXIN; DINO_TAXON; SXT_GENE; DINO_TAXON; BIOLOGICAL_PROCESS; DINO_TAXON; SXT_GENE; BIOLOGICAL_PROCESS; DINO_TAXON; BIOLOGICAL_PROCESS,dino_pre2016,unvalidated_candidate,0.2707850699947649,0.4318122104432436,0.2026798504298058,0.02117603959479317,0.09377756392879821,0.5935232632442964,1,0.1387391191973873,0.0548780487804878,0.2307692307692307,0.217821482278211,0.4946236559139786,gene_duplication||sxtu,0
cyanobacterium,CYANO_TAXON,alexandrium_affine,DINO_TAXON,cross_taxa_association,27.22502599191676,3.0,3,2,0.707107590552975,0.081081081081081,204,34,6,alexandrium; dinoflagellate; hplc,DINO_TAXON; DINO_TAXON; DETECTION_METHOD,dino_pre2016,unvalidated_candidate,0.1587811412652149,0.5309663919241925,0.1024117528969392,0.08768458182058335,0.09357545025112568,0.6223734775294213,1,0.033691623279904,0.0121951219512195,0.0512820512820512,0.0462005817451565,0.071490845684394,alexandrium_affine||cyanobacterium,0
aphanizomenon,CYANO_TAXON,alexandrium_affine,DINO_TAXON,cross_taxa_association,27.44869793972664,3.0,3,2,0.707107590552975,0.1034482758620689,156,26,6,alexandrium; dinoflagellate; hplc,DINO_TAXON; DINO_TAXON; DETECTION_METHOD,dino_pre2016,unvalidated_candidate,0.1539573081165583,0.5165938089943691,0.1022878875331777,0.08519230159926111,0.09203053597282776,0.6223734775294213,1,0.0341516507929484,0.0121951219512195,0.0512820512820512,0.0462005817451565,0.1090100111234705,alexandrium_affine||aphanizomenon,0
temperature,ENV_FACTOR,sxtd,SXT_GENE,environment_gene_regulation,43.29558230632647,5.0,5,3,1.1670219223940037,0.0961538461538461,572,44,13,saxitoxin; paralytic_shellfish_toxins; paralytic_shellfish_poisoning; sxta; dinoflagellates,TOXIN; TOXIN; TOXIN; SXT_GENE; DINO_TAXON,dino_pre2016,unvalidated_candidate,0.1480094061603374,0.4315611260615831,0.1138193107889868,0.07732022677338932,0.09191986037962832,0.630036907412868,1,0.0667440383321582,0.024390243902439,0.1025641025641025,0.0906302728138337,0.0967741935483871,sxtd||temperature,0
nutrients,ENV_FACTOR,sxtd,SXT_GENE,environment_gene_regulation,43.49655089114664,5.0,5,3,1.180093627391502,0.1136363636363636,468,36,13,saxitoxin; paralytic_shellfish_toxins; paralytic_shellfish_poisoning; expression; dinoflagellates,TOXIN; TOXIN; TOXIN; BIOLOGICAL_PROCESS; DINO_TAXON,dino_pre2016,unvalidated_candidate,0.1359818042359814,0.4344797873025893,0.113917978961117,0.07724310318342723,0.09191305349450313,0.5479817241792773,1,0.0671573716946121,0.024390243902439,0.1025641025641025,0.0918930554117469,0.1260997067448681,nutrients||sxtd,0
nutrients,ENV_FACTOR,sxtu,SXT_GENE,environment_gene_regulation,68.19291197347466,10.0,9,3,2.158955986737332,0.1875,756,36,21,saxitoxin; paralytic_shellfish_toxins; dinoflagellate; gymnodinium; dinoflagellates; paralytic_shellfish_poisoning; gymnodinium_catenatum; expression; phylogenetic,TOXIN; TOXIN; DINO_TAXON; DINO_TAXON; DINO_TAXON; TOXIN; DINO_TAXON; BIOLOGICAL_PROCESS; BIOLOGICAL_PROCESS,dino_pre2016,unvalidated_candidate,0.1395329709027557,0.4201963404389134,0.1584771071385593,0.046564140004097004,0.09132932685788192,0.5479817241792773,1,0.1179505340969323,0.0548780487804878,0.2051282051282051,0.1864553449807625,0.2500000000000001,nutrients||sxtu,0
phosphate,ENV_FACTOR,sxtu,SXT_GENE,environment_gene_regulation,68.44170305343464,10.0,9,3,2.149422955288747,0.2142857142857142,630,30,21,saxitoxin; paralytic_shellfish_toxins; dinoflagellate; gymnodinium; saxitoxin_biosynthesis; paralytic_shellfish_poisoning; gymnodinium_catenatum; dinoflagellates; biosynthesis,TOXIN; TOXIN; DINO_TAXON; DINO_TAXON; BIOLOGICAL_PROCESS; TOXIN; DINO_TAXON; DINO_TAXON; BIOLOGICAL_PROCESS,dino_pre2016,unvalidated_candidate,0.2095646157283094,0.4229958202495125,0.1716874371892378,0.03675606458286419,0.09072861362541362,0.5181364113518471,1,0.1184622242883143,0.0548780487804878,0.2051282051282051,0.1855344133791898,0.2949308755760368,phosphate||sxtu,1
nitrogen,ENV_FACTOR,sxtd,SXT_GENE,environment_gene_regulation,70.38204412060536,8.0,8,5,1.9502813195619408,0.1481481481481481,637,49,13,saxitoxin; cyanobacteria; paralytic_shellfish_toxins; cyanobacterium; paralytic_shellfish_poisoning; sxta; expression; dinoflagellates,TOXIN; CYANO_TAXON; TOXIN; CYANO_TAXON; TOXIN; SXT_GENE; BIOLOGICAL_PROCESS; DINO_TAXON,dino_pre2016,unvalidated_candidate,0.1131946099854409,0.422203248364291,0.1467172283476556,0.052572466339183145,0.09023037114257212,0.649522146967955,1,0.1224529360620912,0.0426829268292682,0.1794871794871795,0.1662964798300537,0.1839904420549582,nitrogen||sxtd,0
cylindrospermopsis,CYANO_TAXON,alexandrium_affine,DINO_TAXON,cross_taxa_association,27.38195711658982,3.0,3,2,0.707107590552975,0.0967741935483871,168,28,6,alexandrium; dinoflagellate; hplc,DINO_TAXON; DINO_TAXON; DETECTION_METHOD,dino_pre2016,unvalidated_candidate,0.1153888870841579,0.4847308648147021,0.0927085250219944,0.08848388361642104,0.09017374017865039,0.6223734775294213,1,0.0340143845188948,0.0121951219512195,0.0512820512820512,0.0462005817451565,0.0978147762747139,alexandrium_affine||cylindrospermopsis,0
cyanobacterium,CYANO_TAXON,protoceratium_reticulatum,DINO_TAXON,cross_taxa_association,37.99656180801211,4.0,4,3,0.9427253484504968,0.1111111111111111,204,34,6,alexandrium; toxicity; paralytic_shellfish_poisoning; alexandrium_minutum,DINO_TAXON; BIOLOGICAL_PROCESS; TOXIN; DINO_TAXON,dino_pre2016,unvalidated_candidate,0.246227974717577,0.4426478416627419,0.1220350967098141,0.06825738113574101,0.08976846736537025,0.586568889032291,1,0.0558455092797666,0.0182926829268292,0.0769230769230769,0.068962264669401,0.1218637992831542,cyanobacterium||protoceratium_reticulatum,0
climate,ENV_FACTOR,sxtu,SXT_GENE,environment_gene_regulation,78.83779603074478,10.0,9,5,2.1331837296581084,0.2571428571428571,483,23,21,saxitoxin; cyanobacterial; cyanobacteria; paralytic_shellfish_toxins; dinoflagellate; paralytic_shellfish_poisoning; sxta; dinoflagellates; biosynthesis,TOXIN; CYANO_TAXON; CYANO_TAXON; TOXIN; DINO_TAXON; TOXIN; SXT_GENE; DINO_TAXON; BIOLOGICAL_PROCESS,dino_pre2016,unvalidated_candidate,0.0862953874187821,0.4378670319165577,0.1657622427722117,0.03855945687629982,0.08944057123466458,0.5043364375086963,1,0.1398439346215014,0.0548780487804878,0.2051282051282051,0.1839656347436651,0.3668202764976959,climate||sxtu,0
transcription,BIOLOGICAL_PROCESS,sxtd,SXT_GENE,gene_process_association,55.15837168609497,6.0,6,4,1.4253396892013324,0.2307692307692307,247,19,13,saxitoxin; paralytic_shellfish_toxins; paralytic_shellfish_poisoning; sxta; expression; dinoflagellates,TOXIN; TOXIN; TOXIN; SXT_GENE; BIOLOGICAL_PROCESS; DINO_TAXON,dino_pre2016,unvalidated_candidate,0.3616561805429792,0.438708992517172,0.1714764981566843,0.03390037876199072,0.08893082651986817,0.7328251120819943,1,0.0911423124545051,0.0304878048780487,0.1282051282051282,0.1155848736649489,0.3225806451612903,sxtd||transcription,0
irradiance,ENV_FACTOR,sxti,SXT_GENE,environment_gene_regulation,38.9621036790679,5.0,5,2,1.14771850620062,0.1666666666666666,294,21,14,saxitoxin; dinoflagellate; alexandrium; paralytic_shellfish_poisoning; dinoflagellates,TOXIN; DINO_TAXON; DINO_TAXON; TOXIN; DINO_TAXON,dino_pre2016,unvalidated_candidate,0.23038233832285,0.4986830964052875,0.1356819836045828,0.05721653506973055,0.08860271448367145,0.6248461022794276,1,0.0578313453670868,0.024390243902439,0.1025641025641025,0.0887654802673414,0.2150537634408602,irradiance||sxti,0
transcription,BIOLOGICAL_PROCESS,sxtb,SXT_GENE,gene_process_association,81.62250996407505,11.0,9,5,2.144588315370864,0.3333333333333333,323,19,17,dinoflagellate; dinoflagellates; saxitoxin; paralytic_shellfish_toxins; evolution; bloom; paralytic_shellfish_poisoning; sxta; biosynthesis,DINO_TAXON; DINO_TAXON; TOXIN; TOXIN; BIOLOGICAL_PROCESS; ENV_FACTOR; TOXIN; SXT_GENE; BIOLOGICAL_PROCESS,dino_pre2016,unvalidated_candidate,0.128448892609496,0.4189747256178712,0.1798102876670849,0.02608349498292878,0.08757421205659123,0.5288053642332682,1,0.1455712734220691,0.0609756097560975,0.2051282051282051,0.1850673664900007,0.4946236559139786,sxtb||transcription,0
nutrient,ENV_FACTOR,sxtd,SXT_GENE,environment_gene_regulation,64.56147583045981,7.0,7,5,1.6667028275106075,0.1228070175438596,663,51,13,saxitoxin; cyanobacteria; paralytic_shellfish_toxins; paralytic_shellfish_poisoning; sxta; expression; dinoflagellates,TOXIN; CYANO_TAXON; TOXIN; TOXIN; SXT_GENE; BIOLOGICAL_PROCESS; DINO_TAXON,dino_pre2016,unvalidated_candidate,0.1232413441110673,0.4357460949248383,0.1381975520380384,0.05230921812917111,0.08666455169271803,0.5996980328830517,1,0.110481736359852,0.0365853658536585,0.1538461538461538,0.1389015849044546,0.1414827391058291,nutrient||sxtd,0
sxtb,SXT_GENE,bloom_dynamics,BIOLOGICAL_PROCESS,gene_process_association,33.06526680051876,3.0,3,3,0.6993000669260464,0.1666666666666666,68,17,4,paralytic_shellfish_poisoning; bloom; dinoflagellates,TOXIN; ENV_FACTOR; DINO_TAXON,dino_pre2016,unvalidated_candidate,0.3684832601002181,0.5780319606636368,0.1499558545874397,0.04397019399773012,0.08636445823361397,0.7972252983951106,1,0.0457032835755679,0.0121951219512195,0.0512820512820512,0.0454463415774991,0.2150537634408602,bloom_dynamics||sxtb,0
irradiance,ENV_FACTOR,sxtb,SXT_GENE,environment_gene_regulation,70.45030784936434,10.0,8,4,1.891820591348833,0.2666666666666666,357,21,17,dinoflagellate; dinoflagellates; saxitoxin; paralytic_shellfish_toxins; toxin_production; bloom; paralytic_shellfish_poisoning; nutrient,DINO_TAXON; DINO_TAXON; TOXIN; TOXIN; BIOLOGICAL_PROCESS; ENV_FACTOR; TOXIN; ENV_FACTOR,dino_pre2016,unvalidated_candidate,0.1648379831971441,0.414788938347941,0.1661507300168041,0.03124675762137311,0.08520834657954551,0.5228816601343821,1,0.1225933345057925,0.0548780487804878,0.1794871794871795,0.1606489235041593,0.3827956989247312,irradiance||sxtb,0
resting_cyst,BIOLOGICAL_PROCESS,sxtb,SXT_GENE,gene_process_association,57.02538817639688,7.0,6,4,1.4015829770873278,0.2222222222222222,272,16,17,dinoflagellate; saxitoxin; paralytic_shellfish_toxins; bloom; paralytic_shellfish_poisoning; biosynthesis,DINO_TAXON; TOXIN; TOXIN; ENV_FACTOR; TOXIN; BIOLOGICAL_PROCESS,dino_pre2016,unvalidated_candidate,0.2934308050086424,0.4550994514306634,0.1647283706629583,0.03076393977557922,0.08434971213053086,0.6213914089370618,1,0.0949822171061898,0.0365853658536585,0.1282051282051282,0.1132898736900458,0.3082437275985664,resting_cyst||sxtb,0
sxti,SXT_GENE,environmental_stress,ENV_FACTOR,environment_gene_regulation,33.501677898958604,4.0,4,2,0.9175056161459688,0.1666666666666666,196,14,14,dinoflagellate; saxitoxin; paralytic_shellfish_poisoning; alexandrium,DINO_TAXON; TOXIN; TOXIN; DINO_TAXON,dino_pre2016,unvalidated_candidate,0.322801712438631,0.5005590689694814,0.1407361486255488,0.044676916687318796,0.0831006094626108,0.6097475356681082,1,0.0466008530483876,0.0182926829268292,0.0769230769230769,0.0665259306881581,0.2150537634408602,environmental_stress||sxti,0
sxtb,SXT_GENE,scytonema,CYANO_TAXON,cyano_gene_transfer_signal,43.99531716107959,4.0,4,4,0.9450270015924254,0.2105263157894736,102,17,6,saxitoxin; cyanobacteria; dinoflagellates; sxta,TOXIN; CYANO_TAXON; DINO_TAXON; SXT_GENE,dino_pre2016,unvalidated_candidate,0.3529448165521073,0.5252506980975747,0.1589591454105768,0.032438000855287,0.08304645867740292,0.6509894679294573,1,0.0681831874439466,0.0182926829268292,0.0769230769230769,0.069184614204876,0.2886247877758913,scytonema||sxtb,0
alexandrium_leei,DINO_TAXON,planktothrix,CYANO_TAXON,cross_taxa_association,28.146493438241546,3.0,3,2,0.6908937779443002,0.1764705882352941,84,6,14,alexandrium; saxitoxin; paralytic_shellfish_toxins,DINO_TAXON; TOXIN; TOXIN,dino_pre2016,unvalidated_candidate,0.3764274914651946,0.4783152770461141,0.1384573199950755,0.04491693431127352,0.08233308858479431,0.5848697034474657,1,0.035586811218467,0.0121951219512195,0.0512820512820512,0.0446342581162206,0.2314990512333966,alexandrium_leei||planktothrix,0
sxti,SXT_GENE,gene_loss,BIOLOGICAL_PROCESS,gene_process_association,33.182954213302864,3.0,3,3,0.7091241654749623,0.1764705882352941,84,14,6,saxitoxin; cyanobacteria; biosynthesis,TOXIN; CYANO_TAXON; BIOLOGICAL_PROCESS,dino_pre2016,unvalidated_candidate,0.533212434846978,0.5319008599414846,0.1709591020736515,0.02279269641460066,0.082059258678221,0.6141918101731275,1,0.0459453320235285,0.0121951219512195,0.0512820512820512,0.0463953915055788,0.2314990512333966,gene_loss||sxti,0
alexandrium_leei,DINO_TAXON,scytonema,CYANO_TAXON,cross_taxa_association,22.946901946457,2.0,2,2,0.4734509732284991,0.2,36,6,6,saxitoxin; sxta,TOXIN; SXT_GENE,dino_pre2016,unvalidated_candidate,0.5964190241713888,0.5304906433844057,0.1698384435541487,0.02279269641460066,0.08161099527041989,0.5729928805097781,1,0.0248927784341424,0.0060975609756097,0.0256410256410256,0.023628353386187,0.270967741935484,alexandrium_leei||scytonema,0
climate,ENV_FACTOR,sxtd,SXT_GENE,environment_gene_regulation,54.81677012140656,6.0,6,4,1.4083850607032786,0.2,299,23,13,saxitoxin; cyanobacteria; paralytic_shellfish_toxins; paralytic_shellfish_poisoning; sxta; dinoflagellates,TOXIN; CYANO_TAXON; TOXIN; TOXIN; SXT_GENE; DINO_TAXON,dino_pre2016,unvalidated_candidate,0.0533279963017981,0.4369070140185951,0.1222205265730637,0.053649843328759,0.08107811662648089,0.5043364375086963,1,0.0904397383508036,0.0304878048780487,0.1282051282051282,0.1139469840533394,0.270967741935484,climate||sxtd,0
cyanobacterial,CYANO_TAXON,protoceratium,DINO_TAXON,cross_taxa_association,43.43501736602987,5.0,5,3,1.236739452245703,0.0961538461538461,306,51,6,alexandrium_ostenfeldii; alexandrium; toxicity; paralytic_shellfish_poisoning; alexandrium_minutum,DINO_TAXON; DINO_TAXON; BIOLOGICAL_PROCESS; TOXIN; DINO_TAXON,dino_pre2016,unvalidated_candidate,0.114231371715252,0.4554700215819182,0.1112438671141951,0.05998450879406267,0.08048825212211563,0.7005257125825185,1,0.0670308153034084,0.024390243902439,0.1025641025641025,0.0973652843125685,0.0967741935483871,cyanobacterial||protoceratium,0
anabaena,CYANO_TAXON,protoceratium_reticulatum,DINO_TAXON,cross_taxa_association,37.938082275848366,4.0,4,3,0.9427253484504968,0.1052631578947368,216,36,6,alexandrium; toxicity; paralytic_shellfish_poisoning; alexandrium_minutum,DINO_TAXON; BIOLOGICAL_PROCESS; TOXIN; DINO_TAXON,dino_pre2016,unvalidated_candidate,0.1013975374830622,0.4607877196298702,0.1015919490971952,0.06626747116465033,0.08039726233766828,0.586568889032291,1,0.0557252340552304,0.0182926829268292,0.0769230769230769,0.068962264669401,0.1120543293718166,anabaena||protoceratium_reticulatum,0
sxtu,SXT_GENE,alexandrium_leei,DINO_TAXON,taxon_gene_association,38.6155019273401,4.0,4,3,0.9381857462787444,0.1739130434782608,126,21,6,dinoflagellate; saxitoxin; paralytic_shellfish_toxins; sxta,DINO_TAXON; TOXIN; TOXIN; SXT_GENE,dino_pre2016,unvalidated_candidate,0.2485276823052202,0.4943355506169644,0.1332616249106118,0.044676916687318796,0.080110799976636,0.5848697034474657,1,0.0571184873470023,0.0182926829268292,0.0769230769230769,0.0685237196880818,0.2272089761570827,alexandrium_leei||sxtu,0
sxti,SXT_GENE,bloom_dynamics,BIOLOGICAL_PROCESS,gene_process_association,28.377211639436364,3.0,3,2,0.6886058197181827,0.2,56,14,4,alexandrium; paralytic_shellfish_poisoning; dinoflagellates,DINO_TAXON; TOXIN; DINO_TAXON,dino_pre2016,unvalidated_candidate,0.4549272169804936,0.6222626988997776,0.166766537398309,0.021410800984073417,0.07955309554976765,0.7972252983951106,1,0.0360613308055185,0.0121951219512195,0.0512820512820512,0.044413231568173,0.270967741935484,bloom_dynamics||sxti,0
warming,ENV_FACTOR,sxtu,SXT_GENE,environment_gene_regulation,51.19709740406799,7.0,6,3,1.4167305202158127,0.1363636363636363,609,29,21,saxitoxin; dinoflagellate; paralytic_shellfish_poisoning; expression; dinoflagellates; biosynthesis,TOXIN; DINO_TAXON; TOXIN; BIOLOGICAL_PROCESS; DINO_TAXON; BIOLOGICAL_PROCESS,dino_pre2016,unvalidated_candidate,0.1847868893791892,0.3863525659724146,0.1301605731846958,0.04425850472146689,0.07861933210675845,0.4467105118483816,1,0.0829951345258868,0.0365853658536585,0.1282051282051282,0.1147531911277826,0.1642228739002932,sxtu||warming,0
sxtd,SXT_GENE,bloom_dynamics,BIOLOGICAL_PROCESS,gene_process_association,22.25282123569139,2.0,2,2,0.4597439511790279,0.1333333333333333,52,13,4,paralytic_shellfish_poisoning; dinoflagellates,TOXIN; DINO_TAXON,dino_pre2016,unvalidated_candidate,0.3444511449741741,0.5753256605554822,0.1304357334729102,0.04397019399773012,0.07855640978780215,0.7972252983951106,1,0.0234652582361379,0.0060975609756097,0.0256410256410256,0.022304196444411,0.1591397849462366,bloom_dynamics||sxtd,0
alexandrium_tamiyavanichii,DINO_TAXON,scytonema,CYANO_TAXON,cross_taxa_association,43.49005400318485,4.0,4,4,0.9450270015924254,0.16,138,23,6,saxitoxin; cyanobacteria; dinoflagellates; sxta,TOXIN; CYANO_TAXON; DINO_TAXON; SXT_GENE,dino_pre2016,unvalidated_candidate,0.2321580452176496,0.5303395261420865,0.136748609234164,0.03825567074290008,0.07765284613940565,0.6509894679294573,1,0.0671440095039536,0.0182926829268292,0.0769230769230769,0.069184614204876,0.2038709677419355,alexandrium_tamiyavanichii||scytonema,0
alexandrium_tamiyavanichii,DINO_TAXON,sxtd,SXT_GENE,taxon_gene_association,54.81677012140656,6.0,6,4,1.4083850607032786,0.2,299,23,13,saxitoxin; cyanobacteria; paralytic_shellfish_toxins; paralytic_shellfish_poisoning; sxta; dinoflagellates,TOXIN; CYANO_TAXON; TOXIN; TOXIN; SXT_GENE; DINO_TAXON,dino_pre2016,unvalidated_candidate,0.2100316709842056,0.4561565154508936,0.1476510279186546,0.029112880565063975,0.07652813950650023,0.6224256552388376,1,0.0904397383508036,0.0304878048780487,0.1282051282051282,0.1139469840533394,0.270967741935484,alexandrium_tamiyavanichii||sxtd,0
lyngbya,CYANO_TAXON,alexandrium_leei,DINO_TAXON,cross_taxa_association,38.61141011429087,4.0,4,3,0.9361398397541306,0.1739130434782608,126,21,6,alexandrium; saxitoxin; paralytic_shellfish_toxins; sxta,DINO_TAXON; TOXIN; TOXIN; SXT_GENE,dino_pre2016,unvalidated_candidate,0.3743481990689603,0.4613619757576258,0.1488343994589954,0.027761950793158283,0.07619093025949314,0.5848697034474657,1,0.0571100716891637,0.0182926829268292,0.0769230769230769,0.0683260763694226,0.2272089761570827,alexandrium_leei||lyngbya,0
sxtu,SXT_GENE,bloom_dynamics,BIOLOGICAL_PROCESS,gene_process_association,21.78905311974936,2.0,2,2,0.4597439511790279,0.0869565217391304,84,21,4,paralytic_shellfish_poisoning; dinoflagellates,TOXIN; DINO_TAXON,dino_pre2016,unvalidated_candidate,0.3455473515143187,0.5651121927271113,0.1253553074134518,0.04233267758590411,0.07554172951692319,0.7972252983951106,1,0.0225114234119898,0.0060975609756097,0.0256410256410256,0.022304196444411,0.0813464235624124,bloom_dynamics||sxtu,0
nitrate,ENV_FACTOR,sxtd,SXT_GENE,environment_gene_regulation,43.43738910889801,5.0,5,3,1.1631389988934482,0.1111111111111111,481,37,13,saxitoxin; cyanobacteria; paralytic_shellfish_toxins; paralytic_shellfish_poisoning; dinoflagellates,TOXIN; CYANO_TAXON; TOXIN; TOXIN; DINO_TAXON,dino_pre2016,unvalidated_candidate,0.1556594238868393,0.4180685550051125,0.1149741158614984,0.047866444844368215,0.0747095132512203,0.5328176152296803,1,0.0670356932820011,0.024390243902439,0.1025641025641025,0.0902551658001374,0.1218637992831542,nitrate||sxtd,0
sxtu,SXT_GENE,gene_loss,BIOLOGICAL_PROCESS,gene_process_association,32.66824833094992,3.0,3,3,0.7091241654749623,0.125,126,21,6,saxitoxin; cyanobacteria; biosynthesis,TOXIN; CYANO_TAXON; BIOLOGICAL_PROCESS,dino_pre2016,unvalidated_candidate,0.2481035815943706,0.4919185593789352,0.1195071463860275,0.0446845233895756,0.07461357258815636,0.6141918101731275,1,0.0448867331722795,0.0121951219512195,0.0512820512820512,0.0463953915055788,0.1451612903225807,gene_loss||sxtu,0
sxta,SXT_GENE,protoceratium,DINO_TAXON,taxon_gene_association,37.54118840181903,4.0,4,3,0.9427253484504968,0.0655737704918032,354,59,6,alexandrium; toxicity; paralytic_shellfish_poisoning; alexandrium_minutum,DINO_TAXON; BIOLOGICAL_PROCESS; TOXIN; DINO_TAXON,dino_pre2016,unvalidated_candidate,0.1029723870027596,0.4344603043028736,0.0955809447104832,0.05550509939655772,0.07153543752212792,0.5890781303494164,1,0.054908939908378,0.0182926829268292,0.0769230769230769,0.068962264669401,0.0454785827604441,protoceratium||sxta,0
sxtb,SXT_GENE,secondary_metabolism,BIOLOGICAL_PROCESS,gene_process_association,54.92589058171734,6.0,6,4,1.42846253223798,0.2068965517241379,306,17,18,saxitoxin; dinoflagellate; toxin_production; bloom; nutrient; dinoflagellates,TOXIN; DINO_TAXON; BIOLOGICAL_PROCESS; ENV_FACTOR; ENV_FACTOR; DINO_TAXON,dino_pre2016,unvalidated_candidate,0.2756484801442833,0.424154306878898,0.1549502989625268,0.014868885356682245,0.07090145079902006,0.5438120556976628,1,0.0906641670933015,0.0304878048780487,0.1282051282051282,0.1158865536556959,0.2825361512791992,secondary_metabolism||sxtb,0
sxta,SXT_GENE,protoceratium_reticulatum,DINO_TAXON,taxon_gene_association,37.54118840181903,4.0,4,3,0.9427253484504968,0.0655737704918032,354,59,6,alexandrium; toxicity; paralytic_shellfish_poisoning; alexandrium_minutum,DINO_TAXON; BIOLOGICAL_PROCESS; TOXIN; DINO_TAXON,dino_pre2016,unvalidated_candidate,0.1007071880209272,0.4495769398050075,0.0967528284134217,0.05270319970854948,0.07032305119049836,0.586568889032291,1,0.054908939908378,0.0182926829268292,0.0769230769230769,0.068962264669401,0.0454785827604441,protoceratium_reticulatum||sxta,0
cyanobacteria,CYANO_TAXON,protoceratium,DINO_TAXON,cross_taxa_association,37.50083531228561,4.0,4,3,0.9427253484504968,0.0615384615384615,378,63,6,alexandrium; toxicity; paralytic_shellfish_poisoning; alexandrium_minutum,DINO_TAXON; BIOLOGICAL_PROCESS; TOXIN; DINO_TAXON,dino_pre2016,unvalidated_candidate,0.0802333591898481,0.4548308338196447,0.0938396501638965,0.05270319970854948,0.06915777989068829,0.5925679619682841,1,0.0548259454533134,0.0182926829268292,0.0769230769230769,0.068962264669401,0.0387096774193548,cyanobacteria||protoceratium,0
nitrogen_limitation,ENV_FACTOR,sxtu,SXT_GENE,environment_gene_regulation,60.58549600631482,7.0,7,4,1.6637157450928957,0.2258064516129032,357,17,21,cyanobacteria; paralytic_shellfish_toxins; dinoflagellate; paralytic_shellfish_poisoning; expression; dinoflagellates; biosynthesis,CYANO_TAXON; TOXIN; DINO_TAXON; TOXIN; BIOLOGICAL_PROCESS; DINO_TAXON; BIOLOGICAL_PROCESS,dino_pre2016,unvalidated_candidate,0.1105632991793067,0.4202133455421061,0.1405191345536317,0.0191266968053869,0.06768367190468483,0.5171029676616397,1,0.1023043134495328,0.0365853658536585,0.1538461538461538,0.1386130199700149,0.3142559833506764,nitrogen_limitation||sxtu,0
cyanobacterium,CYANO_TAXON,protoceratium,DINO_TAXON,cross_taxa_association,37.99656180801211,4.0,4,3,0.9427253484504968,0.1111111111111111,204,34,6,alexandrium; toxicity; paralytic_shellfish_poisoning; alexandrium_minutum,DINO_TAXON; BIOLOGICAL_PROCESS; TOXIN; DINO_TAXON,dino_pre2016,unvalidated_candidate,0.2083200038609206,0.4275312061606079,0.1148372375311023,0.035946513149535765,0.06750280290216237,0.5890781303494164,1,0.0558455092797666,0.0182926829268292,0.0769230769230769,0.068962264669401,0.1218637992831542,cyanobacterium||protoceratium,0
irradiance,ENV_FACTOR,sxtu,SXT_GENE,environment_gene_regulation,52.28464090624535,8.0,7,2,1.6423204531226745,0.2,441,21,21,saxitoxin; paralytic_shellfish_toxins; dinoflagellate; gymnodinium; paralytic_shellfish_poisoning; gymnodinium_catenatum; dinoflagellates,TOXIN; TOXIN; DINO_TAXON; DINO_TAXON; TOXIN; DINO_TAXON; DINO_TAXON,dino_pre2016,unvalidated_candidate,0.1362410745047478,0.4279695587591368,0.1382261748406572,0.016337601609107008,0.06509303090172709,0.5228816601343821,1,0.0852318921413726,0.0426829268292682,0.1538461538461538,0.1365461432785321,0.270967741935484,irradiance||sxtu,0
sxtb,SXT_GENE,environmental_stress,ENV_FACTOR,environment_gene_regulation,38.34926110031477,4.0,4,3,0.9338898094166446,0.1481481481481481,238,17,14,dinoflagellate; saxitoxin; toxin_production; paralytic_shellfish_poisoning,DINO_TAXON; TOXIN; BIOLOGICAL_PROCESS; TOXIN,dino_pre2016,unvalidated_candidate,0.2150607322954715,0.4401311842976577,0.1204685663532343,0.027245762828363173,0.06453488423831164,0.6606543146993256,1,0.0565709081502071,0.0182926829268292,0.0769230769230769,0.0681087138175981,0.1839904420549582,environmental_stress||sxtb,0
nitrogen_limitation,ENV_FACTOR,sxtd,SXT_GENE,environment_gene_regulation,49.38650370856422,5.0,5,4,1.1932518542821084,0.2,221,17,13,cyanobacteria; paralytic_shellfish_toxins; paralytic_shellfish_poisoning; expression; dinoflagellates,CYANO_TAXON; TOXIN; TOXIN; BIOLOGICAL_PROCESS; DINO_TAXON,dino_pre2016,unvalidated_candidate,0.1902713659724216,0.430761699096107,0.1331728723152372,0.015677184483319142,0.06267545961608637,0.5171029676616397,1,0.0792712749939598,0.024390243902439,0.1025641025641025,0.0931641963945056,0.270967741935484,nitrogen_limitation||sxtd,0
alexandrium_leei,DINO_TAXON,sxtd,SXT_GENE,taxon_gene_association,28.28955594242996,3.0,3,2,0.7072779712149757,0.1875,78,6,13,saxitoxin; paralytic_shellfish_toxins; sxta,TOXIN; TOXIN; SXT_GENE,dino_pre2016,unvalidated_candidate,0.2978482680057499,0.4570404794621575,0.1255709873018549,0.0196887332335275,0.062041634860858466,0.5848697034474657,1,0.035881048777786,0.0121951219512195,0.0512820512820512,0.0462170412456606,0.2500000000000001,alexandrium_leei||sxtd,0
phosphorus_limitation,ENV_FACTOR,sxti,SXT_GENE,environment_gene_regulation,27.95754877787565,3.0,3,2,0.6893007047273003,0.1578947368421052,112,8,14,alexandrium; paralytic_shellfish_poisoning; dinoflagellate,DINO_TAXON; TOXIN; DINO_TAXON,dino_pre2016,unvalidated_candidate,0.3332413529831498,0.4536476868731577,0.1278186542842151,0.01813175019167371,0.06200651182869027,0.5888861266780866,1,0.0351982075376647,0.0121951219512195,0.0512820512820512,0.044480360431411,0.2003395585738539,phosphorus_limitation||sxti,0
phosphorus_limitation,ENV_FACTOR,sxtb,SXT_GENE,environment_gene_regulation,45.82480125704594,5.0,4,4,0.960019676142018,0.1904761904761904,136,8,17,dinoflagellate; toxin_production; paralytic_shellfish_poisoning; nutrient,DINO_TAXON; BIOLOGICAL_PROCESS; TOXIN; ENV_FACTOR,dino_pre2016,unvalidated_candidate,0.2021013240110564,0.4197643991036419,0.1266388294501862,0.013844622802964843,0.05896230546185339,0.6471348014077238,1,0.0719458989822621,0.024390243902439,0.0769230769230769,0.0706329706756673,0.2549923195084485,phosphorus_limitation||sxtb,0
anabaena,CYANO_TAXON,protoceratium,DINO_TAXON,cross_taxa_association,37.938082275848366,4.0,4,3,0.9427253484504968,0.1052631578947368,216,36,6,alexandrium; toxicity; paralytic_shellfish_poisoning; alexandrium_minutum,DINO_TAXON; BIOLOGICAL_PROCESS; TOXIN; DINO_TAXON,dino_pre2016,unvalidated_candidate,0.0730630099129929,0.4456710841277362,0.0958301064114714,0.03361863592288559,0.058503224118319916,0.5890781303494164,1,0.0557252340552304,0.0182926829268292,0.0769230769230769,0.068962264669401,0.1120543293718166,anabaena||protoceratium,0
phosphate,ENV_FACTOR,sxtd,SXT_GENE,environment_gene_regulation,32.869192746809375,4.0,4,2,0.9217758605841732,0.1025641025641025,390,30,13,saxitoxin; paralytic_shellfish_poisoning; paralytic_shellfish_toxins; dinoflagellates,TOXIN; TOXIN; TOXIN; DINO_TAXON,dino_pre2016,unvalidated_candidate,0.1644825251123837,0.4215740242256338,0.1032581292884674,0.02619961382023921,0.05702302000753049,0.4928598838788202,1,0.0453000168262787,0.0182926829268292,0.0769230769230769,0.0669384545606317,0.1075268817204301,phosphate||sxtd,0
aphanizomenon,CYANO_TAXON,protoceratium_reticulatum,DINO_TAXON,cross_taxa_association,32.42525756162158,3.0,3,3,0.6953874015004453,0.1034482758620689,156,26,6,alexandrium; toxicity; paralytic_shellfish_poisoning,DINO_TAXON; BIOLOGICAL_PROCESS; TOXIN,dino_pre2016,unvalidated_candidate,0.0197452275018002,0.4507472731580364,0.0791537844605895,0.04198284722500717,0.056851222119240104,0.4939201866063958,1,0.044386972516545,0.0121951219512195,0.0512820512820512,0.0450683613666657,0.1090100111234705,aphanizomenon||protoceratium_reticulatum,0
sxt_genes,SXT_GENE,protoceratium_reticulatum,DINO_TAXON,taxon_gene_association,32.2998657120918,3.0,3,3,0.6953874015004453,0.0909090909090909,180,30,6,alexandrium; toxicity; paralytic_shellfish_poisoning,DINO_TAXON; BIOLOGICAL_PROCESS; TOXIN,dino_pre2016,unvalidated_candidate,0.2163660765998721,0.4246492510095833,0.1048951730596033,0.02398277778290091,0.05634773589358187,0.4943425102063852,1,0.0441290783046868,0.0121951219512195,0.0512820512820512,0.0450683613666657,0.0879765395894429,protoceratium_reticulatum||sxt_genes,0
gene_duplication,BIOLOGICAL_PROCESS,sxtd,SXT_GENE,gene_process_association,43.35253468875239,4.0,4,4,0.9619816300904792,0.1428571428571428,247,19,13,saxitoxin; dinoflagellates; sxta; expression,TOXIN; DINO_TAXON; SXT_GENE; BIOLOGICAL_PROCESS,dino_pre2016,unvalidated_candidate,0.1842534476117687,0.4050659212586649,0.1154987781904743,0.014107363294941022,0.05466392925315434,0.46183486203302,1,0.0668611726581472,0.0182926829268292,0.0769230769230769,0.0708225038164854,0.1751152073732718,gene_duplication||sxtd,0
warming,ENV_FACTOR,sxtd,SXT_GENE,environment_gene_regulation,37.94516483775742,4.0,4,3,0.9462666294050252,0.1052631578947368,377,29,13,saxitoxin; paralytic_shellfish_poisoning; dinoflagellates; expression,TOXIN; TOXIN; DINO_TAXON; BIOLOGICAL_PROCESS,dino_pre2016,unvalidated_candidate,0.1017259417496516,0.3934182000822565,0.0949093561449148,0.02619961382023921,0.05368351075010945,0.46183486203302,1,0.0557398008052091,0.0182926829268292,0.0769230769230769,0.0693043675522733,0.1120543293718166,sxtd||warming,0
sxtg,SXT_GENE,protoceratium,DINO_TAXON,taxon_gene_association,37.938082275848366,4.0,4,3,0.9427253484504968,0.1052631578947368,216,36,6,alexandrium; toxicity; paralytic_shellfish_poisoning; alexandrium_minutum,DINO_TAXON; BIOLOGICAL_PROCESS; TOXIN; DINO_TAXON,dino_pre2016,unvalidated_candidate,0.1472467753047926,0.3911635890879172,0.1015069217162595,0.021233699217691655,0.053342988217118796,0.5890781303494164,1,0.0557252340552304,0.0182926829268292,0.0769230769230769,0.068962264669401,0.1120543293718166,protoceratium||sxtg,0
sxt_genes,SXT_GENE,protoceratium,DINO_TAXON,taxon_gene_association,32.2998657120918,3.0,3,3,0.6953874015004453,0.0909090909090909,180,30,6,alexandrium; toxicity; paralytic_shellfish_poisoning,DINO_TAXON; BIOLOGICAL_PROCESS; TOXIN,dino_pre2016,unvalidated_candidate,0.1778033875190774,0.4040755301205505,0.0970533976085808,0.02398277778290091,0.05321102571317286,0.4943425102063852,1,0.0441290783046868,0.0121951219512195,0.0512820512820512,0.0450683613666657,0.0879765395894429,protoceratium||sxt_genes,0
sxtg,SXT_GENE,protoceratium_reticulatum,DINO_TAXON,taxon_gene_association,37.938082275848366,4.0,4,3,0.9427253484504968,0.1052631578947368,216,36,6,alexandrium; toxicity; paralytic_shellfish_poisoning; alexandrium_minutum,DINO_TAXON; BIOLOGICAL_PROCESS; TOXIN; DINO_TAXON,dino_pre2016,unvalidated_candidate,0.1223856452459898,0.4062802245900512,0.0992894157576524,0.021233699217691655,0.05245598583367596,0.586568889032291,1,0.0557252340552304,0.0182926829268292,0.0769230769230769,0.068962264669401,0.1120543293718166,protoceratium_reticulatum||sxtg,0
cylindrospermopsis,CYANO_TAXON,protoceratium_reticulatum,DINO_TAXON,cross_taxa_association,32.35851673848476,3.0,3,3,0.6953874015004453,0.0967741935483871,168,28,6,alexandrium; toxicity; paralytic_shellfish_poisoning,DINO_TAXON; BIOLOGICAL_PROCESS; TOXIN,dino_pre2016,unvalidated_candidate,0.1649351137670868,0.3890939227223862,0.0941591274184609,0.02398277778290091,0.05205331763712491,0.4939201866063958,1,0.0442497062424915,0.0121951219512195,0.0512820512820512,0.0450683613666657,0.0978147762747139,cylindrospermopsis||protoceratium_reticulatum,0
sxti,SXT_GENE,alexandrium_affine,DINO_TAXON,taxon_gene_association,17.030650398316958,2.0,2,1,0.4597696436029236,0.1111111111111111,84,14,6,alexandrium; dinoflagellate,DINO_TAXON; DINO_TAXON,dino_pre2016,unvalidated_candidate,0.2119974760236079,0.5252980468885271,0.0999419573268357,0.019071112791073125,0.051419450605378156,0.6223734775294213,1,0.0127247863685953,0.0060975609756097,0.0256410256410256,0.0223066784424212,0.1218637992831542,alexandrium_affine||sxti,0
aphanizomenon,CYANO_TAXON,protoceratium,DINO_TAXON,cross_taxa_association,32.42525756162158,3.0,3,3,0.6953874015004453,0.1034482758620689,156,26,6,alexandrium; toxicity; paralytic_shellfish_poisoning,DINO_TAXON; BIOLOGICAL_PROCESS; TOXIN,dino_pre2016,unvalidated_candidate,0.0744244709300146,0.4301735522690035,0.0852982988859184,0.028444438461269733,0.051185982631129195,0.478804125714129,1,0.044386972516545,0.0121951219512195,0.0512820512820512,0.0450683613666657,0.1090100111234705,aphanizomenon||protoceratium,0
resting_cyst,BIOLOGICAL_PROCESS,sxtd,SXT_GENE,gene_process_association,22.5369720949052,3.0,3,1,0.691562970529522,0.1153846153846153,208,16,13,saxitoxin; paralytic_shellfish_poisoning; paralytic_shellfish_toxins,TOXIN; TOXIN; TOXIN,dino_pre2016,unvalidated_candidate,0.1466480503331854,0.4948991797006257,0.0964874560942048,0.019071112791073125,0.05003765011232579,0.6213914089370618,1,0.0240496731096771,0.0121951219512195,0.0512820512820512,0.0446989049814484,0.1290322580645161,resting_cyst||sxtd,0
sxti,SXT_GENE,environmental_regulation,BIOLOGICAL_PROCESS,gene_process_association,21.8665145122966,2.0,2,2,0.4570667799578235,0.0952380952380952,126,14,9,alexandrium; saxitoxin,DINO_TAXON; TOXIN,dino_pre2016,unvalidated_candidate,0.1415715993810693,0.5326112667474053,0.0922591959472712,0.01882404089863965,0.04819810291809226,0.5922991944941568,1,0.0226707387491136,0.0060975609756097,0.0256410256410256,0.022045570256747,0.0952380952380952,environmental_regulation||sxti,0
sxtu,SXT_GENE,environmental_stress,ENV_FACTOR,environment_gene_regulation,27.31478749521363,3.0,3,2,0.6886437476068141,0.09375,294,21,14,dinoflagellate; saxitoxin; paralytic_shellfish_poisoning,DINO_TAXON; TOXIN; TOXIN,dino_pre2016,unvalidated_candidate,0.2284979509175348,0.439319266647213,0.104831730875571,0.009064899769812949,0.04737163221211617,0.5464011442822005,1,0.0338762363327839,0.0121951219512195,0.0512820512820512,0.0444168955643961,0.092741935483871,environmental_stress||sxtu,0
cylindrospermopsis,CYANO_TAXON,protoceratium,DINO_TAXON,cross_taxa_association,32.35851673848476,3.0,3,3,0.6953874015004453,0.0967741935483871,168,28,6,alexandrium; toxicity; paralytic_shellfish_poisoning,DINO_TAXON; BIOLOGICAL_PROCESS; TOXIN,dino_pre2016,unvalidated_candidate,0.0977048424907996,0.3685202018333534,0.0820172146381146,0.02398277778290091,0.04719655252498639,0.4358721906200363,1,0.0442497062424915,0.0121951219512195,0.0512820512820512,0.0450683613666657,0.0978147762747139,cylindrospermopsis||protoceratium,0
irradiance,ENV_FACTOR,sxtd,SXT_GENE,environment_gene_regulation,33.17688505450168,4.0,4,2,0.9217758605841732,0.1333333333333333,273,21,13,saxitoxin; paralytic_shellfish_poisoning; paralytic_shellfish_toxins; dinoflagellates,TOXIN; TOXIN; TOXIN; DINO_TAXON,dino_pre2016,unvalidated_candidate,0.1665793676233252,0.4198358009535743,0.1062009699511466,0.006987005837456752,0.04667259148293269,0.5228816601343821,1,0.0459328495461462,0.0182926829268292,0.0769230769230769,0.0669384545606317,0.1591397849462366,irradiance||sxtd,0
sxtb,SXT_GENE,alexandrium_affine,DINO_TAXON,taxon_gene_association,21.922866058796576,2.0,2,2,0.485242553207811,0.0952380952380952,102,17,6,dinoflagellate; nutrient,DINO_TAXON; ENV_FACTOR,dino_pre2016,unvalidated_candidate,0.2485878580603597,0.4555806125245226,0.1006491338309024,0.009655196637599037,0.04605277151492039,0.6223734775294213,1,0.0227866373320446,0.0060975609756097,0.0256410256410256,0.0247674704334755,0.0952380952380952,alexandrium_affine||sxtb,0
sxtd,SXT_GENE,gene_loss,BIOLOGICAL_PROCESS,gene_process_association,22.11560668769118,2.0,2,2,0.4695680497279437,0.1176470588235294,78,13,6,saxitoxin; cyanobacteria,TOXIN; CYANO_TAXON,dino_pre2016,unvalidated_candidate,0.1016590722639408,0.475979381119921,0.0826678980886526,0.01917632975524184,0.04457295708860615,0.6141918101731275,1,0.0231830482053847,0.0060975609756097,0.0256410256410256,0.0232532463724907,0.1328273244781784,gene_loss||sxtd,0
sxtu,SXT_GENE,secondary_metabolism,BIOLOGICAL_PROCESS,gene_process_association,27.21198448640751,3.0,3,2,0.6893255765370886,0.0833333333333333,378,21,18,dinoflagellate; saxitoxin; dinoflagellates,DINO_TAXON; TOXIN; DINO_TAXON,dino_pre2016,unvalidated_candidate,0.1776723735160355,0.424526329289213,0.0947809421555892,0.005763977849162779,0.04137076357173335,0.4530674255827202,1,0.0336648007328456,0.0121951219512195,0.0512820512820512,0.0444827631545895,0.0752688172043011,secondary_metabolism||sxtu,0
sxtu,SXT_GENE,environmental_regulation,BIOLOGICAL_PROCESS,gene_process_association,16.638349533096005,2.0,2,1,0.4620319094051453,0.0714285714285714,189,21,9,saxitoxin; paralytic_shellfish_toxins,TOXIN; TOXIN,dino_pre2016,unvalidated_candidate,0.0763781184355604,0.4857226785183769,0.0720309071591997,0.019863436411362616,0.040730424710497454,0.574162970391518,1,0.0119179386920767,0.0060975609756097,0.0256410256410256,0.0225252229924586,0.0552995391705069,environmental_regulation||sxtu,0
lyngbya,CYANO_TAXON,alexandrium_affine,DINO_TAXON,cross_taxa_association,21.752399630978413,2.0,2,2,0.4761998154892062,0.08,126,21,6,alexandrium; hplc,DINO_TAXON; DETECTION_METHOD,dino_pre2016,unvalidated_candidate,0.1223083688231422,0.4614977865874264,0.0808981842734752,0.013369258651951151,0.04038082890056077,0.5913287643844326,1,0.0224360379492672,0.0060975609756097,0.0256410256410256,0.0238939033027352,0.0696774193548388,alexandrium_affine||lyngbya,0
planktothrix,CYANO_TAXON,protoceratium,DINO_TAXON,cross_taxa_association,33.15548068535383,3.0,3,3,0.6953874015004453,0.1764705882352941,84,14,6,alexandrium; toxicity; paralytic_shellfish_poisoning,DINO_TAXON; BIOLOGICAL_PROCESS; TOXIN,dino_pre2016,unvalidated_candidate,0.0792288729338303,0.3838696924212306,0.0880386742919679,0.00711573202764554,0.03948490893337449,0.438794925442124,1,0.0458888270444254,0.0121951219512195,0.0512820512820512,0.0450683613666657,0.2314990512333966,planktothrix||protoceratium,0
sxti,SXT_GENE,protoceratium_reticulatum,DINO_TAXON,taxon_gene_association,22.02789697043817,2.0,2,2,0.4583929296635315,0.1111111111111111,84,14,6,alexandrium; paralytic_shellfish_poisoning,DINO_TAXON; TOXIN,dino_pre2016,unvalidated_candidate,0.1327751886198863,0.4539507408616476,0.0845211376604352,0.009064899769812949,0.03924739492606185,0.4939201866063958,1,0.0230026550738686,0.0060975609756097,0.0256410256410256,0.0221736819889898,0.1218637992831542,protoceratium_reticulatum||sxti,0
lyngbya,CYANO_TAXON,protoceratium_reticulatum,DINO_TAXON,cross_taxa_association,32.640774803000895,3.0,3,3,0.6953874015004453,0.125,126,21,6,alexandrium; toxicity; paralytic_shellfish_poisoning,DINO_TAXON; BIOLOGICAL_PROCESS; TOXIN,dino_pre2016,unvalidated_candidate,0.0766255869003268,0.414428471573127,0.0860166616586541,0.00711573202764554,0.03867610388004897,0.4939201866063958,1,0.0448302281931764,0.0121951219512195,0.0512820512820512,0.0450683613666657,0.1451612903225807,lyngbya||protoceratium_reticulatum,0
planktothrix,CYANO_TAXON,protoceratium_reticulatum,DINO_TAXON,cross_taxa_association,33.15548068535383,3.0,3,3,0.6953874015004453,0.1764705882352941,84,14,6,alexandrium; toxicity; paralytic_shellfish_poisoning,DINO_TAXON; BIOLOGICAL_PROCESS; TOXIN,dino_pre2016,unvalidated_candidate,0.0489638028034028,0.4044434133102635,0.0855562858613071,0.00711573202764554,0.03849195356111017,0.4939201866063958,1,0.0458888270444254,0.0121951219512195,0.0512820512820512,0.0450683613666657,0.2314990512333966,planktothrix||protoceratium_reticulatum,0
lyngbya,CYANO_TAXON,protoceratium,DINO_TAXON,cross_taxa_association,32.640774803000895,3.0,3,3,0.6953874015004453,0.125,126,21,6,alexandrium; toxicity; paralytic_shellfish_poisoning,DINO_TAXON; BIOLOGICAL_PROCESS; TOXIN,dino_pre2016,unvalidated_candidate,0.0779048921549205,0.3938547506840941,0.0841511853579398,0.00711573202764554,0.03792991335976325,0.4358721906200363,1,0.0448302281931764,0.0121951219512195,0.0512820512820512,0.0450683613666657,0.1451612903225807,lyngbya||protoceratium,0
sxtb,SXT_GENE,environmental_regulation,BIOLOGICAL_PROCESS,gene_process_association,16.757397152143625,2.0,2,1,0.4620319094051453,0.0833333333333333,153,17,9,saxitoxin; paralytic_shellfish_toxins,TOXIN; TOXIN,dino_pre2016,unvalidated_candidate,0.1454215431643575,0.4550068232627276,0.0803999953421261,0.009440815828883628,0.037824487634180615,0.574162970391518,1,0.0121627846848826,0.0060975609756097,0.0256410256410256,0.0225252229924586,0.0752688172043011,environmental_regulation||sxtb,0
sxtu,SXT_GENE,alexandrium_affine,DINO_TAXON,taxon_gene_association,10.846430934742925,1.0,1,1,0.2309077750637687,0.0384615384615384,126,21,6,dinoflagellate,DINO_TAXON,dino_pre2016,unvalidated_candidate,0.0894209381692503,0.5142339772520286,0.0648385204979912,0.019071112791073125,0.03737807587384036,0.6223734775294213,1,5.662992573848163e-06,0.0,0.0,0.0001976433186591,0.0,alexandrium_affine||sxtu,0
sxtd,SXT_GENE,environmental_regulation,BIOLOGICAL_PROCESS,gene_process_association,16.92406381881029,2.0,2,1,0.4620319094051453,0.1,117,13,9,saxitoxin; paralytic_shellfish_toxins,TOXIN; TOXIN,dino_pre2016,unvalidated_candidate,0.0754755707204816,0.4647636395101056,0.072401605099123,0.013369258651951151,0.036982197230819885,0.574162970391518,1,0.0125055690748109,0.0060975609756097,0.0256410256410256,0.0225252229924586,0.103225806451613,environmental_regulation||sxtd,0
sxtd,SXT_GENE,environmental_stress,ENV_FACTOR,environment_gene_regulation,16.71547194508609,2.0,2,1,0.4577359725430453,0.08,182,13,14,saxitoxin; paralytic_shellfish_poisoning,TOXIN; TOXIN,dino_pre2016,unvalidated_candidate,0.1419099775162496,0.4369799487794382,0.0777608234104078,0.009064899769812949,0.03654326922605089,0.5464011442822005,1,0.0120765568457396,0.0060975609756097,0.0256410256410256,0.0221102171219748,0.0696774193548388,environmental_stress||sxtd,0
sxti,SXT_GENE,protoceratium,DINO_TAXON,taxon_gene_association,22.02789697043817,2.0,2,2,0.4583929296635315,0.1111111111111111,84,14,6,alexandrium; paralytic_shellfish_poisoning,DINO_TAXON; TOXIN,dino_pre2016,unvalidated_candidate,0.1126463989176639,0.429526364909112,0.0790593816098483,0.007796775095187409,0.03630181770105176,0.4733862023793606,1,0.0230026550738686,0.0060975609756097,0.0256410256410256,0.0221736819889898,0.1218637992831542,protoceratium||sxti,0
secondary_metabolism,BIOLOGICAL_PROCESS,sxtd,SXT_GENE,gene_process_association,21.606490775360434,2.0,2,2,0.4584178014733199,0.0689655172413793,234,18,13,saxitoxin; dinoflagellates,TOXIN; DINO_TAXON,dino_pre2016,unvalidated_candidate,0.1613073509780794,0.4049711651909632,0.0800648646256502,0.00711573202764554,0.0362953850668474,0.4530674255827202,1,0.0221359462809184,0.0060975609756097,0.0256410256410256,0.0221760847121682,0.0511679644048944,secondary_metabolism||sxtd,0
planktothrix,CYANO_TAXON,alexandrium_affine,DINO_TAXON,cross_taxa_association,10.984039526551994,1.0,1,1,0.2288618685391548,0.0526315789473684,84,14,6,alexandrium,DINO_TAXON,dino_pre2016,unvalidated_candidate,0.1818173924128813,0.448120580925611,0.0733741611724866,0.009064899769812949,0.03478860433088241,0.57824478045564,1,0.0002886834557267,0.0,0.0,0.0,0.0237691001697793,alexandrium_affine||planktothrix,0
phosphorus_limitation,ENV_FACTOR,sxtu,SXT_GENE,environment_gene_regulation,21.66161841311704,2.0,2,2,0.4604388361881454,0.074074074074074,168,8,21,dinoflagellate; paralytic_shellfish_poisoning,DINO_TAXON; TOXIN,dino_pre2016,unvalidated_candidate,0.135609840581876,0.3752600432204174,0.0737072689512087,0.005283515358109836,0.032653016795349384,0.4290705848306385,1,0.0222493276429779,0.0060975609756097,0.0256410256410256,0.022371325307649,0.05973715651135,phosphorus_limitation||sxtu,0
sxtu,SXT_GENE,protoceratium_reticulatum,DINO_TAXON,taxon_gene_association,10.843677506864138,1.0,1,1,0.2295310611243766,0.0384615384615384,126,21,6,paralytic_shellfish_poisoning,TOXIN,dino_pre2016,unvalidated_candidate,0.203425858030592,0.3798725935028434,0.0685011380548731,0.00711573202764554,0.031669894438536565,0.4238393537111054,1,0.0,0.0,0.0,6.464686522778555e-05,0.0,protoceratium_reticulatum||sxtu,0
sxtu,SXT_GENE,protoceratium,DINO_TAXON,taxon_gene_association,10.843677506864138,1.0,1,1,0.2295310611243766,0.0384615384615384,126,21,6,paralytic_shellfish_poisoning,TOXIN,dino_pre2016,unvalidated_candidate,0.1989313413748371,0.3600478395909521,0.0658444851653207,0.00711573202764554,0.030607233282715605,0.3841898458873228,1,0.0,0.0,0.0,6.464686522778555e-05,0.0,protoceratium||sxtu,0
sxtd,SXT_GENE,protoceratium,DINO_TAXON,taxon_gene_association,11.014617677804308,1.0,1,1,0.2295310611243766,0.0555555555555555,78,13,6,paralytic_shellfish_poisoning,TOXIN,dino_pre2016,unvalidated_candidate,0.1604830856754883,0.4003087414665001,0.0656600795608865,0.00711573202764554,0.030533471040941926,0.4164276370456773,1,0.0003515737332597,0.0,0.0,6.464686522778555e-05,0.028673835125448,protoceratium||sxtd,0
sxtd,SXT_GENE,protoceratium_reticulatum,DINO_TAXON,taxon_gene_association,11.014617677804308,1.0,1,1,0.2295310611243766,0.0555555555555555,78,13,6,paralytic_shellfish_poisoning,TOXIN,dino_pre2016,unvalidated_candidate,0.1404759125844317,0.4201334953783914,0.0646414789884172,0.00711573202764554,0.030126030811954203,0.4238393537111054,1,0.0003515737332597,0.0,0.0,6.464686522778555e-05,0.028673835125448,protoceratium_reticulatum||sxtd,0
phosphorus_limitation,ENV_FACTOR,sxtd,SXT_GENE,environment_gene_regulation,10.959062122248753,1.0,1,1,0.2295310611243766,0.05,104,8,13,paralytic_shellfish_poisoning,TOXIN,dino_pre2016,unvalidated_candidate,0.1572433310230064,0.3731984574137457,0.061957146624792,0.00711573202764554,0.029052297866504127,0.4164276370456773,1,0.0002373122699503,0.0,0.0,6.464686522778555e-05,0.0193548387096775,phosphorus_limitation||sxtd,0
sxtb,SXT_GENE,protoceratium,DINO_TAXON,taxon_gene_association,10.913607576794208,1.0,1,1,0.2295310611243766,0.0454545454545454,102,17,6,paralytic_shellfish_poisoning,TOXIN,dino_pre2016,unvalidated_candidate,0.0654682777339447,0.3754784111489346,0.0480049320052679,0.00711573202764554,0.023471412018694484,0.3841898458873228,1,0.0001438256181517,0.0,0.0,6.464686522778555e-05,0.0117302052785923,protoceratium||sxtb,0
sxtb,SXT_GENE,protoceratium_reticulatum,DINO_TAXON,taxon_gene_association,10.913607576794208,1.0,1,1,0.2295310611243766,0.0454545454545454,102,17,6,paralytic_shellfish_poisoning,TOXIN,dino_pre2016,unvalidated_candidate,0.0409529038212497,0.3953031650608259,0.0463101013095527,0.00711573202764554,0.022793479740408407,0.4238393537111054,1,0.0001438256181517,0.0,0.0,6.464686522778555e-05,0.0117302052785923,protoceratium_reticulatum||sxtb,0
