Source,Source_Type,Target,Target_Type,Hypothesis_Class,Node2Vec_Score,Node2Vec_Rank,AdamicAdar_Score,AdamicAdar_Rank,Jaccard_Score,Jaccard_Rank,Common_Neighbors,Bridge_Nodes,Bridge_Types,Training_Graph,Candidate_Status,Embedding_Coverage,Pair_Key,Temporal_Outcome,Interpretation,Primary_Rank,Primary_Score,Primary_Method,Search_Text
paralytic_shellfish_toxins,TOXIN,saxitoxin_biosynthesis,BIOLOGICAL_PROCESS,process_toxin_association,0.494545152872572,52,10.5803705281451,1,0.5405405405405406,12,40,saxitoxin; biosynthesis; alexandrium; dinoflagellate; dinoflagellates; cyanobacteria; sxta; paralytic_shellfish_poisoning; alexandrium_fundyense; cyanobacterial; phylogenetic; gymnodinium; gymnodinium_catenatum; pyrodinium; evolution; toxicity; phylogeny; temperature; toxin_production; phosphate,TOXIN; BIOLOGICAL_PROCESS; DINO_TAXON; DINO_TAXON; DINO_TAXON; CYANO_TAXON; SXT_GENE; TOXIN; DINO_TAXON; CYANO_TAXON; BIOLOGICAL_PROCESS; DINO_TAXON; DINO_TAXON; DINO_TAXON; BIOLOGICAL_PROCESS; BIOLOGICAL_PROCESS; BIOLOGICAL_PROCESS; ENV_FACTOR; BIOLOGICAL_PROCESS; ENV_FACTOR,dino_pre2016,unvalidated_candidate,1,paralytic_shellfish_toxins|||saxitoxin_biosynthesis,Subsequently represented,"The relationship between paralytic shellfish toxins and saxitoxin biosynthesis was identified as a candidate missing link in the pre-2016 dinoflagellate knowledge graph. Historical graph connectivity includes bridge concepts such as saxitoxin, biosynthesis, alexandrium, dinoflagellate, dinoflagellates. This relationship should be interpreted as a literature-derived hypothesis rather than experimental evidence of a biological mechanism.",1,10.5803705281451,Adamic–Adar,paralytic_shellfish_toxins saxitoxin_biosynthesis toxin biological_process process_toxin_association saxitoxin; biosynthesis; alexandrium; dinoflagellate; dinoflagellates; cyanobacteria; sxta; paralytic_shellfish_poisoning; alexandrium_fundyense; cyanobacterial; phylogenetic; gymnodinium; gymnodinium_catenatum; pyrodinium; evolution; toxicity; phylogeny; temperature; toxin_production; phosphate toxin; biological_process; dino_taxon; dino_taxon; dino_taxon; cyano_taxon; sxt_gene; toxin; dino_taxon; cyano_taxon; biological_process; dino_taxon; dino_taxon; dino_taxon; biological_process; biological_process; biological_process; env_factor; biological_process; env_factor
gonyautoxin,TOXIN,alexandrium_fundyense,DINO_TAXON,taxon_toxin_association,0.3943344413967691,121,9.216480682440436,2,0.5625,9,36,alexandrium; dinoflagellate; saxitoxin; toxicity; paralytic_shellfish_poisoning; paralytic_shellfish_toxins; dinoflagellates; toxin_production; nutrient; bloom; gtx; light; nitrogen; temperature; nitrate; phylogenetic; biosynthesis; cyanobacteria; phosphate; phosphorus,DINO_TAXON; DINO_TAXON; TOXIN; BIOLOGICAL_PROCESS; TOXIN; TOXIN; DINO_TAXON; BIOLOGICAL_PROCESS; ENV_FACTOR; ENV_FACTOR; TOXIN; ENV_FACTOR; ENV_FACTOR; ENV_FACTOR; ENV_FACTOR; BIOLOGICAL_PROCESS; BIOLOGICAL_PROCESS; CYANO_TAXON; ENV_FACTOR; ENV_FACTOR,dino_pre2016,unvalidated_candidate,1,alexandrium_fundyense|||gonyautoxin,Not observed post-2015,"The relationship between gonyautoxin and alexandrium fundyense was identified as a candidate missing link in the pre-2016 dinoflagellate knowledge graph. Historical graph connectivity includes bridge concepts such as alexandrium, dinoflagellate, saxitoxin, toxicity, paralytic shellfish poisoning. This relationship should be interpreted as a literature-derived hypothesis rather than experimental evidence of a biological mechanism.",2,9.216480682440436,Adamic–Adar,gonyautoxin alexandrium_fundyense toxin dino_taxon taxon_toxin_association alexandrium; dinoflagellate; saxitoxin; toxicity; paralytic_shellfish_poisoning; paralytic_shellfish_toxins; dinoflagellates; toxin_production; nutrient; bloom; gtx; light; nitrogen; temperature; nitrate; phylogenetic; biosynthesis; cyanobacteria; phosphate; phosphorus dino_taxon; dino_taxon; toxin; biological_process; toxin; toxin; dino_taxon; biological_process; env_factor; env_factor; toxin; env_factor; env_factor; env_factor; env_factor; biological_process; biological_process; cyano_taxon; env_factor; env_factor
gtx,TOXIN,regulation,BIOLOGICAL_PROCESS,process_toxin_association,0.3561849810087958,187,8.395511511694988,3,0.6346153846153846,1,33,alexandrium; dinoflagellate; saxitoxin; paralytic_shellfish_toxins; paralytic_shellfish_poisoning; dinoflagellates; alexandrium_tamarense; toxicity; toxin_production; alexandrium_minutum; nutrient; temperature; alexandrium_fundyense; biosynthesis; saxitoxin_biosynthesis; alexandrium_catenella; light; salinity; nitrate; gymnodinium,DINO_TAXON; DINO_TAXON; TOXIN; TOXIN; TOXIN; DINO_TAXON; DINO_TAXON; BIOLOGICAL_PROCESS; BIOLOGICAL_PROCESS; DINO_TAXON; ENV_FACTOR; ENV_FACTOR; DINO_TAXON; BIOLOGICAL_PROCESS; BIOLOGICAL_PROCESS; DINO_TAXON; ENV_FACTOR; ENV_FACTOR; ENV_FACTOR; DINO_TAXON,dino_pre2016,unvalidated_candidate,1,gtx|||regulation,Not observed post-2015,"The relationship between gtx and regulation was identified as a candidate missing link in the pre-2016 dinoflagellate knowledge graph. Historical graph connectivity includes bridge concepts such as alexandrium, dinoflagellate, saxitoxin, paralytic shellfish toxins, paralytic shellfish poisoning. This relationship should be interpreted as a literature-derived hypothesis rather than experimental evidence of a biological mechanism.",3,8.395511511694988,Adamic–Adar,gtx regulation toxin biological_process process_toxin_association alexandrium; dinoflagellate; saxitoxin; paralytic_shellfish_toxins; paralytic_shellfish_poisoning; dinoflagellates; alexandrium_tamarense; toxicity; toxin_production; alexandrium_minutum; nutrient; temperature; alexandrium_fundyense; biosynthesis; saxitoxin_biosynthesis; alexandrium_catenella; light; salinity; nitrate; gymnodinium dino_taxon; dino_taxon; toxin; toxin; toxin; dino_taxon; dino_taxon; biological_process; biological_process; dino_taxon; env_factor; env_factor; dino_taxon; biological_process; biological_process; dino_taxon; env_factor; env_factor; env_factor; dino_taxon
pyrodinium_bahamense,DINO_TAXON,gtx,TOXIN,taxon_toxin_association,0.3738441287328545,156,8.179690777510995,4,0.6153846153846154,3,32,dinoflagellate; saxitoxin; paralytic_shellfish_poisoning; paralytic_shellfish_toxins; dinoflagellates; toxicity; gonyautoxin; neosaxitoxin; gymnodinium; hplc; alexandrium; temperature; gymnodinium_catenatum; mouse_bioassay; nutrient; salinity; toxin_production; saxitoxin_biosynthesis; light; mass_spectrometry,DINO_TAXON; TOXIN; TOXIN; TOXIN; DINO_TAXON; BIOLOGICAL_PROCESS; TOXIN; TOXIN; DINO_TAXON; DETECTION_METHOD; DINO_TAXON; ENV_FACTOR; DINO_TAXON; DETECTION_METHOD; ENV_FACTOR; ENV_FACTOR; BIOLOGICAL_PROCESS; BIOLOGICAL_PROCESS; ENV_FACTOR; DETECTION_METHOD,dino_pre2016,unvalidated_candidate,1,gtx|||pyrodinium_bahamense,Not observed post-2015,"The relationship between pyrodinium bahamense and gtx was identified as a candidate missing link in the pre-2016 dinoflagellate knowledge graph. Historical graph connectivity includes bridge concepts such as dinoflagellate, saxitoxin, paralytic shellfish poisoning, paralytic shellfish toxins, dinoflagellates. This relationship should be interpreted as a literature-derived hypothesis rather than experimental evidence of a biological mechanism.",4,8.179690777510995,Adamic–Adar,pyrodinium_bahamense gtx dino_taxon toxin taxon_toxin_association dinoflagellate; saxitoxin; paralytic_shellfish_poisoning; paralytic_shellfish_toxins; dinoflagellates; toxicity; gonyautoxin; neosaxitoxin; gymnodinium; hplc; alexandrium; temperature; gymnodinium_catenatum; mouse_bioassay; nutrient; salinity; toxin_production; saxitoxin_biosynthesis; light; mass_spectrometry dino_taxon; toxin; toxin; toxin; dino_taxon; biological_process; toxin; toxin; dino_taxon; detection_method; dino_taxon; env_factor; dino_taxon; detection_method; env_factor; env_factor; biological_process; biological_process; env_factor; detection_method
pyrodinium,DINO_TAXON,gtx,TOXIN,taxon_toxin_association,0.3992469953707867,120,8.179690777510995,4,0.5614035087719298,10,32,dinoflagellate; saxitoxin; paralytic_shellfish_poisoning; alexandrium; toxicity; gymnodinium; paralytic_shellfish_toxins; gonyautoxin; dinoflagellates; neosaxitoxin; hplc; gymnodinium_catenatum; temperature; mouse_bioassay; nutrient; toxin_production; salinity; biosynthesis; saxitoxin_biosynthesis; light,DINO_TAXON; TOXIN; TOXIN; DINO_TAXON; BIOLOGICAL_PROCESS; DINO_TAXON; TOXIN; TOXIN; DINO_TAXON; TOXIN; DETECTION_METHOD; DINO_TAXON; ENV_FACTOR; DETECTION_METHOD; ENV_FACTOR; BIOLOGICAL_PROCESS; ENV_FACTOR; BIOLOGICAL_PROCESS; BIOLOGICAL_PROCESS; ENV_FACTOR,dino_pre2016,unvalidated_candidate,1,gtx|||pyrodinium,Not observed post-2015,"The relationship between pyrodinium and gtx was identified as a candidate missing link in the pre-2016 dinoflagellate knowledge graph. Historical graph connectivity includes bridge concepts such as dinoflagellate, saxitoxin, paralytic shellfish poisoning, alexandrium, toxicity. This relationship should be interpreted as a literature-derived hypothesis rather than experimental evidence of a biological mechanism.",4,8.179690777510995,Adamic–Adar,pyrodinium gtx dino_taxon toxin taxon_toxin_association dinoflagellate; saxitoxin; paralytic_shellfish_poisoning; alexandrium; toxicity; gymnodinium; paralytic_shellfish_toxins; gonyautoxin; dinoflagellates; neosaxitoxin; hplc; gymnodinium_catenatum; temperature; mouse_bioassay; nutrient; toxin_production; salinity; biosynthesis; saxitoxin_biosynthesis; light dino_taxon; toxin; toxin; dino_taxon; biological_process; dino_taxon; toxin; toxin; dino_taxon; toxin; detection_method; dino_taxon; env_factor; detection_method; env_factor; biological_process; env_factor; biological_process; biological_process; env_factor
gonyautoxin,TOXIN,toxin_biosynthesis,BIOLOGICAL_PROCESS,process_toxin_association,0.4003930622365142,119,8.1620481168923,6,0.5245901639344263,20,32,alexandrium; paralytic_shellfish_toxins; dinoflagellate; dinoflagellates; nutrient; toxin_production; saxitoxin; paralytic_shellfish_poisoning; toxicity; alexandrium_minutum; cyanobacteria; gtx; alexandrium_catenella; alexandrium_tamarense; biosynthesis; temperature; phosphate; anabaena; bloom; light,DINO_TAXON; TOXIN; DINO_TAXON; DINO_TAXON; ENV_FACTOR; BIOLOGICAL_PROCESS; TOXIN; TOXIN; BIOLOGICAL_PROCESS; DINO_TAXON; CYANO_TAXON; TOXIN; DINO_TAXON; DINO_TAXON; BIOLOGICAL_PROCESS; ENV_FACTOR; ENV_FACTOR; CYANO_TAXON; ENV_FACTOR; ENV_FACTOR,dino_pre2016,unvalidated_candidate,1,gonyautoxin|||toxin_biosynthesis,Subsequently represented,"The relationship between gonyautoxin and toxin biosynthesis was identified as a candidate missing link in the pre-2016 dinoflagellate knowledge graph. Historical graph connectivity includes bridge concepts such as alexandrium, paralytic shellfish toxins, dinoflagellate, dinoflagellates, nutrient. This relationship should be interpreted as a literature-derived hypothesis rather than experimental evidence of a biological mechanism.",6,8.1620481168923,Adamic–Adar,gonyautoxin toxin_biosynthesis toxin biological_process process_toxin_association alexandrium; paralytic_shellfish_toxins; dinoflagellate; dinoflagellates; nutrient; toxin_production; saxitoxin; paralytic_shellfish_poisoning; toxicity; alexandrium_minutum; cyanobacteria; gtx; alexandrium_catenella; alexandrium_tamarense; biosynthesis; temperature; phosphate; anabaena; bloom; light dino_taxon; toxin; dino_taxon; dino_taxon; env_factor; biological_process; toxin; toxin; biological_process; dino_taxon; cyano_taxon; toxin; dino_taxon; dino_taxon; biological_process; env_factor; env_factor; cyano_taxon; env_factor; env_factor
gonyautoxin,TOXIN,saxitoxin_biosynthesis,BIOLOGICAL_PROCESS,process_toxin_association,0.4008731267006585,117,7.931884881847199,7,0.5,23,31,saxitoxin; alexandrium; dinoflagellate; dinoflagellates; paralytic_shellfish_poisoning; gymnodinium; gymnodinium_catenatum; pyrodinium; toxicity; phylogenetic; cyanobacteria; temperature; toxin_production; gtx; pyrodinium_bahamense; nutrient; biosynthesis; phosphate; anabaena; alexandrium_catenella,TOXIN; DINO_TAXON; DINO_TAXON; DINO_TAXON; TOXIN; DINO_TAXON; DINO_TAXON; DINO_TAXON; BIOLOGICAL_PROCESS; BIOLOGICAL_PROCESS; CYANO_TAXON; ENV_FACTOR; BIOLOGICAL_PROCESS; TOXIN; DINO_TAXON; ENV_FACTOR; BIOLOGICAL_PROCESS; ENV_FACTOR; CYANO_TAXON; DINO_TAXON,dino_pre2016,unvalidated_candidate,1,gonyautoxin|||saxitoxin_biosynthesis,Subsequently represented,"The relationship between gonyautoxin and saxitoxin biosynthesis was identified as a candidate missing link in the pre-2016 dinoflagellate knowledge graph. Historical graph connectivity includes bridge concepts such as saxitoxin, alexandrium, dinoflagellate, dinoflagellates, paralytic shellfish poisoning. This relationship should be interpreted as a literature-derived hypothesis rather than experimental evidence of a biological mechanism.",7,7.931884881847199,Adamic–Adar,gonyautoxin saxitoxin_biosynthesis toxin biological_process process_toxin_association saxitoxin; alexandrium; dinoflagellate; dinoflagellates; paralytic_shellfish_poisoning; gymnodinium; gymnodinium_catenatum; pyrodinium; toxicity; phylogenetic; cyanobacteria; temperature; toxin_production; gtx; pyrodinium_bahamense; nutrient; biosynthesis; phosphate; anabaena; alexandrium_catenella toxin; dino_taxon; dino_taxon; dino_taxon; toxin; dino_taxon; dino_taxon; dino_taxon; biological_process; biological_process; cyano_taxon; env_factor; biological_process; toxin; dino_taxon; env_factor; biological_process; env_factor; cyano_taxon; dino_taxon
alexandrium_catenella,DINO_TAXON,sxtg,SXT_GENE,taxon_gene_association,0.4915532212746087,54,7.846213684507708,8,0.5636363636363636,8,31,saxitoxin; dinoflagellate; dinoflagellates; sxta; alexandrium; biosynthesis; paralytic_shellfish_toxins; cyanobacteria; evolution; paralytic_shellfish_poisoning; nutrient; toxin_production; gymnodinium; gymnodinium_catenatum; transcriptome; alexandrium_fundyense; pyrodinium; gonyautoxin; sxt_genes; saxitoxin_biosynthesis,TOXIN; DINO_TAXON; DINO_TAXON; SXT_GENE; DINO_TAXON; BIOLOGICAL_PROCESS; TOXIN; CYANO_TAXON; BIOLOGICAL_PROCESS; TOXIN; ENV_FACTOR; BIOLOGICAL_PROCESS; DINO_TAXON; DINO_TAXON; BIOLOGICAL_PROCESS; DINO_TAXON; DINO_TAXON; TOXIN; SXT_GENE; BIOLOGICAL_PROCESS,dino_pre2016,unvalidated_candidate,1,alexandrium_catenella|||sxtg,Subsequently represented,"The relationship between alexandrium catenella and sxtg was identified as a candidate missing link in the pre-2016 dinoflagellate knowledge graph. Historical graph connectivity includes bridge concepts such as saxitoxin, dinoflagellate, dinoflagellates, sxta, alexandrium. This relationship should be interpreted as a literature-derived hypothesis rather than experimental evidence of a biological mechanism.",8,7.846213684507708,Adamic–Adar,alexandrium_catenella sxtg dino_taxon sxt_gene taxon_gene_association saxitoxin; dinoflagellate; dinoflagellates; sxta; alexandrium; biosynthesis; paralytic_shellfish_toxins; cyanobacteria; evolution; paralytic_shellfish_poisoning; nutrient; toxin_production; gymnodinium; gymnodinium_catenatum; transcriptome; alexandrium_fundyense; pyrodinium; gonyautoxin; sxt_genes; saxitoxin_biosynthesis toxin; dino_taxon; dino_taxon; sxt_gene; dino_taxon; biological_process; toxin; cyano_taxon; biological_process; toxin; env_factor; biological_process; dino_taxon; dino_taxon; biological_process; dino_taxon; dino_taxon; toxin; sxt_gene; biological_process
regulation,BIOLOGICAL_PROCESS,sxtg,SXT_GENE,gene_process_association,0.4153513737287878,104,7.552199580712502,9,0.5769230769230769,5,30,saxitoxin; dinoflagellate; dinoflagellates; alexandrium; biosynthesis; paralytic_shellfish_toxins; evolution; cyanobacteria; saxitoxin_biosynthesis; sxta; cyanobacterial; paralytic_shellfish_poisoning; alexandrium_minutum; nutrient; toxin_production; gymnodinium; transcriptome; alexandrium_fundyense; pyrodinium; gonyautoxin,TOXIN; DINO_TAXON; DINO_TAXON; DINO_TAXON; BIOLOGICAL_PROCESS; TOXIN; BIOLOGICAL_PROCESS; CYANO_TAXON; BIOLOGICAL_PROCESS; SXT_GENE; CYANO_TAXON; TOXIN; DINO_TAXON; ENV_FACTOR; BIOLOGICAL_PROCESS; DINO_TAXON; BIOLOGICAL_PROCESS; DINO_TAXON; DINO_TAXON; TOXIN,dino_pre2016,unvalidated_candidate,1,regulation|||sxtg,Subsequently represented,"The relationship between regulation and sxtg was identified as a candidate missing link in the pre-2016 dinoflagellate knowledge graph. Historical graph connectivity includes bridge concepts such as saxitoxin, dinoflagellate, dinoflagellates, alexandrium, biosynthesis. This relationship should be interpreted as a literature-derived hypothesis rather than experimental evidence of a biological mechanism.",9,7.552199580712502,Adamic–Adar,regulation sxtg biological_process sxt_gene gene_process_association saxitoxin; dinoflagellate; dinoflagellates; alexandrium; biosynthesis; paralytic_shellfish_toxins; evolution; cyanobacteria; saxitoxin_biosynthesis; sxta; cyanobacterial; paralytic_shellfish_poisoning; alexandrium_minutum; nutrient; toxin_production; gymnodinium; transcriptome; alexandrium_fundyense; pyrodinium; gonyautoxin toxin; dino_taxon; dino_taxon; dino_taxon; biological_process; toxin; biological_process; cyano_taxon; biological_process; sxt_gene; cyano_taxon; toxin; dino_taxon; env_factor; biological_process; dino_taxon; biological_process; dino_taxon; dino_taxon; toxin
gonyautoxin,TOXIN,evolution,BIOLOGICAL_PROCESS,process_toxin_association,0.4734554510269038,66,7.523685094792083,10,0.4761904761904761,30,30,saxitoxin; dinoflagellate; alexandrium; paralytic_shellfish_poisoning; dinoflagellates; paralytic_shellfish_toxins; toxicity; phylogenetic; cyanobacteria; gymnodinium; pyrodinium; alexandrium_catenella; mouse_bioassay; alexandrium_tamarense; alexandrium_minutum; biosynthesis; toxin_production; gymnodinium_catenatum; hplc; bloom,TOXIN; DINO_TAXON; DINO_TAXON; TOXIN; DINO_TAXON; TOXIN; BIOLOGICAL_PROCESS; BIOLOGICAL_PROCESS; CYANO_TAXON; DINO_TAXON; DINO_TAXON; DINO_TAXON; DETECTION_METHOD; DINO_TAXON; DINO_TAXON; BIOLOGICAL_PROCESS; BIOLOGICAL_PROCESS; DINO_TAXON; DETECTION_METHOD; ENV_FACTOR,dino_pre2016,unvalidated_candidate,1,evolution|||gonyautoxin,Subsequently represented,"The relationship between gonyautoxin and evolution was identified as a candidate missing link in the pre-2016 dinoflagellate knowledge graph. Historical graph connectivity includes bridge concepts such as saxitoxin, dinoflagellate, alexandrium, paralytic shellfish poisoning, dinoflagellates. This relationship should be interpreted as a literature-derived hypothesis rather than experimental evidence of a biological mechanism.",10,7.523685094792083,Adamic–Adar,gonyautoxin evolution toxin biological_process process_toxin_association saxitoxin; dinoflagellate; alexandrium; paralytic_shellfish_poisoning; dinoflagellates; paralytic_shellfish_toxins; toxicity; phylogenetic; cyanobacteria; gymnodinium; pyrodinium; alexandrium_catenella; mouse_bioassay; alexandrium_tamarense; alexandrium_minutum; biosynthesis; toxin_production; gymnodinium_catenatum; hplc; bloom toxin; dino_taxon; dino_taxon; toxin; dino_taxon; toxin; biological_process; biological_process; cyano_taxon; dino_taxon; dino_taxon; dino_taxon; detection_method; dino_taxon; dino_taxon; biological_process; biological_process; dino_taxon; detection_method; env_factor
gtx,TOXIN,harmful_algal_bloom,ENV_FACTOR,environment_toxin_association,0.5005080729581433,51,7.331013495592266,11,0.6304347826086957,2,29,alexandrium; saxitoxin; paralytic_shellfish_poisoning; dinoflagellate; dinoflagellates; toxicity; paralytic_shellfish_toxins; alexandrium_tamarense; gonyautoxin; gymnodinium; hplc; alexandrium_catenella; mass_spectrometry; alexandrium_minutum; nutrient; gymnodinium_catenatum; alexandrium_fundyense; bloom; nitrogen; warming,DINO_TAXON; TOXIN; TOXIN; DINO_TAXON; DINO_TAXON; BIOLOGICAL_PROCESS; TOXIN; DINO_TAXON; TOXIN; DINO_TAXON; DETECTION_METHOD; DINO_TAXON; DETECTION_METHOD; DINO_TAXON; ENV_FACTOR; DINO_TAXON; DINO_TAXON; ENV_FACTOR; ENV_FACTOR; ENV_FACTOR,dino_pre2016,unvalidated_candidate,1,gtx|||harmful_algal_bloom,Not observed post-2015,"The relationship between gtx and harmful algal bloom was identified as a candidate missing link in the pre-2016 dinoflagellate knowledge graph. Historical graph connectivity includes bridge concepts such as alexandrium, saxitoxin, paralytic shellfish poisoning, dinoflagellate, dinoflagellates. This relationship should be interpreted as a literature-derived hypothesis rather than experimental evidence of a biological mechanism.",11,7.331013495592266,Adamic–Adar,gtx harmful_algal_bloom toxin env_factor environment_toxin_association alexandrium; saxitoxin; paralytic_shellfish_poisoning; dinoflagellate; dinoflagellates; toxicity; paralytic_shellfish_toxins; alexandrium_tamarense; gonyautoxin; gymnodinium; hplc; alexandrium_catenella; mass_spectrometry; alexandrium_minutum; nutrient; gymnodinium_catenatum; alexandrium_fundyense; bloom; nitrogen; warming dino_taxon; toxin; toxin; dino_taxon; dino_taxon; biological_process; toxin; dino_taxon; toxin; dino_taxon; detection_method; dino_taxon; detection_method; dino_taxon; env_factor; dino_taxon; dino_taxon; env_factor; env_factor; env_factor
alexandrium_tamarense,DINO_TAXON,sxtg,SXT_GENE,taxon_gene_association,0.3105706740974414,263,7.312935364338931,12,0.4754098360655737,31,29,saxitoxin; dinoflagellate; dinoflagellates; sxta; alexandrium; biosynthesis; paralytic_shellfish_toxins; cyanobacteria; cyanobacterial; evolution; paralytic_shellfish_poisoning; alexandrium_minutum; nutrient; toxin_production; gymnodinium; gymnodinium_catenatum; alexandrium_fundyense; gonyautoxin; sxt_genes; saxitoxin_biosynthesis,TOXIN; DINO_TAXON; DINO_TAXON; SXT_GENE; DINO_TAXON; BIOLOGICAL_PROCESS; TOXIN; CYANO_TAXON; CYANO_TAXON; BIOLOGICAL_PROCESS; TOXIN; DINO_TAXON; ENV_FACTOR; BIOLOGICAL_PROCESS; DINO_TAXON; DINO_TAXON; DINO_TAXON; TOXIN; SXT_GENE; BIOLOGICAL_PROCESS,dino_pre2016,unvalidated_candidate,1,alexandrium_tamarense|||sxtg,Subsequently represented,"The relationship between alexandrium tamarense and sxtg was identified as a candidate missing link in the pre-2016 dinoflagellate knowledge graph. Historical graph connectivity includes bridge concepts such as saxitoxin, dinoflagellate, dinoflagellates, sxta, alexandrium. This relationship should be interpreted as a literature-derived hypothesis rather than experimental evidence of a biological mechanism.",12,7.312935364338931,Adamic–Adar,alexandrium_tamarense sxtg dino_taxon sxt_gene taxon_gene_association saxitoxin; dinoflagellate; dinoflagellates; sxta; alexandrium; biosynthesis; paralytic_shellfish_toxins; cyanobacteria; cyanobacterial; evolution; paralytic_shellfish_poisoning; alexandrium_minutum; nutrient; toxin_production; gymnodinium; gymnodinium_catenatum; alexandrium_fundyense; gonyautoxin; sxt_genes; saxitoxin_biosynthesis toxin; dino_taxon; dino_taxon; sxt_gene; dino_taxon; biological_process; toxin; cyano_taxon; cyano_taxon; biological_process; toxin; dino_taxon; env_factor; biological_process; dino_taxon; dino_taxon; dino_taxon; toxin; sxt_gene; biological_process
sxta,SXT_GENE,nutrients,ENV_FACTOR,environment_gene_regulation,0.2501244120700104,347,7.2955479418872144,13,0.4393939393939394,47,29,dinoflagellate; alexandrium; saxitoxin; toxicity; paralytic_shellfish_toxins; bloom; alexandrium_catenella; paralytic_shellfish_poisoning; dinoflagellates; toxin_production; gymnodinium; pyrodinium; alexandrium_fundyense; light; expression; pyrodinium_bahamense; regulation; alexandrium_tamarense; alexandrium_minutum; nutrient,DINO_TAXON; DINO_TAXON; TOXIN; BIOLOGICAL_PROCESS; TOXIN; ENV_FACTOR; DINO_TAXON; TOXIN; DINO_TAXON; BIOLOGICAL_PROCESS; DINO_TAXON; DINO_TAXON; DINO_TAXON; ENV_FACTOR; BIOLOGICAL_PROCESS; DINO_TAXON; BIOLOGICAL_PROCESS; DINO_TAXON; DINO_TAXON; ENV_FACTOR,dino_pre2016,unvalidated_candidate,1,nutrients|||sxta,Subsequently represented,"The relationship between sxta and nutrients was identified as a candidate missing link in the pre-2016 dinoflagellate knowledge graph. Historical graph connectivity includes bridge concepts such as dinoflagellate, alexandrium, saxitoxin, toxicity, paralytic shellfish toxins. This relationship should be interpreted as a literature-derived hypothesis rather than experimental evidence of a biological mechanism.",13,7.2955479418872144,Adamic–Adar,sxta nutrients sxt_gene env_factor environment_gene_regulation dinoflagellate; alexandrium; saxitoxin; toxicity; paralytic_shellfish_toxins; bloom; alexandrium_catenella; paralytic_shellfish_poisoning; dinoflagellates; toxin_production; gymnodinium; pyrodinium; alexandrium_fundyense; light; expression; pyrodinium_bahamense; regulation; alexandrium_tamarense; alexandrium_minutum; nutrient dino_taxon; dino_taxon; toxin; biological_process; toxin; env_factor; dino_taxon; toxin; dino_taxon; biological_process; dino_taxon; dino_taxon; dino_taxon; env_factor; biological_process; dino_taxon; biological_process; dino_taxon; dino_taxon; env_factor
light,ENV_FACTOR,sxtg,SXT_GENE,environment_gene_regulation,0.3129962418677851,256,7.287460621868691,14,0.5,23,29,saxitoxin; dinoflagellate; dinoflagellates; alexandrium; paralytic_shellfish_toxins; biosynthesis; sxta; paralytic_shellfish_poisoning; alexandrium_minutum; nutrient; cyanobacteria; toxin_production; gymnodinium; gymnodinium_catenatum; transcriptome; alexandrium_fundyense; pyrodinium; gonyautoxin; sxt_genes; saxitoxin_biosynthesis,TOXIN; DINO_TAXON; DINO_TAXON; DINO_TAXON; TOXIN; BIOLOGICAL_PROCESS; SXT_GENE; TOXIN; DINO_TAXON; ENV_FACTOR; CYANO_TAXON; BIOLOGICAL_PROCESS; DINO_TAXON; DINO_TAXON; BIOLOGICAL_PROCESS; DINO_TAXON; DINO_TAXON; TOXIN; SXT_GENE; BIOLOGICAL_PROCESS,dino_pre2016,unvalidated_candidate,1,light|||sxtg,Subsequently represented,"The relationship between light and sxtg was identified as a candidate missing link in the pre-2016 dinoflagellate knowledge graph. Historical graph connectivity includes bridge concepts such as saxitoxin, dinoflagellate, dinoflagellates, alexandrium, paralytic shellfish toxins. This relationship should be interpreted as a literature-derived hypothesis rather than experimental evidence of a biological mechanism.",14,7.287460621868691,Adamic–Adar,light sxtg env_factor sxt_gene environment_gene_regulation saxitoxin; dinoflagellate; dinoflagellates; alexandrium; paralytic_shellfish_toxins; biosynthesis; sxta; paralytic_shellfish_poisoning; alexandrium_minutum; nutrient; cyanobacteria; toxin_production; gymnodinium; gymnodinium_catenatum; transcriptome; alexandrium_fundyense; pyrodinium; gonyautoxin; sxt_genes; saxitoxin_biosynthesis toxin; dino_taxon; dino_taxon; dino_taxon; toxin; biological_process; sxt_gene; toxin; dino_taxon; env_factor; cyano_taxon; biological_process; dino_taxon; dino_taxon; biological_process; dino_taxon; dino_taxon; toxin; sxt_gene; biological_process
pyrodinium,DINO_TAXON,cyanobacterium,CYANO_TAXON,cross_taxa_association,0.3818095197047971,141,7.223403139911461,15,0.5,23,28,saxitoxin; dinoflagellates; paralytic_shellfish_poisoning; hplc; alexandrium; dinoflagellate; paralytic_shellfish_toxins; sxta; cyanobacteria; cyanobacterial; mass_spectrometry; toxin_production; saxitoxin_biosynthesis; anabaena; bloom; lc_ms; nitrogen; aphanizomenon; lyngbya; cylindrospermopsis,TOXIN; DINO_TAXON; TOXIN; DETECTION_METHOD; DINO_TAXON; DINO_TAXON; TOXIN; SXT_GENE; CYANO_TAXON; CYANO_TAXON; DETECTION_METHOD; BIOLOGICAL_PROCESS; BIOLOGICAL_PROCESS; CYANO_TAXON; ENV_FACTOR; DETECTION_METHOD; ENV_FACTOR; CYANO_TAXON; CYANO_TAXON; CYANO_TAXON,dino_pre2016,unvalidated_candidate,1,cyanobacterium|||pyrodinium,Not observed post-2015,"The relationship between pyrodinium and cyanobacterium was identified as a candidate missing link in the pre-2016 dinoflagellate knowledge graph. Historical graph connectivity includes bridge concepts such as saxitoxin, dinoflagellates, paralytic shellfish poisoning, hplc, alexandrium. This relationship should be interpreted as a literature-derived hypothesis rather than experimental evidence of a biological mechanism.",15,7.223403139911461,Adamic–Adar,pyrodinium cyanobacterium dino_taxon cyano_taxon cross_taxa_association saxitoxin; dinoflagellates; paralytic_shellfish_poisoning; hplc; alexandrium; dinoflagellate; paralytic_shellfish_toxins; sxta; cyanobacteria; cyanobacterial; mass_spectrometry; toxin_production; saxitoxin_biosynthesis; anabaena; bloom; lc_ms; nitrogen; aphanizomenon; lyngbya; cylindrospermopsis toxin; dino_taxon; toxin; detection_method; dino_taxon; dino_taxon; toxin; sxt_gene; cyano_taxon; cyano_taxon; detection_method; biological_process; biological_process; cyano_taxon; env_factor; detection_method; env_factor; cyano_taxon; cyano_taxon; cyano_taxon
neosaxitoxin,TOXIN,regulation,BIOLOGICAL_PROCESS,process_toxin_association,0.3312606170863378,228,7.217487970841912,16,0.5471698113207547,11,29,alexandrium; dinoflagellate; dinoflagellates; saxitoxin; paralytic_shellfish_toxins; paralytic_shellfish_poisoning; alexandrium_tamarense; toxicity; toxin_production; light; pyrodinium; pyrodinium_bahamense; salinity; nutrient; cyanobacteria; temperature; gymnodinium; hplc; gonyautoxin; alexandrium_fundyense,DINO_TAXON; DINO_TAXON; DINO_TAXON; TOXIN; TOXIN; TOXIN; DINO_TAXON; BIOLOGICAL_PROCESS; BIOLOGICAL_PROCESS; ENV_FACTOR; DINO_TAXON; DINO_TAXON; ENV_FACTOR; ENV_FACTOR; CYANO_TAXON; ENV_FACTOR; DINO_TAXON; DETECTION_METHOD; TOXIN; DINO_TAXON,dino_pre2016,unvalidated_candidate,1,neosaxitoxin|||regulation,Not observed post-2015,"The relationship between neosaxitoxin and regulation was identified as a candidate missing link in the pre-2016 dinoflagellate knowledge graph. Historical graph connectivity includes bridge concepts such as alexandrium, dinoflagellate, dinoflagellates, saxitoxin, paralytic shellfish toxins. This relationship should be interpreted as a literature-derived hypothesis rather than experimental evidence of a biological mechanism.",16,7.217487970841912,Adamic–Adar,neosaxitoxin regulation toxin biological_process process_toxin_association alexandrium; dinoflagellate; dinoflagellates; saxitoxin; paralytic_shellfish_toxins; paralytic_shellfish_poisoning; alexandrium_tamarense; toxicity; toxin_production; light; pyrodinium; pyrodinium_bahamense; salinity; nutrient; cyanobacteria; temperature; gymnodinium; hplc; gonyautoxin; alexandrium_fundyense dino_taxon; dino_taxon; dino_taxon; toxin; toxin; toxin; dino_taxon; biological_process; biological_process; env_factor; dino_taxon; dino_taxon; env_factor; env_factor; cyano_taxon; env_factor; dino_taxon; detection_method; toxin; dino_taxon
sxta,SXT_GENE,salinity,ENV_FACTOR,environment_gene_regulation,0.2644820229710961,327,6.957277662742626,17,0.4057971014492754,71,28,dinoflagellate; saxitoxin; alexandrium; paralytic_shellfish_poisoning; paralytic_shellfish_toxins; pyrodinium; toxicity; dinoflagellates; alexandrium_minutum; toxin_production; bloom; light; pyrodinium_bahamense; regulation; alexandrium_tamarense; nutrient; gonyautoxin; alexandrium_catenella; lc_ms; nitrogen,DINO_TAXON; TOXIN; DINO_TAXON; TOXIN; TOXIN; DINO_TAXON; BIOLOGICAL_PROCESS; DINO_TAXON; DINO_TAXON; BIOLOGICAL_PROCESS; ENV_FACTOR; ENV_FACTOR; DINO_TAXON; BIOLOGICAL_PROCESS; DINO_TAXON; ENV_FACTOR; TOXIN; DINO_TAXON; DETECTION_METHOD; ENV_FACTOR,dino_pre2016,unvalidated_candidate,1,salinity|||sxta,Subsequently represented,"The relationship between sxta and salinity was identified as a candidate missing link in the pre-2016 dinoflagellate knowledge graph. Historical graph connectivity includes bridge concepts such as dinoflagellate, saxitoxin, alexandrium, paralytic shellfish poisoning, paralytic shellfish toxins. This relationship should be interpreted as a literature-derived hypothesis rather than experimental evidence of a biological mechanism.",17,6.957277662742626,Adamic–Adar,sxta salinity sxt_gene env_factor environment_gene_regulation dinoflagellate; saxitoxin; alexandrium; paralytic_shellfish_poisoning; paralytic_shellfish_toxins; pyrodinium; toxicity; dinoflagellates; alexandrium_minutum; toxin_production; bloom; light; pyrodinium_bahamense; regulation; alexandrium_tamarense; nutrient; gonyautoxin; alexandrium_catenella; lc_ms; nitrogen dino_taxon; toxin; dino_taxon; toxin; toxin; dino_taxon; biological_process; dino_taxon; dino_taxon; biological_process; env_factor; env_factor; dino_taxon; biological_process; dino_taxon; env_factor; toxin; dino_taxon; detection_method; env_factor
paralytic_shellfish_toxins,TOXIN,warming,ENV_FACTOR,environment_toxin_association,0.3758221228626297,150,6.906338543752931,18,0.3648648648648648,105,27,saxitoxin; dinoflagellate; alexandrium; toxicity; bloom; salinity; harmful_algal_bloom; temperature; toxin_production; transcriptome; alexandrium_fundyense; pyrodinium; gonyautoxin; gtx; light; nitrogen; expression; pyrodinium_bahamense; nitrate; paralytic_shellfish_poisoning,TOXIN; DINO_TAXON; DINO_TAXON; BIOLOGICAL_PROCESS; ENV_FACTOR; ENV_FACTOR; ENV_FACTOR; ENV_FACTOR; BIOLOGICAL_PROCESS; BIOLOGICAL_PROCESS; DINO_TAXON; DINO_TAXON; TOXIN; TOXIN; ENV_FACTOR; ENV_FACTOR; BIOLOGICAL_PROCESS; DINO_TAXON; ENV_FACTOR; TOXIN,dino_pre2016,unvalidated_candidate,1,paralytic_shellfish_toxins|||warming,Subsequently represented,"The relationship between paralytic shellfish toxins and warming was identified as a candidate missing link in the pre-2016 dinoflagellate knowledge graph. Historical graph connectivity includes bridge concepts such as saxitoxin, dinoflagellate, alexandrium, toxicity, bloom. This relationship should be interpreted as a literature-derived hypothesis rather than experimental evidence of a biological mechanism.",18,6.906338543752931,Adamic–Adar,paralytic_shellfish_toxins warming toxin env_factor environment_toxin_association saxitoxin; dinoflagellate; alexandrium; toxicity; bloom; salinity; harmful_algal_bloom; temperature; toxin_production; transcriptome; alexandrium_fundyense; pyrodinium; gonyautoxin; gtx; light; nitrogen; expression; pyrodinium_bahamense; nitrate; paralytic_shellfish_poisoning toxin; dino_taxon; dino_taxon; biological_process; env_factor; env_factor; env_factor; env_factor; biological_process; biological_process; dino_taxon; dino_taxon; toxin; toxin; env_factor; env_factor; biological_process; dino_taxon; env_factor; toxin
alexandrium_minutum,DINO_TAXON,sxt_genes,SXT_GENE,taxon_gene_association,0.3276519843624346,234,6.810211505345947,19,0.45,35,27,saxitoxin; dinoflagellate; alexandrium; biosynthesis; dinoflagellates; sxta; cyanobacteria; gymnodinium; gymnodinium_catenatum; paralytic_shellfish_toxins; pyrodinium; paralytic_shellfish_poisoning; phylogenetic; transcriptome; saxitoxin_biosynthesis; bloom; alexandrium_catenella; light; expression; pyrodinium_bahamense,TOXIN; DINO_TAXON; DINO_TAXON; BIOLOGICAL_PROCESS; DINO_TAXON; SXT_GENE; CYANO_TAXON; DINO_TAXON; DINO_TAXON; TOXIN; DINO_TAXON; TOXIN; BIOLOGICAL_PROCESS; BIOLOGICAL_PROCESS; BIOLOGICAL_PROCESS; ENV_FACTOR; DINO_TAXON; ENV_FACTOR; BIOLOGICAL_PROCESS; DINO_TAXON,dino_pre2016,unvalidated_candidate,1,alexandrium_minutum|||sxt_genes,Subsequently represented,"The relationship between alexandrium minutum and sxt genes was identified as a candidate missing link in the pre-2016 dinoflagellate knowledge graph. Historical graph connectivity includes bridge concepts such as saxitoxin, dinoflagellate, alexandrium, biosynthesis, dinoflagellates. This relationship should be interpreted as a literature-derived hypothesis rather than experimental evidence of a biological mechanism.",19,6.810211505345947,Adamic–Adar,alexandrium_minutum sxt_genes dino_taxon sxt_gene taxon_gene_association saxitoxin; dinoflagellate; alexandrium; biosynthesis; dinoflagellates; sxta; cyanobacteria; gymnodinium; gymnodinium_catenatum; paralytic_shellfish_toxins; pyrodinium; paralytic_shellfish_poisoning; phylogenetic; transcriptome; saxitoxin_biosynthesis; bloom; alexandrium_catenella; light; expression; pyrodinium_bahamense toxin; dino_taxon; dino_taxon; biological_process; dino_taxon; sxt_gene; cyano_taxon; dino_taxon; dino_taxon; toxin; dino_taxon; toxin; biological_process; biological_process; biological_process; env_factor; dino_taxon; env_factor; biological_process; dino_taxon
gtx,TOXIN,expression,BIOLOGICAL_PROCESS,process_toxin_association,0.3117640668602617,259,6.795650114034677,20,0.45,35,27,dinoflagellate; alexandrium; saxitoxin; paralytic_shellfish_poisoning; paralytic_shellfish_toxins; dinoflagellates; alexandrium_tamarense; alexandrium_minutum; nutrient; toxin_production; alexandrium_fundyense; biosynthesis; gymnodinium; gymnodinium_catenatum; saxitoxin_biosynthesis; alexandrium_catenella; light; toxin_biosynthesis; phylogenetic; nutrients,DINO_TAXON; DINO_TAXON; TOXIN; TOXIN; TOXIN; DINO_TAXON; DINO_TAXON; DINO_TAXON; ENV_FACTOR; BIOLOGICAL_PROCESS; DINO_TAXON; BIOLOGICAL_PROCESS; DINO_TAXON; DINO_TAXON; BIOLOGICAL_PROCESS; DINO_TAXON; ENV_FACTOR; BIOLOGICAL_PROCESS; BIOLOGICAL_PROCESS; ENV_FACTOR,dino_pre2016,unvalidated_candidate,1,expression|||gtx,Not observed post-2015,"The relationship between gtx and expression was identified as a candidate missing link in the pre-2016 dinoflagellate knowledge graph. Historical graph connectivity includes bridge concepts such as dinoflagellate, alexandrium, saxitoxin, paralytic shellfish poisoning, paralytic shellfish toxins. This relationship should be interpreted as a literature-derived hypothesis rather than experimental evidence of a biological mechanism.",20,6.795650114034677,Adamic–Adar,gtx expression toxin biological_process process_toxin_association dinoflagellate; alexandrium; saxitoxin; paralytic_shellfish_poisoning; paralytic_shellfish_toxins; dinoflagellates; alexandrium_tamarense; alexandrium_minutum; nutrient; toxin_production; alexandrium_fundyense; biosynthesis; gymnodinium; gymnodinium_catenatum; saxitoxin_biosynthesis; alexandrium_catenella; light; toxin_biosynthesis; phylogenetic; nutrients dino_taxon; dino_taxon; toxin; toxin; toxin; dino_taxon; dino_taxon; dino_taxon; env_factor; biological_process; dino_taxon; biological_process; dino_taxon; dino_taxon; biological_process; dino_taxon; env_factor; biological_process; biological_process; env_factor
toxin_production,BIOLOGICAL_PROCESS,sxt_genes,SXT_GENE,gene_process_association,0.2928740939696978,283,6.778599351341765,21,0.4354838709677419,51,27,saxitoxin; biosynthesis; dinoflagellate; alexandrium; dinoflagellates; saxitoxin_biosynthesis; sxta; cyanobacteria; gymnodinium; gymnodinium_catenatum; paralytic_shellfish_toxins; pyrodinium; cyanobacterial; paralytic_shellfish_poisoning; phylogenetic; transcriptome; bloom; alexandrium_catenella; light; expression,TOXIN; BIOLOGICAL_PROCESS; DINO_TAXON; DINO_TAXON; DINO_TAXON; BIOLOGICAL_PROCESS; SXT_GENE; CYANO_TAXON; DINO_TAXON; DINO_TAXON; TOXIN; DINO_TAXON; CYANO_TAXON; TOXIN; BIOLOGICAL_PROCESS; BIOLOGICAL_PROCESS; ENV_FACTOR; DINO_TAXON; ENV_FACTOR; BIOLOGICAL_PROCESS,dino_pre2016,unvalidated_candidate,1,sxt_genes|||toxin_production,Subsequently represented,"The relationship between toxin production and sxt genes was identified as a candidate missing link in the pre-2016 dinoflagellate knowledge graph. Historical graph connectivity includes bridge concepts such as saxitoxin, biosynthesis, dinoflagellate, alexandrium, dinoflagellates. This relationship should be interpreted as a literature-derived hypothesis rather than experimental evidence of a biological mechanism.",21,6.778599351341765,Adamic–Adar,toxin_production sxt_genes biological_process sxt_gene gene_process_association saxitoxin; biosynthesis; dinoflagellate; alexandrium; dinoflagellates; saxitoxin_biosynthesis; sxta; cyanobacteria; gymnodinium; gymnodinium_catenatum; paralytic_shellfish_toxins; pyrodinium; cyanobacterial; paralytic_shellfish_poisoning; phylogenetic; transcriptome; bloom; alexandrium_catenella; light; expression toxin; biological_process; dino_taxon; dino_taxon; dino_taxon; biological_process; sxt_gene; cyano_taxon; dino_taxon; dino_taxon; toxin; dino_taxon; cyano_taxon; toxin; biological_process; biological_process; env_factor; dino_taxon; env_factor; biological_process
sxta,SXT_GENE,nitrate,ENV_FACTOR,environment_gene_regulation,0.1450335749868359,464,6.766135118414804,22,0.391304347826087,83,27,alexandrium; dinoflagellate; paralytic_shellfish_toxins; dinoflagellates; saxitoxin; paralytic_shellfish_poisoning; toxicity; alexandrium_tamarense; alexandrium_minutum; bloom; toxin_production; alexandrium_fundyense; light; regulation; nutrient; pyrodinium; gonyautoxin; alexandrium_catenella; nitrogen; pyrodinium_bahamense,DINO_TAXON; DINO_TAXON; TOXIN; DINO_TAXON; TOXIN; TOXIN; BIOLOGICAL_PROCESS; DINO_TAXON; DINO_TAXON; ENV_FACTOR; BIOLOGICAL_PROCESS; DINO_TAXON; ENV_FACTOR; BIOLOGICAL_PROCESS; ENV_FACTOR; DINO_TAXON; TOXIN; DINO_TAXON; ENV_FACTOR; DINO_TAXON,dino_pre2016,unvalidated_candidate,1,nitrate|||sxta,Subsequently represented,"The relationship between sxta and nitrate was identified as a candidate missing link in the pre-2016 dinoflagellate knowledge graph. Historical graph connectivity includes bridge concepts such as alexandrium, dinoflagellate, paralytic shellfish toxins, dinoflagellates, saxitoxin. This relationship should be interpreted as a literature-derived hypothesis rather than experimental evidence of a biological mechanism.",22,6.766135118414804,Adamic–Adar,sxta nitrate sxt_gene env_factor environment_gene_regulation alexandrium; dinoflagellate; paralytic_shellfish_toxins; dinoflagellates; saxitoxin; paralytic_shellfish_poisoning; toxicity; alexandrium_tamarense; alexandrium_minutum; bloom; toxin_production; alexandrium_fundyense; light; regulation; nutrient; pyrodinium; gonyautoxin; alexandrium_catenella; nitrogen; pyrodinium_bahamense dino_taxon; dino_taxon; toxin; dino_taxon; toxin; toxin; biological_process; dino_taxon; dino_taxon; env_factor; biological_process; dino_taxon; env_factor; biological_process; env_factor; dino_taxon; toxin; dino_taxon; env_factor; dino_taxon
neosaxitoxin,TOXIN,nutrients,ENV_FACTOR,environment_toxin_association,0.3730664880776951,157,6.736568716785618,23,0.6,4,27,dinoflagellate; alexandrium; saxitoxin; toxicity; toxin_production; paralytic_shellfish_toxins; light; salinity; paralytic_shellfish_poisoning; dinoflagellates; gymnodinium; pyrodinium; gtx; pyrodinium_bahamense; alexandrium_tamarense; nutrient; phylogenetic; temperature; hplc; gymnodinium_catenatum,DINO_TAXON; DINO_TAXON; TOXIN; BIOLOGICAL_PROCESS; BIOLOGICAL_PROCESS; TOXIN; ENV_FACTOR; ENV_FACTOR; TOXIN; DINO_TAXON; DINO_TAXON; DINO_TAXON; TOXIN; DINO_TAXON; DINO_TAXON; ENV_FACTOR; BIOLOGICAL_PROCESS; ENV_FACTOR; DETECTION_METHOD; DINO_TAXON,dino_pre2016,unvalidated_candidate,1,neosaxitoxin|||nutrients,Not observed post-2015,"The relationship between neosaxitoxin and nutrients was identified as a candidate missing link in the pre-2016 dinoflagellate knowledge graph. Historical graph connectivity includes bridge concepts such as dinoflagellate, alexandrium, saxitoxin, toxicity, toxin production. This relationship should be interpreted as a literature-derived hypothesis rather than experimental evidence of a biological mechanism.",23,6.736568716785618,Adamic–Adar,neosaxitoxin nutrients toxin env_factor environment_toxin_association dinoflagellate; alexandrium; saxitoxin; toxicity; toxin_production; paralytic_shellfish_toxins; light; salinity; paralytic_shellfish_poisoning; dinoflagellates; gymnodinium; pyrodinium; gtx; pyrodinium_bahamense; alexandrium_tamarense; nutrient; phylogenetic; temperature; hplc; gymnodinium_catenatum dino_taxon; dino_taxon; toxin; biological_process; biological_process; toxin; env_factor; env_factor; toxin; dino_taxon; dino_taxon; dino_taxon; toxin; dino_taxon; dino_taxon; env_factor; biological_process; env_factor; detection_method; dino_taxon
alexandrium_catenella,DINO_TAXON,anabaena,CYANO_TAXON,cross_taxa_association,0.3639950206008027,173,6.717566295732175,24,0.4576271186440678,34,27,saxitoxin; alexandrium; dinoflagellates; paralytic_shellfish_toxins; dinoflagellate; alexandrium_tamarense; hplc; paralytic_shellfish_poisoning; biosynthesis; cyanobacteria; bloom; sxta; expression; evolution; phylogenetic; gymnodinium; pyrodinium; gonyautoxin; saxitoxin_biosynthesis; gene_expression,TOXIN; DINO_TAXON; DINO_TAXON; TOXIN; DINO_TAXON; DINO_TAXON; DETECTION_METHOD; TOXIN; BIOLOGICAL_PROCESS; CYANO_TAXON; ENV_FACTOR; SXT_GENE; BIOLOGICAL_PROCESS; BIOLOGICAL_PROCESS; BIOLOGICAL_PROCESS; DINO_TAXON; DINO_TAXON; TOXIN; BIOLOGICAL_PROCESS; BIOLOGICAL_PROCESS,dino_pre2016,unvalidated_candidate,1,alexandrium_catenella|||anabaena,Not observed post-2015,"The relationship between alexandrium catenella and anabaena was identified as a candidate missing link in the pre-2016 dinoflagellate knowledge graph. Historical graph connectivity includes bridge concepts such as saxitoxin, alexandrium, dinoflagellates, paralytic shellfish toxins, dinoflagellate. This relationship should be interpreted as a literature-derived hypothesis rather than experimental evidence of a biological mechanism.",24,6.717566295732175,Adamic–Adar,alexandrium_catenella anabaena dino_taxon cyano_taxon cross_taxa_association saxitoxin; alexandrium; dinoflagellates; paralytic_shellfish_toxins; dinoflagellate; alexandrium_tamarense; hplc; paralytic_shellfish_poisoning; biosynthesis; cyanobacteria; bloom; sxta; expression; evolution; phylogenetic; gymnodinium; pyrodinium; gonyautoxin; saxitoxin_biosynthesis; gene_expression toxin; dino_taxon; dino_taxon; toxin; dino_taxon; dino_taxon; detection_method; toxin; biological_process; cyano_taxon; env_factor; sxt_gene; biological_process; biological_process; biological_process; dino_taxon; dino_taxon; toxin; biological_process; biological_process
alexandrium_fundyense,DINO_TAXON,sxt_genes,SXT_GENE,taxon_gene_association,0.4895331100538498,55,6.631515247591861,25,0.490566037735849,27,26,saxitoxin; biosynthesis; dinoflagellate; alexandrium; saxitoxin_biosynthesis; dinoflagellates; sxta; paralytic_shellfish_toxins; paralytic_shellfish_poisoning; phylogenetic; cyanobacteria; transcriptome; bloom; alexandrium_catenella; light; expression; cyanobacterial; evolution; toxin_biosynthesis; gene_duplication,TOXIN; BIOLOGICAL_PROCESS; DINO_TAXON; DINO_TAXON; BIOLOGICAL_PROCESS; DINO_TAXON; SXT_GENE; TOXIN; TOXIN; BIOLOGICAL_PROCESS; CYANO_TAXON; BIOLOGICAL_PROCESS; ENV_FACTOR; DINO_TAXON; ENV_FACTOR; BIOLOGICAL_PROCESS; CYANO_TAXON; BIOLOGICAL_PROCESS; BIOLOGICAL_PROCESS; BIOLOGICAL_PROCESS,dino_pre2016,unvalidated_candidate,1,alexandrium_fundyense|||sxt_genes,Subsequently represented,"The relationship between alexandrium fundyense and sxt genes was identified as a candidate missing link in the pre-2016 dinoflagellate knowledge graph. Historical graph connectivity includes bridge concepts such as saxitoxin, biosynthesis, dinoflagellate, alexandrium, saxitoxin biosynthesis. This relationship should be interpreted as a literature-derived hypothesis rather than experimental evidence of a biological mechanism.",25,6.631515247591861,Adamic–Adar,alexandrium_fundyense sxt_genes dino_taxon sxt_gene taxon_gene_association saxitoxin; biosynthesis; dinoflagellate; alexandrium; saxitoxin_biosynthesis; dinoflagellates; sxta; paralytic_shellfish_toxins; paralytic_shellfish_poisoning; phylogenetic; cyanobacteria; transcriptome; bloom; alexandrium_catenella; light; expression; cyanobacterial; evolution; toxin_biosynthesis; gene_duplication toxin; biological_process; dino_taxon; dino_taxon; biological_process; dino_taxon; sxt_gene; toxin; toxin; biological_process; cyano_taxon; biological_process; env_factor; dino_taxon; env_factor; biological_process; cyano_taxon; biological_process; biological_process; biological_process
neosaxitoxin,TOXIN,harmful_algal_bloom,ENV_FACTOR,environment_toxin_association,0.5079702383053006,46,6.420536341158245,26,0.5652173913043478,7,26,saxitoxin; alexandrium; paralytic_shellfish_poisoning; dinoflagellate; dinoflagellates; toxicity; paralytic_shellfish_toxins; alexandrium_tamarense; gonyautoxin; gymnodinium; hplc; pyrodinium; mass_spectrometry; nutrient; gymnodinium_catenatum; alexandrium_fundyense; bloom; alexandrium_catenella; nitrogen; pyrodinium_bahamense,TOXIN; DINO_TAXON; TOXIN; DINO_TAXON; DINO_TAXON; BIOLOGICAL_PROCESS; TOXIN; DINO_TAXON; TOXIN; DINO_TAXON; DETECTION_METHOD; DINO_TAXON; DETECTION_METHOD; ENV_FACTOR; DINO_TAXON; DINO_TAXON; ENV_FACTOR; DINO_TAXON; ENV_FACTOR; DINO_TAXON,dino_pre2016,unvalidated_candidate,1,harmful_algal_bloom|||neosaxitoxin,Not observed post-2015,"The relationship between neosaxitoxin and harmful algal bloom was identified as a candidate missing link in the pre-2016 dinoflagellate knowledge graph. Historical graph connectivity includes bridge concepts such as saxitoxin, alexandrium, paralytic shellfish poisoning, dinoflagellate, dinoflagellates. This relationship should be interpreted as a literature-derived hypothesis rather than experimental evidence of a biological mechanism.",26,6.420536341158245,Adamic–Adar,neosaxitoxin harmful_algal_bloom toxin env_factor environment_toxin_association saxitoxin; alexandrium; paralytic_shellfish_poisoning; dinoflagellate; dinoflagellates; toxicity; paralytic_shellfish_toxins; alexandrium_tamarense; gonyautoxin; gymnodinium; hplc; pyrodinium; mass_spectrometry; nutrient; gymnodinium_catenatum; alexandrium_fundyense; bloom; alexandrium_catenella; nitrogen; pyrodinium_bahamense toxin; dino_taxon; toxin; dino_taxon; dino_taxon; biological_process; toxin; dino_taxon; toxin; dino_taxon; detection_method; dino_taxon; detection_method; env_factor; dino_taxon; dino_taxon; env_factor; dino_taxon; env_factor; dino_taxon
anabaena,CYANO_TAXON,sxtg,SXT_GENE,cyano_gene_transfer_signal,0.3914509182075347,127,6.280525087915277,27,0.5319148936170213,18,25,saxitoxin; dinoflagellate; dinoflagellates; alexandrium; paralytic_shellfish_toxins; biosynthesis; cyanobacteria; sxta; cyanobacterial; evolution; paralytic_shellfish_poisoning; gymnodinium; pyrodinium; gonyautoxin; saxitoxin_biosynthesis; bloom; expression; gene_expression; toxin_biosynthesis; toxicity,TOXIN; DINO_TAXON; DINO_TAXON; DINO_TAXON; TOXIN; BIOLOGICAL_PROCESS; CYANO_TAXON; SXT_GENE; CYANO_TAXON; BIOLOGICAL_PROCESS; TOXIN; DINO_TAXON; DINO_TAXON; TOXIN; BIOLOGICAL_PROCESS; ENV_FACTOR; BIOLOGICAL_PROCESS; BIOLOGICAL_PROCESS; BIOLOGICAL_PROCESS; BIOLOGICAL_PROCESS,dino_pre2016,unvalidated_candidate,1,anabaena|||sxtg,Not observed post-2015,"The relationship between anabaena and sxtg was identified as a candidate missing link in the pre-2016 dinoflagellate knowledge graph. Historical graph connectivity includes bridge concepts such as saxitoxin, dinoflagellate, dinoflagellates, alexandrium, paralytic shellfish toxins. This relationship should be interpreted as a literature-derived hypothesis rather than experimental evidence of a biological mechanism.",27,6.280525087915277,Adamic–Adar,anabaena sxtg cyano_taxon sxt_gene cyano_gene_transfer_signal saxitoxin; dinoflagellate; dinoflagellates; alexandrium; paralytic_shellfish_toxins; biosynthesis; cyanobacteria; sxta; cyanobacterial; evolution; paralytic_shellfish_poisoning; gymnodinium; pyrodinium; gonyautoxin; saxitoxin_biosynthesis; bloom; expression; gene_expression; toxin_biosynthesis; toxicity toxin; dino_taxon; dino_taxon; dino_taxon; toxin; biological_process; cyano_taxon; sxt_gene; cyano_taxon; biological_process; toxin; dino_taxon; dino_taxon; toxin; biological_process; env_factor; biological_process; biological_process; biological_process; biological_process
alexandrium_fundyense,DINO_TAXON,anabaena,CYANO_TAXON,cross_taxa_association,0.3486288455350797,196,6.250730379813551,28,0.4166666666666667,67,25,saxitoxin; alexandrium; dinoflagellates; paralytic_shellfish_toxins; dinoflagellate; paralytic_shellfish_poisoning; biosynthesis; bloom; sxta; expression; phylogenetic; cyanobacteria; saxitoxin_biosynthesis; gene_expression; cyanobacterial; evolution; toxin_biosynthesis; regulation; alexandrium_tamarense; toxicity,TOXIN; DINO_TAXON; DINO_TAXON; TOXIN; DINO_TAXON; TOXIN; BIOLOGICAL_PROCESS; ENV_FACTOR; SXT_GENE; BIOLOGICAL_PROCESS; BIOLOGICAL_PROCESS; CYANO_TAXON; BIOLOGICAL_PROCESS; BIOLOGICAL_PROCESS; CYANO_TAXON; BIOLOGICAL_PROCESS; BIOLOGICAL_PROCESS; BIOLOGICAL_PROCESS; DINO_TAXON; BIOLOGICAL_PROCESS,dino_pre2016,unvalidated_candidate,1,alexandrium_fundyense|||anabaena,Subsequently represented,"The relationship between alexandrium fundyense and anabaena was identified as a candidate missing link in the pre-2016 dinoflagellate knowledge graph. Historical graph connectivity includes bridge concepts such as saxitoxin, alexandrium, dinoflagellates, paralytic shellfish toxins, dinoflagellate. This relationship should be interpreted as a literature-derived hypothesis rather than experimental evidence of a biological mechanism.",28,6.250730379813551,Adamic–Adar,alexandrium_fundyense anabaena dino_taxon cyano_taxon cross_taxa_association saxitoxin; alexandrium; dinoflagellates; paralytic_shellfish_toxins; dinoflagellate; paralytic_shellfish_poisoning; biosynthesis; bloom; sxta; expression; phylogenetic; cyanobacteria; saxitoxin_biosynthesis; gene_expression; cyanobacterial; evolution; toxin_biosynthesis; regulation; alexandrium_tamarense; toxicity toxin; dino_taxon; dino_taxon; toxin; dino_taxon; toxin; biological_process; env_factor; sxt_gene; biological_process; biological_process; cyano_taxon; biological_process; biological_process; cyano_taxon; biological_process; biological_process; biological_process; dino_taxon; biological_process
nutrient,ENV_FACTOR,sxt_genes,SXT_GENE,environment_gene_regulation,0.303453990216345,271,6.231997651647087,29,0.4464285714285714,39,25,saxitoxin; biosynthesis; dinoflagellate; alexandrium; dinoflagellates; cyanobacteria; paralytic_shellfish_toxins; pyrodinium; saxitoxin_biosynthesis; sxta; paralytic_shellfish_poisoning; phylogenetic; transcriptome; bloom; alexandrium_catenella; light; expression; pyrodinium_bahamense; cyanobacterial; toxin_biosynthesis,TOXIN; BIOLOGICAL_PROCESS; DINO_TAXON; DINO_TAXON; DINO_TAXON; CYANO_TAXON; TOXIN; DINO_TAXON; BIOLOGICAL_PROCESS; SXT_GENE; TOXIN; BIOLOGICAL_PROCESS; BIOLOGICAL_PROCESS; ENV_FACTOR; DINO_TAXON; ENV_FACTOR; BIOLOGICAL_PROCESS; DINO_TAXON; CYANO_TAXON; BIOLOGICAL_PROCESS,dino_pre2016,unvalidated_candidate,1,nutrient|||sxt_genes,Subsequently represented,"The relationship between nutrient and sxt genes was identified as a candidate missing link in the pre-2016 dinoflagellate knowledge graph. Historical graph connectivity includes bridge concepts such as saxitoxin, biosynthesis, dinoflagellate, alexandrium, dinoflagellates. This relationship should be interpreted as a literature-derived hypothesis rather than experimental evidence of a biological mechanism.",29,6.231997651647087,Adamic–Adar,nutrient sxt_genes env_factor sxt_gene environment_gene_regulation saxitoxin; biosynthesis; dinoflagellate; alexandrium; dinoflagellates; cyanobacteria; paralytic_shellfish_toxins; pyrodinium; saxitoxin_biosynthesis; sxta; paralytic_shellfish_poisoning; phylogenetic; transcriptome; bloom; alexandrium_catenella; light; expression; pyrodinium_bahamense; cyanobacterial; toxin_biosynthesis toxin; biological_process; dino_taxon; dino_taxon; dino_taxon; cyano_taxon; toxin; dino_taxon; biological_process; sxt_gene; toxin; biological_process; biological_process; env_factor; dino_taxon; env_factor; biological_process; dino_taxon; cyano_taxon; biological_process
regulation,BIOLOGICAL_PROCESS,sxt_genes,SXT_GENE,gene_process_association,0.3885049041702297,135,6.220488724790518,30,0.4901960784313725,28,25,saxitoxin; dinoflagellate; alexandrium; biosynthesis; dinoflagellates; cyanobacteria; paralytic_shellfish_toxins; pyrodinium; saxitoxin_biosynthesis; sxta; cyanobacterial; paralytic_shellfish_poisoning; gymnodinium; transcriptome; bloom; alexandrium_catenella; light; expression; pyrodinium_bahamense; evolution,TOXIN; DINO_TAXON; DINO_TAXON; BIOLOGICAL_PROCESS; DINO_TAXON; CYANO_TAXON; TOXIN; DINO_TAXON; BIOLOGICAL_PROCESS; SXT_GENE; CYANO_TAXON; TOXIN; DINO_TAXON; BIOLOGICAL_PROCESS; ENV_FACTOR; DINO_TAXON; ENV_FACTOR; BIOLOGICAL_PROCESS; DINO_TAXON; BIOLOGICAL_PROCESS,dino_pre2016,unvalidated_candidate,1,regulation|||sxt_genes,Subsequently represented,"The relationship between regulation and sxt genes was identified as a candidate missing link in the pre-2016 dinoflagellate knowledge graph. Historical graph connectivity includes bridge concepts such as saxitoxin, dinoflagellate, alexandrium, biosynthesis, dinoflagellates. This relationship should be interpreted as a literature-derived hypothesis rather than experimental evidence of a biological mechanism.",30,6.220488724790518,Adamic–Adar,regulation sxt_genes biological_process sxt_gene gene_process_association saxitoxin; dinoflagellate; alexandrium; biosynthesis; dinoflagellates; cyanobacteria; paralytic_shellfish_toxins; pyrodinium; saxitoxin_biosynthesis; sxta; cyanobacterial; paralytic_shellfish_poisoning; gymnodinium; transcriptome; bloom; alexandrium_catenella; light; expression; pyrodinium_bahamense; evolution toxin; dino_taxon; dino_taxon; biological_process; dino_taxon; cyano_taxon; toxin; dino_taxon; biological_process; sxt_gene; cyano_taxon; toxin; dino_taxon; biological_process; env_factor; dino_taxon; env_factor; biological_process; dino_taxon; biological_process
pyrodinium_bahamense,DINO_TAXON,anabaena,CYANO_TAXON,cross_taxa_association,0.1928630703375884,415,6.217645881891077,31,0.4464285714285714,39,25,saxitoxin; dinoflagellates; paralytic_shellfish_toxins; alexandrium; dinoflagellate; hplc; paralytic_shellfish_poisoning; bloom; sxta; cyanobacterial; biosynthesis; gymnodinium; pyrodinium; gonyautoxin; saxitoxin_biosynthesis; lc_ms; evolution; regulation; toxicity; mass_spectrometry,TOXIN; DINO_TAXON; TOXIN; DINO_TAXON; DINO_TAXON; DETECTION_METHOD; TOXIN; ENV_FACTOR; SXT_GENE; CYANO_TAXON; BIOLOGICAL_PROCESS; DINO_TAXON; DINO_TAXON; TOXIN; BIOLOGICAL_PROCESS; DETECTION_METHOD; BIOLOGICAL_PROCESS; BIOLOGICAL_PROCESS; BIOLOGICAL_PROCESS; DETECTION_METHOD,dino_pre2016,unvalidated_candidate,1,anabaena|||pyrodinium_bahamense,Subsequently represented,"The relationship between pyrodinium bahamense and anabaena was identified as a candidate missing link in the pre-2016 dinoflagellate knowledge graph. Historical graph connectivity includes bridge concepts such as saxitoxin, dinoflagellates, paralytic shellfish toxins, alexandrium, dinoflagellate. This relationship should be interpreted as a literature-derived hypothesis rather than experimental evidence of a biological mechanism.",31,6.217645881891077,Adamic–Adar,pyrodinium_bahamense anabaena dino_taxon cyano_taxon cross_taxa_association saxitoxin; dinoflagellates; paralytic_shellfish_toxins; alexandrium; dinoflagellate; hplc; paralytic_shellfish_poisoning; bloom; sxta; cyanobacterial; biosynthesis; gymnodinium; pyrodinium; gonyautoxin; saxitoxin_biosynthesis; lc_ms; evolution; regulation; toxicity; mass_spectrometry toxin; dino_taxon; toxin; dino_taxon; dino_taxon; detection_method; toxin; env_factor; sxt_gene; cyano_taxon; biological_process; dino_taxon; dino_taxon; toxin; biological_process; detection_method; biological_process; biological_process; biological_process; detection_method
sxta,SXT_GENE,phosphate,ENV_FACTOR,environment_gene_regulation,0.3325689685299279,226,6.206550131502328,32,0.390625,84,25,alexandrium; dinoflagellate; saxitoxin; toxicity; alexandrium_minutum; paralytic_shellfish_toxins; alexandrium_fundyense; saxitoxin_biosynthesis; biosynthesis; toxin_production; light; toxin_biosynthesis; regulation; dinoflagellates; alexandrium_tamarense; nutrient; gonyautoxin; bloom; nitrogen; paralytic_shellfish_poisoning,DINO_TAXON; DINO_TAXON; TOXIN; BIOLOGICAL_PROCESS; DINO_TAXON; TOXIN; DINO_TAXON; BIOLOGICAL_PROCESS; BIOLOGICAL_PROCESS; BIOLOGICAL_PROCESS; ENV_FACTOR; BIOLOGICAL_PROCESS; BIOLOGICAL_PROCESS; DINO_TAXON; DINO_TAXON; ENV_FACTOR; TOXIN; ENV_FACTOR; ENV_FACTOR; TOXIN,dino_pre2016,unvalidated_candidate,1,phosphate|||sxta,Subsequently represented,"The relationship between sxta and phosphate was identified as a candidate missing link in the pre-2016 dinoflagellate knowledge graph. Historical graph connectivity includes bridge concepts such as alexandrium, dinoflagellate, saxitoxin, toxicity, alexandrium minutum. This relationship should be interpreted as a literature-derived hypothesis rather than experimental evidence of a biological mechanism.",32,6.206550131502328,Adamic–Adar,sxta phosphate sxt_gene env_factor environment_gene_regulation alexandrium; dinoflagellate; saxitoxin; toxicity; alexandrium_minutum; paralytic_shellfish_toxins; alexandrium_fundyense; saxitoxin_biosynthesis; biosynthesis; toxin_production; light; toxin_biosynthesis; regulation; dinoflagellates; alexandrium_tamarense; nutrient; gonyautoxin; bloom; nitrogen; paralytic_shellfish_poisoning dino_taxon; dino_taxon; toxin; biological_process; dino_taxon; toxin; dino_taxon; biological_process; biological_process; biological_process; env_factor; biological_process; biological_process; dino_taxon; dino_taxon; env_factor; toxin; env_factor; env_factor; toxin
harmful_algal_bloom,ENV_FACTOR,sxtg,SXT_GENE,environment_gene_regulation,0.3250192371309048,240,6.178775269769186,33,0.5319148936170213,18,25,saxitoxin; dinoflagellate; dinoflagellates; alexandrium; paralytic_shellfish_toxins; sxta; paralytic_shellfish_poisoning; alexandrium_minutum; nutrient; gymnodinium; gymnodinium_catenatum; pyrodinium; gonyautoxin; alexandrium_fundyense; bloom; nitrogen; expression; pyrodinium_bahamense; cyanobacterial; toxin_biosynthesis,TOXIN; DINO_TAXON; DINO_TAXON; DINO_TAXON; TOXIN; SXT_GENE; TOXIN; DINO_TAXON; ENV_FACTOR; DINO_TAXON; DINO_TAXON; DINO_TAXON; TOXIN; DINO_TAXON; ENV_FACTOR; ENV_FACTOR; BIOLOGICAL_PROCESS; DINO_TAXON; CYANO_TAXON; BIOLOGICAL_PROCESS,dino_pre2016,unvalidated_candidate,1,harmful_algal_bloom|||sxtg,Subsequently represented,"The relationship between harmful algal bloom and sxtg was identified as a candidate missing link in the pre-2016 dinoflagellate knowledge graph. Historical graph connectivity includes bridge concepts such as saxitoxin, dinoflagellate, dinoflagellates, alexandrium, paralytic shellfish toxins. This relationship should be interpreted as a literature-derived hypothesis rather than experimental evidence of a biological mechanism.",33,6.178775269769186,Adamic–Adar,harmful_algal_bloom sxtg env_factor sxt_gene environment_gene_regulation saxitoxin; dinoflagellate; dinoflagellates; alexandrium; paralytic_shellfish_toxins; sxta; paralytic_shellfish_poisoning; alexandrium_minutum; nutrient; gymnodinium; gymnodinium_catenatum; pyrodinium; gonyautoxin; alexandrium_fundyense; bloom; nitrogen; expression; pyrodinium_bahamense; cyanobacterial; toxin_biosynthesis toxin; dino_taxon; dino_taxon; dino_taxon; toxin; sxt_gene; toxin; dino_taxon; env_factor; dino_taxon; dino_taxon; dino_taxon; toxin; dino_taxon; env_factor; env_factor; biological_process; dino_taxon; cyano_taxon; biological_process
gymnodinium_catenatum,DINO_TAXON,cylindrospermopsis,CYANO_TAXON,cross_taxa_association,0.2648900663284174,326,6.124912544919492,34,0.3934426229508196,82,24,paralytic_shellfish_poisoning; dinoflagellates; paralytic_shellfish_toxins; saxitoxin; sxta; cyanobacterial; toxicity; cyanobacteria; expression; phylogenetic; biosynthesis; pyrodinium; saxitoxin_biosynthesis; anabaena; bloom; lc_ms; sxtu; lc_ms_ms; dinoflagellate; alexandrium,TOXIN; DINO_TAXON; TOXIN; TOXIN; SXT_GENE; CYANO_TAXON; BIOLOGICAL_PROCESS; CYANO_TAXON; BIOLOGICAL_PROCESS; BIOLOGICAL_PROCESS; BIOLOGICAL_PROCESS; DINO_TAXON; BIOLOGICAL_PROCESS; CYANO_TAXON; ENV_FACTOR; DETECTION_METHOD; SXT_GENE; DETECTION_METHOD; DINO_TAXON; DINO_TAXON,dino_pre2016,unvalidated_candidate,1,cylindrospermopsis|||gymnodinium_catenatum,Not observed post-2015,"The relationship between gymnodinium catenatum and cylindrospermopsis was identified as a candidate missing link in the pre-2016 dinoflagellate knowledge graph. Historical graph connectivity includes bridge concepts such as paralytic shellfish poisoning, dinoflagellates, paralytic shellfish toxins, saxitoxin, sxta. This relationship should be interpreted as a literature-derived hypothesis rather than experimental evidence of a biological mechanism.",34,6.124912544919492,Adamic–Adar,gymnodinium_catenatum cylindrospermopsis dino_taxon cyano_taxon cross_taxa_association paralytic_shellfish_poisoning; dinoflagellates; paralytic_shellfish_toxins; saxitoxin; sxta; cyanobacterial; toxicity; cyanobacteria; expression; phylogenetic; biosynthesis; pyrodinium; saxitoxin_biosynthesis; anabaena; bloom; lc_ms; sxtu; lc_ms_ms; dinoflagellate; alexandrium toxin; dino_taxon; toxin; toxin; sxt_gene; cyano_taxon; biological_process; cyano_taxon; biological_process; biological_process; biological_process; dino_taxon; biological_process; cyano_taxon; env_factor; detection_method; sxt_gene; detection_method; dino_taxon; dino_taxon
cyanobacteria,CYANO_TAXON,alexandrium_ostenfeldii,DINO_TAXON,cross_taxa_association,0.2363020439318927,367,6.110627931731824,35,0.3478260869565217,130,24,alexandrium; saxitoxin; dinoflagellate; paralytic_shellfish_poisoning; toxicity; dinoflagellates; paralytic_shellfish_toxins; mass_spectrometry; toxin_production; hplc; gonyautoxin; bloom; lc_ms; gtx; light; cyanobacterial; salinity; harmful_algal_bloom; mouse_bioassay; climate,DINO_TAXON; TOXIN; DINO_TAXON; TOXIN; BIOLOGICAL_PROCESS; DINO_TAXON; TOXIN; DETECTION_METHOD; BIOLOGICAL_PROCESS; DETECTION_METHOD; TOXIN; ENV_FACTOR; DETECTION_METHOD; TOXIN; ENV_FACTOR; CYANO_TAXON; ENV_FACTOR; ENV_FACTOR; DETECTION_METHOD; ENV_FACTOR,dino_pre2016,unvalidated_candidate,1,alexandrium_ostenfeldii|||cyanobacteria,Not observed post-2015,"The relationship between cyanobacteria and alexandrium ostenfeldii was identified as a candidate missing link in the pre-2016 dinoflagellate knowledge graph. Historical graph connectivity includes bridge concepts such as alexandrium, saxitoxin, dinoflagellate, paralytic shellfish poisoning, toxicity. This relationship should be interpreted as a literature-derived hypothesis rather than experimental evidence of a biological mechanism.",35,6.110627931731824,Adamic–Adar,cyanobacteria alexandrium_ostenfeldii cyano_taxon dino_taxon cross_taxa_association alexandrium; saxitoxin; dinoflagellate; paralytic_shellfish_poisoning; toxicity; dinoflagellates; paralytic_shellfish_toxins; mass_spectrometry; toxin_production; hplc; gonyautoxin; bloom; lc_ms; gtx; light; cyanobacterial; salinity; harmful_algal_bloom; mouse_bioassay; climate dino_taxon; toxin; dino_taxon; toxin; biological_process; dino_taxon; toxin; detection_method; biological_process; detection_method; toxin; env_factor; detection_method; toxin; env_factor; cyano_taxon; env_factor; env_factor; detection_method; env_factor
pyrodinium_bahamense,DINO_TAXON,cyanobacterium,CYANO_TAXON,cross_taxa_association,0.3666793249443175,167,6.008859782952238,36,0.4363636363636363,50,24,saxitoxin; dinoflagellates; paralytic_shellfish_poisoning; hplc; alexandrium; dinoflagellate; paralytic_shellfish_toxins; sxta; cyanobacterial; mass_spectrometry; toxin_production; saxitoxin_biosynthesis; bloom; lc_ms; nitrogen; mouse_bioassay; toxicity; alexandrium_minutum; elisa; phylogenetic,TOXIN; DINO_TAXON; TOXIN; DETECTION_METHOD; DINO_TAXON; DINO_TAXON; TOXIN; SXT_GENE; CYANO_TAXON; DETECTION_METHOD; BIOLOGICAL_PROCESS; BIOLOGICAL_PROCESS; ENV_FACTOR; DETECTION_METHOD; ENV_FACTOR; DETECTION_METHOD; BIOLOGICAL_PROCESS; DINO_TAXON; DETECTION_METHOD; BIOLOGICAL_PROCESS,dino_pre2016,unvalidated_candidate,1,cyanobacterium|||pyrodinium_bahamense,Not observed post-2015,"The relationship between pyrodinium bahamense and cyanobacterium was identified as a candidate missing link in the pre-2016 dinoflagellate knowledge graph. Historical graph connectivity includes bridge concepts such as saxitoxin, dinoflagellates, paralytic shellfish poisoning, hplc, alexandrium. This relationship should be interpreted as a literature-derived hypothesis rather than experimental evidence of a biological mechanism.",36,6.008859782952238,Adamic–Adar,pyrodinium_bahamense cyanobacterium dino_taxon cyano_taxon cross_taxa_association saxitoxin; dinoflagellates; paralytic_shellfish_poisoning; hplc; alexandrium; dinoflagellate; paralytic_shellfish_toxins; sxta; cyanobacterial; mass_spectrometry; toxin_production; saxitoxin_biosynthesis; bloom; lc_ms; nitrogen; mouse_bioassay; toxicity; alexandrium_minutum; elisa; phylogenetic toxin; dino_taxon; toxin; detection_method; dino_taxon; dino_taxon; toxin; sxt_gene; cyano_taxon; detection_method; biological_process; biological_process; env_factor; detection_method; env_factor; detection_method; biological_process; dino_taxon; detection_method; biological_process
neosaxitoxin,TOXIN,expression,BIOLOGICAL_PROCESS,process_toxin_association,0.364762530793051,172,5.9915576198230704,37,0.4,74,24,dinoflagellate; saxitoxin; alexandrium; paralytic_shellfish_toxins; paralytic_shellfish_poisoning; dinoflagellates; alexandrium_tamarense; toxin_production; light; gymnodinium; gymnodinium_catenatum; nutrient; phylogenetic; cyanobacteria; alexandrium_fundyense; gonyautoxin; bloom; alexandrium_catenella; lc_ms; nitrogen,DINO_TAXON; TOXIN; DINO_TAXON; TOXIN; TOXIN; DINO_TAXON; DINO_TAXON; BIOLOGICAL_PROCESS; ENV_FACTOR; DINO_TAXON; DINO_TAXON; ENV_FACTOR; BIOLOGICAL_PROCESS; CYANO_TAXON; DINO_TAXON; TOXIN; ENV_FACTOR; DINO_TAXON; DETECTION_METHOD; ENV_FACTOR,dino_pre2016,unvalidated_candidate,1,expression|||neosaxitoxin,Not observed post-2015,"The relationship between neosaxitoxin and expression was identified as a candidate missing link in the pre-2016 dinoflagellate knowledge graph. Historical graph connectivity includes bridge concepts such as dinoflagellate, saxitoxin, alexandrium, paralytic shellfish toxins, paralytic shellfish poisoning. This relationship should be interpreted as a literature-derived hypothesis rather than experimental evidence of a biological mechanism.",37,5.9915576198230704,Adamic–Adar,neosaxitoxin expression toxin biological_process process_toxin_association dinoflagellate; saxitoxin; alexandrium; paralytic_shellfish_toxins; paralytic_shellfish_poisoning; dinoflagellates; alexandrium_tamarense; toxin_production; light; gymnodinium; gymnodinium_catenatum; nutrient; phylogenetic; cyanobacteria; alexandrium_fundyense; gonyautoxin; bloom; alexandrium_catenella; lc_ms; nitrogen dino_taxon; toxin; dino_taxon; toxin; toxin; dino_taxon; dino_taxon; biological_process; env_factor; dino_taxon; dino_taxon; env_factor; biological_process; cyano_taxon; dino_taxon; toxin; env_factor; dino_taxon; detection_method; env_factor
neosaxitoxin,TOXIN,toxin_biosynthesis,BIOLOGICAL_PROCESS,process_toxin_association,0.4052508458385686,113,5.977522704909711,38,0.4444444444444444,41,24,alexandrium; paralytic_shellfish_toxins; dinoflagellate; dinoflagellates; toxin_production; saxitoxin; paralytic_shellfish_poisoning; toxicity; gtx; alexandrium_tamarense; nutrient; cyanobacteria; temperature; alexandrium_fundyense; bloom; alexandrium_catenella; light; nitrogen; salinity; mass_spectrometry,DINO_TAXON; TOXIN; DINO_TAXON; DINO_TAXON; BIOLOGICAL_PROCESS; TOXIN; TOXIN; BIOLOGICAL_PROCESS; TOXIN; DINO_TAXON; ENV_FACTOR; CYANO_TAXON; ENV_FACTOR; DINO_TAXON; ENV_FACTOR; DINO_TAXON; ENV_FACTOR; ENV_FACTOR; ENV_FACTOR; DETECTION_METHOD,dino_pre2016,unvalidated_candidate,1,neosaxitoxin|||toxin_biosynthesis,Subsequently represented,"The relationship between neosaxitoxin and toxin biosynthesis was identified as a candidate missing link in the pre-2016 dinoflagellate knowledge graph. Historical graph connectivity includes bridge concepts such as alexandrium, paralytic shellfish toxins, dinoflagellate, dinoflagellates, toxin production. This relationship should be interpreted as a literature-derived hypothesis rather than experimental evidence of a biological mechanism.",38,5.977522704909711,Adamic–Adar,neosaxitoxin toxin_biosynthesis toxin biological_process process_toxin_association alexandrium; paralytic_shellfish_toxins; dinoflagellate; dinoflagellates; toxin_production; saxitoxin; paralytic_shellfish_poisoning; toxicity; gtx; alexandrium_tamarense; nutrient; cyanobacteria; temperature; alexandrium_fundyense; bloom; alexandrium_catenella; light; nitrogen; salinity; mass_spectrometry dino_taxon; toxin; dino_taxon; dino_taxon; biological_process; toxin; toxin; biological_process; toxin; dino_taxon; env_factor; cyano_taxon; env_factor; dino_taxon; env_factor; dino_taxon; env_factor; env_factor; env_factor; detection_method
neosaxitoxin,TOXIN,phosphate,ENV_FACTOR,environment_toxin_association,0.4062989780415973,110,5.943865317440782,39,0.5714285714285714,6,24,alexandrium; dinoflagellate; toxicity; toxin_production; saxitoxin; gtx; paralytic_shellfish_toxins; gonyautoxin; light; salinity; dinoflagellates; alexandrium_tamarense; nutrient; temperature; alexandrium_fundyense; bloom; nitrogen; nitrate; paralytic_shellfish_poisoning; alexandrium_minutum,DINO_TAXON; DINO_TAXON; BIOLOGICAL_PROCESS; BIOLOGICAL_PROCESS; TOXIN; TOXIN; TOXIN; TOXIN; ENV_FACTOR; ENV_FACTOR; DINO_TAXON; DINO_TAXON; ENV_FACTOR; ENV_FACTOR; DINO_TAXON; ENV_FACTOR; ENV_FACTOR; ENV_FACTOR; TOXIN; DINO_TAXON,dino_pre2016,unvalidated_candidate,1,neosaxitoxin|||phosphate,Not observed post-2015,"The relationship between neosaxitoxin and phosphate was identified as a candidate missing link in the pre-2016 dinoflagellate knowledge graph. Historical graph connectivity includes bridge concepts such as alexandrium, dinoflagellate, toxicity, toxin production, saxitoxin. This relationship should be interpreted as a literature-derived hypothesis rather than experimental evidence of a biological mechanism.",39,5.943865317440782,Adamic–Adar,neosaxitoxin phosphate toxin env_factor environment_toxin_association alexandrium; dinoflagellate; toxicity; toxin_production; saxitoxin; gtx; paralytic_shellfish_toxins; gonyautoxin; light; salinity; dinoflagellates; alexandrium_tamarense; nutrient; temperature; alexandrium_fundyense; bloom; nitrogen; nitrate; paralytic_shellfish_poisoning; alexandrium_minutum dino_taxon; dino_taxon; biological_process; biological_process; toxin; toxin; toxin; toxin; env_factor; env_factor; dino_taxon; dino_taxon; env_factor; env_factor; dino_taxon; env_factor; env_factor; env_factor; toxin; dino_taxon
gtx,TOXIN,evolution,BIOLOGICAL_PROCESS,process_toxin_association,0.3432123624187798,212,5.934209351786525,40,0.4210526315789473,64,24,saxitoxin; dinoflagellate; alexandrium; paralytic_shellfish_poisoning; dinoflagellates; paralytic_shellfish_toxins; toxicity; biosynthesis; gymnodinium; saxitoxin_biosynthesis; alexandrium_catenella; mouse_bioassay; alexandrium_tamarense; alexandrium_minutum; phylogenetic; toxin_production; hplc; gymnodinium_catenatum; alexandrium_fundyense; bloom,TOXIN; DINO_TAXON; DINO_TAXON; TOXIN; DINO_TAXON; TOXIN; BIOLOGICAL_PROCESS; BIOLOGICAL_PROCESS; DINO_TAXON; BIOLOGICAL_PROCESS; DINO_TAXON; DETECTION_METHOD; DINO_TAXON; DINO_TAXON; BIOLOGICAL_PROCESS; BIOLOGICAL_PROCESS; DETECTION_METHOD; DINO_TAXON; DINO_TAXON; ENV_FACTOR,dino_pre2016,unvalidated_candidate,1,evolution|||gtx,Not observed post-2015,"The relationship between gtx and evolution was identified as a candidate missing link in the pre-2016 dinoflagellate knowledge graph. Historical graph connectivity includes bridge concepts such as saxitoxin, dinoflagellate, alexandrium, paralytic shellfish poisoning, dinoflagellates. This relationship should be interpreted as a literature-derived hypothesis rather than experimental evidence of a biological mechanism.",40,5.934209351786525,Adamic–Adar,gtx evolution toxin biological_process process_toxin_association saxitoxin; dinoflagellate; alexandrium; paralytic_shellfish_poisoning; dinoflagellates; paralytic_shellfish_toxins; toxicity; biosynthesis; gymnodinium; saxitoxin_biosynthesis; alexandrium_catenella; mouse_bioassay; alexandrium_tamarense; alexandrium_minutum; phylogenetic; toxin_production; hplc; gymnodinium_catenatum; alexandrium_fundyense; bloom toxin; dino_taxon; dino_taxon; toxin; dino_taxon; toxin; biological_process; biological_process; dino_taxon; biological_process; dino_taxon; detection_method; dino_taxon; dino_taxon; biological_process; biological_process; detection_method; dino_taxon; dino_taxon; env_factor
neosaxitoxin,TOXIN,evolution,BIOLOGICAL_PROCESS,process_toxin_association,0.3441726986637667,207,5.917436108597612,41,0.4444444444444444,41,24,saxitoxin; dinoflagellate; alexandrium; paralytic_shellfish_poisoning; dinoflagellates; paralytic_shellfish_toxins; toxicity; gymnodinium; pyrodinium; mouse_bioassay; alexandrium_tamarense; phylogenetic; cyanobacteria; toxin_production; hplc; gymnodinium_catenatum; alexandrium_fundyense; bloom; alexandrium_catenella; nitrogen,TOXIN; DINO_TAXON; DINO_TAXON; TOXIN; DINO_TAXON; TOXIN; BIOLOGICAL_PROCESS; DINO_TAXON; DINO_TAXON; DETECTION_METHOD; DINO_TAXON; BIOLOGICAL_PROCESS; CYANO_TAXON; BIOLOGICAL_PROCESS; DETECTION_METHOD; DINO_TAXON; DINO_TAXON; ENV_FACTOR; DINO_TAXON; ENV_FACTOR,dino_pre2016,unvalidated_candidate,1,evolution|||neosaxitoxin,Not observed post-2015,"The relationship between neosaxitoxin and evolution was identified as a candidate missing link in the pre-2016 dinoflagellate knowledge graph. Historical graph connectivity includes bridge concepts such as saxitoxin, dinoflagellate, alexandrium, paralytic shellfish poisoning, dinoflagellates. This relationship should be interpreted as a literature-derived hypothesis rather than experimental evidence of a biological mechanism.",41,5.917436108597612,Adamic–Adar,neosaxitoxin evolution toxin biological_process process_toxin_association saxitoxin; dinoflagellate; alexandrium; paralytic_shellfish_poisoning; dinoflagellates; paralytic_shellfish_toxins; toxicity; gymnodinium; pyrodinium; mouse_bioassay; alexandrium_tamarense; phylogenetic; cyanobacteria; toxin_production; hplc; gymnodinium_catenatum; alexandrium_fundyense; bloom; alexandrium_catenella; nitrogen toxin; dino_taxon; dino_taxon; toxin; dino_taxon; toxin; biological_process; dino_taxon; dino_taxon; detection_method; dino_taxon; biological_process; cyano_taxon; biological_process; detection_method; dino_taxon; dino_taxon; env_factor; dino_taxon; env_factor
alexandrium_catenella,DINO_TAXON,cyanobacterium,CYANO_TAXON,cross_taxa_association,0.4334022824931321,89,5.900481255451896,42,0.4,74,24,saxitoxin; dinoflagellates; paralytic_shellfish_poisoning; hplc; alexandrium; dinoflagellate; paralytic_shellfish_toxins; sxta; cyanobacteria; expression; toxin_production; saxitoxin_biosynthesis; bloom; nitrogen; cyanobacterial; mouse_bioassay; toxicity; mass_spectrometry; alexandrium_tamarense; alexandrium_minutum,TOXIN; DINO_TAXON; TOXIN; DETECTION_METHOD; DINO_TAXON; DINO_TAXON; TOXIN; SXT_GENE; CYANO_TAXON; BIOLOGICAL_PROCESS; BIOLOGICAL_PROCESS; BIOLOGICAL_PROCESS; ENV_FACTOR; ENV_FACTOR; CYANO_TAXON; DETECTION_METHOD; BIOLOGICAL_PROCESS; DETECTION_METHOD; DINO_TAXON; DINO_TAXON,dino_pre2016,unvalidated_candidate,1,alexandrium_catenella|||cyanobacterium,Subsequently represented,"The relationship between alexandrium catenella and cyanobacterium was identified as a candidate missing link in the pre-2016 dinoflagellate knowledge graph. Historical graph connectivity includes bridge concepts such as saxitoxin, dinoflagellates, paralytic shellfish poisoning, hplc, alexandrium. This relationship should be interpreted as a literature-derived hypothesis rather than experimental evidence of a biological mechanism.",42,5.900481255451896,Adamic–Adar,alexandrium_catenella cyanobacterium dino_taxon cyano_taxon cross_taxa_association saxitoxin; dinoflagellates; paralytic_shellfish_poisoning; hplc; alexandrium; dinoflagellate; paralytic_shellfish_toxins; sxta; cyanobacteria; expression; toxin_production; saxitoxin_biosynthesis; bloom; nitrogen; cyanobacterial; mouse_bioassay; toxicity; mass_spectrometry; alexandrium_tamarense; alexandrium_minutum toxin; dino_taxon; toxin; detection_method; dino_taxon; dino_taxon; toxin; sxt_gene; cyano_taxon; biological_process; biological_process; biological_process; env_factor; env_factor; cyano_taxon; detection_method; biological_process; detection_method; dino_taxon; dino_taxon
neosaxitoxin,TOXIN,alexandrium_ostenfeldii,DINO_TAXON,taxon_toxin_association,0.3831259783364414,140,5.875522345209563,43,0.5348837209302325,16,23,alexandrium; saxitoxin; dinoflagellate; paralytic_shellfish_poisoning; toxicity; gtx; dinoflagellates; paralytic_shellfish_toxins; mass_spectrometry; toxin_production; hplc; gonyautoxin; salinity; temperature; bloom; light; lc_ms; liquid_chromatography; mouse_bioassay; alexandrium_minutum,DINO_TAXON; TOXIN; DINO_TAXON; TOXIN; BIOLOGICAL_PROCESS; TOXIN; DINO_TAXON; TOXIN; DETECTION_METHOD; BIOLOGICAL_PROCESS; DETECTION_METHOD; TOXIN; ENV_FACTOR; ENV_FACTOR; ENV_FACTOR; ENV_FACTOR; DETECTION_METHOD; DETECTION_METHOD; DETECTION_METHOD; DINO_TAXON,dino_pre2016,unvalidated_candidate,1,alexandrium_ostenfeldii|||neosaxitoxin,Not observed post-2015,"The relationship between neosaxitoxin and alexandrium ostenfeldii was identified as a candidate missing link in the pre-2016 dinoflagellate knowledge graph. Historical graph connectivity includes bridge concepts such as alexandrium, saxitoxin, dinoflagellate, paralytic shellfish poisoning, toxicity. This relationship should be interpreted as a literature-derived hypothesis rather than experimental evidence of a biological mechanism.",43,5.875522345209563,Adamic–Adar,neosaxitoxin alexandrium_ostenfeldii toxin dino_taxon taxon_toxin_association alexandrium; saxitoxin; dinoflagellate; paralytic_shellfish_poisoning; toxicity; gtx; dinoflagellates; paralytic_shellfish_toxins; mass_spectrometry; toxin_production; hplc; gonyautoxin; salinity; temperature; bloom; light; lc_ms; liquid_chromatography; mouse_bioassay; alexandrium_minutum dino_taxon; toxin; dino_taxon; toxin; biological_process; toxin; dino_taxon; toxin; detection_method; biological_process; detection_method; toxin; env_factor; env_factor; env_factor; env_factor; detection_method; detection_method; detection_method; dino_taxon
sxta,SXT_GENE,warming,ENV_FACTOR,environment_gene_regulation,0.3937627648120897,123,5.848088507016462,44,0.3538461538461538,122,23,saxitoxin; dinoflagellate; alexandrium; toxicity; bloom; harmful_algal_bloom; toxin_production; transcriptome; alexandrium_fundyense; pyrodinium; gonyautoxin; light; nitrogen; expression; pyrodinium_bahamense; paralytic_shellfish_poisoning; gene_duplication; regulation; dinoflagellates; nutrient,TOXIN; DINO_TAXON; DINO_TAXON; BIOLOGICAL_PROCESS; ENV_FACTOR; ENV_FACTOR; BIOLOGICAL_PROCESS; BIOLOGICAL_PROCESS; DINO_TAXON; DINO_TAXON; TOXIN; ENV_FACTOR; ENV_FACTOR; BIOLOGICAL_PROCESS; DINO_TAXON; TOXIN; BIOLOGICAL_PROCESS; BIOLOGICAL_PROCESS; DINO_TAXON; ENV_FACTOR,dino_pre2016,unvalidated_candidate,1,sxta|||warming,Not observed post-2015,"The relationship between sxta and warming was identified as a candidate missing link in the pre-2016 dinoflagellate knowledge graph. Historical graph connectivity includes bridge concepts such as saxitoxin, dinoflagellate, alexandrium, toxicity, bloom. This relationship should be interpreted as a literature-derived hypothesis rather than experimental evidence of a biological mechanism.",44,5.848088507016462,Adamic–Adar,sxta warming sxt_gene env_factor environment_gene_regulation saxitoxin; dinoflagellate; alexandrium; toxicity; bloom; harmful_algal_bloom; toxin_production; transcriptome; alexandrium_fundyense; pyrodinium; gonyautoxin; light; nitrogen; expression; pyrodinium_bahamense; paralytic_shellfish_poisoning; gene_duplication; regulation; dinoflagellates; nutrient toxin; dino_taxon; dino_taxon; biological_process; env_factor; env_factor; biological_process; biological_process; dino_taxon; dino_taxon; toxin; env_factor; env_factor; biological_process; dino_taxon; toxin; biological_process; biological_process; dino_taxon; env_factor
gonyautoxin,TOXIN,transcriptome,BIOLOGICAL_PROCESS,process_toxin_association,0.3178399189529791,250,5.7760181906113,45,0.396551724137931,80,23,dinoflagellate; alexandrium; paralytic_shellfish_poisoning; dinoflagellates; light; saxitoxin; cyanobacteria; bloom; alexandrium_minutum; biosynthesis; paralytic_shellfish_toxins; alexandrium_catenella; nitrogen; sxta; expression; gene_expression; warming; cyanobacterial; regulation; nutrient,DINO_TAXON; DINO_TAXON; TOXIN; DINO_TAXON; ENV_FACTOR; TOXIN; CYANO_TAXON; ENV_FACTOR; DINO_TAXON; BIOLOGICAL_PROCESS; TOXIN; DINO_TAXON; ENV_FACTOR; SXT_GENE; BIOLOGICAL_PROCESS; BIOLOGICAL_PROCESS; ENV_FACTOR; CYANO_TAXON; BIOLOGICAL_PROCESS; ENV_FACTOR,dino_pre2016,unvalidated_candidate,1,gonyautoxin|||transcriptome,Not observed post-2015,"The relationship between gonyautoxin and transcriptome was identified as a candidate missing link in the pre-2016 dinoflagellate knowledge graph. Historical graph connectivity includes bridge concepts such as dinoflagellate, alexandrium, paralytic shellfish poisoning, dinoflagellates, light. This relationship should be interpreted as a literature-derived hypothesis rather than experimental evidence of a biological mechanism.",45,5.7760181906113,Adamic–Adar,gonyautoxin transcriptome toxin biological_process process_toxin_association dinoflagellate; alexandrium; paralytic_shellfish_poisoning; dinoflagellates; light; saxitoxin; cyanobacteria; bloom; alexandrium_minutum; biosynthesis; paralytic_shellfish_toxins; alexandrium_catenella; nitrogen; sxta; expression; gene_expression; warming; cyanobacterial; regulation; nutrient dino_taxon; dino_taxon; toxin; dino_taxon; env_factor; toxin; cyano_taxon; env_factor; dino_taxon; biological_process; toxin; dino_taxon; env_factor; sxt_gene; biological_process; biological_process; env_factor; cyano_taxon; biological_process; env_factor
anabaena,CYANO_TAXON,sxt_genes,SXT_GENE,cyano_gene_transfer_signal,0.4092019073349258,108,5.743543093757505,46,0.5348837209302325,16,23,saxitoxin; dinoflagellate; alexandrium; dinoflagellates; biosynthesis; cyanobacteria; paralytic_shellfish_toxins; sxta; cyanobacterial; paralytic_shellfish_poisoning; phylogenetic; gymnodinium; pyrodinium; saxitoxin_biosynthesis; bloom; expression; evolution; toxin_biosynthesis; toxicity; alexandrium_tamarense,TOXIN; DINO_TAXON; DINO_TAXON; DINO_TAXON; BIOLOGICAL_PROCESS; CYANO_TAXON; TOXIN; SXT_GENE; CYANO_TAXON; TOXIN; BIOLOGICAL_PROCESS; DINO_TAXON; DINO_TAXON; BIOLOGICAL_PROCESS; ENV_FACTOR; BIOLOGICAL_PROCESS; BIOLOGICAL_PROCESS; BIOLOGICAL_PROCESS; BIOLOGICAL_PROCESS; DINO_TAXON,dino_pre2016,unvalidated_candidate,1,anabaena|||sxt_genes,Subsequently represented,"The relationship between anabaena and sxt genes was identified as a candidate missing link in the pre-2016 dinoflagellate knowledge graph. Historical graph connectivity includes bridge concepts such as saxitoxin, dinoflagellate, alexandrium, dinoflagellates, biosynthesis. This relationship should be interpreted as a literature-derived hypothesis rather than experimental evidence of a biological mechanism.",46,5.743543093757505,Adamic–Adar,anabaena sxt_genes cyano_taxon sxt_gene cyano_gene_transfer_signal saxitoxin; dinoflagellate; alexandrium; dinoflagellates; biosynthesis; cyanobacteria; paralytic_shellfish_toxins; sxta; cyanobacterial; paralytic_shellfish_poisoning; phylogenetic; gymnodinium; pyrodinium; saxitoxin_biosynthesis; bloom; expression; evolution; toxin_biosynthesis; toxicity; alexandrium_tamarense toxin; dino_taxon; dino_taxon; dino_taxon; biological_process; cyano_taxon; toxin; sxt_gene; cyano_taxon; toxin; biological_process; dino_taxon; dino_taxon; biological_process; env_factor; biological_process; biological_process; biological_process; biological_process; dino_taxon
sxta,SXT_GENE,transcriptomic,BIOLOGICAL_PROCESS,gene_process_association,0.4193796419992113,99,5.727547051407856,47,0.3833333333333333,91,23,alexandrium; dinoflagellate; paralytic_shellfish_toxins; paralytic_shellfish_poisoning; transcriptome; bloom; light; expression; gene_expression; saxitoxin; regulation; dinoflagellates; alexandrium_tamarense; biosynthesis; cyanobacteria; toxin_production; alexandrium_fundyense; alexandrium_catenella; nitrogen; evolution,DINO_TAXON; DINO_TAXON; TOXIN; TOXIN; BIOLOGICAL_PROCESS; ENV_FACTOR; ENV_FACTOR; BIOLOGICAL_PROCESS; BIOLOGICAL_PROCESS; TOXIN; BIOLOGICAL_PROCESS; DINO_TAXON; DINO_TAXON; BIOLOGICAL_PROCESS; CYANO_TAXON; BIOLOGICAL_PROCESS; DINO_TAXON; DINO_TAXON; ENV_FACTOR; BIOLOGICAL_PROCESS,dino_pre2016,unvalidated_candidate,1,sxta|||transcriptomic,Subsequently represented,"The relationship between sxta and transcriptomic was identified as a candidate missing link in the pre-2016 dinoflagellate knowledge graph. Historical graph connectivity includes bridge concepts such as alexandrium, dinoflagellate, paralytic shellfish toxins, paralytic shellfish poisoning, transcriptome. This relationship should be interpreted as a literature-derived hypothesis rather than experimental evidence of a biological mechanism.",47,5.727547051407856,Adamic–Adar,sxta transcriptomic sxt_gene biological_process gene_process_association alexandrium; dinoflagellate; paralytic_shellfish_toxins; paralytic_shellfish_poisoning; transcriptome; bloom; light; expression; gene_expression; saxitoxin; regulation; dinoflagellates; alexandrium_tamarense; biosynthesis; cyanobacteria; toxin_production; alexandrium_fundyense; alexandrium_catenella; nitrogen; evolution dino_taxon; dino_taxon; toxin; toxin; biological_process; env_factor; env_factor; biological_process; biological_process; toxin; biological_process; dino_taxon; dino_taxon; biological_process; cyano_taxon; biological_process; dino_taxon; dino_taxon; env_factor; biological_process
temperature,ENV_FACTOR,sxtg,SXT_GENE,environment_gene_regulation,0.1786317076353685,428,5.720028285611432,48,0.4035087719298245,73,23,saxitoxin; dinoflagellate; dinoflagellates; alexandrium; paralytic_shellfish_toxins; biosynthesis; saxitoxin_biosynthesis; paralytic_shellfish_poisoning; alexandrium_minutum; nutrient; toxin_production; gymnodinium; gymnodinium_catenatum; alexandrium_fundyense; pyrodinium; gonyautoxin; bloom; nitrogen; sxta; pyrodinium_bahamense,TOXIN; DINO_TAXON; DINO_TAXON; DINO_TAXON; TOXIN; BIOLOGICAL_PROCESS; BIOLOGICAL_PROCESS; TOXIN; DINO_TAXON; ENV_FACTOR; BIOLOGICAL_PROCESS; DINO_TAXON; DINO_TAXON; DINO_TAXON; DINO_TAXON; TOXIN; ENV_FACTOR; ENV_FACTOR; SXT_GENE; DINO_TAXON,dino_pre2016,unvalidated_candidate,1,sxtg|||temperature,Subsequently represented,"The relationship between temperature and sxtg was identified as a candidate missing link in the pre-2016 dinoflagellate knowledge graph. Historical graph connectivity includes bridge concepts such as saxitoxin, dinoflagellate, dinoflagellates, alexandrium, paralytic shellfish toxins. This relationship should be interpreted as a literature-derived hypothesis rather than experimental evidence of a biological mechanism.",48,5.720028285611432,Adamic–Adar,temperature sxtg env_factor sxt_gene environment_gene_regulation saxitoxin; dinoflagellate; dinoflagellates; alexandrium; paralytic_shellfish_toxins; biosynthesis; saxitoxin_biosynthesis; paralytic_shellfish_poisoning; alexandrium_minutum; nutrient; toxin_production; gymnodinium; gymnodinium_catenatum; alexandrium_fundyense; pyrodinium; gonyautoxin; bloom; nitrogen; sxta; pyrodinium_bahamense toxin; dino_taxon; dino_taxon; dino_taxon; toxin; biological_process; biological_process; toxin; dino_taxon; env_factor; biological_process; dino_taxon; dino_taxon; dino_taxon; dino_taxon; toxin; env_factor; env_factor; sxt_gene; dino_taxon
neosaxitoxin,TOXIN,saxitoxin_biosynthesis,BIOLOGICAL_PROCESS,process_toxin_association,0.3018331591253287,272,5.71269280295372,49,0.4181818181818181,66,23,saxitoxin; alexandrium; dinoflagellate; dinoflagellates; paralytic_shellfish_poisoning; gymnodinium; gymnodinium_catenatum; pyrodinium; toxicity; toxin_production; gtx; pyrodinium_bahamense; nutrient; phylogenetic; cyanobacteria; temperature; alexandrium_fundyense; alexandrium_catenella; light; alexandrium_tamarense,TOXIN; DINO_TAXON; DINO_TAXON; DINO_TAXON; TOXIN; DINO_TAXON; DINO_TAXON; DINO_TAXON; BIOLOGICAL_PROCESS; BIOLOGICAL_PROCESS; TOXIN; DINO_TAXON; ENV_FACTOR; BIOLOGICAL_PROCESS; CYANO_TAXON; ENV_FACTOR; DINO_TAXON; DINO_TAXON; ENV_FACTOR; DINO_TAXON,dino_pre2016,unvalidated_candidate,1,neosaxitoxin|||saxitoxin_biosynthesis,Subsequently represented,"The relationship between neosaxitoxin and saxitoxin biosynthesis was identified as a candidate missing link in the pre-2016 dinoflagellate knowledge graph. Historical graph connectivity includes bridge concepts such as saxitoxin, alexandrium, dinoflagellate, dinoflagellates, paralytic shellfish poisoning. This relationship should be interpreted as a literature-derived hypothesis rather than experimental evidence of a biological mechanism.",49,5.71269280295372,Adamic–Adar,neosaxitoxin saxitoxin_biosynthesis toxin biological_process process_toxin_association saxitoxin; alexandrium; dinoflagellate; dinoflagellates; paralytic_shellfish_poisoning; gymnodinium; gymnodinium_catenatum; pyrodinium; toxicity; toxin_production; gtx; pyrodinium_bahamense; nutrient; phylogenetic; cyanobacteria; temperature; alexandrium_fundyense; alexandrium_catenella; light; alexandrium_tamarense toxin; dino_taxon; dino_taxon; dino_taxon; toxin; dino_taxon; dino_taxon; dino_taxon; biological_process; biological_process; toxin; dino_taxon; env_factor; biological_process; cyano_taxon; env_factor; dino_taxon; dino_taxon; env_factor; dino_taxon
gtx,TOXIN,gene_expression,BIOLOGICAL_PROCESS,process_toxin_association,0.2488221568049401,348,5.684527823547574,50,0.4693877551020408,32,23,alexandrium; dinoflagellate; saxitoxin; paralytic_shellfish_poisoning; paralytic_shellfish_toxins; alexandrium_minutum; dinoflagellates; toxin_production; alexandrium_tamarense; biosynthesis; alexandrium_catenella; nutrient; gymnodinium; gymnodinium_catenatum; alexandrium_fundyense; gonyautoxin; saxitoxin_biosynthesis; bloom; light; nitrogen,DINO_TAXON; DINO_TAXON; TOXIN; TOXIN; TOXIN; DINO_TAXON; DINO_TAXON; BIOLOGICAL_PROCESS; DINO_TAXON; BIOLOGICAL_PROCESS; DINO_TAXON; ENV_FACTOR; DINO_TAXON; DINO_TAXON; DINO_TAXON; TOXIN; BIOLOGICAL_PROCESS; ENV_FACTOR; ENV_FACTOR; ENV_FACTOR,dino_pre2016,unvalidated_candidate,1,gene_expression|||gtx,Not observed post-2015,"The relationship between gtx and gene expression was identified as a candidate missing link in the pre-2016 dinoflagellate knowledge graph. Historical graph connectivity includes bridge concepts such as alexandrium, dinoflagellate, saxitoxin, paralytic shellfish poisoning, paralytic shellfish toxins. This relationship should be interpreted as a literature-derived hypothesis rather than experimental evidence of a biological mechanism.",50,5.684527823547574,Adamic–Adar,gtx gene_expression toxin biological_process process_toxin_association alexandrium; dinoflagellate; saxitoxin; paralytic_shellfish_poisoning; paralytic_shellfish_toxins; alexandrium_minutum; dinoflagellates; toxin_production; alexandrium_tamarense; biosynthesis; alexandrium_catenella; nutrient; gymnodinium; gymnodinium_catenatum; alexandrium_fundyense; gonyautoxin; saxitoxin_biosynthesis; bloom; light; nitrogen dino_taxon; dino_taxon; toxin; toxin; toxin; dino_taxon; dino_taxon; biological_process; dino_taxon; biological_process; dino_taxon; env_factor; dino_taxon; dino_taxon; dino_taxon; toxin; biological_process; env_factor; env_factor; env_factor
sxta,SXT_GENE,alexandrium_ostenfeldii,DINO_TAXON,taxon_gene_association,0.1744557357577725,434,5.55406088310698,51,0.3283582089552239,152,22,alexandrium; saxitoxin; dinoflagellate; paralytic_shellfish_poisoning; dinoflagellates; toxicity; paralytic_shellfish_toxins; toxin_production; bloom; gonyautoxin; light; lc_ms; cyanobacterial; harmful_algal_bloom; mass_spectrometry; climate; alexandrium_minutum; phylogeny; phylogenetic; temperature,DINO_TAXON; TOXIN; DINO_TAXON; TOXIN; DINO_TAXON; BIOLOGICAL_PROCESS; TOXIN; BIOLOGICAL_PROCESS; ENV_FACTOR; TOXIN; ENV_FACTOR; DETECTION_METHOD; CYANO_TAXON; ENV_FACTOR; DETECTION_METHOD; ENV_FACTOR; DINO_TAXON; BIOLOGICAL_PROCESS; BIOLOGICAL_PROCESS; ENV_FACTOR,dino_pre2016,unvalidated_candidate,1,alexandrium_ostenfeldii|||sxta,Subsequently represented,"The relationship between sxta and alexandrium ostenfeldii was identified as a candidate missing link in the pre-2016 dinoflagellate knowledge graph. Historical graph connectivity includes bridge concepts such as alexandrium, saxitoxin, dinoflagellate, paralytic shellfish poisoning, dinoflagellates. This relationship should be interpreted as a literature-derived hypothesis rather than experimental evidence of a biological mechanism.",51,5.55406088310698,Adamic–Adar,sxta alexandrium_ostenfeldii sxt_gene dino_taxon taxon_gene_association alexandrium; saxitoxin; dinoflagellate; paralytic_shellfish_poisoning; dinoflagellates; toxicity; paralytic_shellfish_toxins; toxin_production; bloom; gonyautoxin; light; lc_ms; cyanobacterial; harmful_algal_bloom; mass_spectrometry; climate; alexandrium_minutum; phylogeny; phylogenetic; temperature dino_taxon; toxin; dino_taxon; toxin; dino_taxon; biological_process; toxin; biological_process; env_factor; toxin; env_factor; detection_method; cyano_taxon; env_factor; detection_method; env_factor; dino_taxon; biological_process; biological_process; env_factor
alexandrium_tamarense,DINO_TAXON,cylindrospermopsis,CYANO_TAXON,cross_taxa_association,0.4050266139633167,114,5.540831587531109,52,0.3666666666666666,102,22,cyanobacteria; paralytic_shellfish_poisoning; dinoflagellates; paralytic_shellfish_toxins; saxitoxin; anabaena; sxta; cyanobacterial; toxicity; expression; phylogenetic; biosynthesis; saxitoxin_biosynthesis; bloom; lc_ms; lc_ms_ms; dinoflagellate; alexandrium; mass_spectrometry; cyanobacterium,CYANO_TAXON; TOXIN; DINO_TAXON; TOXIN; TOXIN; CYANO_TAXON; SXT_GENE; CYANO_TAXON; BIOLOGICAL_PROCESS; BIOLOGICAL_PROCESS; BIOLOGICAL_PROCESS; BIOLOGICAL_PROCESS; BIOLOGICAL_PROCESS; ENV_FACTOR; DETECTION_METHOD; DETECTION_METHOD; DINO_TAXON; DINO_TAXON; DETECTION_METHOD; CYANO_TAXON,dino_pre2016,unvalidated_candidate,1,alexandrium_tamarense|||cylindrospermopsis,Not observed post-2015,"The relationship between alexandrium tamarense and cylindrospermopsis was identified as a candidate missing link in the pre-2016 dinoflagellate knowledge graph. Historical graph connectivity includes bridge concepts such as cyanobacteria, paralytic shellfish poisoning, dinoflagellates, paralytic shellfish toxins, saxitoxin. This relationship should be interpreted as a literature-derived hypothesis rather than experimental evidence of a biological mechanism.",52,5.540831587531109,Adamic–Adar,alexandrium_tamarense cylindrospermopsis dino_taxon cyano_taxon cross_taxa_association cyanobacteria; paralytic_shellfish_poisoning; dinoflagellates; paralytic_shellfish_toxins; saxitoxin; anabaena; sxta; cyanobacterial; toxicity; expression; phylogenetic; biosynthesis; saxitoxin_biosynthesis; bloom; lc_ms; lc_ms_ms; dinoflagellate; alexandrium; mass_spectrometry; cyanobacterium cyano_taxon; toxin; dino_taxon; toxin; toxin; cyano_taxon; sxt_gene; cyano_taxon; biological_process; biological_process; biological_process; biological_process; biological_process; env_factor; detection_method; detection_method; dino_taxon; dino_taxon; detection_method; cyano_taxon
nitrogen,ENV_FACTOR,sxt_genes,SXT_GENE,environment_gene_regulation,0.3187009341293429,247,5.54037575650079,53,0.3859649122807017,88,22,saxitoxin; dinoflagellate; alexandrium; dinoflagellates; biosynthesis; cyanobacteria; paralytic_shellfish_toxins; paralytic_shellfish_poisoning; transcriptome; pyrodinium; bloom; alexandrium_catenella; light; sxta; expression; pyrodinium_bahamense; evolution; toxin_biosynthesis; alexandrium_tamarense; toxicity,TOXIN; DINO_TAXON; DINO_TAXON; DINO_TAXON; BIOLOGICAL_PROCESS; CYANO_TAXON; TOXIN; TOXIN; BIOLOGICAL_PROCESS; DINO_TAXON; ENV_FACTOR; DINO_TAXON; ENV_FACTOR; SXT_GENE; BIOLOGICAL_PROCESS; DINO_TAXON; BIOLOGICAL_PROCESS; BIOLOGICAL_PROCESS; DINO_TAXON; BIOLOGICAL_PROCESS,dino_pre2016,unvalidated_candidate,1,nitrogen|||sxt_genes,Subsequently represented,"The relationship between nitrogen and sxt genes was identified as a candidate missing link in the pre-2016 dinoflagellate knowledge graph. Historical graph connectivity includes bridge concepts such as saxitoxin, dinoflagellate, alexandrium, dinoflagellates, biosynthesis. This relationship should be interpreted as a literature-derived hypothesis rather than experimental evidence of a biological mechanism.",53,5.54037575650079,Adamic–Adar,nitrogen sxt_genes env_factor sxt_gene environment_gene_regulation saxitoxin; dinoflagellate; alexandrium; dinoflagellates; biosynthesis; cyanobacteria; paralytic_shellfish_toxins; paralytic_shellfish_poisoning; transcriptome; pyrodinium; bloom; alexandrium_catenella; light; sxta; expression; pyrodinium_bahamense; evolution; toxin_biosynthesis; alexandrium_tamarense; toxicity toxin; dino_taxon; dino_taxon; dino_taxon; biological_process; cyano_taxon; toxin; toxin; biological_process; dino_taxon; env_factor; dino_taxon; env_factor; sxt_gene; biological_process; dino_taxon; biological_process; biological_process; dino_taxon; biological_process
gymnodinium_catenatum,DINO_TAXON,aphanizomenon,CYANO_TAXON,cross_taxa_association,0.4398261473963785,85,5.529622347419082,54,0.360655737704918,109,22,saxitoxin; paralytic_shellfish_toxins; dinoflagellate; paralytic_shellfish_poisoning; alexandrium; dinoflagellates; cyanobacteria; hplc; cyanobacterial; mass_spectrometry; biosynthesis; pyrodinium; anabaena; bloom; sxta; evolution; toxicity; cyanobacterium; phylogeny; phylogenetic,TOXIN; TOXIN; DINO_TAXON; TOXIN; DINO_TAXON; DINO_TAXON; CYANO_TAXON; DETECTION_METHOD; CYANO_TAXON; DETECTION_METHOD; BIOLOGICAL_PROCESS; DINO_TAXON; CYANO_TAXON; ENV_FACTOR; SXT_GENE; BIOLOGICAL_PROCESS; BIOLOGICAL_PROCESS; CYANO_TAXON; BIOLOGICAL_PROCESS; BIOLOGICAL_PROCESS,dino_pre2016,unvalidated_candidate,1,aphanizomenon|||gymnodinium_catenatum,Not observed post-2015,"The relationship between gymnodinium catenatum and aphanizomenon was identified as a candidate missing link in the pre-2016 dinoflagellate knowledge graph. Historical graph connectivity includes bridge concepts such as saxitoxin, paralytic shellfish toxins, dinoflagellate, paralytic shellfish poisoning, alexandrium. This relationship should be interpreted as a literature-derived hypothesis rather than experimental evidence of a biological mechanism.",54,5.529622347419082,Adamic–Adar,gymnodinium_catenatum aphanizomenon dino_taxon cyano_taxon cross_taxa_association saxitoxin; paralytic_shellfish_toxins; dinoflagellate; paralytic_shellfish_poisoning; alexandrium; dinoflagellates; cyanobacteria; hplc; cyanobacterial; mass_spectrometry; biosynthesis; pyrodinium; anabaena; bloom; sxta; evolution; toxicity; cyanobacterium; phylogeny; phylogenetic toxin; toxin; dino_taxon; toxin; dino_taxon; dino_taxon; cyano_taxon; detection_method; cyano_taxon; detection_method; biological_process; dino_taxon; cyano_taxon; env_factor; sxt_gene; biological_process; biological_process; cyano_taxon; biological_process; biological_process
alexandrium_minutum,DINO_TAXON,cylindrospermopsis,CYANO_TAXON,cross_taxa_association,0.3104600885508907,264,5.528907419747386,55,0.3492063492063492,129,22,paralytic_shellfish_poisoning; dinoflagellates; cyanobacteria; paralytic_shellfish_toxins; saxitoxin; sxta; toxicity; expression; phylogenetic; biosynthesis; pyrodinium; saxitoxin_biosynthesis; anabaena; bloom; lc_ms; lc_ms_ms; cyanobacterial; dinoflagellate; alexandrium; cyanobacterium,TOXIN; DINO_TAXON; CYANO_TAXON; TOXIN; TOXIN; SXT_GENE; BIOLOGICAL_PROCESS; BIOLOGICAL_PROCESS; BIOLOGICAL_PROCESS; BIOLOGICAL_PROCESS; DINO_TAXON; BIOLOGICAL_PROCESS; CYANO_TAXON; ENV_FACTOR; DETECTION_METHOD; DETECTION_METHOD; CYANO_TAXON; DINO_TAXON; DINO_TAXON; CYANO_TAXON,dino_pre2016,unvalidated_candidate,1,alexandrium_minutum|||cylindrospermopsis,Not observed post-2015,"The relationship between alexandrium minutum and cylindrospermopsis was identified as a candidate missing link in the pre-2016 dinoflagellate knowledge graph. Historical graph connectivity includes bridge concepts such as paralytic shellfish poisoning, dinoflagellates, cyanobacteria, paralytic shellfish toxins, saxitoxin. This relationship should be interpreted as a literature-derived hypothesis rather than experimental evidence of a biological mechanism.",55,5.528907419747386,Adamic–Adar,alexandrium_minutum cylindrospermopsis dino_taxon cyano_taxon cross_taxa_association paralytic_shellfish_poisoning; dinoflagellates; cyanobacteria; paralytic_shellfish_toxins; saxitoxin; sxta; toxicity; expression; phylogenetic; biosynthesis; pyrodinium; saxitoxin_biosynthesis; anabaena; bloom; lc_ms; lc_ms_ms; cyanobacterial; dinoflagellate; alexandrium; cyanobacterium toxin; dino_taxon; cyano_taxon; toxin; toxin; sxt_gene; biological_process; biological_process; biological_process; biological_process; dino_taxon; biological_process; cyano_taxon; env_factor; detection_method; detection_method; cyano_taxon; dino_taxon; dino_taxon; cyano_taxon
nutrients,ENV_FACTOR,sxtg,SXT_GENE,environment_gene_regulation,0.3262730618714219,237,5.483060659942499,56,0.44,46,22,saxitoxin; dinoflagellate; alexandrium; paralytic_shellfish_toxins; dinoflagellates; paralytic_shellfish_poisoning; alexandrium_minutum; nutrient; toxin_production; gymnodinium; gymnodinium_catenatum; transcriptome; alexandrium_fundyense; pyrodinium; gonyautoxin; bloom; nitrogen; expression; pyrodinium_bahamense; toxicity,TOXIN; DINO_TAXON; DINO_TAXON; TOXIN; DINO_TAXON; TOXIN; DINO_TAXON; ENV_FACTOR; BIOLOGICAL_PROCESS; DINO_TAXON; DINO_TAXON; BIOLOGICAL_PROCESS; DINO_TAXON; DINO_TAXON; TOXIN; ENV_FACTOR; ENV_FACTOR; BIOLOGICAL_PROCESS; DINO_TAXON; BIOLOGICAL_PROCESS,dino_pre2016,unvalidated_candidate,1,nutrients|||sxtg,Subsequently represented,"The relationship between nutrients and sxtg was identified as a candidate missing link in the pre-2016 dinoflagellate knowledge graph. Historical graph connectivity includes bridge concepts such as saxitoxin, dinoflagellate, alexandrium, paralytic shellfish toxins, dinoflagellates. This relationship should be interpreted as a literature-derived hypothesis rather than experimental evidence of a biological mechanism.",56,5.483060659942499,Adamic–Adar,nutrients sxtg env_factor sxt_gene environment_gene_regulation saxitoxin; dinoflagellate; alexandrium; paralytic_shellfish_toxins; dinoflagellates; paralytic_shellfish_poisoning; alexandrium_minutum; nutrient; toxin_production; gymnodinium; gymnodinium_catenatum; transcriptome; alexandrium_fundyense; pyrodinium; gonyautoxin; bloom; nitrogen; expression; pyrodinium_bahamense; toxicity toxin; dino_taxon; dino_taxon; toxin; dino_taxon; toxin; dino_taxon; env_factor; biological_process; dino_taxon; dino_taxon; biological_process; dino_taxon; dino_taxon; toxin; env_factor; env_factor; biological_process; dino_taxon; biological_process
gene_expression,BIOLOGICAL_PROCESS,sxt_genes,SXT_GENE,gene_process_association,0.2955849385858212,279,5.47668365016098,57,0.5365853658536586,15,22,saxitoxin; dinoflagellate; alexandrium; dinoflagellates; sxta; biosynthesis; cyanobacteria; paralytic_shellfish_toxins; cyanobacterial; paralytic_shellfish_poisoning; gymnodinium; gymnodinium_catenatum; transcriptome; saxitoxin_biosynthesis; bloom; alexandrium_catenella; light; expression; evolution; alexandrium_tamarense,TOXIN; DINO_TAXON; DINO_TAXON; DINO_TAXON; SXT_GENE; BIOLOGICAL_PROCESS; CYANO_TAXON; TOXIN; CYANO_TAXON; TOXIN; DINO_TAXON; DINO_TAXON; BIOLOGICAL_PROCESS; BIOLOGICAL_PROCESS; ENV_FACTOR; DINO_TAXON; ENV_FACTOR; BIOLOGICAL_PROCESS; BIOLOGICAL_PROCESS; DINO_TAXON,dino_pre2016,unvalidated_candidate,1,gene_expression|||sxt_genes,Subsequently represented,"The relationship between gene expression and sxt genes was identified as a candidate missing link in the pre-2016 dinoflagellate knowledge graph. Historical graph connectivity includes bridge concepts such as saxitoxin, dinoflagellate, alexandrium, dinoflagellates, sxta. This relationship should be interpreted as a literature-derived hypothesis rather than experimental evidence of a biological mechanism.",57,5.47668365016098,Adamic–Adar,gene_expression sxt_genes biological_process sxt_gene gene_process_association saxitoxin; dinoflagellate; alexandrium; dinoflagellates; sxta; biosynthesis; cyanobacteria; paralytic_shellfish_toxins; cyanobacterial; paralytic_shellfish_poisoning; gymnodinium; gymnodinium_catenatum; transcriptome; saxitoxin_biosynthesis; bloom; alexandrium_catenella; light; expression; evolution; alexandrium_tamarense toxin; dino_taxon; dino_taxon; dino_taxon; sxt_gene; biological_process; cyano_taxon; toxin; cyano_taxon; toxin; dino_taxon; dino_taxon; biological_process; biological_process; env_factor; dino_taxon; env_factor; biological_process; biological_process; dino_taxon
alexandrium_fundyense,DINO_TAXON,cyanobacterium,CYANO_TAXON,cross_taxa_association,0.2795806401151907,302,5.359976448623445,58,0.360655737704918,109,22,saxitoxin; dinoflagellates; paralytic_shellfish_poisoning; alexandrium; dinoflagellate; paralytic_shellfish_toxins; sxta; expression; cyanobacteria; toxin_production; saxitoxin_biosynthesis; bloom; nitrogen; cyanobacterial; toxicity; alexandrium_tamarense; alexandrium_minutum; phylogenetic; biosynthesis; gymnodinium,TOXIN; DINO_TAXON; TOXIN; DINO_TAXON; DINO_TAXON; TOXIN; SXT_GENE; BIOLOGICAL_PROCESS; CYANO_TAXON; BIOLOGICAL_PROCESS; BIOLOGICAL_PROCESS; ENV_FACTOR; ENV_FACTOR; CYANO_TAXON; BIOLOGICAL_PROCESS; DINO_TAXON; DINO_TAXON; BIOLOGICAL_PROCESS; BIOLOGICAL_PROCESS; DINO_TAXON,dino_pre2016,unvalidated_candidate,1,alexandrium_fundyense|||cyanobacterium,Not observed post-2015,"The relationship between alexandrium fundyense and cyanobacterium was identified as a candidate missing link in the pre-2016 dinoflagellate knowledge graph. Historical graph connectivity includes bridge concepts such as saxitoxin, dinoflagellates, paralytic shellfish poisoning, alexandrium, dinoflagellate. This relationship should be interpreted as a literature-derived hypothesis rather than experimental evidence of a biological mechanism.",58,5.359976448623445,Adamic–Adar,alexandrium_fundyense cyanobacterium dino_taxon cyano_taxon cross_taxa_association saxitoxin; dinoflagellates; paralytic_shellfish_poisoning; alexandrium; dinoflagellate; paralytic_shellfish_toxins; sxta; expression; cyanobacteria; toxin_production; saxitoxin_biosynthesis; bloom; nitrogen; cyanobacterial; toxicity; alexandrium_tamarense; alexandrium_minutum; phylogenetic; biosynthesis; gymnodinium toxin; dino_taxon; toxin; dino_taxon; dino_taxon; toxin; sxt_gene; biological_process; cyano_taxon; biological_process; biological_process; env_factor; env_factor; cyano_taxon; biological_process; dino_taxon; dino_taxon; biological_process; biological_process; dino_taxon
alexandrium_minutum,DINO_TAXON,aphanizomenon,CYANO_TAXON,cross_taxa_association,0.2066393745489664,399,5.250567034143458,59,0.3387096774193548,142,21,saxitoxin; paralytic_shellfish_toxins; dinoflagellate; paralytic_shellfish_poisoning; alexandrium; dinoflagellates; cyanobacteria; hplc; biosynthesis; pyrodinium; bloom; anabaena; sxta; cyanobacterial; evolution; toxin_biosynthesis; toxicity; cyanobacterium; phylogenetic; gymnodinium,TOXIN; TOXIN; DINO_TAXON; TOXIN; DINO_TAXON; DINO_TAXON; CYANO_TAXON; DETECTION_METHOD; BIOLOGICAL_PROCESS; DINO_TAXON; ENV_FACTOR; CYANO_TAXON; SXT_GENE; CYANO_TAXON; BIOLOGICAL_PROCESS; BIOLOGICAL_PROCESS; BIOLOGICAL_PROCESS; CYANO_TAXON; BIOLOGICAL_PROCESS; DINO_TAXON,dino_pre2016,unvalidated_candidate,1,alexandrium_minutum|||aphanizomenon,Not observed post-2015,"The relationship between alexandrium minutum and aphanizomenon was identified as a candidate missing link in the pre-2016 dinoflagellate knowledge graph. Historical graph connectivity includes bridge concepts such as saxitoxin, paralytic shellfish toxins, dinoflagellate, paralytic shellfish poisoning, alexandrium. This relationship should be interpreted as a literature-derived hypothesis rather than experimental evidence of a biological mechanism.",59,5.250567034143458,Adamic–Adar,alexandrium_minutum aphanizomenon dino_taxon cyano_taxon cross_taxa_association saxitoxin; paralytic_shellfish_toxins; dinoflagellate; paralytic_shellfish_poisoning; alexandrium; dinoflagellates; cyanobacteria; hplc; biosynthesis; pyrodinium; bloom; anabaena; sxta; cyanobacterial; evolution; toxin_biosynthesis; toxicity; cyanobacterium; phylogenetic; gymnodinium toxin; toxin; dino_taxon; toxin; dino_taxon; dino_taxon; cyano_taxon; detection_method; biological_process; dino_taxon; env_factor; cyano_taxon; sxt_gene; cyano_taxon; biological_process; biological_process; biological_process; cyano_taxon; biological_process; dino_taxon
gtx,TOXIN,irradiance,ENV_FACTOR,environment_toxin_association,0.6239455888152826,16,5.243927641055583,60,0.5384615384615384,14,21,alexandrium; temperature; paralytic_shellfish_toxins; dinoflagellate; paralytic_shellfish_poisoning; dinoflagellates; saxitoxin; alexandrium_minutum; alexandrium_fundyense; bloom; alexandrium_catenella; light; salinity; nitrate; toxicity; nutrient; alexandrium_tamiyavanichii; toxin_production; gymnodinium; hplc,DINO_TAXON; ENV_FACTOR; TOXIN; DINO_TAXON; TOXIN; DINO_TAXON; TOXIN; DINO_TAXON; DINO_TAXON; ENV_FACTOR; DINO_TAXON; ENV_FACTOR; ENV_FACTOR; ENV_FACTOR; BIOLOGICAL_PROCESS; ENV_FACTOR; DINO_TAXON; BIOLOGICAL_PROCESS; DINO_TAXON; DETECTION_METHOD,dino_pre2016,unvalidated_candidate,1,gtx|||irradiance,Not observed post-2015,"The relationship between gtx and irradiance was identified as a candidate missing link in the pre-2016 dinoflagellate knowledge graph. Historical graph connectivity includes bridge concepts such as alexandrium, temperature, paralytic shellfish toxins, dinoflagellate, paralytic shellfish poisoning. This relationship should be interpreted as a literature-derived hypothesis rather than experimental evidence of a biological mechanism.",60,5.243927641055583,Adamic–Adar,gtx irradiance toxin env_factor environment_toxin_association alexandrium; temperature; paralytic_shellfish_toxins; dinoflagellate; paralytic_shellfish_poisoning; dinoflagellates; saxitoxin; alexandrium_minutum; alexandrium_fundyense; bloom; alexandrium_catenella; light; salinity; nitrate; toxicity; nutrient; alexandrium_tamiyavanichii; toxin_production; gymnodinium; hplc dino_taxon; env_factor; toxin; dino_taxon; toxin; dino_taxon; toxin; dino_taxon; dino_taxon; env_factor; dino_taxon; env_factor; env_factor; env_factor; biological_process; env_factor; dino_taxon; biological_process; dino_taxon; detection_method
neosaxitoxin,TOXIN,warming,ENV_FACTOR,environment_toxin_association,0.3415037477109669,215,5.240692686239719,61,0.4772727272727273,29,21,saxitoxin; dinoflagellate; alexandrium; toxicity; salinity; temperature; toxin_production; alexandrium_fundyense; pyrodinium; gonyautoxin; gtx; bloom; light; nitrogen; pyrodinium_bahamense; nitrate; paralytic_shellfish_poisoning; dinoflagellates; nutrient; biosynthesis,TOXIN; DINO_TAXON; DINO_TAXON; BIOLOGICAL_PROCESS; ENV_FACTOR; ENV_FACTOR; BIOLOGICAL_PROCESS; DINO_TAXON; DINO_TAXON; TOXIN; TOXIN; ENV_FACTOR; ENV_FACTOR; ENV_FACTOR; DINO_TAXON; ENV_FACTOR; TOXIN; DINO_TAXON; ENV_FACTOR; BIOLOGICAL_PROCESS,dino_pre2016,unvalidated_candidate,1,neosaxitoxin|||warming,Subsequently represented,"The relationship between neosaxitoxin and warming was identified as a candidate missing link in the pre-2016 dinoflagellate knowledge graph. Historical graph connectivity includes bridge concepts such as saxitoxin, dinoflagellate, alexandrium, toxicity, salinity. This relationship should be interpreted as a literature-derived hypothesis rather than experimental evidence of a biological mechanism.",61,5.240692686239719,Adamic–Adar,neosaxitoxin warming toxin env_factor environment_toxin_association saxitoxin; dinoflagellate; alexandrium; toxicity; salinity; temperature; toxin_production; alexandrium_fundyense; pyrodinium; gonyautoxin; gtx; bloom; light; nitrogen; pyrodinium_bahamense; nitrate; paralytic_shellfish_poisoning; dinoflagellates; nutrient; biosynthesis toxin; dino_taxon; dino_taxon; biological_process; env_factor; env_factor; biological_process; dino_taxon; dino_taxon; toxin; toxin; env_factor; env_factor; env_factor; dino_taxon; env_factor; toxin; dino_taxon; env_factor; biological_process
alexandrium_tamarense,DINO_TAXON,aphanizomenon,CYANO_TAXON,cross_taxa_association,0.3914307789653039,128,5.230879047922999,62,0.3559322033898305,120,21,saxitoxin; paralytic_shellfish_toxins; dinoflagellate; paralytic_shellfish_poisoning; anabaena; alexandrium; dinoflagellates; cyanobacteria; hplc; cyanobacterial; mass_spectrometry; biosynthesis; bloom; sxta; evolution; toxin_biosynthesis; toxicity; cyanobacterium; phylogeny; phylogenetic,TOXIN; TOXIN; DINO_TAXON; TOXIN; CYANO_TAXON; DINO_TAXON; DINO_TAXON; CYANO_TAXON; DETECTION_METHOD; CYANO_TAXON; DETECTION_METHOD; BIOLOGICAL_PROCESS; ENV_FACTOR; SXT_GENE; BIOLOGICAL_PROCESS; BIOLOGICAL_PROCESS; BIOLOGICAL_PROCESS; CYANO_TAXON; BIOLOGICAL_PROCESS; BIOLOGICAL_PROCESS,dino_pre2016,unvalidated_candidate,1,alexandrium_tamarense|||aphanizomenon,Not observed post-2015,"The relationship between alexandrium tamarense and aphanizomenon was identified as a candidate missing link in the pre-2016 dinoflagellate knowledge graph. Historical graph connectivity includes bridge concepts such as saxitoxin, paralytic shellfish toxins, dinoflagellate, paralytic shellfish poisoning, anabaena. This relationship should be interpreted as a literature-derived hypothesis rather than experimental evidence of a biological mechanism.",62,5.230879047922999,Adamic–Adar,alexandrium_tamarense aphanizomenon dino_taxon cyano_taxon cross_taxa_association saxitoxin; paralytic_shellfish_toxins; dinoflagellate; paralytic_shellfish_poisoning; anabaena; alexandrium; dinoflagellates; cyanobacteria; hplc; cyanobacterial; mass_spectrometry; biosynthesis; bloom; sxta; evolution; toxin_biosynthesis; toxicity; cyanobacterium; phylogeny; phylogenetic toxin; toxin; dino_taxon; toxin; cyano_taxon; dino_taxon; dino_taxon; cyano_taxon; detection_method; cyano_taxon; detection_method; biological_process; env_factor; sxt_gene; biological_process; biological_process; biological_process; cyano_taxon; biological_process; biological_process
gonyautoxin,TOXIN,transcriptomic,BIOLOGICAL_PROCESS,process_toxin_association,0.2528675865068028,342,5.188092703284345,63,0.3888888888888889,85,21,alexandrium; dinoflagellate; paralytic_shellfish_toxins; paralytic_shellfish_poisoning; bloom; light; saxitoxin; dinoflagellates; alexandrium_tamarense; biosynthesis; cyanobacteria; toxin_production; alexandrium_catenella; nitrogen; expression; gene_expression; regulation; toxicity; alexandrium_minutum; nutrient,DINO_TAXON; DINO_TAXON; TOXIN; TOXIN; ENV_FACTOR; ENV_FACTOR; TOXIN; DINO_TAXON; DINO_TAXON; BIOLOGICAL_PROCESS; CYANO_TAXON; BIOLOGICAL_PROCESS; DINO_TAXON; ENV_FACTOR; BIOLOGICAL_PROCESS; BIOLOGICAL_PROCESS; BIOLOGICAL_PROCESS; BIOLOGICAL_PROCESS; DINO_TAXON; ENV_FACTOR,dino_pre2016,unvalidated_candidate,1,gonyautoxin|||transcriptomic,Not observed post-2015,"The relationship between gonyautoxin and transcriptomic was identified as a candidate missing link in the pre-2016 dinoflagellate knowledge graph. Historical graph connectivity includes bridge concepts such as alexandrium, dinoflagellate, paralytic shellfish toxins, paralytic shellfish poisoning, bloom. This relationship should be interpreted as a literature-derived hypothesis rather than experimental evidence of a biological mechanism.",63,5.188092703284345,Adamic–Adar,gonyautoxin transcriptomic toxin biological_process process_toxin_association alexandrium; dinoflagellate; paralytic_shellfish_toxins; paralytic_shellfish_poisoning; bloom; light; saxitoxin; dinoflagellates; alexandrium_tamarense; biosynthesis; cyanobacteria; toxin_production; alexandrium_catenella; nitrogen; expression; gene_expression; regulation; toxicity; alexandrium_minutum; nutrient dino_taxon; dino_taxon; toxin; toxin; env_factor; env_factor; toxin; dino_taxon; dino_taxon; biological_process; cyano_taxon; biological_process; dino_taxon; env_factor; biological_process; biological_process; biological_process; biological_process; dino_taxon; env_factor
alexandrium,DINO_TAXON,sxtu,SXT_GENE,taxon_gene_association,0.2679744735800963,321,5.150479550428017,64,0.25,238,20,saxitoxin; cyanobacteria; paralytic_shellfish_toxins; sxt_genes; saxitoxin_biosynthesis; lc_ms; sxta; expression; lc_ms_ms; cyanobacterial; dinoflagellate; paralytic_shellfish_poisoning; cylindrospermopsis; dinoflagellates; mass_spectrometry; cyanobacterium; phylogenetic; biosynthesis; gymnodinium; gymnodinium_catenatum,TOXIN; CYANO_TAXON; TOXIN; SXT_GENE; BIOLOGICAL_PROCESS; DETECTION_METHOD; SXT_GENE; BIOLOGICAL_PROCESS; DETECTION_METHOD; CYANO_TAXON; DINO_TAXON; TOXIN; CYANO_TAXON; DINO_TAXON; DETECTION_METHOD; CYANO_TAXON; BIOLOGICAL_PROCESS; BIOLOGICAL_PROCESS; DINO_TAXON; DINO_TAXON,dino_pre2016,unvalidated_candidate,1,alexandrium|||sxtu,Subsequently represented,"The relationship between alexandrium and sxtu was identified as a candidate missing link in the pre-2016 dinoflagellate knowledge graph. Historical graph connectivity includes bridge concepts such as saxitoxin, cyanobacteria, paralytic shellfish toxins, sxt genes, saxitoxin biosynthesis. This relationship should be interpreted as a literature-derived hypothesis rather than experimental evidence of a biological mechanism.",64,5.150479550428017,Adamic–Adar,alexandrium sxtu dino_taxon sxt_gene taxon_gene_association saxitoxin; cyanobacteria; paralytic_shellfish_toxins; sxt_genes; saxitoxin_biosynthesis; lc_ms; sxta; expression; lc_ms_ms; cyanobacterial; dinoflagellate; paralytic_shellfish_poisoning; cylindrospermopsis; dinoflagellates; mass_spectrometry; cyanobacterium; phylogenetic; biosynthesis; gymnodinium; gymnodinium_catenatum toxin; cyano_taxon; toxin; sxt_gene; biological_process; detection_method; sxt_gene; biological_process; detection_method; cyano_taxon; dino_taxon; toxin; cyano_taxon; dino_taxon; detection_method; cyano_taxon; biological_process; biological_process; dino_taxon; dino_taxon
neosaxitoxin,TOXIN,gene_expression,BIOLOGICAL_PROCESS,process_toxin_association,0.3456112846390105,200,5.125774760908557,65,0.4375,48,21,alexandrium; dinoflagellate; saxitoxin; paralytic_shellfish_poisoning; paralytic_shellfish_toxins; dinoflagellates; toxin_production; alexandrium_tamarense; nutrient; cyanobacteria; gymnodinium; gymnodinium_catenatum; alexandrium_fundyense; gonyautoxin; bloom; alexandrium_catenella; light; nitrogen; alexandrium_minutum; phylogenetic,DINO_TAXON; DINO_TAXON; TOXIN; TOXIN; TOXIN; DINO_TAXON; BIOLOGICAL_PROCESS; DINO_TAXON; ENV_FACTOR; CYANO_TAXON; DINO_TAXON; DINO_TAXON; DINO_TAXON; TOXIN; ENV_FACTOR; DINO_TAXON; ENV_FACTOR; ENV_FACTOR; DINO_TAXON; BIOLOGICAL_PROCESS,dino_pre2016,unvalidated_candidate,1,gene_expression|||neosaxitoxin,Not observed post-2015,"The relationship between neosaxitoxin and gene expression was identified as a candidate missing link in the pre-2016 dinoflagellate knowledge graph. Historical graph connectivity includes bridge concepts such as alexandrium, dinoflagellate, saxitoxin, paralytic shellfish poisoning, paralytic shellfish toxins. This relationship should be interpreted as a literature-derived hypothesis rather than experimental evidence of a biological mechanism.",65,5.125774760908557,Adamic–Adar,neosaxitoxin gene_expression toxin biological_process process_toxin_association alexandrium; dinoflagellate; saxitoxin; paralytic_shellfish_poisoning; paralytic_shellfish_toxins; dinoflagellates; toxin_production; alexandrium_tamarense; nutrient; cyanobacteria; gymnodinium; gymnodinium_catenatum; alexandrium_fundyense; gonyautoxin; bloom; alexandrium_catenella; light; nitrogen; alexandrium_minutum; phylogenetic dino_taxon; dino_taxon; toxin; toxin; toxin; dino_taxon; biological_process; dino_taxon; env_factor; cyano_taxon; dino_taxon; dino_taxon; dino_taxon; toxin; env_factor; dino_taxon; env_factor; env_factor; dino_taxon; biological_process
dinoflagellate,DINO_TAXON,lyngbya,CYANO_TAXON,cross_taxa_association,0.4186537865302,101,5.03540300531388,66,0.2597402597402597,230,20,dinoflagellates; cyanobacteria; paralytic_shellfish_toxins; anabaena; aphanizomenon; cyanobacterial; saxitoxin; hplc; pyrodinium; bloom; sxta; alexandrium; paralytic_shellfish_poisoning; cylindrospermopsis; toxicity; mass_spectrometry; cyanobacterium; biosynthesis; toxin_production; gymnodinium,DINO_TAXON; CYANO_TAXON; TOXIN; CYANO_TAXON; CYANO_TAXON; CYANO_TAXON; TOXIN; DETECTION_METHOD; DINO_TAXON; ENV_FACTOR; SXT_GENE; DINO_TAXON; TOXIN; CYANO_TAXON; BIOLOGICAL_PROCESS; DETECTION_METHOD; CYANO_TAXON; BIOLOGICAL_PROCESS; BIOLOGICAL_PROCESS; DINO_TAXON,dino_pre2016,unvalidated_candidate,1,dinoflagellate|||lyngbya,Not observed post-2015,"The relationship between dinoflagellate and lyngbya was identified as a candidate missing link in the pre-2016 dinoflagellate knowledge graph. Historical graph connectivity includes bridge concepts such as dinoflagellates, cyanobacteria, paralytic shellfish toxins, anabaena, aphanizomenon. This relationship should be interpreted as a literature-derived hypothesis rather than experimental evidence of a biological mechanism.",66,5.03540300531388,Adamic–Adar,dinoflagellate lyngbya dino_taxon cyano_taxon cross_taxa_association dinoflagellates; cyanobacteria; paralytic_shellfish_toxins; anabaena; aphanizomenon; cyanobacterial; saxitoxin; hplc; pyrodinium; bloom; sxta; alexandrium; paralytic_shellfish_poisoning; cylindrospermopsis; toxicity; mass_spectrometry; cyanobacterium; biosynthesis; toxin_production; gymnodinium dino_taxon; cyano_taxon; toxin; cyano_taxon; cyano_taxon; cyano_taxon; toxin; detection_method; dino_taxon; env_factor; sxt_gene; dino_taxon; toxin; cyano_taxon; biological_process; detection_method; cyano_taxon; biological_process; biological_process; dino_taxon
gonyautoxin,TOXIN,irradiance,ENV_FACTOR,environment_toxin_association,0.4507321334852853,78,4.986978469870707,67,0.3846153846153846,89,20,alexandrium; temperature; paralytic_shellfish_toxins; dinoflagellate; paralytic_shellfish_poisoning; dinoflagellates; saxitoxin; alexandrium_minutum; bloom; alexandrium_catenella; light; salinity; nitrate; toxicity; nutrient; alexandrium_tamiyavanichii; toxin_production; gymnodinium; hplc; gymnodinium_catenatum,DINO_TAXON; ENV_FACTOR; TOXIN; DINO_TAXON; TOXIN; DINO_TAXON; TOXIN; DINO_TAXON; ENV_FACTOR; DINO_TAXON; ENV_FACTOR; ENV_FACTOR; ENV_FACTOR; BIOLOGICAL_PROCESS; ENV_FACTOR; DINO_TAXON; BIOLOGICAL_PROCESS; DINO_TAXON; DETECTION_METHOD; DINO_TAXON,dino_pre2016,unvalidated_candidate,1,gonyautoxin|||irradiance,Not observed post-2015,"The relationship between gonyautoxin and irradiance was identified as a candidate missing link in the pre-2016 dinoflagellate knowledge graph. Historical graph connectivity includes bridge concepts such as alexandrium, temperature, paralytic shellfish toxins, dinoflagellate, paralytic shellfish poisoning. This relationship should be interpreted as a literature-derived hypothesis rather than experimental evidence of a biological mechanism.",67,4.986978469870707,Adamic–Adar,gonyautoxin irradiance toxin env_factor environment_toxin_association alexandrium; temperature; paralytic_shellfish_toxins; dinoflagellate; paralytic_shellfish_poisoning; dinoflagellates; saxitoxin; alexandrium_minutum; bloom; alexandrium_catenella; light; salinity; nitrate; toxicity; nutrient; alexandrium_tamiyavanichii; toxin_production; gymnodinium; hplc; gymnodinium_catenatum dino_taxon; env_factor; toxin; dino_taxon; toxin; dino_taxon; toxin; dino_taxon; env_factor; dino_taxon; env_factor; env_factor; env_factor; biological_process; env_factor; dino_taxon; biological_process; dino_taxon; detection_method; dino_taxon
neosaxitoxin,TOXIN,alexandrium_tamiyavanichii,DINO_TAXON,taxon_toxin_association,0.5984412616782792,20,4.936146174117548,68,0.5128205128205128,22,20,alexandrium; dinoflagellate; toxicity; hplc; saxitoxin; paralytic_shellfish_poisoning; dinoflagellates; paralytic_shellfish_toxins; pyrodinium; gonyautoxin; gtx; alexandrium_catenella; light; pyrodinium_bahamense; nitrate; alexandrium_minutum; biosynthesis; cyanobacteria; temperature; toxin_production,DINO_TAXON; DINO_TAXON; BIOLOGICAL_PROCESS; DETECTION_METHOD; TOXIN; TOXIN; DINO_TAXON; TOXIN; DINO_TAXON; TOXIN; TOXIN; DINO_TAXON; ENV_FACTOR; DINO_TAXON; ENV_FACTOR; DINO_TAXON; BIOLOGICAL_PROCESS; CYANO_TAXON; ENV_FACTOR; BIOLOGICAL_PROCESS,dino_pre2016,unvalidated_candidate,1,alexandrium_tamiyavanichii|||neosaxitoxin,Not observed post-2015,"The relationship between neosaxitoxin and alexandrium tamiyavanichii was identified as a candidate missing link in the pre-2016 dinoflagellate knowledge graph. Historical graph connectivity includes bridge concepts such as alexandrium, dinoflagellate, toxicity, hplc, saxitoxin. This relationship should be interpreted as a literature-derived hypothesis rather than experimental evidence of a biological mechanism.",68,4.936146174117548,Adamic–Adar,neosaxitoxin alexandrium_tamiyavanichii toxin dino_taxon taxon_toxin_association alexandrium; dinoflagellate; toxicity; hplc; saxitoxin; paralytic_shellfish_poisoning; dinoflagellates; paralytic_shellfish_toxins; pyrodinium; gonyautoxin; gtx; alexandrium_catenella; light; pyrodinium_bahamense; nitrate; alexandrium_minutum; biosynthesis; cyanobacteria; temperature; toxin_production dino_taxon; dino_taxon; biological_process; detection_method; toxin; toxin; dino_taxon; toxin; dino_taxon; toxin; toxin; dino_taxon; env_factor; dino_taxon; env_factor; dino_taxon; biological_process; cyano_taxon; env_factor; biological_process
phosphate,ENV_FACTOR,sxtg,SXT_GENE,environment_gene_regulation,0.3007203805391186,274,4.928740381468567,69,0.4347826086956521,52,20,saxitoxin; dinoflagellate; alexandrium; paralytic_shellfish_toxins; biosynthesis; saxitoxin_biosynthesis; dinoflagellates; alexandrium_minutum; nutrient; toxin_production; alexandrium_fundyense; gonyautoxin; bloom; nitrogen; toxin_biosynthesis; paralytic_shellfish_poisoning; toxicity; gymnodinium; gymnodinium_catenatum; phosphorus,TOXIN; DINO_TAXON; DINO_TAXON; TOXIN; BIOLOGICAL_PROCESS; BIOLOGICAL_PROCESS; DINO_TAXON; DINO_TAXON; ENV_FACTOR; BIOLOGICAL_PROCESS; DINO_TAXON; TOXIN; ENV_FACTOR; ENV_FACTOR; BIOLOGICAL_PROCESS; TOXIN; BIOLOGICAL_PROCESS; DINO_TAXON; DINO_TAXON; ENV_FACTOR,dino_pre2016,unvalidated_candidate,1,phosphate|||sxtg,Subsequently represented,"The relationship between phosphate and sxtg was identified as a candidate missing link in the pre-2016 dinoflagellate knowledge graph. Historical graph connectivity includes bridge concepts such as saxitoxin, dinoflagellate, alexandrium, paralytic shellfish toxins, biosynthesis. This relationship should be interpreted as a literature-derived hypothesis rather than experimental evidence of a biological mechanism.",69,4.928740381468567,Adamic–Adar,phosphate sxtg env_factor sxt_gene environment_gene_regulation saxitoxin; dinoflagellate; alexandrium; paralytic_shellfish_toxins; biosynthesis; saxitoxin_biosynthesis; dinoflagellates; alexandrium_minutum; nutrient; toxin_production; alexandrium_fundyense; gonyautoxin; bloom; nitrogen; toxin_biosynthesis; paralytic_shellfish_poisoning; toxicity; gymnodinium; gymnodinium_catenatum; phosphorus toxin; dino_taxon; dino_taxon; toxin; biological_process; biological_process; dino_taxon; dino_taxon; env_factor; biological_process; dino_taxon; toxin; env_factor; env_factor; biological_process; toxin; biological_process; dino_taxon; dino_taxon; env_factor
neosaxitoxin,TOXIN,irradiance,ENV_FACTOR,environment_toxin_association,0.4291905491703046,92,4.924998652151782,70,0.5405405405405406,12,20,alexandrium; paralytic_shellfish_toxins; dinoflagellate; paralytic_shellfish_poisoning; dinoflagellates; saxitoxin; temperature; alexandrium_fundyense; bloom; alexandrium_catenella; light; salinity; nitrate; toxicity; alexandrium_minutum; nutrient; toxin_production; gymnodinium; hplc; gymnodinium_catenatum,DINO_TAXON; TOXIN; DINO_TAXON; TOXIN; DINO_TAXON; TOXIN; ENV_FACTOR; DINO_TAXON; ENV_FACTOR; DINO_TAXON; ENV_FACTOR; ENV_FACTOR; ENV_FACTOR; BIOLOGICAL_PROCESS; DINO_TAXON; ENV_FACTOR; BIOLOGICAL_PROCESS; DINO_TAXON; DETECTION_METHOD; DINO_TAXON,dino_pre2016,unvalidated_candidate,1,irradiance|||neosaxitoxin,Not observed post-2015,"The relationship between neosaxitoxin and irradiance was identified as a candidate missing link in the pre-2016 dinoflagellate knowledge graph. Historical graph connectivity includes bridge concepts such as alexandrium, paralytic shellfish toxins, dinoflagellate, paralytic shellfish poisoning, dinoflagellates. This relationship should be interpreted as a literature-derived hypothesis rather than experimental evidence of a biological mechanism.",70,4.924998652151782,Adamic–Adar,neosaxitoxin irradiance toxin env_factor environment_toxin_association alexandrium; paralytic_shellfish_toxins; dinoflagellate; paralytic_shellfish_poisoning; dinoflagellates; saxitoxin; temperature; alexandrium_fundyense; bloom; alexandrium_catenella; light; salinity; nitrate; toxicity; alexandrium_minutum; nutrient; toxin_production; gymnodinium; hplc; gymnodinium_catenatum dino_taxon; toxin; dino_taxon; toxin; dino_taxon; toxin; env_factor; dino_taxon; env_factor; dino_taxon; env_factor; env_factor; env_factor; biological_process; dino_taxon; env_factor; biological_process; dino_taxon; detection_method; dino_taxon
nitrate,ENV_FACTOR,sxtg,SXT_GENE,environment_gene_regulation,0.2007152023040335,408,4.913774160841911,71,0.3773584905660377,95,20,saxitoxin; dinoflagellate; dinoflagellates; alexandrium; paralytic_shellfish_toxins; paralytic_shellfish_poisoning; alexandrium_minutum; nutrient; toxin_production; alexandrium_fundyense; pyrodinium; gonyautoxin; bloom; nitrogen; pyrodinium_bahamense; toxicity; cyanobacteria; gymnodinium; gymnodinium_catenatum; phosphorus,TOXIN; DINO_TAXON; DINO_TAXON; DINO_TAXON; TOXIN; TOXIN; DINO_TAXON; ENV_FACTOR; BIOLOGICAL_PROCESS; DINO_TAXON; DINO_TAXON; TOXIN; ENV_FACTOR; ENV_FACTOR; DINO_TAXON; BIOLOGICAL_PROCESS; CYANO_TAXON; DINO_TAXON; DINO_TAXON; ENV_FACTOR,dino_pre2016,unvalidated_candidate,1,nitrate|||sxtg,Subsequently represented,"The relationship between nitrate and sxtg was identified as a candidate missing link in the pre-2016 dinoflagellate knowledge graph. Historical graph connectivity includes bridge concepts such as saxitoxin, dinoflagellate, dinoflagellates, alexandrium, paralytic shellfish toxins. This relationship should be interpreted as a literature-derived hypothesis rather than experimental evidence of a biological mechanism.",71,4.913774160841911,Adamic–Adar,nitrate sxtg env_factor sxt_gene environment_gene_regulation saxitoxin; dinoflagellate; dinoflagellates; alexandrium; paralytic_shellfish_toxins; paralytic_shellfish_poisoning; alexandrium_minutum; nutrient; toxin_production; alexandrium_fundyense; pyrodinium; gonyautoxin; bloom; nitrogen; pyrodinium_bahamense; toxicity; cyanobacteria; gymnodinium; gymnodinium_catenatum; phosphorus toxin; dino_taxon; dino_taxon; dino_taxon; toxin; toxin; dino_taxon; env_factor; biological_process; dino_taxon; dino_taxon; toxin; env_factor; env_factor; dino_taxon; biological_process; cyano_taxon; dino_taxon; dino_taxon; env_factor
neosaxitoxin,TOXIN,phosphorus,ENV_FACTOR,environment_toxin_association,0.323372065976822,242,4.910376184137623,72,0.425531914893617,60,20,alexandrium; dinoflagellate; paralytic_shellfish_poisoning; paralytic_shellfish_toxins; toxin_production; dinoflagellates; alexandrium_tamarense; gonyautoxin; saxitoxin; toxicity; nutrient; alexandrium_fundyense; gtx; bloom; alexandrium_catenella; nitrogen; nitrate; alexandrium_minutum; biosynthesis; cyanobacteria,DINO_TAXON; DINO_TAXON; TOXIN; TOXIN; BIOLOGICAL_PROCESS; DINO_TAXON; DINO_TAXON; TOXIN; TOXIN; BIOLOGICAL_PROCESS; ENV_FACTOR; DINO_TAXON; TOXIN; ENV_FACTOR; DINO_TAXON; ENV_FACTOR; ENV_FACTOR; DINO_TAXON; BIOLOGICAL_PROCESS; CYANO_TAXON,dino_pre2016,unvalidated_candidate,1,neosaxitoxin|||phosphorus,Not observed post-2015,"The relationship between neosaxitoxin and phosphorus was identified as a candidate missing link in the pre-2016 dinoflagellate knowledge graph. Historical graph connectivity includes bridge concepts such as alexandrium, dinoflagellate, paralytic shellfish poisoning, paralytic shellfish toxins, toxin production. This relationship should be interpreted as a literature-derived hypothesis rather than experimental evidence of a biological mechanism.",72,4.910376184137623,Adamic–Adar,neosaxitoxin phosphorus toxin env_factor environment_toxin_association alexandrium; dinoflagellate; paralytic_shellfish_poisoning; paralytic_shellfish_toxins; toxin_production; dinoflagellates; alexandrium_tamarense; gonyautoxin; saxitoxin; toxicity; nutrient; alexandrium_fundyense; gtx; bloom; alexandrium_catenella; nitrogen; nitrate; alexandrium_minutum; biosynthesis; cyanobacteria dino_taxon; dino_taxon; toxin; toxin; biological_process; dino_taxon; dino_taxon; toxin; toxin; biological_process; env_factor; dino_taxon; toxin; env_factor; dino_taxon; env_factor; env_factor; dino_taxon; biological_process; cyano_taxon
paralytic_shellfish_poisoning,TOXIN,gene_duplication,BIOLOGICAL_PROCESS,process_toxin_association,0.3225384736947237,244,4.904418719102362,73,0.2435897435897435,252,19,alexandrium; dinoflagellate; biosynthesis; transcriptome; alexandrium_fundyense; pyrodinium; sxt_genes; saxitoxin_biosynthesis; sxta; expression; pyrodinium_bahamense; warming; saxitoxin; evolution; dinoflagellates; phylogeny; gymnodinium; sxtg; gymnodinium_catenatum,DINO_TAXON; DINO_TAXON; BIOLOGICAL_PROCESS; BIOLOGICAL_PROCESS; DINO_TAXON; DINO_TAXON; SXT_GENE; BIOLOGICAL_PROCESS; SXT_GENE; BIOLOGICAL_PROCESS; DINO_TAXON; ENV_FACTOR; TOXIN; BIOLOGICAL_PROCESS; DINO_TAXON; BIOLOGICAL_PROCESS; DINO_TAXON; SXT_GENE; DINO_TAXON,dino_pre2016,unvalidated_candidate,1,gene_duplication|||paralytic_shellfish_poisoning,Not observed post-2015,"The relationship between paralytic shellfish poisoning and gene duplication was identified as a candidate missing link in the pre-2016 dinoflagellate knowledge graph. Historical graph connectivity includes bridge concepts such as alexandrium, dinoflagellate, biosynthesis, transcriptome, alexandrium fundyense. This relationship should be interpreted as a literature-derived hypothesis rather than experimental evidence of a biological mechanism.",73,4.904418719102362,Adamic–Adar,paralytic_shellfish_poisoning gene_duplication toxin biological_process process_toxin_association alexandrium; dinoflagellate; biosynthesis; transcriptome; alexandrium_fundyense; pyrodinium; sxt_genes; saxitoxin_biosynthesis; sxta; expression; pyrodinium_bahamense; warming; saxitoxin; evolution; dinoflagellates; phylogeny; gymnodinium; sxtg; gymnodinium_catenatum dino_taxon; dino_taxon; biological_process; biological_process; dino_taxon; dino_taxon; sxt_gene; biological_process; sxt_gene; biological_process; dino_taxon; env_factor; toxin; biological_process; dino_taxon; biological_process; dino_taxon; sxt_gene; dino_taxon
harmful_algal_bloom,ENV_FACTOR,sxt_genes,SXT_GENE,environment_gene_regulation,0.2141100712205719,392,4.878729303205834,74,0.4347826086956521,52,20,saxitoxin; dinoflagellate; alexandrium; dinoflagellates; gymnodinium; paralytic_shellfish_toxins; pyrodinium; sxta; paralytic_shellfish_poisoning; gymnodinium_catenatum; bloom; alexandrium_catenella; expression; pyrodinium_bahamense; cyanobacterial; toxin_biosynthesis; toxicity; alexandrium_tamarense; biosynthesis; cyanobacteria,TOXIN; DINO_TAXON; DINO_TAXON; DINO_TAXON; DINO_TAXON; TOXIN; DINO_TAXON; SXT_GENE; TOXIN; DINO_TAXON; ENV_FACTOR; DINO_TAXON; BIOLOGICAL_PROCESS; DINO_TAXON; CYANO_TAXON; BIOLOGICAL_PROCESS; BIOLOGICAL_PROCESS; DINO_TAXON; BIOLOGICAL_PROCESS; CYANO_TAXON,dino_pre2016,unvalidated_candidate,1,harmful_algal_bloom|||sxt_genes,Subsequently represented,"The relationship between harmful algal bloom and sxt genes was identified as a candidate missing link in the pre-2016 dinoflagellate knowledge graph. Historical graph connectivity includes bridge concepts such as saxitoxin, dinoflagellate, alexandrium, dinoflagellates, gymnodinium. This relationship should be interpreted as a literature-derived hypothesis rather than experimental evidence of a biological mechanism.",74,4.878729303205834,Adamic–Adar,harmful_algal_bloom sxt_genes env_factor sxt_gene environment_gene_regulation saxitoxin; dinoflagellate; alexandrium; dinoflagellates; gymnodinium; paralytic_shellfish_toxins; pyrodinium; sxta; paralytic_shellfish_poisoning; gymnodinium_catenatum; bloom; alexandrium_catenella; expression; pyrodinium_bahamense; cyanobacterial; toxin_biosynthesis; toxicity; alexandrium_tamarense; biosynthesis; cyanobacteria toxin; dino_taxon; dino_taxon; dino_taxon; dino_taxon; toxin; dino_taxon; sxt_gene; toxin; dino_taxon; env_factor; dino_taxon; biological_process; dino_taxon; cyano_taxon; biological_process; biological_process; dino_taxon; biological_process; cyano_taxon
salinity,ENV_FACTOR,sxtg,SXT_GENE,environment_gene_regulation,0.2823922019916388,296,4.872720815603145,75,0.3703703703703703,101,20,saxitoxin; dinoflagellate; alexandrium; paralytic_shellfish_toxins; dinoflagellates; paralytic_shellfish_poisoning; alexandrium_minutum; nutrient; toxin_production; pyrodinium; gonyautoxin; bloom; nitrogen; pyrodinium_bahamense; toxin_biosynthesis; toxicity; biosynthesis; cyanobacteria; gymnodinium; gymnodinium_catenatum,TOXIN; DINO_TAXON; DINO_TAXON; TOXIN; DINO_TAXON; TOXIN; DINO_TAXON; ENV_FACTOR; BIOLOGICAL_PROCESS; DINO_TAXON; TOXIN; ENV_FACTOR; ENV_FACTOR; DINO_TAXON; BIOLOGICAL_PROCESS; BIOLOGICAL_PROCESS; BIOLOGICAL_PROCESS; CYANO_TAXON; DINO_TAXON; DINO_TAXON,dino_pre2016,unvalidated_candidate,1,salinity|||sxtg,Subsequently represented,"The relationship between salinity and sxtg was identified as a candidate missing link in the pre-2016 dinoflagellate knowledge graph. Historical graph connectivity includes bridge concepts such as saxitoxin, dinoflagellate, alexandrium, paralytic shellfish toxins, dinoflagellates. This relationship should be interpreted as a literature-derived hypothesis rather than experimental evidence of a biological mechanism.",75,4.872720815603145,Adamic–Adar,salinity sxtg env_factor sxt_gene environment_gene_regulation saxitoxin; dinoflagellate; alexandrium; paralytic_shellfish_toxins; dinoflagellates; paralytic_shellfish_poisoning; alexandrium_minutum; nutrient; toxin_production; pyrodinium; gonyautoxin; bloom; nitrogen; pyrodinium_bahamense; toxin_biosynthesis; toxicity; biosynthesis; cyanobacteria; gymnodinium; gymnodinium_catenatum toxin; dino_taxon; dino_taxon; toxin; dino_taxon; toxin; dino_taxon; env_factor; biological_process; dino_taxon; toxin; env_factor; env_factor; dino_taxon; biological_process; biological_process; biological_process; cyano_taxon; dino_taxon; dino_taxon
cyanobacterium,CYANO_TAXON,sxtg,SXT_GENE,cyano_gene_transfer_signal,0.2869545713481267,289,4.861948103234396,76,0.4,74,20,saxitoxin; dinoflagellates; alexandrium; dinoflagellate; paralytic_shellfish_toxins; sxta; cyanobacteria; cyanobacterial; paralytic_shellfish_poisoning; toxin_production; saxitoxin_biosynthesis; bloom; nitrogen; expression; toxicity; alexandrium_minutum; phylogenetic; biosynthesis; gymnodinium; gymnodinium_catenatum,TOXIN; DINO_TAXON; DINO_TAXON; DINO_TAXON; TOXIN; SXT_GENE; CYANO_TAXON; CYANO_TAXON; TOXIN; BIOLOGICAL_PROCESS; BIOLOGICAL_PROCESS; ENV_FACTOR; ENV_FACTOR; BIOLOGICAL_PROCESS; BIOLOGICAL_PROCESS; DINO_TAXON; BIOLOGICAL_PROCESS; BIOLOGICAL_PROCESS; DINO_TAXON; DINO_TAXON,dino_pre2016,unvalidated_candidate,1,cyanobacterium|||sxtg,Not observed post-2015,"The relationship between cyanobacterium and sxtg was identified as a candidate missing link in the pre-2016 dinoflagellate knowledge graph. Historical graph connectivity includes bridge concepts such as saxitoxin, dinoflagellates, alexandrium, dinoflagellate, paralytic shellfish toxins. This relationship should be interpreted as a literature-derived hypothesis rather than experimental evidence of a biological mechanism.",76,4.861948103234396,Adamic–Adar,cyanobacterium sxtg cyano_taxon sxt_gene cyano_gene_transfer_signal saxitoxin; dinoflagellates; alexandrium; dinoflagellate; paralytic_shellfish_toxins; sxta; cyanobacteria; cyanobacterial; paralytic_shellfish_poisoning; toxin_production; saxitoxin_biosynthesis; bloom; nitrogen; expression; toxicity; alexandrium_minutum; phylogenetic; biosynthesis; gymnodinium; gymnodinium_catenatum toxin; dino_taxon; dino_taxon; dino_taxon; toxin; sxt_gene; cyano_taxon; cyano_taxon; toxin; biological_process; biological_process; env_factor; env_factor; biological_process; biological_process; dino_taxon; biological_process; biological_process; dino_taxon; dino_taxon
anabaena,CYANO_TAXON,sxtu,SXT_GENE,cyano_gene_transfer_signal,0.5066158249313002,47,4.856465446632811,77,0.5,23,19,saxitoxin; cyanobacteria; paralytic_shellfish_toxins; saxitoxin_biosynthesis; lc_ms; sxta; expression; lc_ms_ms; cyanobacterial; dinoflagellate; paralytic_shellfish_poisoning; cylindrospermopsis; dinoflagellates; mass_spectrometry; cyanobacterium; phylogenetic; biosynthesis; gymnodinium; gymnodinium_catenatum,TOXIN; CYANO_TAXON; TOXIN; BIOLOGICAL_PROCESS; DETECTION_METHOD; SXT_GENE; BIOLOGICAL_PROCESS; DETECTION_METHOD; CYANO_TAXON; DINO_TAXON; TOXIN; CYANO_TAXON; DINO_TAXON; DETECTION_METHOD; CYANO_TAXON; BIOLOGICAL_PROCESS; BIOLOGICAL_PROCESS; DINO_TAXON; DINO_TAXON,dino_pre2016,unvalidated_candidate,1,anabaena|||sxtu,Not observed post-2015,"The relationship between anabaena and sxtu was identified as a candidate missing link in the pre-2016 dinoflagellate knowledge graph. Historical graph connectivity includes bridge concepts such as saxitoxin, cyanobacteria, paralytic shellfish toxins, saxitoxin biosynthesis, lc ms. This relationship should be interpreted as a literature-derived hypothesis rather than experimental evidence of a biological mechanism.",77,4.856465446632811,Adamic–Adar,anabaena sxtu cyano_taxon sxt_gene cyano_gene_transfer_signal saxitoxin; cyanobacteria; paralytic_shellfish_toxins; saxitoxin_biosynthesis; lc_ms; sxta; expression; lc_ms_ms; cyanobacterial; dinoflagellate; paralytic_shellfish_poisoning; cylindrospermopsis; dinoflagellates; mass_spectrometry; cyanobacterium; phylogenetic; biosynthesis; gymnodinium; gymnodinium_catenatum toxin; cyano_taxon; toxin; biological_process; detection_method; sxt_gene; biological_process; detection_method; cyano_taxon; dino_taxon; toxin; cyano_taxon; dino_taxon; detection_method; cyano_taxon; biological_process; biological_process; dino_taxon; dino_taxon
alexandrium_tamarense,DINO_TAXON,sxtu,SXT_GENE,taxon_gene_association,0.2947449983645158,280,4.850377921927604,78,0.3392857142857143,141,19,saxitoxin; cyanobacteria; paralytic_shellfish_toxins; sxt_genes; saxitoxin_biosynthesis; lc_ms; sxta; expression; lc_ms_ms; cyanobacterial; dinoflagellate; paralytic_shellfish_poisoning; dinoflagellates; mass_spectrometry; cyanobacterium; phylogenetic; biosynthesis; gymnodinium; gymnodinium_catenatum,TOXIN; CYANO_TAXON; TOXIN; SXT_GENE; BIOLOGICAL_PROCESS; DETECTION_METHOD; SXT_GENE; BIOLOGICAL_PROCESS; DETECTION_METHOD; CYANO_TAXON; DINO_TAXON; TOXIN; DINO_TAXON; DETECTION_METHOD; CYANO_TAXON; BIOLOGICAL_PROCESS; BIOLOGICAL_PROCESS; DINO_TAXON; DINO_TAXON,dino_pre2016,unvalidated_candidate,1,alexandrium_tamarense|||sxtu,Not observed post-2015,"The relationship between alexandrium tamarense and sxtu was identified as a candidate missing link in the pre-2016 dinoflagellate knowledge graph. Historical graph connectivity includes bridge concepts such as saxitoxin, cyanobacteria, paralytic shellfish toxins, sxt genes, saxitoxin biosynthesis. This relationship should be interpreted as a literature-derived hypothesis rather than experimental evidence of a biological mechanism.",78,4.850377921927604,Adamic–Adar,alexandrium_tamarense sxtu dino_taxon sxt_gene taxon_gene_association saxitoxin; cyanobacteria; paralytic_shellfish_toxins; sxt_genes; saxitoxin_biosynthesis; lc_ms; sxta; expression; lc_ms_ms; cyanobacterial; dinoflagellate; paralytic_shellfish_poisoning; dinoflagellates; mass_spectrometry; cyanobacterium; phylogenetic; biosynthesis; gymnodinium; gymnodinium_catenatum toxin; cyano_taxon; toxin; sxt_gene; biological_process; detection_method; sxt_gene; biological_process; detection_method; cyano_taxon; dino_taxon; toxin; dino_taxon; detection_method; cyano_taxon; biological_process; biological_process; dino_taxon; dino_taxon
aphanizomenon,CYANO_TAXON,sxt_genes,SXT_GENE,cyano_gene_transfer_signal,0.4716608413571924,68,4.719650595142073,79,0.5135135135135135,21,19,saxitoxin; dinoflagellate; alexandrium; dinoflagellates; cyanobacteria; paralytic_shellfish_toxins; cyanobacterial; paralytic_shellfish_poisoning; biosynthesis; pyrodinium; bloom; sxta; evolution; toxin_biosynthesis; toxicity; phylogeny; phylogenetic; gymnodinium; horizontal_gene_transfer,TOXIN; DINO_TAXON; DINO_TAXON; DINO_TAXON; CYANO_TAXON; TOXIN; CYANO_TAXON; TOXIN; BIOLOGICAL_PROCESS; DINO_TAXON; ENV_FACTOR; SXT_GENE; BIOLOGICAL_PROCESS; BIOLOGICAL_PROCESS; BIOLOGICAL_PROCESS; BIOLOGICAL_PROCESS; BIOLOGICAL_PROCESS; DINO_TAXON; BIOLOGICAL_PROCESS,dino_pre2016,unvalidated_candidate,1,aphanizomenon|||sxt_genes,Subsequently represented,"The relationship between aphanizomenon and sxt genes was identified as a candidate missing link in the pre-2016 dinoflagellate knowledge graph. Historical graph connectivity includes bridge concepts such as saxitoxin, dinoflagellate, alexandrium, dinoflagellates, cyanobacteria. This relationship should be interpreted as a literature-derived hypothesis rather than experimental evidence of a biological mechanism.",79,4.719650595142073,Adamic–Adar,aphanizomenon sxt_genes cyano_taxon sxt_gene cyano_gene_transfer_signal saxitoxin; dinoflagellate; alexandrium; dinoflagellates; cyanobacteria; paralytic_shellfish_toxins; cyanobacterial; paralytic_shellfish_poisoning; biosynthesis; pyrodinium; bloom; sxta; evolution; toxin_biosynthesis; toxicity; phylogeny; phylogenetic; gymnodinium; horizontal_gene_transfer toxin; dino_taxon; dino_taxon; dino_taxon; cyano_taxon; toxin; cyano_taxon; toxin; biological_process; dino_taxon; env_factor; sxt_gene; biological_process; biological_process; biological_process; biological_process; biological_process; dino_taxon; biological_process
aphanizomenon,CYANO_TAXON,sxtg,SXT_GENE,cyano_gene_transfer_signal,0.3439721204095098,209,4.719650595142073,79,0.4418604651162791,44,19,saxitoxin; dinoflagellate; paralytic_shellfish_toxins; alexandrium; dinoflagellates; cyanobacteria; cyanobacterial; paralytic_shellfish_poisoning; biosynthesis; pyrodinium; bloom; sxta; evolution; toxin_biosynthesis; toxicity; phylogeny; phylogenetic; gymnodinium; horizontal_gene_transfer,TOXIN; DINO_TAXON; TOXIN; DINO_TAXON; DINO_TAXON; CYANO_TAXON; CYANO_TAXON; TOXIN; BIOLOGICAL_PROCESS; DINO_TAXON; ENV_FACTOR; SXT_GENE; BIOLOGICAL_PROCESS; BIOLOGICAL_PROCESS; BIOLOGICAL_PROCESS; BIOLOGICAL_PROCESS; BIOLOGICAL_PROCESS; DINO_TAXON; BIOLOGICAL_PROCESS,dino_pre2016,unvalidated_candidate,1,aphanizomenon|||sxtg,Not observed post-2015,"The relationship between aphanizomenon and sxtg was identified as a candidate missing link in the pre-2016 dinoflagellate knowledge graph. Historical graph connectivity includes bridge concepts such as saxitoxin, dinoflagellate, paralytic shellfish toxins, alexandrium, dinoflagellates. This relationship should be interpreted as a literature-derived hypothesis rather than experimental evidence of a biological mechanism.",79,4.719650595142073,Adamic–Adar,aphanizomenon sxtg cyano_taxon sxt_gene cyano_gene_transfer_signal saxitoxin; dinoflagellate; paralytic_shellfish_toxins; alexandrium; dinoflagellates; cyanobacteria; cyanobacterial; paralytic_shellfish_poisoning; biosynthesis; pyrodinium; bloom; sxta; evolution; toxin_biosynthesis; toxicity; phylogeny; phylogenetic; gymnodinium; horizontal_gene_transfer toxin; dino_taxon; toxin; dino_taxon; dino_taxon; cyano_taxon; cyano_taxon; toxin; biological_process; dino_taxon; env_factor; sxt_gene; biological_process; biological_process; biological_process; biological_process; biological_process; dino_taxon; biological_process
gtx,TOXIN,transcriptome,BIOLOGICAL_PROCESS,process_toxin_association,0.3149670088834217,254,4.716370904111505,81,0.38,93,19,dinoflagellate; alexandrium; paralytic_shellfish_poisoning; dinoflagellates; alexandrium_fundyense; saxitoxin; light; alexandrium_minutum; biosynthesis; paralytic_shellfish_toxins; bloom; alexandrium_catenella; nitrogen; warming; toxin_biosynthesis; nutrient; cyanobacteria; toxin_production; nutrients,DINO_TAXON; DINO_TAXON; TOXIN; DINO_TAXON; DINO_TAXON; TOXIN; ENV_FACTOR; DINO_TAXON; BIOLOGICAL_PROCESS; TOXIN; ENV_FACTOR; DINO_TAXON; ENV_FACTOR; ENV_FACTOR; BIOLOGICAL_PROCESS; ENV_FACTOR; CYANO_TAXON; BIOLOGICAL_PROCESS; ENV_FACTOR,dino_pre2016,unvalidated_candidate,1,gtx|||transcriptome,Not observed post-2015,"The relationship between gtx and transcriptome was identified as a candidate missing link in the pre-2016 dinoflagellate knowledge graph. Historical graph connectivity includes bridge concepts such as dinoflagellate, alexandrium, paralytic shellfish poisoning, dinoflagellates, alexandrium fundyense. This relationship should be interpreted as a literature-derived hypothesis rather than experimental evidence of a biological mechanism.",81,4.716370904111505,Adamic–Adar,gtx transcriptome toxin biological_process process_toxin_association dinoflagellate; alexandrium; paralytic_shellfish_poisoning; dinoflagellates; alexandrium_fundyense; saxitoxin; light; alexandrium_minutum; biosynthesis; paralytic_shellfish_toxins; bloom; alexandrium_catenella; nitrogen; warming; toxin_biosynthesis; nutrient; cyanobacteria; toxin_production; nutrients dino_taxon; dino_taxon; toxin; dino_taxon; dino_taxon; toxin; env_factor; dino_taxon; biological_process; toxin; env_factor; dino_taxon; env_factor; env_factor; biological_process; env_factor; cyano_taxon; biological_process; env_factor
sxtg,SXT_GENE,transcriptomic,BIOLOGICAL_PROCESS,gene_process_association,0.391562795838691,126,4.705710399625261,82,0.4634146341463415,33,19,alexandrium; dinoflagellate; paralytic_shellfish_toxins; saxitoxin; paralytic_shellfish_poisoning; dinoflagellates; biosynthesis; cyanobacteria; toxin_production; transcriptome; alexandrium_fundyense; bloom; nitrogen; expression; gene_expression; evolution; toxicity; alexandrium_minutum; nutrient,DINO_TAXON; DINO_TAXON; TOXIN; TOXIN; TOXIN; DINO_TAXON; BIOLOGICAL_PROCESS; CYANO_TAXON; BIOLOGICAL_PROCESS; BIOLOGICAL_PROCESS; DINO_TAXON; ENV_FACTOR; ENV_FACTOR; BIOLOGICAL_PROCESS; BIOLOGICAL_PROCESS; BIOLOGICAL_PROCESS; BIOLOGICAL_PROCESS; DINO_TAXON; ENV_FACTOR,dino_pre2016,unvalidated_candidate,1,sxtg|||transcriptomic,Subsequently represented,"The relationship between sxtg and transcriptomic was identified as a candidate missing link in the pre-2016 dinoflagellate knowledge graph. Historical graph connectivity includes bridge concepts such as alexandrium, dinoflagellate, paralytic shellfish toxins, saxitoxin, paralytic shellfish poisoning. This relationship should be interpreted as a literature-derived hypothesis rather than experimental evidence of a biological mechanism.",82,4.705710399625261,Adamic–Adar,sxtg transcriptomic sxt_gene biological_process gene_process_association alexandrium; dinoflagellate; paralytic_shellfish_toxins; saxitoxin; paralytic_shellfish_poisoning; dinoflagellates; biosynthesis; cyanobacteria; toxin_production; transcriptome; alexandrium_fundyense; bloom; nitrogen; expression; gene_expression; evolution; toxicity; alexandrium_minutum; nutrient dino_taxon; dino_taxon; toxin; toxin; toxin; dino_taxon; biological_process; cyano_taxon; biological_process; biological_process; dino_taxon; env_factor; env_factor; biological_process; biological_process; biological_process; biological_process; dino_taxon; env_factor
gonyautoxin,TOXIN,climate,ENV_FACTOR,environment_toxin_association,0.3581435456258377,182,4.705411404336616,83,0.3454545454545454,134,19,alexandrium; dinoflagellate; toxicity; bloom; saxitoxin; paralytic_shellfish_toxins; paralytic_shellfish_poisoning; dinoflagellates; nutrient; nitrogen; sxta; cyanobacterial; mouse_bioassay; alexandrium_ostenfeldii; biosynthesis; cyanobacteria; temperature; toxin_production; sxtg,DINO_TAXON; DINO_TAXON; BIOLOGICAL_PROCESS; ENV_FACTOR; TOXIN; TOXIN; TOXIN; DINO_TAXON; ENV_FACTOR; ENV_FACTOR; SXT_GENE; CYANO_TAXON; DETECTION_METHOD; DINO_TAXON; BIOLOGICAL_PROCESS; CYANO_TAXON; ENV_FACTOR; BIOLOGICAL_PROCESS; SXT_GENE,dino_pre2016,unvalidated_candidate,1,climate|||gonyautoxin,Subsequently represented,"The relationship between gonyautoxin and climate was identified as a candidate missing link in the pre-2016 dinoflagellate knowledge graph. Historical graph connectivity includes bridge concepts such as alexandrium, dinoflagellate, toxicity, bloom, saxitoxin. This relationship should be interpreted as a literature-derived hypothesis rather than experimental evidence of a biological mechanism.",83,4.705411404336616,Adamic–Adar,gonyautoxin climate toxin env_factor environment_toxin_association alexandrium; dinoflagellate; toxicity; bloom; saxitoxin; paralytic_shellfish_toxins; paralytic_shellfish_poisoning; dinoflagellates; nutrient; nitrogen; sxta; cyanobacterial; mouse_bioassay; alexandrium_ostenfeldii; biosynthesis; cyanobacteria; temperature; toxin_production; sxtg dino_taxon; dino_taxon; biological_process; env_factor; toxin; toxin; toxin; dino_taxon; env_factor; env_factor; sxt_gene; cyano_taxon; detection_method; dino_taxon; biological_process; cyano_taxon; env_factor; biological_process; sxt_gene
sxta,SXT_GENE,irradiance,ENV_FACTOR,environment_gene_regulation,0.2447208431140909,358,4.692082169904233,84,0.3114754098360656,180,19,alexandrium; paralytic_shellfish_toxins; dinoflagellate; paralytic_shellfish_poisoning; dinoflagellates; saxitoxin; alexandrium_minutum; alexandrium_fundyense; bloom; alexandrium_catenella; light; toxicity; nutrient; alexandrium_tamiyavanichii; temperature; toxin_production; gymnodinium; hplc; gymnodinium_catenatum,DINO_TAXON; TOXIN; DINO_TAXON; TOXIN; DINO_TAXON; TOXIN; DINO_TAXON; DINO_TAXON; ENV_FACTOR; DINO_TAXON; ENV_FACTOR; BIOLOGICAL_PROCESS; ENV_FACTOR; DINO_TAXON; ENV_FACTOR; BIOLOGICAL_PROCESS; DINO_TAXON; DETECTION_METHOD; DINO_TAXON,dino_pre2016,unvalidated_candidate,1,irradiance|||sxta,Subsequently represented,"The relationship between sxta and irradiance was identified as a candidate missing link in the pre-2016 dinoflagellate knowledge graph. Historical graph connectivity includes bridge concepts such as alexandrium, paralytic shellfish toxins, dinoflagellate, paralytic shellfish poisoning, dinoflagellates. This relationship should be interpreted as a literature-derived hypothesis rather than experimental evidence of a biological mechanism.",84,4.692082169904233,Adamic–Adar,sxta irradiance sxt_gene env_factor environment_gene_regulation alexandrium; paralytic_shellfish_toxins; dinoflagellate; paralytic_shellfish_poisoning; dinoflagellates; saxitoxin; alexandrium_minutum; alexandrium_fundyense; bloom; alexandrium_catenella; light; toxicity; nutrient; alexandrium_tamiyavanichii; temperature; toxin_production; gymnodinium; hplc; gymnodinium_catenatum dino_taxon; toxin; dino_taxon; toxin; dino_taxon; toxin; dino_taxon; dino_taxon; env_factor; dino_taxon; env_factor; biological_process; env_factor; dino_taxon; env_factor; biological_process; dino_taxon; detection_method; dino_taxon
cyanobacterium,CYANO_TAXON,sxt_genes,SXT_GENE,cyano_gene_transfer_signal,0.3722425461050535,158,4.691564060481688,85,0.4222222222222222,63,19,saxitoxin; dinoflagellate; alexandrium; dinoflagellates; sxta; cyanobacteria; paralytic_shellfish_toxins; cyanobacterial; paralytic_shellfish_poisoning; saxitoxin_biosynthesis; bloom; expression; sxtu; toxicity; alexandrium_tamarense; phylogenetic; biosynthesis; gymnodinium; gymnodinium_catenatum,TOXIN; DINO_TAXON; DINO_TAXON; DINO_TAXON; SXT_GENE; CYANO_TAXON; TOXIN; CYANO_TAXON; TOXIN; BIOLOGICAL_PROCESS; ENV_FACTOR; BIOLOGICAL_PROCESS; SXT_GENE; BIOLOGICAL_PROCESS; DINO_TAXON; BIOLOGICAL_PROCESS; BIOLOGICAL_PROCESS; DINO_TAXON; DINO_TAXON,dino_pre2016,unvalidated_candidate,1,cyanobacterium|||sxt_genes,Not observed post-2015,"The relationship between cyanobacterium and sxt genes was identified as a candidate missing link in the pre-2016 dinoflagellate knowledge graph. Historical graph connectivity includes bridge concepts such as saxitoxin, dinoflagellate, alexandrium, dinoflagellates, sxta. This relationship should be interpreted as a literature-derived hypothesis rather than experimental evidence of a biological mechanism.",85,4.691564060481688,Adamic–Adar,cyanobacterium sxt_genes cyano_taxon sxt_gene cyano_gene_transfer_signal saxitoxin; dinoflagellate; alexandrium; dinoflagellates; sxta; cyanobacteria; paralytic_shellfish_toxins; cyanobacterial; paralytic_shellfish_poisoning; saxitoxin_biosynthesis; bloom; expression; sxtu; toxicity; alexandrium_tamarense; phylogenetic; biosynthesis; gymnodinium; gymnodinium_catenatum toxin; dino_taxon; dino_taxon; dino_taxon; sxt_gene; cyano_taxon; toxin; cyano_taxon; toxin; biological_process; env_factor; biological_process; sxt_gene; biological_process; dino_taxon; biological_process; biological_process; dino_taxon; dino_taxon
pyrodinium_bahamense,DINO_TAXON,cylindrospermopsis,CYANO_TAXON,cross_taxa_association,0.2344773047986,370,4.66084425358803,86,0.3518518518518518,125,19,paralytic_shellfish_poisoning; dinoflagellates; paralytic_shellfish_toxins; saxitoxin; toxicity; sxta; cyanobacterial; biosynthesis; pyrodinium; saxitoxin_biosynthesis; bloom; lc_ms; dinoflagellate; alexandrium; mass_spectrometry; phylogenetic; cyanobacteria; gymnodinium; hplc,TOXIN; DINO_TAXON; TOXIN; TOXIN; BIOLOGICAL_PROCESS; SXT_GENE; CYANO_TAXON; BIOLOGICAL_PROCESS; DINO_TAXON; BIOLOGICAL_PROCESS; ENV_FACTOR; DETECTION_METHOD; DINO_TAXON; DINO_TAXON; DETECTION_METHOD; BIOLOGICAL_PROCESS; CYANO_TAXON; DINO_TAXON; DETECTION_METHOD,dino_pre2016,unvalidated_candidate,1,cylindrospermopsis|||pyrodinium_bahamense,Subsequently represented,"The relationship between pyrodinium bahamense and cylindrospermopsis was identified as a candidate missing link in the pre-2016 dinoflagellate knowledge graph. Historical graph connectivity includes bridge concepts such as paralytic shellfish poisoning, dinoflagellates, paralytic shellfish toxins, saxitoxin, toxicity. This relationship should be interpreted as a literature-derived hypothesis rather than experimental evidence of a biological mechanism.",86,4.66084425358803,Adamic–Adar,pyrodinium_bahamense cylindrospermopsis dino_taxon cyano_taxon cross_taxa_association paralytic_shellfish_poisoning; dinoflagellates; paralytic_shellfish_toxins; saxitoxin; toxicity; sxta; cyanobacterial; biosynthesis; pyrodinium; saxitoxin_biosynthesis; bloom; lc_ms; dinoflagellate; alexandrium; mass_spectrometry; phylogenetic; cyanobacteria; gymnodinium; hplc toxin; dino_taxon; toxin; toxin; biological_process; sxt_gene; cyano_taxon; biological_process; dino_taxon; biological_process; env_factor; detection_method; dino_taxon; dino_taxon; detection_method; biological_process; cyano_taxon; dino_taxon; detection_method
pyrodinium_bahamense,DINO_TAXON,aphanizomenon,CYANO_TAXON,cross_taxa_association,0.3164807588053618,253,4.656321074812319,87,0.3653846153846153,104,19,saxitoxin; paralytic_shellfish_toxins; dinoflagellate; paralytic_shellfish_poisoning; alexandrium; dinoflagellates; hplc; cyanobacterial; mass_spectrometry; biosynthesis; pyrodinium; bloom; sxta; evolution; toxicity; phylogeny; phylogenetic; cyanobacteria; gymnodinium,TOXIN; TOXIN; DINO_TAXON; TOXIN; DINO_TAXON; DINO_TAXON; DETECTION_METHOD; CYANO_TAXON; DETECTION_METHOD; BIOLOGICAL_PROCESS; DINO_TAXON; ENV_FACTOR; SXT_GENE; BIOLOGICAL_PROCESS; BIOLOGICAL_PROCESS; BIOLOGICAL_PROCESS; BIOLOGICAL_PROCESS; CYANO_TAXON; DINO_TAXON,dino_pre2016,unvalidated_candidate,1,aphanizomenon|||pyrodinium_bahamense,Subsequently represented,"The relationship between pyrodinium bahamense and aphanizomenon was identified as a candidate missing link in the pre-2016 dinoflagellate knowledge graph. Historical graph connectivity includes bridge concepts such as saxitoxin, paralytic shellfish toxins, dinoflagellate, paralytic shellfish poisoning, alexandrium. This relationship should be interpreted as a literature-derived hypothesis rather than experimental evidence of a biological mechanism.",87,4.656321074812319,Adamic–Adar,pyrodinium_bahamense aphanizomenon dino_taxon cyano_taxon cross_taxa_association saxitoxin; paralytic_shellfish_toxins; dinoflagellate; paralytic_shellfish_poisoning; alexandrium; dinoflagellates; hplc; cyanobacterial; mass_spectrometry; biosynthesis; pyrodinium; bloom; sxta; evolution; toxicity; phylogeny; phylogenetic; cyanobacteria; gymnodinium toxin; toxin; dino_taxon; toxin; dino_taxon; dino_taxon; detection_method; cyano_taxon; detection_method; biological_process; dino_taxon; env_factor; sxt_gene; biological_process; biological_process; biological_process; biological_process; cyano_taxon; dino_taxon
temperature,ENV_FACTOR,sxt_genes,SXT_GENE,environment_gene_regulation,0.2402510278750085,362,4.646594784508284,88,0.3454545454545454,134,19,saxitoxin; dinoflagellate; alexandrium; dinoflagellates; saxitoxin_biosynthesis; biosynthesis; gymnodinium; gymnodinium_catenatum; paralytic_shellfish_toxins; pyrodinium; paralytic_shellfish_poisoning; bloom; alexandrium_catenella; light; sxta; pyrodinium_bahamense; toxin_biosynthesis; toxicity; alexandrium_tamarense,TOXIN; DINO_TAXON; DINO_TAXON; DINO_TAXON; BIOLOGICAL_PROCESS; BIOLOGICAL_PROCESS; DINO_TAXON; DINO_TAXON; TOXIN; DINO_TAXON; TOXIN; ENV_FACTOR; DINO_TAXON; ENV_FACTOR; SXT_GENE; DINO_TAXON; BIOLOGICAL_PROCESS; BIOLOGICAL_PROCESS; DINO_TAXON,dino_pre2016,unvalidated_candidate,1,sxt_genes|||temperature,Subsequently represented,"The relationship between temperature and sxt genes was identified as a candidate missing link in the pre-2016 dinoflagellate knowledge graph. Historical graph connectivity includes bridge concepts such as saxitoxin, dinoflagellate, alexandrium, dinoflagellates, saxitoxin biosynthesis. This relationship should be interpreted as a literature-derived hypothesis rather than experimental evidence of a biological mechanism.",88,4.646594784508284,Adamic–Adar,temperature sxt_genes env_factor sxt_gene environment_gene_regulation saxitoxin; dinoflagellate; alexandrium; dinoflagellates; saxitoxin_biosynthesis; biosynthesis; gymnodinium; gymnodinium_catenatum; paralytic_shellfish_toxins; pyrodinium; paralytic_shellfish_poisoning; bloom; alexandrium_catenella; light; sxta; pyrodinium_bahamense; toxin_biosynthesis; toxicity; alexandrium_tamarense toxin; dino_taxon; dino_taxon; dino_taxon; biological_process; biological_process; dino_taxon; dino_taxon; toxin; dino_taxon; toxin; env_factor; dino_taxon; env_factor; sxt_gene; dino_taxon; biological_process; biological_process; dino_taxon
alexandrium_catenella,DINO_TAXON,aphanizomenon,CYANO_TAXON,cross_taxa_association,0.3247409056779544,241,4.64481214795575,89,0.3333333333333333,143,19,saxitoxin; paralytic_shellfish_toxins; dinoflagellate; paralytic_shellfish_poisoning; alexandrium; dinoflagellates; cyanobacteria; hplc; biosynthesis; pyrodinium; bloom; sxta; cyanobacterial; evolution; toxin_biosynthesis; toxicity; mass_spectrometry; phylogenetic; gymnodinium,TOXIN; TOXIN; DINO_TAXON; TOXIN; DINO_TAXON; DINO_TAXON; CYANO_TAXON; DETECTION_METHOD; BIOLOGICAL_PROCESS; DINO_TAXON; ENV_FACTOR; SXT_GENE; CYANO_TAXON; BIOLOGICAL_PROCESS; BIOLOGICAL_PROCESS; BIOLOGICAL_PROCESS; DETECTION_METHOD; BIOLOGICAL_PROCESS; DINO_TAXON,dino_pre2016,unvalidated_candidate,1,alexandrium_catenella|||aphanizomenon,Not observed post-2015,"The relationship between alexandrium catenella and aphanizomenon was identified as a candidate missing link in the pre-2016 dinoflagellate knowledge graph. Historical graph connectivity includes bridge concepts such as saxitoxin, paralytic shellfish toxins, dinoflagellate, paralytic shellfish poisoning, alexandrium. This relationship should be interpreted as a literature-derived hypothesis rather than experimental evidence of a biological mechanism.",89,4.64481214795575,Adamic–Adar,alexandrium_catenella aphanizomenon dino_taxon cyano_taxon cross_taxa_association saxitoxin; paralytic_shellfish_toxins; dinoflagellate; paralytic_shellfish_poisoning; alexandrium; dinoflagellates; cyanobacteria; hplc; biosynthesis; pyrodinium; bloom; sxta; cyanobacterial; evolution; toxin_biosynthesis; toxicity; mass_spectrometry; phylogenetic; gymnodinium toxin; toxin; dino_taxon; toxin; dino_taxon; dino_taxon; cyano_taxon; detection_method; biological_process; dino_taxon; env_factor; sxt_gene; cyano_taxon; biological_process; biological_process; biological_process; detection_method; biological_process; dino_taxon
gtx,TOXIN,transcriptomic,BIOLOGICAL_PROCESS,process_toxin_association,0.3113496005991836,260,4.639535183594992,90,0.4318181818181818,56,19,alexandrium; dinoflagellate; paralytic_shellfish_toxins; paralytic_shellfish_poisoning; light; saxitoxin; dinoflagellates; alexandrium_tamarense; biosynthesis; toxin_production; alexandrium_fundyense; bloom; alexandrium_catenella; nitrogen; toxicity; alexandrium_minutum; nutrient; cyanobacteria; nutrients,DINO_TAXON; DINO_TAXON; TOXIN; TOXIN; ENV_FACTOR; TOXIN; DINO_TAXON; DINO_TAXON; BIOLOGICAL_PROCESS; BIOLOGICAL_PROCESS; DINO_TAXON; ENV_FACTOR; DINO_TAXON; ENV_FACTOR; BIOLOGICAL_PROCESS; DINO_TAXON; ENV_FACTOR; CYANO_TAXON; ENV_FACTOR,dino_pre2016,unvalidated_candidate,1,gtx|||transcriptomic,Not observed post-2015,"The relationship between gtx and transcriptomic was identified as a candidate missing link in the pre-2016 dinoflagellate knowledge graph. Historical graph connectivity includes bridge concepts such as alexandrium, dinoflagellate, paralytic shellfish toxins, paralytic shellfish poisoning, light. This relationship should be interpreted as a literature-derived hypothesis rather than experimental evidence of a biological mechanism.",90,4.639535183594992,Adamic–Adar,gtx transcriptomic toxin biological_process process_toxin_association alexandrium; dinoflagellate; paralytic_shellfish_toxins; paralytic_shellfish_poisoning; light; saxitoxin; dinoflagellates; alexandrium_tamarense; biosynthesis; toxin_production; alexandrium_fundyense; bloom; alexandrium_catenella; nitrogen; toxicity; alexandrium_minutum; nutrient; cyanobacteria; nutrients dino_taxon; dino_taxon; toxin; toxin; env_factor; toxin; dino_taxon; dino_taxon; biological_process; biological_process; dino_taxon; env_factor; dino_taxon; env_factor; biological_process; dino_taxon; env_factor; cyano_taxon; env_factor
alexandrium_catenella,DINO_TAXON,cylindrospermopsis,CYANO_TAXON,cross_taxa_association,0.3704329729692622,161,4.635583528344025,91,0.3220338983050847,164,19,paralytic_shellfish_poisoning; dinoflagellates; paralytic_shellfish_toxins; saxitoxin; sxta; toxicity; cyanobacteria; expression; phylogenetic; biosynthesis; pyrodinium; saxitoxin_biosynthesis; bloom; cyanobacterial; dinoflagellate; alexandrium; mass_spectrometry; gymnodinium; hplc,TOXIN; DINO_TAXON; TOXIN; TOXIN; SXT_GENE; BIOLOGICAL_PROCESS; CYANO_TAXON; BIOLOGICAL_PROCESS; BIOLOGICAL_PROCESS; BIOLOGICAL_PROCESS; DINO_TAXON; BIOLOGICAL_PROCESS; ENV_FACTOR; CYANO_TAXON; DINO_TAXON; DINO_TAXON; DETECTION_METHOD; DINO_TAXON; DETECTION_METHOD,dino_pre2016,unvalidated_candidate,1,alexandrium_catenella|||cylindrospermopsis,Not observed post-2015,"The relationship between alexandrium catenella and cylindrospermopsis was identified as a candidate missing link in the pre-2016 dinoflagellate knowledge graph. Historical graph connectivity includes bridge concepts such as paralytic shellfish poisoning, dinoflagellates, paralytic shellfish toxins, saxitoxin, sxta. This relationship should be interpreted as a literature-derived hypothesis rather than experimental evidence of a biological mechanism.",91,4.635583528344025,Adamic–Adar,alexandrium_catenella cylindrospermopsis dino_taxon cyano_taxon cross_taxa_association paralytic_shellfish_poisoning; dinoflagellates; paralytic_shellfish_toxins; saxitoxin; sxta; toxicity; cyanobacteria; expression; phylogenetic; biosynthesis; pyrodinium; saxitoxin_biosynthesis; bloom; cyanobacterial; dinoflagellate; alexandrium; mass_spectrometry; gymnodinium; hplc toxin; dino_taxon; toxin; toxin; sxt_gene; biological_process; cyano_taxon; biological_process; biological_process; biological_process; dino_taxon; biological_process; env_factor; cyano_taxon; dino_taxon; dino_taxon; detection_method; dino_taxon; detection_method
cyanobacterial,CYANO_TAXON,alexandrium_tamiyavanichii,DINO_TAXON,cross_taxa_association,0.3702117372228629,162,4.634784938591732,92,0.3454545454545454,134,19,alexandrium; dinoflagellate; hplc; saxitoxin; paralytic_shellfish_poisoning; dinoflagellates; toxicity; paralytic_shellfish_toxins; pyrodinium; gonyautoxin; saxitoxin_biosynthesis; alexandrium_catenella; light; sxta; pyrodinium_bahamense; alexandrium_minutum; biosynthesis; cyanobacteria; toxin_production,DINO_TAXON; DINO_TAXON; DETECTION_METHOD; TOXIN; TOXIN; DINO_TAXON; BIOLOGICAL_PROCESS; TOXIN; DINO_TAXON; TOXIN; BIOLOGICAL_PROCESS; DINO_TAXON; ENV_FACTOR; SXT_GENE; DINO_TAXON; DINO_TAXON; BIOLOGICAL_PROCESS; CYANO_TAXON; BIOLOGICAL_PROCESS,dino_pre2016,unvalidated_candidate,1,alexandrium_tamiyavanichii|||cyanobacterial,Not observed post-2015,"The relationship between cyanobacterial and alexandrium tamiyavanichii was identified as a candidate missing link in the pre-2016 dinoflagellate knowledge graph. Historical graph connectivity includes bridge concepts such as alexandrium, dinoflagellate, hplc, saxitoxin, paralytic shellfish poisoning. This relationship should be interpreted as a literature-derived hypothesis rather than experimental evidence of a biological mechanism.",92,4.634784938591732,Adamic–Adar,cyanobacterial alexandrium_tamiyavanichii cyano_taxon dino_taxon cross_taxa_association alexandrium; dinoflagellate; hplc; saxitoxin; paralytic_shellfish_poisoning; dinoflagellates; toxicity; paralytic_shellfish_toxins; pyrodinium; gonyautoxin; saxitoxin_biosynthesis; alexandrium_catenella; light; sxta; pyrodinium_bahamense; alexandrium_minutum; biosynthesis; cyanobacteria; toxin_production dino_taxon; dino_taxon; detection_method; toxin; toxin; dino_taxon; biological_process; toxin; dino_taxon; toxin; biological_process; dino_taxon; env_factor; sxt_gene; dino_taxon; dino_taxon; biological_process; cyano_taxon; biological_process
gonyautoxin,TOXIN,secondary_metabolism,BIOLOGICAL_PROCESS,process_toxin_association,0.428850285605249,94,4.595720045304072,93,0.3529411764705882,123,18,saxitoxin; pyrodinium; temperature; dinoflagellate; salinity; toxicity; toxin_production; nitrate; bloom; nutrients; light; hplc; nitrogen; nutrient; regulation; pyrodinium_bahamense; dinoflagellates; warming,TOXIN; DINO_TAXON; ENV_FACTOR; DINO_TAXON; ENV_FACTOR; BIOLOGICAL_PROCESS; BIOLOGICAL_PROCESS; ENV_FACTOR; ENV_FACTOR; ENV_FACTOR; ENV_FACTOR; DETECTION_METHOD; ENV_FACTOR; ENV_FACTOR; BIOLOGICAL_PROCESS; DINO_TAXON; DINO_TAXON; ENV_FACTOR,dino_pre2016,unvalidated_candidate,1,gonyautoxin|||secondary_metabolism,Not observed post-2015,"The relationship between gonyautoxin and secondary metabolism was identified as a candidate missing link in the pre-2016 dinoflagellate knowledge graph. Historical graph connectivity includes bridge concepts such as saxitoxin, pyrodinium, temperature, dinoflagellate, salinity. This relationship should be interpreted as a literature-derived hypothesis rather than experimental evidence of a biological mechanism.",93,4.595720045304072,Adamic–Adar,gonyautoxin secondary_metabolism toxin biological_process process_toxin_association saxitoxin; pyrodinium; temperature; dinoflagellate; salinity; toxicity; toxin_production; nitrate; bloom; nutrients; light; hplc; nitrogen; nutrient; regulation; pyrodinium_bahamense; dinoflagellates; warming toxin; dino_taxon; env_factor; dino_taxon; env_factor; biological_process; biological_process; env_factor; env_factor; env_factor; env_factor; detection_method; env_factor; env_factor; biological_process; dino_taxon; dino_taxon; env_factor
paralytic_shellfish_poisoning,TOXIN,secondary_metabolism,BIOLOGICAL_PROCESS,process_toxin_association,0.3103938414400974,265,4.595720045304072,93,0.2307692307692307,265,18,saxitoxin; pyrodinium; temperature; dinoflagellate; salinity; toxicity; toxin_production; nitrate; bloom; nutrients; light; hplc; nitrogen; nutrient; regulation; pyrodinium_bahamense; dinoflagellates; warming,TOXIN; DINO_TAXON; ENV_FACTOR; DINO_TAXON; ENV_FACTOR; BIOLOGICAL_PROCESS; BIOLOGICAL_PROCESS; ENV_FACTOR; ENV_FACTOR; ENV_FACTOR; ENV_FACTOR; DETECTION_METHOD; ENV_FACTOR; ENV_FACTOR; BIOLOGICAL_PROCESS; DINO_TAXON; DINO_TAXON; ENV_FACTOR,dino_pre2016,unvalidated_candidate,1,paralytic_shellfish_poisoning|||secondary_metabolism,Not observed post-2015,"The relationship between paralytic shellfish poisoning and secondary metabolism was identified as a candidate missing link in the pre-2016 dinoflagellate knowledge graph. Historical graph connectivity includes bridge concepts such as saxitoxin, pyrodinium, temperature, dinoflagellate, salinity. This relationship should be interpreted as a literature-derived hypothesis rather than experimental evidence of a biological mechanism.",93,4.595720045304072,Adamic–Adar,paralytic_shellfish_poisoning secondary_metabolism toxin biological_process process_toxin_association saxitoxin; pyrodinium; temperature; dinoflagellate; salinity; toxicity; toxin_production; nitrate; bloom; nutrients; light; hplc; nitrogen; nutrient; regulation; pyrodinium_bahamense; dinoflagellates; warming toxin; dino_taxon; env_factor; dino_taxon; env_factor; biological_process; biological_process; env_factor; env_factor; env_factor; env_factor; detection_method; env_factor; env_factor; biological_process; dino_taxon; dino_taxon; env_factor
toxicity,BIOLOGICAL_PROCESS,sxtu,SXT_GENE,gene_process_association,0.3014652473974273,273,4.577503803176563,95,0.2535211267605634,237,18,saxitoxin; cyanobacteria; cyanobacterial; paralytic_shellfish_toxins; dinoflagellate; sxt_genes; cylindrospermopsis; mass_spectrometry; saxitoxin_biosynthesis; gymnodinium; dinoflagellates; cyanobacterium; lc_ms; paralytic_shellfish_poisoning; gymnodinium_catenatum; sxta; phylogenetic; biosynthesis,TOXIN; CYANO_TAXON; CYANO_TAXON; TOXIN; DINO_TAXON; SXT_GENE; CYANO_TAXON; DETECTION_METHOD; BIOLOGICAL_PROCESS; DINO_TAXON; DINO_TAXON; CYANO_TAXON; DETECTION_METHOD; TOXIN; DINO_TAXON; SXT_GENE; BIOLOGICAL_PROCESS; BIOLOGICAL_PROCESS,dino_pre2016,unvalidated_candidate,1,sxtu|||toxicity,Not observed post-2015,"The relationship between toxicity and sxtu was identified as a candidate missing link in the pre-2016 dinoflagellate knowledge graph. Historical graph connectivity includes bridge concepts such as saxitoxin, cyanobacteria, cyanobacterial, paralytic shellfish toxins, dinoflagellate. This relationship should be interpreted as a literature-derived hypothesis rather than experimental evidence of a biological mechanism.",95,4.577503803176563,Adamic–Adar,toxicity sxtu biological_process sxt_gene gene_process_association saxitoxin; cyanobacteria; cyanobacterial; paralytic_shellfish_toxins; dinoflagellate; sxt_genes; cylindrospermopsis; mass_spectrometry; saxitoxin_biosynthesis; gymnodinium; dinoflagellates; cyanobacterium; lc_ms; paralytic_shellfish_poisoning; gymnodinium_catenatum; sxta; phylogenetic; biosynthesis toxin; cyano_taxon; cyano_taxon; toxin; dino_taxon; sxt_gene; cyano_taxon; detection_method; biological_process; dino_taxon; dino_taxon; cyano_taxon; detection_method; toxin; dino_taxon; sxt_gene; biological_process; biological_process
bloom,ENV_FACTOR,sxtu,SXT_GENE,environment_gene_regulation,0.232159747707124,371,4.568275183564839,96,0.2647058823529412,227,18,saxitoxin; cyanobacteria; cyanobacterial; paralytic_shellfish_toxins; dinoflagellate; sxt_genes; cylindrospermopsis; mass_spectrometry; gymnodinium; dinoflagellates; cyanobacterium; lc_ms; paralytic_shellfish_poisoning; gymnodinium_catenatum; sxta; expression; phylogenetic; biosynthesis,TOXIN; CYANO_TAXON; CYANO_TAXON; TOXIN; DINO_TAXON; SXT_GENE; CYANO_TAXON; DETECTION_METHOD; DINO_TAXON; DINO_TAXON; CYANO_TAXON; DETECTION_METHOD; TOXIN; DINO_TAXON; SXT_GENE; BIOLOGICAL_PROCESS; BIOLOGICAL_PROCESS; BIOLOGICAL_PROCESS,dino_pre2016,unvalidated_candidate,1,bloom|||sxtu,Not observed post-2015,"The relationship between bloom and sxtu was identified as a candidate missing link in the pre-2016 dinoflagellate knowledge graph. Historical graph connectivity includes bridge concepts such as saxitoxin, cyanobacteria, cyanobacterial, paralytic shellfish toxins, dinoflagellate. This relationship should be interpreted as a literature-derived hypothesis rather than experimental evidence of a biological mechanism.",96,4.568275183564839,Adamic–Adar,bloom sxtu env_factor sxt_gene environment_gene_regulation saxitoxin; cyanobacteria; cyanobacterial; paralytic_shellfish_toxins; dinoflagellate; sxt_genes; cylindrospermopsis; mass_spectrometry; gymnodinium; dinoflagellates; cyanobacterium; lc_ms; paralytic_shellfish_poisoning; gymnodinium_catenatum; sxta; expression; phylogenetic; biosynthesis toxin; cyano_taxon; cyano_taxon; toxin; dino_taxon; sxt_gene; cyano_taxon; detection_method; dino_taxon; dino_taxon; cyano_taxon; detection_method; toxin; dino_taxon; sxt_gene; biological_process; biological_process; biological_process
sxtg,SXT_GENE,warming,ENV_FACTOR,environment_gene_regulation,0.3512038383216209,193,4.541913842146075,97,0.3829787234042553,92,18,saxitoxin; dinoflagellate; alexandrium; toxin_production; nutrient; transcriptome; alexandrium_fundyense; pyrodinium; gonyautoxin; toxicity; bloom; paralytic_shellfish_poisoning; nitrogen; gene_duplication; expression; pyrodinium_bahamense; dinoflagellates; biosynthesis,TOXIN; DINO_TAXON; DINO_TAXON; BIOLOGICAL_PROCESS; ENV_FACTOR; BIOLOGICAL_PROCESS; DINO_TAXON; DINO_TAXON; TOXIN; BIOLOGICAL_PROCESS; ENV_FACTOR; TOXIN; ENV_FACTOR; BIOLOGICAL_PROCESS; BIOLOGICAL_PROCESS; DINO_TAXON; DINO_TAXON; BIOLOGICAL_PROCESS,dino_pre2016,unvalidated_candidate,1,sxtg|||warming,Not observed post-2015,"The relationship between sxtg and warming was identified as a candidate missing link in the pre-2016 dinoflagellate knowledge graph. Historical graph connectivity includes bridge concepts such as saxitoxin, dinoflagellate, alexandrium, toxin production, nutrient. This relationship should be interpreted as a literature-derived hypothesis rather than experimental evidence of a biological mechanism.",97,4.541913842146075,Adamic–Adar,sxtg warming sxt_gene env_factor environment_gene_regulation saxitoxin; dinoflagellate; alexandrium; toxin_production; nutrient; transcriptome; alexandrium_fundyense; pyrodinium; gonyautoxin; toxicity; bloom; paralytic_shellfish_poisoning; nitrogen; gene_duplication; expression; pyrodinium_bahamense; dinoflagellates; biosynthesis toxin; dino_taxon; dino_taxon; biological_process; env_factor; biological_process; dino_taxon; dino_taxon; toxin; biological_process; env_factor; toxin; env_factor; biological_process; biological_process; dino_taxon; dino_taxon; biological_process
gonyautoxin,TOXIN,horizontal_gene_transfer,BIOLOGICAL_PROCESS,process_toxin_association,0.2797938898821229,301,4.451453240441122,98,0.3103448275862069,182,18,saxitoxin; dinoflagellates; cyanobacteria; paralytic_shellfish_poisoning; phylogenetic; biosynthesis; cyanobacterial; paralytic_shellfish_toxins; dinoflagellate; alexandrium; gymnodinium; sxtg; anabaena; alexandrium_minutum; nitrogen; sxta; gymnodinium_catenatum; phylogeny,TOXIN; DINO_TAXON; CYANO_TAXON; TOXIN; BIOLOGICAL_PROCESS; BIOLOGICAL_PROCESS; CYANO_TAXON; TOXIN; DINO_TAXON; DINO_TAXON; DINO_TAXON; SXT_GENE; CYANO_TAXON; DINO_TAXON; ENV_FACTOR; SXT_GENE; DINO_TAXON; BIOLOGICAL_PROCESS,dino_pre2016,unvalidated_candidate,1,gonyautoxin|||horizontal_gene_transfer,Not observed post-2015,"The relationship between gonyautoxin and horizontal gene transfer was identified as a candidate missing link in the pre-2016 dinoflagellate knowledge graph. Historical graph connectivity includes bridge concepts such as saxitoxin, dinoflagellates, cyanobacteria, paralytic shellfish poisoning, phylogenetic. This relationship should be interpreted as a literature-derived hypothesis rather than experimental evidence of a biological mechanism.",98,4.451453240441122,Adamic–Adar,gonyautoxin horizontal_gene_transfer toxin biological_process process_toxin_association saxitoxin; dinoflagellates; cyanobacteria; paralytic_shellfish_poisoning; phylogenetic; biosynthesis; cyanobacterial; paralytic_shellfish_toxins; dinoflagellate; alexandrium; gymnodinium; sxtg; anabaena; alexandrium_minutum; nitrogen; sxta; gymnodinium_catenatum; phylogeny toxin; dino_taxon; cyano_taxon; toxin; biological_process; biological_process; cyano_taxon; toxin; dino_taxon; dino_taxon; dino_taxon; sxt_gene; cyano_taxon; dino_taxon; env_factor; sxt_gene; dino_taxon; biological_process
gtx,TOXIN,climate,ENV_FACTOR,environment_toxin_association,0.4857968120271765,58,4.451270808711049,99,0.4090909090909091,70,18,alexandrium; dinoflagellate; toxicity; saxitoxin; paralytic_shellfish_toxins; alexandrium_fundyense; paralytic_shellfish_poisoning; dinoflagellates; nutrient; mouse_bioassay; cyanobacteria; alexandrium_ostenfeldii; temperature; toxin_production; bloom; toxin_biosynthesis; nitrogen; biosynthesis,DINO_TAXON; DINO_TAXON; BIOLOGICAL_PROCESS; TOXIN; TOXIN; DINO_TAXON; TOXIN; DINO_TAXON; ENV_FACTOR; DETECTION_METHOD; CYANO_TAXON; DINO_TAXON; ENV_FACTOR; BIOLOGICAL_PROCESS; ENV_FACTOR; BIOLOGICAL_PROCESS; ENV_FACTOR; BIOLOGICAL_PROCESS,dino_pre2016,unvalidated_candidate,1,climate|||gtx,Not observed post-2015,"The relationship between gtx and climate was identified as a candidate missing link in the pre-2016 dinoflagellate knowledge graph. Historical graph connectivity includes bridge concepts such as alexandrium, dinoflagellate, toxicity, saxitoxin, paralytic shellfish toxins. This relationship should be interpreted as a literature-derived hypothesis rather than experimental evidence of a biological mechanism.",99,4.451270808711049,Adamic–Adar,gtx climate toxin env_factor environment_toxin_association alexandrium; dinoflagellate; toxicity; saxitoxin; paralytic_shellfish_toxins; alexandrium_fundyense; paralytic_shellfish_poisoning; dinoflagellates; nutrient; mouse_bioassay; cyanobacteria; alexandrium_ostenfeldii; temperature; toxin_production; bloom; toxin_biosynthesis; nitrogen; biosynthesis dino_taxon; dino_taxon; biological_process; toxin; toxin; dino_taxon; toxin; dino_taxon; env_factor; detection_method; cyano_taxon; dino_taxon; env_factor; biological_process; env_factor; biological_process; env_factor; biological_process
cylindrospermopsis,CYANO_TAXON,sxt_genes,SXT_GENE,cyano_gene_transfer_signal,0.3921495470563593,125,4.449157933727971,100,0.45,35,18,saxitoxin; dinoflagellates; cyanobacteria; sxta; cyanobacterial; paralytic_shellfish_toxins; paralytic_shellfish_poisoning; phylogenetic; biosynthesis; pyrodinium; dinoflagellate; alexandrium; toxicity; gymnodinium; saxitoxin_biosynthesis; bloom; sxtu; expression,TOXIN; DINO_TAXON; CYANO_TAXON; SXT_GENE; CYANO_TAXON; TOXIN; TOXIN; BIOLOGICAL_PROCESS; BIOLOGICAL_PROCESS; DINO_TAXON; DINO_TAXON; DINO_TAXON; BIOLOGICAL_PROCESS; DINO_TAXON; BIOLOGICAL_PROCESS; ENV_FACTOR; SXT_GENE; BIOLOGICAL_PROCESS,dino_pre2016,unvalidated_candidate,1,cylindrospermopsis|||sxt_genes,Subsequently represented,"The relationship between cylindrospermopsis and sxt genes was identified as a candidate missing link in the pre-2016 dinoflagellate knowledge graph. Historical graph connectivity includes bridge concepts such as saxitoxin, dinoflagellates, cyanobacteria, sxta, cyanobacterial. This relationship should be interpreted as a literature-derived hypothesis rather than experimental evidence of a biological mechanism.",100,4.449157933727971,Adamic–Adar,cylindrospermopsis sxt_genes cyano_taxon sxt_gene cyano_gene_transfer_signal saxitoxin; dinoflagellates; cyanobacteria; sxta; cyanobacterial; paralytic_shellfish_toxins; paralytic_shellfish_poisoning; phylogenetic; biosynthesis; pyrodinium; dinoflagellate; alexandrium; toxicity; gymnodinium; saxitoxin_biosynthesis; bloom; sxtu; expression toxin; dino_taxon; cyano_taxon; sxt_gene; cyano_taxon; toxin; toxin; biological_process; biological_process; dino_taxon; dino_taxon; dino_taxon; biological_process; dino_taxon; biological_process; env_factor; sxt_gene; biological_process
nutrients,ENV_FACTOR,sxt_genes,SXT_GENE,environment_gene_regulation,0.3440238614396801,208,4.43734947152319,101,0.375,96,18,saxitoxin; dinoflagellate; alexandrium; gymnodinium; dinoflagellates; paralytic_shellfish_toxins; pyrodinium; paralytic_shellfish_poisoning; gymnodinium_catenatum; phylogenetic; transcriptome; alexandrium_tamarense; toxicity; bloom; alexandrium_catenella; light; expression; pyrodinium_bahamense,TOXIN; DINO_TAXON; DINO_TAXON; DINO_TAXON; DINO_TAXON; TOXIN; DINO_TAXON; TOXIN; DINO_TAXON; BIOLOGICAL_PROCESS; BIOLOGICAL_PROCESS; DINO_TAXON; BIOLOGICAL_PROCESS; ENV_FACTOR; DINO_TAXON; ENV_FACTOR; BIOLOGICAL_PROCESS; DINO_TAXON,dino_pre2016,unvalidated_candidate,1,nutrients|||sxt_genes,Subsequently represented,"The relationship between nutrients and sxt genes was identified as a candidate missing link in the pre-2016 dinoflagellate knowledge graph. Historical graph connectivity includes bridge concepts such as saxitoxin, dinoflagellate, alexandrium, gymnodinium, dinoflagellates. This relationship should be interpreted as a literature-derived hypothesis rather than experimental evidence of a biological mechanism.",101,4.43734947152319,Adamic–Adar,nutrients sxt_genes env_factor sxt_gene environment_gene_regulation saxitoxin; dinoflagellate; alexandrium; gymnodinium; dinoflagellates; paralytic_shellfish_toxins; pyrodinium; paralytic_shellfish_poisoning; gymnodinium_catenatum; phylogenetic; transcriptome; alexandrium_tamarense; toxicity; bloom; alexandrium_catenella; light; expression; pyrodinium_bahamense toxin; dino_taxon; dino_taxon; dino_taxon; dino_taxon; toxin; dino_taxon; toxin; dino_taxon; biological_process; biological_process; dino_taxon; biological_process; env_factor; dino_taxon; env_factor; biological_process; dino_taxon
alexandrium_fundyense,DINO_TAXON,aphanizomenon,CYANO_TAXON,cross_taxa_association,0.2387887174891282,364,4.432311010181171,102,0.3157894736842105,174,18,saxitoxin; paralytic_shellfish_toxins; dinoflagellate; paralytic_shellfish_poisoning; alexandrium; dinoflagellates; cyanobacteria; biosynthesis; cyanobacterial; toxicity; evolution; gymnodinium; bloom; horizontal_gene_transfer; toxin_biosynthesis; hplc; sxta; phylogenetic,TOXIN; TOXIN; DINO_TAXON; TOXIN; DINO_TAXON; DINO_TAXON; CYANO_TAXON; BIOLOGICAL_PROCESS; CYANO_TAXON; BIOLOGICAL_PROCESS; BIOLOGICAL_PROCESS; DINO_TAXON; ENV_FACTOR; BIOLOGICAL_PROCESS; BIOLOGICAL_PROCESS; DETECTION_METHOD; SXT_GENE; BIOLOGICAL_PROCESS,dino_pre2016,unvalidated_candidate,1,alexandrium_fundyense|||aphanizomenon,Subsequently represented,"The relationship between alexandrium fundyense and aphanizomenon was identified as a candidate missing link in the pre-2016 dinoflagellate knowledge graph. Historical graph connectivity includes bridge concepts such as saxitoxin, paralytic shellfish toxins, dinoflagellate, paralytic shellfish poisoning, alexandrium. This relationship should be interpreted as a literature-derived hypothesis rather than experimental evidence of a biological mechanism.",102,4.432311010181171,Adamic–Adar,alexandrium_fundyense aphanizomenon dino_taxon cyano_taxon cross_taxa_association saxitoxin; paralytic_shellfish_toxins; dinoflagellate; paralytic_shellfish_poisoning; alexandrium; dinoflagellates; cyanobacteria; biosynthesis; cyanobacterial; toxicity; evolution; gymnodinium; bloom; horizontal_gene_transfer; toxin_biosynthesis; hplc; sxta; phylogenetic toxin; toxin; dino_taxon; toxin; dino_taxon; dino_taxon; cyano_taxon; biological_process; cyano_taxon; biological_process; biological_process; dino_taxon; env_factor; biological_process; biological_process; detection_method; sxt_gene; biological_process
gymnodinium_catenatum,DINO_TAXON,lyngbya,CYANO_TAXON,cross_taxa_association,0.3855956409896149,138,4.428373700383332,103,0.3,188,18,cyanobacteria; dinoflagellates; saxitoxin; cyanobacterial; paralytic_shellfish_toxins; hplc; pyrodinium; alexandrium; toxicity; mass_spectrometry; toxin_production; anabaena; bloom; gymnodinium; cyanobacterium; paralytic_shellfish_poisoning; sxta; biosynthesis,CYANO_TAXON; DINO_TAXON; TOXIN; CYANO_TAXON; TOXIN; DETECTION_METHOD; DINO_TAXON; DINO_TAXON; BIOLOGICAL_PROCESS; DETECTION_METHOD; BIOLOGICAL_PROCESS; CYANO_TAXON; ENV_FACTOR; DINO_TAXON; CYANO_TAXON; TOXIN; SXT_GENE; BIOLOGICAL_PROCESS,dino_pre2016,unvalidated_candidate,1,gymnodinium_catenatum|||lyngbya,Not observed post-2015,"The relationship between gymnodinium catenatum and lyngbya was identified as a candidate missing link in the pre-2016 dinoflagellate knowledge graph. Historical graph connectivity includes bridge concepts such as cyanobacteria, dinoflagellates, saxitoxin, cyanobacterial, paralytic shellfish toxins. This relationship should be interpreted as a literature-derived hypothesis rather than experimental evidence of a biological mechanism.",103,4.428373700383332,Adamic–Adar,gymnodinium_catenatum lyngbya dino_taxon cyano_taxon cross_taxa_association cyanobacteria; dinoflagellates; saxitoxin; cyanobacterial; paralytic_shellfish_toxins; hplc; pyrodinium; alexandrium; toxicity; mass_spectrometry; toxin_production; anabaena; bloom; gymnodinium; cyanobacterium; paralytic_shellfish_poisoning; sxta; biosynthesis cyano_taxon; dino_taxon; toxin; cyano_taxon; toxin; detection_method; dino_taxon; dino_taxon; biological_process; detection_method; biological_process; cyano_taxon; env_factor; dino_taxon; cyano_taxon; toxin; sxt_gene; biological_process
salinity,ENV_FACTOR,sxt_genes,SXT_GENE,environment_gene_regulation,0.2420722154037966,361,4.375165474588674,104,0.36,111,18,saxitoxin; dinoflagellate; alexandrium; dinoflagellates; paralytic_shellfish_toxins; pyrodinium; paralytic_shellfish_poisoning; cyanobacteria; toxicity; alexandrium_tamarense; gymnodinium; bloom; alexandrium_catenella; light; toxin_biosynthesis; gymnodinium_catenatum; pyrodinium_bahamense; biosynthesis,TOXIN; DINO_TAXON; DINO_TAXON; DINO_TAXON; TOXIN; DINO_TAXON; TOXIN; CYANO_TAXON; BIOLOGICAL_PROCESS; DINO_TAXON; DINO_TAXON; ENV_FACTOR; DINO_TAXON; ENV_FACTOR; BIOLOGICAL_PROCESS; DINO_TAXON; DINO_TAXON; BIOLOGICAL_PROCESS,dino_pre2016,unvalidated_candidate,1,salinity|||sxt_genes,Subsequently represented,"The relationship between salinity and sxt genes was identified as a candidate missing link in the pre-2016 dinoflagellate knowledge graph. Historical graph connectivity includes bridge concepts such as saxitoxin, dinoflagellate, alexandrium, dinoflagellates, paralytic shellfish toxins. This relationship should be interpreted as a literature-derived hypothesis rather than experimental evidence of a biological mechanism.",104,4.375165474588674,Adamic–Adar,salinity sxt_genes env_factor sxt_gene environment_gene_regulation saxitoxin; dinoflagellate; alexandrium; dinoflagellates; paralytic_shellfish_toxins; pyrodinium; paralytic_shellfish_poisoning; cyanobacteria; toxicity; alexandrium_tamarense; gymnodinium; bloom; alexandrium_catenella; light; toxin_biosynthesis; gymnodinium_catenatum; pyrodinium_bahamense; biosynthesis toxin; dino_taxon; dino_taxon; dino_taxon; toxin; dino_taxon; toxin; cyano_taxon; biological_process; dino_taxon; dino_taxon; env_factor; dino_taxon; env_factor; biological_process; dino_taxon; dino_taxon; biological_process
neosaxitoxin,TOXIN,transcriptomic,BIOLOGICAL_PROCESS,process_toxin_association,0.3472792551876382,199,4.360479870319368,105,0.4285714285714285,57,18,alexandrium; dinoflagellate; paralytic_shellfish_toxins; paralytic_shellfish_poisoning; saxitoxin; cyanobacteria; alexandrium_tamarense; toxin_production; light; dinoflagellates; alexandrium_fundyense; toxicity; bloom; alexandrium_catenella; alexandrium_minutum; nitrogen; nutrient; biosynthesis,DINO_TAXON; DINO_TAXON; TOXIN; TOXIN; TOXIN; CYANO_TAXON; DINO_TAXON; BIOLOGICAL_PROCESS; ENV_FACTOR; DINO_TAXON; DINO_TAXON; BIOLOGICAL_PROCESS; ENV_FACTOR; DINO_TAXON; DINO_TAXON; ENV_FACTOR; ENV_FACTOR; BIOLOGICAL_PROCESS,dino_pre2016,unvalidated_candidate,1,neosaxitoxin|||transcriptomic,Not observed post-2015,"The relationship between neosaxitoxin and transcriptomic was identified as a candidate missing link in the pre-2016 dinoflagellate knowledge graph. Historical graph connectivity includes bridge concepts such as alexandrium, dinoflagellate, paralytic shellfish toxins, paralytic shellfish poisoning, saxitoxin. This relationship should be interpreted as a literature-derived hypothesis rather than experimental evidence of a biological mechanism.",105,4.360479870319368,Adamic–Adar,neosaxitoxin transcriptomic toxin biological_process process_toxin_association alexandrium; dinoflagellate; paralytic_shellfish_toxins; paralytic_shellfish_poisoning; saxitoxin; cyanobacteria; alexandrium_tamarense; toxin_production; light; dinoflagellates; alexandrium_fundyense; toxicity; bloom; alexandrium_catenella; alexandrium_minutum; nitrogen; nutrient; biosynthesis dino_taxon; dino_taxon; toxin; toxin; toxin; cyano_taxon; dino_taxon; biological_process; env_factor; dino_taxon; dino_taxon; biological_process; env_factor; dino_taxon; dino_taxon; env_factor; env_factor; biological_process
paralytic_shellfish_toxins,TOXIN,gene_duplication,BIOLOGICAL_PROCESS,process_toxin_association,0.3812481350663057,144,4.339898128309937,106,0.2297297297297297,269,17,alexandrium; dinoflagellate; biosynthesis; saxitoxin; transcriptome; alexandrium_fundyense; pyrodinium; sxt_genes; evolution; gymnodinium; sxtg; gymnodinium_catenatum; sxta; expression; phylogeny; pyrodinium_bahamense; dinoflagellates,DINO_TAXON; DINO_TAXON; BIOLOGICAL_PROCESS; TOXIN; BIOLOGICAL_PROCESS; DINO_TAXON; DINO_TAXON; SXT_GENE; BIOLOGICAL_PROCESS; DINO_TAXON; SXT_GENE; DINO_TAXON; SXT_GENE; BIOLOGICAL_PROCESS; BIOLOGICAL_PROCESS; DINO_TAXON; DINO_TAXON,dino_pre2016,unvalidated_candidate,1,gene_duplication|||paralytic_shellfish_toxins,Not observed post-2015,"The relationship between paralytic shellfish toxins and gene duplication was identified as a candidate missing link in the pre-2016 dinoflagellate knowledge graph. Historical graph connectivity includes bridge concepts such as alexandrium, dinoflagellate, biosynthesis, saxitoxin, transcriptome. This relationship should be interpreted as a literature-derived hypothesis rather than experimental evidence of a biological mechanism.",106,4.339898128309937,Adamic–Adar,paralytic_shellfish_toxins gene_duplication toxin biological_process process_toxin_association alexandrium; dinoflagellate; biosynthesis; saxitoxin; transcriptome; alexandrium_fundyense; pyrodinium; sxt_genes; evolution; gymnodinium; sxtg; gymnodinium_catenatum; sxta; expression; phylogeny; pyrodinium_bahamense; dinoflagellates dino_taxon; dino_taxon; biological_process; toxin; biological_process; dino_taxon; dino_taxon; sxt_gene; biological_process; dino_taxon; sxt_gene; dino_taxon; sxt_gene; biological_process; biological_process; dino_taxon; dino_taxon
alexandrium_fundyense,DINO_TAXON,sxtb,SXT_GENE,taxon_gene_association,0.4857012984967337,59,4.299411864171739,107,0.3469387755102041,131,17,cyanobacteria; dinoflagellate; sxta; dinoflagellates; saxitoxin; cyanobacterial; paralytic_shellfish_toxins; transcriptome; climate; evolution; toxin_production; bloom; sxtg; toxin_biosynthesis; paralytic_shellfish_poisoning; nutrient; biosynthesis,CYANO_TAXON; DINO_TAXON; SXT_GENE; DINO_TAXON; TOXIN; CYANO_TAXON; TOXIN; BIOLOGICAL_PROCESS; ENV_FACTOR; BIOLOGICAL_PROCESS; BIOLOGICAL_PROCESS; ENV_FACTOR; SXT_GENE; BIOLOGICAL_PROCESS; TOXIN; ENV_FACTOR; BIOLOGICAL_PROCESS,dino_pre2016,unvalidated_candidate,1,alexandrium_fundyense|||sxtb,Not observed post-2015,"The relationship between alexandrium fundyense and sxtb was identified as a candidate missing link in the pre-2016 dinoflagellate knowledge graph. Historical graph connectivity includes bridge concepts such as cyanobacteria, dinoflagellate, sxta, dinoflagellates, saxitoxin. This relationship should be interpreted as a literature-derived hypothesis rather than experimental evidence of a biological mechanism.",107,4.299411864171739,Adamic–Adar,alexandrium_fundyense sxtb dino_taxon sxt_gene taxon_gene_association cyanobacteria; dinoflagellate; sxta; dinoflagellates; saxitoxin; cyanobacterial; paralytic_shellfish_toxins; transcriptome; climate; evolution; toxin_production; bloom; sxtg; toxin_biosynthesis; paralytic_shellfish_poisoning; nutrient; biosynthesis cyano_taxon; dino_taxon; sxt_gene; dino_taxon; toxin; cyano_taxon; toxin; biological_process; env_factor; biological_process; biological_process; env_factor; sxt_gene; biological_process; toxin; env_factor; biological_process
alexandrium,DINO_TAXON,sxtb,SXT_GENE,taxon_gene_association,0.2722547516530979,312,4.299411864171739,107,0.2151898734177215,287,17,cyanobacterial; cyanobacteria; dinoflagellate; sxtg; sxta; dinoflagellates; saxitoxin; paralytic_shellfish_toxins; transcriptome; climate; evolution; toxin_production; bloom; toxin_biosynthesis; paralytic_shellfish_poisoning; nutrient; biosynthesis,CYANO_TAXON; CYANO_TAXON; DINO_TAXON; SXT_GENE; SXT_GENE; DINO_TAXON; TOXIN; TOXIN; BIOLOGICAL_PROCESS; ENV_FACTOR; BIOLOGICAL_PROCESS; BIOLOGICAL_PROCESS; ENV_FACTOR; BIOLOGICAL_PROCESS; TOXIN; ENV_FACTOR; BIOLOGICAL_PROCESS,dino_pre2016,unvalidated_candidate,1,alexandrium|||sxtb,Subsequently represented,"The relationship between alexandrium and sxtb was identified as a candidate missing link in the pre-2016 dinoflagellate knowledge graph. Historical graph connectivity includes bridge concepts such as cyanobacterial, cyanobacteria, dinoflagellate, sxtg, sxta. This relationship should be interpreted as a literature-derived hypothesis rather than experimental evidence of a biological mechanism.",107,4.299411864171739,Adamic–Adar,alexandrium sxtb dino_taxon sxt_gene taxon_gene_association cyanobacterial; cyanobacteria; dinoflagellate; sxtg; sxta; dinoflagellates; saxitoxin; paralytic_shellfish_toxins; transcriptome; climate; evolution; toxin_production; bloom; toxin_biosynthesis; paralytic_shellfish_poisoning; nutrient; biosynthesis cyano_taxon; cyano_taxon; dino_taxon; sxt_gene; sxt_gene; dino_taxon; toxin; toxin; biological_process; env_factor; biological_process; biological_process; env_factor; biological_process; toxin; env_factor; biological_process
paralytic_shellfish_toxins,TOXIN,secondary_metabolism,BIOLOGICAL_PROCESS,process_toxin_association,0.3633912360226053,174,4.298745840930701,109,0.2328767123287671,263,17,saxitoxin; pyrodinium; temperature; dinoflagellate; salinity; toxicity; toxin_production; nitrate; bloom; nutrients; light; hplc; nitrogen; nutrient; regulation; pyrodinium_bahamense; dinoflagellates,TOXIN; DINO_TAXON; ENV_FACTOR; DINO_TAXON; ENV_FACTOR; BIOLOGICAL_PROCESS; BIOLOGICAL_PROCESS; ENV_FACTOR; ENV_FACTOR; ENV_FACTOR; ENV_FACTOR; DETECTION_METHOD; ENV_FACTOR; ENV_FACTOR; BIOLOGICAL_PROCESS; DINO_TAXON; DINO_TAXON,dino_pre2016,unvalidated_candidate,1,paralytic_shellfish_toxins|||secondary_metabolism,Not observed post-2015,"The relationship between paralytic shellfish toxins and secondary metabolism was identified as a candidate missing link in the pre-2016 dinoflagellate knowledge graph. Historical graph connectivity includes bridge concepts such as saxitoxin, pyrodinium, temperature, dinoflagellate, salinity. This relationship should be interpreted as a literature-derived hypothesis rather than experimental evidence of a biological mechanism.",109,4.298745840930701,Adamic–Adar,paralytic_shellfish_toxins secondary_metabolism toxin biological_process process_toxin_association saxitoxin; pyrodinium; temperature; dinoflagellate; salinity; toxicity; toxin_production; nitrate; bloom; nutrients; light; hplc; nitrogen; nutrient; regulation; pyrodinium_bahamense; dinoflagellates toxin; dino_taxon; env_factor; dino_taxon; env_factor; biological_process; biological_process; env_factor; env_factor; env_factor; env_factor; detection_method; env_factor; env_factor; biological_process; dino_taxon; dino_taxon
pyrodinium,DINO_TAXON,sxtu,SXT_GENE,taxon_gene_association,0.3415301896715205,214,4.29392531112523,110,0.3148148148148148,175,17,saxitoxin; cyanobacteria; cyanobacterial; paralytic_shellfish_toxins; dinoflagellate; sxt_genes; cylindrospermopsis; mass_spectrometry; saxitoxin_biosynthesis; gymnodinium; dinoflagellates; paralytic_shellfish_poisoning; lc_ms; gymnodinium_catenatum; sxta; phylogenetic; biosynthesis,TOXIN; CYANO_TAXON; CYANO_TAXON; TOXIN; DINO_TAXON; SXT_GENE; CYANO_TAXON; DETECTION_METHOD; BIOLOGICAL_PROCESS; DINO_TAXON; DINO_TAXON; TOXIN; DETECTION_METHOD; DINO_TAXON; SXT_GENE; BIOLOGICAL_PROCESS; BIOLOGICAL_PROCESS,dino_pre2016,unvalidated_candidate,1,pyrodinium|||sxtu,Not observed post-2015,"The relationship between pyrodinium and sxtu was identified as a candidate missing link in the pre-2016 dinoflagellate knowledge graph. Historical graph connectivity includes bridge concepts such as saxitoxin, cyanobacteria, cyanobacterial, paralytic shellfish toxins, dinoflagellate. This relationship should be interpreted as a literature-derived hypothesis rather than experimental evidence of a biological mechanism.",110,4.29392531112523,Adamic–Adar,pyrodinium sxtu dino_taxon sxt_gene taxon_gene_association saxitoxin; cyanobacteria; cyanobacterial; paralytic_shellfish_toxins; dinoflagellate; sxt_genes; cylindrospermopsis; mass_spectrometry; saxitoxin_biosynthesis; gymnodinium; dinoflagellates; paralytic_shellfish_poisoning; lc_ms; gymnodinium_catenatum; sxta; phylogenetic; biosynthesis toxin; cyano_taxon; cyano_taxon; toxin; dino_taxon; sxt_gene; cyano_taxon; detection_method; biological_process; dino_taxon; dino_taxon; toxin; detection_method; dino_taxon; sxt_gene; biological_process; biological_process
alexandrium_minutum,DINO_TAXON,sxtu,SXT_GENE,taxon_gene_association,0.2210462632931542,386,4.288817431713344,111,0.2786885245901639,213,17,saxitoxin; cyanobacteria; cyanobacterial; paralytic_shellfish_toxins; dinoflagellate; gymnodinium; saxitoxin_biosynthesis; dinoflagellates; cyanobacterium; lc_ms; paralytic_shellfish_poisoning; gymnodinium_catenatum; sxta; expression; lc_ms_ms; phylogenetic; biosynthesis,TOXIN; CYANO_TAXON; CYANO_TAXON; TOXIN; DINO_TAXON; DINO_TAXON; BIOLOGICAL_PROCESS; DINO_TAXON; CYANO_TAXON; DETECTION_METHOD; TOXIN; DINO_TAXON; SXT_GENE; BIOLOGICAL_PROCESS; DETECTION_METHOD; BIOLOGICAL_PROCESS; BIOLOGICAL_PROCESS,dino_pre2016,unvalidated_candidate,1,alexandrium_minutum|||sxtu,Not observed post-2015,"The relationship between alexandrium minutum and sxtu was identified as a candidate missing link in the pre-2016 dinoflagellate knowledge graph. Historical graph connectivity includes bridge concepts such as saxitoxin, cyanobacteria, cyanobacterial, paralytic shellfish toxins, dinoflagellate. This relationship should be interpreted as a literature-derived hypothesis rather than experimental evidence of a biological mechanism.",111,4.288817431713344,Adamic–Adar,alexandrium_minutum sxtu dino_taxon sxt_gene taxon_gene_association saxitoxin; cyanobacteria; cyanobacterial; paralytic_shellfish_toxins; dinoflagellate; gymnodinium; saxitoxin_biosynthesis; dinoflagellates; cyanobacterium; lc_ms; paralytic_shellfish_poisoning; gymnodinium_catenatum; sxta; expression; lc_ms_ms; phylogenetic; biosynthesis toxin; cyano_taxon; cyano_taxon; toxin; dino_taxon; dino_taxon; biological_process; dino_taxon; cyano_taxon; detection_method; toxin; dino_taxon; sxt_gene; biological_process; detection_method; biological_process; biological_process
sxta,SXT_GENE,nitrogen_limitation,ENV_FACTOR,environment_gene_regulation,0.3382134628951755,220,4.26573377171159,112,0.288135593220339,204,17,alexandrium; dinoflagellate; nutrient; cyanobacteria; paralytic_shellfish_toxins; alexandrium_fundyense; climate; toxicity; alexandrium_tamarense; bloom; toxin_biosynthesis; paralytic_shellfish_poisoning; nitrogen; phosphorus; expression; dinoflagellates; biosynthesis,DINO_TAXON; DINO_TAXON; ENV_FACTOR; CYANO_TAXON; TOXIN; DINO_TAXON; ENV_FACTOR; BIOLOGICAL_PROCESS; DINO_TAXON; ENV_FACTOR; BIOLOGICAL_PROCESS; TOXIN; ENV_FACTOR; ENV_FACTOR; BIOLOGICAL_PROCESS; DINO_TAXON; BIOLOGICAL_PROCESS,dino_pre2016,unvalidated_candidate,1,nitrogen_limitation|||sxta,Not observed post-2015,"The relationship between sxta and nitrogen limitation was identified as a candidate missing link in the pre-2016 dinoflagellate knowledge graph. Historical graph connectivity includes bridge concepts such as alexandrium, dinoflagellate, nutrient, cyanobacteria, paralytic shellfish toxins. This relationship should be interpreted as a literature-derived hypothesis rather than experimental evidence of a biological mechanism.",112,4.26573377171159,Adamic–Adar,sxta nitrogen_limitation sxt_gene env_factor environment_gene_regulation alexandrium; dinoflagellate; nutrient; cyanobacteria; paralytic_shellfish_toxins; alexandrium_fundyense; climate; toxicity; alexandrium_tamarense; bloom; toxin_biosynthesis; paralytic_shellfish_poisoning; nitrogen; phosphorus; expression; dinoflagellates; biosynthesis dino_taxon; dino_taxon; env_factor; cyano_taxon; toxin; dino_taxon; env_factor; biological_process; dino_taxon; env_factor; biological_process; toxin; env_factor; env_factor; biological_process; dino_taxon; biological_process
saxitoxin,TOXIN,nitrogen_limitation,ENV_FACTOR,environment_toxin_association,0.3816316608076652,142,4.26573377171159,112,0.2125,290,17,alexandrium; dinoflagellate; nitrogen; nutrient; cyanobacteria; paralytic_shellfish_toxins; alexandrium_fundyense; climate; toxicity; alexandrium_tamarense; bloom; toxin_biosynthesis; paralytic_shellfish_poisoning; phosphorus; expression; dinoflagellates; biosynthesis,DINO_TAXON; DINO_TAXON; ENV_FACTOR; ENV_FACTOR; CYANO_TAXON; TOXIN; DINO_TAXON; ENV_FACTOR; BIOLOGICAL_PROCESS; DINO_TAXON; ENV_FACTOR; BIOLOGICAL_PROCESS; TOXIN; ENV_FACTOR; BIOLOGICAL_PROCESS; DINO_TAXON; BIOLOGICAL_PROCESS,dino_pre2016,unvalidated_candidate,1,nitrogen_limitation|||saxitoxin,Not observed post-2015,"The relationship between saxitoxin and nitrogen limitation was identified as a candidate missing link in the pre-2016 dinoflagellate knowledge graph. Historical graph connectivity includes bridge concepts such as alexandrium, dinoflagellate, nitrogen, nutrient, cyanobacteria. This relationship should be interpreted as a literature-derived hypothesis rather than experimental evidence of a biological mechanism.",112,4.26573377171159,Adamic–Adar,saxitoxin nitrogen_limitation toxin env_factor environment_toxin_association alexandrium; dinoflagellate; nitrogen; nutrient; cyanobacteria; paralytic_shellfish_toxins; alexandrium_fundyense; climate; toxicity; alexandrium_tamarense; bloom; toxin_biosynthesis; paralytic_shellfish_poisoning; phosphorus; expression; dinoflagellates; biosynthesis dino_taxon; dino_taxon; env_factor; env_factor; cyano_taxon; toxin; dino_taxon; env_factor; biological_process; dino_taxon; env_factor; biological_process; toxin; env_factor; biological_process; dino_taxon; biological_process
light,ENV_FACTOR,sxtu,SXT_GENE,environment_gene_regulation,0.290174737907997,286,4.252141449432146,114,0.3090909090909091,184,17,saxitoxin; cyanobacteria; cyanobacterial; paralytic_shellfish_toxins; dinoflagellate; sxt_genes; mass_spectrometry; saxitoxin_biosynthesis; gymnodinium; dinoflagellates; paralytic_shellfish_poisoning; lc_ms; gymnodinium_catenatum; sxta; expression; phylogenetic; biosynthesis,TOXIN; CYANO_TAXON; CYANO_TAXON; TOXIN; DINO_TAXON; SXT_GENE; DETECTION_METHOD; BIOLOGICAL_PROCESS; DINO_TAXON; DINO_TAXON; TOXIN; DETECTION_METHOD; DINO_TAXON; SXT_GENE; BIOLOGICAL_PROCESS; BIOLOGICAL_PROCESS; BIOLOGICAL_PROCESS,dino_pre2016,unvalidated_candidate,1,light|||sxtu,Not observed post-2015,"The relationship between light and sxtu was identified as a candidate missing link in the pre-2016 dinoflagellate knowledge graph. Historical graph connectivity includes bridge concepts such as saxitoxin, cyanobacteria, cyanobacterial, paralytic shellfish toxins, dinoflagellate. This relationship should be interpreted as a literature-derived hypothesis rather than experimental evidence of a biological mechanism.",114,4.252141449432146,Adamic–Adar,light sxtu env_factor sxt_gene environment_gene_regulation saxitoxin; cyanobacteria; cyanobacterial; paralytic_shellfish_toxins; dinoflagellate; sxt_genes; mass_spectrometry; saxitoxin_biosynthesis; gymnodinium; dinoflagellates; paralytic_shellfish_poisoning; lc_ms; gymnodinium_catenatum; sxta; expression; phylogenetic; biosynthesis toxin; cyano_taxon; cyano_taxon; toxin; dino_taxon; sxt_gene; detection_method; biological_process; dino_taxon; dino_taxon; toxin; detection_method; dino_taxon; sxt_gene; biological_process; biological_process; biological_process
toxin_production,BIOLOGICAL_PROCESS,sxtu,SXT_GENE,gene_process_association,0.3567972342396747,184,4.241705837688273,115,0.2698412698412698,223,17,saxitoxin; cyanobacteria; cyanobacterial; paralytic_shellfish_toxins; dinoflagellate; mass_spectrometry; saxitoxin_biosynthesis; gymnodinium; dinoflagellates; cyanobacterium; lc_ms; paralytic_shellfish_poisoning; gymnodinium_catenatum; sxta; expression; phylogenetic; biosynthesis,TOXIN; CYANO_TAXON; CYANO_TAXON; TOXIN; DINO_TAXON; DETECTION_METHOD; BIOLOGICAL_PROCESS; DINO_TAXON; DINO_TAXON; CYANO_TAXON; DETECTION_METHOD; TOXIN; DINO_TAXON; SXT_GENE; BIOLOGICAL_PROCESS; BIOLOGICAL_PROCESS; BIOLOGICAL_PROCESS,dino_pre2016,unvalidated_candidate,1,sxtu|||toxin_production,Subsequently represented,"The relationship between toxin production and sxtu was identified as a candidate missing link in the pre-2016 dinoflagellate knowledge graph. Historical graph connectivity includes bridge concepts such as saxitoxin, cyanobacteria, cyanobacterial, paralytic shellfish toxins, dinoflagellate. This relationship should be interpreted as a literature-derived hypothesis rather than experimental evidence of a biological mechanism.",115,4.241705837688273,Adamic–Adar,toxin_production sxtu biological_process sxt_gene gene_process_association saxitoxin; cyanobacteria; cyanobacterial; paralytic_shellfish_toxins; dinoflagellate; mass_spectrometry; saxitoxin_biosynthesis; gymnodinium; dinoflagellates; cyanobacterium; lc_ms; paralytic_shellfish_poisoning; gymnodinium_catenatum; sxta; expression; phylogenetic; biosynthesis toxin; cyano_taxon; cyano_taxon; toxin; dino_taxon; detection_method; biological_process; dino_taxon; dino_taxon; cyano_taxon; detection_method; toxin; dino_taxon; sxt_gene; biological_process; biological_process; biological_process
alexandrium_ostenfeldii,DINO_TAXON,anabaena,CYANO_TAXON,cross_taxa_association,0.2300058520851959,374,4.192238371037238,116,0.3469387755102041,131,17,saxitoxin; alexandrium; dinoflagellate; dinoflagellates; paralytic_shellfish_toxins; paralytic_shellfish_poisoning; hplc; bloom; cyanobacterial; gonyautoxin; toxicity; mass_spectrometry; gymnodinium; lc_ms; alexandrium_minutum; phylogeny; phylogenetic,TOXIN; DINO_TAXON; DINO_TAXON; DINO_TAXON; TOXIN; TOXIN; DETECTION_METHOD; ENV_FACTOR; CYANO_TAXON; TOXIN; BIOLOGICAL_PROCESS; DETECTION_METHOD; DINO_TAXON; DETECTION_METHOD; DINO_TAXON; BIOLOGICAL_PROCESS; BIOLOGICAL_PROCESS,dino_pre2016,unvalidated_candidate,1,alexandrium_ostenfeldii|||anabaena,Not observed post-2015,"The relationship between alexandrium ostenfeldii and anabaena was identified as a candidate missing link in the pre-2016 dinoflagellate knowledge graph. Historical graph connectivity includes bridge concepts such as saxitoxin, alexandrium, dinoflagellate, dinoflagellates, paralytic shellfish toxins. This relationship should be interpreted as a literature-derived hypothesis rather than experimental evidence of a biological mechanism.",116,4.192238371037238,Adamic–Adar,alexandrium_ostenfeldii anabaena dino_taxon cyano_taxon cross_taxa_association saxitoxin; alexandrium; dinoflagellate; dinoflagellates; paralytic_shellfish_toxins; paralytic_shellfish_poisoning; hplc; bloom; cyanobacterial; gonyautoxin; toxicity; mass_spectrometry; gymnodinium; lc_ms; alexandrium_minutum; phylogeny; phylogenetic toxin; dino_taxon; dino_taxon; dino_taxon; toxin; toxin; detection_method; env_factor; cyano_taxon; toxin; biological_process; detection_method; dino_taxon; detection_method; dino_taxon; biological_process; biological_process
gtx,TOXIN,horizontal_gene_transfer,BIOLOGICAL_PROCESS,process_toxin_association,0.2347944627711774,369,4.1858037179589855,117,0.3617021276595745,106,17,saxitoxin; dinoflagellates; paralytic_shellfish_poisoning; biosynthesis; saxitoxin_biosynthesis; phylogenetic; cyanobacteria; paralytic_shellfish_toxins; alexandrium_fundyense; dinoflagellate; alexandrium; gymnodinium; toxin_biosynthesis; alexandrium_minutum; nitrogen; gymnodinium_catenatum; phylogeny,TOXIN; DINO_TAXON; TOXIN; BIOLOGICAL_PROCESS; BIOLOGICAL_PROCESS; BIOLOGICAL_PROCESS; CYANO_TAXON; TOXIN; DINO_TAXON; DINO_TAXON; DINO_TAXON; DINO_TAXON; BIOLOGICAL_PROCESS; DINO_TAXON; ENV_FACTOR; DINO_TAXON; BIOLOGICAL_PROCESS,dino_pre2016,unvalidated_candidate,1,gtx|||horizontal_gene_transfer,Not observed post-2015,"The relationship between gtx and horizontal gene transfer was identified as a candidate missing link in the pre-2016 dinoflagellate knowledge graph. Historical graph connectivity includes bridge concepts such as saxitoxin, dinoflagellates, paralytic shellfish poisoning, biosynthesis, saxitoxin biosynthesis. This relationship should be interpreted as a literature-derived hypothesis rather than experimental evidence of a biological mechanism.",117,4.1858037179589855,Adamic–Adar,gtx horizontal_gene_transfer toxin biological_process process_toxin_association saxitoxin; dinoflagellates; paralytic_shellfish_poisoning; biosynthesis; saxitoxin_biosynthesis; phylogenetic; cyanobacteria; paralytic_shellfish_toxins; alexandrium_fundyense; dinoflagellate; alexandrium; gymnodinium; toxin_biosynthesis; alexandrium_minutum; nitrogen; gymnodinium_catenatum; phylogeny toxin; dino_taxon; toxin; biological_process; biological_process; biological_process; cyano_taxon; toxin; dino_taxon; dino_taxon; dino_taxon; dino_taxon; biological_process; dino_taxon; env_factor; dino_taxon; biological_process
sxtg,SXT_GENE,transcription,BIOLOGICAL_PROCESS,gene_process_association,0.3068818664524557,268,4.179237940248735,118,0.4473684210526316,38,17,alexandrium; saxitoxin; paralytic_shellfish_toxins; dinoflagellate; gymnodinium; paralytic_shellfish_poisoning; gymnodinium_catenatum; dinoflagellates; alexandrium_fundyense; evolution; saxitoxin_biosynthesis; bloom; alexandrium_minutum; sxta; expression; gene_expression; biosynthesis,DINO_TAXON; TOXIN; TOXIN; DINO_TAXON; DINO_TAXON; TOXIN; DINO_TAXON; DINO_TAXON; DINO_TAXON; BIOLOGICAL_PROCESS; BIOLOGICAL_PROCESS; ENV_FACTOR; DINO_TAXON; SXT_GENE; BIOLOGICAL_PROCESS; BIOLOGICAL_PROCESS; BIOLOGICAL_PROCESS,dino_pre2016,unvalidated_candidate,1,sxtg|||transcription,Subsequently represented,"The relationship between sxtg and transcription was identified as a candidate missing link in the pre-2016 dinoflagellate knowledge graph. Historical graph connectivity includes bridge concepts such as alexandrium, saxitoxin, paralytic shellfish toxins, dinoflagellate, gymnodinium. This relationship should be interpreted as a literature-derived hypothesis rather than experimental evidence of a biological mechanism.",118,4.179237940248735,Adamic–Adar,sxtg transcription sxt_gene biological_process gene_process_association alexandrium; saxitoxin; paralytic_shellfish_toxins; dinoflagellate; gymnodinium; paralytic_shellfish_poisoning; gymnodinium_catenatum; dinoflagellates; alexandrium_fundyense; evolution; saxitoxin_biosynthesis; bloom; alexandrium_minutum; sxta; expression; gene_expression; biosynthesis dino_taxon; toxin; toxin; dino_taxon; dino_taxon; toxin; dino_taxon; dino_taxon; dino_taxon; biological_process; biological_process; env_factor; dino_taxon; sxt_gene; biological_process; biological_process; biological_process
alexandrium_ostenfeldii,DINO_TAXON,cyanobacterium,CYANO_TAXON,cross_taxa_association,0.2375234780051693,365,4.1770527618368,119,0.3617021276595745,106,17,saxitoxin; paralytic_shellfish_poisoning; alexandrium; dinoflagellate; dinoflagellates; paralytic_shellfish_toxins; mass_spectrometry; hplc; toxin_production; mouse_bioassay; cyanobacterial; toxicity; bloom; gymnodinium; lc_ms; alexandrium_minutum; phylogenetic,TOXIN; TOXIN; DINO_TAXON; DINO_TAXON; DINO_TAXON; TOXIN; DETECTION_METHOD; DETECTION_METHOD; BIOLOGICAL_PROCESS; DETECTION_METHOD; CYANO_TAXON; BIOLOGICAL_PROCESS; ENV_FACTOR; DINO_TAXON; DETECTION_METHOD; DINO_TAXON; BIOLOGICAL_PROCESS,dino_pre2016,unvalidated_candidate,1,alexandrium_ostenfeldii|||cyanobacterium,Not observed post-2015,"The relationship between alexandrium ostenfeldii and cyanobacterium was identified as a candidate missing link in the pre-2016 dinoflagellate knowledge graph. Historical graph connectivity includes bridge concepts such as saxitoxin, paralytic shellfish poisoning, alexandrium, dinoflagellate, dinoflagellates. This relationship should be interpreted as a literature-derived hypothesis rather than experimental evidence of a biological mechanism.",119,4.1770527618368,Adamic–Adar,alexandrium_ostenfeldii cyanobacterium dino_taxon cyano_taxon cross_taxa_association saxitoxin; paralytic_shellfish_poisoning; alexandrium; dinoflagellate; dinoflagellates; paralytic_shellfish_toxins; mass_spectrometry; hplc; toxin_production; mouse_bioassay; cyanobacterial; toxicity; bloom; gymnodinium; lc_ms; alexandrium_minutum; phylogenetic toxin; toxin; dino_taxon; dino_taxon; dino_taxon; toxin; detection_method; detection_method; biological_process; detection_method; cyano_taxon; biological_process; env_factor; dino_taxon; detection_method; dino_taxon; biological_process
alexandrium_tamarense,DINO_TAXON,lyngbya,CYANO_TAXON,cross_taxa_association,0.3433432528002403,211,4.172751481748001,120,0.293103448275862,196,17,cyanobacteria; dinoflagellates; saxitoxin; cyanobacterial; paralytic_shellfish_toxins; anabaena; hplc; alexandrium; toxicity; mass_spectrometry; toxin_production; bloom; gymnodinium; cyanobacterium; paralytic_shellfish_poisoning; sxta; biosynthesis,CYANO_TAXON; DINO_TAXON; TOXIN; CYANO_TAXON; TOXIN; CYANO_TAXON; DETECTION_METHOD; DINO_TAXON; BIOLOGICAL_PROCESS; DETECTION_METHOD; BIOLOGICAL_PROCESS; ENV_FACTOR; DINO_TAXON; CYANO_TAXON; TOXIN; SXT_GENE; BIOLOGICAL_PROCESS,dino_pre2016,unvalidated_candidate,1,alexandrium_tamarense|||lyngbya,Not observed post-2015,"The relationship between alexandrium tamarense and lyngbya was identified as a candidate missing link in the pre-2016 dinoflagellate knowledge graph. Historical graph connectivity includes bridge concepts such as cyanobacteria, dinoflagellates, saxitoxin, cyanobacterial, paralytic shellfish toxins. This relationship should be interpreted as a literature-derived hypothesis rather than experimental evidence of a biological mechanism.",120,4.172751481748001,Adamic–Adar,alexandrium_tamarense lyngbya dino_taxon cyano_taxon cross_taxa_association cyanobacteria; dinoflagellates; saxitoxin; cyanobacterial; paralytic_shellfish_toxins; anabaena; hplc; alexandrium; toxicity; mass_spectrometry; toxin_production; bloom; gymnodinium; cyanobacterium; paralytic_shellfish_poisoning; sxta; biosynthesis cyano_taxon; dino_taxon; toxin; cyano_taxon; toxin; cyano_taxon; detection_method; dino_taxon; biological_process; detection_method; biological_process; env_factor; dino_taxon; cyano_taxon; toxin; sxt_gene; biological_process
alexandrium_minutum,DINO_TAXON,lyngbya,CYANO_TAXON,cross_taxa_association,0.3273437814242012,235,4.160827313964279,121,0.2786885245901639,213,17,cyanobacteria; dinoflagellates; saxitoxin; paralytic_shellfish_toxins; hplc; cyanobacterial; pyrodinium; alexandrium; toxicity; toxin_production; gymnodinium; bloom; anabaena; cyanobacterium; paralytic_shellfish_poisoning; sxta; biosynthesis,CYANO_TAXON; DINO_TAXON; TOXIN; TOXIN; DETECTION_METHOD; CYANO_TAXON; DINO_TAXON; DINO_TAXON; BIOLOGICAL_PROCESS; BIOLOGICAL_PROCESS; DINO_TAXON; ENV_FACTOR; CYANO_TAXON; CYANO_TAXON; TOXIN; SXT_GENE; BIOLOGICAL_PROCESS,dino_pre2016,unvalidated_candidate,1,alexandrium_minutum|||lyngbya,Not observed post-2015,"The relationship between alexandrium minutum and lyngbya was identified as a candidate missing link in the pre-2016 dinoflagellate knowledge graph. Historical graph connectivity includes bridge concepts such as cyanobacteria, dinoflagellates, saxitoxin, paralytic shellfish toxins, hplc. This relationship should be interpreted as a literature-derived hypothesis rather than experimental evidence of a biological mechanism.",121,4.160827313964279,Adamic–Adar,alexandrium_minutum lyngbya dino_taxon cyano_taxon cross_taxa_association cyanobacteria; dinoflagellates; saxitoxin; paralytic_shellfish_toxins; hplc; cyanobacterial; pyrodinium; alexandrium; toxicity; toxin_production; gymnodinium; bloom; anabaena; cyanobacterium; paralytic_shellfish_poisoning; sxta; biosynthesis cyano_taxon; dino_taxon; toxin; toxin; detection_method; cyano_taxon; dino_taxon; dino_taxon; biological_process; biological_process; dino_taxon; env_factor; cyano_taxon; cyano_taxon; toxin; sxt_gene; biological_process
sxtg,SXT_GENE,cylindrospermopsis,CYANO_TAXON,cyano_gene_transfer_signal,0.2707988232583604,317,4.12069919497492,122,0.3617021276595745,106,17,dinoflagellates; saxitoxin; cyanobacteria; paralytic_shellfish_toxins; sxta; cyanobacterial; paralytic_shellfish_poisoning; biosynthesis; pyrodinium; dinoflagellate; alexandrium; toxicity; gymnodinium; saxitoxin_biosynthesis; bloom; expression; phylogenetic,DINO_TAXON; TOXIN; CYANO_TAXON; TOXIN; SXT_GENE; CYANO_TAXON; TOXIN; BIOLOGICAL_PROCESS; DINO_TAXON; DINO_TAXON; DINO_TAXON; BIOLOGICAL_PROCESS; DINO_TAXON; BIOLOGICAL_PROCESS; ENV_FACTOR; BIOLOGICAL_PROCESS; BIOLOGICAL_PROCESS,dino_pre2016,unvalidated_candidate,1,cylindrospermopsis|||sxtg,Not observed post-2015,"The relationship between sxtg and cylindrospermopsis was identified as a candidate missing link in the pre-2016 dinoflagellate knowledge graph. Historical graph connectivity includes bridge concepts such as dinoflagellates, saxitoxin, cyanobacteria, paralytic shellfish toxins, sxta. This relationship should be interpreted as a literature-derived hypothesis rather than experimental evidence of a biological mechanism.",122,4.12069919497492,Adamic–Adar,sxtg cylindrospermopsis sxt_gene cyano_taxon cyano_gene_transfer_signal dinoflagellates; saxitoxin; cyanobacteria; paralytic_shellfish_toxins; sxta; cyanobacterial; paralytic_shellfish_poisoning; biosynthesis; pyrodinium; dinoflagellate; alexandrium; toxicity; gymnodinium; saxitoxin_biosynthesis; bloom; expression; phylogenetic dino_taxon; toxin; cyano_taxon; toxin; sxt_gene; cyano_taxon; toxin; biological_process; dino_taxon; dino_taxon; dino_taxon; biological_process; dino_taxon; biological_process; env_factor; biological_process; biological_process
alexandrium_fundyense,DINO_TAXON,cylindrospermopsis,CYANO_TAXON,cross_taxa_association,0.2512283348660173,345,4.11241492328964,123,0.2833333333333333,210,17,dinoflagellates; paralytic_shellfish_poisoning; saxitoxin; paralytic_shellfish_toxins; toxicity; sxta; cyanobacteria; expression; phylogenetic; biosynthesis; cyanobacterial; dinoflagellate; alexandrium; gymnodinium; saxitoxin_biosynthesis; bloom; hplc,DINO_TAXON; TOXIN; TOXIN; TOXIN; BIOLOGICAL_PROCESS; SXT_GENE; CYANO_TAXON; BIOLOGICAL_PROCESS; BIOLOGICAL_PROCESS; BIOLOGICAL_PROCESS; CYANO_TAXON; DINO_TAXON; DINO_TAXON; DINO_TAXON; BIOLOGICAL_PROCESS; ENV_FACTOR; DETECTION_METHOD,dino_pre2016,unvalidated_candidate,1,alexandrium_fundyense|||cylindrospermopsis,Not observed post-2015,"The relationship between alexandrium fundyense and cylindrospermopsis was identified as a candidate missing link in the pre-2016 dinoflagellate knowledge graph. Historical graph connectivity includes bridge concepts such as dinoflagellates, paralytic shellfish poisoning, saxitoxin, paralytic shellfish toxins, toxicity. This relationship should be interpreted as a literature-derived hypothesis rather than experimental evidence of a biological mechanism.",123,4.11241492328964,Adamic–Adar,alexandrium_fundyense cylindrospermopsis dino_taxon cyano_taxon cross_taxa_association dinoflagellates; paralytic_shellfish_poisoning; saxitoxin; paralytic_shellfish_toxins; toxicity; sxta; cyanobacteria; expression; phylogenetic; biosynthesis; cyanobacterial; dinoflagellate; alexandrium; gymnodinium; saxitoxin_biosynthesis; bloom; hplc dino_taxon; toxin; toxin; toxin; biological_process; sxt_gene; cyano_taxon; biological_process; biological_process; biological_process; cyano_taxon; dino_taxon; dino_taxon; dino_taxon; biological_process; env_factor; detection_method
nitrogen,ENV_FACTOR,sxtb,SXT_GENE,environment_gene_regulation,0.3529537068991941,189,4.045077086027696,124,0.32,166,16,cyanobacteria; dinoflagellate; dinoflagellates; saxitoxin; paralytic_shellfish_toxins; transcriptome; climate; evolution; toxin_production; bloom; sxtg; toxin_biosynthesis; paralytic_shellfish_poisoning; sxta; nutrient; biosynthesis,CYANO_TAXON; DINO_TAXON; DINO_TAXON; TOXIN; TOXIN; BIOLOGICAL_PROCESS; ENV_FACTOR; BIOLOGICAL_PROCESS; BIOLOGICAL_PROCESS; ENV_FACTOR; SXT_GENE; BIOLOGICAL_PROCESS; TOXIN; SXT_GENE; ENV_FACTOR; BIOLOGICAL_PROCESS,dino_pre2016,unvalidated_candidate,1,nitrogen|||sxtb,Subsequently represented,"The relationship between nitrogen and sxtb was identified as a candidate missing link in the pre-2016 dinoflagellate knowledge graph. Historical graph connectivity includes bridge concepts such as cyanobacteria, dinoflagellate, dinoflagellates, saxitoxin, paralytic shellfish toxins. This relationship should be interpreted as a literature-derived hypothesis rather than experimental evidence of a biological mechanism.",124,4.045077086027696,Adamic–Adar,nitrogen sxtb env_factor sxt_gene environment_gene_regulation cyanobacteria; dinoflagellate; dinoflagellates; saxitoxin; paralytic_shellfish_toxins; transcriptome; climate; evolution; toxin_production; bloom; sxtg; toxin_biosynthesis; paralytic_shellfish_poisoning; sxta; nutrient; biosynthesis cyano_taxon; dino_taxon; dino_taxon; toxin; toxin; biological_process; env_factor; biological_process; biological_process; env_factor; sxt_gene; biological_process; toxin; sxt_gene; env_factor; biological_process
sxtg,SXT_GENE,nitrogen_limitation,ENV_FACTOR,environment_gene_regulation,0.4750580832898382,64,4.015043373272594,125,0.4324324324324324,55,16,alexandrium; dinoflagellate; nutrient; cyanobacteria; paralytic_shellfish_toxins; alexandrium_fundyense; climate; toxicity; bloom; toxin_biosynthesis; paralytic_shellfish_poisoning; nitrogen; phosphorus; expression; dinoflagellates; biosynthesis,DINO_TAXON; DINO_TAXON; ENV_FACTOR; CYANO_TAXON; TOXIN; DINO_TAXON; ENV_FACTOR; BIOLOGICAL_PROCESS; ENV_FACTOR; BIOLOGICAL_PROCESS; TOXIN; ENV_FACTOR; ENV_FACTOR; BIOLOGICAL_PROCESS; DINO_TAXON; BIOLOGICAL_PROCESS,dino_pre2016,unvalidated_candidate,1,nitrogen_limitation|||sxtg,Not observed post-2015,"The relationship between sxtg and nitrogen limitation was identified as a candidate missing link in the pre-2016 dinoflagellate knowledge graph. Historical graph connectivity includes bridge concepts such as alexandrium, dinoflagellate, nutrient, cyanobacteria, paralytic shellfish toxins. This relationship should be interpreted as a literature-derived hypothesis rather than experimental evidence of a biological mechanism.",125,4.015043373272594,Adamic–Adar,sxtg nitrogen_limitation sxt_gene env_factor environment_gene_regulation alexandrium; dinoflagellate; nutrient; cyanobacteria; paralytic_shellfish_toxins; alexandrium_fundyense; climate; toxicity; bloom; toxin_biosynthesis; paralytic_shellfish_poisoning; nitrogen; phosphorus; expression; dinoflagellates; biosynthesis dino_taxon; dino_taxon; env_factor; cyano_taxon; toxin; dino_taxon; env_factor; biological_process; env_factor; biological_process; toxin; env_factor; env_factor; biological_process; dino_taxon; biological_process
toxicity,BIOLOGICAL_PROCESS,sxtb,SXT_GENE,gene_process_association,0.3336217781996384,224,4.005397760376532,126,0.2318840579710145,264,16,cyanobacterial; cyanobacteria; dinoflagellate; sxta; dinoflagellates; saxitoxin; paralytic_shellfish_toxins; climate; evolution; toxin_production; bloom; sxtg; toxin_biosynthesis; paralytic_shellfish_poisoning; nutrient; biosynthesis,CYANO_TAXON; CYANO_TAXON; DINO_TAXON; SXT_GENE; DINO_TAXON; TOXIN; TOXIN; ENV_FACTOR; BIOLOGICAL_PROCESS; BIOLOGICAL_PROCESS; ENV_FACTOR; SXT_GENE; BIOLOGICAL_PROCESS; TOXIN; ENV_FACTOR; BIOLOGICAL_PROCESS,dino_pre2016,unvalidated_candidate,1,sxtb|||toxicity,Subsequently represented,"The relationship between toxicity and sxtb was identified as a candidate missing link in the pre-2016 dinoflagellate knowledge graph. Historical graph connectivity includes bridge concepts such as cyanobacterial, cyanobacteria, dinoflagellate, sxta, dinoflagellates. This relationship should be interpreted as a literature-derived hypothesis rather than experimental evidence of a biological mechanism.",126,4.005397760376532,Adamic–Adar,toxicity sxtb biological_process sxt_gene gene_process_association cyanobacterial; cyanobacteria; dinoflagellate; sxta; dinoflagellates; saxitoxin; paralytic_shellfish_toxins; climate; evolution; toxin_production; bloom; sxtg; toxin_biosynthesis; paralytic_shellfish_poisoning; nutrient; biosynthesis cyano_taxon; cyano_taxon; dino_taxon; sxt_gene; dino_taxon; toxin; toxin; env_factor; biological_process; biological_process; env_factor; sxt_gene; biological_process; toxin; env_factor; biological_process
pyrodinium_bahamense,DINO_TAXON,sxtu,SXT_GENE,taxon_gene_association,0.3413181957703048,217,3.993823682624817,127,0.32,166,16,saxitoxin; cyanobacterial; cyanobacteria; paralytic_shellfish_toxins; dinoflagellate; sxt_genes; mass_spectrometry; saxitoxin_biosynthesis; gymnodinium; dinoflagellates; paralytic_shellfish_poisoning; lc_ms; gymnodinium_catenatum; sxta; phylogenetic; biosynthesis,TOXIN; CYANO_TAXON; CYANO_TAXON; TOXIN; DINO_TAXON; SXT_GENE; DETECTION_METHOD; BIOLOGICAL_PROCESS; DINO_TAXON; DINO_TAXON; TOXIN; DETECTION_METHOD; DINO_TAXON; SXT_GENE; BIOLOGICAL_PROCESS; BIOLOGICAL_PROCESS,dino_pre2016,unvalidated_candidate,1,pyrodinium_bahamense|||sxtu,Not observed post-2015,"The relationship between pyrodinium bahamense and sxtu was identified as a candidate missing link in the pre-2016 dinoflagellate knowledge graph. Historical graph connectivity includes bridge concepts such as saxitoxin, cyanobacterial, cyanobacteria, paralytic shellfish toxins, dinoflagellate. This relationship should be interpreted as a literature-derived hypothesis rather than experimental evidence of a biological mechanism.",127,3.993823682624817,Adamic–Adar,pyrodinium_bahamense sxtu dino_taxon sxt_gene taxon_gene_association saxitoxin; cyanobacterial; cyanobacteria; paralytic_shellfish_toxins; dinoflagellate; sxt_genes; mass_spectrometry; saxitoxin_biosynthesis; gymnodinium; dinoflagellates; paralytic_shellfish_poisoning; lc_ms; gymnodinium_catenatum; sxta; phylogenetic; biosynthesis toxin; cyano_taxon; cyano_taxon; toxin; dino_taxon; sxt_gene; detection_method; biological_process; dino_taxon; dino_taxon; toxin; detection_method; dino_taxon; sxt_gene; biological_process; biological_process
expression,BIOLOGICAL_PROCESS,sxtb,SXT_GENE,gene_process_association,0.4456509183966164,81,3.980482875267937,128,0.3265306122448979,153,16,cyanobacterial; cyanobacteria; dinoflagellate; sxta; dinoflagellates; saxitoxin; paralytic_shellfish_toxins; transcriptome; evolution; toxin_production; sxtg; bloom; toxin_biosynthesis; paralytic_shellfish_poisoning; nutrient; biosynthesis,CYANO_TAXON; CYANO_TAXON; DINO_TAXON; SXT_GENE; DINO_TAXON; TOXIN; TOXIN; BIOLOGICAL_PROCESS; BIOLOGICAL_PROCESS; BIOLOGICAL_PROCESS; SXT_GENE; ENV_FACTOR; BIOLOGICAL_PROCESS; TOXIN; ENV_FACTOR; BIOLOGICAL_PROCESS,dino_pre2016,unvalidated_candidate,1,expression|||sxtb,Subsequently represented,"The relationship between expression and sxtb was identified as a candidate missing link in the pre-2016 dinoflagellate knowledge graph. Historical graph connectivity includes bridge concepts such as cyanobacterial, cyanobacteria, dinoflagellate, sxta, dinoflagellates. This relationship should be interpreted as a literature-derived hypothesis rather than experimental evidence of a biological mechanism.",128,3.980482875267937,Adamic–Adar,expression sxtb biological_process sxt_gene gene_process_association cyanobacterial; cyanobacteria; dinoflagellate; sxta; dinoflagellates; saxitoxin; paralytic_shellfish_toxins; transcriptome; evolution; toxin_production; sxtg; bloom; toxin_biosynthesis; paralytic_shellfish_poisoning; nutrient; biosynthesis cyano_taxon; cyano_taxon; dino_taxon; sxt_gene; dino_taxon; toxin; toxin; biological_process; biological_process; biological_process; sxt_gene; env_factor; biological_process; toxin; env_factor; biological_process
alexandrium_minutum,DINO_TAXON,sxtb,SXT_GENE,taxon_gene_association,0.3558522114059312,188,3.980482875267937,128,0.2758620689655172,217,16,cyanobacteria; dinoflagellate; sxtg; sxta; dinoflagellates; saxitoxin; cyanobacterial; paralytic_shellfish_toxins; transcriptome; evolution; toxin_production; bloom; toxin_biosynthesis; paralytic_shellfish_poisoning; nutrient; biosynthesis,CYANO_TAXON; DINO_TAXON; SXT_GENE; SXT_GENE; DINO_TAXON; TOXIN; CYANO_TAXON; TOXIN; BIOLOGICAL_PROCESS; BIOLOGICAL_PROCESS; BIOLOGICAL_PROCESS; ENV_FACTOR; BIOLOGICAL_PROCESS; TOXIN; ENV_FACTOR; BIOLOGICAL_PROCESS,dino_pre2016,unvalidated_candidate,1,alexandrium_minutum|||sxtb,Subsequently represented,"The relationship between alexandrium minutum and sxtb was identified as a candidate missing link in the pre-2016 dinoflagellate knowledge graph. Historical graph connectivity includes bridge concepts such as cyanobacteria, dinoflagellate, sxtg, sxta, dinoflagellates. This relationship should be interpreted as a literature-derived hypothesis rather than experimental evidence of a biological mechanism.",128,3.980482875267937,Adamic–Adar,alexandrium_minutum sxtb dino_taxon sxt_gene taxon_gene_association cyanobacteria; dinoflagellate; sxtg; sxta; dinoflagellates; saxitoxin; cyanobacterial; paralytic_shellfish_toxins; transcriptome; evolution; toxin_production; bloom; toxin_biosynthesis; paralytic_shellfish_poisoning; nutrient; biosynthesis cyano_taxon; dino_taxon; sxt_gene; sxt_gene; dino_taxon; toxin; cyano_taxon; toxin; biological_process; biological_process; biological_process; env_factor; biological_process; toxin; env_factor; biological_process
gonyautoxin,TOXIN,resting_cyst,BIOLOGICAL_PROCESS,process_toxin_association,0.5230308600136736,40,3.974090738216802,130,0.3137254901960784,176,16,dinoflagellate; saxitoxin; paralytic_shellfish_toxins; alexandrium; toxicity; bloom; mouse_bioassay; alexandrium_ostenfeldii; alexandrium_tamarense; gtx; gymnodinium; paralytic_shellfish_poisoning; hplc; gymnodinium_catenatum; phylogeny; biosynthesis,DINO_TAXON; TOXIN; TOXIN; DINO_TAXON; BIOLOGICAL_PROCESS; ENV_FACTOR; DETECTION_METHOD; DINO_TAXON; DINO_TAXON; TOXIN; DINO_TAXON; TOXIN; DETECTION_METHOD; DINO_TAXON; BIOLOGICAL_PROCESS; BIOLOGICAL_PROCESS,dino_pre2016,unvalidated_candidate,1,gonyautoxin|||resting_cyst,Not observed post-2015,"The relationship between gonyautoxin and resting cyst was identified as a candidate missing link in the pre-2016 dinoflagellate knowledge graph. Historical graph connectivity includes bridge concepts such as dinoflagellate, saxitoxin, paralytic shellfish toxins, alexandrium, toxicity. This relationship should be interpreted as a literature-derived hypothesis rather than experimental evidence of a biological mechanism.",130,3.974090738216802,Adamic–Adar,gonyautoxin resting_cyst toxin biological_process process_toxin_association dinoflagellate; saxitoxin; paralytic_shellfish_toxins; alexandrium; toxicity; bloom; mouse_bioassay; alexandrium_ostenfeldii; alexandrium_tamarense; gtx; gymnodinium; paralytic_shellfish_poisoning; hplc; gymnodinium_catenatum; phylogeny; biosynthesis dino_taxon; toxin; toxin; dino_taxon; biological_process; env_factor; detection_method; dino_taxon; dino_taxon; toxin; dino_taxon; toxin; detection_method; dino_taxon; biological_process; biological_process
alexandrium_catenella,DINO_TAXON,sxtu,SXT_GENE,taxon_gene_association,0.2715014386085965,315,3.968562957380812,131,0.2909090909090909,199,16,saxitoxin; cyanobacteria; cyanobacterial; paralytic_shellfish_toxins; dinoflagellate; sxt_genes; mass_spectrometry; saxitoxin_biosynthesis; gymnodinium; dinoflagellates; paralytic_shellfish_poisoning; gymnodinium_catenatum; sxta; expression; phylogenetic; biosynthesis,TOXIN; CYANO_TAXON; CYANO_TAXON; TOXIN; DINO_TAXON; SXT_GENE; DETECTION_METHOD; BIOLOGICAL_PROCESS; DINO_TAXON; DINO_TAXON; TOXIN; DINO_TAXON; SXT_GENE; BIOLOGICAL_PROCESS; BIOLOGICAL_PROCESS; BIOLOGICAL_PROCESS,dino_pre2016,unvalidated_candidate,1,alexandrium_catenella|||sxtu,Not observed post-2015,"The relationship between alexandrium catenella and sxtu was identified as a candidate missing link in the pre-2016 dinoflagellate knowledge graph. Historical graph connectivity includes bridge concepts such as saxitoxin, cyanobacteria, cyanobacterial, paralytic shellfish toxins, dinoflagellate. This relationship should be interpreted as a literature-derived hypothesis rather than experimental evidence of a biological mechanism.",131,3.968562957380812,Adamic–Adar,alexandrium_catenella sxtu dino_taxon sxt_gene taxon_gene_association saxitoxin; cyanobacteria; cyanobacterial; paralytic_shellfish_toxins; dinoflagellate; sxt_genes; mass_spectrometry; saxitoxin_biosynthesis; gymnodinium; dinoflagellates; paralytic_shellfish_poisoning; gymnodinium_catenatum; sxta; expression; phylogenetic; biosynthesis toxin; cyano_taxon; cyano_taxon; toxin; dino_taxon; sxt_gene; detection_method; biological_process; dino_taxon; dino_taxon; toxin; dino_taxon; sxt_gene; biological_process; biological_process; biological_process
alexandrium_ostenfeldii,DINO_TAXON,sxtg,SXT_GENE,taxon_gene_association,0.2702399427061638,319,3.957950596330431,132,0.32,166,16,saxitoxin; dinoflagellate; alexandrium; dinoflagellates; paralytic_shellfish_toxins; toxin_production; paralytic_shellfish_poisoning; cyanobacterial; gonyautoxin; toxicity; climate; bloom; gymnodinium; alexandrium_minutum; phylogeny; phylogenetic,TOXIN; DINO_TAXON; DINO_TAXON; DINO_TAXON; TOXIN; BIOLOGICAL_PROCESS; TOXIN; CYANO_TAXON; TOXIN; BIOLOGICAL_PROCESS; ENV_FACTOR; ENV_FACTOR; DINO_TAXON; DINO_TAXON; BIOLOGICAL_PROCESS; BIOLOGICAL_PROCESS,dino_pre2016,unvalidated_candidate,1,alexandrium_ostenfeldii|||sxtg,Not observed post-2015,"The relationship between alexandrium ostenfeldii and sxtg was identified as a candidate missing link in the pre-2016 dinoflagellate knowledge graph. Historical graph connectivity includes bridge concepts such as saxitoxin, dinoflagellate, alexandrium, dinoflagellates, paralytic shellfish toxins. This relationship should be interpreted as a literature-derived hypothesis rather than experimental evidence of a biological mechanism.",132,3.957950596330431,Adamic–Adar,alexandrium_ostenfeldii sxtg dino_taxon sxt_gene taxon_gene_association saxitoxin; dinoflagellate; alexandrium; dinoflagellates; paralytic_shellfish_toxins; toxin_production; paralytic_shellfish_poisoning; cyanobacterial; gonyautoxin; toxicity; climate; bloom; gymnodinium; alexandrium_minutum; phylogeny; phylogenetic toxin; dino_taxon; dino_taxon; dino_taxon; toxin; biological_process; toxin; cyano_taxon; toxin; biological_process; env_factor; env_factor; dino_taxon; dino_taxon; biological_process; biological_process
sxt_genes,SXT_GENE,transcriptomic,BIOLOGICAL_PROCESS,gene_process_association,0.2976028371557237,277,3.9195409980672817,133,0.4210526315789473,64,16,alexandrium; dinoflagellate; saxitoxin; cyanobacteria; paralytic_shellfish_toxins; paralytic_shellfish_poisoning; dinoflagellates; biosynthesis; transcriptome; toxicity; alexandrium_tamarense; evolution; bloom; alexandrium_catenella; light; expression,DINO_TAXON; DINO_TAXON; TOXIN; CYANO_TAXON; TOXIN; TOXIN; DINO_TAXON; BIOLOGICAL_PROCESS; BIOLOGICAL_PROCESS; BIOLOGICAL_PROCESS; DINO_TAXON; BIOLOGICAL_PROCESS; ENV_FACTOR; DINO_TAXON; ENV_FACTOR; BIOLOGICAL_PROCESS,dino_pre2016,unvalidated_candidate,1,sxt_genes|||transcriptomic,Subsequently represented,"The relationship between sxt genes and transcriptomic was identified as a candidate missing link in the pre-2016 dinoflagellate knowledge graph. Historical graph connectivity includes bridge concepts such as alexandrium, dinoflagellate, saxitoxin, cyanobacteria, paralytic shellfish toxins. This relationship should be interpreted as a literature-derived hypothesis rather than experimental evidence of a biological mechanism.",133,3.9195409980672817,Adamic–Adar,sxt_genes transcriptomic sxt_gene biological_process gene_process_association alexandrium; dinoflagellate; saxitoxin; cyanobacteria; paralytic_shellfish_toxins; paralytic_shellfish_poisoning; dinoflagellates; biosynthesis; transcriptome; toxicity; alexandrium_tamarense; evolution; bloom; alexandrium_catenella; light; expression dino_taxon; dino_taxon; toxin; cyano_taxon; toxin; toxin; dino_taxon; biological_process; biological_process; biological_process; dino_taxon; biological_process; env_factor; dino_taxon; env_factor; biological_process
gonyautoxin,TOXIN,transcription,BIOLOGICAL_PROCESS,process_toxin_association,0.364911869888499,170,3.9040074714253072,134,0.2962962962962963,192,16,alexandrium; saxitoxin; paralytic_shellfish_toxins; dinoflagellate; paralytic_shellfish_poisoning; gymnodinium; gymnodinium_catenatum; dinoflagellates; bloom; alexandrium_catenella; alexandrium_minutum; sxta; expression; regulation; gene_expression; biosynthesis,DINO_TAXON; TOXIN; TOXIN; DINO_TAXON; TOXIN; DINO_TAXON; DINO_TAXON; DINO_TAXON; ENV_FACTOR; DINO_TAXON; DINO_TAXON; SXT_GENE; BIOLOGICAL_PROCESS; BIOLOGICAL_PROCESS; BIOLOGICAL_PROCESS; BIOLOGICAL_PROCESS,dino_pre2016,unvalidated_candidate,1,gonyautoxin|||transcription,Not observed post-2015,"The relationship between gonyautoxin and transcription was identified as a candidate missing link in the pre-2016 dinoflagellate knowledge graph. Historical graph connectivity includes bridge concepts such as alexandrium, saxitoxin, paralytic shellfish toxins, dinoflagellate, paralytic shellfish poisoning. This relationship should be interpreted as a literature-derived hypothesis rather than experimental evidence of a biological mechanism.",134,3.9040074714253072,Adamic–Adar,gonyautoxin transcription toxin biological_process process_toxin_association alexandrium; saxitoxin; paralytic_shellfish_toxins; dinoflagellate; paralytic_shellfish_poisoning; gymnodinium; gymnodinium_catenatum; dinoflagellates; bloom; alexandrium_catenella; alexandrium_minutum; sxta; expression; regulation; gene_expression; biosynthesis dino_taxon; toxin; toxin; dino_taxon; toxin; dino_taxon; dino_taxon; dino_taxon; env_factor; dino_taxon; dino_taxon; sxt_gene; biological_process; biological_process; biological_process; biological_process
phosphorus,ENV_FACTOR,sxt_genes,SXT_GENE,environment_gene_regulation,0.1904941487383351,416,3.895493491213488,135,0.3555555555555555,121,16,dinoflagellate; alexandrium; dinoflagellates; saxitoxin; paralytic_shellfish_toxins; paralytic_shellfish_poisoning; biosynthesis; cyanobacteria; toxicity; alexandrium_tamarense; sxtg; bloom; alexandrium_catenella; toxin_biosynthesis; sxta; expression,DINO_TAXON; DINO_TAXON; DINO_TAXON; TOXIN; TOXIN; TOXIN; BIOLOGICAL_PROCESS; CYANO_TAXON; BIOLOGICAL_PROCESS; DINO_TAXON; SXT_GENE; ENV_FACTOR; DINO_TAXON; BIOLOGICAL_PROCESS; SXT_GENE; BIOLOGICAL_PROCESS,dino_pre2016,unvalidated_candidate,1,phosphorus|||sxt_genes,Subsequently represented,"The relationship between phosphorus and sxt genes was identified as a candidate missing link in the pre-2016 dinoflagellate knowledge graph. Historical graph connectivity includes bridge concepts such as dinoflagellate, alexandrium, dinoflagellates, saxitoxin, paralytic shellfish toxins. This relationship should be interpreted as a literature-derived hypothesis rather than experimental evidence of a biological mechanism.",135,3.895493491213488,Adamic–Adar,phosphorus sxt_genes env_factor sxt_gene environment_gene_regulation dinoflagellate; alexandrium; dinoflagellates; saxitoxin; paralytic_shellfish_toxins; paralytic_shellfish_poisoning; biosynthesis; cyanobacteria; toxicity; alexandrium_tamarense; sxtg; bloom; alexandrium_catenella; toxin_biosynthesis; sxta; expression dino_taxon; dino_taxon; dino_taxon; toxin; toxin; toxin; biological_process; cyano_taxon; biological_process; dino_taxon; sxt_gene; env_factor; dino_taxon; biological_process; sxt_gene; biological_process
neosaxitoxin,TOXIN,climate,ENV_FACTOR,environment_toxin_association,0.4869909075158953,56,3.889710318496789,136,0.3720930232558139,98,16,alexandrium; dinoflagellate; toxicity; saxitoxin; paralytic_shellfish_toxins; paralytic_shellfish_poisoning; dinoflagellates; nutrient; mouse_bioassay; cyanobacteria; alexandrium_fundyense; temperature; toxin_production; bloom; nitrogen; biosynthesis,DINO_TAXON; DINO_TAXON; BIOLOGICAL_PROCESS; TOXIN; TOXIN; TOXIN; DINO_TAXON; ENV_FACTOR; DETECTION_METHOD; CYANO_TAXON; DINO_TAXON; ENV_FACTOR; BIOLOGICAL_PROCESS; ENV_FACTOR; ENV_FACTOR; BIOLOGICAL_PROCESS,dino_pre2016,unvalidated_candidate,1,climate|||neosaxitoxin,Not observed post-2015,"The relationship between neosaxitoxin and climate was identified as a candidate missing link in the pre-2016 dinoflagellate knowledge graph. Historical graph connectivity includes bridge concepts such as alexandrium, dinoflagellate, toxicity, saxitoxin, paralytic shellfish toxins. This relationship should be interpreted as a literature-derived hypothesis rather than experimental evidence of a biological mechanism.",136,3.889710318496789,Adamic–Adar,neosaxitoxin climate toxin env_factor environment_toxin_association alexandrium; dinoflagellate; toxicity; saxitoxin; paralytic_shellfish_toxins; paralytic_shellfish_poisoning; dinoflagellates; nutrient; mouse_bioassay; cyanobacteria; alexandrium_fundyense; temperature; toxin_production; bloom; nitrogen; biosynthesis dino_taxon; dino_taxon; biological_process; toxin; toxin; toxin; dino_taxon; env_factor; detection_method; cyano_taxon; dino_taxon; env_factor; biological_process; env_factor; env_factor; biological_process
alexandrium_tamiyavanichii,DINO_TAXON,sxtg,SXT_GENE,taxon_gene_association,0.452026471290365,75,3.877489994862307,137,0.3720930232558139,98,16,dinoflagellate; alexandrium; saxitoxin; dinoflagellates; paralytic_shellfish_poisoning; alexandrium_minutum; cyanobacteria; paralytic_shellfish_toxins; pyrodinium; gonyautoxin; toxicity; toxin_production; saxitoxin_biosynthesis; sxta; pyrodinium_bahamense; biosynthesis,DINO_TAXON; DINO_TAXON; TOXIN; DINO_TAXON; TOXIN; DINO_TAXON; CYANO_TAXON; TOXIN; DINO_TAXON; TOXIN; BIOLOGICAL_PROCESS; BIOLOGICAL_PROCESS; BIOLOGICAL_PROCESS; SXT_GENE; DINO_TAXON; BIOLOGICAL_PROCESS,dino_pre2016,unvalidated_candidate,1,alexandrium_tamiyavanichii|||sxtg,Not observed post-2015,"The relationship between alexandrium tamiyavanichii and sxtg was identified as a candidate missing link in the pre-2016 dinoflagellate knowledge graph. Historical graph connectivity includes bridge concepts such as dinoflagellate, alexandrium, saxitoxin, dinoflagellates, paralytic shellfish poisoning. This relationship should be interpreted as a literature-derived hypothesis rather than experimental evidence of a biological mechanism.",137,3.877489994862307,Adamic–Adar,alexandrium_tamiyavanichii sxtg dino_taxon sxt_gene taxon_gene_association dinoflagellate; alexandrium; saxitoxin; dinoflagellates; paralytic_shellfish_poisoning; alexandrium_minutum; cyanobacteria; paralytic_shellfish_toxins; pyrodinium; gonyautoxin; toxicity; toxin_production; saxitoxin_biosynthesis; sxta; pyrodinium_bahamense; biosynthesis dino_taxon; dino_taxon; toxin; dino_taxon; toxin; dino_taxon; cyano_taxon; toxin; dino_taxon; toxin; biological_process; biological_process; biological_process; sxt_gene; dino_taxon; biological_process
neosaxitoxin,TOXIN,transcriptome,BIOLOGICAL_PROCESS,process_toxin_association,0.1854628621328045,421,3.8727950000434577,138,0.32,166,16,dinoflagellate; alexandrium; paralytic_shellfish_poisoning; dinoflagellates; saxitoxin; light; cyanobacteria; paralytic_shellfish_toxins; alexandrium_fundyense; toxin_production; bloom; alexandrium_catenella; alexandrium_minutum; nitrogen; nutrient; biosynthesis,DINO_TAXON; DINO_TAXON; TOXIN; DINO_TAXON; TOXIN; ENV_FACTOR; CYANO_TAXON; TOXIN; DINO_TAXON; BIOLOGICAL_PROCESS; ENV_FACTOR; DINO_TAXON; DINO_TAXON; ENV_FACTOR; ENV_FACTOR; BIOLOGICAL_PROCESS,dino_pre2016,unvalidated_candidate,1,neosaxitoxin|||transcriptome,Not observed post-2015,"The relationship between neosaxitoxin and transcriptome was identified as a candidate missing link in the pre-2016 dinoflagellate knowledge graph. Historical graph connectivity includes bridge concepts such as dinoflagellate, alexandrium, paralytic shellfish poisoning, dinoflagellates, saxitoxin. This relationship should be interpreted as a literature-derived hypothesis rather than experimental evidence of a biological mechanism.",138,3.8727950000434577,Adamic–Adar,neosaxitoxin transcriptome toxin biological_process process_toxin_association dinoflagellate; alexandrium; paralytic_shellfish_poisoning; dinoflagellates; saxitoxin; light; cyanobacteria; paralytic_shellfish_toxins; alexandrium_fundyense; toxin_production; bloom; alexandrium_catenella; alexandrium_minutum; nitrogen; nutrient; biosynthesis dino_taxon; dino_taxon; toxin; dino_taxon; toxin; env_factor; cyano_taxon; toxin; dino_taxon; biological_process; env_factor; dino_taxon; dino_taxon; env_factor; env_factor; biological_process
nitrate,ENV_FACTOR,sxt_genes,SXT_GENE,environment_gene_regulation,0.1555806385264793,453,3.868062972422601,139,0.3137254901960784,176,16,saxitoxin; dinoflagellate; alexandrium; dinoflagellates; paralytic_shellfish_toxins; paralytic_shellfish_poisoning; cyanobacteria; pyrodinium; toxicity; alexandrium_tamarense; gymnodinium; bloom; alexandrium_catenella; light; gymnodinium_catenatum; pyrodinium_bahamense,TOXIN; DINO_TAXON; DINO_TAXON; DINO_TAXON; TOXIN; TOXIN; CYANO_TAXON; DINO_TAXON; BIOLOGICAL_PROCESS; DINO_TAXON; DINO_TAXON; ENV_FACTOR; DINO_TAXON; ENV_FACTOR; DINO_TAXON; DINO_TAXON,dino_pre2016,unvalidated_candidate,1,nitrate|||sxt_genes,Subsequently represented,"The relationship between nitrate and sxt genes was identified as a candidate missing link in the pre-2016 dinoflagellate knowledge graph. Historical graph connectivity includes bridge concepts such as saxitoxin, dinoflagellate, alexandrium, dinoflagellates, paralytic shellfish toxins. This relationship should be interpreted as a literature-derived hypothesis rather than experimental evidence of a biological mechanism.",139,3.868062972422601,Adamic–Adar,nitrate sxt_genes env_factor sxt_gene environment_gene_regulation saxitoxin; dinoflagellate; alexandrium; dinoflagellates; paralytic_shellfish_toxins; paralytic_shellfish_poisoning; cyanobacteria; pyrodinium; toxicity; alexandrium_tamarense; gymnodinium; bloom; alexandrium_catenella; light; gymnodinium_catenatum; pyrodinium_bahamense toxin; dino_taxon; dino_taxon; dino_taxon; toxin; toxin; cyano_taxon; dino_taxon; biological_process; dino_taxon; dino_taxon; env_factor; dino_taxon; env_factor; dino_taxon; dino_taxon
pyrodinium_bahamense,DINO_TAXON,lyngbya,CYANO_TAXON,cross_taxa_association,0.2526633490455442,343,3.865739895056375,140,0.32,166,16,dinoflagellates; saxitoxin; cyanobacterial; paralytic_shellfish_toxins; hplc; cyanobacteria; pyrodinium; alexandrium; toxicity; mass_spectrometry; toxin_production; bloom; gymnodinium; paralytic_shellfish_poisoning; sxta; biosynthesis,DINO_TAXON; TOXIN; CYANO_TAXON; TOXIN; DETECTION_METHOD; CYANO_TAXON; DINO_TAXON; DINO_TAXON; BIOLOGICAL_PROCESS; DETECTION_METHOD; BIOLOGICAL_PROCESS; ENV_FACTOR; DINO_TAXON; TOXIN; SXT_GENE; BIOLOGICAL_PROCESS,dino_pre2016,unvalidated_candidate,1,lyngbya|||pyrodinium_bahamense,Not observed post-2015,"The relationship between pyrodinium bahamense and lyngbya was identified as a candidate missing link in the pre-2016 dinoflagellate knowledge graph. Historical graph connectivity includes bridge concepts such as dinoflagellates, saxitoxin, cyanobacterial, paralytic shellfish toxins, hplc. This relationship should be interpreted as a literature-derived hypothesis rather than experimental evidence of a biological mechanism.",140,3.865739895056375,Adamic–Adar,pyrodinium_bahamense lyngbya dino_taxon cyano_taxon cross_taxa_association dinoflagellates; saxitoxin; cyanobacterial; paralytic_shellfish_toxins; hplc; cyanobacteria; pyrodinium; alexandrium; toxicity; mass_spectrometry; toxin_production; bloom; gymnodinium; paralytic_shellfish_poisoning; sxta; biosynthesis dino_taxon; toxin; cyano_taxon; toxin; detection_method; cyano_taxon; dino_taxon; dino_taxon; biological_process; detection_method; biological_process; env_factor; dino_taxon; toxin; sxt_gene; biological_process
alexandrium_catenella,DINO_TAXON,lyngbya,CYANO_TAXON,cross_taxa_association,0.2919619329825499,284,3.865739895056375,140,0.2909090909090909,199,16,cyanobacteria; dinoflagellates; saxitoxin; paralytic_shellfish_toxins; hplc; cyanobacterial; pyrodinium; alexandrium; toxicity; mass_spectrometry; toxin_production; bloom; gymnodinium; paralytic_shellfish_poisoning; sxta; biosynthesis,CYANO_TAXON; DINO_TAXON; TOXIN; TOXIN; DETECTION_METHOD; CYANO_TAXON; DINO_TAXON; DINO_TAXON; BIOLOGICAL_PROCESS; DETECTION_METHOD; BIOLOGICAL_PROCESS; ENV_FACTOR; DINO_TAXON; TOXIN; SXT_GENE; BIOLOGICAL_PROCESS,dino_pre2016,unvalidated_candidate,1,alexandrium_catenella|||lyngbya,Not observed post-2015,"The relationship between alexandrium catenella and lyngbya was identified as a candidate missing link in the pre-2016 dinoflagellate knowledge graph. Historical graph connectivity includes bridge concepts such as cyanobacteria, dinoflagellates, saxitoxin, paralytic shellfish toxins, hplc. This relationship should be interpreted as a literature-derived hypothesis rather than experimental evidence of a biological mechanism.",140,3.865739895056375,Adamic–Adar,alexandrium_catenella lyngbya dino_taxon cyano_taxon cross_taxa_association cyanobacteria; dinoflagellates; saxitoxin; paralytic_shellfish_toxins; hplc; cyanobacterial; pyrodinium; alexandrium; toxicity; mass_spectrometry; toxin_production; bloom; gymnodinium; paralytic_shellfish_poisoning; sxta; biosynthesis cyano_taxon; dino_taxon; toxin; toxin; detection_method; cyano_taxon; dino_taxon; dino_taxon; biological_process; detection_method; biological_process; env_factor; dino_taxon; toxin; sxt_gene; biological_process
gtx,TOXIN,secondary_metabolism,BIOLOGICAL_PROCESS,process_toxin_association,0.3488749320560251,195,3.816211259090653,142,0.3571428571428571,117,15,saxitoxin; temperature; dinoflagellate; salinity; toxicity; toxin_production; nitrate; bloom; nutrients; light; hplc; nitrogen; nutrient; dinoflagellates; warming,TOXIN; ENV_FACTOR; DINO_TAXON; ENV_FACTOR; BIOLOGICAL_PROCESS; BIOLOGICAL_PROCESS; ENV_FACTOR; ENV_FACTOR; ENV_FACTOR; ENV_FACTOR; DETECTION_METHOD; ENV_FACTOR; ENV_FACTOR; DINO_TAXON; ENV_FACTOR,dino_pre2016,unvalidated_candidate,1,gtx|||secondary_metabolism,Not observed post-2015,"The relationship between gtx and secondary metabolism was identified as a candidate missing link in the pre-2016 dinoflagellate knowledge graph. Historical graph connectivity includes bridge concepts such as saxitoxin, temperature, dinoflagellate, salinity, toxicity. This relationship should be interpreted as a literature-derived hypothesis rather than experimental evidence of a biological mechanism.",142,3.816211259090653,Adamic–Adar,gtx secondary_metabolism toxin biological_process process_toxin_association saxitoxin; temperature; dinoflagellate; salinity; toxicity; toxin_production; nitrate; bloom; nutrients; light; hplc; nitrogen; nutrient; dinoflagellates; warming toxin; env_factor; dino_taxon; env_factor; biological_process; biological_process; env_factor; env_factor; env_factor; env_factor; detection_method; env_factor; env_factor; dino_taxon; env_factor
neosaxitoxin,TOXIN,secondary_metabolism,BIOLOGICAL_PROCESS,process_toxin_association,0.3762496096258274,149,3.7585012710908536,143,0.3846153846153846,89,15,saxitoxin; pyrodinium; temperature; dinoflagellate; salinity; toxicity; toxin_production; nitrate; bloom; light; hplc; nitrogen; nutrient; pyrodinium_bahamense; dinoflagellates,TOXIN; DINO_TAXON; ENV_FACTOR; DINO_TAXON; ENV_FACTOR; BIOLOGICAL_PROCESS; BIOLOGICAL_PROCESS; ENV_FACTOR; ENV_FACTOR; ENV_FACTOR; DETECTION_METHOD; ENV_FACTOR; ENV_FACTOR; DINO_TAXON; DINO_TAXON,dino_pre2016,unvalidated_candidate,1,neosaxitoxin|||secondary_metabolism,Not observed post-2015,"The relationship between neosaxitoxin and secondary metabolism was identified as a candidate missing link in the pre-2016 dinoflagellate knowledge graph. Historical graph connectivity includes bridge concepts such as saxitoxin, pyrodinium, temperature, dinoflagellate, salinity. This relationship should be interpreted as a literature-derived hypothesis rather than experimental evidence of a biological mechanism.",143,3.7585012710908536,Adamic–Adar,neosaxitoxin secondary_metabolism toxin biological_process process_toxin_association saxitoxin; pyrodinium; temperature; dinoflagellate; salinity; toxicity; toxin_production; nitrate; bloom; light; hplc; nitrogen; nutrient; pyrodinium_bahamense; dinoflagellates toxin; dino_taxon; env_factor; dino_taxon; env_factor; biological_process; biological_process; env_factor; env_factor; env_factor; detection_method; env_factor; env_factor; dino_taxon; dino_taxon
gene_expression,BIOLOGICAL_PROCESS,sxtb,SXT_GENE,gene_process_association,0.3611613627250801,177,3.712936488848883,144,0.4285714285714285,57,15,cyanobacterial; cyanobacteria; dinoflagellate; sxta; dinoflagellates; saxitoxin; paralytic_shellfish_toxins; transcriptome; evolution; toxin_production; sxtg; bloom; paralytic_shellfish_poisoning; nutrient; biosynthesis,CYANO_TAXON; CYANO_TAXON; DINO_TAXON; SXT_GENE; DINO_TAXON; TOXIN; TOXIN; BIOLOGICAL_PROCESS; BIOLOGICAL_PROCESS; BIOLOGICAL_PROCESS; SXT_GENE; ENV_FACTOR; TOXIN; ENV_FACTOR; BIOLOGICAL_PROCESS,dino_pre2016,unvalidated_candidate,1,gene_expression|||sxtb,Subsequently represented,"The relationship between gene expression and sxtb was identified as a candidate missing link in the pre-2016 dinoflagellate knowledge graph. Historical graph connectivity includes bridge concepts such as cyanobacterial, cyanobacteria, dinoflagellate, sxta, dinoflagellates. This relationship should be interpreted as a literature-derived hypothesis rather than experimental evidence of a biological mechanism.",144,3.712936488848883,Adamic–Adar,gene_expression sxtb biological_process sxt_gene gene_process_association cyanobacterial; cyanobacteria; dinoflagellate; sxta; dinoflagellates; saxitoxin; paralytic_shellfish_toxins; transcriptome; evolution; toxin_production; sxtg; bloom; paralytic_shellfish_poisoning; nutrient; biosynthesis cyano_taxon; cyano_taxon; dino_taxon; sxt_gene; dino_taxon; toxin; toxin; biological_process; biological_process; biological_process; sxt_gene; env_factor; toxin; env_factor; biological_process
regulation,BIOLOGICAL_PROCESS,sxtb,SXT_GENE,gene_process_association,0.2452882373154382,357,3.701427561992314,145,0.3125,178,15,cyanobacterial; cyanobacteria; dinoflagellate; sxta; dinoflagellates; saxitoxin; paralytic_shellfish_toxins; transcriptome; evolution; toxin_production; bloom; toxin_biosynthesis; paralytic_shellfish_poisoning; nutrient; biosynthesis,CYANO_TAXON; CYANO_TAXON; DINO_TAXON; SXT_GENE; DINO_TAXON; TOXIN; TOXIN; BIOLOGICAL_PROCESS; BIOLOGICAL_PROCESS; BIOLOGICAL_PROCESS; ENV_FACTOR; BIOLOGICAL_PROCESS; TOXIN; ENV_FACTOR; BIOLOGICAL_PROCESS,dino_pre2016,unvalidated_candidate,1,regulation|||sxtb,Not observed post-2015,"The relationship between regulation and sxtb was identified as a candidate missing link in the pre-2016 dinoflagellate knowledge graph. Historical graph connectivity includes bridge concepts such as cyanobacterial, cyanobacteria, dinoflagellate, sxta, dinoflagellates. This relationship should be interpreted as a literature-derived hypothesis rather than experimental evidence of a biological mechanism.",145,3.701427561992314,Adamic–Adar,regulation sxtb biological_process sxt_gene gene_process_association cyanobacterial; cyanobacteria; dinoflagellate; sxta; dinoflagellates; saxitoxin; paralytic_shellfish_toxins; transcriptome; evolution; toxin_production; bloom; toxin_biosynthesis; paralytic_shellfish_poisoning; nutrient; biosynthesis cyano_taxon; cyano_taxon; dino_taxon; sxt_gene; dino_taxon; toxin; toxin; biological_process; biological_process; biological_process; env_factor; biological_process; toxin; env_factor; biological_process
alexandrium_catenella,DINO_TAXON,sxtb,SXT_GENE,taxon_gene_association,0.3885741761385183,134,3.701427561992314,145,0.2884615384615384,203,15,cyanobacteria; dinoflagellate; sxta; dinoflagellates; saxitoxin; cyanobacterial; paralytic_shellfish_toxins; transcriptome; evolution; toxin_production; bloom; toxin_biosynthesis; paralytic_shellfish_poisoning; nutrient; biosynthesis,CYANO_TAXON; DINO_TAXON; SXT_GENE; DINO_TAXON; TOXIN; CYANO_TAXON; TOXIN; BIOLOGICAL_PROCESS; BIOLOGICAL_PROCESS; BIOLOGICAL_PROCESS; ENV_FACTOR; BIOLOGICAL_PROCESS; TOXIN; ENV_FACTOR; BIOLOGICAL_PROCESS,dino_pre2016,unvalidated_candidate,1,alexandrium_catenella|||sxtb,Subsequently represented,"The relationship between alexandrium catenella and sxtb was identified as a candidate missing link in the pre-2016 dinoflagellate knowledge graph. Historical graph connectivity includes bridge concepts such as cyanobacteria, dinoflagellate, sxta, dinoflagellates, saxitoxin. This relationship should be interpreted as a literature-derived hypothesis rather than experimental evidence of a biological mechanism.",145,3.701427561992314,Adamic–Adar,alexandrium_catenella sxtb dino_taxon sxt_gene taxon_gene_association cyanobacteria; dinoflagellate; sxta; dinoflagellates; saxitoxin; cyanobacterial; paralytic_shellfish_toxins; transcriptome; evolution; toxin_production; bloom; toxin_biosynthesis; paralytic_shellfish_poisoning; nutrient; biosynthesis cyano_taxon; dino_taxon; sxt_gene; dino_taxon; toxin; cyano_taxon; toxin; biological_process; biological_process; biological_process; env_factor; biological_process; toxin; env_factor; biological_process
evolution,BIOLOGICAL_PROCESS,sxtu,SXT_GENE,gene_process_association,0.2873646718360753,288,3.7010165709617584,147,0.3125,178,15,saxitoxin; cyanobacteria; cyanobacterial; paralytic_shellfish_toxins; dinoflagellate; sxt_genes; gymnodinium; saxitoxin_biosynthesis; dinoflagellates; paralytic_shellfish_poisoning; gymnodinium_catenatum; sxta; expression; phylogenetic; biosynthesis,TOXIN; CYANO_TAXON; CYANO_TAXON; TOXIN; DINO_TAXON; SXT_GENE; DINO_TAXON; BIOLOGICAL_PROCESS; DINO_TAXON; TOXIN; DINO_TAXON; SXT_GENE; BIOLOGICAL_PROCESS; BIOLOGICAL_PROCESS; BIOLOGICAL_PROCESS,dino_pre2016,unvalidated_candidate,1,evolution|||sxtu,Subsequently represented,"The relationship between evolution and sxtu was identified as a candidate missing link in the pre-2016 dinoflagellate knowledge graph. Historical graph connectivity includes bridge concepts such as saxitoxin, cyanobacteria, cyanobacterial, paralytic shellfish toxins, dinoflagellate. This relationship should be interpreted as a literature-derived hypothesis rather than experimental evidence of a biological mechanism.",147,3.7010165709617584,Adamic–Adar,evolution sxtu biological_process sxt_gene gene_process_association saxitoxin; cyanobacteria; cyanobacterial; paralytic_shellfish_toxins; dinoflagellate; sxt_genes; gymnodinium; saxitoxin_biosynthesis; dinoflagellates; paralytic_shellfish_poisoning; gymnodinium_catenatum; sxta; expression; phylogenetic; biosynthesis toxin; cyano_taxon; cyano_taxon; toxin; dino_taxon; sxt_gene; dino_taxon; biological_process; dino_taxon; toxin; dino_taxon; sxt_gene; biological_process; biological_process; biological_process
gtx,TOXIN,nitrogen_limitation,ENV_FACTOR,environment_toxin_association,0.3276912344200948,233,3.688487016000461,148,0.3658536585365853,103,15,alexandrium; dinoflagellate; nutrient; cyanobacteria; paralytic_shellfish_toxins; alexandrium_fundyense; toxicity; alexandrium_tamarense; bloom; toxin_biosynthesis; paralytic_shellfish_poisoning; nitrogen; phosphorus; dinoflagellates; biosynthesis,DINO_TAXON; DINO_TAXON; ENV_FACTOR; CYANO_TAXON; TOXIN; DINO_TAXON; BIOLOGICAL_PROCESS; DINO_TAXON; ENV_FACTOR; BIOLOGICAL_PROCESS; TOXIN; ENV_FACTOR; ENV_FACTOR; DINO_TAXON; BIOLOGICAL_PROCESS,dino_pre2016,unvalidated_candidate,1,gtx|||nitrogen_limitation,Not observed post-2015,"The relationship between gtx and nitrogen limitation was identified as a candidate missing link in the pre-2016 dinoflagellate knowledge graph. Historical graph connectivity includes bridge concepts such as alexandrium, dinoflagellate, nutrient, cyanobacteria, paralytic shellfish toxins. This relationship should be interpreted as a literature-derived hypothesis rather than experimental evidence of a biological mechanism.",148,3.688487016000461,Adamic–Adar,gtx nitrogen_limitation toxin env_factor environment_toxin_association alexandrium; dinoflagellate; nutrient; cyanobacteria; paralytic_shellfish_toxins; alexandrium_fundyense; toxicity; alexandrium_tamarense; bloom; toxin_biosynthesis; paralytic_shellfish_poisoning; nitrogen; phosphorus; dinoflagellates; biosynthesis dino_taxon; dino_taxon; env_factor; cyano_taxon; toxin; dino_taxon; biological_process; dino_taxon; env_factor; biological_process; toxin; env_factor; env_factor; dino_taxon; biological_process
phylogenetic,BIOLOGICAL_PROCESS,sxtb,SXT_GENE,gene_process_association,0.2588997011568659,334,3.686468771472731,149,0.3,188,15,cyanobacterial; cyanobacteria; dinoflagellate; sxta; dinoflagellates; saxitoxin; paralytic_shellfish_toxins; evolution; toxin_production; sxtg; bloom; toxin_biosynthesis; paralytic_shellfish_poisoning; nutrient; biosynthesis,CYANO_TAXON; CYANO_TAXON; DINO_TAXON; SXT_GENE; DINO_TAXON; TOXIN; TOXIN; BIOLOGICAL_PROCESS; BIOLOGICAL_PROCESS; SXT_GENE; ENV_FACTOR; BIOLOGICAL_PROCESS; TOXIN; ENV_FACTOR; BIOLOGICAL_PROCESS,dino_pre2016,unvalidated_candidate,1,phylogenetic|||sxtb,Subsequently represented,"The relationship between phylogenetic and sxtb was identified as a candidate missing link in the pre-2016 dinoflagellate knowledge graph. Historical graph connectivity includes bridge concepts such as cyanobacterial, cyanobacteria, dinoflagellate, sxta, dinoflagellates. This relationship should be interpreted as a literature-derived hypothesis rather than experimental evidence of a biological mechanism.",149,3.686468771472731,Adamic–Adar,phylogenetic sxtb biological_process sxt_gene gene_process_association cyanobacterial; cyanobacteria; dinoflagellate; sxta; dinoflagellates; saxitoxin; paralytic_shellfish_toxins; evolution; toxin_production; sxtg; bloom; toxin_biosynthesis; paralytic_shellfish_poisoning; nutrient; biosynthesis cyano_taxon; cyano_taxon; dino_taxon; sxt_gene; dino_taxon; toxin; toxin; biological_process; biological_process; sxt_gene; env_factor; biological_process; toxin; env_factor; biological_process
neosaxitoxin,TOXIN,resting_cyst,BIOLOGICAL_PROCESS,process_toxin_association,0.5320583743508104,38,3.6800766344215967,150,0.4054054054054054,72,15,dinoflagellate; saxitoxin; paralytic_shellfish_toxins; alexandrium; toxicity; mouse_bioassay; alexandrium_tamarense; gtx; bloom; gymnodinium; paralytic_shellfish_poisoning; hplc; gymnodinium_catenatum; phylogeny; biosynthesis,DINO_TAXON; TOXIN; TOXIN; DINO_TAXON; BIOLOGICAL_PROCESS; DETECTION_METHOD; DINO_TAXON; TOXIN; ENV_FACTOR; DINO_TAXON; TOXIN; DETECTION_METHOD; DINO_TAXON; BIOLOGICAL_PROCESS; BIOLOGICAL_PROCESS,dino_pre2016,unvalidated_candidate,1,neosaxitoxin|||resting_cyst,Not observed post-2015,"The relationship between neosaxitoxin and resting cyst was identified as a candidate missing link in the pre-2016 dinoflagellate knowledge graph. Historical graph connectivity includes bridge concepts such as dinoflagellate, saxitoxin, paralytic shellfish toxins, alexandrium, toxicity. This relationship should be interpreted as a literature-derived hypothesis rather than experimental evidence of a biological mechanism.",150,3.6800766344215967,Adamic–Adar,neosaxitoxin resting_cyst toxin biological_process process_toxin_association dinoflagellate; saxitoxin; paralytic_shellfish_toxins; alexandrium; toxicity; mouse_bioassay; alexandrium_tamarense; gtx; bloom; gymnodinium; paralytic_shellfish_poisoning; hplc; gymnodinium_catenatum; phylogeny; biosynthesis dino_taxon; toxin; toxin; dino_taxon; biological_process; detection_method; dino_taxon; toxin; env_factor; dino_taxon; toxin; detection_method; dino_taxon; biological_process; biological_process
neosaxitoxin,TOXIN,horizontal_gene_transfer,BIOLOGICAL_PROCESS,process_toxin_association,0.2612775107999077,332,3.650710945120877,151,0.3260869565217391,154,15,saxitoxin; dinoflagellates; paralytic_shellfish_poisoning; cyanobacteria; phylogenetic; paralytic_shellfish_toxins; alexandrium_fundyense; dinoflagellate; alexandrium; gymnodinium; alexandrium_minutum; nitrogen; gymnodinium_catenatum; phylogeny; biosynthesis,TOXIN; DINO_TAXON; TOXIN; CYANO_TAXON; BIOLOGICAL_PROCESS; TOXIN; DINO_TAXON; DINO_TAXON; DINO_TAXON; DINO_TAXON; DINO_TAXON; ENV_FACTOR; DINO_TAXON; BIOLOGICAL_PROCESS; BIOLOGICAL_PROCESS,dino_pre2016,unvalidated_candidate,1,horizontal_gene_transfer|||neosaxitoxin,Not observed post-2015,"The relationship between neosaxitoxin and horizontal gene transfer was identified as a candidate missing link in the pre-2016 dinoflagellate knowledge graph. Historical graph connectivity includes bridge concepts such as saxitoxin, dinoflagellates, paralytic shellfish poisoning, cyanobacteria, phylogenetic. This relationship should be interpreted as a literature-derived hypothesis rather than experimental evidence of a biological mechanism.",151,3.650710945120877,Adamic–Adar,neosaxitoxin horizontal_gene_transfer toxin biological_process process_toxin_association saxitoxin; dinoflagellates; paralytic_shellfish_poisoning; cyanobacteria; phylogenetic; paralytic_shellfish_toxins; alexandrium_fundyense; dinoflagellate; alexandrium; gymnodinium; alexandrium_minutum; nitrogen; gymnodinium_catenatum; phylogeny; biosynthesis toxin; dino_taxon; toxin; cyano_taxon; biological_process; toxin; dino_taxon; dino_taxon; dino_taxon; dino_taxon; dino_taxon; env_factor; dino_taxon; biological_process; biological_process
sxt_genes,SXT_GENE,transcription,BIOLOGICAL_PROCESS,gene_process_association,0.1976535236875086,413,3.6445733732464647,152,0.4411764705882353,45,15,alexandrium; saxitoxin; dinoflagellate; paralytic_shellfish_toxins; gymnodinium; paralytic_shellfish_poisoning; gymnodinium_catenatum; dinoflagellates; evolution; saxitoxin_biosynthesis; bloom; alexandrium_catenella; sxta; expression; biosynthesis,DINO_TAXON; TOXIN; DINO_TAXON; TOXIN; DINO_TAXON; TOXIN; DINO_TAXON; DINO_TAXON; BIOLOGICAL_PROCESS; BIOLOGICAL_PROCESS; ENV_FACTOR; DINO_TAXON; SXT_GENE; BIOLOGICAL_PROCESS; BIOLOGICAL_PROCESS,dino_pre2016,unvalidated_candidate,1,sxt_genes|||transcription,Not observed post-2015,"The relationship between sxt genes and transcription was identified as a candidate missing link in the pre-2016 dinoflagellate knowledge graph. Historical graph connectivity includes bridge concepts such as alexandrium, saxitoxin, dinoflagellate, paralytic shellfish toxins, gymnodinium. This relationship should be interpreted as a literature-derived hypothesis rather than experimental evidence of a biological mechanism.",152,3.6445733732464647,Adamic–Adar,sxt_genes transcription sxt_gene biological_process gene_process_association alexandrium; saxitoxin; dinoflagellate; paralytic_shellfish_toxins; gymnodinium; paralytic_shellfish_poisoning; gymnodinium_catenatum; dinoflagellates; evolution; saxitoxin_biosynthesis; bloom; alexandrium_catenella; sxta; expression; biosynthesis dino_taxon; toxin; dino_taxon; toxin; dino_taxon; toxin; dino_taxon; dino_taxon; biological_process; biological_process; env_factor; dino_taxon; sxt_gene; biological_process; biological_process
alexandrium_tamiyavanichii,DINO_TAXON,sxt_genes,SXT_GENE,taxon_gene_association,0.392644434115563,124,3.640528204737757,153,0.3947368421052631,81,15,alexandrium; dinoflagellate; saxitoxin; dinoflagellates; paralytic_shellfish_poisoning; cyanobacteria; paralytic_shellfish_toxins; pyrodinium; toxicity; saxitoxin_biosynthesis; alexandrium_catenella; light; sxta; pyrodinium_bahamense; biosynthesis,DINO_TAXON; DINO_TAXON; TOXIN; DINO_TAXON; TOXIN; CYANO_TAXON; TOXIN; DINO_TAXON; BIOLOGICAL_PROCESS; BIOLOGICAL_PROCESS; DINO_TAXON; ENV_FACTOR; SXT_GENE; DINO_TAXON; BIOLOGICAL_PROCESS,dino_pre2016,unvalidated_candidate,1,alexandrium_tamiyavanichii|||sxt_genes,Not observed post-2015,"The relationship between alexandrium tamiyavanichii and sxt genes was identified as a candidate missing link in the pre-2016 dinoflagellate knowledge graph. Historical graph connectivity includes bridge concepts such as alexandrium, dinoflagellate, saxitoxin, dinoflagellates, paralytic shellfish poisoning. This relationship should be interpreted as a literature-derived hypothesis rather than experimental evidence of a biological mechanism.",153,3.640528204737757,Adamic–Adar,alexandrium_tamiyavanichii sxt_genes dino_taxon sxt_gene taxon_gene_association alexandrium; dinoflagellate; saxitoxin; dinoflagellates; paralytic_shellfish_poisoning; cyanobacteria; paralytic_shellfish_toxins; pyrodinium; toxicity; saxitoxin_biosynthesis; alexandrium_catenella; light; sxta; pyrodinium_bahamense; biosynthesis dino_taxon; dino_taxon; toxin; dino_taxon; toxin; cyano_taxon; toxin; dino_taxon; biological_process; biological_process; dino_taxon; env_factor; sxt_gene; dino_taxon; biological_process
phosphate,ENV_FACTOR,sxt_genes,SXT_GENE,environment_gene_regulation,0.4004936242765541,118,3.627406974413927,154,0.3333333333333333,143,15,saxitoxin; alexandrium; dinoflagellate; saxitoxin_biosynthesis; biosynthesis; paralytic_shellfish_toxins; dinoflagellates; toxicity; alexandrium_tamarense; bloom; gymnodinium; toxin_biosynthesis; light; paralytic_shellfish_poisoning; gymnodinium_catenatum,TOXIN; DINO_TAXON; DINO_TAXON; BIOLOGICAL_PROCESS; BIOLOGICAL_PROCESS; TOXIN; DINO_TAXON; BIOLOGICAL_PROCESS; DINO_TAXON; ENV_FACTOR; DINO_TAXON; BIOLOGICAL_PROCESS; ENV_FACTOR; TOXIN; DINO_TAXON,dino_pre2016,unvalidated_candidate,1,phosphate|||sxt_genes,Not observed post-2015,"The relationship between phosphate and sxt genes was identified as a candidate missing link in the pre-2016 dinoflagellate knowledge graph. Historical graph connectivity includes bridge concepts such as saxitoxin, alexandrium, dinoflagellate, saxitoxin biosynthesis, biosynthesis. This relationship should be interpreted as a literature-derived hypothesis rather than experimental evidence of a biological mechanism.",154,3.627406974413927,Adamic–Adar,phosphate sxt_genes env_factor sxt_gene environment_gene_regulation saxitoxin; alexandrium; dinoflagellate; saxitoxin_biosynthesis; biosynthesis; paralytic_shellfish_toxins; dinoflagellates; toxicity; alexandrium_tamarense; bloom; gymnodinium; toxin_biosynthesis; light; paralytic_shellfish_poisoning; gymnodinium_catenatum toxin; dino_taxon; dino_taxon; biological_process; biological_process; toxin; dino_taxon; biological_process; dino_taxon; env_factor; dino_taxon; biological_process; env_factor; toxin; dino_taxon
anabaena,CYANO_TAXON,alexandrium_tamiyavanichii,DINO_TAXON,cross_taxa_association,0.3656499961712898,168,3.616884568988665,155,0.3409090909090909,140,15,alexandrium; dinoflagellate; hplc; saxitoxin; paralytic_shellfish_poisoning; dinoflagellates; cyanobacteria; paralytic_shellfish_toxins; pyrodinium; gonyautoxin; toxicity; saxitoxin_biosynthesis; alexandrium_minutum; sxta; biosynthesis,DINO_TAXON; DINO_TAXON; DETECTION_METHOD; TOXIN; TOXIN; DINO_TAXON; CYANO_TAXON; TOXIN; DINO_TAXON; TOXIN; BIOLOGICAL_PROCESS; BIOLOGICAL_PROCESS; DINO_TAXON; SXT_GENE; BIOLOGICAL_PROCESS,dino_pre2016,unvalidated_candidate,1,alexandrium_tamiyavanichii|||anabaena,Not observed post-2015,"The relationship between anabaena and alexandrium tamiyavanichii was identified as a candidate missing link in the pre-2016 dinoflagellate knowledge graph. Historical graph connectivity includes bridge concepts such as alexandrium, dinoflagellate, hplc, saxitoxin, paralytic shellfish poisoning. This relationship should be interpreted as a literature-derived hypothesis rather than experimental evidence of a biological mechanism.",155,3.616884568988665,Adamic–Adar,anabaena alexandrium_tamiyavanichii cyano_taxon dino_taxon cross_taxa_association alexandrium; dinoflagellate; hplc; saxitoxin; paralytic_shellfish_poisoning; dinoflagellates; cyanobacteria; paralytic_shellfish_toxins; pyrodinium; gonyautoxin; toxicity; saxitoxin_biosynthesis; alexandrium_minutum; sxta; biosynthesis dino_taxon; dino_taxon; detection_method; toxin; toxin; dino_taxon; cyano_taxon; toxin; dino_taxon; toxin; biological_process; biological_process; dino_taxon; sxt_gene; biological_process
sxta,SXT_GENE,planktothrix,CYANO_TAXON,cyano_gene_transfer_signal,0.3608052398151836,179,3.5957945635327944,156,0.2372881355932203,257,14,saxitoxin; cyanobacterial; cyanobacteria; aphanizomenon; paralytic_shellfish_toxins; pyrodinium; alexandrium; cylindrospermopsis; toxicity; gymnodinium; dinoflagellates; anabaena; paralytic_shellfish_poisoning; lyngbya,TOXIN; CYANO_TAXON; CYANO_TAXON; CYANO_TAXON; TOXIN; DINO_TAXON; DINO_TAXON; CYANO_TAXON; BIOLOGICAL_PROCESS; DINO_TAXON; DINO_TAXON; CYANO_TAXON; TOXIN; CYANO_TAXON,dino_pre2016,unvalidated_candidate,1,planktothrix|||sxta,Not observed post-2015,"The relationship between sxta and planktothrix was identified as a candidate missing link in the pre-2016 dinoflagellate knowledge graph. Historical graph connectivity includes bridge concepts such as saxitoxin, cyanobacterial, cyanobacteria, aphanizomenon, paralytic shellfish toxins. This relationship should be interpreted as a literature-derived hypothesis rather than experimental evidence of a biological mechanism.",156,3.5957945635327944,Adamic–Adar,sxta planktothrix sxt_gene cyano_taxon cyano_gene_transfer_signal saxitoxin; cyanobacterial; cyanobacteria; aphanizomenon; paralytic_shellfish_toxins; pyrodinium; alexandrium; cylindrospermopsis; toxicity; gymnodinium; dinoflagellates; anabaena; paralytic_shellfish_poisoning; lyngbya toxin; cyano_taxon; cyano_taxon; cyano_taxon; toxin; dino_taxon; dino_taxon; cyano_taxon; biological_process; dino_taxon; dino_taxon; cyano_taxon; toxin; cyano_taxon
sxt_genes,SXT_GENE,warming,ENV_FACTOR,environment_gene_regulation,0.3477089857696833,197,3.528434659822452,157,0.3111111111111111,181,14,saxitoxin; dinoflagellate; alexandrium; transcriptome; pyrodinium; toxicity; bloom; light; paralytic_shellfish_poisoning; gene_duplication; expression; pyrodinium_bahamense; dinoflagellates; biosynthesis,TOXIN; DINO_TAXON; DINO_TAXON; BIOLOGICAL_PROCESS; DINO_TAXON; BIOLOGICAL_PROCESS; ENV_FACTOR; ENV_FACTOR; TOXIN; BIOLOGICAL_PROCESS; BIOLOGICAL_PROCESS; DINO_TAXON; DINO_TAXON; BIOLOGICAL_PROCESS,dino_pre2016,unvalidated_candidate,1,sxt_genes|||warming,Not observed post-2015,"The relationship between sxt genes and warming was identified as a candidate missing link in the pre-2016 dinoflagellate knowledge graph. Historical graph connectivity includes bridge concepts such as saxitoxin, dinoflagellate, alexandrium, transcriptome, pyrodinium. This relationship should be interpreted as a literature-derived hypothesis rather than experimental evidence of a biological mechanism.",157,3.528434659822452,Adamic–Adar,sxt_genes warming sxt_gene env_factor environment_gene_regulation saxitoxin; dinoflagellate; alexandrium; transcriptome; pyrodinium; toxicity; bloom; light; paralytic_shellfish_poisoning; gene_duplication; expression; pyrodinium_bahamense; dinoflagellates; biosynthesis toxin; dino_taxon; dino_taxon; biological_process; dino_taxon; biological_process; env_factor; env_factor; toxin; biological_process; biological_process; dino_taxon; dino_taxon; biological_process
gonyautoxin,TOXIN,gene_duplication,BIOLOGICAL_PROCESS,process_toxin_association,0.2738736646144116,309,3.524348567488966,158,0.25,238,14,alexandrium; dinoflagellate; biosynthesis; saxitoxin; pyrodinium; gymnodinium; sxtg; warming; gymnodinium_catenatum; sxta; expression; phylogeny; pyrodinium_bahamense; dinoflagellates,DINO_TAXON; DINO_TAXON; BIOLOGICAL_PROCESS; TOXIN; DINO_TAXON; DINO_TAXON; SXT_GENE; ENV_FACTOR; DINO_TAXON; SXT_GENE; BIOLOGICAL_PROCESS; BIOLOGICAL_PROCESS; DINO_TAXON; DINO_TAXON,dino_pre2016,unvalidated_candidate,1,gene_duplication|||gonyautoxin,Not observed post-2015,"The relationship between gonyautoxin and gene duplication was identified as a candidate missing link in the pre-2016 dinoflagellate knowledge graph. Historical graph connectivity includes bridge concepts such as alexandrium, dinoflagellate, biosynthesis, saxitoxin, pyrodinium. This relationship should be interpreted as a literature-derived hypothesis rather than experimental evidence of a biological mechanism.",158,3.524348567488966,Adamic–Adar,gonyautoxin gene_duplication toxin biological_process process_toxin_association alexandrium; dinoflagellate; biosynthesis; saxitoxin; pyrodinium; gymnodinium; sxtg; warming; gymnodinium_catenatum; sxta; expression; phylogeny; pyrodinium_bahamense; dinoflagellates dino_taxon; dino_taxon; biological_process; toxin; dino_taxon; dino_taxon; sxt_gene; env_factor; dino_taxon; sxt_gene; biological_process; biological_process; dino_taxon; dino_taxon
gtx,TOXIN,environmental_stress,ENV_FACTOR,environment_toxin_association,0.6852815340265362,7,3.494294007081696,159,0.358974358974359,114,14,saxitoxin; gonyautoxin; dinoflagellate; salinity; toxicity; alexandrium; alexandrium_tamarense; toxin_production; neosaxitoxin; nitrate; light; paralytic_shellfish_poisoning; hplc; nitrogen,TOXIN; TOXIN; DINO_TAXON; ENV_FACTOR; BIOLOGICAL_PROCESS; DINO_TAXON; DINO_TAXON; BIOLOGICAL_PROCESS; TOXIN; ENV_FACTOR; ENV_FACTOR; TOXIN; DETECTION_METHOD; ENV_FACTOR,dino_pre2016,unvalidated_candidate,1,environmental_stress|||gtx,Not observed post-2015,"The relationship between gtx and environmental stress was identified as a candidate missing link in the pre-2016 dinoflagellate knowledge graph. Historical graph connectivity includes bridge concepts such as saxitoxin, gonyautoxin, dinoflagellate, salinity, toxicity. This relationship should be interpreted as a literature-derived hypothesis rather than experimental evidence of a biological mechanism.",159,3.494294007081696,Adamic–Adar,gtx environmental_stress toxin env_factor environment_toxin_association saxitoxin; gonyautoxin; dinoflagellate; salinity; toxicity; alexandrium; alexandrium_tamarense; toxin_production; neosaxitoxin; nitrate; light; paralytic_shellfish_poisoning; hplc; nitrogen toxin; toxin; dino_taxon; env_factor; biological_process; dino_taxon; dino_taxon; biological_process; toxin; env_factor; env_factor; toxin; detection_method; env_factor
paralytic_shellfish_toxins,TOXIN,environmental_stress,ENV_FACTOR,environment_toxin_association,0.5045365079309462,49,3.494294007081696,159,0.1944444444444444,322,14,saxitoxin; gonyautoxin; dinoflagellate; salinity; toxicity; alexandrium; alexandrium_tamarense; toxin_production; neosaxitoxin; nitrate; light; paralytic_shellfish_poisoning; hplc; nitrogen,TOXIN; TOXIN; DINO_TAXON; ENV_FACTOR; BIOLOGICAL_PROCESS; DINO_TAXON; DINO_TAXON; BIOLOGICAL_PROCESS; TOXIN; ENV_FACTOR; ENV_FACTOR; TOXIN; DETECTION_METHOD; ENV_FACTOR,dino_pre2016,unvalidated_candidate,1,environmental_stress|||paralytic_shellfish_toxins,Not observed post-2015,"The relationship between paralytic shellfish toxins and environmental stress was identified as a candidate missing link in the pre-2016 dinoflagellate knowledge graph. Historical graph connectivity includes bridge concepts such as saxitoxin, gonyautoxin, dinoflagellate, salinity, toxicity. This relationship should be interpreted as a literature-derived hypothesis rather than experimental evidence of a biological mechanism.",159,3.494294007081696,Adamic–Adar,paralytic_shellfish_toxins environmental_stress toxin env_factor environment_toxin_association saxitoxin; gonyautoxin; dinoflagellate; salinity; toxicity; alexandrium; alexandrium_tamarense; toxin_production; neosaxitoxin; nitrate; light; paralytic_shellfish_poisoning; hplc; nitrogen toxin; toxin; dino_taxon; env_factor; biological_process; dino_taxon; dino_taxon; biological_process; toxin; env_factor; env_factor; toxin; detection_method; env_factor
aphanizomenon,CYANO_TAXON,sxtu,SXT_GENE,cyano_gene_transfer_signal,0.3714649395930831,159,3.4850268739609187,161,0.4242424242424242,61,14,saxitoxin; cyanobacteria; cyanobacterial; paralytic_shellfish_toxins; dinoflagellate; cylindrospermopsis; mass_spectrometry; gymnodinium; dinoflagellates; cyanobacterium; paralytic_shellfish_poisoning; sxta; phylogenetic; biosynthesis,TOXIN; CYANO_TAXON; CYANO_TAXON; TOXIN; DINO_TAXON; CYANO_TAXON; DETECTION_METHOD; DINO_TAXON; DINO_TAXON; CYANO_TAXON; TOXIN; SXT_GENE; BIOLOGICAL_PROCESS; BIOLOGICAL_PROCESS,dino_pre2016,unvalidated_candidate,1,aphanizomenon|||sxtu,Not observed post-2015,"The relationship between aphanizomenon and sxtu was identified as a candidate missing link in the pre-2016 dinoflagellate knowledge graph. Historical graph connectivity includes bridge concepts such as saxitoxin, cyanobacteria, cyanobacterial, paralytic shellfish toxins, dinoflagellate. This relationship should be interpreted as a literature-derived hypothesis rather than experimental evidence of a biological mechanism.",161,3.4850268739609187,Adamic–Adar,aphanizomenon sxtu cyano_taxon sxt_gene cyano_gene_transfer_signal saxitoxin; cyanobacteria; cyanobacterial; paralytic_shellfish_toxins; dinoflagellate; cylindrospermopsis; mass_spectrometry; gymnodinium; dinoflagellates; cyanobacterium; paralytic_shellfish_poisoning; sxta; phylogenetic; biosynthesis toxin; cyano_taxon; cyano_taxon; toxin; dino_taxon; cyano_taxon; detection_method; dino_taxon; dino_taxon; cyano_taxon; toxin; sxt_gene; biological_process; biological_process
toxin_biosynthesis,BIOLOGICAL_PROCESS,sxtu,SXT_GENE,gene_process_association,0.3455227901138439,202,3.47892613990608,162,0.2857142857142857,205,14,saxitoxin; cyanobacteria; cyanobacterial; paralytic_shellfish_toxins; dinoflagellate; sxt_genes; mass_spectrometry; saxitoxin_biosynthesis; dinoflagellates; paralytic_shellfish_poisoning; sxta; expression; phylogenetic; biosynthesis,TOXIN; CYANO_TAXON; CYANO_TAXON; TOXIN; DINO_TAXON; SXT_GENE; DETECTION_METHOD; BIOLOGICAL_PROCESS; DINO_TAXON; TOXIN; SXT_GENE; BIOLOGICAL_PROCESS; BIOLOGICAL_PROCESS; BIOLOGICAL_PROCESS,dino_pre2016,unvalidated_candidate,1,sxtu|||toxin_biosynthesis,Subsequently represented,"The relationship between toxin biosynthesis and sxtu was identified as a candidate missing link in the pre-2016 dinoflagellate knowledge graph. Historical graph connectivity includes bridge concepts such as saxitoxin, cyanobacteria, cyanobacterial, paralytic shellfish toxins, dinoflagellate. This relationship should be interpreted as a literature-derived hypothesis rather than experimental evidence of a biological mechanism.",162,3.47892613990608,Adamic–Adar,toxin_biosynthesis sxtu biological_process sxt_gene gene_process_association saxitoxin; cyanobacteria; cyanobacterial; paralytic_shellfish_toxins; dinoflagellate; sxt_genes; mass_spectrometry; saxitoxin_biosynthesis; dinoflagellates; paralytic_shellfish_poisoning; sxta; expression; phylogenetic; biosynthesis toxin; cyano_taxon; cyano_taxon; toxin; dino_taxon; sxt_gene; detection_method; biological_process; dino_taxon; toxin; sxt_gene; biological_process; biological_process; biological_process
sxta,SXT_GENE,secondary_metabolism,BIOLOGICAL_PROCESS,gene_process_association,0.2508047506971057,346,3.4678450565037267,163,0.2222222222222222,277,14,saxitoxin; pyrodinium; temperature; dinoflagellate; toxicity; toxin_production; bloom; light; hplc; nitrogen; nutrient; regulation; pyrodinium_bahamense; dinoflagellates,TOXIN; DINO_TAXON; ENV_FACTOR; DINO_TAXON; BIOLOGICAL_PROCESS; BIOLOGICAL_PROCESS; ENV_FACTOR; ENV_FACTOR; DETECTION_METHOD; ENV_FACTOR; ENV_FACTOR; BIOLOGICAL_PROCESS; DINO_TAXON; DINO_TAXON,dino_pre2016,unvalidated_candidate,1,secondary_metabolism|||sxta,Not observed post-2015,"The relationship between sxta and secondary metabolism was identified as a candidate missing link in the pre-2016 dinoflagellate knowledge graph. Historical graph connectivity includes bridge concepts such as saxitoxin, pyrodinium, temperature, dinoflagellate, toxicity. This relationship should be interpreted as a literature-derived hypothesis rather than experimental evidence of a biological mechanism.",163,3.4678450565037267,Adamic–Adar,sxta secondary_metabolism sxt_gene biological_process gene_process_association saxitoxin; pyrodinium; temperature; dinoflagellate; toxicity; toxin_production; bloom; light; hplc; nitrogen; nutrient; regulation; pyrodinium_bahamense; dinoflagellates toxin; dino_taxon; env_factor; dino_taxon; biological_process; biological_process; env_factor; env_factor; detection_method; env_factor; env_factor; biological_process; dino_taxon; dino_taxon
evolution,BIOLOGICAL_PROCESS,sxti,SXT_GENE,gene_process_association,0.7427766995124923,4,3.451457596361987,164,0.3333333333333333,143,14,saxitoxin; cyanobacterial; cyanobacteria; pyrodinium; dinoflagellate; alexandrium; saxitoxin_biosynthesis; paralytic_shellfish_poisoning; sxta; phylogeny; phylogenetic; pyrodinium_bahamense; dinoflagellates; biosynthesis,TOXIN; CYANO_TAXON; CYANO_TAXON; DINO_TAXON; DINO_TAXON; DINO_TAXON; BIOLOGICAL_PROCESS; TOXIN; SXT_GENE; BIOLOGICAL_PROCESS; BIOLOGICAL_PROCESS; DINO_TAXON; DINO_TAXON; BIOLOGICAL_PROCESS,dino_pre2016,unvalidated_candidate,1,evolution|||sxti,Subsequently represented,"The relationship between evolution and sxti was identified as a candidate missing link in the pre-2016 dinoflagellate knowledge graph. Historical graph connectivity includes bridge concepts such as saxitoxin, cyanobacterial, cyanobacteria, pyrodinium, dinoflagellate. This relationship should be interpreted as a literature-derived hypothesis rather than experimental evidence of a biological mechanism.",164,3.451457596361987,Adamic–Adar,evolution sxti biological_process sxt_gene gene_process_association saxitoxin; cyanobacterial; cyanobacteria; pyrodinium; dinoflagellate; alexandrium; saxitoxin_biosynthesis; paralytic_shellfish_poisoning; sxta; phylogeny; phylogenetic; pyrodinium_bahamense; dinoflagellates; biosynthesis toxin; cyano_taxon; cyano_taxon; dino_taxon; dino_taxon; dino_taxon; biological_process; toxin; sxt_gene; biological_process; biological_process; dino_taxon; dino_taxon; biological_process
gymnodinium_catenatum,DINO_TAXON,sxti,SXT_GENE,taxon_gene_association,0.3777655450536863,146,3.451457596361987,164,0.2456140350877192,248,14,saxitoxin; cyanobacterial; cyanobacteria; pyrodinium; dinoflagellate; alexandrium; saxitoxin_biosynthesis; paralytic_shellfish_poisoning; sxta; phylogeny; phylogenetic; pyrodinium_bahamense; dinoflagellates; biosynthesis,TOXIN; CYANO_TAXON; CYANO_TAXON; DINO_TAXON; DINO_TAXON; DINO_TAXON; BIOLOGICAL_PROCESS; TOXIN; SXT_GENE; BIOLOGICAL_PROCESS; BIOLOGICAL_PROCESS; DINO_TAXON; DINO_TAXON; BIOLOGICAL_PROCESS,dino_pre2016,unvalidated_candidate,1,gymnodinium_catenatum|||sxti,Subsequently represented,"The relationship between gymnodinium catenatum and sxti was identified as a candidate missing link in the pre-2016 dinoflagellate knowledge graph. Historical graph connectivity includes bridge concepts such as saxitoxin, cyanobacterial, cyanobacteria, pyrodinium, dinoflagellate. This relationship should be interpreted as a literature-derived hypothesis rather than experimental evidence of a biological mechanism.",164,3.451457596361987,Adamic–Adar,gymnodinium_catenatum sxti dino_taxon sxt_gene taxon_gene_association saxitoxin; cyanobacterial; cyanobacteria; pyrodinium; dinoflagellate; alexandrium; saxitoxin_biosynthesis; paralytic_shellfish_poisoning; sxta; phylogeny; phylogenetic; pyrodinium_bahamense; dinoflagellates; biosynthesis toxin; cyano_taxon; cyano_taxon; dino_taxon; dino_taxon; dino_taxon; biological_process; toxin; sxt_gene; biological_process; biological_process; dino_taxon; dino_taxon; biological_process
toxin_production,BIOLOGICAL_PROCESS,sxti,SXT_GENE,gene_process_association,0.3307490530476211,229,3.451457596361987,164,0.2372881355932203,257,14,saxitoxin; cyanobacterial; cyanobacteria; pyrodinium; dinoflagellate; alexandrium; saxitoxin_biosynthesis; paralytic_shellfish_poisoning; sxta; phylogeny; phylogenetic; pyrodinium_bahamense; dinoflagellates; biosynthesis,TOXIN; CYANO_TAXON; CYANO_TAXON; DINO_TAXON; DINO_TAXON; DINO_TAXON; BIOLOGICAL_PROCESS; TOXIN; SXT_GENE; BIOLOGICAL_PROCESS; BIOLOGICAL_PROCESS; DINO_TAXON; DINO_TAXON; BIOLOGICAL_PROCESS,dino_pre2016,unvalidated_candidate,1,sxti|||toxin_production,Subsequently represented,"The relationship between toxin production and sxti was identified as a candidate missing link in the pre-2016 dinoflagellate knowledge graph. Historical graph connectivity includes bridge concepts such as saxitoxin, cyanobacterial, cyanobacteria, pyrodinium, dinoflagellate. This relationship should be interpreted as a literature-derived hypothesis rather than experimental evidence of a biological mechanism.",164,3.451457596361987,Adamic–Adar,toxin_production sxti biological_process sxt_gene gene_process_association saxitoxin; cyanobacterial; cyanobacteria; pyrodinium; dinoflagellate; alexandrium; saxitoxin_biosynthesis; paralytic_shellfish_poisoning; sxta; phylogeny; phylogenetic; pyrodinium_bahamense; dinoflagellates; biosynthesis toxin; cyano_taxon; cyano_taxon; dino_taxon; dino_taxon; dino_taxon; biological_process; toxin; sxt_gene; biological_process; biological_process; dino_taxon; dino_taxon; biological_process
gymnodinium,DINO_TAXON,sxti,SXT_GENE,taxon_gene_association,0.4286957762434901,95,3.451457596361987,164,0.2258064516129032,273,14,saxitoxin; cyanobacterial; cyanobacteria; pyrodinium; dinoflagellate; alexandrium; saxitoxin_biosynthesis; paralytic_shellfish_poisoning; sxta; phylogeny; phylogenetic; pyrodinium_bahamense; dinoflagellates; biosynthesis,TOXIN; CYANO_TAXON; CYANO_TAXON; DINO_TAXON; DINO_TAXON; DINO_TAXON; BIOLOGICAL_PROCESS; TOXIN; SXT_GENE; BIOLOGICAL_PROCESS; BIOLOGICAL_PROCESS; DINO_TAXON; DINO_TAXON; BIOLOGICAL_PROCESS,dino_pre2016,unvalidated_candidate,1,gymnodinium|||sxti,Subsequently represented,"The relationship between gymnodinium and sxti was identified as a candidate missing link in the pre-2016 dinoflagellate knowledge graph. Historical graph connectivity includes bridge concepts such as saxitoxin, cyanobacterial, cyanobacteria, pyrodinium, dinoflagellate. This relationship should be interpreted as a literature-derived hypothesis rather than experimental evidence of a biological mechanism.",164,3.451457596361987,Adamic–Adar,gymnodinium sxti dino_taxon sxt_gene taxon_gene_association saxitoxin; cyanobacterial; cyanobacteria; pyrodinium; dinoflagellate; alexandrium; saxitoxin_biosynthesis; paralytic_shellfish_poisoning; sxta; phylogeny; phylogenetic; pyrodinium_bahamense; dinoflagellates; biosynthesis toxin; cyano_taxon; cyano_taxon; dino_taxon; dino_taxon; dino_taxon; biological_process; toxin; sxt_gene; biological_process; biological_process; dino_taxon; dino_taxon; biological_process
toxicity,BIOLOGICAL_PROCESS,sxti,SXT_GENE,gene_process_association,0.3668471785633858,166,3.451457596361987,164,0.2058823529411764,303,14,saxitoxin; cyanobacterial; cyanobacteria; pyrodinium; dinoflagellate; alexandrium; saxitoxin_biosynthesis; paralytic_shellfish_poisoning; sxta; phylogeny; phylogenetic; pyrodinium_bahamense; dinoflagellates; biosynthesis,TOXIN; CYANO_TAXON; CYANO_TAXON; DINO_TAXON; DINO_TAXON; DINO_TAXON; BIOLOGICAL_PROCESS; TOXIN; SXT_GENE; BIOLOGICAL_PROCESS; BIOLOGICAL_PROCESS; DINO_TAXON; DINO_TAXON; BIOLOGICAL_PROCESS,dino_pre2016,unvalidated_candidate,1,sxti|||toxicity,Subsequently represented,"The relationship between toxicity and sxti was identified as a candidate missing link in the pre-2016 dinoflagellate knowledge graph. Historical graph connectivity includes bridge concepts such as saxitoxin, cyanobacterial, cyanobacteria, pyrodinium, dinoflagellate. This relationship should be interpreted as a literature-derived hypothesis rather than experimental evidence of a biological mechanism.",164,3.451457596361987,Adamic–Adar,toxicity sxti biological_process sxt_gene gene_process_association saxitoxin; cyanobacterial; cyanobacteria; pyrodinium; dinoflagellate; alexandrium; saxitoxin_biosynthesis; paralytic_shellfish_poisoning; sxta; phylogeny; phylogenetic; pyrodinium_bahamense; dinoflagellates; biosynthesis toxin; cyano_taxon; cyano_taxon; dino_taxon; dino_taxon; dino_taxon; biological_process; toxin; sxt_gene; biological_process; biological_process; dino_taxon; dino_taxon; biological_process
gymnodinium,DINO_TAXON,sxtd,SXT_GENE,taxon_gene_association,0.3250887626182649,239,3.444624545729917,169,0.2096774193548387,295,13,saxitoxin; cyanobacteria; paralytic_shellfish_toxins; mass_spectrometry; dinoflagellates; cyanobacterium; lc_ms; paralytic_shellfish_poisoning; sxta; expression; sxtu; lc_ms_ms; cylindrospermopsis,TOXIN; CYANO_TAXON; TOXIN; DETECTION_METHOD; DINO_TAXON; CYANO_TAXON; DETECTION_METHOD; TOXIN; SXT_GENE; BIOLOGICAL_PROCESS; SXT_GENE; DETECTION_METHOD; CYANO_TAXON,dino_pre2016,unvalidated_candidate,1,gymnodinium|||sxtd,Not observed post-2015,"The relationship between gymnodinium and sxtd was identified as a candidate missing link in the pre-2016 dinoflagellate knowledge graph. Historical graph connectivity includes bridge concepts such as saxitoxin, cyanobacteria, paralytic shellfish toxins, mass spectrometry, dinoflagellates. This relationship should be interpreted as a literature-derived hypothesis rather than experimental evidence of a biological mechanism.",169,3.444624545729917,Adamic–Adar,gymnodinium sxtd dino_taxon sxt_gene taxon_gene_association saxitoxin; cyanobacteria; paralytic_shellfish_toxins; mass_spectrometry; dinoflagellates; cyanobacterium; lc_ms; paralytic_shellfish_poisoning; sxta; expression; sxtu; lc_ms_ms; cylindrospermopsis toxin; cyano_taxon; toxin; detection_method; dino_taxon; cyano_taxon; detection_method; toxin; sxt_gene; biological_process; sxt_gene; detection_method; cyano_taxon
dinoflagellate,DINO_TAXON,sxtd,SXT_GENE,taxon_gene_association,0.3574138556147332,183,3.444624545729917,169,0.1710526315789473,356,13,saxitoxin; cyanobacteria; paralytic_shellfish_toxins; mass_spectrometry; dinoflagellates; cyanobacterium; lc_ms; paralytic_shellfish_poisoning; sxta; expression; sxtu; lc_ms_ms; cylindrospermopsis,TOXIN; CYANO_TAXON; TOXIN; DETECTION_METHOD; DINO_TAXON; CYANO_TAXON; DETECTION_METHOD; TOXIN; SXT_GENE; BIOLOGICAL_PROCESS; SXT_GENE; DETECTION_METHOD; CYANO_TAXON,dino_pre2016,unvalidated_candidate,1,dinoflagellate|||sxtd,Subsequently represented,"The relationship between dinoflagellate and sxtd was identified as a candidate missing link in the pre-2016 dinoflagellate knowledge graph. Historical graph connectivity includes bridge concepts such as saxitoxin, cyanobacteria, paralytic shellfish toxins, mass spectrometry, dinoflagellates. This relationship should be interpreted as a literature-derived hypothesis rather than experimental evidence of a biological mechanism.",169,3.444624545729917,Adamic–Adar,dinoflagellate sxtd dino_taxon sxt_gene taxon_gene_association saxitoxin; cyanobacteria; paralytic_shellfish_toxins; mass_spectrometry; dinoflagellates; cyanobacterium; lc_ms; paralytic_shellfish_poisoning; sxta; expression; sxtu; lc_ms_ms; cylindrospermopsis toxin; cyano_taxon; toxin; detection_method; dino_taxon; cyano_taxon; detection_method; toxin; sxt_gene; biological_process; sxt_gene; detection_method; cyano_taxon
horizontal_gene_transfer,BIOLOGICAL_PROCESS,sxtu,SXT_GENE,gene_process_association,0.3374804687802247,221,3.4426988041544297,171,0.4375,48,14,saxitoxin; cyanobacteria; cyanobacterial; paralytic_shellfish_toxins; dinoflagellate; sxt_genes; gymnodinium; saxitoxin_biosynthesis; dinoflagellates; paralytic_shellfish_poisoning; gymnodinium_catenatum; sxta; phylogenetic; biosynthesis,TOXIN; CYANO_TAXON; CYANO_TAXON; TOXIN; DINO_TAXON; SXT_GENE; DINO_TAXON; BIOLOGICAL_PROCESS; DINO_TAXON; TOXIN; DINO_TAXON; SXT_GENE; BIOLOGICAL_PROCESS; BIOLOGICAL_PROCESS,dino_pre2016,unvalidated_candidate,1,horizontal_gene_transfer|||sxtu,Subsequently represented,"The relationship between horizontal gene transfer and sxtu was identified as a candidate missing link in the pre-2016 dinoflagellate knowledge graph. Historical graph connectivity includes bridge concepts such as saxitoxin, cyanobacteria, cyanobacterial, paralytic shellfish toxins, dinoflagellate. This relationship should be interpreted as a literature-derived hypothesis rather than experimental evidence of a biological mechanism.",171,3.4426988041544297,Adamic–Adar,horizontal_gene_transfer sxtu biological_process sxt_gene gene_process_association saxitoxin; cyanobacteria; cyanobacterial; paralytic_shellfish_toxins; dinoflagellate; sxt_genes; gymnodinium; saxitoxin_biosynthesis; dinoflagellates; paralytic_shellfish_poisoning; gymnodinium_catenatum; sxta; phylogenetic; biosynthesis toxin; cyano_taxon; cyano_taxon; toxin; dino_taxon; sxt_gene; dino_taxon; biological_process; dino_taxon; toxin; dino_taxon; sxt_gene; biological_process; biological_process
phylogeny,BIOLOGICAL_PROCESS,sxtu,SXT_GENE,gene_process_association,0.3410583607349177,218,3.4426988041544297,171,0.3255813953488372,155,14,saxitoxin; cyanobacteria; cyanobacterial; paralytic_shellfish_toxins; dinoflagellate; sxt_genes; gymnodinium; saxitoxin_biosynthesis; dinoflagellates; paralytic_shellfish_poisoning; gymnodinium_catenatum; sxta; phylogenetic; biosynthesis,TOXIN; CYANO_TAXON; CYANO_TAXON; TOXIN; DINO_TAXON; SXT_GENE; DINO_TAXON; BIOLOGICAL_PROCESS; DINO_TAXON; TOXIN; DINO_TAXON; SXT_GENE; BIOLOGICAL_PROCESS; BIOLOGICAL_PROCESS,dino_pre2016,unvalidated_candidate,1,phylogeny|||sxtu,Subsequently represented,"The relationship between phylogeny and sxtu was identified as a candidate missing link in the pre-2016 dinoflagellate knowledge graph. Historical graph connectivity includes bridge concepts such as saxitoxin, cyanobacteria, cyanobacterial, paralytic shellfish toxins, dinoflagellate. This relationship should be interpreted as a literature-derived hypothesis rather than experimental evidence of a biological mechanism.",171,3.4426988041544297,Adamic–Adar,phylogeny sxtu biological_process sxt_gene gene_process_association saxitoxin; cyanobacteria; cyanobacterial; paralytic_shellfish_toxins; dinoflagellate; sxt_genes; gymnodinium; saxitoxin_biosynthesis; dinoflagellates; paralytic_shellfish_poisoning; gymnodinium_catenatum; sxta; phylogenetic; biosynthesis toxin; cyano_taxon; cyano_taxon; toxin; dino_taxon; sxt_gene; dino_taxon; biological_process; dino_taxon; toxin; dino_taxon; sxt_gene; biological_process; biological_process
light,ENV_FACTOR,sxtb,SXT_GENE,environment_gene_regulation,0.3526433668562994,191,3.4338811755732594,173,0.2592592592592592,231,14,cyanobacteria; dinoflagellate; sxta; dinoflagellates; saxitoxin; cyanobacterial; paralytic_shellfish_toxins; transcriptome; toxin_production; bloom; toxin_biosynthesis; paralytic_shellfish_poisoning; nutrient; biosynthesis,CYANO_TAXON; DINO_TAXON; SXT_GENE; DINO_TAXON; TOXIN; CYANO_TAXON; TOXIN; BIOLOGICAL_PROCESS; BIOLOGICAL_PROCESS; ENV_FACTOR; BIOLOGICAL_PROCESS; TOXIN; ENV_FACTOR; BIOLOGICAL_PROCESS,dino_pre2016,unvalidated_candidate,1,light|||sxtb,Not observed post-2015,"The relationship between light and sxtb was identified as a candidate missing link in the pre-2016 dinoflagellate knowledge graph. Historical graph connectivity includes bridge concepts such as cyanobacteria, dinoflagellate, sxta, dinoflagellates, saxitoxin. This relationship should be interpreted as a literature-derived hypothesis rather than experimental evidence of a biological mechanism.",173,3.4338811755732594,Adamic–Adar,light sxtb env_factor sxt_gene environment_gene_regulation cyanobacteria; dinoflagellate; sxta; dinoflagellates; saxitoxin; cyanobacterial; paralytic_shellfish_toxins; transcriptome; toxin_production; bloom; toxin_biosynthesis; paralytic_shellfish_poisoning; nutrient; biosynthesis cyano_taxon; dino_taxon; sxt_gene; dino_taxon; toxin; cyano_taxon; toxin; biological_process; biological_process; env_factor; biological_process; toxin; env_factor; biological_process
phylogeny,BIOLOGICAL_PROCESS,sxtb,SXT_GENE,gene_process_association,0.3678647943269671,165,3.432133993328689,174,0.358974358974359,114,14,cyanobacteria; dinoflagellate; sxtg; sxta; dinoflagellates; saxitoxin; cyanobacterial; paralytic_shellfish_toxins; evolution; toxin_production; bloom; toxin_biosynthesis; paralytic_shellfish_poisoning; biosynthesis,CYANO_TAXON; DINO_TAXON; SXT_GENE; SXT_GENE; DINO_TAXON; TOXIN; CYANO_TAXON; TOXIN; BIOLOGICAL_PROCESS; BIOLOGICAL_PROCESS; ENV_FACTOR; BIOLOGICAL_PROCESS; TOXIN; BIOLOGICAL_PROCESS,dino_pre2016,unvalidated_candidate,1,phylogeny|||sxtb,Subsequently represented,"The relationship between phylogeny and sxtb was identified as a candidate missing link in the pre-2016 dinoflagellate knowledge graph. Historical graph connectivity includes bridge concepts such as cyanobacteria, dinoflagellate, sxtg, sxta, dinoflagellates. This relationship should be interpreted as a literature-derived hypothesis rather than experimental evidence of a biological mechanism.",174,3.432133993328689,Adamic–Adar,phylogeny sxtb biological_process sxt_gene gene_process_association cyanobacteria; dinoflagellate; sxtg; sxta; dinoflagellates; saxitoxin; cyanobacterial; paralytic_shellfish_toxins; evolution; toxin_production; bloom; toxin_biosynthesis; paralytic_shellfish_poisoning; biosynthesis cyano_taxon; dino_taxon; sxt_gene; sxt_gene; dino_taxon; toxin; cyano_taxon; toxin; biological_process; biological_process; env_factor; biological_process; toxin; biological_process
gonyautoxin,TOXIN,nitrogen_limitation,ENV_FACTOR,environment_toxin_association,0.2458844302560137,356,3.42230922520386,175,0.2592592592592592,231,14,alexandrium; dinoflagellate; nitrogen; nutrient; cyanobacteria; paralytic_shellfish_toxins; toxicity; alexandrium_tamarense; bloom; paralytic_shellfish_poisoning; phosphorus; expression; dinoflagellates; biosynthesis,DINO_TAXON; DINO_TAXON; ENV_FACTOR; ENV_FACTOR; CYANO_TAXON; TOXIN; BIOLOGICAL_PROCESS; DINO_TAXON; ENV_FACTOR; TOXIN; ENV_FACTOR; BIOLOGICAL_PROCESS; DINO_TAXON; BIOLOGICAL_PROCESS,dino_pre2016,unvalidated_candidate,1,gonyautoxin|||nitrogen_limitation,Not observed post-2015,"The relationship between gonyautoxin and nitrogen limitation was identified as a candidate missing link in the pre-2016 dinoflagellate knowledge graph. Historical graph connectivity includes bridge concepts such as alexandrium, dinoflagellate, nitrogen, nutrient, cyanobacteria. This relationship should be interpreted as a literature-derived hypothesis rather than experimental evidence of a biological mechanism.",175,3.42230922520386,Adamic–Adar,gonyautoxin nitrogen_limitation toxin env_factor environment_toxin_association alexandrium; dinoflagellate; nitrogen; nutrient; cyanobacteria; paralytic_shellfish_toxins; toxicity; alexandrium_tamarense; bloom; paralytic_shellfish_poisoning; phosphorus; expression; dinoflagellates; biosynthesis dino_taxon; dino_taxon; env_factor; env_factor; cyano_taxon; toxin; biological_process; dino_taxon; env_factor; toxin; env_factor; biological_process; dino_taxon; biological_process
pyrodinium_bahamense,DINO_TAXON,sxtb,SXT_GENE,taxon_gene_association,0.200288438525032,409,3.418922385053677,176,0.2916666666666667,198,14,cyanobacterial; dinoflagellate; sxta; dinoflagellates; saxitoxin; cyanobacteria; paralytic_shellfish_toxins; evolution; toxin_production; sxtg; bloom; paralytic_shellfish_poisoning; nutrient; biosynthesis,CYANO_TAXON; DINO_TAXON; SXT_GENE; DINO_TAXON; TOXIN; CYANO_TAXON; TOXIN; BIOLOGICAL_PROCESS; BIOLOGICAL_PROCESS; SXT_GENE; ENV_FACTOR; TOXIN; ENV_FACTOR; BIOLOGICAL_PROCESS,dino_pre2016,unvalidated_candidate,1,pyrodinium_bahamense|||sxtb,Not observed post-2015,"The relationship between pyrodinium bahamense and sxtb was identified as a candidate missing link in the pre-2016 dinoflagellate knowledge graph. Historical graph connectivity includes bridge concepts such as cyanobacterial, dinoflagellate, sxta, dinoflagellates, saxitoxin. This relationship should be interpreted as a literature-derived hypothesis rather than experimental evidence of a biological mechanism.",176,3.418922385053677,Adamic–Adar,pyrodinium_bahamense sxtb dino_taxon sxt_gene taxon_gene_association cyanobacterial; dinoflagellate; sxta; dinoflagellates; saxitoxin; cyanobacteria; paralytic_shellfish_toxins; evolution; toxin_production; sxtg; bloom; paralytic_shellfish_poisoning; nutrient; biosynthesis cyano_taxon; dino_taxon; sxt_gene; dino_taxon; toxin; cyano_taxon; toxin; biological_process; biological_process; sxt_gene; env_factor; toxin; env_factor; biological_process
pyrodinium,DINO_TAXON,sxtb,SXT_GENE,taxon_gene_association,0.2742575613940418,307,3.418922385053677,176,0.2641509433962264,228,14,cyanobacterial; cyanobacteria; dinoflagellate; sxta; dinoflagellates; saxitoxin; paralytic_shellfish_toxins; evolution; toxin_production; sxtg; bloom; paralytic_shellfish_poisoning; nutrient; biosynthesis,CYANO_TAXON; CYANO_TAXON; DINO_TAXON; SXT_GENE; DINO_TAXON; TOXIN; TOXIN; BIOLOGICAL_PROCESS; BIOLOGICAL_PROCESS; SXT_GENE; ENV_FACTOR; TOXIN; ENV_FACTOR; BIOLOGICAL_PROCESS,dino_pre2016,unvalidated_candidate,1,pyrodinium|||sxtb,Not observed post-2015,"The relationship between pyrodinium and sxtb was identified as a candidate missing link in the pre-2016 dinoflagellate knowledge graph. Historical graph connectivity includes bridge concepts such as cyanobacterial, cyanobacteria, dinoflagellate, sxta, dinoflagellates. This relationship should be interpreted as a literature-derived hypothesis rather than experimental evidence of a biological mechanism.",176,3.418922385053677,Adamic–Adar,pyrodinium sxtb dino_taxon sxt_gene taxon_gene_association cyanobacterial; cyanobacteria; dinoflagellate; sxta; dinoflagellates; saxitoxin; paralytic_shellfish_toxins; evolution; toxin_production; sxtg; bloom; paralytic_shellfish_poisoning; nutrient; biosynthesis cyano_taxon; cyano_taxon; dino_taxon; sxt_gene; dino_taxon; toxin; toxin; biological_process; biological_process; sxt_gene; env_factor; toxin; env_factor; biological_process
gymnodinium_catenatum,DINO_TAXON,sxtb,SXT_GENE,taxon_gene_association,0.2611688152874689,333,3.418922385053677,176,0.2333333333333333,261,14,cyanobacterial; cyanobacteria; dinoflagellate; sxtg; sxta; dinoflagellates; saxitoxin; paralytic_shellfish_toxins; evolution; toxin_production; bloom; paralytic_shellfish_poisoning; nutrient; biosynthesis,CYANO_TAXON; CYANO_TAXON; DINO_TAXON; SXT_GENE; SXT_GENE; DINO_TAXON; TOXIN; TOXIN; BIOLOGICAL_PROCESS; BIOLOGICAL_PROCESS; ENV_FACTOR; TOXIN; ENV_FACTOR; BIOLOGICAL_PROCESS,dino_pre2016,unvalidated_candidate,1,gymnodinium_catenatum|||sxtb,Subsequently represented,"The relationship between gymnodinium catenatum and sxtb was identified as a candidate missing link in the pre-2016 dinoflagellate knowledge graph. Historical graph connectivity includes bridge concepts such as cyanobacterial, cyanobacteria, dinoflagellate, sxtg, sxta. This relationship should be interpreted as a literature-derived hypothesis rather than experimental evidence of a biological mechanism.",176,3.418922385053677,Adamic–Adar,gymnodinium_catenatum sxtb dino_taxon sxt_gene taxon_gene_association cyanobacterial; cyanobacteria; dinoflagellate; sxtg; sxta; dinoflagellates; saxitoxin; paralytic_shellfish_toxins; evolution; toxin_production; bloom; paralytic_shellfish_poisoning; nutrient; biosynthesis cyano_taxon; cyano_taxon; dino_taxon; sxt_gene; sxt_gene; dino_taxon; toxin; toxin; biological_process; biological_process; env_factor; toxin; env_factor; biological_process
gymnodinium,DINO_TAXON,sxtb,SXT_GENE,taxon_gene_association,0.281717364487144,298,3.418922385053677,176,0.2153846153846154,286,14,cyanobacterial; cyanobacteria; dinoflagellate; sxtg; sxta; dinoflagellates; saxitoxin; paralytic_shellfish_toxins; evolution; toxin_production; bloom; paralytic_shellfish_poisoning; nutrient; biosynthesis,CYANO_TAXON; CYANO_TAXON; DINO_TAXON; SXT_GENE; SXT_GENE; DINO_TAXON; TOXIN; TOXIN; BIOLOGICAL_PROCESS; BIOLOGICAL_PROCESS; ENV_FACTOR; TOXIN; ENV_FACTOR; BIOLOGICAL_PROCESS,dino_pre2016,unvalidated_candidate,1,gymnodinium|||sxtb,Subsequently represented,"The relationship between gymnodinium and sxtb was identified as a candidate missing link in the pre-2016 dinoflagellate knowledge graph. Historical graph connectivity includes bridge concepts such as cyanobacterial, cyanobacteria, dinoflagellate, sxtg, sxta. This relationship should be interpreted as a literature-derived hypothesis rather than experimental evidence of a biological mechanism.",176,3.418922385053677,Adamic–Adar,gymnodinium sxtb dino_taxon sxt_gene taxon_gene_association cyanobacterial; cyanobacteria; dinoflagellate; sxtg; sxta; dinoflagellates; saxitoxin; paralytic_shellfish_toxins; evolution; toxin_production; bloom; paralytic_shellfish_poisoning; nutrient; biosynthesis cyano_taxon; cyano_taxon; dino_taxon; sxt_gene; sxt_gene; dino_taxon; toxin; toxin; biological_process; biological_process; env_factor; toxin; env_factor; biological_process
alexandrium_ostenfeldii,DINO_TAXON,cylindrospermopsis,CYANO_TAXON,cross_taxa_association,0.1752895118268881,433,3.41151033266752,180,0.3181818181818182,172,14,paralytic_shellfish_poisoning; saxitoxin; dinoflagellates; paralytic_shellfish_toxins; toxicity; cyanobacterial; dinoflagellate; alexandrium; mass_spectrometry; gymnodinium; bloom; lc_ms; hplc; phylogenetic,TOXIN; TOXIN; DINO_TAXON; TOXIN; BIOLOGICAL_PROCESS; CYANO_TAXON; DINO_TAXON; DINO_TAXON; DETECTION_METHOD; DINO_TAXON; ENV_FACTOR; DETECTION_METHOD; DETECTION_METHOD; BIOLOGICAL_PROCESS,dino_pre2016,unvalidated_candidate,1,alexandrium_ostenfeldii|||cylindrospermopsis,Not observed post-2015,"The relationship between alexandrium ostenfeldii and cylindrospermopsis was identified as a candidate missing link in the pre-2016 dinoflagellate knowledge graph. Historical graph connectivity includes bridge concepts such as paralytic shellfish poisoning, saxitoxin, dinoflagellates, paralytic shellfish toxins, toxicity. This relationship should be interpreted as a literature-derived hypothesis rather than experimental evidence of a biological mechanism.",180,3.41151033266752,Adamic–Adar,alexandrium_ostenfeldii cylindrospermopsis dino_taxon cyano_taxon cross_taxa_association paralytic_shellfish_poisoning; saxitoxin; dinoflagellates; paralytic_shellfish_toxins; toxicity; cyanobacterial; dinoflagellate; alexandrium; mass_spectrometry; gymnodinium; bloom; lc_ms; hplc; phylogenetic toxin; toxin; dino_taxon; toxin; biological_process; cyano_taxon; dino_taxon; dino_taxon; detection_method; dino_taxon; env_factor; detection_method; detection_method; biological_process
alexandrium_tamarense,DINO_TAXON,sxtb,SXT_GENE,taxon_gene_association,0.2214414352534812,385,3.4074134581971074,181,0.2456140350877192,248,14,cyanobacterial; cyanobacteria; dinoflagellate; sxta; dinoflagellates; saxitoxin; paralytic_shellfish_toxins; evolution; toxin_production; bloom; toxin_biosynthesis; paralytic_shellfish_poisoning; nutrient; biosynthesis,CYANO_TAXON; CYANO_TAXON; DINO_TAXON; SXT_GENE; DINO_TAXON; TOXIN; TOXIN; BIOLOGICAL_PROCESS; BIOLOGICAL_PROCESS; ENV_FACTOR; BIOLOGICAL_PROCESS; TOXIN; ENV_FACTOR; BIOLOGICAL_PROCESS,dino_pre2016,unvalidated_candidate,1,alexandrium_tamarense|||sxtb,Not observed post-2015,"The relationship between alexandrium tamarense and sxtb was identified as a candidate missing link in the pre-2016 dinoflagellate knowledge graph. Historical graph connectivity includes bridge concepts such as cyanobacterial, cyanobacteria, dinoflagellate, sxta, dinoflagellates. This relationship should be interpreted as a literature-derived hypothesis rather than experimental evidence of a biological mechanism.",181,3.4074134581971074,Adamic–Adar,alexandrium_tamarense sxtb dino_taxon sxt_gene taxon_gene_association cyanobacterial; cyanobacteria; dinoflagellate; sxta; dinoflagellates; saxitoxin; paralytic_shellfish_toxins; evolution; toxin_production; bloom; toxin_biosynthesis; paralytic_shellfish_poisoning; nutrient; biosynthesis cyano_taxon; cyano_taxon; dino_taxon; sxt_gene; dino_taxon; toxin; toxin; biological_process; biological_process; env_factor; biological_process; toxin; env_factor; biological_process
gene_expression,BIOLOGICAL_PROCESS,sxtu,SXT_GENE,gene_process_association,0.1700351078583673,439,3.4070024671665524,182,0.35,127,14,saxitoxin; cyanobacteria; cyanobacterial; paralytic_shellfish_toxins; dinoflagellate; gymnodinium; saxitoxin_biosynthesis; dinoflagellates; paralytic_shellfish_poisoning; gymnodinium_catenatum; sxta; expression; phylogenetic; biosynthesis,TOXIN; CYANO_TAXON; CYANO_TAXON; TOXIN; DINO_TAXON; DINO_TAXON; BIOLOGICAL_PROCESS; DINO_TAXON; TOXIN; DINO_TAXON; SXT_GENE; BIOLOGICAL_PROCESS; BIOLOGICAL_PROCESS; BIOLOGICAL_PROCESS,dino_pre2016,unvalidated_candidate,1,gene_expression|||sxtu,Subsequently represented,"The relationship between gene expression and sxtu was identified as a candidate missing link in the pre-2016 dinoflagellate knowledge graph. Historical graph connectivity includes bridge concepts such as saxitoxin, cyanobacteria, cyanobacterial, paralytic shellfish toxins, dinoflagellate. This relationship should be interpreted as a literature-derived hypothesis rather than experimental evidence of a biological mechanism.",182,3.4070024671665524,Adamic–Adar,gene_expression sxtu biological_process sxt_gene gene_process_association saxitoxin; cyanobacteria; cyanobacterial; paralytic_shellfish_toxins; dinoflagellate; gymnodinium; saxitoxin_biosynthesis; dinoflagellates; paralytic_shellfish_poisoning; gymnodinium_catenatum; sxta; expression; phylogenetic; biosynthesis toxin; cyano_taxon; cyano_taxon; toxin; dino_taxon; dino_taxon; biological_process; dino_taxon; toxin; dino_taxon; sxt_gene; biological_process; biological_process; biological_process
regulation,BIOLOGICAL_PROCESS,sxtu,SXT_GENE,gene_process_association,0.1593173929990448,448,3.4070024671665524,182,0.2641509433962264,228,14,saxitoxin; cyanobacteria; cyanobacterial; paralytic_shellfish_toxins; dinoflagellate; gymnodinium; saxitoxin_biosynthesis; dinoflagellates; paralytic_shellfish_poisoning; gymnodinium_catenatum; sxta; expression; phylogenetic; biosynthesis,TOXIN; CYANO_TAXON; CYANO_TAXON; TOXIN; DINO_TAXON; DINO_TAXON; BIOLOGICAL_PROCESS; DINO_TAXON; TOXIN; DINO_TAXON; SXT_GENE; BIOLOGICAL_PROCESS; BIOLOGICAL_PROCESS; BIOLOGICAL_PROCESS,dino_pre2016,unvalidated_candidate,1,regulation|||sxtu,Not observed post-2015,"The relationship between regulation and sxtu was identified as a candidate missing link in the pre-2016 dinoflagellate knowledge graph. Historical graph connectivity includes bridge concepts such as saxitoxin, cyanobacteria, cyanobacterial, paralytic shellfish toxins, dinoflagellate. This relationship should be interpreted as a literature-derived hypothesis rather than experimental evidence of a biological mechanism.",182,3.4070024671665524,Adamic–Adar,regulation sxtu biological_process sxt_gene gene_process_association saxitoxin; cyanobacteria; cyanobacterial; paralytic_shellfish_toxins; dinoflagellate; gymnodinium; saxitoxin_biosynthesis; dinoflagellates; paralytic_shellfish_poisoning; gymnodinium_catenatum; sxta; expression; phylogenetic; biosynthesis toxin; cyano_taxon; cyano_taxon; toxin; dino_taxon; dino_taxon; biological_process; dino_taxon; toxin; dino_taxon; sxt_gene; biological_process; biological_process; biological_process
alexandrium_fundyense,DINO_TAXON,sxtu,SXT_GENE,taxon_gene_association,0.2047008858347519,401,3.4070024671665524,182,0.25,238,14,saxitoxin; cyanobacteria; cyanobacterial; paralytic_shellfish_toxins; dinoflagellate; gymnodinium; saxitoxin_biosynthesis; dinoflagellates; paralytic_shellfish_poisoning; gymnodinium_catenatum; sxta; expression; phylogenetic; biosynthesis,TOXIN; CYANO_TAXON; CYANO_TAXON; TOXIN; DINO_TAXON; DINO_TAXON; BIOLOGICAL_PROCESS; DINO_TAXON; TOXIN; DINO_TAXON; SXT_GENE; BIOLOGICAL_PROCESS; BIOLOGICAL_PROCESS; BIOLOGICAL_PROCESS,dino_pre2016,unvalidated_candidate,1,alexandrium_fundyense|||sxtu,Not observed post-2015,"The relationship between alexandrium fundyense and sxtu was identified as a candidate missing link in the pre-2016 dinoflagellate knowledge graph. Historical graph connectivity includes bridge concepts such as saxitoxin, cyanobacteria, cyanobacterial, paralytic shellfish toxins, dinoflagellate. This relationship should be interpreted as a literature-derived hypothesis rather than experimental evidence of a biological mechanism.",182,3.4070024671665524,Adamic–Adar,alexandrium_fundyense sxtu dino_taxon sxt_gene taxon_gene_association saxitoxin; cyanobacteria; cyanobacterial; paralytic_shellfish_toxins; dinoflagellate; gymnodinium; saxitoxin_biosynthesis; dinoflagellates; paralytic_shellfish_poisoning; gymnodinium_catenatum; sxta; expression; phylogenetic; biosynthesis toxin; cyano_taxon; cyano_taxon; toxin; dino_taxon; dino_taxon; biological_process; dino_taxon; toxin; dino_taxon; sxt_gene; biological_process; biological_process; biological_process
nutrient,ENV_FACTOR,sxtu,SXT_GENE,environment_gene_regulation,0.1859558735461229,420,3.4070024671665524,182,0.2413793103448276,254,14,saxitoxin; cyanobacteria; cyanobacterial; paralytic_shellfish_toxins; dinoflagellate; gymnodinium; saxitoxin_biosynthesis; dinoflagellates; paralytic_shellfish_poisoning; gymnodinium_catenatum; sxta; expression; phylogenetic; biosynthesis,TOXIN; CYANO_TAXON; CYANO_TAXON; TOXIN; DINO_TAXON; DINO_TAXON; BIOLOGICAL_PROCESS; DINO_TAXON; TOXIN; DINO_TAXON; SXT_GENE; BIOLOGICAL_PROCESS; BIOLOGICAL_PROCESS; BIOLOGICAL_PROCESS,dino_pre2016,unvalidated_candidate,1,nutrient|||sxtu,Not observed post-2015,"The relationship between nutrient and sxtu was identified as a candidate missing link in the pre-2016 dinoflagellate knowledge graph. Historical graph connectivity includes bridge concepts such as saxitoxin, cyanobacteria, cyanobacterial, paralytic shellfish toxins, dinoflagellate. This relationship should be interpreted as a literature-derived hypothesis rather than experimental evidence of a biological mechanism.",182,3.4070024671665524,Adamic–Adar,nutrient sxtu env_factor sxt_gene environment_gene_regulation saxitoxin; cyanobacteria; cyanobacterial; paralytic_shellfish_toxins; dinoflagellate; gymnodinium; saxitoxin_biosynthesis; dinoflagellates; paralytic_shellfish_poisoning; gymnodinium_catenatum; sxta; expression; phylogenetic; biosynthesis toxin; cyano_taxon; cyano_taxon; toxin; dino_taxon; dino_taxon; biological_process; dino_taxon; toxin; dino_taxon; sxt_gene; biological_process; biological_process; biological_process
alexandrium_ostenfeldii,DINO_TAXON,aphanizomenon,CYANO_TAXON,cross_taxa_association,0.2036898032270809,403,3.4069871538918104,186,0.3333333333333333,143,14,saxitoxin; dinoflagellate; paralytic_shellfish_poisoning; paralytic_shellfish_toxins; alexandrium; dinoflagellates; hplc; mass_spectrometry; cyanobacterial; toxicity; gymnodinium; bloom; phylogeny; phylogenetic,TOXIN; DINO_TAXON; TOXIN; TOXIN; DINO_TAXON; DINO_TAXON; DETECTION_METHOD; DETECTION_METHOD; CYANO_TAXON; BIOLOGICAL_PROCESS; DINO_TAXON; ENV_FACTOR; BIOLOGICAL_PROCESS; BIOLOGICAL_PROCESS,dino_pre2016,unvalidated_candidate,1,alexandrium_ostenfeldii|||aphanizomenon,Not observed post-2015,"The relationship between alexandrium ostenfeldii and aphanizomenon was identified as a candidate missing link in the pre-2016 dinoflagellate knowledge graph. Historical graph connectivity includes bridge concepts such as saxitoxin, dinoflagellate, paralytic shellfish poisoning, paralytic shellfish toxins, alexandrium. This relationship should be interpreted as a literature-derived hypothesis rather than experimental evidence of a biological mechanism.",186,3.4069871538918104,Adamic–Adar,alexandrium_ostenfeldii aphanizomenon dino_taxon cyano_taxon cross_taxa_association saxitoxin; dinoflagellate; paralytic_shellfish_poisoning; paralytic_shellfish_toxins; alexandrium; dinoflagellates; hplc; mass_spectrometry; cyanobacterial; toxicity; gymnodinium; bloom; phylogeny; phylogenetic toxin; dino_taxon; toxin; toxin; dino_taxon; dino_taxon; detection_method; detection_method; cyano_taxon; biological_process; dino_taxon; env_factor; biological_process; biological_process
sxt_genes,SXT_GENE,climate,ENV_FACTOR,environment_gene_regulation,0.3148497300047335,255,3.3851978854758733,187,0.358974358974359,114,14,alexandrium; dinoflagellate; saxitoxin; dinoflagellates; paralytic_shellfish_toxins; paralytic_shellfish_poisoning; cyanobacterial; cyanobacteria; toxicity; sxtg; bloom; toxin_biosynthesis; sxta; biosynthesis,DINO_TAXON; DINO_TAXON; TOXIN; DINO_TAXON; TOXIN; TOXIN; CYANO_TAXON; CYANO_TAXON; BIOLOGICAL_PROCESS; SXT_GENE; ENV_FACTOR; BIOLOGICAL_PROCESS; SXT_GENE; BIOLOGICAL_PROCESS,dino_pre2016,unvalidated_candidate,1,climate|||sxt_genes,Not observed post-2015,"The relationship between sxt genes and climate was identified as a candidate missing link in the pre-2016 dinoflagellate knowledge graph. Historical graph connectivity includes bridge concepts such as alexandrium, dinoflagellate, saxitoxin, dinoflagellates, paralytic shellfish toxins. This relationship should be interpreted as a literature-derived hypothesis rather than experimental evidence of a biological mechanism.",187,3.3851978854758733,Adamic–Adar,sxt_genes climate sxt_gene env_factor environment_gene_regulation alexandrium; dinoflagellate; saxitoxin; dinoflagellates; paralytic_shellfish_toxins; paralytic_shellfish_poisoning; cyanobacterial; cyanobacteria; toxicity; sxtg; bloom; toxin_biosynthesis; sxta; biosynthesis dino_taxon; dino_taxon; toxin; dino_taxon; toxin; toxin; cyano_taxon; cyano_taxon; biological_process; sxt_gene; env_factor; biological_process; sxt_gene; biological_process
gtx,TOXIN,transcription,BIOLOGICAL_PROCESS,process_toxin_association,0.2939249337878548,281,3.3777502763451785,188,0.3181818181818182,172,14,alexandrium; saxitoxin; paralytic_shellfish_toxins; dinoflagellate; paralytic_shellfish_poisoning; gymnodinium; gymnodinium_catenatum; dinoflagellates; alexandrium_fundyense; saxitoxin_biosynthesis; bloom; alexandrium_catenella; alexandrium_minutum; biosynthesis,DINO_TAXON; TOXIN; TOXIN; DINO_TAXON; TOXIN; DINO_TAXON; DINO_TAXON; DINO_TAXON; DINO_TAXON; BIOLOGICAL_PROCESS; ENV_FACTOR; DINO_TAXON; DINO_TAXON; BIOLOGICAL_PROCESS,dino_pre2016,unvalidated_candidate,1,gtx|||transcription,Not observed post-2015,"The relationship between gtx and transcription was identified as a candidate missing link in the pre-2016 dinoflagellate knowledge graph. Historical graph connectivity includes bridge concepts such as alexandrium, saxitoxin, paralytic shellfish toxins, dinoflagellate, paralytic shellfish poisoning. This relationship should be interpreted as a literature-derived hypothesis rather than experimental evidence of a biological mechanism.",188,3.3777502763451785,Adamic–Adar,gtx transcription toxin biological_process process_toxin_association alexandrium; saxitoxin; paralytic_shellfish_toxins; dinoflagellate; paralytic_shellfish_poisoning; gymnodinium; gymnodinium_catenatum; dinoflagellates; alexandrium_fundyense; saxitoxin_biosynthesis; bloom; alexandrium_catenella; alexandrium_minutum; biosynthesis dino_taxon; toxin; toxin; dino_taxon; toxin; dino_taxon; dino_taxon; dino_taxon; dino_taxon; biological_process; env_factor; dino_taxon; dino_taxon; biological_process
cyanobacterium,CYANO_TAXON,alexandrium_tamiyavanichii,DINO_TAXON,cross_taxa_association,0.3584715722168044,181,3.3521736340191217,189,0.3255813953488372,155,14,alexandrium; dinoflagellate; hplc; saxitoxin; paralytic_shellfish_poisoning; dinoflagellates; cyanobacteria; paralytic_shellfish_toxins; toxicity; toxin_production; saxitoxin_biosynthesis; alexandrium_minutum; sxta; biosynthesis,DINO_TAXON; DINO_TAXON; DETECTION_METHOD; TOXIN; TOXIN; DINO_TAXON; CYANO_TAXON; TOXIN; BIOLOGICAL_PROCESS; BIOLOGICAL_PROCESS; BIOLOGICAL_PROCESS; DINO_TAXON; SXT_GENE; BIOLOGICAL_PROCESS,dino_pre2016,unvalidated_candidate,1,alexandrium_tamiyavanichii|||cyanobacterium,Not observed post-2015,"The relationship between cyanobacterium and alexandrium tamiyavanichii was identified as a candidate missing link in the pre-2016 dinoflagellate knowledge graph. Historical graph connectivity includes bridge concepts such as alexandrium, dinoflagellate, hplc, saxitoxin, paralytic shellfish poisoning. This relationship should be interpreted as a literature-derived hypothesis rather than experimental evidence of a biological mechanism.",189,3.3521736340191217,Adamic–Adar,cyanobacterium alexandrium_tamiyavanichii cyano_taxon dino_taxon cross_taxa_association alexandrium; dinoflagellate; hplc; saxitoxin; paralytic_shellfish_poisoning; dinoflagellates; cyanobacteria; paralytic_shellfish_toxins; toxicity; toxin_production; saxitoxin_biosynthesis; alexandrium_minutum; sxta; biosynthesis dino_taxon; dino_taxon; detection_method; toxin; toxin; dino_taxon; cyano_taxon; toxin; biological_process; biological_process; biological_process; dino_taxon; sxt_gene; biological_process
sxtg,SXT_GENE,irradiance,ENV_FACTOR,environment_gene_regulation,0.1980682439430653,412,3.3516008673345614,190,0.3255813953488372,155,14,alexandrium; paralytic_shellfish_toxins; dinoflagellate; dinoflagellates; saxitoxin; paralytic_shellfish_poisoning; alexandrium_minutum; alexandrium_fundyense; toxicity; gymnodinium; toxin_production; bloom; gymnodinium_catenatum; nutrient,DINO_TAXON; TOXIN; DINO_TAXON; DINO_TAXON; TOXIN; TOXIN; DINO_TAXON; DINO_TAXON; BIOLOGICAL_PROCESS; DINO_TAXON; BIOLOGICAL_PROCESS; ENV_FACTOR; DINO_TAXON; ENV_FACTOR,dino_pre2016,unvalidated_candidate,1,irradiance|||sxtg,Subsequently represented,"The relationship between sxtg and irradiance was identified as a candidate missing link in the pre-2016 dinoflagellate knowledge graph. Historical graph connectivity includes bridge concepts such as alexandrium, paralytic shellfish toxins, dinoflagellate, dinoflagellates, saxitoxin. This relationship should be interpreted as a literature-derived hypothesis rather than experimental evidence of a biological mechanism.",190,3.3516008673345614,Adamic–Adar,sxtg irradiance sxt_gene env_factor environment_gene_regulation alexandrium; paralytic_shellfish_toxins; dinoflagellate; dinoflagellates; saxitoxin; paralytic_shellfish_poisoning; alexandrium_minutum; alexandrium_fundyense; toxicity; gymnodinium; toxin_production; bloom; gymnodinium_catenatum; nutrient dino_taxon; toxin; dino_taxon; dino_taxon; toxin; toxin; dino_taxon; dino_taxon; biological_process; dino_taxon; biological_process; env_factor; dino_taxon; env_factor
sxtg,SXT_GENE,lyngbya,CYANO_TAXON,cyano_gene_transfer_signal,0.2718214896071544,314,3.3508555616872697,191,0.3255813953488372,155,14,cyanobacteria; dinoflagellates; saxitoxin; cyanobacterial; paralytic_shellfish_toxins; pyrodinium; alexandrium; toxicity; toxin_production; gymnodinium; bloom; paralytic_shellfish_poisoning; sxta; biosynthesis,CYANO_TAXON; DINO_TAXON; TOXIN; CYANO_TAXON; TOXIN; DINO_TAXON; DINO_TAXON; BIOLOGICAL_PROCESS; BIOLOGICAL_PROCESS; DINO_TAXON; ENV_FACTOR; TOXIN; SXT_GENE; BIOLOGICAL_PROCESS,dino_pre2016,unvalidated_candidate,1,lyngbya|||sxtg,Not observed post-2015,"The relationship between sxtg and lyngbya was identified as a candidate missing link in the pre-2016 dinoflagellate knowledge graph. Historical graph connectivity includes bridge concepts such as cyanobacteria, dinoflagellates, saxitoxin, cyanobacterial, paralytic shellfish toxins. This relationship should be interpreted as a literature-derived hypothesis rather than experimental evidence of a biological mechanism.",191,3.3508555616872697,Adamic–Adar,sxtg lyngbya sxt_gene cyano_taxon cyano_gene_transfer_signal cyanobacteria; dinoflagellates; saxitoxin; cyanobacterial; paralytic_shellfish_toxins; pyrodinium; alexandrium; toxicity; toxin_production; gymnodinium; bloom; paralytic_shellfish_poisoning; sxta; biosynthesis cyano_taxon; dino_taxon; toxin; cyano_taxon; toxin; dino_taxon; dino_taxon; biological_process; biological_process; dino_taxon; env_factor; toxin; sxt_gene; biological_process
alexandrium_fundyense,DINO_TAXON,lyngbya,CYANO_TAXON,cross_taxa_association,0.2235046823095063,383,3.3425712900019904,192,0.25,238,14,dinoflagellates; saxitoxin; cyanobacteria; paralytic_shellfish_toxins; cyanobacterial; alexandrium; toxicity; toxin_production; gymnodinium; bloom; paralytic_shellfish_poisoning; hplc; sxta; biosynthesis,DINO_TAXON; TOXIN; CYANO_TAXON; TOXIN; CYANO_TAXON; DINO_TAXON; BIOLOGICAL_PROCESS; BIOLOGICAL_PROCESS; DINO_TAXON; ENV_FACTOR; TOXIN; DETECTION_METHOD; SXT_GENE; BIOLOGICAL_PROCESS,dino_pre2016,unvalidated_candidate,1,alexandrium_fundyense|||lyngbya,Not observed post-2015,"The relationship between alexandrium fundyense and lyngbya was identified as a candidate missing link in the pre-2016 dinoflagellate knowledge graph. Historical graph connectivity includes bridge concepts such as dinoflagellates, saxitoxin, cyanobacteria, paralytic shellfish toxins, cyanobacterial. This relationship should be interpreted as a literature-derived hypothesis rather than experimental evidence of a biological mechanism.",192,3.3425712900019904,Adamic–Adar,alexandrium_fundyense lyngbya dino_taxon cyano_taxon cross_taxa_association dinoflagellates; saxitoxin; cyanobacteria; paralytic_shellfish_toxins; cyanobacterial; alexandrium; toxicity; toxin_production; gymnodinium; bloom; paralytic_shellfish_poisoning; hplc; sxta; biosynthesis dino_taxon; toxin; cyano_taxon; toxin; cyano_taxon; dino_taxon; biological_process; biological_process; dino_taxon; env_factor; toxin; detection_method; sxt_gene; biological_process
dinoflagellate,DINO_TAXON,planktothrix,CYANO_TAXON,cross_taxa_association,0.3420155032275876,213,3.267335824779744,193,0.1688311688311688,358,13,saxitoxin; cyanobacterial; cyanobacteria; aphanizomenon; paralytic_shellfish_toxins; pyrodinium; alexandrium; cylindrospermopsis; toxicity; gymnodinium; anabaena; paralytic_shellfish_poisoning; dinoflagellates,TOXIN; CYANO_TAXON; CYANO_TAXON; CYANO_TAXON; TOXIN; DINO_TAXON; DINO_TAXON; CYANO_TAXON; BIOLOGICAL_PROCESS; DINO_TAXON; CYANO_TAXON; TOXIN; DINO_TAXON,dino_pre2016,unvalidated_candidate,1,dinoflagellate|||planktothrix,Not observed post-2015,"The relationship between dinoflagellate and planktothrix was identified as a candidate missing link in the pre-2016 dinoflagellate knowledge graph. Historical graph connectivity includes bridge concepts such as saxitoxin, cyanobacterial, cyanobacteria, aphanizomenon, paralytic shellfish toxins. This relationship should be interpreted as a literature-derived hypothesis rather than experimental evidence of a biological mechanism.",193,3.267335824779744,Adamic–Adar,dinoflagellate planktothrix dino_taxon cyano_taxon cross_taxa_association saxitoxin; cyanobacterial; cyanobacteria; aphanizomenon; paralytic_shellfish_toxins; pyrodinium; alexandrium; cylindrospermopsis; toxicity; gymnodinium; anabaena; paralytic_shellfish_poisoning; dinoflagellates toxin; cyano_taxon; cyano_taxon; cyano_taxon; toxin; dino_taxon; dino_taxon; cyano_taxon; biological_process; dino_taxon; cyano_taxon; toxin; dino_taxon
saxitoxin_biosynthesis,BIOLOGICAL_PROCESS,sxtb,SXT_GENE,gene_process_association,0.4414390545470271,84,3.213085657739236,194,0.2826086956521739,211,13,cyanobacterial; cyanobacteria; dinoflagellate; sxtg; sxta; dinoflagellates; saxitoxin; evolution; toxin_production; toxin_biosynthesis; paralytic_shellfish_poisoning; nutrient; biosynthesis,CYANO_TAXON; CYANO_TAXON; DINO_TAXON; SXT_GENE; SXT_GENE; DINO_TAXON; TOXIN; BIOLOGICAL_PROCESS; BIOLOGICAL_PROCESS; BIOLOGICAL_PROCESS; TOXIN; ENV_FACTOR; BIOLOGICAL_PROCESS,dino_pre2016,unvalidated_candidate,1,saxitoxin_biosynthesis|||sxtb,Subsequently represented,"The relationship between saxitoxin biosynthesis and sxtb was identified as a candidate missing link in the pre-2016 dinoflagellate knowledge graph. Historical graph connectivity includes bridge concepts such as cyanobacterial, cyanobacteria, dinoflagellate, sxtg, sxta. This relationship should be interpreted as a literature-derived hypothesis rather than experimental evidence of a biological mechanism.",194,3.213085657739236,Adamic–Adar,saxitoxin_biosynthesis sxtb biological_process sxt_gene gene_process_association cyanobacterial; cyanobacteria; dinoflagellate; sxtg; sxta; dinoflagellates; saxitoxin; evolution; toxin_production; toxin_biosynthesis; paralytic_shellfish_poisoning; nutrient; biosynthesis cyano_taxon; cyano_taxon; dino_taxon; sxt_gene; sxt_gene; dino_taxon; toxin; biological_process; biological_process; biological_process; toxin; env_factor; biological_process
anabaena,CYANO_TAXON,sxti,SXT_GENE,cyano_gene_transfer_signal,0.5233320864457865,39,3.188760285348124,195,0.3513513513513513,126,13,saxitoxin; cyanobacterial; cyanobacteria; pyrodinium; dinoflagellate; alexandrium; saxitoxin_biosynthesis; paralytic_shellfish_poisoning; sxta; phylogeny; phylogenetic; dinoflagellates; biosynthesis,TOXIN; CYANO_TAXON; CYANO_TAXON; DINO_TAXON; DINO_TAXON; DINO_TAXON; BIOLOGICAL_PROCESS; TOXIN; SXT_GENE; BIOLOGICAL_PROCESS; BIOLOGICAL_PROCESS; DINO_TAXON; BIOLOGICAL_PROCESS,dino_pre2016,unvalidated_candidate,1,anabaena|||sxti,Not observed post-2015,"The relationship between anabaena and sxti was identified as a candidate missing link in the pre-2016 dinoflagellate knowledge graph. Historical graph connectivity includes bridge concepts such as saxitoxin, cyanobacterial, cyanobacteria, pyrodinium, dinoflagellate. This relationship should be interpreted as a literature-derived hypothesis rather than experimental evidence of a biological mechanism.",195,3.188760285348124,Adamic–Adar,anabaena sxti cyano_taxon sxt_gene cyano_gene_transfer_signal saxitoxin; cyanobacterial; cyanobacteria; pyrodinium; dinoflagellate; alexandrium; saxitoxin_biosynthesis; paralytic_shellfish_poisoning; sxta; phylogeny; phylogenetic; dinoflagellates; biosynthesis toxin; cyano_taxon; cyano_taxon; dino_taxon; dino_taxon; dino_taxon; biological_process; toxin; sxt_gene; biological_process; biological_process; dino_taxon; biological_process
bloom,ENV_FACTOR,sxti,SXT_GENE,environment_gene_regulation,0.344676867674468,203,3.1839112099429334,196,0.1969696969696969,318,13,saxitoxin; cyanobacterial; cyanobacteria; pyrodinium; dinoflagellate; alexandrium; paralytic_shellfish_poisoning; sxta; phylogeny; phylogenetic; pyrodinium_bahamense; dinoflagellates; biosynthesis,TOXIN; CYANO_TAXON; CYANO_TAXON; DINO_TAXON; DINO_TAXON; DINO_TAXON; TOXIN; SXT_GENE; BIOLOGICAL_PROCESS; BIOLOGICAL_PROCESS; DINO_TAXON; DINO_TAXON; BIOLOGICAL_PROCESS,dino_pre2016,unvalidated_candidate,1,bloom|||sxti,Subsequently represented,"The relationship between bloom and sxti was identified as a candidate missing link in the pre-2016 dinoflagellate knowledge graph. Historical graph connectivity includes bridge concepts such as saxitoxin, cyanobacterial, cyanobacteria, pyrodinium, dinoflagellate. This relationship should be interpreted as a literature-derived hypothesis rather than experimental evidence of a biological mechanism.",196,3.1839112099429334,Adamic–Adar,bloom sxti env_factor sxt_gene environment_gene_regulation saxitoxin; cyanobacterial; cyanobacteria; pyrodinium; dinoflagellate; alexandrium; paralytic_shellfish_poisoning; sxta; phylogeny; phylogenetic; pyrodinium_bahamense; dinoflagellates; biosynthesis toxin; cyano_taxon; cyano_taxon; dino_taxon; dino_taxon; dino_taxon; toxin; sxt_gene; biological_process; biological_process; dino_taxon; dino_taxon; biological_process
regulation,BIOLOGICAL_PROCESS,sxti,SXT_GENE,gene_process_association,0.4508056266931115,77,3.172402283086363,197,0.2765957446808511,215,13,saxitoxin; cyanobacterial; cyanobacteria; pyrodinium; dinoflagellate; alexandrium; saxitoxin_biosynthesis; paralytic_shellfish_poisoning; sxta; phylogenetic; pyrodinium_bahamense; dinoflagellates; biosynthesis,TOXIN; CYANO_TAXON; CYANO_TAXON; DINO_TAXON; DINO_TAXON; DINO_TAXON; BIOLOGICAL_PROCESS; TOXIN; SXT_GENE; BIOLOGICAL_PROCESS; DINO_TAXON; DINO_TAXON; BIOLOGICAL_PROCESS,dino_pre2016,unvalidated_candidate,1,regulation|||sxti,Subsequently represented,"The relationship between regulation and sxti was identified as a candidate missing link in the pre-2016 dinoflagellate knowledge graph. Historical graph connectivity includes bridge concepts such as saxitoxin, cyanobacterial, cyanobacteria, pyrodinium, dinoflagellate. This relationship should be interpreted as a literature-derived hypothesis rather than experimental evidence of a biological mechanism.",197,3.172402283086363,Adamic–Adar,regulation sxti biological_process sxt_gene gene_process_association saxitoxin; cyanobacterial; cyanobacteria; pyrodinium; dinoflagellate; alexandrium; saxitoxin_biosynthesis; paralytic_shellfish_poisoning; sxta; phylogenetic; pyrodinium_bahamense; dinoflagellates; biosynthesis toxin; cyano_taxon; cyano_taxon; dino_taxon; dino_taxon; dino_taxon; biological_process; toxin; sxt_gene; biological_process; dino_taxon; dino_taxon; biological_process
alexandrium_catenella,DINO_TAXON,sxti,SXT_GENE,taxon_gene_association,0.3745377283121541,153,3.172402283086363,197,0.2549019607843137,236,13,saxitoxin; cyanobacterial; cyanobacteria; pyrodinium; dinoflagellate; alexandrium; saxitoxin_biosynthesis; paralytic_shellfish_poisoning; sxta; phylogenetic; pyrodinium_bahamense; dinoflagellates; biosynthesis,TOXIN; CYANO_TAXON; CYANO_TAXON; DINO_TAXON; DINO_TAXON; DINO_TAXON; BIOLOGICAL_PROCESS; TOXIN; SXT_GENE; BIOLOGICAL_PROCESS; DINO_TAXON; DINO_TAXON; BIOLOGICAL_PROCESS,dino_pre2016,unvalidated_candidate,1,alexandrium_catenella|||sxti,Subsequently represented,"The relationship between alexandrium catenella and sxti was identified as a candidate missing link in the pre-2016 dinoflagellate knowledge graph. Historical graph connectivity includes bridge concepts such as saxitoxin, cyanobacterial, cyanobacteria, pyrodinium, dinoflagellate. This relationship should be interpreted as a literature-derived hypothesis rather than experimental evidence of a biological mechanism.",197,3.172402283086363,Adamic–Adar,alexandrium_catenella sxti dino_taxon sxt_gene taxon_gene_association saxitoxin; cyanobacterial; cyanobacteria; pyrodinium; dinoflagellate; alexandrium; saxitoxin_biosynthesis; paralytic_shellfish_poisoning; sxta; phylogenetic; pyrodinium_bahamense; dinoflagellates; biosynthesis toxin; cyano_taxon; cyano_taxon; dino_taxon; dino_taxon; dino_taxon; biological_process; toxin; sxt_gene; biological_process; dino_taxon; dino_taxon; biological_process
light,ENV_FACTOR,sxti,SXT_GENE,environment_gene_regulation,0.3604263303489767,180,3.172402283086363,197,0.25,238,13,saxitoxin; cyanobacterial; cyanobacteria; pyrodinium; dinoflagellate; alexandrium; saxitoxin_biosynthesis; paralytic_shellfish_poisoning; sxta; phylogenetic; pyrodinium_bahamense; dinoflagellates; biosynthesis,TOXIN; CYANO_TAXON; CYANO_TAXON; DINO_TAXON; DINO_TAXON; DINO_TAXON; BIOLOGICAL_PROCESS; TOXIN; SXT_GENE; BIOLOGICAL_PROCESS; DINO_TAXON; DINO_TAXON; BIOLOGICAL_PROCESS,dino_pre2016,unvalidated_candidate,1,light|||sxti,Not observed post-2015,"The relationship between light and sxti was identified as a candidate missing link in the pre-2016 dinoflagellate knowledge graph. Historical graph connectivity includes bridge concepts such as saxitoxin, cyanobacterial, cyanobacteria, pyrodinium, dinoflagellate. This relationship should be interpreted as a literature-derived hypothesis rather than experimental evidence of a biological mechanism.",197,3.172402283086363,Adamic–Adar,light sxti env_factor sxt_gene environment_gene_regulation saxitoxin; cyanobacterial; cyanobacteria; pyrodinium; dinoflagellate; alexandrium; saxitoxin_biosynthesis; paralytic_shellfish_poisoning; sxta; phylogenetic; pyrodinium_bahamense; dinoflagellates; biosynthesis toxin; cyano_taxon; cyano_taxon; dino_taxon; dino_taxon; dino_taxon; biological_process; toxin; sxt_gene; biological_process; dino_taxon; dino_taxon; biological_process
nutrient,ENV_FACTOR,sxti,SXT_GENE,environment_gene_regulation,0.2828252942204018,294,3.172402283086363,197,0.25,238,13,saxitoxin; cyanobacterial; cyanobacteria; pyrodinium; dinoflagellate; alexandrium; saxitoxin_biosynthesis; paralytic_shellfish_poisoning; sxta; phylogenetic; pyrodinium_bahamense; dinoflagellates; biosynthesis,TOXIN; CYANO_TAXON; CYANO_TAXON; DINO_TAXON; DINO_TAXON; DINO_TAXON; BIOLOGICAL_PROCESS; TOXIN; SXT_GENE; BIOLOGICAL_PROCESS; DINO_TAXON; DINO_TAXON; BIOLOGICAL_PROCESS,dino_pre2016,unvalidated_candidate,1,nutrient|||sxti,Subsequently represented,"The relationship between nutrient and sxti was identified as a candidate missing link in the pre-2016 dinoflagellate knowledge graph. Historical graph connectivity includes bridge concepts such as saxitoxin, cyanobacterial, cyanobacteria, pyrodinium, dinoflagellate. This relationship should be interpreted as a literature-derived hypothesis rather than experimental evidence of a biological mechanism.",197,3.172402283086363,Adamic–Adar,nutrient sxti env_factor sxt_gene environment_gene_regulation saxitoxin; cyanobacterial; cyanobacteria; pyrodinium; dinoflagellate; alexandrium; saxitoxin_biosynthesis; paralytic_shellfish_poisoning; sxta; phylogenetic; pyrodinium_bahamense; dinoflagellates; biosynthesis toxin; cyano_taxon; cyano_taxon; dino_taxon; dino_taxon; dino_taxon; biological_process; toxin; sxt_gene; biological_process; dino_taxon; dino_taxon; biological_process
alexandrium_minutum,DINO_TAXON,sxti,SXT_GENE,taxon_gene_association,0.2764515227915302,305,3.172402283086363,197,0.2241379310344827,276,13,saxitoxin; cyanobacterial; cyanobacteria; pyrodinium; dinoflagellate; alexandrium; saxitoxin_biosynthesis; paralytic_shellfish_poisoning; sxta; phylogenetic; pyrodinium_bahamense; dinoflagellates; biosynthesis,TOXIN; CYANO_TAXON; CYANO_TAXON; DINO_TAXON; DINO_TAXON; DINO_TAXON; BIOLOGICAL_PROCESS; TOXIN; SXT_GENE; BIOLOGICAL_PROCESS; DINO_TAXON; DINO_TAXON; BIOLOGICAL_PROCESS,dino_pre2016,unvalidated_candidate,1,alexandrium_minutum|||sxti,Subsequently represented,"The relationship between alexandrium minutum and sxti was identified as a candidate missing link in the pre-2016 dinoflagellate knowledge graph. Historical graph connectivity includes bridge concepts such as saxitoxin, cyanobacterial, cyanobacteria, pyrodinium, dinoflagellate. This relationship should be interpreted as a literature-derived hypothesis rather than experimental evidence of a biological mechanism.",197,3.172402283086363,Adamic–Adar,alexandrium_minutum sxti dino_taxon sxt_gene taxon_gene_association saxitoxin; cyanobacterial; cyanobacteria; pyrodinium; dinoflagellate; alexandrium; saxitoxin_biosynthesis; paralytic_shellfish_poisoning; sxta; phylogenetic; pyrodinium_bahamense; dinoflagellates; biosynthesis toxin; cyano_taxon; cyano_taxon; dino_taxon; dino_taxon; dino_taxon; biological_process; toxin; sxt_gene; biological_process; dino_taxon; dino_taxon; biological_process
phosphorus,ENV_FACTOR,sxtb,SXT_GENE,environment_gene_regulation,0.2711308763103479,316,3.1645876069096346,202,0.3714285714285714,100,13,dinoflagellate; dinoflagellates; saxitoxin; cyanobacteria; paralytic_shellfish_toxins; toxin_production; sxtg; bloom; toxin_biosynthesis; paralytic_shellfish_poisoning; sxta; nutrient; biosynthesis,DINO_TAXON; DINO_TAXON; TOXIN; CYANO_TAXON; TOXIN; BIOLOGICAL_PROCESS; SXT_GENE; ENV_FACTOR; BIOLOGICAL_PROCESS; TOXIN; SXT_GENE; ENV_FACTOR; BIOLOGICAL_PROCESS,dino_pre2016,unvalidated_candidate,1,phosphorus|||sxtb,Subsequently represented,"The relationship between phosphorus and sxtb was identified as a candidate missing link in the pre-2016 dinoflagellate knowledge graph. Historical graph connectivity includes bridge concepts such as dinoflagellate, dinoflagellates, saxitoxin, cyanobacteria, paralytic shellfish toxins. This relationship should be interpreted as a literature-derived hypothesis rather than experimental evidence of a biological mechanism.",202,3.1645876069096346,Adamic–Adar,phosphorus sxtb env_factor sxt_gene environment_gene_regulation dinoflagellate; dinoflagellates; saxitoxin; cyanobacteria; paralytic_shellfish_toxins; toxin_production; sxtg; bloom; toxin_biosynthesis; paralytic_shellfish_poisoning; sxta; nutrient; biosynthesis dino_taxon; dino_taxon; toxin; cyano_taxon; toxin; biological_process; sxt_gene; env_factor; biological_process; toxin; sxt_gene; env_factor; biological_process
paralytic_shellfish_toxins,TOXIN,polyketide_synthase,BIOLOGICAL_PROCESS,process_toxin_association,0.6606650834690534,10,3.1575403948883136,203,0.1805555555555555,344,13,saxitoxin; dinoflagellate; phylogenetic; dinoflagellates; alexandrium_fundyense; alexandrium; toxicity; gymnodinium; light; gymnodinium_catenatum; sxta; expression; biosynthesis,TOXIN; DINO_TAXON; BIOLOGICAL_PROCESS; DINO_TAXON; DINO_TAXON; DINO_TAXON; BIOLOGICAL_PROCESS; DINO_TAXON; ENV_FACTOR; DINO_TAXON; SXT_GENE; BIOLOGICAL_PROCESS; BIOLOGICAL_PROCESS,dino_pre2016,unvalidated_candidate,1,paralytic_shellfish_toxins|||polyketide_synthase,Not observed post-2015,"The relationship between paralytic shellfish toxins and polyketide synthase was identified as a candidate missing link in the pre-2016 dinoflagellate knowledge graph. Historical graph connectivity includes bridge concepts such as saxitoxin, dinoflagellate, phylogenetic, dinoflagellates, alexandrium fundyense. This relationship should be interpreted as a literature-derived hypothesis rather than experimental evidence of a biological mechanism.",203,3.1575403948883136,Adamic–Adar,paralytic_shellfish_toxins polyketide_synthase toxin biological_process process_toxin_association saxitoxin; dinoflagellate; phylogenetic; dinoflagellates; alexandrium_fundyense; alexandrium; toxicity; gymnodinium; light; gymnodinium_catenatum; sxta; expression; biosynthesis toxin; dino_taxon; biological_process; dino_taxon; dino_taxon; dino_taxon; biological_process; dino_taxon; env_factor; dino_taxon; sxt_gene; biological_process; biological_process
paralytic_shellfish_poisoning,TOXIN,polyketide_synthase,BIOLOGICAL_PROCESS,process_toxin_association,0.5635427504809168,27,3.1575403948883136,203,0.1666666666666666,359,13,saxitoxin; dinoflagellate; phylogenetic; dinoflagellates; alexandrium_fundyense; alexandrium; toxicity; gymnodinium; light; gymnodinium_catenatum; sxta; expression; biosynthesis,TOXIN; DINO_TAXON; BIOLOGICAL_PROCESS; DINO_TAXON; DINO_TAXON; DINO_TAXON; BIOLOGICAL_PROCESS; DINO_TAXON; ENV_FACTOR; DINO_TAXON; SXT_GENE; BIOLOGICAL_PROCESS; BIOLOGICAL_PROCESS,dino_pre2016,unvalidated_candidate,1,paralytic_shellfish_poisoning|||polyketide_synthase,Not observed post-2015,"The relationship between paralytic shellfish poisoning and polyketide synthase was identified as a candidate missing link in the pre-2016 dinoflagellate knowledge graph. Historical graph connectivity includes bridge concepts such as saxitoxin, dinoflagellate, phylogenetic, dinoflagellates, alexandrium fundyense. This relationship should be interpreted as a literature-derived hypothesis rather than experimental evidence of a biological mechanism.",203,3.1575403948883136,Adamic–Adar,paralytic_shellfish_poisoning polyketide_synthase toxin biological_process process_toxin_association saxitoxin; dinoflagellate; phylogenetic; dinoflagellates; alexandrium_fundyense; alexandrium; toxicity; gymnodinium; light; gymnodinium_catenatum; sxta; expression; biosynthesis toxin; dino_taxon; biological_process; dino_taxon; dino_taxon; dino_taxon; biological_process; dino_taxon; env_factor; dino_taxon; sxt_gene; biological_process; biological_process
harmful_algal_bloom,ENV_FACTOR,sxtu,SXT_GENE,environment_gene_regulation,0.1966273059458526,414,3.148684700359224,205,0.2954545454545454,194,13,saxitoxin; cyanobacterial; cyanobacteria; paralytic_shellfish_toxins; dinoflagellate; mass_spectrometry; gymnodinium; paralytic_shellfish_poisoning; gymnodinium_catenatum; sxta; expression; dinoflagellates; biosynthesis,TOXIN; CYANO_TAXON; CYANO_TAXON; TOXIN; DINO_TAXON; DETECTION_METHOD; DINO_TAXON; TOXIN; DINO_TAXON; SXT_GENE; BIOLOGICAL_PROCESS; DINO_TAXON; BIOLOGICAL_PROCESS,dino_pre2016,unvalidated_candidate,1,harmful_algal_bloom|||sxtu,Not observed post-2015,"The relationship between harmful algal bloom and sxtu was identified as a candidate missing link in the pre-2016 dinoflagellate knowledge graph. Historical graph connectivity includes bridge concepts such as saxitoxin, cyanobacterial, cyanobacteria, paralytic shellfish toxins, dinoflagellate. This relationship should be interpreted as a literature-derived hypothesis rather than experimental evidence of a biological mechanism.",205,3.148684700359224,Adamic–Adar,harmful_algal_bloom sxtu env_factor sxt_gene environment_gene_regulation saxitoxin; cyanobacterial; cyanobacteria; paralytic_shellfish_toxins; dinoflagellate; mass_spectrometry; gymnodinium; paralytic_shellfish_poisoning; gymnodinium_catenatum; sxta; expression; dinoflagellates; biosynthesis toxin; cyano_taxon; cyano_taxon; toxin; dino_taxon; detection_method; dino_taxon; toxin; dino_taxon; sxt_gene; biological_process; dino_taxon; biological_process
alexandrium_ostenfeldii,DINO_TAXON,sxt_genes,SXT_GENE,taxon_gene_association,0.3561971390257674,186,3.1464375986667474,206,0.2765957446808511,215,13,saxitoxin; alexandrium; dinoflagellate; dinoflagellates; paralytic_shellfish_toxins; paralytic_shellfish_poisoning; cyanobacterial; toxicity; gymnodinium; bloom; light; phylogeny; phylogenetic,TOXIN; DINO_TAXON; DINO_TAXON; DINO_TAXON; TOXIN; TOXIN; CYANO_TAXON; BIOLOGICAL_PROCESS; DINO_TAXON; ENV_FACTOR; ENV_FACTOR; BIOLOGICAL_PROCESS; BIOLOGICAL_PROCESS,dino_pre2016,unvalidated_candidate,1,alexandrium_ostenfeldii|||sxt_genes,Not observed post-2015,"The relationship between alexandrium ostenfeldii and sxt genes was identified as a candidate missing link in the pre-2016 dinoflagellate knowledge graph. Historical graph connectivity includes bridge concepts such as saxitoxin, alexandrium, dinoflagellate, dinoflagellates, paralytic shellfish toxins. This relationship should be interpreted as a literature-derived hypothesis rather than experimental evidence of a biological mechanism.",206,3.1464375986667474,Adamic–Adar,alexandrium_ostenfeldii sxt_genes dino_taxon sxt_gene taxon_gene_association saxitoxin; alexandrium; dinoflagellate; dinoflagellates; paralytic_shellfish_toxins; paralytic_shellfish_poisoning; cyanobacterial; toxicity; gymnodinium; bloom; light; phylogeny; phylogenetic toxin; dino_taxon; dino_taxon; dino_taxon; toxin; toxin; cyano_taxon; biological_process; dino_taxon; env_factor; env_factor; biological_process; biological_process
gymnodinium_catenatum,DINO_TAXON,sxtd,SXT_GENE,taxon_gene_association,0.2582071658005753,335,3.144522917229504,207,0.2068965517241379,301,12,saxitoxin; cyanobacteria; paralytic_shellfish_toxins; mass_spectrometry; cyanobacterium; lc_ms; paralytic_shellfish_poisoning; sxta; expression; sxtu; lc_ms_ms; dinoflagellates,TOXIN; CYANO_TAXON; TOXIN; DETECTION_METHOD; CYANO_TAXON; DETECTION_METHOD; TOXIN; SXT_GENE; BIOLOGICAL_PROCESS; SXT_GENE; DETECTION_METHOD; DINO_TAXON,dino_pre2016,unvalidated_candidate,1,gymnodinium_catenatum|||sxtd,Not observed post-2015,"The relationship between gymnodinium catenatum and sxtd was identified as a candidate missing link in the pre-2016 dinoflagellate knowledge graph. Historical graph connectivity includes bridge concepts such as saxitoxin, cyanobacteria, paralytic shellfish toxins, mass spectrometry, cyanobacterium. This relationship should be interpreted as a literature-derived hypothesis rather than experimental evidence of a biological mechanism.",207,3.144522917229504,Adamic–Adar,gymnodinium_catenatum sxtd dino_taxon sxt_gene taxon_gene_association saxitoxin; cyanobacteria; paralytic_shellfish_toxins; mass_spectrometry; cyanobacterium; lc_ms; paralytic_shellfish_poisoning; sxta; expression; sxtu; lc_ms_ms; dinoflagellates toxin; cyano_taxon; toxin; detection_method; cyano_taxon; detection_method; toxin; sxt_gene; biological_process; sxt_gene; detection_method; dino_taxon
harmful_algal_bloom,ENV_FACTOR,sxtb,SXT_GENE,environment_gene_regulation,0.1823334189556156,425,3.139867071778053,208,0.325,159,13,dinoflagellate; sxta; dinoflagellates; saxitoxin; cyanobacterial; cyanobacteria; paralytic_shellfish_toxins; toxin_production; bloom; toxin_biosynthesis; paralytic_shellfish_poisoning; nutrient; biosynthesis,DINO_TAXON; SXT_GENE; DINO_TAXON; TOXIN; CYANO_TAXON; CYANO_TAXON; TOXIN; BIOLOGICAL_PROCESS; ENV_FACTOR; BIOLOGICAL_PROCESS; TOXIN; ENV_FACTOR; BIOLOGICAL_PROCESS,dino_pre2016,unvalidated_candidate,1,harmful_algal_bloom|||sxtb,Not observed post-2015,"The relationship between harmful algal bloom and sxtb was identified as a candidate missing link in the pre-2016 dinoflagellate knowledge graph. Historical graph connectivity includes bridge concepts such as dinoflagellate, sxta, dinoflagellates, saxitoxin, cyanobacterial. This relationship should be interpreted as a literature-derived hypothesis rather than experimental evidence of a biological mechanism.",208,3.139867071778053,Adamic–Adar,harmful_algal_bloom sxtb env_factor sxt_gene environment_gene_regulation dinoflagellate; sxta; dinoflagellates; saxitoxin; cyanobacterial; cyanobacteria; paralytic_shellfish_toxins; toxin_production; bloom; toxin_biosynthesis; paralytic_shellfish_poisoning; nutrient; biosynthesis dino_taxon; sxt_gene; dino_taxon; toxin; cyano_taxon; cyano_taxon; toxin; biological_process; env_factor; biological_process; toxin; env_factor; biological_process
sxta,SXT_GENE,resting_cyst,BIOLOGICAL_PROCESS,gene_process_association,0.3900762669464414,130,3.1341597936028016,209,0.2096774193548387,295,13,dinoflagellate; saxitoxin; paralytic_shellfish_toxins; alexandrium; toxicity; bloom; alexandrium_tamarense; gymnodinium; paralytic_shellfish_poisoning; hplc; gymnodinium_catenatum; phylogeny; biosynthesis,DINO_TAXON; TOXIN; TOXIN; DINO_TAXON; BIOLOGICAL_PROCESS; ENV_FACTOR; DINO_TAXON; DINO_TAXON; TOXIN; DETECTION_METHOD; DINO_TAXON; BIOLOGICAL_PROCESS; BIOLOGICAL_PROCESS,dino_pre2016,unvalidated_candidate,1,resting_cyst|||sxta,Not observed post-2015,"The relationship between sxta and resting cyst was identified as a candidate missing link in the pre-2016 dinoflagellate knowledge graph. Historical graph connectivity includes bridge concepts such as dinoflagellate, saxitoxin, paralytic shellfish toxins, alexandrium, toxicity. This relationship should be interpreted as a literature-derived hypothesis rather than experimental evidence of a biological mechanism.",209,3.1341597936028016,Adamic–Adar,sxta resting_cyst sxt_gene biological_process gene_process_association dinoflagellate; saxitoxin; paralytic_shellfish_toxins; alexandrium; toxicity; bloom; alexandrium_tamarense; gymnodinium; paralytic_shellfish_poisoning; hplc; gymnodinium_catenatum; phylogeny; biosynthesis dino_taxon; toxin; toxin; dino_taxon; biological_process; env_factor; dino_taxon; dino_taxon; toxin; detection_method; dino_taxon; biological_process; biological_process
neosaxitoxin,TOXIN,nitrogen_limitation,ENV_FACTOR,environment_toxin_association,0.3358324083896633,223,3.129733953361444,210,0.325,159,13,alexandrium; dinoflagellate; nutrient; cyanobacteria; paralytic_shellfish_toxins; alexandrium_fundyense; toxicity; alexandrium_tamarense; bloom; paralytic_shellfish_poisoning; nitrogen; dinoflagellates; biosynthesis,DINO_TAXON; DINO_TAXON; ENV_FACTOR; CYANO_TAXON; TOXIN; DINO_TAXON; BIOLOGICAL_PROCESS; DINO_TAXON; ENV_FACTOR; TOXIN; ENV_FACTOR; DINO_TAXON; BIOLOGICAL_PROCESS,dino_pre2016,unvalidated_candidate,1,neosaxitoxin|||nitrogen_limitation,Not observed post-2015,"The relationship between neosaxitoxin and nitrogen limitation was identified as a candidate missing link in the pre-2016 dinoflagellate knowledge graph. Historical graph connectivity includes bridge concepts such as alexandrium, dinoflagellate, nutrient, cyanobacteria, paralytic shellfish toxins. This relationship should be interpreted as a literature-derived hypothesis rather than experimental evidence of a biological mechanism.",210,3.129733953361444,Adamic–Adar,neosaxitoxin nitrogen_limitation toxin env_factor environment_toxin_association alexandrium; dinoflagellate; nutrient; cyanobacteria; paralytic_shellfish_toxins; alexandrium_fundyense; toxicity; alexandrium_tamarense; bloom; paralytic_shellfish_poisoning; nitrogen; dinoflagellates; biosynthesis dino_taxon; dino_taxon; env_factor; cyano_taxon; toxin; dino_taxon; biological_process; dino_taxon; env_factor; toxin; env_factor; dino_taxon; biological_process
anabaena,CYANO_TAXON,sxtd,SXT_GENE,cyano_gene_transfer_signal,0.4749212383009987,65,3.116165806976866,211,0.3243243243243243,161,12,saxitoxin; cyanobacteria; paralytic_shellfish_toxins; mass_spectrometry; dinoflagellates; cyanobacterium; lc_ms; paralytic_shellfish_poisoning; sxta; expression; lc_ms_ms; cylindrospermopsis,TOXIN; CYANO_TAXON; TOXIN; DETECTION_METHOD; DINO_TAXON; CYANO_TAXON; DETECTION_METHOD; TOXIN; SXT_GENE; BIOLOGICAL_PROCESS; DETECTION_METHOD; CYANO_TAXON,dino_pre2016,unvalidated_candidate,1,anabaena|||sxtd,Not observed post-2015,"The relationship between anabaena and sxtd was identified as a candidate missing link in the pre-2016 dinoflagellate knowledge graph. Historical graph connectivity includes bridge concepts such as saxitoxin, cyanobacteria, paralytic shellfish toxins, mass spectrometry, dinoflagellates. This relationship should be interpreted as a literature-derived hypothesis rather than experimental evidence of a biological mechanism.",211,3.116165806976866,Adamic–Adar,anabaena sxtd cyano_taxon sxt_gene cyano_gene_transfer_signal saxitoxin; cyanobacteria; paralytic_shellfish_toxins; mass_spectrometry; dinoflagellates; cyanobacterium; lc_ms; paralytic_shellfish_poisoning; sxta; expression; lc_ms_ms; cylindrospermopsis toxin; cyano_taxon; toxin; detection_method; dino_taxon; cyano_taxon; detection_method; toxin; sxt_gene; biological_process; detection_method; cyano_taxon
alexandrium,DINO_TAXON,sxtd,SXT_GENE,taxon_gene_association,0.3277627895885471,232,3.116165806976866,211,0.15,386,12,saxitoxin; cyanobacteria; paralytic_shellfish_toxins; mass_spectrometry; dinoflagellates; cyanobacterium; lc_ms; paralytic_shellfish_poisoning; sxta; expression; lc_ms_ms; cylindrospermopsis,TOXIN; CYANO_TAXON; TOXIN; DETECTION_METHOD; DINO_TAXON; CYANO_TAXON; DETECTION_METHOD; TOXIN; SXT_GENE; BIOLOGICAL_PROCESS; DETECTION_METHOD; CYANO_TAXON,dino_pre2016,unvalidated_candidate,1,alexandrium|||sxtd,Subsequently represented,"The relationship between alexandrium and sxtd was identified as a candidate missing link in the pre-2016 dinoflagellate knowledge graph. Historical graph connectivity includes bridge concepts such as saxitoxin, cyanobacteria, paralytic shellfish toxins, mass spectrometry, dinoflagellates. This relationship should be interpreted as a literature-derived hypothesis rather than experimental evidence of a biological mechanism.",211,3.116165806976866,Adamic–Adar,alexandrium sxtd dino_taxon sxt_gene taxon_gene_association saxitoxin; cyanobacteria; paralytic_shellfish_toxins; mass_spectrometry; dinoflagellates; cyanobacterium; lc_ms; paralytic_shellfish_poisoning; sxta; expression; lc_ms_ms; cylindrospermopsis toxin; cyano_taxon; toxin; detection_method; dino_taxon; cyano_taxon; detection_method; toxin; sxt_gene; biological_process; detection_method; cyano_taxon
alexandrium_tamiyavanichii,DINO_TAXON,cylindrospermopsis,CYANO_TAXON,cross_taxa_association,0.2882188281048286,287,3.115211843894571,213,0.3421052631578947,138,13,saxitoxin; toxicity; paralytic_shellfish_poisoning; dinoflagellates; cyanobacteria; paralytic_shellfish_toxins; pyrodinium; alexandrium; dinoflagellate; saxitoxin_biosynthesis; hplc; sxta; biosynthesis,TOXIN; BIOLOGICAL_PROCESS; TOXIN; DINO_TAXON; CYANO_TAXON; TOXIN; DINO_TAXON; DINO_TAXON; DINO_TAXON; BIOLOGICAL_PROCESS; DETECTION_METHOD; SXT_GENE; BIOLOGICAL_PROCESS,dino_pre2016,unvalidated_candidate,1,alexandrium_tamiyavanichii|||cylindrospermopsis,Not observed post-2015,"The relationship between alexandrium tamiyavanichii and cylindrospermopsis was identified as a candidate missing link in the pre-2016 dinoflagellate knowledge graph. Historical graph connectivity includes bridge concepts such as saxitoxin, toxicity, paralytic shellfish poisoning, dinoflagellates, cyanobacteria. This relationship should be interpreted as a literature-derived hypothesis rather than experimental evidence of a biological mechanism.",213,3.115211843894571,Adamic–Adar,alexandrium_tamiyavanichii cylindrospermopsis dino_taxon cyano_taxon cross_taxa_association saxitoxin; toxicity; paralytic_shellfish_poisoning; dinoflagellates; cyanobacteria; paralytic_shellfish_toxins; pyrodinium; alexandrium; dinoflagellate; saxitoxin_biosynthesis; hplc; sxta; biosynthesis toxin; biological_process; toxin; dino_taxon; cyano_taxon; toxin; dino_taxon; dino_taxon; dino_taxon; biological_process; detection_method; sxt_gene; biological_process
neosaxitoxin,TOXIN,transcription,BIOLOGICAL_PROCESS,process_toxin_association,0.3709560229442043,160,3.110203889926125,214,0.3095238095238095,183,13,alexandrium; saxitoxin; paralytic_shellfish_toxins; dinoflagellate; paralytic_shellfish_poisoning; gymnodinium; gymnodinium_catenatum; dinoflagellates; alexandrium_fundyense; bloom; alexandrium_catenella; alexandrium_minutum; biosynthesis,DINO_TAXON; TOXIN; TOXIN; DINO_TAXON; TOXIN; DINO_TAXON; DINO_TAXON; DINO_TAXON; DINO_TAXON; ENV_FACTOR; DINO_TAXON; DINO_TAXON; BIOLOGICAL_PROCESS,dino_pre2016,unvalidated_candidate,1,neosaxitoxin|||transcription,Not observed post-2015,"The relationship between neosaxitoxin and transcription was identified as a candidate missing link in the pre-2016 dinoflagellate knowledge graph. Historical graph connectivity includes bridge concepts such as alexandrium, saxitoxin, paralytic shellfish toxins, dinoflagellate, paralytic shellfish poisoning. This relationship should be interpreted as a literature-derived hypothesis rather than experimental evidence of a biological mechanism.",214,3.110203889926125,Adamic–Adar,neosaxitoxin transcription toxin biological_process process_toxin_association alexandrium; saxitoxin; paralytic_shellfish_toxins; dinoflagellate; paralytic_shellfish_poisoning; gymnodinium; gymnodinium_catenatum; dinoflagellates; alexandrium_fundyense; bloom; alexandrium_catenella; alexandrium_minutum; biosynthesis dino_taxon; toxin; toxin; dino_taxon; toxin; dino_taxon; dino_taxon; dino_taxon; dino_taxon; env_factor; dino_taxon; dino_taxon; biological_process
sxt_genes,SXT_GENE,lyngbya,CYANO_TAXON,cyano_gene_transfer_signal,0.2571775524828775,337,3.10560949987744,215,0.3421052631578947,138,13,cyanobacteria; dinoflagellates; saxitoxin; cyanobacterial; paralytic_shellfish_toxins; pyrodinium; alexandrium; toxicity; gymnodinium; bloom; paralytic_shellfish_poisoning; sxta; biosynthesis,CYANO_TAXON; DINO_TAXON; TOXIN; CYANO_TAXON; TOXIN; DINO_TAXON; DINO_TAXON; BIOLOGICAL_PROCESS; DINO_TAXON; ENV_FACTOR; TOXIN; SXT_GENE; BIOLOGICAL_PROCESS,dino_pre2016,unvalidated_candidate,1,lyngbya|||sxt_genes,Not observed post-2015,"The relationship between sxt genes and lyngbya was identified as a candidate missing link in the pre-2016 dinoflagellate knowledge graph. Historical graph connectivity includes bridge concepts such as cyanobacteria, dinoflagellates, saxitoxin, cyanobacterial, paralytic shellfish toxins. This relationship should be interpreted as a literature-derived hypothesis rather than experimental evidence of a biological mechanism.",215,3.10560949987744,Adamic–Adar,sxt_genes lyngbya sxt_gene cyano_taxon cyano_gene_transfer_signal cyanobacteria; dinoflagellates; saxitoxin; cyanobacterial; paralytic_shellfish_toxins; pyrodinium; alexandrium; toxicity; gymnodinium; bloom; paralytic_shellfish_poisoning; sxta; biosynthesis cyano_taxon; dino_taxon; toxin; cyano_taxon; toxin; dino_taxon; dino_taxon; biological_process; dino_taxon; env_factor; toxin; sxt_gene; biological_process
lyngbya,CYANO_TAXON,sxtu,SXT_GENE,cyano_gene_transfer_signal,0.4395331923707554,86,2.995801332089821,216,0.4,74,12,saxitoxin; cyanobacteria; cyanobacterial; paralytic_shellfish_toxins; cylindrospermopsis; gymnodinium; mass_spectrometry; cyanobacterium; paralytic_shellfish_poisoning; sxta; dinoflagellates; biosynthesis,TOXIN; CYANO_TAXON; CYANO_TAXON; TOXIN; CYANO_TAXON; DINO_TAXON; DETECTION_METHOD; CYANO_TAXON; TOXIN; SXT_GENE; DINO_TAXON; BIOLOGICAL_PROCESS,dino_pre2016,unvalidated_candidate,1,lyngbya|||sxtu,Not observed post-2015,"The relationship between lyngbya and sxtu was identified as a candidate missing link in the pre-2016 dinoflagellate knowledge graph. Historical graph connectivity includes bridge concepts such as saxitoxin, cyanobacteria, cyanobacterial, paralytic shellfish toxins, cylindrospermopsis. This relationship should be interpreted as a literature-derived hypothesis rather than experimental evidence of a biological mechanism.",216,2.995801332089821,Adamic–Adar,lyngbya sxtu cyano_taxon sxt_gene cyano_gene_transfer_signal saxitoxin; cyanobacteria; cyanobacterial; paralytic_shellfish_toxins; cylindrospermopsis; gymnodinium; mass_spectrometry; cyanobacterium; paralytic_shellfish_poisoning; sxta; dinoflagellates; biosynthesis toxin; cyano_taxon; cyano_taxon; toxin; cyano_taxon; dino_taxon; detection_method; cyano_taxon; toxin; sxt_gene; dino_taxon; biological_process
temperature,ENV_FACTOR,sxtb,SXT_GENE,environment_gene_regulation,0.2038637179795465,402,2.9630981442285367,217,0.2448979591836734,250,12,dinoflagellate; dinoflagellates; saxitoxin; paralytic_shellfish_toxins; climate; toxin_production; bloom; toxin_biosynthesis; paralytic_shellfish_poisoning; sxta; nutrient; biosynthesis,DINO_TAXON; DINO_TAXON; TOXIN; TOXIN; ENV_FACTOR; BIOLOGICAL_PROCESS; ENV_FACTOR; BIOLOGICAL_PROCESS; TOXIN; SXT_GENE; ENV_FACTOR; BIOLOGICAL_PROCESS,dino_pre2016,unvalidated_candidate,1,sxtb|||temperature,Not observed post-2015,"The relationship between temperature and sxtb was identified as a candidate missing link in the pre-2016 dinoflagellate knowledge graph. Historical graph connectivity includes bridge concepts such as dinoflagellate, dinoflagellates, saxitoxin, paralytic shellfish toxins, climate. This relationship should be interpreted as a literature-derived hypothesis rather than experimental evidence of a biological mechanism.",217,2.9630981442285367,Adamic–Adar,temperature sxtb env_factor sxt_gene environment_gene_regulation dinoflagellate; dinoflagellates; saxitoxin; paralytic_shellfish_toxins; climate; toxin_production; bloom; toxin_biosynthesis; paralytic_shellfish_poisoning; sxta; nutrient; biosynthesis dino_taxon; dino_taxon; toxin; toxin; env_factor; biological_process; env_factor; biological_process; toxin; sxt_gene; env_factor; biological_process
horizontal_gene_transfer,BIOLOGICAL_PROCESS,sxtb,SXT_GENE,gene_process_association,0.4816732418559858,60,2.94733181577184,218,0.4,74,12,cyanobacteria; dinoflagellates; saxitoxin; cyanobacterial; paralytic_shellfish_toxins; dinoflagellate; evolution; sxtg; toxin_biosynthesis; paralytic_shellfish_poisoning; sxta; biosynthesis,CYANO_TAXON; DINO_TAXON; TOXIN; CYANO_TAXON; TOXIN; DINO_TAXON; BIOLOGICAL_PROCESS; SXT_GENE; BIOLOGICAL_PROCESS; TOXIN; SXT_GENE; BIOLOGICAL_PROCESS,dino_pre2016,unvalidated_candidate,1,horizontal_gene_transfer|||sxtb,Subsequently represented,"The relationship between horizontal gene transfer and sxtb was identified as a candidate missing link in the pre-2016 dinoflagellate knowledge graph. Historical graph connectivity includes bridge concepts such as cyanobacteria, dinoflagellates, saxitoxin, cyanobacterial, paralytic shellfish toxins. This relationship should be interpreted as a literature-derived hypothesis rather than experimental evidence of a biological mechanism.",218,2.94733181577184,Adamic–Adar,horizontal_gene_transfer sxtb biological_process sxt_gene gene_process_association cyanobacteria; dinoflagellates; saxitoxin; cyanobacterial; paralytic_shellfish_toxins; dinoflagellate; evolution; sxtg; toxin_biosynthesis; paralytic_shellfish_poisoning; sxta; biosynthesis cyano_taxon; dino_taxon; toxin; cyano_taxon; toxin; dino_taxon; biological_process; sxt_gene; biological_process; toxin; sxt_gene; biological_process
transcriptomic,BIOLOGICAL_PROCESS,sxtb,SXT_GENE,gene_process_association,0.4064148497488297,109,2.9343003356193864,219,0.4137931034482758,69,12,cyanobacteria; dinoflagellate; dinoflagellates; saxitoxin; paralytic_shellfish_toxins; transcriptome; evolution; toxin_production; bloom; paralytic_shellfish_poisoning; nutrient; biosynthesis,CYANO_TAXON; DINO_TAXON; DINO_TAXON; TOXIN; TOXIN; BIOLOGICAL_PROCESS; BIOLOGICAL_PROCESS; BIOLOGICAL_PROCESS; ENV_FACTOR; TOXIN; ENV_FACTOR; BIOLOGICAL_PROCESS,dino_pre2016,unvalidated_candidate,1,sxtb|||transcriptomic,Subsequently represented,"The relationship between transcriptomic and sxtb was identified as a candidate missing link in the pre-2016 dinoflagellate knowledge graph. Historical graph connectivity includes bridge concepts such as cyanobacteria, dinoflagellate, dinoflagellates, saxitoxin, paralytic shellfish toxins. This relationship should be interpreted as a literature-derived hypothesis rather than experimental evidence of a biological mechanism.",219,2.9343003356193864,Adamic–Adar,transcriptomic sxtb biological_process sxt_gene gene_process_association cyanobacteria; dinoflagellate; dinoflagellates; saxitoxin; paralytic_shellfish_toxins; transcriptome; evolution; toxin_production; bloom; paralytic_shellfish_poisoning; nutrient; biosynthesis cyano_taxon; dino_taxon; dino_taxon; toxin; toxin; biological_process; biological_process; biological_process; env_factor; toxin; env_factor; biological_process
horizontal_gene_transfer,BIOLOGICAL_PROCESS,sxti,SXT_GENE,gene_process_association,0.595285063308358,22,2.9331380667127926,220,0.4444444444444444,41,12,saxitoxin; cyanobacterial; cyanobacteria; dinoflagellate; alexandrium; saxitoxin_biosynthesis; paralytic_shellfish_poisoning; sxta; phylogeny; phylogenetic; dinoflagellates; biosynthesis,TOXIN; CYANO_TAXON; CYANO_TAXON; DINO_TAXON; DINO_TAXON; BIOLOGICAL_PROCESS; TOXIN; SXT_GENE; BIOLOGICAL_PROCESS; BIOLOGICAL_PROCESS; DINO_TAXON; BIOLOGICAL_PROCESS,dino_pre2016,unvalidated_candidate,1,horizontal_gene_transfer|||sxti,Subsequently represented,"The relationship between horizontal gene transfer and sxti was identified as a candidate missing link in the pre-2016 dinoflagellate knowledge graph. Historical graph connectivity includes bridge concepts such as saxitoxin, cyanobacterial, cyanobacteria, dinoflagellate, alexandrium. This relationship should be interpreted as a literature-derived hypothesis rather than experimental evidence of a biological mechanism.",220,2.9331380667127926,Adamic–Adar,horizontal_gene_transfer sxti biological_process sxt_gene gene_process_association saxitoxin; cyanobacterial; cyanobacteria; dinoflagellate; alexandrium; saxitoxin_biosynthesis; paralytic_shellfish_poisoning; sxta; phylogeny; phylogenetic; dinoflagellates; biosynthesis toxin; cyano_taxon; cyano_taxon; dino_taxon; dino_taxon; biological_process; toxin; sxt_gene; biological_process; biological_process; dino_taxon; biological_process
toxin_biosynthesis,BIOLOGICAL_PROCESS,sxti,SXT_GENE,gene_process_association,0.560827298460668,29,2.9331380667127926,220,0.2727272727272727,221,12,saxitoxin; cyanobacterial; cyanobacteria; dinoflagellate; alexandrium; saxitoxin_biosynthesis; paralytic_shellfish_poisoning; sxta; phylogeny; phylogenetic; dinoflagellates; biosynthesis,TOXIN; CYANO_TAXON; CYANO_TAXON; DINO_TAXON; DINO_TAXON; BIOLOGICAL_PROCESS; TOXIN; SXT_GENE; BIOLOGICAL_PROCESS; BIOLOGICAL_PROCESS; DINO_TAXON; BIOLOGICAL_PROCESS,dino_pre2016,unvalidated_candidate,1,sxti|||toxin_biosynthesis,Subsequently represented,"The relationship between toxin biosynthesis and sxti was identified as a candidate missing link in the pre-2016 dinoflagellate knowledge graph. Historical graph connectivity includes bridge concepts such as saxitoxin, cyanobacterial, cyanobacteria, dinoflagellate, alexandrium. This relationship should be interpreted as a literature-derived hypothesis rather than experimental evidence of a biological mechanism.",220,2.9331380667127926,Adamic–Adar,toxin_biosynthesis sxti biological_process sxt_gene gene_process_association saxitoxin; cyanobacterial; cyanobacteria; dinoflagellate; alexandrium; saxitoxin_biosynthesis; paralytic_shellfish_poisoning; sxta; phylogeny; phylogenetic; dinoflagellates; biosynthesis toxin; cyano_taxon; cyano_taxon; dino_taxon; dino_taxon; biological_process; toxin; sxt_gene; biological_process; biological_process; dino_taxon; biological_process
alexandrium_tamarense,DINO_TAXON,sxti,SXT_GENE,taxon_gene_association,0.4061890257129955,111,2.9331380667127926,220,0.2142857142857142,288,12,saxitoxin; cyanobacterial; cyanobacteria; dinoflagellate; alexandrium; saxitoxin_biosynthesis; paralytic_shellfish_poisoning; sxta; phylogeny; phylogenetic; dinoflagellates; biosynthesis,TOXIN; CYANO_TAXON; CYANO_TAXON; DINO_TAXON; DINO_TAXON; BIOLOGICAL_PROCESS; TOXIN; SXT_GENE; BIOLOGICAL_PROCESS; BIOLOGICAL_PROCESS; DINO_TAXON; BIOLOGICAL_PROCESS,dino_pre2016,unvalidated_candidate,1,alexandrium_tamarense|||sxti,Not observed post-2015,"The relationship between alexandrium tamarense and sxti was identified as a candidate missing link in the pre-2016 dinoflagellate knowledge graph. Historical graph connectivity includes bridge concepts such as saxitoxin, cyanobacterial, cyanobacteria, dinoflagellate, alexandrium. This relationship should be interpreted as a literature-derived hypothesis rather than experimental evidence of a biological mechanism.",220,2.9331380667127926,Adamic–Adar,alexandrium_tamarense sxti dino_taxon sxt_gene taxon_gene_association saxitoxin; cyanobacterial; cyanobacteria; dinoflagellate; alexandrium; saxitoxin_biosynthesis; paralytic_shellfish_poisoning; sxta; phylogeny; phylogenetic; dinoflagellates; biosynthesis toxin; cyano_taxon; cyano_taxon; dino_taxon; dino_taxon; biological_process; toxin; sxt_gene; biological_process; biological_process; dino_taxon; biological_process
aphanizomenon,CYANO_TAXON,sxti,SXT_GENE,cyano_gene_transfer_signal,0.432018153352329,90,2.92121389892907,223,0.4285714285714285,57,12,saxitoxin; cyanobacterial; cyanobacteria; pyrodinium; dinoflagellate; alexandrium; paralytic_shellfish_poisoning; sxta; phylogeny; phylogenetic; dinoflagellates; biosynthesis,TOXIN; CYANO_TAXON; CYANO_TAXON; DINO_TAXON; DINO_TAXON; DINO_TAXON; TOXIN; SXT_GENE; BIOLOGICAL_PROCESS; BIOLOGICAL_PROCESS; DINO_TAXON; BIOLOGICAL_PROCESS,dino_pre2016,unvalidated_candidate,1,aphanizomenon|||sxti,Not observed post-2015,"The relationship between aphanizomenon and sxti was identified as a candidate missing link in the pre-2016 dinoflagellate knowledge graph. Historical graph connectivity includes bridge concepts such as saxitoxin, cyanobacterial, cyanobacteria, pyrodinium, dinoflagellate. This relationship should be interpreted as a literature-derived hypothesis rather than experimental evidence of a biological mechanism.",223,2.92121389892907,Adamic–Adar,aphanizomenon sxti cyano_taxon sxt_gene cyano_gene_transfer_signal saxitoxin; cyanobacterial; cyanobacteria; pyrodinium; dinoflagellate; alexandrium; paralytic_shellfish_poisoning; sxta; phylogeny; phylogenetic; dinoflagellates; biosynthesis toxin; cyano_taxon; cyano_taxon; dino_taxon; dino_taxon; dino_taxon; toxin; sxt_gene; biological_process; biological_process; dino_taxon; biological_process
cylindrospermopsis,CYANO_TAXON,sxti,SXT_GENE,cyano_gene_transfer_signal,0.4509751315585178,76,2.9097049720725003,224,0.4,74,12,saxitoxin; cyanobacterial; cyanobacteria; pyrodinium; dinoflagellate; alexandrium; saxitoxin_biosynthesis; paralytic_shellfish_poisoning; sxta; phylogenetic; dinoflagellates; biosynthesis,TOXIN; CYANO_TAXON; CYANO_TAXON; DINO_TAXON; DINO_TAXON; DINO_TAXON; BIOLOGICAL_PROCESS; TOXIN; SXT_GENE; BIOLOGICAL_PROCESS; DINO_TAXON; BIOLOGICAL_PROCESS,dino_pre2016,unvalidated_candidate,1,cylindrospermopsis|||sxti,Not observed post-2015,"The relationship between cylindrospermopsis and sxti was identified as a candidate missing link in the pre-2016 dinoflagellate knowledge graph. Historical graph connectivity includes bridge concepts such as saxitoxin, cyanobacterial, cyanobacteria, pyrodinium, dinoflagellate. This relationship should be interpreted as a literature-derived hypothesis rather than experimental evidence of a biological mechanism.",224,2.9097049720725003,Adamic–Adar,cylindrospermopsis sxti cyano_taxon sxt_gene cyano_gene_transfer_signal saxitoxin; cyanobacterial; cyanobacteria; pyrodinium; dinoflagellate; alexandrium; saxitoxin_biosynthesis; paralytic_shellfish_poisoning; sxta; phylogenetic; dinoflagellates; biosynthesis toxin; cyano_taxon; cyano_taxon; dino_taxon; dino_taxon; dino_taxon; biological_process; toxin; sxt_gene; biological_process; dino_taxon; biological_process
aphanizomenon,CYANO_TAXON,sxtb,SXT_GENE,cyano_gene_transfer_signal,0.3187563468919961,246,2.907832618243235,225,0.3870967741935484,86,12,cyanobacterial; cyanobacteria; dinoflagellate; dinoflagellates; saxitoxin; paralytic_shellfish_toxins; evolution; bloom; toxin_biosynthesis; paralytic_shellfish_poisoning; sxta; biosynthesis,CYANO_TAXON; CYANO_TAXON; DINO_TAXON; DINO_TAXON; TOXIN; TOXIN; BIOLOGICAL_PROCESS; ENV_FACTOR; BIOLOGICAL_PROCESS; TOXIN; SXT_GENE; BIOLOGICAL_PROCESS,dino_pre2016,unvalidated_candidate,1,aphanizomenon|||sxtb,Not observed post-2015,"The relationship between aphanizomenon and sxtb was identified as a candidate missing link in the pre-2016 dinoflagellate knowledge graph. Historical graph connectivity includes bridge concepts such as cyanobacterial, cyanobacteria, dinoflagellate, dinoflagellates, saxitoxin. This relationship should be interpreted as a literature-derived hypothesis rather than experimental evidence of a biological mechanism.",225,2.907832618243235,Adamic–Adar,aphanizomenon sxtb cyano_taxon sxt_gene cyano_gene_transfer_signal cyanobacterial; cyanobacteria; dinoflagellate; dinoflagellates; saxitoxin; paralytic_shellfish_toxins; evolution; bloom; toxin_biosynthesis; paralytic_shellfish_poisoning; sxta; biosynthesis cyano_taxon; cyano_taxon; dino_taxon; dino_taxon; toxin; toxin; biological_process; env_factor; biological_process; toxin; sxt_gene; biological_process
anabaena,CYANO_TAXON,sxtb,SXT_GENE,cyano_gene_transfer_signal,0.4121460611964919,106,2.907832618243235,225,0.2926829268292683,197,12,cyanobacterial; cyanobacteria; dinoflagellate; sxta; dinoflagellates; saxitoxin; paralytic_shellfish_toxins; evolution; bloom; toxin_biosynthesis; paralytic_shellfish_poisoning; biosynthesis,CYANO_TAXON; CYANO_TAXON; DINO_TAXON; SXT_GENE; DINO_TAXON; TOXIN; TOXIN; BIOLOGICAL_PROCESS; ENV_FACTOR; BIOLOGICAL_PROCESS; TOXIN; BIOLOGICAL_PROCESS,dino_pre2016,unvalidated_candidate,1,anabaena|||sxtb,Not observed post-2015,"The relationship between anabaena and sxtb was identified as a candidate missing link in the pre-2016 dinoflagellate knowledge graph. Historical graph connectivity includes bridge concepts such as cyanobacterial, cyanobacteria, dinoflagellate, sxta, dinoflagellates. This relationship should be interpreted as a literature-derived hypothesis rather than experimental evidence of a biological mechanism.",225,2.907832618243235,Adamic–Adar,anabaena sxtb cyano_taxon sxt_gene cyano_gene_transfer_signal cyanobacterial; cyanobacteria; dinoflagellate; sxta; dinoflagellates; saxitoxin; paralytic_shellfish_toxins; evolution; bloom; toxin_biosynthesis; paralytic_shellfish_poisoning; biosynthesis cyano_taxon; cyano_taxon; dino_taxon; sxt_gene; dino_taxon; toxin; toxin; biological_process; env_factor; biological_process; toxin; biological_process
sxtg,SXT_GENE,polyketide_synthase,BIOLOGICAL_PROCESS,gene_process_association,0.5608997025642467,28,2.9032056167442715,227,0.3243243243243243,161,12,saxitoxin; dinoflagellate; dinoflagellates; alexandrium_fundyense; alexandrium; toxicity; gymnodinium; gymnodinium_catenatum; sxta; expression; phylogenetic; biosynthesis,TOXIN; DINO_TAXON; DINO_TAXON; DINO_TAXON; DINO_TAXON; BIOLOGICAL_PROCESS; DINO_TAXON; DINO_TAXON; SXT_GENE; BIOLOGICAL_PROCESS; BIOLOGICAL_PROCESS; BIOLOGICAL_PROCESS,dino_pre2016,unvalidated_candidate,1,polyketide_synthase|||sxtg,Not observed post-2015,"The relationship between sxtg and polyketide synthase was identified as a candidate missing link in the pre-2016 dinoflagellate knowledge graph. Historical graph connectivity includes bridge concepts such as saxitoxin, dinoflagellate, dinoflagellates, alexandrium fundyense, alexandrium. This relationship should be interpreted as a literature-derived hypothesis rather than experimental evidence of a biological mechanism.",227,2.9032056167442715,Adamic–Adar,sxtg polyketide_synthase sxt_gene biological_process gene_process_association saxitoxin; dinoflagellate; dinoflagellates; alexandrium_fundyense; alexandrium; toxicity; gymnodinium; gymnodinium_catenatum; sxta; expression; phylogenetic; biosynthesis toxin; dino_taxon; dino_taxon; dino_taxon; dino_taxon; biological_process; dino_taxon; dino_taxon; sxt_gene; biological_process; biological_process; biological_process
sxt_genes,SXT_GENE,polyketide_synthase,BIOLOGICAL_PROCESS,gene_process_association,0.6088993543061678,19,2.900591223703439,228,0.3870967741935484,86,12,saxitoxin; dinoflagellate; phylogenetic; dinoflagellates; alexandrium; toxicity; gymnodinium; light; gymnodinium_catenatum; sxta; expression; biosynthesis,TOXIN; DINO_TAXON; BIOLOGICAL_PROCESS; DINO_TAXON; DINO_TAXON; BIOLOGICAL_PROCESS; DINO_TAXON; ENV_FACTOR; DINO_TAXON; SXT_GENE; BIOLOGICAL_PROCESS; BIOLOGICAL_PROCESS,dino_pre2016,unvalidated_candidate,1,polyketide_synthase|||sxt_genes,Not observed post-2015,"The relationship between sxt genes and polyketide synthase was identified as a candidate missing link in the pre-2016 dinoflagellate knowledge graph. Historical graph connectivity includes bridge concepts such as saxitoxin, dinoflagellate, phylogenetic, dinoflagellates, alexandrium. This relationship should be interpreted as a literature-derived hypothesis rather than experimental evidence of a biological mechanism.",228,2.900591223703439,Adamic–Adar,sxt_genes polyketide_synthase sxt_gene biological_process gene_process_association saxitoxin; dinoflagellate; phylogenetic; dinoflagellates; alexandrium; toxicity; gymnodinium; light; gymnodinium_catenatum; sxta; expression; biosynthesis toxin; dino_taxon; biological_process; dino_taxon; dino_taxon; biological_process; dino_taxon; env_factor; dino_taxon; sxt_gene; biological_process; biological_process
gonyautoxin,TOXIN,polyketide_synthase,BIOLOGICAL_PROCESS,process_toxin_association,0.5375382093153431,35,2.900591223703439,228,0.2307692307692307,265,12,saxitoxin; dinoflagellate; phylogenetic; dinoflagellates; alexandrium; toxicity; gymnodinium; light; gymnodinium_catenatum; sxta; expression; biosynthesis,TOXIN; DINO_TAXON; BIOLOGICAL_PROCESS; DINO_TAXON; DINO_TAXON; BIOLOGICAL_PROCESS; DINO_TAXON; ENV_FACTOR; DINO_TAXON; SXT_GENE; BIOLOGICAL_PROCESS; BIOLOGICAL_PROCESS,dino_pre2016,unvalidated_candidate,1,gonyautoxin|||polyketide_synthase,Not observed post-2015,"The relationship between gonyautoxin and polyketide synthase was identified as a candidate missing link in the pre-2016 dinoflagellate knowledge graph. Historical graph connectivity includes bridge concepts such as saxitoxin, dinoflagellate, phylogenetic, dinoflagellates, alexandrium. This relationship should be interpreted as a literature-derived hypothesis rather than experimental evidence of a biological mechanism.",228,2.900591223703439,Adamic–Adar,gonyautoxin polyketide_synthase toxin biological_process process_toxin_association saxitoxin; dinoflagellate; phylogenetic; dinoflagellates; alexandrium; toxicity; gymnodinium; light; gymnodinium_catenatum; sxta; expression; biosynthesis toxin; dino_taxon; biological_process; dino_taxon; dino_taxon; biological_process; dino_taxon; env_factor; dino_taxon; sxt_gene; biological_process; biological_process
sxt_genes,SXT_GENE,nitrogen_limitation,ENV_FACTOR,environment_gene_regulation,0.2278103108918554,378,2.887364986074034,230,0.3428571428571428,137,12,alexandrium; dinoflagellate; cyanobacteria; paralytic_shellfish_toxins; toxicity; alexandrium_tamarense; bloom; toxin_biosynthesis; paralytic_shellfish_poisoning; expression; dinoflagellates; biosynthesis,DINO_TAXON; DINO_TAXON; CYANO_TAXON; TOXIN; BIOLOGICAL_PROCESS; DINO_TAXON; ENV_FACTOR; BIOLOGICAL_PROCESS; TOXIN; BIOLOGICAL_PROCESS; DINO_TAXON; BIOLOGICAL_PROCESS,dino_pre2016,unvalidated_candidate,1,nitrogen_limitation|||sxt_genes,Not observed post-2015,"The relationship between sxt genes and nitrogen limitation was identified as a candidate missing link in the pre-2016 dinoflagellate knowledge graph. Historical graph connectivity includes bridge concepts such as alexandrium, dinoflagellate, cyanobacteria, paralytic shellfish toxins, toxicity. This relationship should be interpreted as a literature-derived hypothesis rather than experimental evidence of a biological mechanism.",230,2.887364986074034,Adamic–Adar,sxt_genes nitrogen_limitation sxt_gene env_factor environment_gene_regulation alexandrium; dinoflagellate; cyanobacteria; paralytic_shellfish_toxins; toxicity; alexandrium_tamarense; bloom; toxin_biosynthesis; paralytic_shellfish_poisoning; expression; dinoflagellates; biosynthesis dino_taxon; dino_taxon; cyano_taxon; toxin; biological_process; dino_taxon; env_factor; biological_process; toxin; biological_process; dino_taxon; biological_process
sxt_genes,SXT_GENE,resting_cyst,BIOLOGICAL_PROCESS,gene_process_association,0.4172915888901632,102,2.88682184665275,231,0.3529411764705882,123,12,dinoflagellate; saxitoxin; paralytic_shellfish_toxins; alexandrium; toxicity; alexandrium_tamarense; gymnodinium; bloom; paralytic_shellfish_poisoning; gymnodinium_catenatum; phylogeny; biosynthesis,DINO_TAXON; TOXIN; TOXIN; DINO_TAXON; BIOLOGICAL_PROCESS; DINO_TAXON; DINO_TAXON; ENV_FACTOR; TOXIN; DINO_TAXON; BIOLOGICAL_PROCESS; BIOLOGICAL_PROCESS,dino_pre2016,unvalidated_candidate,1,resting_cyst|||sxt_genes,Not observed post-2015,"The relationship between sxt genes and resting cyst was identified as a candidate missing link in the pre-2016 dinoflagellate knowledge graph. Historical graph connectivity includes bridge concepts such as dinoflagellate, saxitoxin, paralytic shellfish toxins, alexandrium, toxicity. This relationship should be interpreted as a literature-derived hypothesis rather than experimental evidence of a biological mechanism.",231,2.88682184665275,Adamic–Adar,sxt_genes resting_cyst sxt_gene biological_process gene_process_association dinoflagellate; saxitoxin; paralytic_shellfish_toxins; alexandrium; toxicity; alexandrium_tamarense; gymnodinium; bloom; paralytic_shellfish_poisoning; gymnodinium_catenatum; phylogeny; biosynthesis dino_taxon; toxin; toxin; dino_taxon; biological_process; dino_taxon; dino_taxon; env_factor; toxin; dino_taxon; biological_process; biological_process
alexandrium_ostenfeldii,DINO_TAXON,lyngbya,CYANO_TAXON,cross_taxa_association,0.27663582125421,304,2.88395236055492,232,0.3076923076923077,185,12,dinoflagellates; saxitoxin; paralytic_shellfish_toxins; hplc; cyanobacterial; alexandrium; toxicity; mass_spectrometry; toxin_production; bloom; gymnodinium; paralytic_shellfish_poisoning,DINO_TAXON; TOXIN; TOXIN; DETECTION_METHOD; CYANO_TAXON; DINO_TAXON; BIOLOGICAL_PROCESS; DETECTION_METHOD; BIOLOGICAL_PROCESS; ENV_FACTOR; DINO_TAXON; TOXIN,dino_pre2016,unvalidated_candidate,1,alexandrium_ostenfeldii|||lyngbya,Not observed post-2015,"The relationship between alexandrium ostenfeldii and lyngbya was identified as a candidate missing link in the pre-2016 dinoflagellate knowledge graph. Historical graph connectivity includes bridge concepts such as dinoflagellates, saxitoxin, paralytic shellfish toxins, hplc, cyanobacterial. This relationship should be interpreted as a literature-derived hypothesis rather than experimental evidence of a biological mechanism.",232,2.88395236055492,Adamic–Adar,alexandrium_ostenfeldii lyngbya dino_taxon cyano_taxon cross_taxa_association dinoflagellates; saxitoxin; paralytic_shellfish_toxins; hplc; cyanobacterial; alexandrium; toxicity; mass_spectrometry; toxin_production; bloom; gymnodinium; paralytic_shellfish_poisoning dino_taxon; toxin; toxin; detection_method; cyano_taxon; dino_taxon; biological_process; detection_method; biological_process; env_factor; dino_taxon; toxin
alexandrium_tamiyavanichii,DINO_TAXON,lyngbya,CYANO_TAXON,cross_taxa_association,0.2674080951633095,322,2.862003744221579,233,0.375,96,12,dinoflagellates; saxitoxin; hplc; cyanobacteria; paralytic_shellfish_toxins; pyrodinium; alexandrium; toxicity; toxin_production; paralytic_shellfish_poisoning; sxta; biosynthesis,DINO_TAXON; TOXIN; DETECTION_METHOD; CYANO_TAXON; TOXIN; DINO_TAXON; DINO_TAXON; BIOLOGICAL_PROCESS; BIOLOGICAL_PROCESS; TOXIN; SXT_GENE; BIOLOGICAL_PROCESS,dino_pre2016,unvalidated_candidate,1,alexandrium_tamiyavanichii|||lyngbya,Not observed post-2015,"The relationship between alexandrium tamiyavanichii and lyngbya was identified as a candidate missing link in the pre-2016 dinoflagellate knowledge graph. Historical graph connectivity includes bridge concepts such as dinoflagellates, saxitoxin, hplc, cyanobacteria, paralytic shellfish toxins. This relationship should be interpreted as a literature-derived hypothesis rather than experimental evidence of a biological mechanism.",233,2.862003744221579,Adamic–Adar,alexandrium_tamiyavanichii lyngbya dino_taxon cyano_taxon cross_taxa_association dinoflagellates; saxitoxin; hplc; cyanobacteria; paralytic_shellfish_toxins; pyrodinium; alexandrium; toxicity; toxin_production; paralytic_shellfish_poisoning; sxta; biosynthesis dino_taxon; toxin; detection_method; cyano_taxon; toxin; dino_taxon; dino_taxon; biological_process; biological_process; toxin; sxt_gene; biological_process
sxt_genes,SXT_GENE,irradiance,ENV_FACTOR,environment_gene_regulation,0.3414880682641444,216,2.8576899060251355,234,0.3076923076923077,185,12,alexandrium; dinoflagellate; dinoflagellates; saxitoxin; paralytic_shellfish_toxins; paralytic_shellfish_poisoning; toxicity; gymnodinium; bloom; alexandrium_catenella; light; gymnodinium_catenatum,DINO_TAXON; DINO_TAXON; DINO_TAXON; TOXIN; TOXIN; TOXIN; BIOLOGICAL_PROCESS; DINO_TAXON; ENV_FACTOR; DINO_TAXON; ENV_FACTOR; DINO_TAXON,dino_pre2016,unvalidated_candidate,1,irradiance|||sxt_genes,Not observed post-2015,"The relationship between sxt genes and irradiance was identified as a candidate missing link in the pre-2016 dinoflagellate knowledge graph. Historical graph connectivity includes bridge concepts such as alexandrium, dinoflagellate, dinoflagellates, saxitoxin, paralytic shellfish toxins. This relationship should be interpreted as a literature-derived hypothesis rather than experimental evidence of a biological mechanism.",234,2.8576899060251355,Adamic–Adar,sxt_genes irradiance sxt_gene env_factor environment_gene_regulation alexandrium; dinoflagellate; dinoflagellates; saxitoxin; paralytic_shellfish_toxins; paralytic_shellfish_poisoning; toxicity; gymnodinium; bloom; alexandrium_catenella; light; gymnodinium_catenatum dino_taxon; dino_taxon; dino_taxon; toxin; toxin; toxin; biological_process; dino_taxon; env_factor; dino_taxon; env_factor; dino_taxon
alexandrium_tamiyavanichii,DINO_TAXON,aphanizomenon,CYANO_TAXON,cross_taxa_association,0.318074844922865,248,2.8476654574755176,235,0.3243243243243243,161,12,dinoflagellate; saxitoxin; alexandrium; paralytic_shellfish_poisoning; hplc; dinoflagellates; cyanobacteria; paralytic_shellfish_toxins; pyrodinium; toxicity; sxta; biosynthesis,DINO_TAXON; TOXIN; DINO_TAXON; TOXIN; DETECTION_METHOD; DINO_TAXON; CYANO_TAXON; TOXIN; DINO_TAXON; BIOLOGICAL_PROCESS; SXT_GENE; BIOLOGICAL_PROCESS,dino_pre2016,unvalidated_candidate,1,alexandrium_tamiyavanichii|||aphanizomenon,Not observed post-2015,"The relationship between alexandrium tamiyavanichii and aphanizomenon was identified as a candidate missing link in the pre-2016 dinoflagellate knowledge graph. Historical graph connectivity includes bridge concepts such as dinoflagellate, saxitoxin, alexandrium, paralytic shellfish poisoning, hplc. This relationship should be interpreted as a literature-derived hypothesis rather than experimental evidence of a biological mechanism.",235,2.8476654574755176,Adamic–Adar,alexandrium_tamiyavanichii aphanizomenon dino_taxon cyano_taxon cross_taxa_association dinoflagellate; saxitoxin; alexandrium; paralytic_shellfish_poisoning; hplc; dinoflagellates; cyanobacteria; paralytic_shellfish_toxins; pyrodinium; toxicity; sxta; biosynthesis dino_taxon; toxin; dino_taxon; toxin; detection_method; dino_taxon; cyano_taxon; toxin; dino_taxon; biological_process; sxt_gene; biological_process
phylogenetic,BIOLOGICAL_PROCESS,sxtd,SXT_GENE,gene_process_association,0.4298881247008053,91,2.846388073234459,236,0.22,281,11,saxitoxin; cyanobacteria; paralytic_shellfish_toxins; mass_spectrometry; dinoflagellates; cyanobacterium; paralytic_shellfish_poisoning; sxta; expression; sxtu; cylindrospermopsis,TOXIN; CYANO_TAXON; TOXIN; DETECTION_METHOD; DINO_TAXON; CYANO_TAXON; TOXIN; SXT_GENE; BIOLOGICAL_PROCESS; SXT_GENE; CYANO_TAXON,dino_pre2016,unvalidated_candidate,1,phylogenetic|||sxtd,Subsequently represented,"The relationship between phylogenetic and sxtd was identified as a candidate missing link in the pre-2016 dinoflagellate knowledge graph. Historical graph connectivity includes bridge concepts such as saxitoxin, cyanobacteria, paralytic shellfish toxins, mass spectrometry, dinoflagellates. This relationship should be interpreted as a literature-derived hypothesis rather than experimental evidence of a biological mechanism.",236,2.846388073234459,Adamic–Adar,phylogenetic sxtd biological_process sxt_gene gene_process_association saxitoxin; cyanobacteria; paralytic_shellfish_toxins; mass_spectrometry; dinoflagellates; cyanobacterium; paralytic_shellfish_poisoning; sxta; expression; sxtu; cylindrospermopsis toxin; cyano_taxon; toxin; detection_method; dino_taxon; cyano_taxon; toxin; sxt_gene; biological_process; sxt_gene; cyano_taxon
cyanobacterial,CYANO_TAXON,sxtd,SXT_GENE,cyano_gene_transfer_signal,0.3260826898086567,238,2.846388073234459,236,0.2075471698113207,300,11,saxitoxin; cyanobacteria; paralytic_shellfish_toxins; mass_spectrometry; dinoflagellates; cyanobacterium; paralytic_shellfish_poisoning; sxta; expression; sxtu; cylindrospermopsis,TOXIN; CYANO_TAXON; TOXIN; DETECTION_METHOD; DINO_TAXON; CYANO_TAXON; TOXIN; SXT_GENE; BIOLOGICAL_PROCESS; SXT_GENE; CYANO_TAXON,dino_pre2016,unvalidated_candidate,1,cyanobacterial|||sxtd,Not observed post-2015,"The relationship between cyanobacterial and sxtd was identified as a candidate missing link in the pre-2016 dinoflagellate knowledge graph. Historical graph connectivity includes bridge concepts such as saxitoxin, cyanobacteria, paralytic shellfish toxins, mass spectrometry, dinoflagellates. This relationship should be interpreted as a literature-derived hypothesis rather than experimental evidence of a biological mechanism.",236,2.846388073234459,Adamic–Adar,cyanobacterial sxtd cyano_taxon sxt_gene cyano_gene_transfer_signal saxitoxin; cyanobacteria; paralytic_shellfish_toxins; mass_spectrometry; dinoflagellates; cyanobacterium; paralytic_shellfish_poisoning; sxta; expression; sxtu; cylindrospermopsis toxin; cyano_taxon; toxin; detection_method; dino_taxon; cyano_taxon; toxin; sxt_gene; biological_process; sxt_gene; cyano_taxon
biosynthesis,BIOLOGICAL_PROCESS,sxtd,SXT_GENE,gene_process_association,0.2720718996537907,313,2.846388073234459,236,0.1641791044776119,371,11,saxitoxin; cyanobacteria; paralytic_shellfish_toxins; mass_spectrometry; dinoflagellates; cyanobacterium; paralytic_shellfish_poisoning; sxta; expression; sxtu; cylindrospermopsis,TOXIN; CYANO_TAXON; TOXIN; DETECTION_METHOD; DINO_TAXON; CYANO_TAXON; TOXIN; SXT_GENE; BIOLOGICAL_PROCESS; SXT_GENE; CYANO_TAXON,dino_pre2016,unvalidated_candidate,1,biosynthesis|||sxtd,Subsequently represented,"The relationship between biosynthesis and sxtd was identified as a candidate missing link in the pre-2016 dinoflagellate knowledge graph. Historical graph connectivity includes bridge concepts such as saxitoxin, cyanobacteria, paralytic shellfish toxins, mass spectrometry, dinoflagellates. This relationship should be interpreted as a literature-derived hypothesis rather than experimental evidence of a biological mechanism.",236,2.846388073234459,Adamic–Adar,biosynthesis sxtd biological_process sxt_gene gene_process_association saxitoxin; cyanobacteria; paralytic_shellfish_toxins; mass_spectrometry; dinoflagellates; cyanobacterium; paralytic_shellfish_poisoning; sxta; expression; sxtu; cylindrospermopsis toxin; cyano_taxon; toxin; detection_method; dino_taxon; cyano_taxon; toxin; sxt_gene; biological_process; sxt_gene; cyano_taxon
alexandrium_tamarense,DINO_TAXON,sxtd,SXT_GENE,taxon_gene_association,0.3437573038682459,210,2.8160641784764526,239,0.1964285714285714,319,11,saxitoxin; cyanobacteria; paralytic_shellfish_toxins; mass_spectrometry; cyanobacterium; lc_ms; paralytic_shellfish_poisoning; sxta; expression; lc_ms_ms; dinoflagellates,TOXIN; CYANO_TAXON; TOXIN; DETECTION_METHOD; CYANO_TAXON; DETECTION_METHOD; TOXIN; SXT_GENE; BIOLOGICAL_PROCESS; DETECTION_METHOD; DINO_TAXON,dino_pre2016,unvalidated_candidate,1,alexandrium_tamarense|||sxtd,Not observed post-2015,"The relationship between alexandrium tamarense and sxtd was identified as a candidate missing link in the pre-2016 dinoflagellate knowledge graph. Historical graph connectivity includes bridge concepts such as saxitoxin, cyanobacteria, paralytic shellfish toxins, mass spectrometry, cyanobacterium. This relationship should be interpreted as a literature-derived hypothesis rather than experimental evidence of a biological mechanism.",239,2.8160641784764526,Adamic–Adar,alexandrium_tamarense sxtd dino_taxon sxt_gene taxon_gene_association saxitoxin; cyanobacteria; paralytic_shellfish_toxins; mass_spectrometry; cyanobacterium; lc_ms; paralytic_shellfish_poisoning; sxta; expression; lc_ms_ms; dinoflagellates toxin; cyano_taxon; toxin; detection_method; cyano_taxon; detection_method; toxin; sxt_gene; biological_process; detection_method; dino_taxon
bloom,ENV_FACTOR,sxtd,SXT_GENE,environment_gene_regulation,0.2735145728938679,310,2.801507826532741,240,0.1641791044776119,371,11,saxitoxin; cyanobacteria; paralytic_shellfish_toxins; mass_spectrometry; dinoflagellates; cyanobacterium; lc_ms; paralytic_shellfish_poisoning; sxta; expression; cylindrospermopsis,TOXIN; CYANO_TAXON; TOXIN; DETECTION_METHOD; DINO_TAXON; CYANO_TAXON; DETECTION_METHOD; TOXIN; SXT_GENE; BIOLOGICAL_PROCESS; CYANO_TAXON,dino_pre2016,unvalidated_candidate,1,bloom|||sxtd,Not observed post-2015,"The relationship between bloom and sxtd was identified as a candidate missing link in the pre-2016 dinoflagellate knowledge graph. Historical graph connectivity includes bridge concepts such as saxitoxin, cyanobacteria, paralytic shellfish toxins, mass spectrometry, dinoflagellates. This relationship should be interpreted as a literature-derived hypothesis rather than experimental evidence of a biological mechanism.",240,2.801507826532741,Adamic–Adar,bloom sxtd env_factor sxt_gene environment_gene_regulation saxitoxin; cyanobacteria; paralytic_shellfish_toxins; mass_spectrometry; dinoflagellates; cyanobacterium; lc_ms; paralytic_shellfish_poisoning; sxta; expression; cylindrospermopsis toxin; cyano_taxon; toxin; detection_method; dino_taxon; cyano_taxon; detection_method; toxin; sxt_gene; biological_process; cyano_taxon
gtx,TOXIN,gene_duplication,BIOLOGICAL_PROCESS,process_toxin_association,0.3315796599358069,227,2.747905453550917,241,0.2340425531914893,260,11,biosynthesis; alexandrium; dinoflagellate; saxitoxin; alexandrium_fundyense; gymnodinium; saxitoxin_biosynthesis; gymnodinium_catenatum; phylogeny; dinoflagellates; warming,BIOLOGICAL_PROCESS; DINO_TAXON; DINO_TAXON; TOXIN; DINO_TAXON; DINO_TAXON; BIOLOGICAL_PROCESS; DINO_TAXON; BIOLOGICAL_PROCESS; DINO_TAXON; ENV_FACTOR,dino_pre2016,unvalidated_candidate,1,gene_duplication|||gtx,Not observed post-2015,"The relationship between gtx and gene duplication was identified as a candidate missing link in the pre-2016 dinoflagellate knowledge graph. Historical graph connectivity includes bridge concepts such as biosynthesis, alexandrium, dinoflagellate, saxitoxin, alexandrium fundyense. This relationship should be interpreted as a literature-derived hypothesis rather than experimental evidence of a biological mechanism.",241,2.747905453550917,Adamic–Adar,gtx gene_duplication toxin biological_process process_toxin_association biosynthesis; alexandrium; dinoflagellate; saxitoxin; alexandrium_fundyense; gymnodinium; saxitoxin_biosynthesis; gymnodinium_catenatum; phylogeny; dinoflagellates; warming biological_process; dino_taxon; dino_taxon; toxin; dino_taxon; dino_taxon; biological_process; dino_taxon; biological_process; dino_taxon; env_factor
neosaxitoxin,TOXIN,gene_duplication,BIOLOGICAL_PROCESS,process_toxin_association,0.2775783697458011,303,2.701704392407688,242,0.25,238,11,alexandrium; dinoflagellate; saxitoxin; alexandrium_fundyense; pyrodinium; gymnodinium; gymnodinium_catenatum; phylogeny; pyrodinium_bahamense; dinoflagellates; biosynthesis,DINO_TAXON; DINO_TAXON; TOXIN; DINO_TAXON; DINO_TAXON; DINO_TAXON; DINO_TAXON; BIOLOGICAL_PROCESS; DINO_TAXON; DINO_TAXON; BIOLOGICAL_PROCESS,dino_pre2016,unvalidated_candidate,1,gene_duplication|||neosaxitoxin,Not observed post-2015,"The relationship between neosaxitoxin and gene duplication was identified as a candidate missing link in the pre-2016 dinoflagellate knowledge graph. Historical graph connectivity includes bridge concepts such as alexandrium, dinoflagellate, saxitoxin, alexandrium fundyense, pyrodinium. This relationship should be interpreted as a literature-derived hypothesis rather than experimental evidence of a biological mechanism.",242,2.701704392407688,Adamic–Adar,neosaxitoxin gene_duplication toxin biological_process process_toxin_association alexandrium; dinoflagellate; saxitoxin; alexandrium_fundyense; pyrodinium; gymnodinium; gymnodinium_catenatum; phylogeny; pyrodinium_bahamense; dinoflagellates; biosynthesis dino_taxon; dino_taxon; toxin; dino_taxon; dino_taxon; dino_taxon; dino_taxon; biological_process; dino_taxon; dino_taxon; biological_process
transcriptome,BIOLOGICAL_PROCESS,sxtu,SXT_GENE,gene_process_association,0.305544399084487,270,2.685515600260643,243,0.275,219,11,saxitoxin; cyanobacteria; cyanobacterial; paralytic_shellfish_toxins; dinoflagellate; sxt_genes; paralytic_shellfish_poisoning; sxta; expression; dinoflagellates; biosynthesis,TOXIN; CYANO_TAXON; CYANO_TAXON; TOXIN; DINO_TAXON; SXT_GENE; TOXIN; SXT_GENE; BIOLOGICAL_PROCESS; DINO_TAXON; BIOLOGICAL_PROCESS,dino_pre2016,unvalidated_candidate,1,sxtu|||transcriptome,Subsequently represented,"The relationship between transcriptome and sxtu was identified as a candidate missing link in the pre-2016 dinoflagellate knowledge graph. Historical graph connectivity includes bridge concepts such as saxitoxin, cyanobacteria, cyanobacterial, paralytic shellfish toxins, dinoflagellate. This relationship should be interpreted as a literature-derived hypothesis rather than experimental evidence of a biological mechanism.",243,2.685515600260643,Adamic–Adar,transcriptome sxtu biological_process sxt_gene gene_process_association saxitoxin; cyanobacteria; cyanobacterial; paralytic_shellfish_toxins; dinoflagellate; sxt_genes; paralytic_shellfish_poisoning; sxta; expression; dinoflagellates; biosynthesis toxin; cyano_taxon; cyano_taxon; toxin; dino_taxon; sxt_gene; toxin; sxt_gene; biological_process; dino_taxon; biological_process
salinity,ENV_FACTOR,sxtu,SXT_GENE,environment_gene_regulation,0.2634346715679687,329,2.6743645856493554,244,0.2291666666666666,270,11,saxitoxin; cyanobacteria; paralytic_shellfish_toxins; dinoflagellate; mass_spectrometry; gymnodinium; paralytic_shellfish_poisoning; lc_ms; gymnodinium_catenatum; dinoflagellates; biosynthesis,TOXIN; CYANO_TAXON; TOXIN; DINO_TAXON; DETECTION_METHOD; DINO_TAXON; TOXIN; DETECTION_METHOD; DINO_TAXON; DINO_TAXON; BIOLOGICAL_PROCESS,dino_pre2016,unvalidated_candidate,1,salinity|||sxtu,Not observed post-2015,"The relationship between salinity and sxtu was identified as a candidate missing link in the pre-2016 dinoflagellate knowledge graph. Historical graph connectivity includes bridge concepts such as saxitoxin, cyanobacteria, paralytic shellfish toxins, dinoflagellate, mass spectrometry. This relationship should be interpreted as a literature-derived hypothesis rather than experimental evidence of a biological mechanism.",244,2.6743645856493554,Adamic–Adar,salinity sxtu env_factor sxt_gene environment_gene_regulation saxitoxin; cyanobacteria; paralytic_shellfish_toxins; dinoflagellate; mass_spectrometry; gymnodinium; paralytic_shellfish_poisoning; lc_ms; gymnodinium_catenatum; dinoflagellates; biosynthesis toxin; cyano_taxon; toxin; dino_taxon; detection_method; dino_taxon; toxin; detection_method; dino_taxon; dino_taxon; biological_process
sxta,SXT_GENE,environmental_stress,ENV_FACTOR,environment_gene_regulation,0.1204055400955481,483,2.663393222654721,245,0.1774193548387097,346,11,saxitoxin; gonyautoxin; dinoflagellate; alexandrium; toxicity; alexandrium_tamarense; toxin_production; light; paralytic_shellfish_poisoning; hplc; nitrogen,TOXIN; TOXIN; DINO_TAXON; DINO_TAXON; BIOLOGICAL_PROCESS; DINO_TAXON; BIOLOGICAL_PROCESS; ENV_FACTOR; TOXIN; DETECTION_METHOD; ENV_FACTOR,dino_pre2016,unvalidated_candidate,1,environmental_stress|||sxta,Not observed post-2015,"The relationship between sxta and environmental stress was identified as a candidate missing link in the pre-2016 dinoflagellate knowledge graph. Historical graph connectivity includes bridge concepts such as saxitoxin, gonyautoxin, dinoflagellate, alexandrium, toxicity. This relationship should be interpreted as a literature-derived hypothesis rather than experimental evidence of a biological mechanism.",245,2.663393222654721,Adamic–Adar,sxta environmental_stress sxt_gene env_factor environment_gene_regulation saxitoxin; gonyautoxin; dinoflagellate; alexandrium; toxicity; alexandrium_tamarense; toxin_production; light; paralytic_shellfish_poisoning; hplc; nitrogen toxin; toxin; dino_taxon; dino_taxon; biological_process; dino_taxon; biological_process; env_factor; toxin; detection_method; env_factor
gymnodinium_catenatum,DINO_TAXON,planktothrix,CYANO_TAXON,cross_taxa_association,0.4044764895998216,115,2.6603065198491955,246,0.1833333333333333,339,11,saxitoxin; cyanobacterial; cyanobacteria; paralytic_shellfish_toxins; pyrodinium; alexandrium; toxicity; gymnodinium; anabaena; paralytic_shellfish_poisoning; dinoflagellates,TOXIN; CYANO_TAXON; CYANO_TAXON; TOXIN; DINO_TAXON; DINO_TAXON; BIOLOGICAL_PROCESS; DINO_TAXON; CYANO_TAXON; TOXIN; DINO_TAXON,dino_pre2016,unvalidated_candidate,1,gymnodinium_catenatum|||planktothrix,Not observed post-2015,"The relationship between gymnodinium catenatum and planktothrix was identified as a candidate missing link in the pre-2016 dinoflagellate knowledge graph. Historical graph connectivity includes bridge concepts such as saxitoxin, cyanobacterial, cyanobacteria, paralytic shellfish toxins, pyrodinium. This relationship should be interpreted as a literature-derived hypothesis rather than experimental evidence of a biological mechanism.",246,2.6603065198491955,Adamic–Adar,gymnodinium_catenatum planktothrix dino_taxon cyano_taxon cross_taxa_association saxitoxin; cyanobacterial; cyanobacteria; paralytic_shellfish_toxins; pyrodinium; alexandrium; toxicity; gymnodinium; anabaena; paralytic_shellfish_poisoning; dinoflagellates toxin; cyano_taxon; cyano_taxon; toxin; dino_taxon; dino_taxon; biological_process; dino_taxon; cyano_taxon; toxin; dino_taxon
alexandrium_minutum,DINO_TAXON,planktothrix,CYANO_TAXON,cross_taxa_association,0.2557982693932705,339,2.6603065198491955,246,0.1833333333333333,339,11,saxitoxin; cyanobacterial; cyanobacteria; paralytic_shellfish_toxins; pyrodinium; alexandrium; toxicity; gymnodinium; anabaena; paralytic_shellfish_poisoning; dinoflagellates,TOXIN; CYANO_TAXON; CYANO_TAXON; TOXIN; DINO_TAXON; DINO_TAXON; BIOLOGICAL_PROCESS; DINO_TAXON; CYANO_TAXON; TOXIN; DINO_TAXON,dino_pre2016,unvalidated_candidate,1,alexandrium_minutum|||planktothrix,Not observed post-2015,"The relationship between alexandrium minutum and planktothrix was identified as a candidate missing link in the pre-2016 dinoflagellate knowledge graph. Historical graph connectivity includes bridge concepts such as saxitoxin, cyanobacterial, cyanobacteria, paralytic shellfish toxins, pyrodinium. This relationship should be interpreted as a literature-derived hypothesis rather than experimental evidence of a biological mechanism.",246,2.6603065198491955,Adamic–Adar,alexandrium_minutum planktothrix dino_taxon cyano_taxon cross_taxa_association saxitoxin; cyanobacterial; cyanobacteria; paralytic_shellfish_toxins; pyrodinium; alexandrium; toxicity; gymnodinium; anabaena; paralytic_shellfish_poisoning; dinoflagellates toxin; cyano_taxon; cyano_taxon; toxin; dino_taxon; dino_taxon; biological_process; dino_taxon; cyano_taxon; toxin; dino_taxon
alexandrium_tamiyavanichii,DINO_TAXON,sxti,SXT_GENE,taxon_gene_association,0.4475264931647741,79,2.6597497381349924,248,0.4230769230769231,62,11,saxitoxin; cyanobacteria; pyrodinium; dinoflagellate; alexandrium; saxitoxin_biosynthesis; paralytic_shellfish_poisoning; sxta; pyrodinium_bahamense; dinoflagellates; biosynthesis,TOXIN; CYANO_TAXON; DINO_TAXON; DINO_TAXON; DINO_TAXON; BIOLOGICAL_PROCESS; TOXIN; SXT_GENE; DINO_TAXON; DINO_TAXON; BIOLOGICAL_PROCESS,dino_pre2016,unvalidated_candidate,1,alexandrium_tamiyavanichii|||sxti,Not observed post-2015,"The relationship between alexandrium tamiyavanichii and sxti was identified as a candidate missing link in the pre-2016 dinoflagellate knowledge graph. Historical graph connectivity includes bridge concepts such as saxitoxin, cyanobacteria, pyrodinium, dinoflagellate, alexandrium. This relationship should be interpreted as a literature-derived hypothesis rather than experimental evidence of a biological mechanism.",248,2.6597497381349924,Adamic–Adar,alexandrium_tamiyavanichii sxti dino_taxon sxt_gene taxon_gene_association saxitoxin; cyanobacteria; pyrodinium; dinoflagellate; alexandrium; saxitoxin_biosynthesis; paralytic_shellfish_poisoning; sxta; pyrodinium_bahamense; dinoflagellates; biosynthesis toxin; cyano_taxon; dino_taxon; dino_taxon; dino_taxon; biological_process; toxin; sxt_gene; dino_taxon; dino_taxon; biological_process
gene_expression,BIOLOGICAL_PROCESS,sxti,SXT_GENE,gene_process_association,0.3752880219106566,151,2.654082753437169,249,0.3055555555555556,187,11,saxitoxin; cyanobacterial; cyanobacteria; dinoflagellate; alexandrium; saxitoxin_biosynthesis; paralytic_shellfish_poisoning; sxta; phylogenetic; dinoflagellates; biosynthesis,TOXIN; CYANO_TAXON; CYANO_TAXON; DINO_TAXON; DINO_TAXON; BIOLOGICAL_PROCESS; TOXIN; SXT_GENE; BIOLOGICAL_PROCESS; DINO_TAXON; BIOLOGICAL_PROCESS,dino_pre2016,unvalidated_candidate,1,gene_expression|||sxti,Subsequently represented,"The relationship between gene expression and sxti was identified as a candidate missing link in the pre-2016 dinoflagellate knowledge graph. Historical graph connectivity includes bridge concepts such as saxitoxin, cyanobacterial, cyanobacteria, dinoflagellate, alexandrium. This relationship should be interpreted as a literature-derived hypothesis rather than experimental evidence of a biological mechanism.",249,2.654082753437169,Adamic–Adar,gene_expression sxti biological_process sxt_gene gene_process_association saxitoxin; cyanobacterial; cyanobacteria; dinoflagellate; alexandrium; saxitoxin_biosynthesis; paralytic_shellfish_poisoning; sxta; phylogenetic; dinoflagellates; biosynthesis toxin; cyano_taxon; cyano_taxon; dino_taxon; dino_taxon; biological_process; toxin; sxt_gene; biological_process; dino_taxon; biological_process
cyanobacterium,CYANO_TAXON,sxti,SXT_GENE,cyano_gene_transfer_signal,0.3171811869455107,252,2.654082753437169,249,0.2972972972972973,191,11,saxitoxin; cyanobacterial; cyanobacteria; dinoflagellate; alexandrium; saxitoxin_biosynthesis; paralytic_shellfish_poisoning; sxta; phylogenetic; dinoflagellates; biosynthesis,TOXIN; CYANO_TAXON; CYANO_TAXON; DINO_TAXON; DINO_TAXON; BIOLOGICAL_PROCESS; TOXIN; SXT_GENE; BIOLOGICAL_PROCESS; DINO_TAXON; BIOLOGICAL_PROCESS,dino_pre2016,unvalidated_candidate,1,cyanobacterium|||sxti,Not observed post-2015,"The relationship between cyanobacterium and sxti was identified as a candidate missing link in the pre-2016 dinoflagellate knowledge graph. Historical graph connectivity includes bridge concepts such as saxitoxin, cyanobacterial, cyanobacteria, dinoflagellate, alexandrium. This relationship should be interpreted as a literature-derived hypothesis rather than experimental evidence of a biological mechanism.",249,2.654082753437169,Adamic–Adar,cyanobacterium sxti cyano_taxon sxt_gene cyano_gene_transfer_signal saxitoxin; cyanobacterial; cyanobacteria; dinoflagellate; alexandrium; saxitoxin_biosynthesis; paralytic_shellfish_poisoning; sxta; phylogenetic; dinoflagellates; biosynthesis toxin; cyano_taxon; cyano_taxon; dino_taxon; dino_taxon; biological_process; toxin; sxt_gene; biological_process; dino_taxon; biological_process
expression,BIOLOGICAL_PROCESS,sxti,SXT_GENE,gene_process_association,0.2967948708650619,278,2.654082753437169,249,0.2156862745098039,285,11,saxitoxin; cyanobacterial; cyanobacteria; dinoflagellate; alexandrium; saxitoxin_biosynthesis; paralytic_shellfish_poisoning; sxta; phylogenetic; dinoflagellates; biosynthesis,TOXIN; CYANO_TAXON; CYANO_TAXON; DINO_TAXON; DINO_TAXON; BIOLOGICAL_PROCESS; TOXIN; SXT_GENE; BIOLOGICAL_PROCESS; DINO_TAXON; BIOLOGICAL_PROCESS,dino_pre2016,unvalidated_candidate,1,expression|||sxti,Subsequently represented,"The relationship between expression and sxti was identified as a candidate missing link in the pre-2016 dinoflagellate knowledge graph. Historical graph connectivity includes bridge concepts such as saxitoxin, cyanobacterial, cyanobacteria, dinoflagellate, alexandrium. This relationship should be interpreted as a literature-derived hypothesis rather than experimental evidence of a biological mechanism.",249,2.654082753437169,Adamic–Adar,expression sxti biological_process sxt_gene gene_process_association saxitoxin; cyanobacterial; cyanobacteria; dinoflagellate; alexandrium; saxitoxin_biosynthesis; paralytic_shellfish_poisoning; sxta; phylogenetic; dinoflagellates; biosynthesis toxin; cyano_taxon; cyano_taxon; dino_taxon; dino_taxon; biological_process; toxin; sxt_gene; biological_process; dino_taxon; biological_process
alexandrium_fundyense,DINO_TAXON,sxti,SXT_GENE,taxon_gene_association,0.4186769510012981,100,2.654082753437169,249,0.2115384615384615,291,11,saxitoxin; cyanobacterial; cyanobacteria; dinoflagellate; alexandrium; saxitoxin_biosynthesis; paralytic_shellfish_poisoning; sxta; phylogenetic; dinoflagellates; biosynthesis,TOXIN; CYANO_TAXON; CYANO_TAXON; DINO_TAXON; DINO_TAXON; BIOLOGICAL_PROCESS; TOXIN; SXT_GENE; BIOLOGICAL_PROCESS; DINO_TAXON; BIOLOGICAL_PROCESS,dino_pre2016,unvalidated_candidate,1,alexandrium_fundyense|||sxti,Not observed post-2015,"The relationship between alexandrium fundyense and sxti was identified as a candidate missing link in the pre-2016 dinoflagellate knowledge graph. Historical graph connectivity includes bridge concepts such as saxitoxin, cyanobacterial, cyanobacteria, dinoflagellate, alexandrium. This relationship should be interpreted as a literature-derived hypothesis rather than experimental evidence of a biological mechanism.",249,2.654082753437169,Adamic–Adar,alexandrium_fundyense sxti dino_taxon sxt_gene taxon_gene_association saxitoxin; cyanobacterial; cyanobacteria; dinoflagellate; alexandrium; saxitoxin_biosynthesis; paralytic_shellfish_poisoning; sxta; phylogenetic; dinoflagellates; biosynthesis toxin; cyano_taxon; cyano_taxon; dino_taxon; dino_taxon; biological_process; toxin; sxt_gene; biological_process; dino_taxon; biological_process
neosaxitoxin,TOXIN,polyketide_synthase,BIOLOGICAL_PROCESS,process_toxin_association,0.4732251692538649,67,2.653976566271155,253,0.2894736842105263,202,11,saxitoxin; dinoflagellate; phylogenetic; dinoflagellates; alexandrium_fundyense; alexandrium; toxicity; gymnodinium; light; gymnodinium_catenatum; biosynthesis,TOXIN; DINO_TAXON; BIOLOGICAL_PROCESS; DINO_TAXON; DINO_TAXON; DINO_TAXON; BIOLOGICAL_PROCESS; DINO_TAXON; ENV_FACTOR; DINO_TAXON; BIOLOGICAL_PROCESS,dino_pre2016,unvalidated_candidate,1,neosaxitoxin|||polyketide_synthase,Not observed post-2015,"The relationship between neosaxitoxin and polyketide synthase was identified as a candidate missing link in the pre-2016 dinoflagellate knowledge graph. Historical graph connectivity includes bridge concepts such as saxitoxin, dinoflagellate, phylogenetic, dinoflagellates, alexandrium fundyense. This relationship should be interpreted as a literature-derived hypothesis rather than experimental evidence of a biological mechanism.",253,2.653976566271155,Adamic–Adar,neosaxitoxin polyketide_synthase toxin biological_process process_toxin_association saxitoxin; dinoflagellate; phylogenetic; dinoflagellates; alexandrium_fundyense; alexandrium; toxicity; gymnodinium; light; gymnodinium_catenatum; biosynthesis toxin; dino_taxon; biological_process; dino_taxon; dino_taxon; dino_taxon; biological_process; dino_taxon; env_factor; dino_taxon; biological_process
gtx,TOXIN,polyketide_synthase,BIOLOGICAL_PROCESS,process_toxin_association,0.504537791816551,48,2.653976566271155,253,0.2682926829268293,224,11,saxitoxin; dinoflagellate; phylogenetic; dinoflagellates; alexandrium_fundyense; alexandrium; toxicity; gymnodinium; light; gymnodinium_catenatum; biosynthesis,TOXIN; DINO_TAXON; BIOLOGICAL_PROCESS; DINO_TAXON; DINO_TAXON; DINO_TAXON; BIOLOGICAL_PROCESS; DINO_TAXON; ENV_FACTOR; DINO_TAXON; BIOLOGICAL_PROCESS,dino_pre2016,unvalidated_candidate,1,gtx|||polyketide_synthase,Not observed post-2015,"The relationship between gtx and polyketide synthase was identified as a candidate missing link in the pre-2016 dinoflagellate knowledge graph. Historical graph connectivity includes bridge concepts such as saxitoxin, dinoflagellate, phylogenetic, dinoflagellates, alexandrium fundyense. This relationship should be interpreted as a literature-derived hypothesis rather than experimental evidence of a biological mechanism.",253,2.653976566271155,Adamic–Adar,gtx polyketide_synthase toxin biological_process process_toxin_association saxitoxin; dinoflagellate; phylogenetic; dinoflagellates; alexandrium_fundyense; alexandrium; toxicity; gymnodinium; light; gymnodinium_catenatum; biosynthesis toxin; dino_taxon; biological_process; dino_taxon; dino_taxon; dino_taxon; biological_process; dino_taxon; env_factor; dino_taxon; biological_process
transcription,BIOLOGICAL_PROCESS,sxtu,SXT_GENE,gene_process_association,0.3304750859552246,230,2.6529867839059063,255,0.3793103448275862,94,11,saxitoxin; paralytic_shellfish_toxins; dinoflagellate; gymnodinium; saxitoxin_biosynthesis; paralytic_shellfish_poisoning; gymnodinium_catenatum; sxta; expression; dinoflagellates; biosynthesis,TOXIN; TOXIN; DINO_TAXON; DINO_TAXON; BIOLOGICAL_PROCESS; TOXIN; DINO_TAXON; SXT_GENE; BIOLOGICAL_PROCESS; DINO_TAXON; BIOLOGICAL_PROCESS,dino_pre2016,unvalidated_candidate,1,sxtu|||transcription,Not observed post-2015,"The relationship between transcription and sxtu was identified as a candidate missing link in the pre-2016 dinoflagellate knowledge graph. Historical graph connectivity includes bridge concepts such as saxitoxin, paralytic shellfish toxins, dinoflagellate, gymnodinium, saxitoxin biosynthesis. This relationship should be interpreted as a literature-derived hypothesis rather than experimental evidence of a biological mechanism.",255,2.6529867839059063,Adamic–Adar,transcription sxtu biological_process sxt_gene gene_process_association saxitoxin; paralytic_shellfish_toxins; dinoflagellate; gymnodinium; saxitoxin_biosynthesis; paralytic_shellfish_poisoning; gymnodinium_catenatum; sxta; expression; dinoflagellates; biosynthesis toxin; toxin; dino_taxon; dino_taxon; biological_process; toxin; dino_taxon; sxt_gene; biological_process; dino_taxon; biological_process
harmful_algal_bloom,ENV_FACTOR,sxti,SXT_GENE,environment_gene_regulation,0.4149762621749031,105,2.646538129859981,256,0.282051282051282,212,11,saxitoxin; cyanobacterial; cyanobacteria; pyrodinium; dinoflagellate; alexandrium; paralytic_shellfish_poisoning; sxta; pyrodinium_bahamense; dinoflagellates; biosynthesis,TOXIN; CYANO_TAXON; CYANO_TAXON; DINO_TAXON; DINO_TAXON; DINO_TAXON; TOXIN; SXT_GENE; DINO_TAXON; DINO_TAXON; BIOLOGICAL_PROCESS,dino_pre2016,unvalidated_candidate,1,harmful_algal_bloom|||sxti,Not observed post-2015,"The relationship between harmful algal bloom and sxti was identified as a candidate missing link in the pre-2016 dinoflagellate knowledge graph. Historical graph connectivity includes bridge concepts such as saxitoxin, cyanobacterial, cyanobacteria, pyrodinium, dinoflagellate. This relationship should be interpreted as a literature-derived hypothesis rather than experimental evidence of a biological mechanism.",256,2.646538129859981,Adamic–Adar,harmful_algal_bloom sxti env_factor sxt_gene environment_gene_regulation saxitoxin; cyanobacterial; cyanobacteria; pyrodinium; dinoflagellate; alexandrium; paralytic_shellfish_poisoning; sxta; pyrodinium_bahamense; dinoflagellates; biosynthesis toxin; cyano_taxon; cyano_taxon; dino_taxon; dino_taxon; dino_taxon; toxin; sxt_gene; dino_taxon; dino_taxon; biological_process
salinity,ENV_FACTOR,sxtb,SXT_GENE,environment_gene_regulation,0.2816353525850156,299,2.6402862318241804,257,0.25,238,11,dinoflagellate; dinoflagellates; saxitoxin; cyanobacteria; paralytic_shellfish_toxins; toxin_production; bloom; toxin_biosynthesis; paralytic_shellfish_poisoning; nutrient; biosynthesis,DINO_TAXON; DINO_TAXON; TOXIN; CYANO_TAXON; TOXIN; BIOLOGICAL_PROCESS; ENV_FACTOR; BIOLOGICAL_PROCESS; TOXIN; ENV_FACTOR; BIOLOGICAL_PROCESS,dino_pre2016,unvalidated_candidate,1,salinity|||sxtb,Not observed post-2015,"The relationship between salinity and sxtb was identified as a candidate missing link in the pre-2016 dinoflagellate knowledge graph. Historical graph connectivity includes bridge concepts such as dinoflagellate, dinoflagellates, saxitoxin, cyanobacteria, paralytic shellfish toxins. This relationship should be interpreted as a literature-derived hypothesis rather than experimental evidence of a biological mechanism.",257,2.6402862318241804,Adamic–Adar,salinity sxtb env_factor sxt_gene environment_gene_regulation dinoflagellate; dinoflagellates; saxitoxin; cyanobacteria; paralytic_shellfish_toxins; toxin_production; bloom; toxin_biosynthesis; paralytic_shellfish_poisoning; nutrient; biosynthesis dino_taxon; dino_taxon; toxin; cyano_taxon; toxin; biological_process; env_factor; biological_process; toxin; env_factor; biological_process
sxtg,SXT_GENE,resting_cyst,BIOLOGICAL_PROCESS,gene_process_association,0.3744510296401788,154,2.636131448213753,258,0.2682926829268293,224,11,dinoflagellate; saxitoxin; paralytic_shellfish_toxins; alexandrium; toxicity; gymnodinium; bloom; paralytic_shellfish_poisoning; gymnodinium_catenatum; phylogeny; biosynthesis,DINO_TAXON; TOXIN; TOXIN; DINO_TAXON; BIOLOGICAL_PROCESS; DINO_TAXON; ENV_FACTOR; TOXIN; DINO_TAXON; BIOLOGICAL_PROCESS; BIOLOGICAL_PROCESS,dino_pre2016,unvalidated_candidate,1,resting_cyst|||sxtg,Not observed post-2015,"The relationship between sxtg and resting cyst was identified as a candidate missing link in the pre-2016 dinoflagellate knowledge graph. Historical graph connectivity includes bridge concepts such as dinoflagellate, saxitoxin, paralytic shellfish toxins, alexandrium, toxicity. This relationship should be interpreted as a literature-derived hypothesis rather than experimental evidence of a biological mechanism.",258,2.636131448213753,Adamic–Adar,sxtg resting_cyst sxt_gene biological_process gene_process_association dinoflagellate; saxitoxin; paralytic_shellfish_toxins; alexandrium; toxicity; gymnodinium; bloom; paralytic_shellfish_poisoning; gymnodinium_catenatum; phylogeny; biosynthesis dino_taxon; toxin; toxin; dino_taxon; biological_process; dino_taxon; env_factor; toxin; dino_taxon; biological_process; biological_process
cyanobacterium,CYANO_TAXON,sxtb,SXT_GENE,cyano_gene_transfer_signal,0.2427399095089912,360,2.617985907214957,259,0.275,219,11,cyanobacterial; cyanobacteria; dinoflagellate; sxta; dinoflagellates; saxitoxin; paralytic_shellfish_toxins; toxin_production; bloom; paralytic_shellfish_poisoning; biosynthesis,CYANO_TAXON; CYANO_TAXON; DINO_TAXON; SXT_GENE; DINO_TAXON; TOXIN; TOXIN; BIOLOGICAL_PROCESS; ENV_FACTOR; TOXIN; BIOLOGICAL_PROCESS,dino_pre2016,unvalidated_candidate,1,cyanobacterium|||sxtb,Not observed post-2015,"The relationship between cyanobacterium and sxtb was identified as a candidate missing link in the pre-2016 dinoflagellate knowledge graph. Historical graph connectivity includes bridge concepts such as cyanobacterial, cyanobacteria, dinoflagellate, sxta, dinoflagellates. This relationship should be interpreted as a literature-derived hypothesis rather than experimental evidence of a biological mechanism.",259,2.617985907214957,Adamic–Adar,cyanobacterium sxtb cyano_taxon sxt_gene cyano_gene_transfer_signal cyanobacterial; cyanobacteria; dinoflagellate; sxta; dinoflagellates; saxitoxin; paralytic_shellfish_toxins; toxin_production; bloom; paralytic_shellfish_poisoning; biosynthesis cyano_taxon; cyano_taxon; dino_taxon; sxt_gene; dino_taxon; toxin; toxin; biological_process; env_factor; toxin; biological_process
alexandrium_minutum,DINO_TAXON,sxtd,SXT_GENE,taxon_gene_association,0.2818743102758311,297,2.548517792057399,260,0.1666666666666666,359,10,saxitoxin; cyanobacteria; paralytic_shellfish_toxins; cyanobacterium; lc_ms; paralytic_shellfish_poisoning; sxta; expression; lc_ms_ms; dinoflagellates,TOXIN; CYANO_TAXON; TOXIN; CYANO_TAXON; DETECTION_METHOD; TOXIN; SXT_GENE; BIOLOGICAL_PROCESS; DETECTION_METHOD; DINO_TAXON,dino_pre2016,unvalidated_candidate,1,alexandrium_minutum|||sxtd,Not observed post-2015,"The relationship between alexandrium minutum and sxtd was identified as a candidate missing link in the pre-2016 dinoflagellate knowledge graph. Historical graph connectivity includes bridge concepts such as saxitoxin, cyanobacteria, paralytic shellfish toxins, cyanobacterium, lc ms. This relationship should be interpreted as a literature-derived hypothesis rather than experimental evidence of a biological mechanism.",260,2.548517792057399,Adamic–Adar,alexandrium_minutum sxtd dino_taxon sxt_gene taxon_gene_association saxitoxin; cyanobacteria; paralytic_shellfish_toxins; cyanobacterium; lc_ms; paralytic_shellfish_poisoning; sxta; expression; lc_ms_ms; dinoflagellates toxin; cyano_taxon; toxin; cyano_taxon; detection_method; toxin; sxt_gene; biological_process; detection_method; dino_taxon
toxicity,BIOLOGICAL_PROCESS,sxtd,SXT_GENE,gene_process_association,0.2256656690413586,379,2.543190059725412,261,0.1408450704225352,393,10,saxitoxin; cyanobacteria; paralytic_shellfish_toxins; mass_spectrometry; dinoflagellates; cyanobacterium; lc_ms; paralytic_shellfish_poisoning; sxta; cylindrospermopsis,TOXIN; CYANO_TAXON; TOXIN; DETECTION_METHOD; DINO_TAXON; CYANO_TAXON; DETECTION_METHOD; TOXIN; SXT_GENE; CYANO_TAXON,dino_pre2016,unvalidated_candidate,1,sxtd|||toxicity,Not observed post-2015,"The relationship between toxicity and sxtd was identified as a candidate missing link in the pre-2016 dinoflagellate knowledge graph. Historical graph connectivity includes bridge concepts such as saxitoxin, cyanobacteria, paralytic shellfish toxins, mass spectrometry, dinoflagellates. This relationship should be interpreted as a literature-derived hypothesis rather than experimental evidence of a biological mechanism.",261,2.543190059725412,Adamic–Adar,toxicity sxtd biological_process sxt_gene gene_process_association saxitoxin; cyanobacteria; paralytic_shellfish_toxins; mass_spectrometry; dinoflagellates; cyanobacterium; lc_ms; paralytic_shellfish_poisoning; sxta; cylindrospermopsis toxin; cyano_taxon; toxin; detection_method; dino_taxon; cyano_taxon; detection_method; toxin; sxt_gene; cyano_taxon
toxin_production,BIOLOGICAL_PROCESS,sxtd,SXT_GENE,gene_process_association,0.2060545777103815,400,2.501406198032328,262,0.1612903225806451,375,10,saxitoxin; cyanobacteria; paralytic_shellfish_toxins; mass_spectrometry; cyanobacterium; lc_ms; paralytic_shellfish_poisoning; sxta; expression; dinoflagellates,TOXIN; CYANO_TAXON; TOXIN; DETECTION_METHOD; CYANO_TAXON; DETECTION_METHOD; TOXIN; SXT_GENE; BIOLOGICAL_PROCESS; DINO_TAXON,dino_pre2016,unvalidated_candidate,1,sxtd|||toxin_production,Subsequently represented,"The relationship between toxin production and sxtd was identified as a candidate missing link in the pre-2016 dinoflagellate knowledge graph. Historical graph connectivity includes bridge concepts such as saxitoxin, cyanobacteria, paralytic shellfish toxins, mass spectrometry, cyanobacterium. This relationship should be interpreted as a literature-derived hypothesis rather than experimental evidence of a biological mechanism.",262,2.501406198032328,Adamic–Adar,toxin_production sxtd biological_process sxt_gene gene_process_association saxitoxin; cyanobacteria; paralytic_shellfish_toxins; mass_spectrometry; cyanobacterium; lc_ms; paralytic_shellfish_poisoning; sxta; expression; dinoflagellates toxin; cyano_taxon; toxin; detection_method; cyano_taxon; detection_method; toxin; sxt_gene; biological_process; dino_taxon
nitrogen_limitation,ENV_FACTOR,sxtb,SXT_GENE,environment_gene_regulation,0.5679564618954108,26,2.4857642474994823,263,0.4166666666666667,67,10,dinoflagellate; cyanobacteria; paralytic_shellfish_toxins; climate; bloom; toxin_biosynthesis; paralytic_shellfish_poisoning; nutrient; dinoflagellates; biosynthesis,DINO_TAXON; CYANO_TAXON; TOXIN; ENV_FACTOR; ENV_FACTOR; BIOLOGICAL_PROCESS; TOXIN; ENV_FACTOR; DINO_TAXON; BIOLOGICAL_PROCESS,dino_pre2016,unvalidated_candidate,1,nitrogen_limitation|||sxtb,Not observed post-2015,"The relationship between nitrogen limitation and sxtb was identified as a candidate missing link in the pre-2016 dinoflagellate knowledge graph. Historical graph connectivity includes bridge concepts such as dinoflagellate, cyanobacteria, paralytic shellfish toxins, climate, bloom. This relationship should be interpreted as a literature-derived hypothesis rather than experimental evidence of a biological mechanism.",263,2.4857642474994823,Adamic–Adar,nitrogen_limitation sxtb env_factor sxt_gene environment_gene_regulation dinoflagellate; cyanobacteria; paralytic_shellfish_toxins; climate; bloom; toxin_biosynthesis; paralytic_shellfish_poisoning; nutrient; dinoflagellates; biosynthesis dino_taxon; cyano_taxon; toxin; env_factor; env_factor; biological_process; toxin; env_factor; dino_taxon; biological_process
gene_duplication,BIOLOGICAL_PROCESS,sxtu,SXT_GENE,gene_process_association,0.2707850699947649,318,2.4836428285902588,264,0.3333333333333333,143,10,saxitoxin; dinoflagellate; sxt_genes; gymnodinium; saxitoxin_biosynthesis; gymnodinium_catenatum; sxta; expression; dinoflagellates; biosynthesis,TOXIN; DINO_TAXON; SXT_GENE; DINO_TAXON; BIOLOGICAL_PROCESS; DINO_TAXON; SXT_GENE; BIOLOGICAL_PROCESS; DINO_TAXON; BIOLOGICAL_PROCESS,dino_pre2016,unvalidated_candidate,1,gene_duplication|||sxtu,Not observed post-2015,"The relationship between gene duplication and sxtu was identified as a candidate missing link in the pre-2016 dinoflagellate knowledge graph. Historical graph connectivity includes bridge concepts such as saxitoxin, dinoflagellate, sxt genes, gymnodinium, saxitoxin biosynthesis. This relationship should be interpreted as a literature-derived hypothesis rather than experimental evidence of a biological mechanism.",264,2.4836428285902588,Adamic–Adar,gene_duplication sxtu biological_process sxt_gene gene_process_association saxitoxin; dinoflagellate; sxt_genes; gymnodinium; saxitoxin_biosynthesis; gymnodinium_catenatum; sxta; expression; dinoflagellates; biosynthesis toxin; dino_taxon; sxt_gene; dino_taxon; biological_process; dino_taxon; sxt_gene; biological_process; dino_taxon; biological_process
gene_duplication,BIOLOGICAL_PROCESS,sxti,SXT_GENE,gene_process_association,0.6479319943516486,12,2.467910851976965,265,0.4347826086956521,52,10,saxitoxin; pyrodinium; dinoflagellate; alexandrium; saxitoxin_biosynthesis; sxta; phylogeny; pyrodinium_bahamense; dinoflagellates; biosynthesis,TOXIN; DINO_TAXON; DINO_TAXON; DINO_TAXON; BIOLOGICAL_PROCESS; SXT_GENE; BIOLOGICAL_PROCESS; DINO_TAXON; DINO_TAXON; BIOLOGICAL_PROCESS,dino_pre2016,unvalidated_candidate,1,gene_duplication|||sxti,Not observed post-2015,"The relationship between gene duplication and sxti was identified as a candidate missing link in the pre-2016 dinoflagellate knowledge graph. Historical graph connectivity includes bridge concepts such as saxitoxin, pyrodinium, dinoflagellate, alexandrium, saxitoxin biosynthesis. This relationship should be interpreted as a literature-derived hypothesis rather than experimental evidence of a biological mechanism.",265,2.467910851976965,Adamic–Adar,gene_duplication sxti biological_process sxt_gene gene_process_association saxitoxin; pyrodinium; dinoflagellate; alexandrium; saxitoxin_biosynthesis; sxta; phylogeny; pyrodinium_bahamense; dinoflagellates; biosynthesis toxin; dino_taxon; dino_taxon; dino_taxon; biological_process; sxt_gene; biological_process; dino_taxon; dino_taxon; biological_process
alexandrium_ostenfeldii,DINO_TAXON,sxtu,SXT_GENE,taxon_gene_association,0.2836959167712138,293,2.458759929594381,266,0.2439024390243902,251,10,saxitoxin; cyanobacterial; paralytic_shellfish_toxins; dinoflagellate; mass_spectrometry; gymnodinium; dinoflagellates; paralytic_shellfish_poisoning; lc_ms; phylogenetic,TOXIN; CYANO_TAXON; TOXIN; DINO_TAXON; DETECTION_METHOD; DINO_TAXON; DINO_TAXON; TOXIN; DETECTION_METHOD; BIOLOGICAL_PROCESS,dino_pre2016,unvalidated_candidate,1,alexandrium_ostenfeldii|||sxtu,Not observed post-2015,"The relationship between alexandrium ostenfeldii and sxtu was identified as a candidate missing link in the pre-2016 dinoflagellate knowledge graph. Historical graph connectivity includes bridge concepts such as saxitoxin, cyanobacterial, paralytic shellfish toxins, dinoflagellate, mass spectrometry. This relationship should be interpreted as a literature-derived hypothesis rather than experimental evidence of a biological mechanism.",266,2.458759929594381,Adamic–Adar,alexandrium_ostenfeldii sxtu dino_taxon sxt_gene taxon_gene_association saxitoxin; cyanobacterial; paralytic_shellfish_toxins; dinoflagellate; mass_spectrometry; gymnodinium; dinoflagellates; paralytic_shellfish_poisoning; lc_ms; phylogenetic toxin; cyano_taxon; toxin; dino_taxon; detection_method; dino_taxon; dino_taxon; toxin; detection_method; biological_process
sxtg,SXT_GENE,secondary_metabolism,BIOLOGICAL_PROCESS,gene_process_association,0.1815769982078046,427,2.440725704908964,267,0.2272727272727272,272,10,saxitoxin; pyrodinium; dinoflagellate; toxicity; toxin_production; bloom; nitrogen; nutrient; pyrodinium_bahamense; dinoflagellates,TOXIN; DINO_TAXON; DINO_TAXON; BIOLOGICAL_PROCESS; BIOLOGICAL_PROCESS; ENV_FACTOR; ENV_FACTOR; ENV_FACTOR; DINO_TAXON; DINO_TAXON,dino_pre2016,unvalidated_candidate,1,secondary_metabolism|||sxtg,Not observed post-2015,"The relationship between sxtg and secondary metabolism was identified as a candidate missing link in the pre-2016 dinoflagellate knowledge graph. Historical graph connectivity includes bridge concepts such as saxitoxin, pyrodinium, dinoflagellate, toxicity, toxin production. This relationship should be interpreted as a literature-derived hypothesis rather than experimental evidence of a biological mechanism.",267,2.440725704908964,Adamic–Adar,sxtg secondary_metabolism sxt_gene biological_process gene_process_association saxitoxin; pyrodinium; dinoflagellate; toxicity; toxin_production; bloom; nitrogen; nutrient; pyrodinium_bahamense; dinoflagellates toxin; dino_taxon; dino_taxon; biological_process; biological_process; env_factor; env_factor; env_factor; dino_taxon; dino_taxon
nitrogen,ENV_FACTOR,sxtu,SXT_GENE,environment_gene_regulation,0.0203396053877301,513,2.420745210372728,268,0.1666666666666666,359,10,saxitoxin; cyanobacteria; paralytic_shellfish_toxins; dinoflagellate; cyanobacterium; paralytic_shellfish_poisoning; sxta; expression; dinoflagellates; biosynthesis,TOXIN; CYANO_TAXON; TOXIN; DINO_TAXON; CYANO_TAXON; TOXIN; SXT_GENE; BIOLOGICAL_PROCESS; DINO_TAXON; BIOLOGICAL_PROCESS,dino_pre2016,unvalidated_candidate,1,nitrogen|||sxtu,Not observed post-2015,"The relationship between nitrogen and sxtu was identified as a candidate missing link in the pre-2016 dinoflagellate knowledge graph. Historical graph connectivity includes bridge concepts such as saxitoxin, cyanobacteria, paralytic shellfish toxins, dinoflagellate, cyanobacterium. This relationship should be interpreted as a literature-derived hypothesis rather than experimental evidence of a biological mechanism.",268,2.420745210372728,Adamic–Adar,nitrogen sxtu env_factor sxt_gene environment_gene_regulation saxitoxin; cyanobacteria; paralytic_shellfish_toxins; dinoflagellate; cyanobacterium; paralytic_shellfish_poisoning; sxta; expression; dinoflagellates; biosynthesis toxin; cyano_taxon; toxin; dino_taxon; cyano_taxon; toxin; sxt_gene; biological_process; dino_taxon; biological_process
temperature,ENV_FACTOR,sxti,SXT_GENE,environment_gene_regulation,0.2841247576152576,292,2.418386599825717,269,0.2083333333333333,299,10,saxitoxin; pyrodinium; dinoflagellate; alexandrium; saxitoxin_biosynthesis; paralytic_shellfish_poisoning; sxta; pyrodinium_bahamense; dinoflagellates; biosynthesis,TOXIN; DINO_TAXON; DINO_TAXON; DINO_TAXON; BIOLOGICAL_PROCESS; TOXIN; SXT_GENE; DINO_TAXON; DINO_TAXON; BIOLOGICAL_PROCESS,dino_pre2016,unvalidated_candidate,1,sxti|||temperature,Not observed post-2015,"The relationship between temperature and sxti was identified as a candidate missing link in the pre-2016 dinoflagellate knowledge graph. Historical graph connectivity includes bridge concepts such as saxitoxin, pyrodinium, dinoflagellate, alexandrium, saxitoxin biosynthesis. This relationship should be interpreted as a literature-derived hypothesis rather than experimental evidence of a biological mechanism.",269,2.418386599825717,Adamic–Adar,temperature sxti env_factor sxt_gene environment_gene_regulation saxitoxin; pyrodinium; dinoflagellate; alexandrium; saxitoxin_biosynthesis; paralytic_shellfish_poisoning; sxta; pyrodinium_bahamense; dinoflagellates; biosynthesis toxin; dino_taxon; dino_taxon; dino_taxon; biological_process; toxin; sxt_gene; dino_taxon; dino_taxon; biological_process
alexandrium_tamarense,DINO_TAXON,planktothrix,CYANO_TAXON,cross_taxa_association,0.3443101274380687,205,2.404684301213864,270,0.1724137931034483,354,10,saxitoxin; cyanobacterial; cyanobacteria; paralytic_shellfish_toxins; alexandrium; toxicity; gymnodinium; anabaena; paralytic_shellfish_poisoning; dinoflagellates,TOXIN; CYANO_TAXON; CYANO_TAXON; TOXIN; DINO_TAXON; BIOLOGICAL_PROCESS; DINO_TAXON; CYANO_TAXON; TOXIN; DINO_TAXON,dino_pre2016,unvalidated_candidate,1,alexandrium_tamarense|||planktothrix,Not observed post-2015,"The relationship between alexandrium tamarense and planktothrix was identified as a candidate missing link in the pre-2016 dinoflagellate knowledge graph. Historical graph connectivity includes bridge concepts such as saxitoxin, cyanobacterial, cyanobacteria, paralytic shellfish toxins, alexandrium. This relationship should be interpreted as a literature-derived hypothesis rather than experimental evidence of a biological mechanism.",270,2.404684301213864,Adamic–Adar,alexandrium_tamarense planktothrix dino_taxon cyano_taxon cross_taxa_association saxitoxin; cyanobacterial; cyanobacteria; paralytic_shellfish_toxins; alexandrium; toxicity; gymnodinium; anabaena; paralytic_shellfish_poisoning; dinoflagellates toxin; cyano_taxon; cyano_taxon; toxin; dino_taxon; biological_process; dino_taxon; cyano_taxon; toxin; dino_taxon
phosphate,ENV_FACTOR,sxtb,SXT_GENE,environment_gene_regulation,0.2824278381719323,295,2.398923093514905,271,0.2702702702702703,222,10,dinoflagellate; dinoflagellates; saxitoxin; paralytic_shellfish_toxins; toxin_production; bloom; toxin_biosynthesis; paralytic_shellfish_poisoning; nutrient; biosynthesis,DINO_TAXON; DINO_TAXON; TOXIN; TOXIN; BIOLOGICAL_PROCESS; ENV_FACTOR; BIOLOGICAL_PROCESS; TOXIN; ENV_FACTOR; BIOLOGICAL_PROCESS,dino_pre2016,unvalidated_candidate,1,phosphate|||sxtb,Not observed post-2015,"The relationship between phosphate and sxtb was identified as a candidate missing link in the pre-2016 dinoflagellate knowledge graph. Historical graph connectivity includes bridge concepts such as dinoflagellate, dinoflagellates, saxitoxin, paralytic shellfish toxins, toxin production. This relationship should be interpreted as a literature-derived hypothesis rather than experimental evidence of a biological mechanism.",271,2.398923093514905,Adamic–Adar,phosphate sxtb env_factor sxt_gene environment_gene_regulation dinoflagellate; dinoflagellates; saxitoxin; paralytic_shellfish_toxins; toxin_production; bloom; toxin_biosynthesis; paralytic_shellfish_poisoning; nutrient; biosynthesis dino_taxon; dino_taxon; toxin; toxin; biological_process; env_factor; biological_process; toxin; env_factor; biological_process
temperature,ENV_FACTOR,sxtu,SXT_GENE,environment_gene_regulation,0.1718648157291763,436,2.3946690170985776,272,0.1818181818181818,341,10,saxitoxin; paralytic_shellfish_toxins; dinoflagellate; gymnodinium; saxitoxin_biosynthesis; paralytic_shellfish_poisoning; gymnodinium_catenatum; sxta; dinoflagellates; biosynthesis,TOXIN; TOXIN; DINO_TAXON; DINO_TAXON; BIOLOGICAL_PROCESS; TOXIN; DINO_TAXON; SXT_GENE; DINO_TAXON; BIOLOGICAL_PROCESS,dino_pre2016,unvalidated_candidate,1,sxtu|||temperature,Not observed post-2015,"The relationship between temperature and sxtu was identified as a candidate missing link in the pre-2016 dinoflagellate knowledge graph. Historical graph connectivity includes bridge concepts such as saxitoxin, paralytic shellfish toxins, dinoflagellate, gymnodinium, saxitoxin biosynthesis. This relationship should be interpreted as a literature-derived hypothesis rather than experimental evidence of a biological mechanism.",272,2.3946690170985776,Adamic–Adar,temperature sxtu env_factor sxt_gene environment_gene_regulation saxitoxin; paralytic_shellfish_toxins; dinoflagellate; gymnodinium; saxitoxin_biosynthesis; paralytic_shellfish_poisoning; gymnodinium_catenatum; sxta; dinoflagellates; biosynthesis toxin; toxin; dino_taxon; dino_taxon; biological_process; toxin; dino_taxon; sxt_gene; dino_taxon; biological_process
nitrogen,ENV_FACTOR,sxti,SXT_GENE,environment_gene_regulation,0.2742373913522869,308,2.3922033517159385,273,0.1886792452830188,332,10,saxitoxin; cyanobacteria; pyrodinium; dinoflagellate; alexandrium; paralytic_shellfish_poisoning; sxta; pyrodinium_bahamense; dinoflagellates; biosynthesis,TOXIN; CYANO_TAXON; DINO_TAXON; DINO_TAXON; DINO_TAXON; TOXIN; SXT_GENE; DINO_TAXON; DINO_TAXON; BIOLOGICAL_PROCESS,dino_pre2016,unvalidated_candidate,1,nitrogen|||sxti,Subsequently represented,"The relationship between nitrogen and sxti was identified as a candidate missing link in the pre-2016 dinoflagellate knowledge graph. Historical graph connectivity includes bridge concepts such as saxitoxin, cyanobacteria, pyrodinium, dinoflagellate, alexandrium. This relationship should be interpreted as a literature-derived hypothesis rather than experimental evidence of a biological mechanism.",273,2.3922033517159385,Adamic–Adar,nitrogen sxti env_factor sxt_gene environment_gene_regulation saxitoxin; cyanobacteria; pyrodinium; dinoflagellate; alexandrium; paralytic_shellfish_poisoning; sxta; pyrodinium_bahamense; dinoflagellates; biosynthesis toxin; cyano_taxon; dino_taxon; dino_taxon; dino_taxon; toxin; sxt_gene; dino_taxon; dino_taxon; biological_process
lyngbya,CYANO_TAXON,sxtb,SXT_GENE,cyano_gene_transfer_signal,0.3518876336213737,192,2.3870781321511885,274,0.3571428571428571,117,10,cyanobacterial; cyanobacteria; dinoflagellates; saxitoxin; paralytic_shellfish_toxins; toxin_production; bloom; paralytic_shellfish_poisoning; sxta; biosynthesis,CYANO_TAXON; CYANO_TAXON; DINO_TAXON; TOXIN; TOXIN; BIOLOGICAL_PROCESS; ENV_FACTOR; TOXIN; SXT_GENE; BIOLOGICAL_PROCESS,dino_pre2016,unvalidated_candidate,1,lyngbya|||sxtb,Not observed post-2015,"The relationship between lyngbya and sxtb was identified as a candidate missing link in the pre-2016 dinoflagellate knowledge graph. Historical graph connectivity includes bridge concepts such as cyanobacterial, cyanobacteria, dinoflagellates, saxitoxin, paralytic shellfish toxins. This relationship should be interpreted as a literature-derived hypothesis rather than experimental evidence of a biological mechanism.",274,2.3870781321511885,Adamic–Adar,lyngbya sxtb cyano_taxon sxt_gene cyano_gene_transfer_signal cyanobacterial; cyanobacteria; dinoflagellates; saxitoxin; paralytic_shellfish_toxins; toxin_production; bloom; paralytic_shellfish_poisoning; sxta; biosynthesis cyano_taxon; cyano_taxon; dino_taxon; toxin; toxin; biological_process; env_factor; toxin; sxt_gene; biological_process
sxt_genes,SXT_GENE,planktothrix,CYANO_TAXON,cyano_gene_transfer_signal,0.3073296794117403,267,2.381251206573572,275,0.2941176470588235,195,10,saxitoxin; cyanobacterial; cyanobacteria; paralytic_shellfish_toxins; pyrodinium; alexandrium; toxicity; gymnodinium; paralytic_shellfish_poisoning; dinoflagellates,TOXIN; CYANO_TAXON; CYANO_TAXON; TOXIN; DINO_TAXON; DINO_TAXON; BIOLOGICAL_PROCESS; DINO_TAXON; TOXIN; DINO_TAXON,dino_pre2016,unvalidated_candidate,1,planktothrix|||sxt_genes,Not observed post-2015,"The relationship between sxt genes and planktothrix was identified as a candidate missing link in the pre-2016 dinoflagellate knowledge graph. Historical graph connectivity includes bridge concepts such as saxitoxin, cyanobacterial, cyanobacteria, paralytic shellfish toxins, pyrodinium. This relationship should be interpreted as a literature-derived hypothesis rather than experimental evidence of a biological mechanism.",275,2.381251206573572,Adamic–Adar,sxt_genes planktothrix sxt_gene cyano_taxon cyano_gene_transfer_signal saxitoxin; cyanobacterial; cyanobacteria; paralytic_shellfish_toxins; pyrodinium; alexandrium; toxicity; gymnodinium; paralytic_shellfish_poisoning; dinoflagellates toxin; cyano_taxon; cyano_taxon; toxin; dino_taxon; dino_taxon; biological_process; dino_taxon; toxin; dino_taxon
sxtg,SXT_GENE,planktothrix,CYANO_TAXON,cyano_gene_transfer_signal,0.2122952866954275,393,2.381251206573572,275,0.25,238,10,saxitoxin; cyanobacterial; cyanobacteria; paralytic_shellfish_toxins; pyrodinium; alexandrium; toxicity; gymnodinium; paralytic_shellfish_poisoning; dinoflagellates,TOXIN; CYANO_TAXON; CYANO_TAXON; TOXIN; DINO_TAXON; DINO_TAXON; BIOLOGICAL_PROCESS; DINO_TAXON; TOXIN; DINO_TAXON,dino_pre2016,unvalidated_candidate,1,planktothrix|||sxtg,Not observed post-2015,"The relationship between sxtg and planktothrix was identified as a candidate missing link in the pre-2016 dinoflagellate knowledge graph. Historical graph connectivity includes bridge concepts such as saxitoxin, cyanobacterial, cyanobacteria, paralytic shellfish toxins, pyrodinium. This relationship should be interpreted as a literature-derived hypothesis rather than experimental evidence of a biological mechanism.",275,2.381251206573572,Adamic–Adar,sxtg planktothrix sxt_gene cyano_taxon cyano_gene_transfer_signal saxitoxin; cyanobacterial; cyanobacteria; paralytic_shellfish_toxins; pyrodinium; alexandrium; toxicity; gymnodinium; paralytic_shellfish_poisoning; dinoflagellates toxin; cyano_taxon; cyano_taxon; toxin; dino_taxon; dino_taxon; biological_process; dino_taxon; toxin; dino_taxon
pyrodinium_bahamense,DINO_TAXON,planktothrix,CYANO_TAXON,cross_taxa_association,0.469635372932062,69,2.381251206573572,275,0.2040816326530612,306,10,saxitoxin; cyanobacterial; cyanobacteria; paralytic_shellfish_toxins; pyrodinium; alexandrium; toxicity; gymnodinium; paralytic_shellfish_poisoning; dinoflagellates,TOXIN; CYANO_TAXON; CYANO_TAXON; TOXIN; DINO_TAXON; DINO_TAXON; BIOLOGICAL_PROCESS; DINO_TAXON; TOXIN; DINO_TAXON,dino_pre2016,unvalidated_candidate,1,planktothrix|||pyrodinium_bahamense,Not observed post-2015,"The relationship between pyrodinium bahamense and planktothrix was identified as a candidate missing link in the pre-2016 dinoflagellate knowledge graph. Historical graph connectivity includes bridge concepts such as saxitoxin, cyanobacterial, cyanobacteria, paralytic shellfish toxins, pyrodinium. This relationship should be interpreted as a literature-derived hypothesis rather than experimental evidence of a biological mechanism.",275,2.381251206573572,Adamic–Adar,pyrodinium_bahamense planktothrix dino_taxon cyano_taxon cross_taxa_association saxitoxin; cyanobacterial; cyanobacteria; paralytic_shellfish_toxins; pyrodinium; alexandrium; toxicity; gymnodinium; paralytic_shellfish_poisoning; dinoflagellates toxin; cyano_taxon; cyano_taxon; toxin; dino_taxon; dino_taxon; biological_process; dino_taxon; toxin; dino_taxon
alexandrium_catenella,DINO_TAXON,planktothrix,CYANO_TAXON,cross_taxa_association,0.4462072533119117,80,2.381251206573572,275,0.1851851851851851,337,10,saxitoxin; cyanobacterial; cyanobacteria; paralytic_shellfish_toxins; pyrodinium; alexandrium; toxicity; gymnodinium; paralytic_shellfish_poisoning; dinoflagellates,TOXIN; CYANO_TAXON; CYANO_TAXON; TOXIN; DINO_TAXON; DINO_TAXON; BIOLOGICAL_PROCESS; DINO_TAXON; TOXIN; DINO_TAXON,dino_pre2016,unvalidated_candidate,1,alexandrium_catenella|||planktothrix,Not observed post-2015,"The relationship between alexandrium catenella and planktothrix was identified as a candidate missing link in the pre-2016 dinoflagellate knowledge graph. Historical graph connectivity includes bridge concepts such as saxitoxin, cyanobacterial, cyanobacteria, paralytic shellfish toxins, pyrodinium. This relationship should be interpreted as a literature-derived hypothesis rather than experimental evidence of a biological mechanism.",275,2.381251206573572,Adamic–Adar,alexandrium_catenella planktothrix dino_taxon cyano_taxon cross_taxa_association saxitoxin; cyanobacterial; cyanobacteria; paralytic_shellfish_toxins; pyrodinium; alexandrium; toxicity; gymnodinium; paralytic_shellfish_poisoning; dinoflagellates toxin; cyano_taxon; cyano_taxon; toxin; dino_taxon; dino_taxon; biological_process; dino_taxon; toxin; dino_taxon
cylindrospermopsis,CYANO_TAXON,sxtb,SXT_GENE,cyano_gene_transfer_signal,0.3067474494082041,269,2.372739845405127,279,0.2857142857142857,205,10,cyanobacterial; cyanobacteria; sxta; dinoflagellates; saxitoxin; paralytic_shellfish_toxins; dinoflagellate; bloom; paralytic_shellfish_poisoning; biosynthesis,CYANO_TAXON; CYANO_TAXON; SXT_GENE; DINO_TAXON; TOXIN; TOXIN; DINO_TAXON; ENV_FACTOR; TOXIN; BIOLOGICAL_PROCESS,dino_pre2016,unvalidated_candidate,1,cylindrospermopsis|||sxtb,Not observed post-2015,"The relationship between cylindrospermopsis and sxtb was identified as a candidate missing link in the pre-2016 dinoflagellate knowledge graph. Historical graph connectivity includes bridge concepts such as cyanobacterial, cyanobacteria, sxta, dinoflagellates, saxitoxin. This relationship should be interpreted as a literature-derived hypothesis rather than experimental evidence of a biological mechanism.",279,2.372739845405127,Adamic–Adar,cylindrospermopsis sxtb cyano_taxon sxt_gene cyano_gene_transfer_signal cyanobacterial; cyanobacteria; sxta; dinoflagellates; saxitoxin; paralytic_shellfish_toxins; dinoflagellate; bloom; paralytic_shellfish_poisoning; biosynthesis cyano_taxon; cyano_taxon; sxt_gene; dino_taxon; toxin; toxin; dino_taxon; env_factor; toxin; biological_process
saxitoxin_biosynthesis,BIOLOGICAL_PROCESS,sxtd,SXT_GENE,gene_process_association,0.3860233623731722,137,2.3450146888289285,280,0.1956521739130435,320,9,saxitoxin; cyanobacteria; dinoflagellates; cyanobacterium; paralytic_shellfish_poisoning; sxta; expression; sxtu; cylindrospermopsis,TOXIN; CYANO_TAXON; DINO_TAXON; CYANO_TAXON; TOXIN; SXT_GENE; BIOLOGICAL_PROCESS; SXT_GENE; CYANO_TAXON,dino_pre2016,unvalidated_candidate,1,saxitoxin_biosynthesis|||sxtd,Subsequently represented,"The relationship between saxitoxin biosynthesis and sxtd was identified as a candidate missing link in the pre-2016 dinoflagellate knowledge graph. Historical graph connectivity includes bridge concepts such as saxitoxin, cyanobacteria, dinoflagellates, cyanobacterium, paralytic shellfish poisoning. This relationship should be interpreted as a literature-derived hypothesis rather than experimental evidence of a biological mechanism.",280,2.3450146888289285,Adamic–Adar,saxitoxin_biosynthesis sxtd biological_process sxt_gene gene_process_association saxitoxin; cyanobacteria; dinoflagellates; cyanobacterium; paralytic_shellfish_poisoning; sxta; expression; sxtu; cylindrospermopsis toxin; cyano_taxon; dino_taxon; cyano_taxon; toxin; sxt_gene; biological_process; sxt_gene; cyano_taxon
lyngbya,CYANO_TAXON,sxtd,SXT_GENE,cyano_gene_transfer_signal,0.384282859296805,139,2.259611567674079,281,0.36,111,9,saxitoxin; cyanobacteria; paralytic_shellfish_toxins; mass_spectrometry; dinoflagellates; cyanobacterium; paralytic_shellfish_poisoning; sxta; cylindrospermopsis,TOXIN; CYANO_TAXON; TOXIN; DETECTION_METHOD; DINO_TAXON; CYANO_TAXON; TOXIN; SXT_GENE; CYANO_TAXON,dino_pre2016,unvalidated_candidate,1,lyngbya|||sxtd,Not observed post-2015,"The relationship between lyngbya and sxtd was identified as a candidate missing link in the pre-2016 dinoflagellate knowledge graph. Historical graph connectivity includes bridge concepts such as saxitoxin, cyanobacteria, paralytic shellfish toxins, mass spectrometry, dinoflagellates. This relationship should be interpreted as a literature-derived hypothesis rather than experimental evidence of a biological mechanism.",281,2.259611567674079,Adamic–Adar,lyngbya sxtd cyano_taxon sxt_gene cyano_gene_transfer_signal saxitoxin; cyanobacteria; paralytic_shellfish_toxins; mass_spectrometry; dinoflagellates; cyanobacterium; paralytic_shellfish_poisoning; sxta; cylindrospermopsis toxin; cyano_taxon; toxin; detection_method; dino_taxon; cyano_taxon; toxin; sxt_gene; cyano_taxon
aphanizomenon,CYANO_TAXON,sxtd,SXT_GENE,cyano_gene_transfer_signal,0.3476716660430248,198,2.259611567674079,281,0.3,188,9,saxitoxin; cyanobacteria; paralytic_shellfish_toxins; mass_spectrometry; dinoflagellates; cyanobacterium; paralytic_shellfish_poisoning; sxta; cylindrospermopsis,TOXIN; CYANO_TAXON; TOXIN; DETECTION_METHOD; DINO_TAXON; CYANO_TAXON; TOXIN; SXT_GENE; CYANO_TAXON,dino_pre2016,unvalidated_candidate,1,aphanizomenon|||sxtd,Not observed post-2015,"The relationship between aphanizomenon and sxtd was identified as a candidate missing link in the pre-2016 dinoflagellate knowledge graph. Historical graph connectivity includes bridge concepts such as saxitoxin, cyanobacteria, paralytic shellfish toxins, mass spectrometry, dinoflagellates. This relationship should be interpreted as a literature-derived hypothesis rather than experimental evidence of a biological mechanism.",281,2.259611567674079,Adamic–Adar,aphanizomenon sxtd cyano_taxon sxt_gene cyano_gene_transfer_signal saxitoxin; cyanobacteria; paralytic_shellfish_toxins; mass_spectrometry; dinoflagellates; cyanobacterium; paralytic_shellfish_poisoning; sxta; cylindrospermopsis toxin; cyano_taxon; toxin; detection_method; dino_taxon; cyano_taxon; toxin; sxt_gene; cyano_taxon
pyrodinium,DINO_TAXON,sxtd,SXT_GENE,taxon_gene_association,0.363001517677788,175,2.259611567674079,281,0.1666666666666666,359,9,saxitoxin; cyanobacteria; paralytic_shellfish_toxins; mass_spectrometry; dinoflagellates; paralytic_shellfish_poisoning; lc_ms; sxta; cylindrospermopsis,TOXIN; CYANO_TAXON; TOXIN; DETECTION_METHOD; DINO_TAXON; TOXIN; DETECTION_METHOD; SXT_GENE; CYANO_TAXON,dino_pre2016,unvalidated_candidate,1,pyrodinium|||sxtd,Not observed post-2015,"The relationship between pyrodinium and sxtd was identified as a candidate missing link in the pre-2016 dinoflagellate knowledge graph. Historical graph connectivity includes bridge concepts such as saxitoxin, cyanobacteria, paralytic shellfish toxins, mass spectrometry, dinoflagellates. This relationship should be interpreted as a literature-derived hypothesis rather than experimental evidence of a biological mechanism.",281,2.259611567674079,Adamic–Adar,pyrodinium sxtd dino_taxon sxt_gene taxon_gene_association saxitoxin; cyanobacteria; paralytic_shellfish_toxins; mass_spectrometry; dinoflagellates; paralytic_shellfish_poisoning; lc_ms; sxta; cylindrospermopsis toxin; cyano_taxon; toxin; detection_method; dino_taxon; toxin; detection_method; sxt_gene; cyano_taxon
gonyautoxin,TOXIN,environmental_regulation,BIOLOGICAL_PROCESS,process_toxin_association,0.5104851359551256,45,2.2365853867650696,284,0.1764705882352941,347,9,saxitoxin; paralytic_shellfish_toxins; temperature; alexandrium; nitrate; toxicity; alexandrium_tamarense; alexandrium_catenella; regulation,TOXIN; TOXIN; ENV_FACTOR; DINO_TAXON; ENV_FACTOR; BIOLOGICAL_PROCESS; DINO_TAXON; DINO_TAXON; BIOLOGICAL_PROCESS,dino_pre2016,unvalidated_candidate,1,environmental_regulation|||gonyautoxin,Not observed post-2015,"The relationship between gonyautoxin and environmental regulation was identified as a candidate missing link in the pre-2016 dinoflagellate knowledge graph. Historical graph connectivity includes bridge concepts such as saxitoxin, paralytic shellfish toxins, temperature, alexandrium, nitrate. This relationship should be interpreted as a literature-derived hypothesis rather than experimental evidence of a biological mechanism.",284,2.2365853867650696,Adamic–Adar,gonyautoxin environmental_regulation toxin biological_process process_toxin_association saxitoxin; paralytic_shellfish_toxins; temperature; alexandrium; nitrate; toxicity; alexandrium_tamarense; alexandrium_catenella; regulation toxin; toxin; env_factor; dino_taxon; env_factor; biological_process; dino_taxon; dino_taxon; biological_process
paralytic_shellfish_poisoning,TOXIN,environmental_regulation,BIOLOGICAL_PROCESS,process_toxin_association,0.5330902915340666,37,2.2365853867650696,284,0.1153846153846153,416,9,saxitoxin; paralytic_shellfish_toxins; temperature; alexandrium; nitrate; toxicity; alexandrium_tamarense; alexandrium_catenella; regulation,TOXIN; TOXIN; ENV_FACTOR; DINO_TAXON; ENV_FACTOR; BIOLOGICAL_PROCESS; DINO_TAXON; DINO_TAXON; BIOLOGICAL_PROCESS,dino_pre2016,unvalidated_candidate,1,environmental_regulation|||paralytic_shellfish_poisoning,Not observed post-2015,"The relationship between paralytic shellfish poisoning and environmental regulation was identified as a candidate missing link in the pre-2016 dinoflagellate knowledge graph. Historical graph connectivity includes bridge concepts such as saxitoxin, paralytic shellfish toxins, temperature, alexandrium, nitrate. This relationship should be interpreted as a literature-derived hypothesis rather than experimental evidence of a biological mechanism.",284,2.2365853867650696,Adamic–Adar,paralytic_shellfish_poisoning environmental_regulation toxin biological_process process_toxin_association saxitoxin; paralytic_shellfish_toxins; temperature; alexandrium; nitrate; toxicity; alexandrium_tamarense; alexandrium_catenella; regulation toxin; toxin; env_factor; dino_taxon; env_factor; biological_process; dino_taxon; dino_taxon; biological_process
light,ENV_FACTOR,sxtd,SXT_GENE,environment_gene_regulation,0.2575272041430106,336,2.2178277059809948,286,0.1636363636363636,373,9,saxitoxin; cyanobacteria; paralytic_shellfish_toxins; mass_spectrometry; paralytic_shellfish_poisoning; lc_ms; sxta; expression; dinoflagellates,TOXIN; CYANO_TAXON; TOXIN; DETECTION_METHOD; TOXIN; DETECTION_METHOD; SXT_GENE; BIOLOGICAL_PROCESS; DINO_TAXON,dino_pre2016,unvalidated_candidate,1,light|||sxtd,Not observed post-2015,"The relationship between light and sxtd was identified as a candidate missing link in the pre-2016 dinoflagellate knowledge graph. Historical graph connectivity includes bridge concepts such as saxitoxin, cyanobacteria, paralytic shellfish toxins, mass spectrometry, paralytic shellfish poisoning. This relationship should be interpreted as a literature-derived hypothesis rather than experimental evidence of a biological mechanism.",286,2.2178277059809948,Adamic–Adar,light sxtd env_factor sxt_gene environment_gene_regulation saxitoxin; cyanobacteria; paralytic_shellfish_toxins; mass_spectrometry; paralytic_shellfish_poisoning; lc_ms; sxta; expression; dinoflagellates toxin; cyano_taxon; toxin; detection_method; toxin; detection_method; sxt_gene; biological_process; dino_taxon
alexandrium_ostenfeldii,DINO_TAXON,sxtb,SXT_GENE,taxon_gene_association,0.2285127414390775,376,2.2107495802526342,287,0.2368421052631578,259,9,dinoflagellate; dinoflagellates; saxitoxin; cyanobacterial; paralytic_shellfish_toxins; climate; toxin_production; bloom; paralytic_shellfish_poisoning,DINO_TAXON; DINO_TAXON; TOXIN; CYANO_TAXON; TOXIN; ENV_FACTOR; BIOLOGICAL_PROCESS; ENV_FACTOR; TOXIN,dino_pre2016,unvalidated_candidate,1,alexandrium_ostenfeldii|||sxtb,Not observed post-2015,"The relationship between alexandrium ostenfeldii and sxtb was identified as a candidate missing link in the pre-2016 dinoflagellate knowledge graph. Historical graph connectivity includes bridge concepts such as dinoflagellate, dinoflagellates, saxitoxin, cyanobacterial, paralytic shellfish toxins. This relationship should be interpreted as a literature-derived hypothesis rather than experimental evidence of a biological mechanism.",287,2.2107495802526342,Adamic–Adar,alexandrium_ostenfeldii sxtb dino_taxon sxt_gene taxon_gene_association dinoflagellate; dinoflagellates; saxitoxin; cyanobacterial; paralytic_shellfish_toxins; climate; toxin_production; bloom; paralytic_shellfish_poisoning dino_taxon; dino_taxon; toxin; cyano_taxon; toxin; env_factor; biological_process; env_factor; toxin
warming,ENV_FACTOR,sxtb,SXT_GENE,environment_gene_regulation,0.235580854144918,368,2.191563812904581,288,0.2432432432432432,253,9,dinoflagellate; saxitoxin; transcriptome; toxin_production; bloom; paralytic_shellfish_poisoning; nutrient; dinoflagellates; biosynthesis,DINO_TAXON; TOXIN; BIOLOGICAL_PROCESS; BIOLOGICAL_PROCESS; ENV_FACTOR; TOXIN; ENV_FACTOR; DINO_TAXON; BIOLOGICAL_PROCESS,dino_pre2016,unvalidated_candidate,1,sxtb|||warming,Not observed post-2015,"The relationship between warming and sxtb was identified as a candidate missing link in the pre-2016 dinoflagellate knowledge graph. Historical graph connectivity includes bridge concepts such as dinoflagellate, saxitoxin, transcriptome, toxin production, bloom. This relationship should be interpreted as a literature-derived hypothesis rather than experimental evidence of a biological mechanism.",288,2.191563812904581,Adamic–Adar,warming sxtb env_factor sxt_gene environment_gene_regulation dinoflagellate; saxitoxin; transcriptome; toxin_production; bloom; paralytic_shellfish_poisoning; nutrient; dinoflagellates; biosynthesis dino_taxon; toxin; biological_process; biological_process; env_factor; toxin; env_factor; dino_taxon; biological_process
nutrients,ENV_FACTOR,sxtb,SXT_GENE,environment_gene_regulation,0.3177420922078465,251,2.185834695144039,289,0.2045454545454545,305,9,dinoflagellate; dinoflagellates; saxitoxin; paralytic_shellfish_toxins; transcriptome; toxin_production; bloom; paralytic_shellfish_poisoning; nutrient,DINO_TAXON; DINO_TAXON; TOXIN; TOXIN; BIOLOGICAL_PROCESS; BIOLOGICAL_PROCESS; ENV_FACTOR; TOXIN; ENV_FACTOR,dino_pre2016,unvalidated_candidate,1,nutrients|||sxtb,Not observed post-2015,"The relationship between nutrients and sxtb was identified as a candidate missing link in the pre-2016 dinoflagellate knowledge graph. Historical graph connectivity includes bridge concepts such as dinoflagellate, dinoflagellates, saxitoxin, paralytic shellfish toxins, transcriptome. This relationship should be interpreted as a literature-derived hypothesis rather than experimental evidence of a biological mechanism.",289,2.185834695144039,Adamic–Adar,nutrients sxtb env_factor sxt_gene environment_gene_regulation dinoflagellate; dinoflagellates; saxitoxin; paralytic_shellfish_toxins; transcriptome; toxin_production; bloom; paralytic_shellfish_poisoning; nutrient dino_taxon; dino_taxon; toxin; toxin; biological_process; biological_process; env_factor; toxin; env_factor
polyketide_synthase,BIOLOGICAL_PROCESS,sxtu,SXT_GENE,gene_process_association,0.3442171631259101,206,2.1804001051833275,290,0.36,111,9,saxitoxin; dinoflagellate; gymnodinium; gymnodinium_catenatum; sxta; expression; phylogenetic; dinoflagellates; biosynthesis,TOXIN; DINO_TAXON; DINO_TAXON; DINO_TAXON; SXT_GENE; BIOLOGICAL_PROCESS; BIOLOGICAL_PROCESS; DINO_TAXON; BIOLOGICAL_PROCESS,dino_pre2016,unvalidated_candidate,1,polyketide_synthase|||sxtu,Not observed post-2015,"The relationship between polyketide synthase and sxtu was identified as a candidate missing link in the pre-2016 dinoflagellate knowledge graph. Historical graph connectivity includes bridge concepts such as saxitoxin, dinoflagellate, gymnodinium, gymnodinium catenatum, sxta. This relationship should be interpreted as a literature-derived hypothesis rather than experimental evidence of a biological mechanism.",290,2.1804001051833275,Adamic–Adar,polyketide_synthase sxtu biological_process sxt_gene gene_process_association saxitoxin; dinoflagellate; gymnodinium; gymnodinium_catenatum; sxta; expression; phylogenetic; dinoflagellates; biosynthesis toxin; dino_taxon; dino_taxon; dino_taxon; sxt_gene; biological_process; biological_process; dino_taxon; biological_process
nutrients,ENV_FACTOR,sxtu,SXT_GENE,environment_gene_regulation,0.1395329709027557,471,2.158955986737332,291,0.1875,333,9,saxitoxin; paralytic_shellfish_toxins; dinoflagellate; gymnodinium; dinoflagellates; paralytic_shellfish_poisoning; gymnodinium_catenatum; expression; phylogenetic,TOXIN; TOXIN; DINO_TAXON; DINO_TAXON; DINO_TAXON; TOXIN; DINO_TAXON; BIOLOGICAL_PROCESS; BIOLOGICAL_PROCESS,dino_pre2016,unvalidated_candidate,1,nutrients|||sxtu,Not observed post-2015,"The relationship between nutrients and sxtu was identified as a candidate missing link in the pre-2016 dinoflagellate knowledge graph. Historical graph connectivity includes bridge concepts such as saxitoxin, paralytic shellfish toxins, dinoflagellate, gymnodinium, dinoflagellates. This relationship should be interpreted as a literature-derived hypothesis rather than experimental evidence of a biological mechanism.",291,2.158955986737332,Adamic–Adar,nutrients sxtu env_factor sxt_gene environment_gene_regulation saxitoxin; paralytic_shellfish_toxins; dinoflagellate; gymnodinium; dinoflagellates; paralytic_shellfish_poisoning; gymnodinium_catenatum; expression; phylogenetic toxin; toxin; dino_taxon; dino_taxon; dino_taxon; toxin; dino_taxon; biological_process; biological_process
lyngbya,CYANO_TAXON,sxti,SXT_GENE,cyano_gene_transfer_signal,0.3511218441415163,194,2.1529330437823493,292,0.3461538461538461,133,9,saxitoxin; cyanobacterial; cyanobacteria; pyrodinium; alexandrium; paralytic_shellfish_poisoning; sxta; dinoflagellates; biosynthesis,TOXIN; CYANO_TAXON; CYANO_TAXON; DINO_TAXON; DINO_TAXON; TOXIN; SXT_GENE; DINO_TAXON; BIOLOGICAL_PROCESS,dino_pre2016,unvalidated_candidate,1,lyngbya|||sxti,Not observed post-2015,"The relationship between lyngbya and sxti was identified as a candidate missing link in the pre-2016 dinoflagellate knowledge graph. Historical graph connectivity includes bridge concepts such as saxitoxin, cyanobacterial, cyanobacteria, pyrodinium, alexandrium. This relationship should be interpreted as a literature-derived hypothesis rather than experimental evidence of a biological mechanism.",292,2.1529330437823493,Adamic–Adar,lyngbya sxti cyano_taxon sxt_gene cyano_gene_transfer_signal saxitoxin; cyanobacterial; cyanobacteria; pyrodinium; alexandrium; paralytic_shellfish_poisoning; sxta; dinoflagellates; biosynthesis toxin; cyano_taxon; cyano_taxon; dino_taxon; dino_taxon; toxin; sxt_gene; dino_taxon; biological_process
phosphate,ENV_FACTOR,sxtu,SXT_GENE,environment_gene_regulation,0.2095646157283094,397,2.149422955288747,293,0.2142857142857142,288,9,saxitoxin; paralytic_shellfish_toxins; dinoflagellate; gymnodinium; saxitoxin_biosynthesis; paralytic_shellfish_poisoning; gymnodinium_catenatum; dinoflagellates; biosynthesis,TOXIN; TOXIN; DINO_TAXON; DINO_TAXON; BIOLOGICAL_PROCESS; TOXIN; DINO_TAXON; DINO_TAXON; BIOLOGICAL_PROCESS,dino_pre2016,unvalidated_candidate,1,phosphate|||sxtu,Subsequently represented,"The relationship between phosphate and sxtu was identified as a candidate missing link in the pre-2016 dinoflagellate knowledge graph. Historical graph connectivity includes bridge concepts such as saxitoxin, paralytic shellfish toxins, dinoflagellate, gymnodinium, saxitoxin biosynthesis. This relationship should be interpreted as a literature-derived hypothesis rather than experimental evidence of a biological mechanism.",293,2.149422955288747,Adamic–Adar,phosphate sxtu env_factor sxt_gene environment_gene_regulation saxitoxin; paralytic_shellfish_toxins; dinoflagellate; gymnodinium; saxitoxin_biosynthesis; paralytic_shellfish_poisoning; gymnodinium_catenatum; dinoflagellates; biosynthesis toxin; toxin; dino_taxon; dino_taxon; biological_process; toxin; dino_taxon; dino_taxon; biological_process
salinity,ENV_FACTOR,sxti,SXT_GENE,environment_gene_regulation,0.338925448288965,219,2.146957289906108,294,0.2093023255813953,297,9,saxitoxin; cyanobacteria; pyrodinium; dinoflagellate; alexandrium; paralytic_shellfish_poisoning; pyrodinium_bahamense; dinoflagellates; biosynthesis,TOXIN; CYANO_TAXON; DINO_TAXON; DINO_TAXON; DINO_TAXON; TOXIN; DINO_TAXON; DINO_TAXON; BIOLOGICAL_PROCESS,dino_pre2016,unvalidated_candidate,1,salinity|||sxti,Not observed post-2015,"The relationship between salinity and sxti was identified as a candidate missing link in the pre-2016 dinoflagellate knowledge graph. Historical graph connectivity includes bridge concepts such as saxitoxin, cyanobacteria, pyrodinium, dinoflagellate, alexandrium. This relationship should be interpreted as a literature-derived hypothesis rather than experimental evidence of a biological mechanism.",294,2.146957289906108,Adamic–Adar,salinity sxti env_factor sxt_gene environment_gene_regulation saxitoxin; cyanobacteria; pyrodinium; dinoflagellate; alexandrium; paralytic_shellfish_poisoning; pyrodinium_bahamense; dinoflagellates; biosynthesis toxin; cyano_taxon; dino_taxon; dino_taxon; dino_taxon; toxin; dino_taxon; dino_taxon; biological_process
alexandrium_tamiyavanichii,DINO_TAXON,sxtu,SXT_GENE,taxon_gene_association,0.374551992626022,152,2.14639533793312,295,0.2571428571428571,233,9,saxitoxin; cyanobacteria; paralytic_shellfish_toxins; dinoflagellate; saxitoxin_biosynthesis; paralytic_shellfish_poisoning; sxta; dinoflagellates; biosynthesis,TOXIN; CYANO_TAXON; TOXIN; DINO_TAXON; BIOLOGICAL_PROCESS; TOXIN; SXT_GENE; DINO_TAXON; BIOLOGICAL_PROCESS,dino_pre2016,unvalidated_candidate,1,alexandrium_tamiyavanichii|||sxtu,Not observed post-2015,"The relationship between alexandrium tamiyavanichii and sxtu was identified as a candidate missing link in the pre-2016 dinoflagellate knowledge graph. Historical graph connectivity includes bridge concepts such as saxitoxin, cyanobacteria, paralytic shellfish toxins, dinoflagellate, saxitoxin biosynthesis. This relationship should be interpreted as a literature-derived hypothesis rather than experimental evidence of a biological mechanism.",295,2.14639533793312,Adamic–Adar,alexandrium_tamiyavanichii sxtu dino_taxon sxt_gene taxon_gene_association saxitoxin; cyanobacteria; paralytic_shellfish_toxins; dinoflagellate; saxitoxin_biosynthesis; paralytic_shellfish_poisoning; sxta; dinoflagellates; biosynthesis toxin; cyano_taxon; toxin; dino_taxon; biological_process; toxin; sxt_gene; dino_taxon; biological_process
transcription,BIOLOGICAL_PROCESS,sxtb,SXT_GENE,gene_process_association,0.128448892609496,479,2.144588315370864,296,0.3333333333333333,143,9,dinoflagellate; dinoflagellates; saxitoxin; paralytic_shellfish_toxins; evolution; bloom; paralytic_shellfish_poisoning; sxta; biosynthesis,DINO_TAXON; DINO_TAXON; TOXIN; TOXIN; BIOLOGICAL_PROCESS; ENV_FACTOR; TOXIN; SXT_GENE; BIOLOGICAL_PROCESS,dino_pre2016,unvalidated_candidate,1,sxtb|||transcription,Not observed post-2015,"The relationship between transcription and sxtb was identified as a candidate missing link in the pre-2016 dinoflagellate knowledge graph. Historical graph connectivity includes bridge concepts such as dinoflagellate, dinoflagellates, saxitoxin, paralytic shellfish toxins, evolution. This relationship should be interpreted as a literature-derived hypothesis rather than experimental evidence of a biological mechanism.",296,2.144588315370864,Adamic–Adar,transcription sxtb biological_process sxt_gene gene_process_association dinoflagellate; dinoflagellates; saxitoxin; paralytic_shellfish_toxins; evolution; bloom; paralytic_shellfish_poisoning; sxta; biosynthesis dino_taxon; dino_taxon; toxin; toxin; biological_process; env_factor; toxin; sxt_gene; biological_process
phosphorus,ENV_FACTOR,sxtu,SXT_GENE,environment_gene_regulation,0.1369125674962029,473,2.1371667183213945,297,0.2093023255813953,297,9,saxitoxin; cyanobacteria; paralytic_shellfish_toxins; dinoflagellate; paralytic_shellfish_poisoning; sxta; expression; dinoflagellates; biosynthesis,TOXIN; CYANO_TAXON; TOXIN; DINO_TAXON; TOXIN; SXT_GENE; BIOLOGICAL_PROCESS; DINO_TAXON; BIOLOGICAL_PROCESS,dino_pre2016,unvalidated_candidate,1,phosphorus|||sxtu,Not observed post-2015,"The relationship between phosphorus and sxtu was identified as a candidate missing link in the pre-2016 dinoflagellate knowledge graph. Historical graph connectivity includes bridge concepts such as saxitoxin, cyanobacteria, paralytic shellfish toxins, dinoflagellate, paralytic shellfish poisoning. This relationship should be interpreted as a literature-derived hypothesis rather than experimental evidence of a biological mechanism.",297,2.1371667183213945,Adamic–Adar,phosphorus sxtu env_factor sxt_gene environment_gene_regulation saxitoxin; cyanobacteria; paralytic_shellfish_toxins; dinoflagellate; paralytic_shellfish_poisoning; sxta; expression; dinoflagellates; biosynthesis toxin; cyano_taxon; toxin; dino_taxon; toxin; sxt_gene; biological_process; dino_taxon; biological_process
climate,ENV_FACTOR,sxtu,SXT_GENE,environment_gene_regulation,0.0862953874187821,498,2.1331837296581084,298,0.2571428571428571,233,9,saxitoxin; cyanobacterial; cyanobacteria; paralytic_shellfish_toxins; dinoflagellate; paralytic_shellfish_poisoning; sxta; dinoflagellates; biosynthesis,TOXIN; CYANO_TAXON; CYANO_TAXON; TOXIN; DINO_TAXON; TOXIN; SXT_GENE; DINO_TAXON; BIOLOGICAL_PROCESS,dino_pre2016,unvalidated_candidate,1,climate|||sxtu,Not observed post-2015,"The relationship between climate and sxtu was identified as a candidate missing link in the pre-2016 dinoflagellate knowledge graph. Historical graph connectivity includes bridge concepts such as saxitoxin, cyanobacterial, cyanobacteria, paralytic shellfish toxins, dinoflagellate. This relationship should be interpreted as a literature-derived hypothesis rather than experimental evidence of a biological mechanism.",298,2.1331837296581084,Adamic–Adar,climate sxtu env_factor sxt_gene environment_gene_regulation saxitoxin; cyanobacterial; cyanobacteria; paralytic_shellfish_toxins; dinoflagellate; paralytic_shellfish_poisoning; sxta; dinoflagellates; biosynthesis toxin; cyano_taxon; cyano_taxon; toxin; dino_taxon; toxin; sxt_gene; dino_taxon; biological_process
nitrate,ENV_FACTOR,sxtb,SXT_GENE,environment_gene_regulation,0.1048455154398147,489,2.133183729658108,299,0.2,307,9,dinoflagellate; dinoflagellates; saxitoxin; cyanobacteria; paralytic_shellfish_toxins; toxin_production; bloom; paralytic_shellfish_poisoning; nutrient,DINO_TAXON; DINO_TAXON; TOXIN; CYANO_TAXON; TOXIN; BIOLOGICAL_PROCESS; ENV_FACTOR; TOXIN; ENV_FACTOR,dino_pre2016,unvalidated_candidate,1,nitrate|||sxtb,Subsequently represented,"The relationship between nitrate and sxtb was identified as a candidate missing link in the pre-2016 dinoflagellate knowledge graph. Historical graph connectivity includes bridge concepts such as dinoflagellate, dinoflagellates, saxitoxin, cyanobacteria, paralytic shellfish toxins. This relationship should be interpreted as a literature-derived hypothesis rather than experimental evidence of a biological mechanism.",299,2.133183729658108,Adamic–Adar,nitrate sxtb env_factor sxt_gene environment_gene_regulation dinoflagellate; dinoflagellates; saxitoxin; cyanobacteria; paralytic_shellfish_toxins; toxin_production; bloom; paralytic_shellfish_poisoning; nutrient dino_taxon; dino_taxon; toxin; cyano_taxon; toxin; biological_process; env_factor; toxin; env_factor
climate,ENV_FACTOR,sxti,SXT_GENE,environment_gene_regulation,0.3208268291569693,245,2.1282186002107863,300,0.3214285714285714,165,9,saxitoxin; cyanobacterial; cyanobacteria; dinoflagellate; alexandrium; paralytic_shellfish_poisoning; sxta; dinoflagellates; biosynthesis,TOXIN; CYANO_TAXON; CYANO_TAXON; DINO_TAXON; DINO_TAXON; TOXIN; SXT_GENE; DINO_TAXON; BIOLOGICAL_PROCESS,dino_pre2016,unvalidated_candidate,1,climate|||sxti,Not observed post-2015,"The relationship between climate and sxti was identified as a candidate missing link in the pre-2016 dinoflagellate knowledge graph. Historical graph connectivity includes bridge concepts such as saxitoxin, cyanobacterial, cyanobacteria, dinoflagellate, alexandrium. This relationship should be interpreted as a literature-derived hypothesis rather than experimental evidence of a biological mechanism.",300,2.1282186002107863,Adamic–Adar,climate sxti env_factor sxt_gene environment_gene_regulation saxitoxin; cyanobacterial; cyanobacteria; dinoflagellate; alexandrium; paralytic_shellfish_poisoning; sxta; dinoflagellates; biosynthesis toxin; cyano_taxon; cyano_taxon; dino_taxon; dino_taxon; toxin; sxt_gene; dino_taxon; biological_process
transcriptome,BIOLOGICAL_PROCESS,sxti,SXT_GENE,gene_process_association,0.4365931778836837,87,2.1282186002107863,300,0.2571428571428571,233,9,saxitoxin; cyanobacterial; cyanobacteria; dinoflagellate; alexandrium; paralytic_shellfish_poisoning; sxta; dinoflagellates; biosynthesis,TOXIN; CYANO_TAXON; CYANO_TAXON; DINO_TAXON; DINO_TAXON; TOXIN; SXT_GENE; DINO_TAXON; BIOLOGICAL_PROCESS,dino_pre2016,unvalidated_candidate,1,sxti|||transcriptome,Subsequently represented,"The relationship between transcriptome and sxti was identified as a candidate missing link in the pre-2016 dinoflagellate knowledge graph. Historical graph connectivity includes bridge concepts such as saxitoxin, cyanobacterial, cyanobacteria, dinoflagellate, alexandrium. This relationship should be interpreted as a literature-derived hypothesis rather than experimental evidence of a biological mechanism.",300,2.1282186002107863,Adamic–Adar,transcriptome sxti biological_process sxt_gene gene_process_association saxitoxin; cyanobacterial; cyanobacteria; dinoflagellate; alexandrium; paralytic_shellfish_poisoning; sxta; dinoflagellates; biosynthesis toxin; cyano_taxon; cyano_taxon; dino_taxon; dino_taxon; toxin; sxt_gene; dino_taxon; biological_process
alexandrium_fundyense,DINO_TAXON,planktothrix,CYANO_TAXON,cross_taxa_association,0.2100349332219373,395,2.1256289879382404,302,0.1666666666666666,359,9,saxitoxin; cyanobacterial; cyanobacteria; paralytic_shellfish_toxins; alexandrium; toxicity; gymnodinium; paralytic_shellfish_poisoning; dinoflagellates,TOXIN; CYANO_TAXON; CYANO_TAXON; TOXIN; DINO_TAXON; BIOLOGICAL_PROCESS; DINO_TAXON; TOXIN; DINO_TAXON,dino_pre2016,unvalidated_candidate,1,alexandrium_fundyense|||planktothrix,Not observed post-2015,"The relationship between alexandrium fundyense and planktothrix was identified as a candidate missing link in the pre-2016 dinoflagellate knowledge graph. Historical graph connectivity includes bridge concepts such as saxitoxin, cyanobacterial, cyanobacteria, paralytic shellfish toxins, alexandrium. This relationship should be interpreted as a literature-derived hypothesis rather than experimental evidence of a biological mechanism.",302,2.1256289879382404,Adamic–Adar,alexandrium_fundyense planktothrix dino_taxon cyano_taxon cross_taxa_association saxitoxin; cyanobacterial; cyanobacteria; paralytic_shellfish_toxins; alexandrium; toxicity; gymnodinium; paralytic_shellfish_poisoning; dinoflagellates toxin; cyano_taxon; cyano_taxon; toxin; dino_taxon; biological_process; dino_taxon; toxin; dino_taxon
alexandrium_tamiyavanichii,DINO_TAXON,sxtb,SXT_GENE,taxon_gene_association,0.2208837648336133,387,2.1240950133238963,303,0.2903225806451613,201,9,dinoflagellate; dinoflagellates; saxitoxin; cyanobacteria; paralytic_shellfish_toxins; toxin_production; paralytic_shellfish_poisoning; sxta; biosynthesis,DINO_TAXON; DINO_TAXON; TOXIN; CYANO_TAXON; TOXIN; BIOLOGICAL_PROCESS; TOXIN; SXT_GENE; BIOLOGICAL_PROCESS,dino_pre2016,unvalidated_candidate,1,alexandrium_tamiyavanichii|||sxtb,Not observed post-2015,"The relationship between alexandrium tamiyavanichii and sxtb was identified as a candidate missing link in the pre-2016 dinoflagellate knowledge graph. Historical graph connectivity includes bridge concepts such as dinoflagellate, dinoflagellates, saxitoxin, cyanobacteria, paralytic shellfish toxins. This relationship should be interpreted as a literature-derived hypothesis rather than experimental evidence of a biological mechanism.",303,2.1240950133238963,Adamic–Adar,alexandrium_tamiyavanichii sxtb dino_taxon sxt_gene taxon_gene_association dinoflagellate; dinoflagellates; saxitoxin; cyanobacteria; paralytic_shellfish_toxins; toxin_production; paralytic_shellfish_poisoning; sxta; biosynthesis dino_taxon; dino_taxon; toxin; cyano_taxon; toxin; biological_process; toxin; sxt_gene; biological_process
gtx,TOXIN,phosphorus_limitation,ENV_FACTOR,environment_toxin_association,0.4565977099887101,72,2.0214402716463926,304,0.2051282051282051,304,8,alexandrium; dinoflagellate; toxin_production; paralytic_shellfish_poisoning; alexandrium_minutum; nutrient; phosphate; phosphorus,DINO_TAXON; DINO_TAXON; BIOLOGICAL_PROCESS; TOXIN; DINO_TAXON; ENV_FACTOR; ENV_FACTOR; ENV_FACTOR,dino_pre2016,unvalidated_candidate,1,gtx|||phosphorus_limitation,Not observed post-2015,"The relationship between gtx and phosphorus limitation was identified as a candidate missing link in the pre-2016 dinoflagellate knowledge graph. Historical graph connectivity includes bridge concepts such as alexandrium, dinoflagellate, toxin production, paralytic shellfish poisoning, alexandrium minutum. This relationship should be interpreted as a literature-derived hypothesis rather than experimental evidence of a biological mechanism.",304,2.0214402716463926,Adamic–Adar,gtx phosphorus_limitation toxin env_factor environment_toxin_association alexandrium; dinoflagellate; toxin_production; paralytic_shellfish_poisoning; alexandrium_minutum; nutrient; phosphate; phosphorus dino_taxon; dino_taxon; biological_process; toxin; dino_taxon; env_factor; env_factor; env_factor
gonyautoxin,TOXIN,phosphorus_limitation,ENV_FACTOR,environment_toxin_association,0.3813965819467586,143,2.0214402716463926,304,0.1568627450980392,384,8,alexandrium; dinoflagellate; toxin_production; paralytic_shellfish_poisoning; alexandrium_minutum; phosphorus; nutrient; phosphate,DINO_TAXON; DINO_TAXON; BIOLOGICAL_PROCESS; TOXIN; DINO_TAXON; ENV_FACTOR; ENV_FACTOR; ENV_FACTOR,dino_pre2016,unvalidated_candidate,1,gonyautoxin|||phosphorus_limitation,Not observed post-2015,"The relationship between gonyautoxin and phosphorus limitation was identified as a candidate missing link in the pre-2016 dinoflagellate knowledge graph. Historical graph connectivity includes bridge concepts such as alexandrium, dinoflagellate, toxin production, paralytic shellfish poisoning, alexandrium minutum. This relationship should be interpreted as a literature-derived hypothesis rather than experimental evidence of a biological mechanism.",304,2.0214402716463926,Adamic–Adar,gonyautoxin phosphorus_limitation toxin env_factor environment_toxin_association alexandrium; dinoflagellate; toxin_production; paralytic_shellfish_poisoning; alexandrium_minutum; phosphorus; nutrient; phosphate dino_taxon; dino_taxon; biological_process; toxin; dino_taxon; env_factor; env_factor; env_factor
paralytic_shellfish_toxins,TOXIN,phosphorus_limitation,ENV_FACTOR,environment_toxin_association,0.3650355435820167,169,2.0214402716463926,304,0.1111111111111111,419,8,alexandrium; dinoflagellate; toxin_production; paralytic_shellfish_poisoning; alexandrium_minutum; phosphorus; nutrient; phosphate,DINO_TAXON; DINO_TAXON; BIOLOGICAL_PROCESS; TOXIN; DINO_TAXON; ENV_FACTOR; ENV_FACTOR; ENV_FACTOR,dino_pre2016,unvalidated_candidate,1,paralytic_shellfish_toxins|||phosphorus_limitation,Not observed post-2015,"The relationship between paralytic shellfish toxins and phosphorus limitation was identified as a candidate missing link in the pre-2016 dinoflagellate knowledge graph. Historical graph connectivity includes bridge concepts such as alexandrium, dinoflagellate, toxin production, paralytic shellfish poisoning, alexandrium minutum. This relationship should be interpreted as a literature-derived hypothesis rather than experimental evidence of a biological mechanism.",304,2.0214402716463926,Adamic–Adar,paralytic_shellfish_toxins phosphorus_limitation toxin env_factor environment_toxin_association alexandrium; dinoflagellate; toxin_production; paralytic_shellfish_poisoning; alexandrium_minutum; phosphorus; nutrient; phosphate dino_taxon; dino_taxon; biological_process; toxin; dino_taxon; env_factor; env_factor; env_factor
saxitoxin,TOXIN,phosphorus_limitation,ENV_FACTOR,environment_toxin_association,0.3896659999875819,131,2.0214402716463926,304,0.1,447,8,alexandrium; dinoflagellate; toxin_production; paralytic_shellfish_poisoning; alexandrium_minutum; phosphorus; nutrient; phosphate,DINO_TAXON; DINO_TAXON; BIOLOGICAL_PROCESS; TOXIN; DINO_TAXON; ENV_FACTOR; ENV_FACTOR; ENV_FACTOR,dino_pre2016,unvalidated_candidate,1,phosphorus_limitation|||saxitoxin,Not observed post-2015,"The relationship between saxitoxin and phosphorus limitation was identified as a candidate missing link in the pre-2016 dinoflagellate knowledge graph. Historical graph connectivity includes bridge concepts such as alexandrium, dinoflagellate, toxin production, paralytic shellfish poisoning, alexandrium minutum. This relationship should be interpreted as a literature-derived hypothesis rather than experimental evidence of a biological mechanism.",304,2.0214402716463926,Adamic–Adar,saxitoxin phosphorus_limitation toxin env_factor environment_toxin_association alexandrium; dinoflagellate; toxin_production; paralytic_shellfish_poisoning; alexandrium_minutum; phosphorus; nutrient; phosphate dino_taxon; dino_taxon; biological_process; toxin; dino_taxon; env_factor; env_factor; env_factor
gene_duplication,BIOLOGICAL_PROCESS,sxtb,SXT_GENE,gene_process_association,0.480888120464071,61,2.014743557583821,308,0.2857142857142857,205,8,dinoflagellate; saxitoxin; transcriptome; evolution; sxtg; sxta; dinoflagellates; biosynthesis,DINO_TAXON; TOXIN; BIOLOGICAL_PROCESS; BIOLOGICAL_PROCESS; SXT_GENE; SXT_GENE; DINO_TAXON; BIOLOGICAL_PROCESS,dino_pre2016,unvalidated_candidate,1,gene_duplication|||sxtb,Not observed post-2015,"The relationship between gene duplication and sxtb was identified as a candidate missing link in the pre-2016 dinoflagellate knowledge graph. Historical graph connectivity includes bridge concepts such as dinoflagellate, saxitoxin, transcriptome, evolution, sxtg. This relationship should be interpreted as a literature-derived hypothesis rather than experimental evidence of a biological mechanism.",308,2.014743557583821,Adamic–Adar,gene_duplication sxtb biological_process sxt_gene gene_process_association dinoflagellate; saxitoxin; transcriptome; evolution; sxtg; sxta; dinoflagellates; biosynthesis dino_taxon; toxin; biological_process; biological_process; sxt_gene; sxt_gene; dino_taxon; biological_process
neosaxitoxin,TOXIN,environmental_regulation,BIOLOGICAL_PROCESS,process_toxin_association,0.4245475241863067,97,1.9753961302008447,309,0.2162162162162162,282,8,saxitoxin; paralytic_shellfish_toxins; temperature; alexandrium; nitrate; toxicity; alexandrium_tamarense; alexandrium_catenella,TOXIN; TOXIN; ENV_FACTOR; DINO_TAXON; ENV_FACTOR; BIOLOGICAL_PROCESS; DINO_TAXON; DINO_TAXON,dino_pre2016,unvalidated_candidate,1,environmental_regulation|||neosaxitoxin,Not observed post-2015,"The relationship between neosaxitoxin and environmental regulation was identified as a candidate missing link in the pre-2016 dinoflagellate knowledge graph. Historical graph connectivity includes bridge concepts such as saxitoxin, paralytic shellfish toxins, temperature, alexandrium, nitrate. This relationship should be interpreted as a literature-derived hypothesis rather than experimental evidence of a biological mechanism.",309,1.9753961302008447,Adamic–Adar,neosaxitoxin environmental_regulation toxin biological_process process_toxin_association saxitoxin; paralytic_shellfish_toxins; temperature; alexandrium; nitrate; toxicity; alexandrium_tamarense; alexandrium_catenella toxin; toxin; env_factor; dino_taxon; env_factor; biological_process; dino_taxon; dino_taxon
gtx,TOXIN,environmental_regulation,BIOLOGICAL_PROCESS,process_toxin_association,0.548693545100105,32,1.9753961302008447,309,0.2,307,8,saxitoxin; paralytic_shellfish_toxins; temperature; alexandrium; nitrate; toxicity; alexandrium_tamarense; alexandrium_catenella,TOXIN; TOXIN; ENV_FACTOR; DINO_TAXON; ENV_FACTOR; BIOLOGICAL_PROCESS; DINO_TAXON; DINO_TAXON,dino_pre2016,unvalidated_candidate,1,environmental_regulation|||gtx,Not observed post-2015,"The relationship between gtx and environmental regulation was identified as a candidate missing link in the pre-2016 dinoflagellate knowledge graph. Historical graph connectivity includes bridge concepts such as saxitoxin, paralytic shellfish toxins, temperature, alexandrium, nitrate. This relationship should be interpreted as a literature-derived hypothesis rather than experimental evidence of a biological mechanism.",309,1.9753961302008447,Adamic–Adar,gtx environmental_regulation toxin biological_process process_toxin_association saxitoxin; paralytic_shellfish_toxins; temperature; alexandrium; nitrate; toxicity; alexandrium_tamarense; alexandrium_catenella toxin; toxin; env_factor; dino_taxon; env_factor; biological_process; dino_taxon; dino_taxon
sxtu,SXT_GENE,planktothrix,CYANO_TAXON,cyano_gene_transfer_signal,0.3804086082531885,145,1.959874276062585,311,0.2962962962962963,192,8,saxitoxin; cyanobacterial; cyanobacteria; paralytic_shellfish_toxins; cylindrospermopsis; gymnodinium; paralytic_shellfish_poisoning; dinoflagellates,TOXIN; CYANO_TAXON; CYANO_TAXON; TOXIN; CYANO_TAXON; DINO_TAXON; TOXIN; DINO_TAXON,dino_pre2016,unvalidated_candidate,1,planktothrix|||sxtu,Not observed post-2015,"The relationship between sxtu and planktothrix was identified as a candidate missing link in the pre-2016 dinoflagellate knowledge graph. Historical graph connectivity includes bridge concepts such as saxitoxin, cyanobacterial, cyanobacteria, paralytic shellfish toxins, cylindrospermopsis. This relationship should be interpreted as a literature-derived hypothesis rather than experimental evidence of a biological mechanism.",311,1.959874276062585,Adamic–Adar,sxtu planktothrix sxt_gene cyano_taxon cyano_gene_transfer_signal saxitoxin; cyanobacterial; cyanobacteria; paralytic_shellfish_toxins; cylindrospermopsis; gymnodinium; paralytic_shellfish_poisoning; dinoflagellates toxin; cyano_taxon; cyano_taxon; toxin; cyano_taxon; dino_taxon; toxin; dino_taxon
sxta,SXT_GENE,environmental_regulation,BIOLOGICAL_PROCESS,gene_process_association,0.1993995314774317,410,1.959647493356212,312,0.1333333333333333,399,8,saxitoxin; paralytic_shellfish_toxins; temperature; alexandrium; toxicity; alexandrium_tamarense; alexandrium_catenella; regulation,TOXIN; TOXIN; ENV_FACTOR; DINO_TAXON; BIOLOGICAL_PROCESS; DINO_TAXON; DINO_TAXON; BIOLOGICAL_PROCESS,dino_pre2016,unvalidated_candidate,1,environmental_regulation|||sxta,Not observed post-2015,"The relationship between sxta and environmental regulation was identified as a candidate missing link in the pre-2016 dinoflagellate knowledge graph. Historical graph connectivity includes bridge concepts such as saxitoxin, paralytic shellfish toxins, temperature, alexandrium, toxicity. This relationship should be interpreted as a literature-derived hypothesis rather than experimental evidence of a biological mechanism.",312,1.959647493356212,Adamic–Adar,sxta environmental_regulation sxt_gene biological_process gene_process_association saxitoxin; paralytic_shellfish_toxins; temperature; alexandrium; toxicity; alexandrium_tamarense; alexandrium_catenella; regulation toxin; toxin; env_factor; dino_taxon; biological_process; dino_taxon; dino_taxon; biological_process
pyrodinium_bahamense,DINO_TAXON,sxtd,SXT_GENE,taxon_gene_association,0.1894101234870552,418,1.959509939173666,313,0.16,378,8,saxitoxin; cyanobacteria; paralytic_shellfish_toxins; mass_spectrometry; paralytic_shellfish_poisoning; lc_ms; sxta; dinoflagellates,TOXIN; CYANO_TAXON; TOXIN; DETECTION_METHOD; TOXIN; DETECTION_METHOD; SXT_GENE; DINO_TAXON,dino_pre2016,unvalidated_candidate,1,pyrodinium_bahamense|||sxtd,Not observed post-2015,"The relationship between pyrodinium bahamense and sxtd was identified as a candidate missing link in the pre-2016 dinoflagellate knowledge graph. Historical graph connectivity includes bridge concepts such as saxitoxin, cyanobacteria, paralytic shellfish toxins, mass spectrometry, paralytic shellfish poisoning. This relationship should be interpreted as a literature-derived hypothesis rather than experimental evidence of a biological mechanism.",313,1.959509939173666,Adamic–Adar,pyrodinium_bahamense sxtd dino_taxon sxt_gene taxon_gene_association saxitoxin; cyanobacteria; paralytic_shellfish_toxins; mass_spectrometry; paralytic_shellfish_poisoning; lc_ms; sxta; dinoflagellates toxin; cyano_taxon; toxin; detection_method; toxin; detection_method; sxt_gene; dino_taxon
nitrogen,ENV_FACTOR,sxtd,SXT_GENE,environment_gene_regulation,0.1131946099854409,486,1.9502813195619408,314,0.1481481481481481,387,8,saxitoxin; cyanobacteria; paralytic_shellfish_toxins; cyanobacterium; paralytic_shellfish_poisoning; sxta; expression; dinoflagellates,TOXIN; CYANO_TAXON; TOXIN; CYANO_TAXON; TOXIN; SXT_GENE; BIOLOGICAL_PROCESS; DINO_TAXON,dino_pre2016,unvalidated_candidate,1,nitrogen|||sxtd,Not observed post-2015,"The relationship between nitrogen and sxtd was identified as a candidate missing link in the pre-2016 dinoflagellate knowledge graph. Historical graph connectivity includes bridge concepts such as saxitoxin, cyanobacteria, paralytic shellfish toxins, cyanobacterium, paralytic shellfish poisoning. This relationship should be interpreted as a literature-derived hypothesis rather than experimental evidence of a biological mechanism.",314,1.9502813195619408,Adamic–Adar,nitrogen sxtd env_factor sxt_gene environment_gene_regulation saxitoxin; cyanobacteria; paralytic_shellfish_toxins; cyanobacterium; paralytic_shellfish_poisoning; sxta; expression; dinoflagellates toxin; cyano_taxon; toxin; cyano_taxon; toxin; sxt_gene; biological_process; dino_taxon
alexandrium_ostenfeldii,DINO_TAXON,sxti,SXT_GENE,taxon_gene_association,0.2700310972687277,320,1.9394263644276144,315,0.2222222222222222,277,8,saxitoxin; cyanobacterial; dinoflagellate; alexandrium; paralytic_shellfish_poisoning; phylogeny; phylogenetic; dinoflagellates,TOXIN; CYANO_TAXON; DINO_TAXON; DINO_TAXON; TOXIN; BIOLOGICAL_PROCESS; BIOLOGICAL_PROCESS; DINO_TAXON,dino_pre2016,unvalidated_candidate,1,alexandrium_ostenfeldii|||sxti,Not observed post-2015,"The relationship between alexandrium ostenfeldii and sxti was identified as a candidate missing link in the pre-2016 dinoflagellate knowledge graph. Historical graph connectivity includes bridge concepts such as saxitoxin, cyanobacterial, dinoflagellate, alexandrium, paralytic shellfish poisoning. This relationship should be interpreted as a literature-derived hypothesis rather than experimental evidence of a biological mechanism.",315,1.9394263644276144,Adamic–Adar,alexandrium_ostenfeldii sxti dino_taxon sxt_gene taxon_gene_association saxitoxin; cyanobacterial; dinoflagellate; alexandrium; paralytic_shellfish_poisoning; phylogeny; phylogenetic; dinoflagellates toxin; cyano_taxon; dino_taxon; dino_taxon; toxin; biological_process; biological_process; dino_taxon
sxt_genes,SXT_GENE,secondary_metabolism,BIOLOGICAL_PROCESS,gene_process_association,0.247585498524519,352,1.938530471914257,316,0.2,307,8,saxitoxin; pyrodinium; dinoflagellate; toxicity; bloom; light; pyrodinium_bahamense; dinoflagellates,TOXIN; DINO_TAXON; DINO_TAXON; BIOLOGICAL_PROCESS; ENV_FACTOR; ENV_FACTOR; DINO_TAXON; DINO_TAXON,dino_pre2016,unvalidated_candidate,1,secondary_metabolism|||sxt_genes,Not observed post-2015,"The relationship between sxt genes and secondary metabolism was identified as a candidate missing link in the pre-2016 dinoflagellate knowledge graph. Historical graph connectivity includes bridge concepts such as saxitoxin, pyrodinium, dinoflagellate, toxicity, bloom. This relationship should be interpreted as a literature-derived hypothesis rather than experimental evidence of a biological mechanism.",316,1.938530471914257,Adamic–Adar,sxt_genes secondary_metabolism sxt_gene biological_process gene_process_association saxitoxin; pyrodinium; dinoflagellate; toxicity; bloom; light; pyrodinium_bahamense; dinoflagellates toxin; dino_taxon; dino_taxon; biological_process; env_factor; env_factor; dino_taxon; dino_taxon
harmful_algal_bloom,ENV_FACTOR,sxtd,SXT_GENE,environment_gene_regulation,0.1836891702949692,424,1.9342492139296608,317,0.1951219512195122,321,8,saxitoxin; cyanobacteria; paralytic_shellfish_toxins; mass_spectrometry; paralytic_shellfish_poisoning; sxta; expression; dinoflagellates,TOXIN; CYANO_TAXON; TOXIN; DETECTION_METHOD; TOXIN; SXT_GENE; BIOLOGICAL_PROCESS; DINO_TAXON,dino_pre2016,unvalidated_candidate,1,harmful_algal_bloom|||sxtd,Not observed post-2015,"The relationship between harmful algal bloom and sxtd was identified as a candidate missing link in the pre-2016 dinoflagellate knowledge graph. Historical graph connectivity includes bridge concepts such as saxitoxin, cyanobacteria, paralytic shellfish toxins, mass spectrometry, paralytic shellfish poisoning. This relationship should be interpreted as a literature-derived hypothesis rather than experimental evidence of a biological mechanism.",317,1.9342492139296608,Adamic–Adar,harmful_algal_bloom sxtd env_factor sxt_gene environment_gene_regulation saxitoxin; cyanobacteria; paralytic_shellfish_toxins; mass_spectrometry; paralytic_shellfish_poisoning; sxta; expression; dinoflagellates toxin; cyano_taxon; toxin; detection_method; toxin; sxt_gene; biological_process; dino_taxon
toxin_biosynthesis,BIOLOGICAL_PROCESS,sxtd,SXT_GENE,gene_process_association,0.2865382935207775,290,1.9342492139296608,317,0.1702127659574468,357,8,saxitoxin; cyanobacteria; paralytic_shellfish_toxins; mass_spectrometry; paralytic_shellfish_poisoning; sxta; expression; dinoflagellates,TOXIN; CYANO_TAXON; TOXIN; DETECTION_METHOD; TOXIN; SXT_GENE; BIOLOGICAL_PROCESS; DINO_TAXON,dino_pre2016,unvalidated_candidate,1,sxtd|||toxin_biosynthesis,Subsequently represented,"The relationship between toxin biosynthesis and sxtd was identified as a candidate missing link in the pre-2016 dinoflagellate knowledge graph. Historical graph connectivity includes bridge concepts such as saxitoxin, cyanobacteria, paralytic shellfish toxins, mass spectrometry, paralytic shellfish poisoning. This relationship should be interpreted as a literature-derived hypothesis rather than experimental evidence of a biological mechanism.",317,1.9342492139296608,Adamic–Adar,toxin_biosynthesis sxtd biological_process sxt_gene gene_process_association saxitoxin; cyanobacteria; paralytic_shellfish_toxins; mass_spectrometry; paralytic_shellfish_poisoning; sxta; expression; dinoflagellates toxin; cyano_taxon; toxin; detection_method; toxin; sxt_gene; biological_process; dino_taxon
alexandrium_catenella,DINO_TAXON,sxtd,SXT_GENE,taxon_gene_association,0.2473036689592268,353,1.9342492139296608,317,0.1454545454545454,390,8,saxitoxin; cyanobacteria; paralytic_shellfish_toxins; mass_spectrometry; paralytic_shellfish_poisoning; sxta; expression; dinoflagellates,TOXIN; CYANO_TAXON; TOXIN; DETECTION_METHOD; TOXIN; SXT_GENE; BIOLOGICAL_PROCESS; DINO_TAXON,dino_pre2016,unvalidated_candidate,1,alexandrium_catenella|||sxtd,Not observed post-2015,"The relationship between alexandrium catenella and sxtd was identified as a candidate missing link in the pre-2016 dinoflagellate knowledge graph. Historical graph connectivity includes bridge concepts such as saxitoxin, cyanobacteria, paralytic shellfish toxins, mass spectrometry, paralytic shellfish poisoning. This relationship should be interpreted as a literature-derived hypothesis rather than experimental evidence of a biological mechanism.",317,1.9342492139296608,Adamic–Adar,alexandrium_catenella sxtd dino_taxon sxt_gene taxon_gene_association saxitoxin; cyanobacteria; paralytic_shellfish_toxins; mass_spectrometry; paralytic_shellfish_poisoning; sxta; expression; dinoflagellates toxin; cyano_taxon; toxin; detection_method; toxin; sxt_gene; biological_process; dino_taxon
nutrients,ENV_FACTOR,sxti,SXT_GENE,environment_gene_regulation,0.3943134481153672,122,1.924355802657144,320,0.1904761904761904,325,8,saxitoxin; pyrodinium; dinoflagellate; alexandrium; paralytic_shellfish_poisoning; phylogenetic; pyrodinium_bahamense; dinoflagellates,TOXIN; DINO_TAXON; DINO_TAXON; DINO_TAXON; TOXIN; BIOLOGICAL_PROCESS; DINO_TAXON; DINO_TAXON,dino_pre2016,unvalidated_candidate,1,nutrients|||sxti,Subsequently represented,"The relationship between nutrients and sxti was identified as a candidate missing link in the pre-2016 dinoflagellate knowledge graph. Historical graph connectivity includes bridge concepts such as saxitoxin, pyrodinium, dinoflagellate, alexandrium, paralytic shellfish poisoning. This relationship should be interpreted as a literature-derived hypothesis rather than experimental evidence of a biological mechanism.",320,1.924355802657144,Adamic–Adar,nutrients sxti env_factor sxt_gene environment_gene_regulation saxitoxin; pyrodinium; dinoflagellate; alexandrium; paralytic_shellfish_poisoning; phylogenetic; pyrodinium_bahamense; dinoflagellates toxin; dino_taxon; dino_taxon; dino_taxon; toxin; biological_process; dino_taxon; dino_taxon
sxtg,SXT_GENE,environmental_stress,ENV_FACTOR,environment_gene_regulation,0.1417961049256063,467,1.911030099121631,321,0.1904761904761904,325,8,saxitoxin; gonyautoxin; dinoflagellate; alexandrium; toxicity; toxin_production; paralytic_shellfish_poisoning; nitrogen,TOXIN; TOXIN; DINO_TAXON; DINO_TAXON; BIOLOGICAL_PROCESS; BIOLOGICAL_PROCESS; TOXIN; ENV_FACTOR,dino_pre2016,unvalidated_candidate,1,environmental_stress|||sxtg,Not observed post-2015,"The relationship between sxtg and environmental stress was identified as a candidate missing link in the pre-2016 dinoflagellate knowledge graph. Historical graph connectivity includes bridge concepts such as saxitoxin, gonyautoxin, dinoflagellate, alexandrium, toxicity. This relationship should be interpreted as a literature-derived hypothesis rather than experimental evidence of a biological mechanism.",321,1.911030099121631,Adamic–Adar,sxtg environmental_stress sxt_gene env_factor environment_gene_regulation saxitoxin; gonyautoxin; dinoflagellate; alexandrium; toxicity; toxin_production; paralytic_shellfish_poisoning; nitrogen toxin; toxin; dino_taxon; dino_taxon; biological_process; biological_process; toxin; env_factor
nitrate,ENV_FACTOR,sxti,SXT_GENE,environment_gene_regulation,0.2368410353177752,366,1.9074011741590893,322,0.1860465116279069,336,8,saxitoxin; cyanobacteria; pyrodinium; dinoflagellate; alexandrium; paralytic_shellfish_poisoning; pyrodinium_bahamense; dinoflagellates,TOXIN; CYANO_TAXON; DINO_TAXON; DINO_TAXON; DINO_TAXON; TOXIN; DINO_TAXON; DINO_TAXON,dino_pre2016,unvalidated_candidate,1,nitrate|||sxti,Subsequently represented,"The relationship between nitrate and sxti was identified as a candidate missing link in the pre-2016 dinoflagellate knowledge graph. Historical graph connectivity includes bridge concepts such as saxitoxin, cyanobacteria, pyrodinium, dinoflagellate, alexandrium. This relationship should be interpreted as a literature-derived hypothesis rather than experimental evidence of a biological mechanism.",322,1.9074011741590893,Adamic–Adar,nitrate sxti env_factor sxt_gene environment_gene_regulation saxitoxin; cyanobacteria; pyrodinium; dinoflagellate; alexandrium; paralytic_shellfish_poisoning; pyrodinium_bahamense; dinoflagellates toxin; cyano_taxon; dino_taxon; dino_taxon; dino_taxon; toxin; dino_taxon; dino_taxon
warming,ENV_FACTOR,sxti,SXT_GENE,environment_gene_regulation,0.2242971999421786,382,1.905594151596833,323,0.2285714285714285,271,8,saxitoxin; pyrodinium; dinoflagellate; alexandrium; paralytic_shellfish_poisoning; pyrodinium_bahamense; dinoflagellates; biosynthesis,TOXIN; DINO_TAXON; DINO_TAXON; DINO_TAXON; TOXIN; DINO_TAXON; DINO_TAXON; BIOLOGICAL_PROCESS,dino_pre2016,unvalidated_candidate,1,sxti|||warming,Not observed post-2015,"The relationship between warming and sxti was identified as a candidate missing link in the pre-2016 dinoflagellate knowledge graph. Historical graph connectivity includes bridge concepts such as saxitoxin, pyrodinium, dinoflagellate, alexandrium, paralytic shellfish poisoning. This relationship should be interpreted as a literature-derived hypothesis rather than experimental evidence of a biological mechanism.",323,1.905594151596833,Adamic–Adar,warming sxti env_factor sxt_gene environment_gene_regulation saxitoxin; pyrodinium; dinoflagellate; alexandrium; paralytic_shellfish_poisoning; pyrodinium_bahamense; dinoflagellates; biosynthesis toxin; dino_taxon; dino_taxon; dino_taxon; toxin; dino_taxon; dino_taxon; biological_process
transcription,BIOLOGICAL_PROCESS,sxti,SXT_GENE,gene_process_association,0.2150101425871081,391,1.900067070176523,324,0.32,166,8,saxitoxin; dinoflagellate; alexandrium; saxitoxin_biosynthesis; paralytic_shellfish_poisoning; sxta; dinoflagellates; biosynthesis,TOXIN; DINO_TAXON; DINO_TAXON; BIOLOGICAL_PROCESS; TOXIN; SXT_GENE; DINO_TAXON; BIOLOGICAL_PROCESS,dino_pre2016,unvalidated_candidate,1,sxti|||transcription,Not observed post-2015,"The relationship between transcription and sxti was identified as a candidate missing link in the pre-2016 dinoflagellate knowledge graph. Historical graph connectivity includes bridge concepts such as saxitoxin, dinoflagellate, alexandrium, saxitoxin biosynthesis, paralytic shellfish poisoning. This relationship should be interpreted as a literature-derived hypothesis rather than experimental evidence of a biological mechanism.",324,1.900067070176523,Adamic–Adar,transcription sxti biological_process sxt_gene gene_process_association saxitoxin; dinoflagellate; alexandrium; saxitoxin_biosynthesis; paralytic_shellfish_poisoning; sxta; dinoflagellates; biosynthesis toxin; dino_taxon; dino_taxon; biological_process; toxin; sxt_gene; dino_taxon; biological_process
transcriptomic,BIOLOGICAL_PROCESS,sxtu,SXT_GENE,gene_process_association,0.1561438447241926,451,1.891920656511564,325,0.2162162162162162,282,8,saxitoxin; cyanobacteria; paralytic_shellfish_toxins; dinoflagellate; paralytic_shellfish_poisoning; expression; dinoflagellates; biosynthesis,TOXIN; CYANO_TAXON; TOXIN; DINO_TAXON; TOXIN; BIOLOGICAL_PROCESS; DINO_TAXON; BIOLOGICAL_PROCESS,dino_pre2016,unvalidated_candidate,1,sxtu|||transcriptomic,Subsequently represented,"The relationship between transcriptomic and sxtu was identified as a candidate missing link in the pre-2016 dinoflagellate knowledge graph. Historical graph connectivity includes bridge concepts such as saxitoxin, cyanobacteria, paralytic shellfish toxins, dinoflagellate, paralytic shellfish poisoning. This relationship should be interpreted as a literature-derived hypothesis rather than experimental evidence of a biological mechanism.",325,1.891920656511564,Adamic–Adar,transcriptomic sxtu biological_process sxt_gene gene_process_association saxitoxin; cyanobacteria; paralytic_shellfish_toxins; dinoflagellate; paralytic_shellfish_poisoning; expression; dinoflagellates; biosynthesis toxin; cyano_taxon; toxin; dino_taxon; toxin; biological_process; dino_taxon; biological_process
irradiance,ENV_FACTOR,sxtb,SXT_GENE,environment_gene_regulation,0.1648379831971441,443,1.891820591348833,326,0.2666666666666666,226,8,dinoflagellate; dinoflagellates; saxitoxin; paralytic_shellfish_toxins; toxin_production; bloom; paralytic_shellfish_poisoning; nutrient,DINO_TAXON; DINO_TAXON; TOXIN; TOXIN; BIOLOGICAL_PROCESS; ENV_FACTOR; TOXIN; ENV_FACTOR,dino_pre2016,unvalidated_candidate,1,irradiance|||sxtb,Not observed post-2015,"The relationship between irradiance and sxtb was identified as a candidate missing link in the pre-2016 dinoflagellate knowledge graph. Historical graph connectivity includes bridge concepts such as dinoflagellate, dinoflagellates, saxitoxin, paralytic shellfish toxins, toxin production. This relationship should be interpreted as a literature-derived hypothesis rather than experimental evidence of a biological mechanism.",326,1.891820591348833,Adamic–Adar,irradiance sxtb env_factor sxt_gene environment_gene_regulation dinoflagellate; dinoflagellates; saxitoxin; paralytic_shellfish_toxins; toxin_production; bloom; paralytic_shellfish_poisoning; nutrient dino_taxon; dino_taxon; toxin; toxin; biological_process; env_factor; toxin; env_factor
alexandrium_tamiyavanichii,DINO_TAXON,planktothrix,CYANO_TAXON,cross_taxa_association,0.3892858224191963,133,1.8846175579048483,327,0.2758620689655172,217,8,saxitoxin; cyanobacteria; paralytic_shellfish_toxins; pyrodinium; alexandrium; toxicity; paralytic_shellfish_poisoning; dinoflagellates,TOXIN; CYANO_TAXON; TOXIN; DINO_TAXON; DINO_TAXON; BIOLOGICAL_PROCESS; TOXIN; DINO_TAXON,dino_pre2016,unvalidated_candidate,1,alexandrium_tamiyavanichii|||planktothrix,Not observed post-2015,"The relationship between alexandrium tamiyavanichii and planktothrix was identified as a candidate missing link in the pre-2016 dinoflagellate knowledge graph. Historical graph connectivity includes bridge concepts such as saxitoxin, cyanobacteria, paralytic shellfish toxins, pyrodinium, alexandrium. This relationship should be interpreted as a literature-derived hypothesis rather than experimental evidence of a biological mechanism.",327,1.8846175579048483,Adamic–Adar,alexandrium_tamiyavanichii planktothrix dino_taxon cyano_taxon cross_taxa_association saxitoxin; cyanobacteria; paralytic_shellfish_toxins; pyrodinium; alexandrium; toxicity; paralytic_shellfish_poisoning; dinoflagellates toxin; cyano_taxon; toxin; dino_taxon; dino_taxon; biological_process; toxin; dino_taxon
alexandrium_ostenfeldii,DINO_TAXON,planktothrix,CYANO_TAXON,cross_taxa_association,0.1725662603252016,435,1.8842658496289653,328,0.2222222222222222,277,8,saxitoxin; cyanobacterial; paralytic_shellfish_toxins; alexandrium; toxicity; gymnodinium; paralytic_shellfish_poisoning; dinoflagellates,TOXIN; CYANO_TAXON; TOXIN; DINO_TAXON; BIOLOGICAL_PROCESS; DINO_TAXON; TOXIN; DINO_TAXON,dino_pre2016,unvalidated_candidate,1,alexandrium_ostenfeldii|||planktothrix,Not observed post-2015,"The relationship between alexandrium ostenfeldii and planktothrix was identified as a candidate missing link in the pre-2016 dinoflagellate knowledge graph. Historical graph connectivity includes bridge concepts such as saxitoxin, cyanobacterial, paralytic shellfish toxins, alexandrium, toxicity. This relationship should be interpreted as a literature-derived hypothesis rather than experimental evidence of a biological mechanism.",328,1.8842658496289653,Adamic–Adar,alexandrium_ostenfeldii planktothrix dino_taxon cyano_taxon cross_taxa_association saxitoxin; cyanobacterial; paralytic_shellfish_toxins; alexandrium; toxicity; gymnodinium; paralytic_shellfish_poisoning; dinoflagellates toxin; cyano_taxon; toxin; dino_taxon; biological_process; dino_taxon; toxin; dino_taxon
nitrate,ENV_FACTOR,sxtu,SXT_GENE,environment_gene_regulation,0.1772846929317149,431,1.8836835914319487,329,0.16,378,8,saxitoxin; cyanobacteria; paralytic_shellfish_toxins; dinoflagellate; gymnodinium; paralytic_shellfish_poisoning; gymnodinium_catenatum; dinoflagellates,TOXIN; CYANO_TAXON; TOXIN; DINO_TAXON; DINO_TAXON; TOXIN; DINO_TAXON; DINO_TAXON,dino_pre2016,unvalidated_candidate,1,nitrate|||sxtu,Not observed post-2015,"The relationship between nitrate and sxtu was identified as a candidate missing link in the pre-2016 dinoflagellate knowledge graph. Historical graph connectivity includes bridge concepts such as saxitoxin, cyanobacteria, paralytic shellfish toxins, dinoflagellate, gymnodinium. This relationship should be interpreted as a literature-derived hypothesis rather than experimental evidence of a biological mechanism.",329,1.8836835914319487,Adamic–Adar,nitrate sxtu env_factor sxt_gene environment_gene_regulation saxitoxin; cyanobacteria; paralytic_shellfish_toxins; dinoflagellate; gymnodinium; paralytic_shellfish_poisoning; gymnodinium_catenatum; dinoflagellates toxin; cyano_taxon; toxin; dino_taxon; dino_taxon; toxin; dino_taxon; dino_taxon
phosphorus,ENV_FACTOR,sxti,SXT_GENE,environment_gene_regulation,0.1712618598032501,438,1.873883822066744,330,0.2162162162162162,282,8,saxitoxin; cyanobacteria; dinoflagellate; alexandrium; paralytic_shellfish_poisoning; sxta; dinoflagellates; biosynthesis,TOXIN; CYANO_TAXON; DINO_TAXON; DINO_TAXON; TOXIN; SXT_GENE; DINO_TAXON; BIOLOGICAL_PROCESS,dino_pre2016,unvalidated_candidate,1,phosphorus|||sxti,Subsequently represented,"The relationship between phosphorus and sxti was identified as a candidate missing link in the pre-2016 dinoflagellate knowledge graph. Historical graph connectivity includes bridge concepts such as saxitoxin, cyanobacteria, dinoflagellate, alexandrium, paralytic shellfish poisoning. This relationship should be interpreted as a literature-derived hypothesis rather than experimental evidence of a biological mechanism.",330,1.873883822066744,Adamic–Adar,phosphorus sxti env_factor sxt_gene environment_gene_regulation saxitoxin; cyanobacteria; dinoflagellate; alexandrium; paralytic_shellfish_poisoning; sxta; dinoflagellates; biosynthesis toxin; cyano_taxon; dino_taxon; dino_taxon; toxin; sxt_gene; dino_taxon; biological_process
sxtg,SXT_GENE,phosphorus_limitation,ENV_FACTOR,environment_gene_regulation,0.3299977209148064,231,1.7274261678511866,331,0.1891891891891892,328,7,alexandrium; dinoflagellate; toxin_production; paralytic_shellfish_poisoning; alexandrium_minutum; nutrient; phosphorus,DINO_TAXON; DINO_TAXON; BIOLOGICAL_PROCESS; TOXIN; DINO_TAXON; ENV_FACTOR; ENV_FACTOR,dino_pre2016,unvalidated_candidate,1,phosphorus_limitation|||sxtg,Not observed post-2015,"The relationship between sxtg and phosphorus limitation was identified as a candidate missing link in the pre-2016 dinoflagellate knowledge graph. Historical graph connectivity includes bridge concepts such as alexandrium, dinoflagellate, toxin production, paralytic shellfish poisoning, alexandrium minutum. This relationship should be interpreted as a literature-derived hypothesis rather than experimental evidence of a biological mechanism.",331,1.7274261678511866,Adamic–Adar,sxtg phosphorus_limitation sxt_gene env_factor environment_gene_regulation alexandrium; dinoflagellate; toxin_production; paralytic_shellfish_poisoning; alexandrium_minutum; nutrient; phosphorus dino_taxon; dino_taxon; biological_process; toxin; dino_taxon; env_factor; env_factor
sxta,SXT_GENE,phosphorus_limitation,ENV_FACTOR,environment_gene_regulation,0.1522921893101905,456,1.7274261678511866,331,0.1166666666666666,415,7,alexandrium; dinoflagellate; toxin_production; paralytic_shellfish_poisoning; alexandrium_minutum; nutrient; phosphorus,DINO_TAXON; DINO_TAXON; BIOLOGICAL_PROCESS; TOXIN; DINO_TAXON; ENV_FACTOR; ENV_FACTOR,dino_pre2016,unvalidated_candidate,1,phosphorus_limitation|||sxta,Not observed post-2015,"The relationship between sxta and phosphorus limitation was identified as a candidate missing link in the pre-2016 dinoflagellate knowledge graph. Historical graph connectivity includes bridge concepts such as alexandrium, dinoflagellate, toxin production, paralytic shellfish poisoning, alexandrium minutum. This relationship should be interpreted as a literature-derived hypothesis rather than experimental evidence of a biological mechanism.",331,1.7274261678511866,Adamic–Adar,sxta phosphorus_limitation sxt_gene env_factor environment_gene_regulation alexandrium; dinoflagellate; toxin_production; paralytic_shellfish_poisoning; alexandrium_minutum; nutrient; phosphorus dino_taxon; dino_taxon; biological_process; toxin; dino_taxon; env_factor; env_factor
salinity,ENV_FACTOR,sxtd,SXT_GENE,environment_gene_regulation,0.1434364385979658,465,1.7142638773638357,333,0.1590909090909091,381,7,saxitoxin; cyanobacteria; paralytic_shellfish_toxins; mass_spectrometry; paralytic_shellfish_poisoning; lc_ms; dinoflagellates,TOXIN; CYANO_TAXON; TOXIN; DETECTION_METHOD; TOXIN; DETECTION_METHOD; DINO_TAXON,dino_pre2016,unvalidated_candidate,1,salinity|||sxtd,Not observed post-2015,"The relationship between salinity and sxtd was identified as a candidate missing link in the pre-2016 dinoflagellate knowledge graph. Historical graph connectivity includes bridge concepts such as saxitoxin, cyanobacteria, paralytic shellfish toxins, mass spectrometry, paralytic shellfish poisoning. This relationship should be interpreted as a literature-derived hypothesis rather than experimental evidence of a biological mechanism.",333,1.7142638773638357,Adamic–Adar,salinity sxtd env_factor sxt_gene environment_gene_regulation saxitoxin; cyanobacteria; paralytic_shellfish_toxins; mass_spectrometry; paralytic_shellfish_poisoning; lc_ms; dinoflagellates toxin; cyano_taxon; toxin; detection_method; toxin; detection_method; dino_taxon
sxti,SXT_GENE,planktothrix,CYANO_TAXON,cyano_gene_transfer_signal,0.4057059846667681,112,1.6681308662255,334,0.3333333333333333,143,7,saxitoxin; cyanobacterial; cyanobacteria; pyrodinium; alexandrium; paralytic_shellfish_poisoning; dinoflagellates,TOXIN; CYANO_TAXON; CYANO_TAXON; DINO_TAXON; DINO_TAXON; TOXIN; DINO_TAXON,dino_pre2016,unvalidated_candidate,1,planktothrix|||sxti,Not observed post-2015,"The relationship between sxti and planktothrix was identified as a candidate missing link in the pre-2016 dinoflagellate knowledge graph. Historical graph connectivity includes bridge concepts such as saxitoxin, cyanobacterial, cyanobacteria, pyrodinium, alexandrium. This relationship should be interpreted as a literature-derived hypothesis rather than experimental evidence of a biological mechanism.",334,1.6681308662255,Adamic–Adar,sxti planktothrix sxt_gene cyano_taxon cyano_gene_transfer_signal saxitoxin; cyanobacterial; cyanobacteria; pyrodinium; alexandrium; paralytic_shellfish_poisoning; dinoflagellates toxin; cyano_taxon; cyano_taxon; dino_taxon; dino_taxon; toxin; dino_taxon
transcriptome,BIOLOGICAL_PROCESS,sxtd,SXT_GENE,gene_process_association,0.2518539739710719,344,1.6667028275106075,335,0.1944444444444444,322,7,saxitoxin; cyanobacteria; paralytic_shellfish_toxins; paralytic_shellfish_poisoning; sxta; expression; dinoflagellates,TOXIN; CYANO_TAXON; TOXIN; TOXIN; SXT_GENE; BIOLOGICAL_PROCESS; DINO_TAXON,dino_pre2016,unvalidated_candidate,1,sxtd|||transcriptome,Subsequently represented,"The relationship between transcriptome and sxtd was identified as a candidate missing link in the pre-2016 dinoflagellate knowledge graph. Historical graph connectivity includes bridge concepts such as saxitoxin, cyanobacteria, paralytic shellfish toxins, paralytic shellfish poisoning, sxta. This relationship should be interpreted as a literature-derived hypothesis rather than experimental evidence of a biological mechanism.",335,1.6667028275106075,Adamic–Adar,transcriptome sxtd biological_process sxt_gene gene_process_association saxitoxin; cyanobacteria; paralytic_shellfish_toxins; paralytic_shellfish_poisoning; sxta; expression; dinoflagellates toxin; cyano_taxon; toxin; toxin; sxt_gene; biological_process; dino_taxon
phosphorus,ENV_FACTOR,sxtd,SXT_GENE,environment_gene_regulation,0.1771937216289033,432,1.6667028275106075,335,0.1891891891891892,328,7,saxitoxin; cyanobacteria; paralytic_shellfish_toxins; paralytic_shellfish_poisoning; sxta; expression; dinoflagellates,TOXIN; CYANO_TAXON; TOXIN; TOXIN; SXT_GENE; BIOLOGICAL_PROCESS; DINO_TAXON,dino_pre2016,unvalidated_candidate,1,phosphorus|||sxtd,Not observed post-2015,"The relationship between phosphorus and sxtd was identified as a candidate missing link in the pre-2016 dinoflagellate knowledge graph. Historical graph connectivity includes bridge concepts such as saxitoxin, cyanobacteria, paralytic shellfish toxins, paralytic shellfish poisoning, sxta. This relationship should be interpreted as a literature-derived hypothesis rather than experimental evidence of a biological mechanism.",335,1.6667028275106075,Adamic–Adar,phosphorus sxtd env_factor sxt_gene environment_gene_regulation saxitoxin; cyanobacteria; paralytic_shellfish_toxins; paralytic_shellfish_poisoning; sxta; expression; dinoflagellates toxin; cyano_taxon; toxin; toxin; sxt_gene; biological_process; dino_taxon
gene_expression,BIOLOGICAL_PROCESS,sxtd,SXT_GENE,gene_process_association,0.308225570192338,266,1.6667028275106075,335,0.1794871794871795,345,7,saxitoxin; cyanobacteria; paralytic_shellfish_toxins; paralytic_shellfish_poisoning; sxta; expression; dinoflagellates,TOXIN; CYANO_TAXON; TOXIN; TOXIN; SXT_GENE; BIOLOGICAL_PROCESS; DINO_TAXON,dino_pre2016,unvalidated_candidate,1,gene_expression|||sxtd,Subsequently represented,"The relationship between gene expression and sxtd was identified as a candidate missing link in the pre-2016 dinoflagellate knowledge graph. Historical graph connectivity includes bridge concepts such as saxitoxin, cyanobacteria, paralytic shellfish toxins, paralytic shellfish poisoning, sxta. This relationship should be interpreted as a literature-derived hypothesis rather than experimental evidence of a biological mechanism.",335,1.6667028275106075,Adamic–Adar,gene_expression sxtd biological_process sxt_gene gene_process_association saxitoxin; cyanobacteria; paralytic_shellfish_toxins; paralytic_shellfish_poisoning; sxta; expression; dinoflagellates toxin; cyano_taxon; toxin; toxin; sxt_gene; biological_process; dino_taxon
evolution,BIOLOGICAL_PROCESS,sxtd,SXT_GENE,gene_process_association,0.2032840740729076,405,1.6667028275106075,335,0.1458333333333333,389,7,saxitoxin; cyanobacteria; paralytic_shellfish_toxins; paralytic_shellfish_poisoning; sxta; expression; dinoflagellates,TOXIN; CYANO_TAXON; TOXIN; TOXIN; SXT_GENE; BIOLOGICAL_PROCESS; DINO_TAXON,dino_pre2016,unvalidated_candidate,1,evolution|||sxtd,Subsequently represented,"The relationship between evolution and sxtd was identified as a candidate missing link in the pre-2016 dinoflagellate knowledge graph. Historical graph connectivity includes bridge concepts such as saxitoxin, cyanobacteria, paralytic shellfish toxins, paralytic shellfish poisoning, sxta. This relationship should be interpreted as a literature-derived hypothesis rather than experimental evidence of a biological mechanism.",335,1.6667028275106075,Adamic–Adar,evolution sxtd biological_process sxt_gene gene_process_association saxitoxin; cyanobacteria; paralytic_shellfish_toxins; paralytic_shellfish_poisoning; sxta; expression; dinoflagellates toxin; cyano_taxon; toxin; toxin; sxt_gene; biological_process; dino_taxon
regulation,BIOLOGICAL_PROCESS,sxtd,SXT_GENE,gene_process_association,0.2016883259081549,407,1.6667028275106075,335,0.1346153846153846,398,7,saxitoxin; cyanobacteria; paralytic_shellfish_toxins; paralytic_shellfish_poisoning; sxta; expression; dinoflagellates,TOXIN; CYANO_TAXON; TOXIN; TOXIN; SXT_GENE; BIOLOGICAL_PROCESS; DINO_TAXON,dino_pre2016,unvalidated_candidate,1,regulation|||sxtd,Not observed post-2015,"The relationship between regulation and sxtd was identified as a candidate missing link in the pre-2016 dinoflagellate knowledge graph. Historical graph connectivity includes bridge concepts such as saxitoxin, cyanobacteria, paralytic shellfish toxins, paralytic shellfish poisoning, sxta. This relationship should be interpreted as a literature-derived hypothesis rather than experimental evidence of a biological mechanism.",335,1.6667028275106075,Adamic–Adar,regulation sxtd biological_process sxt_gene gene_process_association saxitoxin; cyanobacteria; paralytic_shellfish_toxins; paralytic_shellfish_poisoning; sxta; expression; dinoflagellates toxin; cyano_taxon; toxin; toxin; sxt_gene; biological_process; dino_taxon
alexandrium_fundyense,DINO_TAXON,sxtd,SXT_GENE,taxon_gene_association,0.2190395019801259,388,1.6667028275106075,335,0.1272727272727272,403,7,saxitoxin; cyanobacteria; paralytic_shellfish_toxins; paralytic_shellfish_poisoning; sxta; expression; dinoflagellates,TOXIN; CYANO_TAXON; TOXIN; TOXIN; SXT_GENE; BIOLOGICAL_PROCESS; DINO_TAXON,dino_pre2016,unvalidated_candidate,1,alexandrium_fundyense|||sxtd,Not observed post-2015,"The relationship between alexandrium fundyense and sxtd was identified as a candidate missing link in the pre-2016 dinoflagellate knowledge graph. Historical graph connectivity includes bridge concepts such as saxitoxin, cyanobacteria, paralytic shellfish toxins, paralytic shellfish poisoning, sxta. This relationship should be interpreted as a literature-derived hypothesis rather than experimental evidence of a biological mechanism.",335,1.6667028275106075,Adamic–Adar,alexandrium_fundyense sxtd dino_taxon sxt_gene taxon_gene_association saxitoxin; cyanobacteria; paralytic_shellfish_toxins; paralytic_shellfish_poisoning; sxta; expression; dinoflagellates toxin; cyano_taxon; toxin; toxin; sxt_gene; biological_process; dino_taxon
nutrient,ENV_FACTOR,sxtd,SXT_GENE,environment_gene_regulation,0.1232413441110673,480,1.6667028275106075,335,0.1228070175438596,410,7,saxitoxin; cyanobacteria; paralytic_shellfish_toxins; paralytic_shellfish_poisoning; sxta; expression; dinoflagellates,TOXIN; CYANO_TAXON; TOXIN; TOXIN; SXT_GENE; BIOLOGICAL_PROCESS; DINO_TAXON,dino_pre2016,unvalidated_candidate,1,nutrient|||sxtd,Not observed post-2015,"The relationship between nutrient and sxtd was identified as a candidate missing link in the pre-2016 dinoflagellate knowledge graph. Historical graph connectivity includes bridge concepts such as saxitoxin, cyanobacteria, paralytic shellfish toxins, paralytic shellfish poisoning, sxta. This relationship should be interpreted as a literature-derived hypothesis rather than experimental evidence of a biological mechanism.",335,1.6667028275106075,Adamic–Adar,nutrient sxtd env_factor sxt_gene environment_gene_regulation saxitoxin; cyanobacteria; paralytic_shellfish_toxins; paralytic_shellfish_poisoning; sxta; expression; dinoflagellates toxin; cyano_taxon; toxin; toxin; sxt_gene; biological_process; dino_taxon
nitrogen_limitation,ENV_FACTOR,sxtu,SXT_GENE,environment_gene_regulation,0.1105632991793067,488,1.6637157450928957,342,0.2258064516129032,273,7,cyanobacteria; paralytic_shellfish_toxins; dinoflagellate; paralytic_shellfish_poisoning; expression; dinoflagellates; biosynthesis,CYANO_TAXON; TOXIN; DINO_TAXON; TOXIN; BIOLOGICAL_PROCESS; DINO_TAXON; BIOLOGICAL_PROCESS,dino_pre2016,unvalidated_candidate,1,nitrogen_limitation|||sxtu,Not observed post-2015,"The relationship between nitrogen limitation and sxtu was identified as a candidate missing link in the pre-2016 dinoflagellate knowledge graph. Historical graph connectivity includes bridge concepts such as cyanobacteria, paralytic shellfish toxins, dinoflagellate, paralytic shellfish poisoning, expression. This relationship should be interpreted as a literature-derived hypothesis rather than experimental evidence of a biological mechanism.",342,1.6637157450928957,Adamic–Adar,nitrogen_limitation sxtu env_factor sxt_gene environment_gene_regulation cyanobacteria; paralytic_shellfish_toxins; dinoflagellate; paralytic_shellfish_poisoning; expression; dinoflagellates; biosynthesis cyano_taxon; toxin; dino_taxon; toxin; biological_process; dino_taxon; biological_process
polyketide_synthase,BIOLOGICAL_PROCESS,sxti,SXT_GENE,gene_process_association,0.5887234927378918,23,1.6613073894404211,343,0.35,127,7,saxitoxin; dinoflagellate; alexandrium; sxta; phylogenetic; dinoflagellates; biosynthesis,TOXIN; DINO_TAXON; DINO_TAXON; SXT_GENE; BIOLOGICAL_PROCESS; DINO_TAXON; BIOLOGICAL_PROCESS,dino_pre2016,unvalidated_candidate,1,polyketide_synthase|||sxti,Not observed post-2015,"The relationship between polyketide synthase and sxti was identified as a candidate missing link in the pre-2016 dinoflagellate knowledge graph. Historical graph connectivity includes bridge concepts such as saxitoxin, dinoflagellate, alexandrium, sxta, phylogenetic. This relationship should be interpreted as a literature-derived hypothesis rather than experimental evidence of a biological mechanism.",343,1.6613073894404211,Adamic–Adar,polyketide_synthase sxti biological_process sxt_gene gene_process_association saxitoxin; dinoflagellate; alexandrium; sxta; phylogenetic; dinoflagellates; biosynthesis toxin; dino_taxon; dino_taxon; sxt_gene; biological_process; dino_taxon; biological_process
sxt_genes,SXT_GENE,environmental_stress,ENV_FACTOR,environment_gene_regulation,0.2251275248182946,381,1.6595252645659218,344,0.1891891891891892,328,7,saxitoxin; dinoflagellate; alexandrium; toxicity; alexandrium_tamarense; light; paralytic_shellfish_poisoning,TOXIN; DINO_TAXON; DINO_TAXON; BIOLOGICAL_PROCESS; DINO_TAXON; ENV_FACTOR; TOXIN,dino_pre2016,unvalidated_candidate,1,environmental_stress|||sxt_genes,Not observed post-2015,"The relationship between sxt genes and environmental stress was identified as a candidate missing link in the pre-2016 dinoflagellate knowledge graph. Historical graph connectivity includes bridge concepts such as saxitoxin, dinoflagellate, alexandrium, toxicity, alexandrium tamarense. This relationship should be interpreted as a literature-derived hypothesis rather than experimental evidence of a biological mechanism.",344,1.6595252645659218,Adamic–Adar,sxt_genes environmental_stress sxt_gene env_factor environment_gene_regulation saxitoxin; dinoflagellate; alexandrium; toxicity; alexandrium_tamarense; light; paralytic_shellfish_poisoning toxin; dino_taxon; dino_taxon; biological_process; dino_taxon; env_factor; toxin
phosphate,ENV_FACTOR,sxti,SXT_GENE,environment_gene_regulation,0.3111348164562668,261,1.6548210083666923,345,0.1891891891891892,328,7,saxitoxin; dinoflagellate; alexandrium; saxitoxin_biosynthesis; paralytic_shellfish_poisoning; dinoflagellates; biosynthesis,TOXIN; DINO_TAXON; DINO_TAXON; BIOLOGICAL_PROCESS; TOXIN; DINO_TAXON; BIOLOGICAL_PROCESS,dino_pre2016,unvalidated_candidate,1,phosphate|||sxti,Subsequently represented,"The relationship between phosphate and sxti was identified as a candidate missing link in the pre-2016 dinoflagellate knowledge graph. Historical graph connectivity includes bridge concepts such as saxitoxin, dinoflagellate, alexandrium, saxitoxin biosynthesis, paralytic shellfish poisoning. This relationship should be interpreted as a literature-derived hypothesis rather than experimental evidence of a biological mechanism.",345,1.6548210083666923,Adamic–Adar,phosphate sxti env_factor sxt_gene environment_gene_regulation saxitoxin; dinoflagellate; alexandrium; saxitoxin_biosynthesis; paralytic_shellfish_poisoning; dinoflagellates; biosynthesis toxin; dino_taxon; dino_taxon; biological_process; toxin; dino_taxon; biological_process
resting_cyst,BIOLOGICAL_PROCESS,sxtu,SXT_GENE,gene_process_association,0.222525256086135,384,1.6516636788150418,346,0.2333333333333333,261,7,saxitoxin; paralytic_shellfish_toxins; dinoflagellate; gymnodinium; paralytic_shellfish_poisoning; gymnodinium_catenatum; biosynthesis,TOXIN; TOXIN; DINO_TAXON; DINO_TAXON; TOXIN; DINO_TAXON; BIOLOGICAL_PROCESS,dino_pre2016,unvalidated_candidate,1,resting_cyst|||sxtu,Not observed post-2015,"The relationship between resting cyst and sxtu was identified as a candidate missing link in the pre-2016 dinoflagellate knowledge graph. Historical graph connectivity includes bridge concepts such as saxitoxin, paralytic shellfish toxins, dinoflagellate, gymnodinium, paralytic shellfish poisoning. This relationship should be interpreted as a literature-derived hypothesis rather than experimental evidence of a biological mechanism.",346,1.6516636788150418,Adamic–Adar,resting_cyst sxtu biological_process sxt_gene gene_process_association saxitoxin; paralytic_shellfish_toxins; dinoflagellate; gymnodinium; paralytic_shellfish_poisoning; gymnodinium_catenatum; biosynthesis toxin; toxin; dino_taxon; dino_taxon; toxin; dino_taxon; biological_process
irradiance,ENV_FACTOR,sxtu,SXT_GENE,environment_gene_regulation,0.1362410745047478,474,1.6423204531226745,347,0.2,307,7,saxitoxin; paralytic_shellfish_toxins; dinoflagellate; gymnodinium; paralytic_shellfish_poisoning; gymnodinium_catenatum; dinoflagellates,TOXIN; TOXIN; DINO_TAXON; DINO_TAXON; TOXIN; DINO_TAXON; DINO_TAXON,dino_pre2016,unvalidated_candidate,1,irradiance|||sxtu,Not observed post-2015,"The relationship between irradiance and sxtu was identified as a candidate missing link in the pre-2016 dinoflagellate knowledge graph. Historical graph connectivity includes bridge concepts such as saxitoxin, paralytic shellfish toxins, dinoflagellate, gymnodinium, paralytic shellfish poisoning. This relationship should be interpreted as a literature-derived hypothesis rather than experimental evidence of a biological mechanism.",347,1.6423204531226745,Adamic–Adar,irradiance sxtu env_factor sxt_gene environment_gene_regulation saxitoxin; paralytic_shellfish_toxins; dinoflagellate; gymnodinium; paralytic_shellfish_poisoning; gymnodinium_catenatum; dinoflagellates toxin; toxin; dino_taxon; dino_taxon; toxin; dino_taxon; dino_taxon
transcriptomic,BIOLOGICAL_PROCESS,sxti,SXT_GENE,gene_process_association,0.1499172111785612,459,1.6286377602569135,348,0.2258064516129032,273,7,saxitoxin; cyanobacteria; dinoflagellate; alexandrium; paralytic_shellfish_poisoning; dinoflagellates; biosynthesis,TOXIN; CYANO_TAXON; DINO_TAXON; DINO_TAXON; TOXIN; DINO_TAXON; BIOLOGICAL_PROCESS,dino_pre2016,unvalidated_candidate,1,sxti|||transcriptomic,Subsequently represented,"The relationship between transcriptomic and sxti was identified as a candidate missing link in the pre-2016 dinoflagellate knowledge graph. Historical graph connectivity includes bridge concepts such as saxitoxin, cyanobacteria, dinoflagellate, alexandrium, paralytic shellfish poisoning. This relationship should be interpreted as a literature-derived hypothesis rather than experimental evidence of a biological mechanism.",348,1.6286377602569135,Adamic–Adar,transcriptomic sxti biological_process sxt_gene gene_process_association saxitoxin; cyanobacteria; dinoflagellate; alexandrium; paralytic_shellfish_poisoning; dinoflagellates; biosynthesis toxin; cyano_taxon; dino_taxon; dino_taxon; toxin; dino_taxon; biological_process
sxtg,SXT_GENE,gene_loss,BIOLOGICAL_PROCESS,gene_process_association,0.5186118132579682,42,1.5442871903586974,349,0.1666666666666666,359,6,saxitoxin; cyanobacteria; evolution; nitrogen; horizontal_gene_transfer; biosynthesis,TOXIN; CYANO_TAXON; BIOLOGICAL_PROCESS; ENV_FACTOR; BIOLOGICAL_PROCESS; BIOLOGICAL_PROCESS,dino_pre2016,unvalidated_candidate,1,gene_loss|||sxtg,Subsequently represented,"The relationship between sxtg and gene loss was identified as a candidate missing link in the pre-2016 dinoflagellate knowledge graph. Historical graph connectivity includes bridge concepts such as saxitoxin, cyanobacteria, evolution, nitrogen, horizontal gene transfer. This relationship should be interpreted as a literature-derived hypothesis rather than experimental evidence of a biological mechanism.",349,1.5442871903586974,Adamic–Adar,sxtg gene_loss sxt_gene biological_process gene_process_association saxitoxin; cyanobacteria; evolution; nitrogen; horizontal_gene_transfer; biosynthesis toxin; cyano_taxon; biological_process; env_factor; biological_process; biological_process
sxta,SXT_GENE,gene_loss,BIOLOGICAL_PROCESS,gene_process_association,0.4425137399414566,82,1.5442871903586974,349,0.1016949152542373,445,6,saxitoxin; cyanobacteria; evolution; nitrogen; horizontal_gene_transfer; biosynthesis,TOXIN; CYANO_TAXON; BIOLOGICAL_PROCESS; ENV_FACTOR; BIOLOGICAL_PROCESS; BIOLOGICAL_PROCESS,dino_pre2016,unvalidated_candidate,1,gene_loss|||sxta,Subsequently represented,"The relationship between sxta and gene loss was identified as a candidate missing link in the pre-2016 dinoflagellate knowledge graph. Historical graph connectivity includes bridge concepts such as saxitoxin, cyanobacteria, evolution, nitrogen, horizontal gene transfer. This relationship should be interpreted as a literature-derived hypothesis rather than experimental evidence of a biological mechanism.",349,1.5442871903586974,Adamic–Adar,sxta gene_loss sxt_gene biological_process gene_process_association saxitoxin; cyanobacteria; evolution; nitrogen; horizontal_gene_transfer; biosynthesis toxin; cyano_taxon; biological_process; env_factor; biological_process; biological_process
paralytic_shellfish_toxins,TOXIN,gene_loss,BIOLOGICAL_PROCESS,process_toxin_association,0.3365852397266444,222,1.5442871903586974,349,0.0833333333333333,474,6,saxitoxin; cyanobacteria; evolution; nitrogen; horizontal_gene_transfer; biosynthesis,TOXIN; CYANO_TAXON; BIOLOGICAL_PROCESS; ENV_FACTOR; BIOLOGICAL_PROCESS; BIOLOGICAL_PROCESS,dino_pre2016,unvalidated_candidate,1,gene_loss|||paralytic_shellfish_toxins,Subsequently represented,"The relationship between paralytic shellfish toxins and gene loss was identified as a candidate missing link in the pre-2016 dinoflagellate knowledge graph. Historical graph connectivity includes bridge concepts such as saxitoxin, cyanobacteria, evolution, nitrogen, horizontal gene transfer. This relationship should be interpreted as a literature-derived hypothesis rather than experimental evidence of a biological mechanism.",349,1.5442871903586974,Adamic–Adar,paralytic_shellfish_toxins gene_loss toxin biological_process process_toxin_association saxitoxin; cyanobacteria; evolution; nitrogen; horizontal_gene_transfer; biosynthesis toxin; cyano_taxon; biological_process; env_factor; biological_process; biological_process
paralytic_shellfish_poisoning,TOXIN,gene_loss,BIOLOGICAL_PROCESS,process_toxin_association,0.4291853053937401,93,1.5442871903586974,349,0.0769230769230769,484,6,saxitoxin; cyanobacteria; evolution; nitrogen; horizontal_gene_transfer; biosynthesis,TOXIN; CYANO_TAXON; BIOLOGICAL_PROCESS; ENV_FACTOR; BIOLOGICAL_PROCESS; BIOLOGICAL_PROCESS,dino_pre2016,unvalidated_candidate,1,gene_loss|||paralytic_shellfish_poisoning,Not observed post-2015,"The relationship between paralytic shellfish poisoning and gene loss was identified as a candidate missing link in the pre-2016 dinoflagellate knowledge graph. Historical graph connectivity includes bridge concepts such as saxitoxin, cyanobacteria, evolution, nitrogen, horizontal gene transfer. This relationship should be interpreted as a literature-derived hypothesis rather than experimental evidence of a biological mechanism.",349,1.5442871903586974,Adamic–Adar,paralytic_shellfish_poisoning gene_loss toxin biological_process process_toxin_association saxitoxin; cyanobacteria; evolution; nitrogen; horizontal_gene_transfer; biosynthesis toxin; cyano_taxon; biological_process; env_factor; biological_process; biological_process
sxtu,SXT_GENE,scytonema,CYANO_TAXON,cyano_gene_transfer_signal,0.5803255270572752,25,1.4869232604510874,353,0.2857142857142857,205,6,saxitoxin; cyanobacteria; cyanobacterium; sxta; phylogenetic; dinoflagellates,TOXIN; CYANO_TAXON; CYANO_TAXON; SXT_GENE; BIOLOGICAL_PROCESS; DINO_TAXON,dino_pre2016,unvalidated_candidate,1,scytonema|||sxtu,Not observed post-2015,"The relationship between sxtu and scytonema was identified as a candidate missing link in the pre-2016 dinoflagellate knowledge graph. Historical graph connectivity includes bridge concepts such as saxitoxin, cyanobacteria, cyanobacterium, sxta, phylogenetic. This relationship should be interpreted as a literature-derived hypothesis rather than experimental evidence of a biological mechanism.",353,1.4869232604510874,Adamic–Adar,sxtu scytonema sxt_gene cyano_taxon cyano_gene_transfer_signal saxitoxin; cyanobacteria; cyanobacterium; sxta; phylogenetic; dinoflagellates toxin; cyano_taxon; cyano_taxon; sxt_gene; biological_process; dino_taxon
alexandrium_tamarense,DINO_TAXON,scytonema,CYANO_TAXON,cross_taxa_association,0.4530044683960756,74,1.4869232604510874,353,0.1111111111111111,419,6,saxitoxin; cyanobacteria; cyanobacterium; sxta; phylogenetic; dinoflagellates,TOXIN; CYANO_TAXON; CYANO_TAXON; SXT_GENE; BIOLOGICAL_PROCESS; DINO_TAXON,dino_pre2016,unvalidated_candidate,1,alexandrium_tamarense|||scytonema,Not observed post-2015,"The relationship between alexandrium tamarense and scytonema was identified as a candidate missing link in the pre-2016 dinoflagellate knowledge graph. Historical graph connectivity includes bridge concepts such as saxitoxin, cyanobacteria, cyanobacterium, sxta, phylogenetic. This relationship should be interpreted as a literature-derived hypothesis rather than experimental evidence of a biological mechanism.",353,1.4869232604510874,Adamic–Adar,alexandrium_tamarense scytonema dino_taxon cyano_taxon cross_taxa_association saxitoxin; cyanobacteria; cyanobacterium; sxta; phylogenetic; dinoflagellates toxin; cyano_taxon; cyano_taxon; sxt_gene; biological_process; dino_taxon
gymnodinium_catenatum,DINO_TAXON,scytonema,CYANO_TAXON,cross_taxa_association,0.3609232022468853,178,1.4869232604510874,353,0.1052631578947368,430,6,saxitoxin; cyanobacteria; cyanobacterium; sxta; phylogenetic; dinoflagellates,TOXIN; CYANO_TAXON; CYANO_TAXON; SXT_GENE; BIOLOGICAL_PROCESS; DINO_TAXON,dino_pre2016,unvalidated_candidate,1,gymnodinium_catenatum|||scytonema,Not observed post-2015,"The relationship between gymnodinium catenatum and scytonema was identified as a candidate missing link in the pre-2016 dinoflagellate knowledge graph. Historical graph connectivity includes bridge concepts such as saxitoxin, cyanobacteria, cyanobacterium, sxta, phylogenetic. This relationship should be interpreted as a literature-derived hypothesis rather than experimental evidence of a biological mechanism.",353,1.4869232604510874,Adamic–Adar,gymnodinium_catenatum scytonema dino_taxon cyano_taxon cross_taxa_association saxitoxin; cyanobacteria; cyanobacterium; sxta; phylogenetic; dinoflagellates toxin; cyano_taxon; cyano_taxon; sxt_gene; biological_process; dino_taxon
alexandrium_minutum,DINO_TAXON,scytonema,CYANO_TAXON,cross_taxa_association,0.2252040650964364,380,1.4869232604510874,353,0.1052631578947368,430,6,saxitoxin; cyanobacteria; cyanobacterium; sxta; phylogenetic; dinoflagellates,TOXIN; CYANO_TAXON; CYANO_TAXON; SXT_GENE; BIOLOGICAL_PROCESS; DINO_TAXON,dino_pre2016,unvalidated_candidate,1,alexandrium_minutum|||scytonema,Not observed post-2015,"The relationship between alexandrium minutum and scytonema was identified as a candidate missing link in the pre-2016 dinoflagellate knowledge graph. Historical graph connectivity includes bridge concepts such as saxitoxin, cyanobacteria, cyanobacterium, sxta, phylogenetic. This relationship should be interpreted as a literature-derived hypothesis rather than experimental evidence of a biological mechanism.",353,1.4869232604510874,Adamic–Adar,alexandrium_minutum scytonema dino_taxon cyano_taxon cross_taxa_association saxitoxin; cyanobacteria; cyanobacterium; sxta; phylogenetic; dinoflagellates toxin; cyano_taxon; cyano_taxon; sxt_gene; biological_process; dino_taxon
gymnodinium,DINO_TAXON,scytonema,CYANO_TAXON,cross_taxa_association,0.3860337131342696,136,1.4869232604510874,353,0.0967741935483871,454,6,saxitoxin; cyanobacteria; cyanobacterium; sxta; phylogenetic; dinoflagellates,TOXIN; CYANO_TAXON; CYANO_TAXON; SXT_GENE; BIOLOGICAL_PROCESS; DINO_TAXON,dino_pre2016,unvalidated_candidate,1,gymnodinium|||scytonema,Not observed post-2015,"The relationship between gymnodinium and scytonema was identified as a candidate missing link in the pre-2016 dinoflagellate knowledge graph. Historical graph connectivity includes bridge concepts such as saxitoxin, cyanobacteria, cyanobacterium, sxta, phylogenetic. This relationship should be interpreted as a literature-derived hypothesis rather than experimental evidence of a biological mechanism.",353,1.4869232604510874,Adamic–Adar,gymnodinium scytonema dino_taxon cyano_taxon cross_taxa_association saxitoxin; cyanobacteria; cyanobacterium; sxta; phylogenetic; dinoflagellates toxin; cyano_taxon; cyano_taxon; sxt_gene; biological_process; dino_taxon
dinoflagellate,DINO_TAXON,scytonema,CYANO_TAXON,cross_taxa_association,0.3179802065886487,249,1.4869232604510874,353,0.0789473684210526,481,6,saxitoxin; cyanobacteria; cyanobacterium; sxta; phylogenetic; dinoflagellates,TOXIN; CYANO_TAXON; CYANO_TAXON; SXT_GENE; BIOLOGICAL_PROCESS; DINO_TAXON,dino_pre2016,unvalidated_candidate,1,dinoflagellate|||scytonema,Not observed post-2015,"The relationship between dinoflagellate and scytonema was identified as a candidate missing link in the pre-2016 dinoflagellate knowledge graph. Historical graph connectivity includes bridge concepts such as saxitoxin, cyanobacteria, cyanobacterium, sxta, phylogenetic. This relationship should be interpreted as a literature-derived hypothesis rather than experimental evidence of a biological mechanism.",353,1.4869232604510874,Adamic–Adar,dinoflagellate scytonema dino_taxon cyano_taxon cross_taxa_association saxitoxin; cyanobacteria; cyanobacterium; sxta; phylogenetic; dinoflagellates toxin; cyano_taxon; cyano_taxon; sxt_gene; biological_process; dino_taxon
alexandrium,DINO_TAXON,scytonema,CYANO_TAXON,cross_taxa_association,0.4230979632653518,98,1.4869232604510874,353,0.0759493670886076,489,6,saxitoxin; cyanobacteria; cyanobacterium; sxta; phylogenetic; dinoflagellates,TOXIN; CYANO_TAXON; CYANO_TAXON; SXT_GENE; BIOLOGICAL_PROCESS; DINO_TAXON,dino_pre2016,unvalidated_candidate,1,alexandrium|||scytonema,Not observed post-2015,"The relationship between alexandrium and scytonema was identified as a candidate missing link in the pre-2016 dinoflagellate knowledge graph. Historical graph connectivity includes bridge concepts such as saxitoxin, cyanobacteria, cyanobacterium, sxta, phylogenetic. This relationship should be interpreted as a literature-derived hypothesis rather than experimental evidence of a biological mechanism.",353,1.4869232604510874,Adamic–Adar,alexandrium scytonema dino_taxon cyano_taxon cross_taxa_association saxitoxin; cyanobacteria; cyanobacterium; sxta; phylogenetic; dinoflagellates toxin; cyano_taxon; cyano_taxon; sxt_gene; biological_process; dino_taxon
neosaxitoxin,TOXIN,alexandrium_affine,DINO_TAXON,taxon_toxin_association,0.6425049025934485,13,1.480034516777505,360,0.1666666666666666,359,6,temperature; alexandrium; dinoflagellate; light; hplc; nutrient,ENV_FACTOR; DINO_TAXON; DINO_TAXON; ENV_FACTOR; DETECTION_METHOD; ENV_FACTOR,dino_pre2016,unvalidated_candidate,1,alexandrium_affine|||neosaxitoxin,Not observed post-2015,"The relationship between neosaxitoxin and alexandrium affine was identified as a candidate missing link in the pre-2016 dinoflagellate knowledge graph. Historical graph connectivity includes bridge concepts such as temperature, alexandrium, dinoflagellate, light, hplc. This relationship should be interpreted as a literature-derived hypothesis rather than experimental evidence of a biological mechanism.",360,1.480034516777505,Adamic–Adar,neosaxitoxin alexandrium_affine toxin dino_taxon taxon_toxin_association temperature; alexandrium; dinoflagellate; light; hplc; nutrient env_factor; dino_taxon; dino_taxon; env_factor; detection_method; env_factor
gtx,TOXIN,alexandrium_affine,DINO_TAXON,taxon_toxin_association,0.7287964666854647,5,1.480034516777505,360,0.1538461538461538,385,6,temperature; alexandrium; dinoflagellate; light; hplc; nutrient,ENV_FACTOR; DINO_TAXON; DINO_TAXON; ENV_FACTOR; DETECTION_METHOD; ENV_FACTOR,dino_pre2016,unvalidated_candidate,1,alexandrium_affine|||gtx,Not observed post-2015,"The relationship between gtx and alexandrium affine was identified as a candidate missing link in the pre-2016 dinoflagellate knowledge graph. Historical graph connectivity includes bridge concepts such as temperature, alexandrium, dinoflagellate, light, hplc. This relationship should be interpreted as a literature-derived hypothesis rather than experimental evidence of a biological mechanism.",360,1.480034516777505,Adamic–Adar,gtx alexandrium_affine toxin dino_taxon taxon_toxin_association temperature; alexandrium; dinoflagellate; light; hplc; nutrient env_factor; dino_taxon; dino_taxon; env_factor; detection_method; env_factor
gonyautoxin,TOXIN,alexandrium_affine,DINO_TAXON,taxon_toxin_association,0.6096015097453833,18,1.480034516777505,360,0.1176470588235294,411,6,temperature; alexandrium; dinoflagellate; light; hplc; nutrient,ENV_FACTOR; DINO_TAXON; DINO_TAXON; ENV_FACTOR; DETECTION_METHOD; ENV_FACTOR,dino_pre2016,unvalidated_candidate,1,alexandrium_affine|||gonyautoxin,Not observed post-2015,"The relationship between gonyautoxin and alexandrium affine was identified as a candidate missing link in the pre-2016 dinoflagellate knowledge graph. Historical graph connectivity includes bridge concepts such as temperature, alexandrium, dinoflagellate, light, hplc. This relationship should be interpreted as a literature-derived hypothesis rather than experimental evidence of a biological mechanism.",360,1.480034516777505,Adamic–Adar,gonyautoxin alexandrium_affine toxin dino_taxon taxon_toxin_association temperature; alexandrium; dinoflagellate; light; hplc; nutrient env_factor; dino_taxon; dino_taxon; env_factor; detection_method; env_factor
sxta,SXT_GENE,alexandrium_affine,DINO_TAXON,taxon_gene_association,0.2438623739535722,359,1.480034516777505,360,0.1016949152542373,445,6,temperature; alexandrium; dinoflagellate; light; hplc; nutrient,ENV_FACTOR; DINO_TAXON; DINO_TAXON; ENV_FACTOR; DETECTION_METHOD; ENV_FACTOR,dino_pre2016,unvalidated_candidate,1,alexandrium_affine|||sxta,Subsequently represented,"The relationship between sxta and alexandrium affine was identified as a candidate missing link in the pre-2016 dinoflagellate knowledge graph. Historical graph connectivity includes bridge concepts such as temperature, alexandrium, dinoflagellate, light, hplc. This relationship should be interpreted as a literature-derived hypothesis rather than experimental evidence of a biological mechanism.",360,1.480034516777505,Adamic–Adar,sxta alexandrium_affine sxt_gene dino_taxon taxon_gene_association temperature; alexandrium; dinoflagellate; light; hplc; nutrient env_factor; dino_taxon; dino_taxon; env_factor; detection_method; env_factor
paralytic_shellfish_toxins,TOXIN,alexandrium_affine,DINO_TAXON,taxon_toxin_association,0.5523624343481045,30,1.480034516777505,360,0.0833333333333333,474,6,temperature; alexandrium; dinoflagellate; light; hplc; nutrient,ENV_FACTOR; DINO_TAXON; DINO_TAXON; ENV_FACTOR; DETECTION_METHOD; ENV_FACTOR,dino_pre2016,unvalidated_candidate,1,alexandrium_affine|||paralytic_shellfish_toxins,Not observed post-2015,"The relationship between paralytic shellfish toxins and alexandrium affine was identified as a candidate missing link in the pre-2016 dinoflagellate knowledge graph. Historical graph connectivity includes bridge concepts such as temperature, alexandrium, dinoflagellate, light, hplc. This relationship should be interpreted as a literature-derived hypothesis rather than experimental evidence of a biological mechanism.",360,1.480034516777505,Adamic–Adar,paralytic_shellfish_toxins alexandrium_affine toxin dino_taxon taxon_toxin_association temperature; alexandrium; dinoflagellate; light; hplc; nutrient env_factor; dino_taxon; dino_taxon; env_factor; detection_method; env_factor
paralytic_shellfish_poisoning,TOXIN,alexandrium_affine,DINO_TAXON,taxon_toxin_association,0.4917567131576654,53,1.480034516777505,360,0.0769230769230769,484,6,temperature; alexandrium; dinoflagellate; light; hplc; nutrient,ENV_FACTOR; DINO_TAXON; DINO_TAXON; ENV_FACTOR; DETECTION_METHOD; ENV_FACTOR,dino_pre2016,unvalidated_candidate,1,alexandrium_affine|||paralytic_shellfish_poisoning,Subsequently represented,"The relationship between paralytic shellfish poisoning and alexandrium affine was identified as a candidate missing link in the pre-2016 dinoflagellate knowledge graph. Historical graph connectivity includes bridge concepts such as temperature, alexandrium, dinoflagellate, light, hplc. This relationship should be interpreted as a literature-derived hypothesis rather than experimental evidence of a biological mechanism.",360,1.480034516777505,Adamic–Adar,paralytic_shellfish_poisoning alexandrium_affine toxin dino_taxon taxon_toxin_association temperature; alexandrium; dinoflagellate; light; hplc; nutrient env_factor; dino_taxon; dino_taxon; env_factor; detection_method; env_factor
saxitoxin,TOXIN,alexandrium_affine,DINO_TAXON,taxon_toxin_association,0.5441628235517842,34,1.480034516777505,360,0.075,491,6,temperature; alexandrium; dinoflagellate; light; hplc; nutrient,ENV_FACTOR; DINO_TAXON; DINO_TAXON; ENV_FACTOR; DETECTION_METHOD; ENV_FACTOR,dino_pre2016,unvalidated_candidate,1,alexandrium_affine|||saxitoxin,Subsequently represented,"The relationship between saxitoxin and alexandrium affine was identified as a candidate missing link in the pre-2016 dinoflagellate knowledge graph. Historical graph connectivity includes bridge concepts such as temperature, alexandrium, dinoflagellate, light, hplc. This relationship should be interpreted as a literature-derived hypothesis rather than experimental evidence of a biological mechanism.",360,1.480034516777505,Adamic–Adar,saxitoxin alexandrium_affine toxin dino_taxon taxon_toxin_association temperature; alexandrium; dinoflagellate; light; hplc; nutrient env_factor; dino_taxon; dino_taxon; env_factor; detection_method; env_factor
alexandrium_ostenfeldii,DINO_TAXON,sxtd,SXT_GENE,taxon_gene_association,0.2652200242033489,323,1.4729007390545603,367,0.1621621621621621,374,6,saxitoxin; paralytic_shellfish_toxins; mass_spectrometry; paralytic_shellfish_poisoning; lc_ms; dinoflagellates,TOXIN; TOXIN; DETECTION_METHOD; TOXIN; DETECTION_METHOD; DINO_TAXON,dino_pre2016,unvalidated_candidate,1,alexandrium_ostenfeldii|||sxtd,Not observed post-2015,"The relationship between alexandrium ostenfeldii and sxtd was identified as a candidate missing link in the pre-2016 dinoflagellate knowledge graph. Historical graph connectivity includes bridge concepts such as saxitoxin, paralytic shellfish toxins, mass spectrometry, paralytic shellfish poisoning, lc ms. This relationship should be interpreted as a literature-derived hypothesis rather than experimental evidence of a biological mechanism.",367,1.4729007390545603,Adamic–Adar,alexandrium_ostenfeldii sxtd dino_taxon sxt_gene taxon_gene_association saxitoxin; paralytic_shellfish_toxins; mass_spectrometry; paralytic_shellfish_poisoning; lc_ms; dinoflagellates toxin; toxin; detection_method; toxin; detection_method; dino_taxon
sxtd,SXT_GENE,planktothrix,CYANO_TAXON,cyano_gene_transfer_signal,0.2858679851520593,291,1.4632406273938612,368,0.2857142857142857,205,6,saxitoxin; cyanobacteria; paralytic_shellfish_toxins; dinoflagellates; paralytic_shellfish_poisoning; cylindrospermopsis,TOXIN; CYANO_TAXON; TOXIN; DINO_TAXON; TOXIN; CYANO_TAXON,dino_pre2016,unvalidated_candidate,1,planktothrix|||sxtd,Not observed post-2015,"The relationship between sxtd and planktothrix was identified as a candidate missing link in the pre-2016 dinoflagellate knowledge graph. Historical graph connectivity includes bridge concepts such as saxitoxin, cyanobacteria, paralytic shellfish toxins, dinoflagellates, paralytic shellfish poisoning. This relationship should be interpreted as a literature-derived hypothesis rather than experimental evidence of a biological mechanism.",368,1.4632406273938612,Adamic–Adar,sxtd planktothrix sxt_gene cyano_taxon cyano_gene_transfer_signal saxitoxin; cyanobacteria; paralytic_shellfish_toxins; dinoflagellates; paralytic_shellfish_poisoning; cylindrospermopsis toxin; cyano_taxon; toxin; dino_taxon; toxin; cyano_taxon
aphanizomenon,CYANO_TAXON,alexandrium_leei,DINO_TAXON,cross_taxa_association,0.5107382254773999,44,1.4461029280935231,369,0.2307692307692307,265,6,saxitoxin; paralytic_shellfish_toxins; alexandrium; dinoflagellate; sxta; phylogeny,TOXIN; TOXIN; DINO_TAXON; DINO_TAXON; SXT_GENE; BIOLOGICAL_PROCESS,dino_pre2016,unvalidated_candidate,1,alexandrium_leei|||aphanizomenon,Not observed post-2015,"The relationship between aphanizomenon and alexandrium leei was identified as a candidate missing link in the pre-2016 dinoflagellate knowledge graph. Historical graph connectivity includes bridge concepts such as saxitoxin, paralytic shellfish toxins, alexandrium, dinoflagellate, sxta. This relationship should be interpreted as a literature-derived hypothesis rather than experimental evidence of a biological mechanism.",369,1.4461029280935231,Adamic–Adar,aphanizomenon alexandrium_leei cyano_taxon dino_taxon cross_taxa_association saxitoxin; paralytic_shellfish_toxins; alexandrium; dinoflagellate; sxta; phylogeny toxin; toxin; dino_taxon; dino_taxon; sxt_gene; biological_process
sxt_genes,SXT_GENE,alexandrium_leei,DINO_TAXON,taxon_gene_association,0.7100823981038554,6,1.4461029280935231,369,0.2,307,6,saxitoxin; paralytic_shellfish_toxins; alexandrium; dinoflagellate; sxta; phylogeny,TOXIN; TOXIN; DINO_TAXON; DINO_TAXON; SXT_GENE; BIOLOGICAL_PROCESS,dino_pre2016,unvalidated_candidate,1,alexandrium_leei|||sxt_genes,Not observed post-2015,"The relationship between sxt genes and alexandrium leei was identified as a candidate missing link in the pre-2016 dinoflagellate knowledge graph. Historical graph connectivity includes bridge concepts such as saxitoxin, paralytic shellfish toxins, alexandrium, dinoflagellate, sxta. This relationship should be interpreted as a literature-derived hypothesis rather than experimental evidence of a biological mechanism.",369,1.4461029280935231,Adamic–Adar,sxt_genes alexandrium_leei sxt_gene dino_taxon taxon_gene_association saxitoxin; paralytic_shellfish_toxins; alexandrium; dinoflagellate; sxta; phylogeny toxin; toxin; dino_taxon; dino_taxon; sxt_gene; biological_process
sxtg,SXT_GENE,alexandrium_leei,DINO_TAXON,taxon_gene_association,0.6291877464146732,15,1.4461029280935231,369,0.1666666666666666,359,6,saxitoxin; paralytic_shellfish_toxins; alexandrium; dinoflagellate; sxta; phylogeny,TOXIN; TOXIN; DINO_TAXON; DINO_TAXON; SXT_GENE; BIOLOGICAL_PROCESS,dino_pre2016,unvalidated_candidate,1,alexandrium_leei|||sxtg,Not observed post-2015,"The relationship between sxtg and alexandrium leei was identified as a candidate missing link in the pre-2016 dinoflagellate knowledge graph. Historical graph connectivity includes bridge concepts such as saxitoxin, paralytic shellfish toxins, alexandrium, dinoflagellate, sxta. This relationship should be interpreted as a literature-derived hypothesis rather than experimental evidence of a biological mechanism.",369,1.4461029280935231,Adamic–Adar,sxtg alexandrium_leei sxt_gene dino_taxon taxon_gene_association saxitoxin; paralytic_shellfish_toxins; alexandrium; dinoflagellate; sxta; phylogeny toxin; toxin; dino_taxon; dino_taxon; sxt_gene; biological_process
anabaena,CYANO_TAXON,alexandrium_leei,DINO_TAXON,cross_taxa_association,0.5465241690584259,33,1.4461029280935231,369,0.1666666666666666,359,6,saxitoxin; paralytic_shellfish_toxins; alexandrium; dinoflagellate; sxta; phylogeny,TOXIN; TOXIN; DINO_TAXON; DINO_TAXON; SXT_GENE; BIOLOGICAL_PROCESS,dino_pre2016,unvalidated_candidate,1,alexandrium_leei|||anabaena,Not observed post-2015,"The relationship between anabaena and alexandrium leei was identified as a candidate missing link in the pre-2016 dinoflagellate knowledge graph. Historical graph connectivity includes bridge concepts such as saxitoxin, paralytic shellfish toxins, alexandrium, dinoflagellate, sxta. This relationship should be interpreted as a literature-derived hypothesis rather than experimental evidence of a biological mechanism.",369,1.4461029280935231,Adamic–Adar,anabaena alexandrium_leei cyano_taxon dino_taxon cross_taxa_association saxitoxin; paralytic_shellfish_toxins; alexandrium; dinoflagellate; sxta; phylogeny toxin; toxin; dino_taxon; dino_taxon; sxt_gene; biological_process
cyanobacterial,CYANO_TAXON,alexandrium_leei,DINO_TAXON,cross_taxa_association,0.5205527047272833,41,1.4461029280935231,369,0.1176470588235294,411,6,saxitoxin; paralytic_shellfish_toxins; alexandrium; dinoflagellate; sxta; phylogeny,TOXIN; TOXIN; DINO_TAXON; DINO_TAXON; SXT_GENE; BIOLOGICAL_PROCESS,dino_pre2016,unvalidated_candidate,1,alexandrium_leei|||cyanobacterial,Not observed post-2015,"The relationship between cyanobacterial and alexandrium leei was identified as a candidate missing link in the pre-2016 dinoflagellate knowledge graph. Historical graph connectivity includes bridge concepts such as saxitoxin, paralytic shellfish toxins, alexandrium, dinoflagellate, sxta. This relationship should be interpreted as a literature-derived hypothesis rather than experimental evidence of a biological mechanism.",369,1.4461029280935231,Adamic–Adar,cyanobacterial alexandrium_leei cyano_taxon dino_taxon cross_taxa_association saxitoxin; paralytic_shellfish_toxins; alexandrium; dinoflagellate; sxta; phylogeny toxin; toxin; dino_taxon; dino_taxon; sxt_gene; biological_process
gonyautoxin,TOXIN,alexandrium_leei,DINO_TAXON,taxon_toxin_association,0.5107496333974452,43,1.4461029280935231,369,0.1176470588235294,411,6,saxitoxin; paralytic_shellfish_toxins; alexandrium; dinoflagellate; sxta; phylogeny,TOXIN; TOXIN; DINO_TAXON; DINO_TAXON; SXT_GENE; BIOLOGICAL_PROCESS,dino_pre2016,unvalidated_candidate,1,alexandrium_leei|||gonyautoxin,Not observed post-2015,"The relationship between gonyautoxin and alexandrium leei was identified as a candidate missing link in the pre-2016 dinoflagellate knowledge graph. Historical graph connectivity includes bridge concepts such as saxitoxin, paralytic shellfish toxins, alexandrium, dinoflagellate, sxta. This relationship should be interpreted as a literature-derived hypothesis rather than experimental evidence of a biological mechanism.",369,1.4461029280935231,Adamic–Adar,gonyautoxin alexandrium_leei toxin dino_taxon taxon_toxin_association saxitoxin; paralytic_shellfish_toxins; alexandrium; dinoflagellate; sxta; phylogeny toxin; toxin; dino_taxon; dino_taxon; sxt_gene; biological_process
cyanobacteria,CYANO_TAXON,alexandrium_leei,DINO_TAXON,cross_taxa_association,0.4620068975162057,71,1.4461029280935231,369,0.0952380952380952,464,6,saxitoxin; paralytic_shellfish_toxins; alexandrium; dinoflagellate; sxta; phylogeny,TOXIN; TOXIN; DINO_TAXON; DINO_TAXON; SXT_GENE; BIOLOGICAL_PROCESS,dino_pre2016,unvalidated_candidate,1,alexandrium_leei|||cyanobacteria,Not observed post-2015,"The relationship between cyanobacteria and alexandrium leei was identified as a candidate missing link in the pre-2016 dinoflagellate knowledge graph. Historical graph connectivity includes bridge concepts such as saxitoxin, paralytic shellfish toxins, alexandrium, dinoflagellate, sxta. This relationship should be interpreted as a literature-derived hypothesis rather than experimental evidence of a biological mechanism.",369,1.4461029280935231,Adamic–Adar,cyanobacteria alexandrium_leei cyano_taxon dino_taxon cross_taxa_association saxitoxin; paralytic_shellfish_toxins; alexandrium; dinoflagellate; sxta; phylogeny toxin; toxin; dino_taxon; dino_taxon; sxt_gene; biological_process
paralytic_shellfish_poisoning,TOXIN,alexandrium_leei,DINO_TAXON,taxon_toxin_association,0.5803512689684668,24,1.4461029280935231,369,0.0769230769230769,484,6,saxitoxin; paralytic_shellfish_toxins; alexandrium; dinoflagellate; sxta; phylogeny,TOXIN; TOXIN; DINO_TAXON; DINO_TAXON; SXT_GENE; BIOLOGICAL_PROCESS,dino_pre2016,unvalidated_candidate,1,alexandrium_leei|||paralytic_shellfish_poisoning,Not observed post-2015,"The relationship between paralytic shellfish poisoning and alexandrium leei was identified as a candidate missing link in the pre-2016 dinoflagellate knowledge graph. Historical graph connectivity includes bridge concepts such as saxitoxin, paralytic shellfish toxins, alexandrium, dinoflagellate, sxta. This relationship should be interpreted as a literature-derived hypothesis rather than experimental evidence of a biological mechanism.",369,1.4461029280935231,Adamic–Adar,paralytic_shellfish_poisoning alexandrium_leei toxin dino_taxon taxon_toxin_association saxitoxin; paralytic_shellfish_toxins; alexandrium; dinoflagellate; sxta; phylogeny toxin; toxin; dino_taxon; dino_taxon; sxt_gene; biological_process
neosaxitoxin,TOXIN,phosphorus_limitation,ENV_FACTOR,environment_toxin_association,0.4777596690017449,62,1.4362194916312243,377,0.1578947368421052,382,6,alexandrium; dinoflagellate; toxin_production; paralytic_shellfish_poisoning; nutrient; alexandrium_minutum,DINO_TAXON; DINO_TAXON; BIOLOGICAL_PROCESS; TOXIN; ENV_FACTOR; DINO_TAXON,dino_pre2016,unvalidated_candidate,1,neosaxitoxin|||phosphorus_limitation,Not observed post-2015,"The relationship between neosaxitoxin and phosphorus limitation was identified as a candidate missing link in the pre-2016 dinoflagellate knowledge graph. Historical graph connectivity includes bridge concepts such as alexandrium, dinoflagellate, toxin production, paralytic shellfish poisoning, nutrient. This relationship should be interpreted as a literature-derived hypothesis rather than experimental evidence of a biological mechanism.",377,1.4362194916312243,Adamic–Adar,neosaxitoxin phosphorus_limitation toxin env_factor environment_toxin_association alexandrium; dinoflagellate; toxin_production; paralytic_shellfish_poisoning; nutrient; alexandrium_minutum dino_taxon; dino_taxon; biological_process; toxin; env_factor; dino_taxon
resting_cyst,BIOLOGICAL_PROCESS,sxti,SXT_GENE,gene_process_association,0.3566186792012898,185,1.436117045168611,378,0.25,238,6,saxitoxin; dinoflagellate; alexandrium; paralytic_shellfish_poisoning; phylogeny; biosynthesis,TOXIN; DINO_TAXON; DINO_TAXON; TOXIN; BIOLOGICAL_PROCESS; BIOLOGICAL_PROCESS,dino_pre2016,unvalidated_candidate,1,resting_cyst|||sxti,Not observed post-2015,"The relationship between resting cyst and sxti was identified as a candidate missing link in the pre-2016 dinoflagellate knowledge graph. Historical graph connectivity includes bridge concepts such as saxitoxin, dinoflagellate, alexandrium, paralytic shellfish poisoning, phylogeny. This relationship should be interpreted as a literature-derived hypothesis rather than experimental evidence of a biological mechanism.",378,1.436117045168611,Adamic–Adar,resting_cyst sxti biological_process sxt_gene gene_process_association saxitoxin; dinoflagellate; alexandrium; paralytic_shellfish_poisoning; phylogeny; biosynthesis toxin; dino_taxon; dino_taxon; toxin; biological_process; biological_process
sxt_genes,SXT_GENE,environmental_regulation,BIOLOGICAL_PROCESS,gene_process_association,0.1715015411738545,437,1.4342008668555424,379,0.1818181818181818,341,6,saxitoxin; paralytic_shellfish_toxins; alexandrium; toxicity; alexandrium_tamarense; alexandrium_catenella,TOXIN; TOXIN; DINO_TAXON; BIOLOGICAL_PROCESS; DINO_TAXON; DINO_TAXON,dino_pre2016,unvalidated_candidate,1,environmental_regulation|||sxt_genes,Not observed post-2015,"The relationship between sxt genes and environmental regulation was identified as a candidate missing link in the pre-2016 dinoflagellate knowledge graph. Historical graph connectivity includes bridge concepts such as saxitoxin, paralytic shellfish toxins, alexandrium, toxicity, alexandrium tamarense. This relationship should be interpreted as a literature-derived hypothesis rather than experimental evidence of a biological mechanism.",379,1.4342008668555424,Adamic–Adar,sxt_genes environmental_regulation sxt_gene biological_process gene_process_association saxitoxin; paralytic_shellfish_toxins; alexandrium; toxicity; alexandrium_tamarense; alexandrium_catenella toxin; toxin; dino_taxon; biological_process; dino_taxon; dino_taxon
sxtb,SXT_GENE,secondary_metabolism,BIOLOGICAL_PROCESS,gene_process_association,0.2756484801442833,306,1.42846253223798,380,0.2068965517241379,301,6,saxitoxin; dinoflagellate; toxin_production; bloom; nutrient; dinoflagellates,TOXIN; DINO_TAXON; BIOLOGICAL_PROCESS; ENV_FACTOR; ENV_FACTOR; DINO_TAXON,dino_pre2016,unvalidated_candidate,1,secondary_metabolism|||sxtb,Not observed post-2015,"The relationship between sxtb and secondary metabolism was identified as a candidate missing link in the pre-2016 dinoflagellate knowledge graph. Historical graph connectivity includes bridge concepts such as saxitoxin, dinoflagellate, toxin production, bloom, nutrient. This relationship should be interpreted as a literature-derived hypothesis rather than experimental evidence of a biological mechanism.",380,1.42846253223798,Adamic–Adar,sxtb secondary_metabolism sxt_gene biological_process gene_process_association saxitoxin; dinoflagellate; toxin_production; bloom; nutrient; dinoflagellates toxin; dino_taxon; biological_process; env_factor; env_factor; dino_taxon
transcription,BIOLOGICAL_PROCESS,sxtd,SXT_GENE,gene_process_association,0.3616561805429792,176,1.4253396892013324,381,0.2307692307692307,265,6,saxitoxin; paralytic_shellfish_toxins; paralytic_shellfish_poisoning; sxta; expression; dinoflagellates,TOXIN; TOXIN; TOXIN; SXT_GENE; BIOLOGICAL_PROCESS; DINO_TAXON,dino_pre2016,unvalidated_candidate,1,sxtd|||transcription,Not observed post-2015,"The relationship between transcription and sxtd was identified as a candidate missing link in the pre-2016 dinoflagellate knowledge graph. Historical graph connectivity includes bridge concepts such as saxitoxin, paralytic shellfish toxins, paralytic shellfish poisoning, sxta, expression. This relationship should be interpreted as a literature-derived hypothesis rather than experimental evidence of a biological mechanism.",381,1.4253396892013324,Adamic–Adar,transcription sxtd biological_process sxt_gene gene_process_association saxitoxin; paralytic_shellfish_toxins; paralytic_shellfish_poisoning; sxta; expression; dinoflagellates toxin; toxin; toxin; sxt_gene; biological_process; dino_taxon
transcriptomic,BIOLOGICAL_PROCESS,sxtd,SXT_GENE,gene_process_association,0.1526454620796854,455,1.421456765700777,382,0.1935483870967742,324,6,saxitoxin; cyanobacteria; paralytic_shellfish_toxins; paralytic_shellfish_poisoning; expression; dinoflagellates,TOXIN; CYANO_TAXON; TOXIN; TOXIN; BIOLOGICAL_PROCESS; DINO_TAXON,dino_pre2016,unvalidated_candidate,1,sxtd|||transcriptomic,Subsequently represented,"The relationship between transcriptomic and sxtd was identified as a candidate missing link in the pre-2016 dinoflagellate knowledge graph. Historical graph connectivity includes bridge concepts such as saxitoxin, cyanobacteria, paralytic shellfish toxins, paralytic shellfish poisoning, expression. This relationship should be interpreted as a literature-derived hypothesis rather than experimental evidence of a biological mechanism.",382,1.421456765700777,Adamic–Adar,transcriptomic sxtd biological_process sxt_gene gene_process_association saxitoxin; cyanobacteria; paralytic_shellfish_toxins; paralytic_shellfish_poisoning; expression; dinoflagellates toxin; cyano_taxon; toxin; toxin; biological_process; dino_taxon
sxtb,SXT_GENE,planktothrix,CYANO_TAXON,cyano_gene_transfer_signal,0.2651669118553619,325,1.4174737770374906,383,0.24,255,6,saxitoxin; cyanobacterial; cyanobacteria; paralytic_shellfish_toxins; paralytic_shellfish_poisoning; dinoflagellates,TOXIN; CYANO_TAXON; CYANO_TAXON; TOXIN; TOXIN; DINO_TAXON,dino_pre2016,unvalidated_candidate,1,planktothrix|||sxtb,Not observed post-2015,"The relationship between sxtb and planktothrix was identified as a candidate missing link in the pre-2016 dinoflagellate knowledge graph. Historical graph connectivity includes bridge concepts such as saxitoxin, cyanobacterial, cyanobacteria, paralytic shellfish toxins, paralytic shellfish poisoning. This relationship should be interpreted as a literature-derived hypothesis rather than experimental evidence of a biological mechanism.",383,1.4174737770374906,Adamic–Adar,sxtb planktothrix sxt_gene cyano_taxon cyano_gene_transfer_signal saxitoxin; cyanobacterial; cyanobacteria; paralytic_shellfish_toxins; paralytic_shellfish_poisoning; dinoflagellates toxin; cyano_taxon; cyano_taxon; toxin; toxin; dino_taxon
warming,ENV_FACTOR,sxtu,SXT_GENE,environment_gene_regulation,0.1847868893791892,422,1.4167305202158127,384,0.1363636363636363,395,6,saxitoxin; dinoflagellate; paralytic_shellfish_poisoning; expression; dinoflagellates; biosynthesis,TOXIN; DINO_TAXON; TOXIN; BIOLOGICAL_PROCESS; DINO_TAXON; BIOLOGICAL_PROCESS,dino_pre2016,unvalidated_candidate,1,sxtu|||warming,Not observed post-2015,"The relationship between warming and sxtu was identified as a candidate missing link in the pre-2016 dinoflagellate knowledge graph. Historical graph connectivity includes bridge concepts such as saxitoxin, dinoflagellate, paralytic shellfish poisoning, expression, dinoflagellates. This relationship should be interpreted as a literature-derived hypothesis rather than experimental evidence of a biological mechanism.",384,1.4167305202158127,Adamic–Adar,warming sxtu env_factor sxt_gene environment_gene_regulation saxitoxin; dinoflagellate; paralytic_shellfish_poisoning; expression; dinoflagellates; biosynthesis toxin; dino_taxon; toxin; biological_process; dino_taxon; biological_process
alexandrium_tamiyavanichii,DINO_TAXON,sxtd,SXT_GENE,taxon_gene_association,0.2100316709842056,396,1.4083850607032786,385,0.2,307,6,saxitoxin; cyanobacteria; paralytic_shellfish_toxins; paralytic_shellfish_poisoning; sxta; dinoflagellates,TOXIN; CYANO_TAXON; TOXIN; TOXIN; SXT_GENE; DINO_TAXON,dino_pre2016,unvalidated_candidate,1,alexandrium_tamiyavanichii|||sxtd,Not observed post-2015,"The relationship between alexandrium tamiyavanichii and sxtd was identified as a candidate missing link in the pre-2016 dinoflagellate knowledge graph. Historical graph connectivity includes bridge concepts such as saxitoxin, cyanobacteria, paralytic shellfish toxins, paralytic shellfish poisoning, sxta. This relationship should be interpreted as a literature-derived hypothesis rather than experimental evidence of a biological mechanism.",385,1.4083850607032786,Adamic–Adar,alexandrium_tamiyavanichii sxtd dino_taxon sxt_gene taxon_gene_association saxitoxin; cyanobacteria; paralytic_shellfish_toxins; paralytic_shellfish_poisoning; sxta; dinoflagellates toxin; cyano_taxon; toxin; toxin; sxt_gene; dino_taxon
climate,ENV_FACTOR,sxtd,SXT_GENE,environment_gene_regulation,0.0533279963017981,510,1.4083850607032786,385,0.2,307,6,saxitoxin; cyanobacteria; paralytic_shellfish_toxins; paralytic_shellfish_poisoning; sxta; dinoflagellates,TOXIN; CYANO_TAXON; TOXIN; TOXIN; SXT_GENE; DINO_TAXON,dino_pre2016,unvalidated_candidate,1,climate|||sxtd,Not observed post-2015,"The relationship between climate and sxtd was identified as a candidate missing link in the pre-2016 dinoflagellate knowledge graph. Historical graph connectivity includes bridge concepts such as saxitoxin, cyanobacteria, paralytic shellfish toxins, paralytic shellfish poisoning, sxta. This relationship should be interpreted as a literature-derived hypothesis rather than experimental evidence of a biological mechanism.",385,1.4083850607032786,Adamic–Adar,climate sxtd env_factor sxt_gene environment_gene_regulation saxitoxin; cyanobacteria; paralytic_shellfish_toxins; paralytic_shellfish_poisoning; sxta; dinoflagellates toxin; cyano_taxon; toxin; toxin; sxt_gene; dino_taxon
horizontal_gene_transfer,BIOLOGICAL_PROCESS,sxtd,SXT_GENE,gene_process_association,0.0833474109983646,499,1.4083850607032786,385,0.1875,333,6,saxitoxin; cyanobacteria; paralytic_shellfish_toxins; paralytic_shellfish_poisoning; sxta; dinoflagellates,TOXIN; CYANO_TAXON; TOXIN; TOXIN; SXT_GENE; DINO_TAXON,dino_pre2016,unvalidated_candidate,1,horizontal_gene_transfer|||sxtd,Subsequently represented,"The relationship between horizontal gene transfer and sxtd was identified as a candidate missing link in the pre-2016 dinoflagellate knowledge graph. Historical graph connectivity includes bridge concepts such as saxitoxin, cyanobacteria, paralytic shellfish toxins, paralytic shellfish poisoning, sxta. This relationship should be interpreted as a literature-derived hypothesis rather than experimental evidence of a biological mechanism.",385,1.4083850607032786,Adamic–Adar,horizontal_gene_transfer sxtd biological_process sxt_gene gene_process_association saxitoxin; cyanobacteria; paralytic_shellfish_toxins; paralytic_shellfish_poisoning; sxta; dinoflagellates toxin; cyano_taxon; toxin; toxin; sxt_gene; dino_taxon
phylogeny,BIOLOGICAL_PROCESS,sxtd,SXT_GENE,gene_process_association,0.0582428793322237,509,1.4083850607032786,385,0.1395348837209302,394,6,saxitoxin; cyanobacteria; paralytic_shellfish_toxins; paralytic_shellfish_poisoning; sxta; dinoflagellates,TOXIN; CYANO_TAXON; TOXIN; TOXIN; SXT_GENE; DINO_TAXON,dino_pre2016,unvalidated_candidate,1,phylogeny|||sxtd,Subsequently represented,"The relationship between phylogeny and sxtd was identified as a candidate missing link in the pre-2016 dinoflagellate knowledge graph. Historical graph connectivity includes bridge concepts such as saxitoxin, cyanobacteria, paralytic shellfish toxins, paralytic shellfish poisoning, sxta. This relationship should be interpreted as a literature-derived hypothesis rather than experimental evidence of a biological mechanism.",385,1.4083850607032786,Adamic–Adar,phylogeny sxtd biological_process sxt_gene gene_process_association saxitoxin; cyanobacteria; paralytic_shellfish_toxins; paralytic_shellfish_poisoning; sxta; dinoflagellates toxin; cyano_taxon; toxin; toxin; sxt_gene; dino_taxon
resting_cyst,BIOLOGICAL_PROCESS,sxtb,SXT_GENE,gene_process_association,0.2934308050086424,282,1.4015829770873278,389,0.2222222222222222,277,6,dinoflagellate; saxitoxin; paralytic_shellfish_toxins; bloom; paralytic_shellfish_poisoning; biosynthesis,DINO_TAXON; TOXIN; TOXIN; ENV_FACTOR; TOXIN; BIOLOGICAL_PROCESS,dino_pre2016,unvalidated_candidate,1,resting_cyst|||sxtb,Not observed post-2015,"The relationship between resting cyst and sxtb was identified as a candidate missing link in the pre-2016 dinoflagellate knowledge graph. Historical graph connectivity includes bridge concepts such as dinoflagellate, saxitoxin, paralytic shellfish toxins, bloom, paralytic shellfish poisoning. This relationship should be interpreted as a literature-derived hypothesis rather than experimental evidence of a biological mechanism.",389,1.4015829770873278,Adamic–Adar,resting_cyst sxtb biological_process sxt_gene gene_process_association dinoflagellate; saxitoxin; paralytic_shellfish_toxins; bloom; paralytic_shellfish_poisoning; biosynthesis dino_taxon; toxin; toxin; env_factor; toxin; biological_process
nitrogen_limitation,ENV_FACTOR,sxti,SXT_GENE,environment_gene_regulation,0.261627988457582,331,1.400432848838245,390,0.24,255,6,cyanobacteria; dinoflagellate; alexandrium; paralytic_shellfish_poisoning; dinoflagellates; biosynthesis,CYANO_TAXON; DINO_TAXON; DINO_TAXON; TOXIN; DINO_TAXON; BIOLOGICAL_PROCESS,dino_pre2016,unvalidated_candidate,1,nitrogen_limitation|||sxti,Not observed post-2015,"The relationship between nitrogen limitation and sxti was identified as a candidate missing link in the pre-2016 dinoflagellate knowledge graph. Historical graph connectivity includes bridge concepts such as cyanobacteria, dinoflagellate, alexandrium, paralytic shellfish poisoning, dinoflagellates. This relationship should be interpreted as a literature-derived hypothesis rather than experimental evidence of a biological mechanism.",390,1.400432848838245,Adamic–Adar,nitrogen_limitation sxti env_factor sxt_gene environment_gene_regulation cyanobacteria; dinoflagellate; alexandrium; paralytic_shellfish_poisoning; dinoflagellates; biosynthesis cyano_taxon; dino_taxon; dino_taxon; toxin; dino_taxon; biological_process
sxt_genes,SXT_GENE,gene_loss,BIOLOGICAL_PROCESS,gene_process_association,0.5513818292465258,31,1.2873380191738222,391,0.1612903225806451,375,5,saxitoxin; cyanobacteria; evolution; horizontal_gene_transfer; biosynthesis,TOXIN; CYANO_TAXON; BIOLOGICAL_PROCESS; BIOLOGICAL_PROCESS; BIOLOGICAL_PROCESS,dino_pre2016,unvalidated_candidate,1,gene_loss|||sxt_genes,Subsequently represented,"The relationship between sxt genes and gene loss was identified as a candidate missing link in the pre-2016 dinoflagellate knowledge graph. Historical graph connectivity includes bridge concepts such as saxitoxin, cyanobacteria, evolution, horizontal gene transfer, biosynthesis. This relationship should be interpreted as a literature-derived hypothesis rather than experimental evidence of a biological mechanism.",391,1.2873380191738222,Adamic–Adar,sxt_genes gene_loss sxt_gene biological_process gene_process_association saxitoxin; cyanobacteria; evolution; horizontal_gene_transfer; biosynthesis toxin; cyano_taxon; biological_process; biological_process; biological_process
gtx,TOXIN,protoceratium_reticulatum,DINO_TAXON,taxon_toxin_association,0.3905496909112808,129,1.236739452245703,392,0.125,404,5,alexandrium_ostenfeldii; alexandrium; toxicity; paralytic_shellfish_poisoning; alexandrium_minutum,DINO_TAXON; DINO_TAXON; BIOLOGICAL_PROCESS; TOXIN; DINO_TAXON,dino_pre2016,unvalidated_candidate,1,gtx|||protoceratium_reticulatum,Subsequently represented,"The relationship between gtx and protoceratium reticulatum was identified as a candidate missing link in the pre-2016 dinoflagellate knowledge graph. Historical graph connectivity includes bridge concepts such as alexandrium ostenfeldii, alexandrium, toxicity, paralytic shellfish poisoning, alexandrium minutum. This relationship should be interpreted as a literature-derived hypothesis rather than experimental evidence of a biological mechanism.",392,1.236739452245703,Adamic–Adar,gtx protoceratium_reticulatum toxin dino_taxon taxon_toxin_association alexandrium_ostenfeldii; alexandrium; toxicity; paralytic_shellfish_poisoning; alexandrium_minutum dino_taxon; dino_taxon; biological_process; toxin; dino_taxon
gtx,TOXIN,protoceratium,DINO_TAXON,taxon_toxin_association,0.3893000529339361,132,1.236739452245703,392,0.125,404,5,alexandrium_ostenfeldii; alexandrium; toxicity; paralytic_shellfish_poisoning; alexandrium_minutum,DINO_TAXON; DINO_TAXON; BIOLOGICAL_PROCESS; TOXIN; DINO_TAXON,dino_pre2016,unvalidated_candidate,1,gtx|||protoceratium,Subsequently represented,"The relationship between gtx and protoceratium was identified as a candidate missing link in the pre-2016 dinoflagellate knowledge graph. Historical graph connectivity includes bridge concepts such as alexandrium ostenfeldii, alexandrium, toxicity, paralytic shellfish poisoning, alexandrium minutum. This relationship should be interpreted as a literature-derived hypothesis rather than experimental evidence of a biological mechanism.",392,1.236739452245703,Adamic–Adar,gtx protoceratium toxin dino_taxon taxon_toxin_association alexandrium_ostenfeldii; alexandrium; toxicity; paralytic_shellfish_poisoning; alexandrium_minutum dino_taxon; dino_taxon; biological_process; toxin; dino_taxon
gonyautoxin,TOXIN,protoceratium_reticulatum,DINO_TAXON,taxon_toxin_association,0.2733328652362105,311,1.236739452245703,392,0.0961538461538461,458,5,alexandrium_ostenfeldii; alexandrium; toxicity; paralytic_shellfish_poisoning; alexandrium_minutum,DINO_TAXON; DINO_TAXON; BIOLOGICAL_PROCESS; TOXIN; DINO_TAXON,dino_pre2016,unvalidated_candidate,1,gonyautoxin|||protoceratium_reticulatum,Subsequently represented,"The relationship between gonyautoxin and protoceratium reticulatum was identified as a candidate missing link in the pre-2016 dinoflagellate knowledge graph. Historical graph connectivity includes bridge concepts such as alexandrium ostenfeldii, alexandrium, toxicity, paralytic shellfish poisoning, alexandrium minutum. This relationship should be interpreted as a literature-derived hypothesis rather than experimental evidence of a biological mechanism.",392,1.236739452245703,Adamic–Adar,gonyautoxin protoceratium_reticulatum toxin dino_taxon taxon_toxin_association alexandrium_ostenfeldii; alexandrium; toxicity; paralytic_shellfish_poisoning; alexandrium_minutum dino_taxon; dino_taxon; biological_process; toxin; dino_taxon
gonyautoxin,TOXIN,protoceratium,DINO_TAXON,taxon_toxin_association,0.2628594163772215,330,1.236739452245703,392,0.0961538461538461,458,5,alexandrium_ostenfeldii; alexandrium; toxicity; paralytic_shellfish_poisoning; alexandrium_minutum,DINO_TAXON; DINO_TAXON; BIOLOGICAL_PROCESS; TOXIN; DINO_TAXON,dino_pre2016,unvalidated_candidate,1,gonyautoxin|||protoceratium,Subsequently represented,"The relationship between gonyautoxin and protoceratium was identified as a candidate missing link in the pre-2016 dinoflagellate knowledge graph. Historical graph connectivity includes bridge concepts such as alexandrium ostenfeldii, alexandrium, toxicity, paralytic shellfish poisoning, alexandrium minutum. This relationship should be interpreted as a literature-derived hypothesis rather than experimental evidence of a biological mechanism.",392,1.236739452245703,Adamic–Adar,gonyautoxin protoceratium toxin dino_taxon taxon_toxin_association alexandrium_ostenfeldii; alexandrium; toxicity; paralytic_shellfish_poisoning; alexandrium_minutum dino_taxon; dino_taxon; biological_process; toxin; dino_taxon
cyanobacterial,CYANO_TAXON,protoceratium_reticulatum,DINO_TAXON,cross_taxa_association,0.1386692029268579,472,1.236739452245703,392,0.0961538461538461,458,5,alexandrium_ostenfeldii; alexandrium; toxicity; paralytic_shellfish_poisoning; alexandrium_minutum,DINO_TAXON; DINO_TAXON; BIOLOGICAL_PROCESS; TOXIN; DINO_TAXON,dino_pre2016,unvalidated_candidate,1,cyanobacterial|||protoceratium_reticulatum,Not observed post-2015,"The relationship between cyanobacterial and protoceratium reticulatum was identified as a candidate missing link in the pre-2016 dinoflagellate knowledge graph. Historical graph connectivity includes bridge concepts such as alexandrium ostenfeldii, alexandrium, toxicity, paralytic shellfish poisoning, alexandrium minutum. This relationship should be interpreted as a literature-derived hypothesis rather than experimental evidence of a biological mechanism.",392,1.236739452245703,Adamic–Adar,cyanobacterial protoceratium_reticulatum cyano_taxon dino_taxon cross_taxa_association alexandrium_ostenfeldii; alexandrium; toxicity; paralytic_shellfish_poisoning; alexandrium_minutum dino_taxon; dino_taxon; biological_process; toxin; dino_taxon
cyanobacterial,CYANO_TAXON,protoceratium,DINO_TAXON,cross_taxa_association,0.114231371715252,485,1.236739452245703,392,0.0961538461538461,458,5,alexandrium_ostenfeldii; alexandrium; toxicity; paralytic_shellfish_poisoning; alexandrium_minutum,DINO_TAXON; DINO_TAXON; BIOLOGICAL_PROCESS; TOXIN; DINO_TAXON,dino_pre2016,unvalidated_candidate,1,cyanobacterial|||protoceratium,Not observed post-2015,"The relationship between cyanobacterial and protoceratium was identified as a candidate missing link in the pre-2016 dinoflagellate knowledge graph. Historical graph connectivity includes bridge concepts such as alexandrium ostenfeldii, alexandrium, toxicity, paralytic shellfish poisoning, alexandrium minutum. This relationship should be interpreted as a literature-derived hypothesis rather than experimental evidence of a biological mechanism.",392,1.236739452245703,Adamic–Adar,cyanobacterial protoceratium cyano_taxon dino_taxon cross_taxa_association alexandrium_ostenfeldii; alexandrium; toxicity; paralytic_shellfish_poisoning; alexandrium_minutum dino_taxon; dino_taxon; biological_process; toxin; dino_taxon
paralytic_shellfish_toxins,TOXIN,protoceratium_reticulatum,DINO_TAXON,taxon_toxin_association,0.2640847958428748,328,1.236739452245703,392,0.0684931506849315,495,5,alexandrium_ostenfeldii; alexandrium; toxicity; paralytic_shellfish_poisoning; alexandrium_minutum,DINO_TAXON; DINO_TAXON; BIOLOGICAL_PROCESS; TOXIN; DINO_TAXON,dino_pre2016,unvalidated_candidate,1,paralytic_shellfish_toxins|||protoceratium_reticulatum,Subsequently represented,"The relationship between paralytic shellfish toxins and protoceratium reticulatum was identified as a candidate missing link in the pre-2016 dinoflagellate knowledge graph. Historical graph connectivity includes bridge concepts such as alexandrium ostenfeldii, alexandrium, toxicity, paralytic shellfish poisoning, alexandrium minutum. This relationship should be interpreted as a literature-derived hypothesis rather than experimental evidence of a biological mechanism.",392,1.236739452245703,Adamic–Adar,paralytic_shellfish_toxins protoceratium_reticulatum toxin dino_taxon taxon_toxin_association alexandrium_ostenfeldii; alexandrium; toxicity; paralytic_shellfish_poisoning; alexandrium_minutum dino_taxon; dino_taxon; biological_process; toxin; dino_taxon
paralytic_shellfish_toxins,TOXIN,protoceratium,DINO_TAXON,taxon_toxin_association,0.2566560312563448,338,1.236739452245703,392,0.0684931506849315,495,5,alexandrium_ostenfeldii; alexandrium; toxicity; paralytic_shellfish_poisoning; alexandrium_minutum,DINO_TAXON; DINO_TAXON; BIOLOGICAL_PROCESS; TOXIN; DINO_TAXON,dino_pre2016,unvalidated_candidate,1,paralytic_shellfish_toxins|||protoceratium,Subsequently represented,"The relationship between paralytic shellfish toxins and protoceratium was identified as a candidate missing link in the pre-2016 dinoflagellate knowledge graph. Historical graph connectivity includes bridge concepts such as alexandrium ostenfeldii, alexandrium, toxicity, paralytic shellfish poisoning, alexandrium minutum. This relationship should be interpreted as a literature-derived hypothesis rather than experimental evidence of a biological mechanism.",392,1.236739452245703,Adamic–Adar,paralytic_shellfish_toxins protoceratium toxin dino_taxon taxon_toxin_association alexandrium_ostenfeldii; alexandrium; toxicity; paralytic_shellfish_poisoning; alexandrium_minutum dino_taxon; dino_taxon; biological_process; toxin; dino_taxon
saxitoxin,TOXIN,protoceratium_reticulatum,DINO_TAXON,taxon_toxin_association,0.2989111972980794,275,1.236739452245703,392,0.0617283950617283,500,5,alexandrium_ostenfeldii; alexandrium; toxicity; paralytic_shellfish_poisoning; alexandrium_minutum,DINO_TAXON; DINO_TAXON; BIOLOGICAL_PROCESS; TOXIN; DINO_TAXON,dino_pre2016,unvalidated_candidate,1,protoceratium_reticulatum|||saxitoxin,Subsequently represented,"The relationship between saxitoxin and protoceratium reticulatum was identified as a candidate missing link in the pre-2016 dinoflagellate knowledge graph. Historical graph connectivity includes bridge concepts such as alexandrium ostenfeldii, alexandrium, toxicity, paralytic shellfish poisoning, alexandrium minutum. This relationship should be interpreted as a literature-derived hypothesis rather than experimental evidence of a biological mechanism.",392,1.236739452245703,Adamic–Adar,saxitoxin protoceratium_reticulatum toxin dino_taxon taxon_toxin_association alexandrium_ostenfeldii; alexandrium; toxicity; paralytic_shellfish_poisoning; alexandrium_minutum dino_taxon; dino_taxon; biological_process; toxin; dino_taxon
saxitoxin,TOXIN,protoceratium,DINO_TAXON,taxon_toxin_association,0.2298967987567984,375,1.236739452245703,392,0.0617283950617283,500,5,alexandrium_ostenfeldii; alexandrium; toxicity; paralytic_shellfish_poisoning; alexandrium_minutum,DINO_TAXON; DINO_TAXON; BIOLOGICAL_PROCESS; TOXIN; DINO_TAXON,dino_pre2016,unvalidated_candidate,1,protoceratium|||saxitoxin,Subsequently represented,"The relationship between saxitoxin and protoceratium was identified as a candidate missing link in the pre-2016 dinoflagellate knowledge graph. Historical graph connectivity includes bridge concepts such as alexandrium ostenfeldii, alexandrium, toxicity, paralytic shellfish poisoning, alexandrium minutum. This relationship should be interpreted as a literature-derived hypothesis rather than experimental evidence of a biological mechanism.",392,1.236739452245703,Adamic–Adar,saxitoxin protoceratium toxin dino_taxon taxon_toxin_association alexandrium_ostenfeldii; alexandrium; toxicity; paralytic_shellfish_poisoning; alexandrium_minutum dino_taxon; dino_taxon; biological_process; toxin; dino_taxon
sxtd,SXT_GENE,scytonema,CYANO_TAXON,cyano_gene_transfer_signal,0.6729000192337257,8,1.2286054936437587,402,0.3571428571428571,117,5,saxitoxin; cyanobacteria; cyanobacterium; sxta; dinoflagellates,TOXIN; CYANO_TAXON; CYANO_TAXON; SXT_GENE; DINO_TAXON,dino_pre2016,unvalidated_candidate,1,scytonema|||sxtd,Not observed post-2015,"The relationship between sxtd and scytonema was identified as a candidate missing link in the pre-2016 dinoflagellate knowledge graph. Historical graph connectivity includes bridge concepts such as saxitoxin, cyanobacteria, cyanobacterium, sxta, dinoflagellates. This relationship should be interpreted as a literature-derived hypothesis rather than experimental evidence of a biological mechanism.",402,1.2286054936437587,Adamic–Adar,sxtd scytonema sxt_gene cyano_taxon cyano_gene_transfer_signal saxitoxin; cyanobacteria; cyanobacterium; sxta; dinoflagellates toxin; cyano_taxon; cyano_taxon; sxt_gene; dino_taxon
cyanobacterial,CYANO_TAXON,alexandrium_affine,DINO_TAXON,cross_taxa_association,0.1613091054128068,445,1.2157771468410594,403,0.0961538461538461,458,5,alexandrium; dinoflagellate; light; hplc; nutrient,DINO_TAXON; DINO_TAXON; ENV_FACTOR; DETECTION_METHOD; ENV_FACTOR,dino_pre2016,unvalidated_candidate,1,alexandrium_affine|||cyanobacterial,Not observed post-2015,"The relationship between cyanobacterial and alexandrium affine was identified as a candidate missing link in the pre-2016 dinoflagellate knowledge graph. Historical graph connectivity includes bridge concepts such as alexandrium, dinoflagellate, light, hplc, nutrient. This relationship should be interpreted as a literature-derived hypothesis rather than experimental evidence of a biological mechanism.",403,1.2157771468410594,Adamic–Adar,cyanobacterial alexandrium_affine cyano_taxon dino_taxon cross_taxa_association alexandrium; dinoflagellate; light; hplc; nutrient dino_taxon; dino_taxon; env_factor; detection_method; env_factor
cyanobacteria,CYANO_TAXON,alexandrium_affine,DINO_TAXON,cross_taxa_association,0.1520924551169707,457,1.2157771468410594,403,0.078125,483,5,alexandrium; dinoflagellate; light; hplc; nutrient,DINO_TAXON; DINO_TAXON; ENV_FACTOR; DETECTION_METHOD; ENV_FACTOR,dino_pre2016,unvalidated_candidate,1,alexandrium_affine|||cyanobacteria,Subsequently represented,"The relationship between cyanobacteria and alexandrium affine was identified as a candidate missing link in the pre-2016 dinoflagellate knowledge graph. Historical graph connectivity includes bridge concepts such as alexandrium, dinoflagellate, light, hplc, nutrient. This relationship should be interpreted as a literature-derived hypothesis rather than experimental evidence of a biological mechanism.",403,1.2157771468410594,Adamic–Adar,cyanobacteria alexandrium_affine cyano_taxon dino_taxon cross_taxa_association alexandrium; dinoflagellate; light; hplc; nutrient dino_taxon; dino_taxon; env_factor; detection_method; env_factor
alexandrium_leei,DINO_TAXON,sxti,SXT_GENE,taxon_gene_association,0.816211827347265,2,1.2122759301070465,405,0.3333333333333333,143,5,saxitoxin; dinoflagellate; alexandrium; sxta; phylogeny,TOXIN; DINO_TAXON; DINO_TAXON; SXT_GENE; BIOLOGICAL_PROCESS,dino_pre2016,unvalidated_candidate,1,alexandrium_leei|||sxti,Not observed post-2015,"The relationship between alexandrium leei and sxti was identified as a candidate missing link in the pre-2016 dinoflagellate knowledge graph. Historical graph connectivity includes bridge concepts such as saxitoxin, dinoflagellate, alexandrium, sxta, phylogeny. This relationship should be interpreted as a literature-derived hypothesis rather than experimental evidence of a biological mechanism.",405,1.2122759301070465,Adamic–Adar,alexandrium_leei sxti dino_taxon sxt_gene taxon_gene_association saxitoxin; dinoflagellate; alexandrium; sxta; phylogeny toxin; dino_taxon; dino_taxon; sxt_gene; biological_process
secondary_metabolism,BIOLOGICAL_PROCESS,sxti,SXT_GENE,gene_process_association,0.3648049706210289,171,1.2076451061862832,406,0.1851851851851851,337,5,saxitoxin; pyrodinium; dinoflagellate; pyrodinium_bahamense; dinoflagellates,TOXIN; DINO_TAXON; DINO_TAXON; DINO_TAXON; DINO_TAXON,dino_pre2016,unvalidated_candidate,1,secondary_metabolism|||sxti,Not observed post-2015,"The relationship between secondary metabolism and sxti was identified as a candidate missing link in the pre-2016 dinoflagellate knowledge graph. Historical graph connectivity includes bridge concepts such as saxitoxin, pyrodinium, dinoflagellate, pyrodinium bahamense, dinoflagellates. This relationship should be interpreted as a literature-derived hypothesis rather than experimental evidence of a biological mechanism.",406,1.2076451061862832,Adamic–Adar,secondary_metabolism sxti biological_process sxt_gene gene_process_association saxitoxin; pyrodinium; dinoflagellate; pyrodinium_bahamense; dinoflagellates toxin; dino_taxon; dino_taxon; dino_taxon; dino_taxon
sxti,SXT_GENE,scytonema,CYANO_TAXON,cyano_gene_transfer_signal,0.6322418785900124,14,1.203344768399754,407,0.3333333333333333,143,5,saxitoxin; cyanobacteria; dinoflagellates; sxta; phylogenetic,TOXIN; CYANO_TAXON; DINO_TAXON; SXT_GENE; BIOLOGICAL_PROCESS,dino_pre2016,unvalidated_candidate,1,scytonema|||sxti,Not observed post-2015,"The relationship between sxti and scytonema was identified as a candidate missing link in the pre-2016 dinoflagellate knowledge graph. Historical graph connectivity includes bridge concepts such as saxitoxin, cyanobacteria, dinoflagellates, sxta, phylogenetic. This relationship should be interpreted as a literature-derived hypothesis rather than experimental evidence of a biological mechanism.",407,1.203344768399754,Adamic–Adar,sxti scytonema sxt_gene cyano_taxon cyano_gene_transfer_signal saxitoxin; cyanobacteria; dinoflagellates; sxta; phylogenetic toxin; cyano_taxon; dino_taxon; sxt_gene; biological_process
sxt_genes,SXT_GENE,scytonema,CYANO_TAXON,cyano_gene_transfer_signal,0.5007506262019336,50,1.203344768399754,407,0.1612903225806451,375,5,saxitoxin; cyanobacteria; dinoflagellates; sxta; phylogenetic,TOXIN; CYANO_TAXON; DINO_TAXON; SXT_GENE; BIOLOGICAL_PROCESS,dino_pre2016,unvalidated_candidate,1,scytonema|||sxt_genes,Subsequently represented,"The relationship between sxt genes and scytonema was identified as a candidate missing link in the pre-2016 dinoflagellate knowledge graph. Historical graph connectivity includes bridge concepts such as saxitoxin, cyanobacteria, dinoflagellates, sxta, phylogenetic. This relationship should be interpreted as a literature-derived hypothesis rather than experimental evidence of a biological mechanism.",407,1.203344768399754,Adamic–Adar,sxt_genes scytonema sxt_gene cyano_taxon cyano_gene_transfer_signal saxitoxin; cyanobacteria; dinoflagellates; sxta; phylogenetic toxin; cyano_taxon; dino_taxon; sxt_gene; biological_process
sxtg,SXT_GENE,scytonema,CYANO_TAXON,cyano_gene_transfer_signal,0.4021876495719509,116,1.203344768399754,407,0.1351351351351351,396,5,saxitoxin; cyanobacteria; dinoflagellates; sxta; phylogenetic,TOXIN; CYANO_TAXON; DINO_TAXON; SXT_GENE; BIOLOGICAL_PROCESS,dino_pre2016,unvalidated_candidate,1,scytonema|||sxtg,Not observed post-2015,"The relationship between sxtg and scytonema was identified as a candidate missing link in the pre-2016 dinoflagellate knowledge graph. Historical graph connectivity includes bridge concepts such as saxitoxin, cyanobacteria, dinoflagellates, sxta, phylogenetic. This relationship should be interpreted as a literature-derived hypothesis rather than experimental evidence of a biological mechanism.",407,1.203344768399754,Adamic–Adar,sxtg scytonema sxt_gene cyano_taxon cyano_gene_transfer_signal saxitoxin; cyanobacteria; dinoflagellates; sxta; phylogenetic toxin; cyano_taxon; dino_taxon; sxt_gene; biological_process
pyrodinium_bahamense,DINO_TAXON,scytonema,CYANO_TAXON,cross_taxa_association,0.1416866776452805,468,1.203344768399754,407,0.108695652173913,429,5,saxitoxin; cyanobacteria; dinoflagellates; sxta; phylogenetic,TOXIN; CYANO_TAXON; DINO_TAXON; SXT_GENE; BIOLOGICAL_PROCESS,dino_pre2016,unvalidated_candidate,1,pyrodinium_bahamense|||scytonema,Not observed post-2015,"The relationship between pyrodinium bahamense and scytonema was identified as a candidate missing link in the pre-2016 dinoflagellate knowledge graph. Historical graph connectivity includes bridge concepts such as saxitoxin, cyanobacteria, dinoflagellates, sxta, phylogenetic. This relationship should be interpreted as a literature-derived hypothesis rather than experimental evidence of a biological mechanism.",407,1.203344768399754,Adamic–Adar,pyrodinium_bahamense scytonema dino_taxon cyano_taxon cross_taxa_association saxitoxin; cyanobacteria; dinoflagellates; sxta; phylogenetic toxin; cyano_taxon; dino_taxon; sxt_gene; biological_process
alexandrium_fundyense,DINO_TAXON,scytonema,CYANO_TAXON,cross_taxa_association,0.3763191064218274,148,1.203344768399754,407,0.1,447,5,saxitoxin; cyanobacteria; dinoflagellates; sxta; phylogenetic,TOXIN; CYANO_TAXON; DINO_TAXON; SXT_GENE; BIOLOGICAL_PROCESS,dino_pre2016,unvalidated_candidate,1,alexandrium_fundyense|||scytonema,Not observed post-2015,"The relationship between alexandrium fundyense and scytonema was identified as a candidate missing link in the pre-2016 dinoflagellate knowledge graph. Historical graph connectivity includes bridge concepts such as saxitoxin, cyanobacteria, dinoflagellates, sxta, phylogenetic. This relationship should be interpreted as a literature-derived hypothesis rather than experimental evidence of a biological mechanism.",407,1.203344768399754,Adamic–Adar,alexandrium_fundyense scytonema dino_taxon cyano_taxon cross_taxa_association saxitoxin; cyanobacteria; dinoflagellates; sxta; phylogenetic toxin; cyano_taxon; dino_taxon; sxt_gene; biological_process
pyrodinium,DINO_TAXON,scytonema,CYANO_TAXON,cross_taxa_association,0.4269512254597142,96,1.203344768399754,407,0.0980392156862745,450,5,saxitoxin; cyanobacteria; dinoflagellates; sxta; phylogenetic,TOXIN; CYANO_TAXON; DINO_TAXON; SXT_GENE; BIOLOGICAL_PROCESS,dino_pre2016,unvalidated_candidate,1,pyrodinium|||scytonema,Not observed post-2015,"The relationship between pyrodinium and scytonema was identified as a candidate missing link in the pre-2016 dinoflagellate knowledge graph. Historical graph connectivity includes bridge concepts such as saxitoxin, cyanobacteria, dinoflagellates, sxta, phylogenetic. This relationship should be interpreted as a literature-derived hypothesis rather than experimental evidence of a biological mechanism.",407,1.203344768399754,Adamic–Adar,pyrodinium scytonema dino_taxon cyano_taxon cross_taxa_association saxitoxin; cyanobacteria; dinoflagellates; sxta; phylogenetic toxin; cyano_taxon; dino_taxon; sxt_gene; biological_process
alexandrium_catenella,DINO_TAXON,scytonema,CYANO_TAXON,cross_taxa_association,0.3126748152448653,257,1.203344768399754,407,0.0980392156862745,450,5,saxitoxin; cyanobacteria; dinoflagellates; sxta; phylogenetic,TOXIN; CYANO_TAXON; DINO_TAXON; SXT_GENE; BIOLOGICAL_PROCESS,dino_pre2016,unvalidated_candidate,1,alexandrium_catenella|||scytonema,Not observed post-2015,"The relationship between alexandrium catenella and scytonema was identified as a candidate missing link in the pre-2016 dinoflagellate knowledge graph. Historical graph connectivity includes bridge concepts such as saxitoxin, cyanobacteria, dinoflagellates, sxta, phylogenetic. This relationship should be interpreted as a literature-derived hypothesis rather than experimental evidence of a biological mechanism.",407,1.203344768399754,Adamic–Adar,alexandrium_catenella scytonema dino_taxon cyano_taxon cross_taxa_association saxitoxin; cyanobacteria; dinoflagellates; sxta; phylogenetic toxin; cyano_taxon; dino_taxon; sxt_gene; biological_process
neosaxitoxin,TOXIN,alexandrium_leei,DINO_TAXON,taxon_toxin_association,0.4638542564048311,70,1.2008568662836927,414,0.1351351351351351,396,5,saxitoxin; paralytic_shellfish_toxins; alexandrium; dinoflagellate; phylogeny,TOXIN; TOXIN; DINO_TAXON; DINO_TAXON; BIOLOGICAL_PROCESS,dino_pre2016,unvalidated_candidate,1,alexandrium_leei|||neosaxitoxin,Not observed post-2015,"The relationship between neosaxitoxin and alexandrium leei was identified as a candidate missing link in the pre-2016 dinoflagellate knowledge graph. Historical graph connectivity includes bridge concepts such as saxitoxin, paralytic shellfish toxins, alexandrium, dinoflagellate, phylogeny. This relationship should be interpreted as a literature-derived hypothesis rather than experimental evidence of a biological mechanism.",414,1.2008568662836927,Adamic–Adar,neosaxitoxin alexandrium_leei toxin dino_taxon taxon_toxin_association saxitoxin; paralytic_shellfish_toxins; alexandrium; dinoflagellate; phylogeny toxin; toxin; dino_taxon; dino_taxon; biological_process
gtx,TOXIN,alexandrium_leei,DINO_TAXON,taxon_toxin_association,0.4759882064777508,63,1.2008568662836927,414,0.125,404,5,saxitoxin; paralytic_shellfish_toxins; alexandrium; dinoflagellate; phylogeny,TOXIN; TOXIN; DINO_TAXON; DINO_TAXON; BIOLOGICAL_PROCESS,dino_pre2016,unvalidated_candidate,1,alexandrium_leei|||gtx,Not observed post-2015,"The relationship between gtx and alexandrium leei was identified as a candidate missing link in the pre-2016 dinoflagellate knowledge graph. Historical graph connectivity includes bridge concepts such as saxitoxin, paralytic shellfish toxins, alexandrium, dinoflagellate, phylogeny. This relationship should be interpreted as a literature-derived hypothesis rather than experimental evidence of a biological mechanism.",414,1.2008568662836927,Adamic–Adar,gtx alexandrium_leei toxin dino_taxon taxon_toxin_association saxitoxin; paralytic_shellfish_toxins; alexandrium; dinoflagellate; phylogeny toxin; toxin; dino_taxon; dino_taxon; biological_process
nitrogen_limitation,ENV_FACTOR,sxtd,SXT_GENE,environment_gene_regulation,0.1902713659724216,417,1.1932518542821084,416,0.2,307,5,cyanobacteria; paralytic_shellfish_toxins; paralytic_shellfish_poisoning; expression; dinoflagellates,CYANO_TAXON; TOXIN; TOXIN; BIOLOGICAL_PROCESS; DINO_TAXON,dino_pre2016,unvalidated_candidate,1,nitrogen_limitation|||sxtd,Not observed post-2015,"The relationship between nitrogen limitation and sxtd was identified as a candidate missing link in the pre-2016 dinoflagellate knowledge graph. Historical graph connectivity includes bridge concepts such as cyanobacteria, paralytic shellfish toxins, paralytic shellfish poisoning, expression, dinoflagellates. This relationship should be interpreted as a literature-derived hypothesis rather than experimental evidence of a biological mechanism.",416,1.1932518542821084,Adamic–Adar,nitrogen_limitation sxtd env_factor sxt_gene environment_gene_regulation cyanobacteria; paralytic_shellfish_toxins; paralytic_shellfish_poisoning; expression; dinoflagellates cyano_taxon; toxin; toxin; biological_process; dino_taxon
nutrients,ENV_FACTOR,sxtd,SXT_GENE,environment_gene_regulation,0.1359818042359814,475,1.180093627391502,417,0.1136363636363636,418,5,saxitoxin; paralytic_shellfish_toxins; paralytic_shellfish_poisoning; expression; dinoflagellates,TOXIN; TOXIN; TOXIN; BIOLOGICAL_PROCESS; DINO_TAXON,dino_pre2016,unvalidated_candidate,1,nutrients|||sxtd,Not observed post-2015,"The relationship between nutrients and sxtd was identified as a candidate missing link in the pre-2016 dinoflagellate knowledge graph. Historical graph connectivity includes bridge concepts such as saxitoxin, paralytic shellfish toxins, paralytic shellfish poisoning, expression, dinoflagellates. This relationship should be interpreted as a literature-derived hypothesis rather than experimental evidence of a biological mechanism.",417,1.180093627391502,Adamic–Adar,nutrients sxtd env_factor sxt_gene environment_gene_regulation saxitoxin; paralytic_shellfish_toxins; paralytic_shellfish_poisoning; expression; dinoflagellates toxin; toxin; toxin; biological_process; dino_taxon
polyketide_synthase,BIOLOGICAL_PROCESS,sxtb,SXT_GENE,gene_process_association,0.2905412663720124,285,1.1741277540939377,418,0.2,307,5,dinoflagellate; dinoflagellates; saxitoxin; sxta; biosynthesis,DINO_TAXON; DINO_TAXON; TOXIN; SXT_GENE; BIOLOGICAL_PROCESS,dino_pre2016,unvalidated_candidate,1,polyketide_synthase|||sxtb,Not observed post-2015,"The relationship between polyketide synthase and sxtb was identified as a candidate missing link in the pre-2016 dinoflagellate knowledge graph. Historical graph connectivity includes bridge concepts such as dinoflagellate, dinoflagellates, saxitoxin, sxta, biosynthesis. This relationship should be interpreted as a literature-derived hypothesis rather than experimental evidence of a biological mechanism.",418,1.1741277540939377,Adamic–Adar,polyketide_synthase sxtb biological_process sxt_gene gene_process_association dinoflagellate; dinoflagellates; saxitoxin; sxta; biosynthesis dino_taxon; dino_taxon; toxin; sxt_gene; biological_process
cylindrospermopsis,CYANO_TAXON,alexandrium_leei,DINO_TAXON,cross_taxa_association,0.3269019430617118,236,1.1670476148178994,419,0.1724137931034483,354,5,saxitoxin; paralytic_shellfish_toxins; alexandrium; dinoflagellate; sxta,TOXIN; TOXIN; DINO_TAXON; DINO_TAXON; SXT_GENE,dino_pre2016,unvalidated_candidate,1,alexandrium_leei|||cylindrospermopsis,Not observed post-2015,"The relationship between cylindrospermopsis and alexandrium leei was identified as a candidate missing link in the pre-2016 dinoflagellate knowledge graph. Historical graph connectivity includes bridge concepts such as saxitoxin, paralytic shellfish toxins, alexandrium, dinoflagellate, sxta. This relationship should be interpreted as a literature-derived hypothesis rather than experimental evidence of a biological mechanism.",419,1.1670476148178994,Adamic–Adar,cylindrospermopsis alexandrium_leei cyano_taxon dino_taxon cross_taxa_association saxitoxin; paralytic_shellfish_toxins; alexandrium; dinoflagellate; sxta toxin; toxin; dino_taxon; dino_taxon; sxt_gene
cyanobacterium,CYANO_TAXON,alexandrium_leei,DINO_TAXON,cross_taxa_association,0.2550061720178096,340,1.1670476148178994,419,0.1428571428571428,391,5,saxitoxin; paralytic_shellfish_toxins; alexandrium; dinoflagellate; sxta,TOXIN; TOXIN; DINO_TAXON; DINO_TAXON; SXT_GENE,dino_pre2016,unvalidated_candidate,1,alexandrium_leei|||cyanobacterium,Not observed post-2015,"The relationship between cyanobacterium and alexandrium leei was identified as a candidate missing link in the pre-2016 dinoflagellate knowledge graph. Historical graph connectivity includes bridge concepts such as saxitoxin, paralytic shellfish toxins, alexandrium, dinoflagellate, sxta. This relationship should be interpreted as a literature-derived hypothesis rather than experimental evidence of a biological mechanism.",419,1.1670476148178994,Adamic–Adar,cyanobacterium alexandrium_leei cyano_taxon dino_taxon cross_taxa_association saxitoxin; paralytic_shellfish_toxins; alexandrium; dinoflagellate; sxta toxin; toxin; dino_taxon; dino_taxon; sxt_gene
temperature,ENV_FACTOR,sxtd,SXT_GENE,environment_gene_regulation,0.1480094061603374,460,1.1670219223940037,421,0.0961538461538461,458,5,saxitoxin; paralytic_shellfish_toxins; paralytic_shellfish_poisoning; sxta; dinoflagellates,TOXIN; TOXIN; TOXIN; SXT_GENE; DINO_TAXON,dino_pre2016,unvalidated_candidate,1,sxtd|||temperature,Not observed post-2015,"The relationship between temperature and sxtd was identified as a candidate missing link in the pre-2016 dinoflagellate knowledge graph. Historical graph connectivity includes bridge concepts such as saxitoxin, paralytic shellfish toxins, paralytic shellfish poisoning, sxta, dinoflagellates. This relationship should be interpreted as a literature-derived hypothesis rather than experimental evidence of a biological mechanism.",421,1.1670219223940037,Adamic–Adar,temperature sxtd env_factor sxt_gene environment_gene_regulation saxitoxin; paralytic_shellfish_toxins; paralytic_shellfish_poisoning; sxta; dinoflagellates toxin; toxin; toxin; sxt_gene; dino_taxon
nitrate,ENV_FACTOR,sxtd,SXT_GENE,environment_gene_regulation,0.1556594238868393,452,1.1631389988934482,422,0.1111111111111111,419,5,saxitoxin; cyanobacteria; paralytic_shellfish_toxins; paralytic_shellfish_poisoning; dinoflagellates,TOXIN; CYANO_TAXON; TOXIN; TOXIN; DINO_TAXON,dino_pre2016,unvalidated_candidate,1,nitrate|||sxtd,Not observed post-2015,"The relationship between nitrate and sxtd was identified as a candidate missing link in the pre-2016 dinoflagellate knowledge graph. Historical graph connectivity includes bridge concepts such as saxitoxin, cyanobacteria, paralytic shellfish toxins, paralytic shellfish poisoning, dinoflagellates. This relationship should be interpreted as a literature-derived hypothesis rather than experimental evidence of a biological mechanism.",422,1.1631389988934482,Adamic–Adar,nitrate sxtd env_factor sxt_gene environment_gene_regulation saxitoxin; cyanobacteria; paralytic_shellfish_toxins; paralytic_shellfish_poisoning; dinoflagellates toxin; cyano_taxon; toxin; toxin; dino_taxon
irradiance,ENV_FACTOR,sxti,SXT_GENE,environment_gene_regulation,0.23038233832285,373,1.14771850620062,423,0.1666666666666666,359,5,saxitoxin; dinoflagellate; alexandrium; paralytic_shellfish_poisoning; dinoflagellates,TOXIN; DINO_TAXON; DINO_TAXON; TOXIN; DINO_TAXON,dino_pre2016,unvalidated_candidate,1,irradiance|||sxti,Not observed post-2015,"The relationship between irradiance and sxti was identified as a candidate missing link in the pre-2016 dinoflagellate knowledge graph. Historical graph connectivity includes bridge concepts such as saxitoxin, dinoflagellate, alexandrium, paralytic shellfish poisoning, dinoflagellates. This relationship should be interpreted as a literature-derived hypothesis rather than experimental evidence of a biological mechanism.",423,1.14771850620062,Adamic–Adar,irradiance sxti env_factor sxt_gene environment_gene_regulation saxitoxin; dinoflagellate; alexandrium; paralytic_shellfish_poisoning; dinoflagellates toxin; dino_taxon; dino_taxon; toxin; dino_taxon
sxtb,SXT_GENE,gene_loss,BIOLOGICAL_PROCESS,gene_process_association,0.4160922191361124,103,0.9766705518940162,424,0.2105263157894736,292,4,saxitoxin; evolution; cyanobacteria; biosynthesis,TOXIN; BIOLOGICAL_PROCESS; CYANO_TAXON; BIOLOGICAL_PROCESS,dino_pre2016,unvalidated_candidate,1,gene_loss|||sxtb,Subsequently represented,"The relationship between sxtb and gene loss was identified as a candidate missing link in the pre-2016 dinoflagellate knowledge graph. Historical graph connectivity includes bridge concepts such as saxitoxin, evolution, cyanobacteria, biosynthesis. This relationship should be interpreted as a literature-derived hypothesis rather than experimental evidence of a biological mechanism.",424,0.9766705518940162,Adamic–Adar,sxtb gene_loss sxt_gene biological_process gene_process_association saxitoxin; evolution; cyanobacteria; biosynthesis toxin; biological_process; cyano_taxon; biological_process
neosaxitoxin,TOXIN,gene_loss,BIOLOGICAL_PROCESS,process_toxin_association,0.2798108545816622,300,0.9660733366598376,425,0.1052631578947368,430,4,saxitoxin; cyanobacteria; nitrogen; biosynthesis,TOXIN; CYANO_TAXON; ENV_FACTOR; BIOLOGICAL_PROCESS,dino_pre2016,unvalidated_candidate,1,gene_loss|||neosaxitoxin,Not observed post-2015,"The relationship between neosaxitoxin and gene loss was identified as a candidate missing link in the pre-2016 dinoflagellate knowledge graph. Historical graph connectivity includes bridge concepts such as saxitoxin, cyanobacteria, nitrogen, biosynthesis. This relationship should be interpreted as a literature-derived hypothesis rather than experimental evidence of a biological mechanism.",425,0.9660733366598376,Adamic–Adar,neosaxitoxin gene_loss toxin biological_process process_toxin_association saxitoxin; cyanobacteria; nitrogen; biosynthesis toxin; cyano_taxon; env_factor; biological_process
gtx,TOXIN,gene_loss,BIOLOGICAL_PROCESS,process_toxin_association,0.3110303923749839,262,0.9660733366598376,425,0.0975609756097561,452,4,saxitoxin; cyanobacteria; nitrogen; biosynthesis,TOXIN; CYANO_TAXON; ENV_FACTOR; BIOLOGICAL_PROCESS,dino_pre2016,unvalidated_candidate,1,gene_loss|||gtx,Not observed post-2015,"The relationship between gtx and gene loss was identified as a candidate missing link in the pre-2016 dinoflagellate knowledge graph. Historical graph connectivity includes bridge concepts such as saxitoxin, cyanobacteria, nitrogen, biosynthesis. This relationship should be interpreted as a literature-derived hypothesis rather than experimental evidence of a biological mechanism.",425,0.9660733366598376,Adamic–Adar,gtx gene_loss toxin biological_process process_toxin_association saxitoxin; cyanobacteria; nitrogen; biosynthesis toxin; cyano_taxon; env_factor; biological_process
gonyautoxin,TOXIN,gene_loss,BIOLOGICAL_PROCESS,process_toxin_association,0.240103008156536,363,0.9660733366598376,425,0.0754716981132075,490,4,saxitoxin; cyanobacteria; nitrogen; biosynthesis,TOXIN; CYANO_TAXON; ENV_FACTOR; BIOLOGICAL_PROCESS,dino_pre2016,unvalidated_candidate,1,gene_loss|||gonyautoxin,Not observed post-2015,"The relationship between gonyautoxin and gene loss was identified as a candidate missing link in the pre-2016 dinoflagellate knowledge graph. Historical graph connectivity includes bridge concepts such as saxitoxin, cyanobacteria, nitrogen, biosynthesis. This relationship should be interpreted as a literature-derived hypothesis rather than experimental evidence of a biological mechanism.",425,0.9660733366598376,Adamic–Adar,gonyautoxin gene_loss toxin biological_process process_toxin_association saxitoxin; cyanobacteria; nitrogen; biosynthesis toxin; cyano_taxon; env_factor; biological_process
polyketide_synthase,BIOLOGICAL_PROCESS,sxtd,SXT_GENE,gene_process_association,0.4103383173923956,107,0.9619816300904792,428,0.1818181818181818,341,4,saxitoxin; sxta; dinoflagellates; expression,TOXIN; SXT_GENE; DINO_TAXON; BIOLOGICAL_PROCESS,dino_pre2016,unvalidated_candidate,1,polyketide_synthase|||sxtd,Not observed post-2015,"The relationship between polyketide synthase and sxtd was identified as a candidate missing link in the pre-2016 dinoflagellate knowledge graph. Historical graph connectivity includes bridge concepts such as saxitoxin, sxta, dinoflagellates, expression. This relationship should be interpreted as a literature-derived hypothesis rather than experimental evidence of a biological mechanism.",428,0.9619816300904792,Adamic–Adar,polyketide_synthase sxtd biological_process sxt_gene gene_process_association saxitoxin; sxta; dinoflagellates; expression toxin; sxt_gene; dino_taxon; biological_process
gene_duplication,BIOLOGICAL_PROCESS,sxtd,SXT_GENE,gene_process_association,0.1842534476117687,423,0.9619816300904792,428,0.1428571428571428,391,4,saxitoxin; dinoflagellates; sxta; expression,TOXIN; DINO_TAXON; SXT_GENE; BIOLOGICAL_PROCESS,dino_pre2016,unvalidated_candidate,1,gene_duplication|||sxtd,Not observed post-2015,"The relationship between gene duplication and sxtd was identified as a candidate missing link in the pre-2016 dinoflagellate knowledge graph. Historical graph connectivity includes bridge concepts such as saxitoxin, dinoflagellates, sxta, expression. This relationship should be interpreted as a literature-derived hypothesis rather than experimental evidence of a biological mechanism.",428,0.9619816300904792,Adamic–Adar,gene_duplication sxtd biological_process sxt_gene gene_process_association saxitoxin; dinoflagellates; sxta; expression toxin; dino_taxon; sxt_gene; biological_process
phosphorus_limitation,ENV_FACTOR,sxtb,SXT_GENE,environment_gene_regulation,0.2021013240110564,406,0.960019676142018,430,0.1904761904761904,325,4,dinoflagellate; toxin_production; paralytic_shellfish_poisoning; nutrient,DINO_TAXON; BIOLOGICAL_PROCESS; TOXIN; ENV_FACTOR,dino_pre2016,unvalidated_candidate,1,phosphorus_limitation|||sxtb,Not observed post-2015,"The relationship between phosphorus limitation and sxtb was identified as a candidate missing link in the pre-2016 dinoflagellate knowledge graph. Historical graph connectivity includes bridge concepts such as dinoflagellate, toxin production, paralytic shellfish poisoning, nutrient. This relationship should be interpreted as a literature-derived hypothesis rather than experimental evidence of a biological mechanism.",430,0.960019676142018,Adamic–Adar,phosphorus_limitation sxtb env_factor sxt_gene environment_gene_regulation dinoflagellate; toxin_production; paralytic_shellfish_poisoning; nutrient dino_taxon; biological_process; toxin; env_factor
warming,ENV_FACTOR,sxtd,SXT_GENE,environment_gene_regulation,0.1017259417496516,492,0.9462666294050252,431,0.1052631578947368,430,4,saxitoxin; paralytic_shellfish_poisoning; dinoflagellates; expression,TOXIN; TOXIN; DINO_TAXON; BIOLOGICAL_PROCESS,dino_pre2016,unvalidated_candidate,1,sxtd|||warming,Not observed post-2015,"The relationship between warming and sxtd was identified as a candidate missing link in the pre-2016 dinoflagellate knowledge graph. Historical graph connectivity includes bridge concepts such as saxitoxin, paralytic shellfish poisoning, dinoflagellates, expression. This relationship should be interpreted as a literature-derived hypothesis rather than experimental evidence of a biological mechanism.",431,0.9462666294050252,Adamic–Adar,warming sxtd env_factor sxt_gene environment_gene_regulation saxitoxin; paralytic_shellfish_poisoning; dinoflagellates; expression toxin; toxin; dino_taxon; biological_process
sxtb,SXT_GENE,scytonema,CYANO_TAXON,cyano_gene_transfer_signal,0.3529448165521073,190,0.9450270015924254,432,0.2105263157894736,292,4,saxitoxin; cyanobacteria; dinoflagellates; sxta,TOXIN; CYANO_TAXON; DINO_TAXON; SXT_GENE,dino_pre2016,unvalidated_candidate,1,scytonema|||sxtb,Not observed post-2015,"The relationship between sxtb and scytonema was identified as a candidate missing link in the pre-2016 dinoflagellate knowledge graph. Historical graph connectivity includes bridge concepts such as saxitoxin, cyanobacteria, dinoflagellates, sxta. This relationship should be interpreted as a literature-derived hypothesis rather than experimental evidence of a biological mechanism.",432,0.9450270015924254,Adamic–Adar,sxtb scytonema sxt_gene cyano_taxon cyano_gene_transfer_signal saxitoxin; cyanobacteria; dinoflagellates; sxta toxin; cyano_taxon; dino_taxon; sxt_gene
alexandrium_tamiyavanichii,DINO_TAXON,scytonema,CYANO_TAXON,cross_taxa_association,0.2321580452176496,372,0.9450270015924254,432,0.16,378,4,saxitoxin; cyanobacteria; dinoflagellates; sxta,TOXIN; CYANO_TAXON; DINO_TAXON; SXT_GENE,dino_pre2016,unvalidated_candidate,1,alexandrium_tamiyavanichii|||scytonema,Not observed post-2015,"The relationship between alexandrium tamiyavanichii and scytonema was identified as a candidate missing link in the pre-2016 dinoflagellate knowledge graph. Historical graph connectivity includes bridge concepts such as saxitoxin, cyanobacteria, dinoflagellates, sxta. This relationship should be interpreted as a literature-derived hypothesis rather than experimental evidence of a biological mechanism.",432,0.9450270015924254,Adamic–Adar,alexandrium_tamiyavanichii scytonema dino_taxon cyano_taxon cross_taxa_association saxitoxin; cyanobacteria; dinoflagellates; sxta toxin; cyano_taxon; dino_taxon; sxt_gene
cyanobacterium,CYANO_TAXON,protoceratium_reticulatum,DINO_TAXON,cross_taxa_association,0.246227974717577,354,0.9427253484504968,434,0.1111111111111111,419,4,alexandrium; toxicity; paralytic_shellfish_poisoning; alexandrium_minutum,DINO_TAXON; BIOLOGICAL_PROCESS; TOXIN; DINO_TAXON,dino_pre2016,unvalidated_candidate,1,cyanobacterium|||protoceratium_reticulatum,Not observed post-2015,"The relationship between cyanobacterium and protoceratium reticulatum was identified as a candidate missing link in the pre-2016 dinoflagellate knowledge graph. Historical graph connectivity includes bridge concepts such as alexandrium, toxicity, paralytic shellfish poisoning, alexandrium minutum. This relationship should be interpreted as a literature-derived hypothesis rather than experimental evidence of a biological mechanism.",434,0.9427253484504968,Adamic–Adar,cyanobacterium protoceratium_reticulatum cyano_taxon dino_taxon cross_taxa_association alexandrium; toxicity; paralytic_shellfish_poisoning; alexandrium_minutum dino_taxon; biological_process; toxin; dino_taxon
cyanobacterium,CYANO_TAXON,protoceratium,DINO_TAXON,cross_taxa_association,0.2083200038609206,398,0.9427253484504968,434,0.1111111111111111,419,4,alexandrium; toxicity; paralytic_shellfish_poisoning; alexandrium_minutum,DINO_TAXON; BIOLOGICAL_PROCESS; TOXIN; DINO_TAXON,dino_pre2016,unvalidated_candidate,1,cyanobacterium|||protoceratium,Not observed post-2015,"The relationship between cyanobacterium and protoceratium was identified as a candidate missing link in the pre-2016 dinoflagellate knowledge graph. Historical graph connectivity includes bridge concepts such as alexandrium, toxicity, paralytic shellfish poisoning, alexandrium minutum. This relationship should be interpreted as a literature-derived hypothesis rather than experimental evidence of a biological mechanism.",434,0.9427253484504968,Adamic–Adar,cyanobacterium protoceratium cyano_taxon dino_taxon cross_taxa_association alexandrium; toxicity; paralytic_shellfish_poisoning; alexandrium_minutum dino_taxon; biological_process; toxin; dino_taxon
neosaxitoxin,TOXIN,protoceratium_reticulatum,DINO_TAXON,taxon_toxin_association,0.2459785987672094,355,0.9427253484504968,434,0.1052631578947368,430,4,alexandrium; toxicity; paralytic_shellfish_poisoning; alexandrium_minutum,DINO_TAXON; BIOLOGICAL_PROCESS; TOXIN; DINO_TAXON,dino_pre2016,unvalidated_candidate,1,neosaxitoxin|||protoceratium_reticulatum,Subsequently represented,"The relationship between neosaxitoxin and protoceratium reticulatum was identified as a candidate missing link in the pre-2016 dinoflagellate knowledge graph. Historical graph connectivity includes bridge concepts such as alexandrium, toxicity, paralytic shellfish poisoning, alexandrium minutum. This relationship should be interpreted as a literature-derived hypothesis rather than experimental evidence of a biological mechanism.",434,0.9427253484504968,Adamic–Adar,neosaxitoxin protoceratium_reticulatum toxin dino_taxon taxon_toxin_association alexandrium; toxicity; paralytic_shellfish_poisoning; alexandrium_minutum dino_taxon; biological_process; toxin; dino_taxon
neosaxitoxin,TOXIN,protoceratium,DINO_TAXON,taxon_toxin_association,0.1681314441677328,440,0.9427253484504968,434,0.1052631578947368,430,4,alexandrium; toxicity; paralytic_shellfish_poisoning; alexandrium_minutum,DINO_TAXON; BIOLOGICAL_PROCESS; TOXIN; DINO_TAXON,dino_pre2016,unvalidated_candidate,1,neosaxitoxin|||protoceratium,Subsequently represented,"The relationship between neosaxitoxin and protoceratium was identified as a candidate missing link in the pre-2016 dinoflagellate knowledge graph. Historical graph connectivity includes bridge concepts such as alexandrium, toxicity, paralytic shellfish poisoning, alexandrium minutum. This relationship should be interpreted as a literature-derived hypothesis rather than experimental evidence of a biological mechanism.",434,0.9427253484504968,Adamic–Adar,neosaxitoxin protoceratium toxin dino_taxon taxon_toxin_association alexandrium; toxicity; paralytic_shellfish_poisoning; alexandrium_minutum dino_taxon; biological_process; toxin; dino_taxon
sxtg,SXT_GENE,protoceratium,DINO_TAXON,taxon_gene_association,0.1472467753047926,461,0.9427253484504968,434,0.1052631578947368,430,4,alexandrium; toxicity; paralytic_shellfish_poisoning; alexandrium_minutum,DINO_TAXON; BIOLOGICAL_PROCESS; TOXIN; DINO_TAXON,dino_pre2016,unvalidated_candidate,1,protoceratium|||sxtg,Not observed post-2015,"The relationship between sxtg and protoceratium was identified as a candidate missing link in the pre-2016 dinoflagellate knowledge graph. Historical graph connectivity includes bridge concepts such as alexandrium, toxicity, paralytic shellfish poisoning, alexandrium minutum. This relationship should be interpreted as a literature-derived hypothesis rather than experimental evidence of a biological mechanism.",434,0.9427253484504968,Adamic–Adar,sxtg protoceratium sxt_gene dino_taxon taxon_gene_association alexandrium; toxicity; paralytic_shellfish_poisoning; alexandrium_minutum dino_taxon; biological_process; toxin; dino_taxon
sxtg,SXT_GENE,protoceratium_reticulatum,DINO_TAXON,taxon_gene_association,0.1223856452459898,481,0.9427253484504968,434,0.1052631578947368,430,4,alexandrium; toxicity; paralytic_shellfish_poisoning; alexandrium_minutum,DINO_TAXON; BIOLOGICAL_PROCESS; TOXIN; DINO_TAXON,dino_pre2016,unvalidated_candidate,1,protoceratium_reticulatum|||sxtg,Not observed post-2015,"The relationship between sxtg and protoceratium reticulatum was identified as a candidate missing link in the pre-2016 dinoflagellate knowledge graph. Historical graph connectivity includes bridge concepts such as alexandrium, toxicity, paralytic shellfish poisoning, alexandrium minutum. This relationship should be interpreted as a literature-derived hypothesis rather than experimental evidence of a biological mechanism.",434,0.9427253484504968,Adamic–Adar,sxtg protoceratium_reticulatum sxt_gene dino_taxon taxon_gene_association alexandrium; toxicity; paralytic_shellfish_poisoning; alexandrium_minutum dino_taxon; biological_process; toxin; dino_taxon
anabaena,CYANO_TAXON,protoceratium_reticulatum,DINO_TAXON,cross_taxa_association,0.1013975374830622,494,0.9427253484504968,434,0.1052631578947368,430,4,alexandrium; toxicity; paralytic_shellfish_poisoning; alexandrium_minutum,DINO_TAXON; BIOLOGICAL_PROCESS; TOXIN; DINO_TAXON,dino_pre2016,unvalidated_candidate,1,anabaena|||protoceratium_reticulatum,Not observed post-2015,"The relationship between anabaena and protoceratium reticulatum was identified as a candidate missing link in the pre-2016 dinoflagellate knowledge graph. Historical graph connectivity includes bridge concepts such as alexandrium, toxicity, paralytic shellfish poisoning, alexandrium minutum. This relationship should be interpreted as a literature-derived hypothesis rather than experimental evidence of a biological mechanism.",434,0.9427253484504968,Adamic–Adar,anabaena protoceratium_reticulatum cyano_taxon dino_taxon cross_taxa_association alexandrium; toxicity; paralytic_shellfish_poisoning; alexandrium_minutum dino_taxon; biological_process; toxin; dino_taxon
anabaena,CYANO_TAXON,protoceratium,DINO_TAXON,cross_taxa_association,0.0730630099129929,507,0.9427253484504968,434,0.1052631578947368,430,4,alexandrium; toxicity; paralytic_shellfish_poisoning; alexandrium_minutum,DINO_TAXON; BIOLOGICAL_PROCESS; TOXIN; DINO_TAXON,dino_pre2016,unvalidated_candidate,1,anabaena|||protoceratium,Not observed post-2015,"The relationship between anabaena and protoceratium was identified as a candidate missing link in the pre-2016 dinoflagellate knowledge graph. Historical graph connectivity includes bridge concepts such as alexandrium, toxicity, paralytic shellfish poisoning, alexandrium minutum. This relationship should be interpreted as a literature-derived hypothesis rather than experimental evidence of a biological mechanism.",434,0.9427253484504968,Adamic–Adar,anabaena protoceratium cyano_taxon dino_taxon cross_taxa_association alexandrium; toxicity; paralytic_shellfish_poisoning; alexandrium_minutum dino_taxon; biological_process; toxin; dino_taxon
sxta,SXT_GENE,protoceratium,DINO_TAXON,taxon_gene_association,0.1029723870027596,491,0.9427253484504968,434,0.0655737704918032,498,4,alexandrium; toxicity; paralytic_shellfish_poisoning; alexandrium_minutum,DINO_TAXON; BIOLOGICAL_PROCESS; TOXIN; DINO_TAXON,dino_pre2016,unvalidated_candidate,1,protoceratium|||sxta,Not observed post-2015,"The relationship between sxta and protoceratium was identified as a candidate missing link in the pre-2016 dinoflagellate knowledge graph. Historical graph connectivity includes bridge concepts such as alexandrium, toxicity, paralytic shellfish poisoning, alexandrium minutum. This relationship should be interpreted as a literature-derived hypothesis rather than experimental evidence of a biological mechanism.",434,0.9427253484504968,Adamic–Adar,sxta protoceratium sxt_gene dino_taxon taxon_gene_association alexandrium; toxicity; paralytic_shellfish_poisoning; alexandrium_minutum dino_taxon; biological_process; toxin; dino_taxon
sxta,SXT_GENE,protoceratium_reticulatum,DINO_TAXON,taxon_gene_association,0.1007071880209272,495,0.9427253484504968,434,0.0655737704918032,498,4,alexandrium; toxicity; paralytic_shellfish_poisoning; alexandrium_minutum,DINO_TAXON; BIOLOGICAL_PROCESS; TOXIN; DINO_TAXON,dino_pre2016,unvalidated_candidate,1,protoceratium_reticulatum|||sxta,Not observed post-2015,"The relationship between sxta and protoceratium reticulatum was identified as a candidate missing link in the pre-2016 dinoflagellate knowledge graph. Historical graph connectivity includes bridge concepts such as alexandrium, toxicity, paralytic shellfish poisoning, alexandrium minutum. This relationship should be interpreted as a literature-derived hypothesis rather than experimental evidence of a biological mechanism.",434,0.9427253484504968,Adamic–Adar,sxta protoceratium_reticulatum sxt_gene dino_taxon taxon_gene_association alexandrium; toxicity; paralytic_shellfish_poisoning; alexandrium_minutum dino_taxon; biological_process; toxin; dino_taxon
cyanobacteria,CYANO_TAXON,protoceratium_reticulatum,DINO_TAXON,cross_taxa_association,0.1045269018664402,490,0.9427253484504968,434,0.0615384615384615,502,4,alexandrium; toxicity; paralytic_shellfish_poisoning; alexandrium_minutum,DINO_TAXON; BIOLOGICAL_PROCESS; TOXIN; DINO_TAXON,dino_pre2016,unvalidated_candidate,1,cyanobacteria|||protoceratium_reticulatum,Not observed post-2015,"The relationship between cyanobacteria and protoceratium reticulatum was identified as a candidate missing link in the pre-2016 dinoflagellate knowledge graph. Historical graph connectivity includes bridge concepts such as alexandrium, toxicity, paralytic shellfish poisoning, alexandrium minutum. This relationship should be interpreted as a literature-derived hypothesis rather than experimental evidence of a biological mechanism.",434,0.9427253484504968,Adamic–Adar,cyanobacteria protoceratium_reticulatum cyano_taxon dino_taxon cross_taxa_association alexandrium; toxicity; paralytic_shellfish_poisoning; alexandrium_minutum dino_taxon; biological_process; toxin; dino_taxon
cyanobacteria,CYANO_TAXON,protoceratium,DINO_TAXON,cross_taxa_association,0.0802333591898481,500,0.9427253484504968,434,0.0615384615384615,502,4,alexandrium; toxicity; paralytic_shellfish_poisoning; alexandrium_minutum,DINO_TAXON; BIOLOGICAL_PROCESS; TOXIN; DINO_TAXON,dino_pre2016,unvalidated_candidate,1,cyanobacteria|||protoceratium,Not observed post-2015,"The relationship between cyanobacteria and protoceratium was identified as a candidate missing link in the pre-2016 dinoflagellate knowledge graph. Historical graph connectivity includes bridge concepts such as alexandrium, toxicity, paralytic shellfish poisoning, alexandrium minutum. This relationship should be interpreted as a literature-derived hypothesis rather than experimental evidence of a biological mechanism.",434,0.9427253484504968,Adamic–Adar,cyanobacteria protoceratium cyano_taxon dino_taxon cross_taxa_association alexandrium; toxicity; paralytic_shellfish_poisoning; alexandrium_minutum dino_taxon; biological_process; toxin; dino_taxon
sxtb,SXT_GENE,alexandrium_leei,DINO_TAXON,taxon_gene_association,0.4422439236654749,83,0.9381857462787444,446,0.2105263157894736,292,4,dinoflagellate; saxitoxin; paralytic_shellfish_toxins; sxta,DINO_TAXON; TOXIN; TOXIN; SXT_GENE,dino_pre2016,unvalidated_candidate,1,alexandrium_leei|||sxtb,Not observed post-2015,"The relationship between sxtb and alexandrium leei was identified as a candidate missing link in the pre-2016 dinoflagellate knowledge graph. Historical graph connectivity includes bridge concepts such as dinoflagellate, saxitoxin, paralytic shellfish toxins, sxta. This relationship should be interpreted as a literature-derived hypothesis rather than experimental evidence of a biological mechanism.",446,0.9381857462787444,Adamic–Adar,sxtb alexandrium_leei sxt_gene dino_taxon taxon_gene_association dinoflagellate; saxitoxin; paralytic_shellfish_toxins; sxta dino_taxon; toxin; toxin; sxt_gene
sxtu,SXT_GENE,alexandrium_leei,DINO_TAXON,taxon_gene_association,0.2485276823052202,350,0.9381857462787444,446,0.1739130434782608,352,4,dinoflagellate; saxitoxin; paralytic_shellfish_toxins; sxta,DINO_TAXON; TOXIN; TOXIN; SXT_GENE,dino_pre2016,unvalidated_candidate,1,alexandrium_leei|||sxtu,Not observed post-2015,"The relationship between sxtu and alexandrium leei was identified as a candidate missing link in the pre-2016 dinoflagellate knowledge graph. Historical graph connectivity includes bridge concepts such as dinoflagellate, saxitoxin, paralytic shellfish toxins, sxta. This relationship should be interpreted as a literature-derived hypothesis rather than experimental evidence of a biological mechanism.",446,0.9381857462787444,Adamic–Adar,sxtu alexandrium_leei sxt_gene dino_taxon taxon_gene_association dinoflagellate; saxitoxin; paralytic_shellfish_toxins; sxta dino_taxon; toxin; toxin; sxt_gene
lyngbya,CYANO_TAXON,alexandrium_leei,DINO_TAXON,cross_taxa_association,0.3743481990689603,155,0.9361398397541306,448,0.1739130434782608,352,4,alexandrium; saxitoxin; paralytic_shellfish_toxins; sxta,DINO_TAXON; TOXIN; TOXIN; SXT_GENE,dino_pre2016,unvalidated_candidate,1,alexandrium_leei|||lyngbya,Not observed post-2015,"The relationship between lyngbya and alexandrium leei was identified as a candidate missing link in the pre-2016 dinoflagellate knowledge graph. Historical graph connectivity includes bridge concepts such as alexandrium, saxitoxin, paralytic shellfish toxins, sxta. This relationship should be interpreted as a literature-derived hypothesis rather than experimental evidence of a biological mechanism.",448,0.9361398397541306,Adamic–Adar,lyngbya alexandrium_leei cyano_taxon dino_taxon cross_taxa_association alexandrium; saxitoxin; paralytic_shellfish_toxins; sxta dino_taxon; toxin; toxin; sxt_gene
sxtb,SXT_GENE,environmental_stress,ENV_FACTOR,environment_gene_regulation,0.2150607322954715,390,0.9338898094166446,449,0.1481481481481481,387,4,dinoflagellate; saxitoxin; toxin_production; paralytic_shellfish_poisoning,DINO_TAXON; TOXIN; BIOLOGICAL_PROCESS; TOXIN,dino_pre2016,unvalidated_candidate,1,environmental_stress|||sxtb,Not observed post-2015,"The relationship between sxtb and environmental stress was identified as a candidate missing link in the pre-2016 dinoflagellate knowledge graph. Historical graph connectivity includes bridge concepts such as dinoflagellate, saxitoxin, toxin production, paralytic shellfish poisoning. This relationship should be interpreted as a literature-derived hypothesis rather than experimental evidence of a biological mechanism.",449,0.9338898094166446,Adamic–Adar,sxtb environmental_stress sxt_gene env_factor environment_gene_regulation dinoflagellate; saxitoxin; toxin_production; paralytic_shellfish_poisoning dino_taxon; toxin; biological_process; toxin
sxt_genes,SXT_GENE,bloom_dynamics,BIOLOGICAL_PROCESS,gene_process_association,0.3684239330185302,164,0.9281619354652012,450,0.1333333333333333,399,4,alexandrium; paralytic_shellfish_poisoning; bloom; dinoflagellates,DINO_TAXON; TOXIN; ENV_FACTOR; DINO_TAXON,dino_pre2016,unvalidated_candidate,1,bloom_dynamics|||sxt_genes,Not observed post-2015,"The relationship between sxt genes and bloom dynamics was identified as a candidate missing link in the pre-2016 dinoflagellate knowledge graph. Historical graph connectivity includes bridge concepts such as alexandrium, paralytic shellfish poisoning, bloom, dinoflagellates. This relationship should be interpreted as a literature-derived hypothesis rather than experimental evidence of a biological mechanism.",450,0.9281619354652012,Adamic–Adar,sxt_genes bloom_dynamics sxt_gene biological_process gene_process_association alexandrium; paralytic_shellfish_poisoning; bloom; dinoflagellates dino_taxon; toxin; env_factor; dino_taxon
neosaxitoxin,TOXIN,bloom_dynamics,BIOLOGICAL_PROCESS,process_toxin_association,0.6509247034379424,11,0.9281619354652012,450,0.1111111111111111,419,4,alexandrium; paralytic_shellfish_poisoning; bloom; dinoflagellates,DINO_TAXON; TOXIN; ENV_FACTOR; DINO_TAXON,dino_pre2016,unvalidated_candidate,1,bloom_dynamics|||neosaxitoxin,Not observed post-2015,"The relationship between neosaxitoxin and bloom dynamics was identified as a candidate missing link in the pre-2016 dinoflagellate knowledge graph. Historical graph connectivity includes bridge concepts such as alexandrium, paralytic shellfish poisoning, bloom, dinoflagellates. This relationship should be interpreted as a literature-derived hypothesis rather than experimental evidence of a biological mechanism.",450,0.9281619354652012,Adamic–Adar,neosaxitoxin bloom_dynamics toxin biological_process process_toxin_association alexandrium; paralytic_shellfish_poisoning; bloom; dinoflagellates dino_taxon; toxin; env_factor; dino_taxon
sxtg,SXT_GENE,bloom_dynamics,BIOLOGICAL_PROCESS,gene_process_association,0.4358748364871646,88,0.9281619354652012,450,0.1111111111111111,419,4,alexandrium; paralytic_shellfish_poisoning; bloom; dinoflagellates,DINO_TAXON; TOXIN; ENV_FACTOR; DINO_TAXON,dino_pre2016,unvalidated_candidate,1,bloom_dynamics|||sxtg,Not observed post-2015,"The relationship between sxtg and bloom dynamics was identified as a candidate missing link in the pre-2016 dinoflagellate knowledge graph. Historical graph connectivity includes bridge concepts such as alexandrium, paralytic shellfish poisoning, bloom, dinoflagellates. This relationship should be interpreted as a literature-derived hypothesis rather than experimental evidence of a biological mechanism.",450,0.9281619354652012,Adamic–Adar,sxtg bloom_dynamics sxt_gene biological_process gene_process_association alexandrium; paralytic_shellfish_poisoning; bloom; dinoflagellates dino_taxon; toxin; env_factor; dino_taxon
gtx,TOXIN,bloom_dynamics,BIOLOGICAL_PROCESS,process_toxin_association,0.619955528575439,17,0.9281619354652012,450,0.1025641025641025,443,4,alexandrium; paralytic_shellfish_poisoning; bloom; dinoflagellates,DINO_TAXON; TOXIN; ENV_FACTOR; DINO_TAXON,dino_pre2016,unvalidated_candidate,1,bloom_dynamics|||gtx,Not observed post-2015,"The relationship between gtx and bloom dynamics was identified as a candidate missing link in the pre-2016 dinoflagellate knowledge graph. Historical graph connectivity includes bridge concepts such as alexandrium, paralytic shellfish poisoning, bloom, dinoflagellates. This relationship should be interpreted as a literature-derived hypothesis rather than experimental evidence of a biological mechanism.",450,0.9281619354652012,Adamic–Adar,gtx bloom_dynamics toxin biological_process process_toxin_association alexandrium; paralytic_shellfish_poisoning; bloom; dinoflagellates dino_taxon; toxin; env_factor; dino_taxon
gonyautoxin,TOXIN,bloom_dynamics,BIOLOGICAL_PROCESS,process_toxin_association,0.6631453401003983,9,0.9281619354652012,450,0.0784313725490196,482,4,alexandrium; paralytic_shellfish_poisoning; bloom; dinoflagellates,DINO_TAXON; TOXIN; ENV_FACTOR; DINO_TAXON,dino_pre2016,unvalidated_candidate,1,bloom_dynamics|||gonyautoxin,Not observed post-2015,"The relationship between gonyautoxin and bloom dynamics was identified as a candidate missing link in the pre-2016 dinoflagellate knowledge graph. Historical graph connectivity includes bridge concepts such as alexandrium, paralytic shellfish poisoning, bloom, dinoflagellates. This relationship should be interpreted as a literature-derived hypothesis rather than experimental evidence of a biological mechanism.",450,0.9281619354652012,Adamic–Adar,gonyautoxin bloom_dynamics toxin biological_process process_toxin_association alexandrium; paralytic_shellfish_poisoning; bloom; dinoflagellates dino_taxon; toxin; env_factor; dino_taxon
sxta,SXT_GENE,bloom_dynamics,BIOLOGICAL_PROCESS,gene_process_association,0.4861673547831301,57,0.9281619354652012,450,0.0677966101694915,497,4,alexandrium; paralytic_shellfish_poisoning; bloom; dinoflagellates,DINO_TAXON; TOXIN; ENV_FACTOR; DINO_TAXON,dino_pre2016,unvalidated_candidate,1,bloom_dynamics|||sxta,Not observed post-2015,"The relationship between sxta and bloom dynamics was identified as a candidate missing link in the pre-2016 dinoflagellate knowledge graph. Historical graph connectivity includes bridge concepts such as alexandrium, paralytic shellfish poisoning, bloom, dinoflagellates. This relationship should be interpreted as a literature-derived hypothesis rather than experimental evidence of a biological mechanism.",450,0.9281619354652012,Adamic–Adar,sxta bloom_dynamics sxt_gene biological_process gene_process_association alexandrium; paralytic_shellfish_poisoning; bloom; dinoflagellates dino_taxon; toxin; env_factor; dino_taxon
paralytic_shellfish_toxins,TOXIN,bloom_dynamics,BIOLOGICAL_PROCESS,process_toxin_association,0.7631959233289725,3,0.9281619354652012,450,0.0555555555555555,504,4,alexandrium; paralytic_shellfish_poisoning; bloom; dinoflagellates,DINO_TAXON; TOXIN; ENV_FACTOR; DINO_TAXON,dino_pre2016,unvalidated_candidate,1,bloom_dynamics|||paralytic_shellfish_toxins,Subsequently represented,"The relationship between paralytic shellfish toxins and bloom dynamics was identified as a candidate missing link in the pre-2016 dinoflagellate knowledge graph. Historical graph connectivity includes bridge concepts such as alexandrium, paralytic shellfish poisoning, bloom, dinoflagellates. This relationship should be interpreted as a literature-derived hypothesis rather than experimental evidence of a biological mechanism.",450,0.9281619354652012,Adamic–Adar,paralytic_shellfish_toxins bloom_dynamics toxin biological_process process_toxin_association alexandrium; paralytic_shellfish_poisoning; bloom; dinoflagellates dino_taxon; toxin; env_factor; dino_taxon
saxitoxin,TOXIN,bloom_dynamics,BIOLOGICAL_PROCESS,process_toxin_association,0.8220038158142227,1,0.9281619354652012,450,0.05,508,4,alexandrium; paralytic_shellfish_poisoning; bloom; dinoflagellates,DINO_TAXON; TOXIN; ENV_FACTOR; DINO_TAXON,dino_pre2016,unvalidated_candidate,1,bloom_dynamics|||saxitoxin,Not observed post-2015,"The relationship between saxitoxin and bloom dynamics was identified as a candidate missing link in the pre-2016 dinoflagellate knowledge graph. Historical graph connectivity includes bridge concepts such as alexandrium, paralytic shellfish poisoning, bloom, dinoflagellates. This relationship should be interpreted as a literature-derived hypothesis rather than experimental evidence of a biological mechanism.",450,0.9281619354652012,Adamic–Adar,saxitoxin bloom_dynamics toxin biological_process process_toxin_association alexandrium; paralytic_shellfish_poisoning; bloom; dinoflagellates dino_taxon; toxin; env_factor; dino_taxon
sxtg,SXT_GENE,environmental_regulation,BIOLOGICAL_PROCESS,gene_process_association,0.1513904094521404,458,0.927888249781214,458,0.0975609756097561,452,4,alexandrium; saxitoxin; toxicity; paralytic_shellfish_toxins,DINO_TAXON; TOXIN; BIOLOGICAL_PROCESS; TOXIN,dino_pre2016,unvalidated_candidate,1,environmental_regulation|||sxtg,Not observed post-2015,"The relationship between sxtg and environmental regulation was identified as a candidate missing link in the pre-2016 dinoflagellate knowledge graph. Historical graph connectivity includes bridge concepts such as alexandrium, saxitoxin, toxicity, paralytic shellfish toxins. This relationship should be interpreted as a literature-derived hypothesis rather than experimental evidence of a biological mechanism.",458,0.927888249781214,Adamic–Adar,sxtg environmental_regulation sxt_gene biological_process gene_process_association alexandrium; saxitoxin; toxicity; paralytic_shellfish_toxins dino_taxon; toxin; biological_process; toxin
irradiance,ENV_FACTOR,sxtd,SXT_GENE,environment_gene_regulation,0.1665793676233252,441,0.9217758605841732,459,0.1333333333333333,399,4,saxitoxin; paralytic_shellfish_poisoning; paralytic_shellfish_toxins; dinoflagellates,TOXIN; TOXIN; TOXIN; DINO_TAXON,dino_pre2016,unvalidated_candidate,1,irradiance|||sxtd,Not observed post-2015,"The relationship between irradiance and sxtd was identified as a candidate missing link in the pre-2016 dinoflagellate knowledge graph. Historical graph connectivity includes bridge concepts such as saxitoxin, paralytic shellfish poisoning, paralytic shellfish toxins, dinoflagellates. This relationship should be interpreted as a literature-derived hypothesis rather than experimental evidence of a biological mechanism.",459,0.9217758605841732,Adamic–Adar,irradiance sxtd env_factor sxt_gene environment_gene_regulation saxitoxin; paralytic_shellfish_poisoning; paralytic_shellfish_toxins; dinoflagellates toxin; toxin; toxin; dino_taxon
phosphate,ENV_FACTOR,sxtd,SXT_GENE,environment_gene_regulation,0.1644825251123837,444,0.9217758605841732,459,0.1025641025641025,443,4,saxitoxin; paralytic_shellfish_poisoning; paralytic_shellfish_toxins; dinoflagellates,TOXIN; TOXIN; TOXIN; DINO_TAXON,dino_pre2016,unvalidated_candidate,1,phosphate|||sxtd,Not observed post-2015,"The relationship between phosphate and sxtd was identified as a candidate missing link in the pre-2016 dinoflagellate knowledge graph. Historical graph connectivity includes bridge concepts such as saxitoxin, paralytic shellfish poisoning, paralytic shellfish toxins, dinoflagellates. This relationship should be interpreted as a literature-derived hypothesis rather than experimental evidence of a biological mechanism.",459,0.9217758605841732,Adamic–Adar,phosphate sxtd env_factor sxt_gene environment_gene_regulation saxitoxin; paralytic_shellfish_poisoning; paralytic_shellfish_toxins; dinoflagellates toxin; toxin; toxin; dino_taxon
sxti,SXT_GENE,environmental_stress,ENV_FACTOR,environment_gene_regulation,0.322801712438631,243,0.9175056161459688,461,0.1666666666666666,359,4,dinoflagellate; saxitoxin; paralytic_shellfish_poisoning; alexandrium,DINO_TAXON; TOXIN; TOXIN; DINO_TAXON,dino_pre2016,unvalidated_candidate,1,environmental_stress|||sxti,Not observed post-2015,"The relationship between sxti and environmental stress was identified as a candidate missing link in the pre-2016 dinoflagellate knowledge graph. Historical graph connectivity includes bridge concepts such as dinoflagellate, saxitoxin, paralytic shellfish poisoning, alexandrium. This relationship should be interpreted as a literature-derived hypothesis rather than experimental evidence of a biological mechanism.",461,0.9175056161459688,Adamic–Adar,sxti environmental_stress sxt_gene env_factor environment_gene_regulation dinoflagellate; saxitoxin; paralytic_shellfish_poisoning; alexandrium dino_taxon; toxin; toxin; dino_taxon
alexandrium_ostenfeldii,DINO_TAXON,scytonema,CYANO_TAXON,cross_taxa_association,0.1893086247308314,419,0.7167355682806487,462,0.0909090909090909,468,3,saxitoxin; phylogenetic; dinoflagellates,TOXIN; BIOLOGICAL_PROCESS; DINO_TAXON,dino_pre2016,unvalidated_candidate,1,alexandrium_ostenfeldii|||scytonema,Not observed post-2015,"The relationship between alexandrium ostenfeldii and scytonema was identified as a candidate missing link in the pre-2016 dinoflagellate knowledge graph. Historical graph connectivity includes bridge concepts such as saxitoxin, phylogenetic, dinoflagellates. This relationship should be interpreted as a literature-derived hypothesis rather than experimental evidence of a biological mechanism.",462,0.7167355682806487,Adamic–Adar,alexandrium_ostenfeldii scytonema dino_taxon cyano_taxon cross_taxa_association saxitoxin; phylogenetic; dinoflagellates toxin; biological_process; dino_taxon
sxt_genes,SXT_GENE,alexandrium_affine,DINO_TAXON,taxon_gene_association,0.2535228913301424,341,0.7141044217469659,463,0.0909090909090909,468,3,alexandrium; light; dinoflagellate,DINO_TAXON; ENV_FACTOR; DINO_TAXON,dino_pre2016,unvalidated_candidate,1,alexandrium_affine|||sxt_genes,Subsequently represented,"The relationship between sxt genes and alexandrium affine was identified as a candidate missing link in the pre-2016 dinoflagellate knowledge graph. Historical graph connectivity includes bridge concepts such as alexandrium, light, dinoflagellate. This relationship should be interpreted as a literature-derived hypothesis rather than experimental evidence of a biological mechanism.",463,0.7141044217469659,Adamic–Adar,sxt_genes alexandrium_affine sxt_gene dino_taxon taxon_gene_association alexandrium; light; dinoflagellate dino_taxon; env_factor; dino_taxon
sxtg,SXT_GENE,alexandrium_affine,DINO_TAXON,taxon_gene_association,0.3126225017082795,258,0.7141044217469659,463,0.0769230769230769,484,3,alexandrium; dinoflagellate; nutrient,DINO_TAXON; DINO_TAXON; ENV_FACTOR,dino_pre2016,unvalidated_candidate,1,alexandrium_affine|||sxtg,Subsequently represented,"The relationship between sxtg and alexandrium affine was identified as a candidate missing link in the pre-2016 dinoflagellate knowledge graph. Historical graph connectivity includes bridge concepts such as alexandrium, dinoflagellate, nutrient. This relationship should be interpreted as a literature-derived hypothesis rather than experimental evidence of a biological mechanism.",463,0.7141044217469659,Adamic–Adar,sxtg alexandrium_affine sxt_gene dino_taxon taxon_gene_association alexandrium; dinoflagellate; nutrient dino_taxon; dino_taxon; env_factor
sxti,SXT_GENE,gene_loss,BIOLOGICAL_PROCESS,gene_process_association,0.533212434846978,36,0.7091241654749623,465,0.1764705882352941,347,3,saxitoxin; cyanobacteria; biosynthesis,TOXIN; CYANO_TAXON; BIOLOGICAL_PROCESS,dino_pre2016,unvalidated_candidate,1,gene_loss|||sxti,Not observed post-2015,"The relationship between sxti and gene loss was identified as a candidate missing link in the pre-2016 dinoflagellate knowledge graph. Historical graph connectivity includes bridge concepts such as saxitoxin, cyanobacteria, biosynthesis. This relationship should be interpreted as a literature-derived hypothesis rather than experimental evidence of a biological mechanism.",465,0.7091241654749623,Adamic–Adar,sxti gene_loss sxt_gene biological_process gene_process_association saxitoxin; cyanobacteria; biosynthesis toxin; cyano_taxon; biological_process
sxtu,SXT_GENE,gene_loss,BIOLOGICAL_PROCESS,gene_process_association,0.2481035815943706,351,0.7091241654749623,465,0.125,404,3,saxitoxin; cyanobacteria; biosynthesis,TOXIN; CYANO_TAXON; BIOLOGICAL_PROCESS,dino_pre2016,unvalidated_candidate,1,gene_loss|||sxtu,Not observed post-2015,"The relationship between sxtu and gene loss was identified as a candidate missing link in the pre-2016 dinoflagellate knowledge graph. Historical graph connectivity includes bridge concepts such as saxitoxin, cyanobacteria, biosynthesis. This relationship should be interpreted as a literature-derived hypothesis rather than experimental evidence of a biological mechanism.",465,0.7091241654749623,Adamic–Adar,sxtu gene_loss sxt_gene biological_process gene_process_association saxitoxin; cyanobacteria; biosynthesis toxin; cyano_taxon; biological_process
alexandrium_leei,DINO_TAXON,sxtd,SXT_GENE,taxon_gene_association,0.2978482680057499,276,0.7072779712149757,467,0.1875,333,3,saxitoxin; paralytic_shellfish_toxins; sxta,TOXIN; TOXIN; SXT_GENE,dino_pre2016,unvalidated_candidate,1,alexandrium_leei|||sxtd,Not observed post-2015,"The relationship between alexandrium leei and sxtd was identified as a candidate missing link in the pre-2016 dinoflagellate knowledge graph. Historical graph connectivity includes bridge concepts such as saxitoxin, paralytic shellfish toxins, sxta. This relationship should be interpreted as a literature-derived hypothesis rather than experimental evidence of a biological mechanism.",467,0.7072779712149757,Adamic–Adar,alexandrium_leei sxtd dino_taxon sxt_gene taxon_gene_association saxitoxin; paralytic_shellfish_toxins; sxta toxin; toxin; sxt_gene
aphanizomenon,CYANO_TAXON,alexandrium_affine,DINO_TAXON,cross_taxa_association,0.1539573081165583,454,0.707107590552975,468,0.1034482758620689,440,3,alexandrium; dinoflagellate; hplc,DINO_TAXON; DINO_TAXON; DETECTION_METHOD,dino_pre2016,unvalidated_candidate,1,alexandrium_affine|||aphanizomenon,Not observed post-2015,"The relationship between aphanizomenon and alexandrium affine was identified as a candidate missing link in the pre-2016 dinoflagellate knowledge graph. Historical graph connectivity includes bridge concepts such as alexandrium, dinoflagellate, hplc. This relationship should be interpreted as a literature-derived hypothesis rather than experimental evidence of a biological mechanism.",468,0.707107590552975,Adamic–Adar,aphanizomenon alexandrium_affine cyano_taxon dino_taxon cross_taxa_association alexandrium; dinoflagellate; hplc dino_taxon; dino_taxon; detection_method
cylindrospermopsis,CYANO_TAXON,alexandrium_affine,DINO_TAXON,cross_taxa_association,0.1153888870841579,484,0.707107590552975,468,0.0967741935483871,454,3,alexandrium; dinoflagellate; hplc,DINO_TAXON; DINO_TAXON; DETECTION_METHOD,dino_pre2016,unvalidated_candidate,1,alexandrium_affine|||cylindrospermopsis,Not observed post-2015,"The relationship between cylindrospermopsis and alexandrium affine was identified as a candidate missing link in the pre-2016 dinoflagellate knowledge graph. Historical graph connectivity includes bridge concepts such as alexandrium, dinoflagellate, hplc. This relationship should be interpreted as a literature-derived hypothesis rather than experimental evidence of a biological mechanism.",468,0.707107590552975,Adamic–Adar,cylindrospermopsis alexandrium_affine cyano_taxon dino_taxon cross_taxa_association alexandrium; dinoflagellate; hplc dino_taxon; dino_taxon; detection_method
cyanobacterium,CYANO_TAXON,alexandrium_affine,DINO_TAXON,cross_taxa_association,0.1587811412652149,449,0.707107590552975,468,0.081081081081081,478,3,alexandrium; dinoflagellate; hplc,DINO_TAXON; DINO_TAXON; DETECTION_METHOD,dino_pre2016,unvalidated_candidate,1,alexandrium_affine|||cyanobacterium,Not observed post-2015,"The relationship between cyanobacterium and alexandrium affine was identified as a candidate missing link in the pre-2016 dinoflagellate knowledge graph. Historical graph connectivity includes bridge concepts such as alexandrium, dinoflagellate, hplc. This relationship should be interpreted as a literature-derived hypothesis rather than experimental evidence of a biological mechanism.",468,0.707107590552975,Adamic–Adar,cyanobacterium alexandrium_affine cyano_taxon dino_taxon cross_taxa_association alexandrium; dinoflagellate; hplc dino_taxon; dino_taxon; detection_method
anabaena,CYANO_TAXON,alexandrium_affine,DINO_TAXON,cross_taxa_association,0.1325601630193108,478,0.707107590552975,468,0.0769230769230769,484,3,alexandrium; dinoflagellate; hplc,DINO_TAXON; DINO_TAXON; DETECTION_METHOD,dino_pre2016,unvalidated_candidate,1,alexandrium_affine|||anabaena,Not observed post-2015,"The relationship between anabaena and alexandrium affine was identified as a candidate missing link in the pre-2016 dinoflagellate knowledge graph. Historical graph connectivity includes bridge concepts such as alexandrium, dinoflagellate, hplc. This relationship should be interpreted as a literature-derived hypothesis rather than experimental evidence of a biological mechanism.",468,0.707107590552975,Adamic–Adar,anabaena alexandrium_affine cyano_taxon dino_taxon cross_taxa_association alexandrium; dinoflagellate; hplc dino_taxon; dino_taxon; detection_method
sxtb,SXT_GENE,bloom_dynamics,BIOLOGICAL_PROCESS,gene_process_association,0.3684832601002181,163,0.6993000669260464,472,0.1666666666666666,359,3,paralytic_shellfish_poisoning; bloom; dinoflagellates,TOXIN; ENV_FACTOR; DINO_TAXON,dino_pre2016,unvalidated_candidate,1,bloom_dynamics|||sxtb,Not observed post-2015,"The relationship between sxtb and bloom dynamics was identified as a candidate missing link in the pre-2016 dinoflagellate knowledge graph. Historical graph connectivity includes bridge concepts such as paralytic shellfish poisoning, bloom, dinoflagellates. This relationship should be interpreted as a literature-derived hypothesis rather than experimental evidence of a biological mechanism.",472,0.6993000669260464,Adamic–Adar,sxtb bloom_dynamics sxt_gene biological_process gene_process_association paralytic_shellfish_poisoning; bloom; dinoflagellates toxin; env_factor; dino_taxon
planktothrix,CYANO_TAXON,protoceratium,DINO_TAXON,cross_taxa_association,0.0792288729338303,501,0.6953874015004453,473,0.1764705882352941,347,3,alexandrium; toxicity; paralytic_shellfish_poisoning,DINO_TAXON; BIOLOGICAL_PROCESS; TOXIN,dino_pre2016,unvalidated_candidate,1,planktothrix|||protoceratium,Not observed post-2015,"The relationship between planktothrix and protoceratium was identified as a candidate missing link in the pre-2016 dinoflagellate knowledge graph. Historical graph connectivity includes bridge concepts such as alexandrium, toxicity, paralytic shellfish poisoning. This relationship should be interpreted as a literature-derived hypothesis rather than experimental evidence of a biological mechanism.",473,0.6953874015004453,Adamic–Adar,planktothrix protoceratium cyano_taxon dino_taxon cross_taxa_association alexandrium; toxicity; paralytic_shellfish_poisoning dino_taxon; biological_process; toxin
planktothrix,CYANO_TAXON,protoceratium_reticulatum,DINO_TAXON,cross_taxa_association,0.0489638028034028,511,0.6953874015004453,473,0.1764705882352941,347,3,alexandrium; toxicity; paralytic_shellfish_poisoning,DINO_TAXON; BIOLOGICAL_PROCESS; TOXIN,dino_pre2016,unvalidated_candidate,1,planktothrix|||protoceratium_reticulatum,Not observed post-2015,"The relationship between planktothrix and protoceratium reticulatum was identified as a candidate missing link in the pre-2016 dinoflagellate knowledge graph. Historical graph connectivity includes bridge concepts such as alexandrium, toxicity, paralytic shellfish poisoning. This relationship should be interpreted as a literature-derived hypothesis rather than experimental evidence of a biological mechanism.",473,0.6953874015004453,Adamic–Adar,planktothrix protoceratium_reticulatum cyano_taxon dino_taxon cross_taxa_association alexandrium; toxicity; paralytic_shellfish_poisoning dino_taxon; biological_process; toxin
lyngbya,CYANO_TAXON,protoceratium,DINO_TAXON,cross_taxa_association,0.0779048921549205,502,0.6953874015004453,473,0.125,404,3,alexandrium; toxicity; paralytic_shellfish_poisoning,DINO_TAXON; BIOLOGICAL_PROCESS; TOXIN,dino_pre2016,unvalidated_candidate,1,lyngbya|||protoceratium,Not observed post-2015,"The relationship between lyngbya and protoceratium was identified as a candidate missing link in the pre-2016 dinoflagellate knowledge graph. Historical graph connectivity includes bridge concepts such as alexandrium, toxicity, paralytic shellfish poisoning. This relationship should be interpreted as a literature-derived hypothesis rather than experimental evidence of a biological mechanism.",473,0.6953874015004453,Adamic–Adar,lyngbya protoceratium cyano_taxon dino_taxon cross_taxa_association alexandrium; toxicity; paralytic_shellfish_poisoning dino_taxon; biological_process; toxin
lyngbya,CYANO_TAXON,protoceratium_reticulatum,DINO_TAXON,cross_taxa_association,0.0766255869003268,503,0.6953874015004453,473,0.125,404,3,alexandrium; toxicity; paralytic_shellfish_poisoning,DINO_TAXON; BIOLOGICAL_PROCESS; TOXIN,dino_pre2016,unvalidated_candidate,1,lyngbya|||protoceratium_reticulatum,Not observed post-2015,"The relationship between lyngbya and protoceratium reticulatum was identified as a candidate missing link in the pre-2016 dinoflagellate knowledge graph. Historical graph connectivity includes bridge concepts such as alexandrium, toxicity, paralytic shellfish poisoning. This relationship should be interpreted as a literature-derived hypothesis rather than experimental evidence of a biological mechanism.",473,0.6953874015004453,Adamic–Adar,lyngbya protoceratium_reticulatum cyano_taxon dino_taxon cross_taxa_association alexandrium; toxicity; paralytic_shellfish_poisoning dino_taxon; biological_process; toxin
aphanizomenon,CYANO_TAXON,protoceratium,DINO_TAXON,cross_taxa_association,0.0744244709300146,506,0.6953874015004453,473,0.1034482758620689,440,3,alexandrium; toxicity; paralytic_shellfish_poisoning,DINO_TAXON; BIOLOGICAL_PROCESS; TOXIN,dino_pre2016,unvalidated_candidate,1,aphanizomenon|||protoceratium,Not observed post-2015,"The relationship between aphanizomenon and protoceratium was identified as a candidate missing link in the pre-2016 dinoflagellate knowledge graph. Historical graph connectivity includes bridge concepts such as alexandrium, toxicity, paralytic shellfish poisoning. This relationship should be interpreted as a literature-derived hypothesis rather than experimental evidence of a biological mechanism.",473,0.6953874015004453,Adamic–Adar,aphanizomenon protoceratium cyano_taxon dino_taxon cross_taxa_association alexandrium; toxicity; paralytic_shellfish_poisoning dino_taxon; biological_process; toxin
aphanizomenon,CYANO_TAXON,protoceratium_reticulatum,DINO_TAXON,cross_taxa_association,0.0197452275018002,514,0.6953874015004453,473,0.1034482758620689,440,3,alexandrium; toxicity; paralytic_shellfish_poisoning,DINO_TAXON; BIOLOGICAL_PROCESS; TOXIN,dino_pre2016,unvalidated_candidate,1,aphanizomenon|||protoceratium_reticulatum,Not observed post-2015,"The relationship between aphanizomenon and protoceratium reticulatum was identified as a candidate missing link in the pre-2016 dinoflagellate knowledge graph. Historical graph connectivity includes bridge concepts such as alexandrium, toxicity, paralytic shellfish poisoning. This relationship should be interpreted as a literature-derived hypothesis rather than experimental evidence of a biological mechanism.",473,0.6953874015004453,Adamic–Adar,aphanizomenon protoceratium_reticulatum cyano_taxon dino_taxon cross_taxa_association alexandrium; toxicity; paralytic_shellfish_poisoning dino_taxon; biological_process; toxin
cylindrospermopsis,CYANO_TAXON,protoceratium_reticulatum,DINO_TAXON,cross_taxa_association,0.1649351137670868,442,0.6953874015004453,473,0.0967741935483871,454,3,alexandrium; toxicity; paralytic_shellfish_poisoning,DINO_TAXON; BIOLOGICAL_PROCESS; TOXIN,dino_pre2016,unvalidated_candidate,1,cylindrospermopsis|||protoceratium_reticulatum,Not observed post-2015,"The relationship between cylindrospermopsis and protoceratium reticulatum was identified as a candidate missing link in the pre-2016 dinoflagellate knowledge graph. Historical graph connectivity includes bridge concepts such as alexandrium, toxicity, paralytic shellfish poisoning. This relationship should be interpreted as a literature-derived hypothesis rather than experimental evidence of a biological mechanism.",473,0.6953874015004453,Adamic–Adar,cylindrospermopsis protoceratium_reticulatum cyano_taxon dino_taxon cross_taxa_association alexandrium; toxicity; paralytic_shellfish_poisoning dino_taxon; biological_process; toxin
cylindrospermopsis,CYANO_TAXON,protoceratium,DINO_TAXON,cross_taxa_association,0.0977048424907996,496,0.6953874015004453,473,0.0967741935483871,454,3,alexandrium; toxicity; paralytic_shellfish_poisoning,DINO_TAXON; BIOLOGICAL_PROCESS; TOXIN,dino_pre2016,unvalidated_candidate,1,cylindrospermopsis|||protoceratium,Not observed post-2015,"The relationship between cylindrospermopsis and protoceratium was identified as a candidate missing link in the pre-2016 dinoflagellate knowledge graph. Historical graph connectivity includes bridge concepts such as alexandrium, toxicity, paralytic shellfish poisoning. This relationship should be interpreted as a literature-derived hypothesis rather than experimental evidence of a biological mechanism.",473,0.6953874015004453,Adamic–Adar,cylindrospermopsis protoceratium cyano_taxon dino_taxon cross_taxa_association alexandrium; toxicity; paralytic_shellfish_poisoning dino_taxon; biological_process; toxin
sxt_genes,SXT_GENE,protoceratium_reticulatum,DINO_TAXON,taxon_gene_association,0.2163660765998721,389,0.6953874015004453,473,0.0909090909090909,468,3,alexandrium; toxicity; paralytic_shellfish_poisoning,DINO_TAXON; BIOLOGICAL_PROCESS; TOXIN,dino_pre2016,unvalidated_candidate,1,protoceratium_reticulatum|||sxt_genes,Not observed post-2015,"The relationship between sxt genes and protoceratium reticulatum was identified as a candidate missing link in the pre-2016 dinoflagellate knowledge graph. Historical graph connectivity includes bridge concepts such as alexandrium, toxicity, paralytic shellfish poisoning. This relationship should be interpreted as a literature-derived hypothesis rather than experimental evidence of a biological mechanism.",473,0.6953874015004453,Adamic–Adar,sxt_genes protoceratium_reticulatum sxt_gene dino_taxon taxon_gene_association alexandrium; toxicity; paralytic_shellfish_poisoning dino_taxon; biological_process; toxin
sxt_genes,SXT_GENE,protoceratium,DINO_TAXON,taxon_gene_association,0.1778033875190774,429,0.6953874015004453,473,0.0909090909090909,468,3,alexandrium; toxicity; paralytic_shellfish_poisoning,DINO_TAXON; BIOLOGICAL_PROCESS; TOXIN,dino_pre2016,unvalidated_candidate,1,protoceratium|||sxt_genes,Not observed post-2015,"The relationship between sxt genes and protoceratium was identified as a candidate missing link in the pre-2016 dinoflagellate knowledge graph. Historical graph connectivity includes bridge concepts such as alexandrium, toxicity, paralytic shellfish poisoning. This relationship should be interpreted as a literature-derived hypothesis rather than experimental evidence of a biological mechanism.",473,0.6953874015004453,Adamic–Adar,sxt_genes protoceratium sxt_gene dino_taxon taxon_gene_association alexandrium; toxicity; paralytic_shellfish_poisoning dino_taxon; biological_process; toxin
resting_cyst,BIOLOGICAL_PROCESS,sxtd,SXT_GENE,gene_process_association,0.1466480503331854,462,0.691562970529522,483,0.1153846153846153,416,3,saxitoxin; paralytic_shellfish_poisoning; paralytic_shellfish_toxins,TOXIN; TOXIN; TOXIN,dino_pre2016,unvalidated_candidate,1,resting_cyst|||sxtd,Not observed post-2015,"The relationship between resting cyst and sxtd was identified as a candidate missing link in the pre-2016 dinoflagellate knowledge graph. Historical graph connectivity includes bridge concepts such as saxitoxin, paralytic shellfish poisoning, paralytic shellfish toxins. This relationship should be interpreted as a literature-derived hypothesis rather than experimental evidence of a biological mechanism.",483,0.691562970529522,Adamic–Adar,resting_cyst sxtd biological_process sxt_gene gene_process_association saxitoxin; paralytic_shellfish_poisoning; paralytic_shellfish_toxins toxin; toxin; toxin
alexandrium_leei,DINO_TAXON,planktothrix,CYANO_TAXON,cross_taxa_association,0.3764274914651946,147,0.6908937779443002,484,0.1764705882352941,347,3,alexandrium; saxitoxin; paralytic_shellfish_toxins,DINO_TAXON; TOXIN; TOXIN,dino_pre2016,unvalidated_candidate,1,alexandrium_leei|||planktothrix,Not observed post-2015,"The relationship between alexandrium leei and planktothrix was identified as a candidate missing link in the pre-2016 dinoflagellate knowledge graph. Historical graph connectivity includes bridge concepts such as alexandrium, saxitoxin, paralytic shellfish toxins. This relationship should be interpreted as a literature-derived hypothesis rather than experimental evidence of a biological mechanism.",484,0.6908937779443002,Adamic–Adar,alexandrium_leei planktothrix dino_taxon cyano_taxon cross_taxa_association alexandrium; saxitoxin; paralytic_shellfish_toxins dino_taxon; toxin; toxin
sxtu,SXT_GENE,secondary_metabolism,BIOLOGICAL_PROCESS,gene_process_association,0.1776723735160355,430,0.6893255765370886,485,0.0833333333333333,474,3,dinoflagellate; saxitoxin; dinoflagellates,DINO_TAXON; TOXIN; DINO_TAXON,dino_pre2016,unvalidated_candidate,1,secondary_metabolism|||sxtu,Not observed post-2015,"The relationship between sxtu and secondary metabolism was identified as a candidate missing link in the pre-2016 dinoflagellate knowledge graph. Historical graph connectivity includes bridge concepts such as dinoflagellate, saxitoxin, dinoflagellates. This relationship should be interpreted as a literature-derived hypothesis rather than experimental evidence of a biological mechanism.",485,0.6893255765370886,Adamic–Adar,sxtu secondary_metabolism sxt_gene biological_process gene_process_association dinoflagellate; saxitoxin; dinoflagellates dino_taxon; toxin; dino_taxon
phosphorus_limitation,ENV_FACTOR,sxti,SXT_GENE,environment_gene_regulation,0.3332413529831498,225,0.6893007047273003,486,0.1578947368421052,382,3,alexandrium; paralytic_shellfish_poisoning; dinoflagellate,DINO_TAXON; TOXIN; DINO_TAXON,dino_pre2016,unvalidated_candidate,1,phosphorus_limitation|||sxti,Not observed post-2015,"The relationship between phosphorus limitation and sxti was identified as a candidate missing link in the pre-2016 dinoflagellate knowledge graph. Historical graph connectivity includes bridge concepts such as alexandrium, paralytic shellfish poisoning, dinoflagellate. This relationship should be interpreted as a literature-derived hypothesis rather than experimental evidence of a biological mechanism.",486,0.6893007047273003,Adamic–Adar,phosphorus_limitation sxti env_factor sxt_gene environment_gene_regulation alexandrium; paralytic_shellfish_poisoning; dinoflagellate dino_taxon; toxin; dino_taxon
sxt_genes,SXT_GENE,phosphorus_limitation,ENV_FACTOR,environment_gene_regulation,0.2651747317872411,324,0.6893007047273003,486,0.0857142857142857,473,3,alexandrium; dinoflagellate; paralytic_shellfish_poisoning,DINO_TAXON; DINO_TAXON; TOXIN,dino_pre2016,unvalidated_candidate,1,phosphorus_limitation|||sxt_genes,Not observed post-2015,"The relationship between sxt genes and phosphorus limitation was identified as a candidate missing link in the pre-2016 dinoflagellate knowledge graph. Historical graph connectivity includes bridge concepts such as alexandrium, dinoflagellate, paralytic shellfish poisoning. This relationship should be interpreted as a literature-derived hypothesis rather than experimental evidence of a biological mechanism.",486,0.6893007047273003,Adamic–Adar,sxt_genes phosphorus_limitation sxt_gene env_factor environment_gene_regulation alexandrium; dinoflagellate; paralytic_shellfish_poisoning dino_taxon; dino_taxon; toxin
sxtu,SXT_GENE,environmental_stress,ENV_FACTOR,environment_gene_regulation,0.2284979509175348,377,0.6886437476068141,488,0.09375,467,3,dinoflagellate; saxitoxin; paralytic_shellfish_poisoning,DINO_TAXON; TOXIN; TOXIN,dino_pre2016,unvalidated_candidate,1,environmental_stress|||sxtu,Not observed post-2015,"The relationship between sxtu and environmental stress was identified as a candidate missing link in the pre-2016 dinoflagellate knowledge graph. Historical graph connectivity includes bridge concepts such as dinoflagellate, saxitoxin, paralytic shellfish poisoning. This relationship should be interpreted as a literature-derived hypothesis rather than experimental evidence of a biological mechanism.",488,0.6886437476068141,Adamic–Adar,sxtu environmental_stress sxt_gene env_factor environment_gene_regulation dinoflagellate; saxitoxin; paralytic_shellfish_poisoning dino_taxon; toxin; toxin
sxti,SXT_GENE,bloom_dynamics,BIOLOGICAL_PROCESS,gene_process_association,0.4549272169804936,73,0.6886058197181827,489,0.2,307,3,alexandrium; paralytic_shellfish_poisoning; dinoflagellates,DINO_TAXON; TOXIN; DINO_TAXON,dino_pre2016,unvalidated_candidate,1,bloom_dynamics|||sxti,Not observed post-2015,"The relationship between sxti and bloom dynamics was identified as a candidate missing link in the pre-2016 dinoflagellate knowledge graph. Historical graph connectivity includes bridge concepts such as alexandrium, paralytic shellfish poisoning, dinoflagellates. This relationship should be interpreted as a literature-derived hypothesis rather than experimental evidence of a biological mechanism.",489,0.6886058197181827,Adamic–Adar,sxti bloom_dynamics sxt_gene biological_process gene_process_association alexandrium; paralytic_shellfish_poisoning; dinoflagellates dino_taxon; toxin; dino_taxon
sxtb,SXT_GENE,alexandrium_affine,DINO_TAXON,taxon_gene_association,0.2485878580603597,349,0.485242553207811,490,0.0952380952380952,464,2,dinoflagellate; nutrient,DINO_TAXON; ENV_FACTOR,dino_pre2016,unvalidated_candidate,1,alexandrium_affine|||sxtb,Not observed post-2015,"The relationship between sxtb and alexandrium affine was identified as a candidate missing link in the pre-2016 dinoflagellate knowledge graph. Historical graph connectivity includes bridge concepts such as dinoflagellate, nutrient. This relationship should be interpreted as a literature-derived hypothesis rather than experimental evidence of a biological mechanism.",490,0.485242553207811,Adamic–Adar,sxtb alexandrium_affine sxt_gene dino_taxon taxon_gene_association dinoflagellate; nutrient dino_taxon; env_factor
lyngbya,CYANO_TAXON,alexandrium_affine,DINO_TAXON,cross_taxa_association,0.1223083688231422,482,0.4761998154892062,491,0.08,479,2,alexandrium; hplc,DINO_TAXON; DETECTION_METHOD,dino_pre2016,unvalidated_candidate,1,alexandrium_affine|||lyngbya,Not observed post-2015,"The relationship between lyngbya and alexandrium affine was identified as a candidate missing link in the pre-2016 dinoflagellate knowledge graph. Historical graph connectivity includes bridge concepts such as alexandrium, hplc. This relationship should be interpreted as a literature-derived hypothesis rather than experimental evidence of a biological mechanism.",491,0.4761998154892062,Adamic–Adar,lyngbya alexandrium_affine cyano_taxon dino_taxon cross_taxa_association alexandrium; hplc dino_taxon; detection_method
alexandrium_leei,DINO_TAXON,scytonema,CYANO_TAXON,cross_taxa_association,0.5964190241713888,21,0.4734509732284991,492,0.2,307,2,saxitoxin; sxta,TOXIN; SXT_GENE,dino_pre2016,unvalidated_candidate,1,alexandrium_leei|||scytonema,Not observed post-2015,"The relationship between alexandrium leei and scytonema was identified as a candidate missing link in the pre-2016 dinoflagellate knowledge graph. Historical graph connectivity includes bridge concepts such as saxitoxin, sxta. This relationship should be interpreted as a literature-derived hypothesis rather than experimental evidence of a biological mechanism.",492,0.4734509732284991,Adamic–Adar,alexandrium_leei scytonema dino_taxon cyano_taxon cross_taxa_association saxitoxin; sxta toxin; sxt_gene
sxtd,SXT_GENE,gene_loss,BIOLOGICAL_PROCESS,gene_process_association,0.1016590722639408,493,0.4695680497279437,493,0.1176470588235294,411,2,saxitoxin; cyanobacteria,TOXIN; CYANO_TAXON,dino_pre2016,unvalidated_candidate,1,gene_loss|||sxtd,Not observed post-2015,"The relationship between sxtd and gene loss was identified as a candidate missing link in the pre-2016 dinoflagellate knowledge graph. Historical graph connectivity includes bridge concepts such as saxitoxin, cyanobacteria. This relationship should be interpreted as a literature-derived hypothesis rather than experimental evidence of a biological mechanism.",493,0.4695680497279437,Adamic–Adar,sxtd gene_loss sxt_gene biological_process gene_process_association saxitoxin; cyanobacteria toxin; cyano_taxon
sxtd,SXT_GENE,environmental_regulation,BIOLOGICAL_PROCESS,gene_process_association,0.0754755707204816,505,0.4620319094051453,494,0.1,447,2,saxitoxin; paralytic_shellfish_toxins,TOXIN; TOXIN,dino_pre2016,unvalidated_candidate,1,environmental_regulation|||sxtd,Not observed post-2015,"The relationship between sxtd and environmental regulation was identified as a candidate missing link in the pre-2016 dinoflagellate knowledge graph. Historical graph connectivity includes bridge concepts such as saxitoxin, paralytic shellfish toxins. This relationship should be interpreted as a literature-derived hypothesis rather than experimental evidence of a biological mechanism.",494,0.4620319094051453,Adamic–Adar,sxtd environmental_regulation sxt_gene biological_process gene_process_association saxitoxin; paralytic_shellfish_toxins toxin; toxin
sxtb,SXT_GENE,environmental_regulation,BIOLOGICAL_PROCESS,gene_process_association,0.1454215431643575,463,0.4620319094051453,494,0.0833333333333333,474,2,saxitoxin; paralytic_shellfish_toxins,TOXIN; TOXIN,dino_pre2016,unvalidated_candidate,1,environmental_regulation|||sxtb,Not observed post-2015,"The relationship between sxtb and environmental regulation was identified as a candidate missing link in the pre-2016 dinoflagellate knowledge graph. Historical graph connectivity includes bridge concepts such as saxitoxin, paralytic shellfish toxins. This relationship should be interpreted as a literature-derived hypothesis rather than experimental evidence of a biological mechanism.",494,0.4620319094051453,Adamic–Adar,sxtb environmental_regulation sxt_gene biological_process gene_process_association saxitoxin; paralytic_shellfish_toxins toxin; toxin
sxtu,SXT_GENE,environmental_regulation,BIOLOGICAL_PROCESS,gene_process_association,0.0763781184355604,504,0.4620319094051453,494,0.0714285714285714,493,2,saxitoxin; paralytic_shellfish_toxins,TOXIN; TOXIN,dino_pre2016,unvalidated_candidate,1,environmental_regulation|||sxtu,Not observed post-2015,"The relationship between sxtu and environmental regulation was identified as a candidate missing link in the pre-2016 dinoflagellate knowledge graph. Historical graph connectivity includes bridge concepts such as saxitoxin, paralytic shellfish toxins. This relationship should be interpreted as a literature-derived hypothesis rather than experimental evidence of a biological mechanism.",494,0.4620319094051453,Adamic–Adar,sxtu environmental_regulation sxt_gene biological_process gene_process_association saxitoxin; paralytic_shellfish_toxins toxin; toxin
phosphorus_limitation,ENV_FACTOR,sxtu,SXT_GENE,environment_gene_regulation,0.135609840581876,476,0.4604388361881454,497,0.074074074074074,492,2,dinoflagellate; paralytic_shellfish_poisoning,DINO_TAXON; TOXIN,dino_pre2016,unvalidated_candidate,1,phosphorus_limitation|||sxtu,Not observed post-2015,"The relationship between phosphorus limitation and sxtu was identified as a candidate missing link in the pre-2016 dinoflagellate knowledge graph. Historical graph connectivity includes bridge concepts such as dinoflagellate, paralytic shellfish poisoning. This relationship should be interpreted as a literature-derived hypothesis rather than experimental evidence of a biological mechanism.",497,0.4604388361881454,Adamic–Adar,phosphorus_limitation sxtu env_factor sxt_gene environment_gene_regulation dinoflagellate; paralytic_shellfish_poisoning dino_taxon; toxin
sxti,SXT_GENE,alexandrium_affine,DINO_TAXON,taxon_gene_association,0.2119974760236079,394,0.4597696436029236,498,0.1111111111111111,419,2,alexandrium; dinoflagellate,DINO_TAXON; DINO_TAXON,dino_pre2016,unvalidated_candidate,1,alexandrium_affine|||sxti,Not observed post-2015,"The relationship between sxti and alexandrium affine was identified as a candidate missing link in the pre-2016 dinoflagellate knowledge graph. Historical graph connectivity includes bridge concepts such as alexandrium, dinoflagellate. This relationship should be interpreted as a literature-derived hypothesis rather than experimental evidence of a biological mechanism.",498,0.4597696436029236,Adamic–Adar,sxti alexandrium_affine sxt_gene dino_taxon taxon_gene_association alexandrium; dinoflagellate dino_taxon; dino_taxon
sxtd,SXT_GENE,bloom_dynamics,BIOLOGICAL_PROCESS,gene_process_association,0.3444511449741741,204,0.4597439511790279,499,0.1333333333333333,399,2,paralytic_shellfish_poisoning; dinoflagellates,TOXIN; DINO_TAXON,dino_pre2016,unvalidated_candidate,1,bloom_dynamics|||sxtd,Not observed post-2015,"The relationship between sxtd and bloom dynamics was identified as a candidate missing link in the pre-2016 dinoflagellate knowledge graph. Historical graph connectivity includes bridge concepts such as paralytic shellfish poisoning, dinoflagellates. This relationship should be interpreted as a literature-derived hypothesis rather than experimental evidence of a biological mechanism.",499,0.4597439511790279,Adamic–Adar,sxtd bloom_dynamics sxt_gene biological_process gene_process_association paralytic_shellfish_poisoning; dinoflagellates toxin; dino_taxon
sxtu,SXT_GENE,bloom_dynamics,BIOLOGICAL_PROCESS,gene_process_association,0.3455473515143187,201,0.4597439511790279,499,0.0869565217391304,472,2,paralytic_shellfish_poisoning; dinoflagellates,TOXIN; DINO_TAXON,dino_pre2016,unvalidated_candidate,1,bloom_dynamics|||sxtu,Not observed post-2015,"The relationship between sxtu and bloom dynamics was identified as a candidate missing link in the pre-2016 dinoflagellate knowledge graph. Historical graph connectivity includes bridge concepts such as paralytic shellfish poisoning, dinoflagellates. This relationship should be interpreted as a literature-derived hypothesis rather than experimental evidence of a biological mechanism.",499,0.4597439511790279,Adamic–Adar,sxtu bloom_dynamics sxt_gene biological_process gene_process_association paralytic_shellfish_poisoning; dinoflagellates toxin; dino_taxon
secondary_metabolism,BIOLOGICAL_PROCESS,sxtd,SXT_GENE,gene_process_association,0.1613073509780794,446,0.4584178014733199,501,0.0689655172413793,494,2,saxitoxin; dinoflagellates,TOXIN; DINO_TAXON,dino_pre2016,unvalidated_candidate,1,secondary_metabolism|||sxtd,Not observed post-2015,"The relationship between secondary metabolism and sxtd was identified as a candidate missing link in the pre-2016 dinoflagellate knowledge graph. Historical graph connectivity includes bridge concepts such as saxitoxin, dinoflagellates. This relationship should be interpreted as a literature-derived hypothesis rather than experimental evidence of a biological mechanism.",501,0.4584178014733199,Adamic–Adar,secondary_metabolism sxtd biological_process sxt_gene gene_process_association saxitoxin; dinoflagellates toxin; dino_taxon
sxti,SXT_GENE,protoceratium_reticulatum,DINO_TAXON,taxon_gene_association,0.1327751886198863,477,0.4583929296635315,502,0.1111111111111111,419,2,alexandrium; paralytic_shellfish_poisoning,DINO_TAXON; TOXIN,dino_pre2016,unvalidated_candidate,1,protoceratium_reticulatum|||sxti,Not observed post-2015,"The relationship between sxti and protoceratium reticulatum was identified as a candidate missing link in the pre-2016 dinoflagellate knowledge graph. Historical graph connectivity includes bridge concepts such as alexandrium, paralytic shellfish poisoning. This relationship should be interpreted as a literature-derived hypothesis rather than experimental evidence of a biological mechanism.",502,0.4583929296635315,Adamic–Adar,sxti protoceratium_reticulatum sxt_gene dino_taxon taxon_gene_association alexandrium; paralytic_shellfish_poisoning dino_taxon; toxin
sxti,SXT_GENE,protoceratium,DINO_TAXON,taxon_gene_association,0.1126463989176639,487,0.4583929296635315,502,0.1111111111111111,419,2,alexandrium; paralytic_shellfish_poisoning,DINO_TAXON; TOXIN,dino_pre2016,unvalidated_candidate,1,protoceratium|||sxti,Not observed post-2015,"The relationship between sxti and protoceratium was identified as a candidate missing link in the pre-2016 dinoflagellate knowledge graph. Historical graph connectivity includes bridge concepts such as alexandrium, paralytic shellfish poisoning. This relationship should be interpreted as a literature-derived hypothesis rather than experimental evidence of a biological mechanism.",502,0.4583929296635315,Adamic–Adar,sxti protoceratium sxt_gene dino_taxon taxon_gene_association alexandrium; paralytic_shellfish_poisoning dino_taxon; toxin
sxtd,SXT_GENE,environmental_stress,ENV_FACTOR,environment_gene_regulation,0.1419099775162496,466,0.4577359725430453,504,0.08,479,2,saxitoxin; paralytic_shellfish_poisoning,TOXIN; TOXIN,dino_pre2016,unvalidated_candidate,1,environmental_stress|||sxtd,Not observed post-2015,"The relationship between sxtd and environmental stress was identified as a candidate missing link in the pre-2016 dinoflagellate knowledge graph. Historical graph connectivity includes bridge concepts such as saxitoxin, paralytic shellfish poisoning. This relationship should be interpreted as a literature-derived hypothesis rather than experimental evidence of a biological mechanism.",504,0.4577359725430453,Adamic–Adar,sxtd environmental_stress sxt_gene env_factor environment_gene_regulation saxitoxin; paralytic_shellfish_poisoning toxin; toxin
sxti,SXT_GENE,environmental_regulation,BIOLOGICAL_PROCESS,gene_process_association,0.1415715993810693,469,0.4570667799578235,505,0.0952380952380952,464,2,alexandrium; saxitoxin,DINO_TAXON; TOXIN,dino_pre2016,unvalidated_candidate,1,environmental_regulation|||sxti,Not observed post-2015,"The relationship between sxti and environmental regulation was identified as a candidate missing link in the pre-2016 dinoflagellate knowledge graph. Historical graph connectivity includes bridge concepts such as alexandrium, saxitoxin. This relationship should be interpreted as a literature-derived hypothesis rather than experimental evidence of a biological mechanism.",505,0.4570667799578235,Adamic–Adar,sxti environmental_regulation sxt_gene biological_process gene_process_association alexandrium; saxitoxin dino_taxon; toxin
sxtu,SXT_GENE,alexandrium_affine,DINO_TAXON,taxon_gene_association,0.0894209381692503,497,0.2309077750637687,506,0.0384615384615384,512,1,dinoflagellate,DINO_TAXON,dino_pre2016,unvalidated_candidate,1,alexandrium_affine|||sxtu,Not observed post-2015,The relationship between sxtu and alexandrium affine was identified as a candidate missing link in the pre-2016 dinoflagellate knowledge graph. Historical graph connectivity includes bridge concepts such as dinoflagellate. This relationship should be interpreted as a literature-derived hypothesis rather than experimental evidence of a biological mechanism.,506,0.2309077750637687,Adamic–Adar,sxtu alexandrium_affine sxt_gene dino_taxon taxon_gene_association dinoflagellate dino_taxon
sxtd,SXT_GENE,protoceratium,DINO_TAXON,taxon_gene_association,0.1604830856754883,447,0.2295310611243766,507,0.0555555555555555,504,1,paralytic_shellfish_poisoning,TOXIN,dino_pre2016,unvalidated_candidate,1,protoceratium|||sxtd,Not observed post-2015,The relationship between sxtd and protoceratium was identified as a candidate missing link in the pre-2016 dinoflagellate knowledge graph. Historical graph connectivity includes bridge concepts such as paralytic shellfish poisoning. This relationship should be interpreted as a literature-derived hypothesis rather than experimental evidence of a biological mechanism.,507,0.2295310611243766,Adamic–Adar,sxtd protoceratium sxt_gene dino_taxon taxon_gene_association paralytic_shellfish_poisoning toxin
sxtd,SXT_GENE,protoceratium_reticulatum,DINO_TAXON,taxon_gene_association,0.1404759125844317,470,0.2295310611243766,507,0.0555555555555555,504,1,paralytic_shellfish_poisoning,TOXIN,dino_pre2016,unvalidated_candidate,1,protoceratium_reticulatum|||sxtd,Not observed post-2015,The relationship between sxtd and protoceratium reticulatum was identified as a candidate missing link in the pre-2016 dinoflagellate knowledge graph. Historical graph connectivity includes bridge concepts such as paralytic shellfish poisoning. This relationship should be interpreted as a literature-derived hypothesis rather than experimental evidence of a biological mechanism.,507,0.2295310611243766,Adamic–Adar,sxtd protoceratium_reticulatum sxt_gene dino_taxon taxon_gene_association paralytic_shellfish_poisoning toxin
phosphorus_limitation,ENV_FACTOR,sxtd,SXT_GENE,environment_gene_regulation,0.1572433310230064,450,0.2295310611243766,507,0.05,508,1,paralytic_shellfish_poisoning,TOXIN,dino_pre2016,unvalidated_candidate,1,phosphorus_limitation|||sxtd,Not observed post-2015,The relationship between phosphorus limitation and sxtd was identified as a candidate missing link in the pre-2016 dinoflagellate knowledge graph. Historical graph connectivity includes bridge concepts such as paralytic shellfish poisoning. This relationship should be interpreted as a literature-derived hypothesis rather than experimental evidence of a biological mechanism.,507,0.2295310611243766,Adamic–Adar,phosphorus_limitation sxtd env_factor sxt_gene environment_gene_regulation paralytic_shellfish_poisoning toxin
sxtb,SXT_GENE,protoceratium,DINO_TAXON,taxon_gene_association,0.0654682777339447,508,0.2295310611243766,507,0.0454545454545454,510,1,paralytic_shellfish_poisoning,TOXIN,dino_pre2016,unvalidated_candidate,1,protoceratium|||sxtb,Not observed post-2015,The relationship between sxtb and protoceratium was identified as a candidate missing link in the pre-2016 dinoflagellate knowledge graph. Historical graph connectivity includes bridge concepts such as paralytic shellfish poisoning. This relationship should be interpreted as a literature-derived hypothesis rather than experimental evidence of a biological mechanism.,507,0.2295310611243766,Adamic–Adar,sxtb protoceratium sxt_gene dino_taxon taxon_gene_association paralytic_shellfish_poisoning toxin
sxtb,SXT_GENE,protoceratium_reticulatum,DINO_TAXON,taxon_gene_association,0.0409529038212497,512,0.2295310611243766,507,0.0454545454545454,510,1,paralytic_shellfish_poisoning,TOXIN,dino_pre2016,unvalidated_candidate,1,protoceratium_reticulatum|||sxtb,Not observed post-2015,The relationship between sxtb and protoceratium reticulatum was identified as a candidate missing link in the pre-2016 dinoflagellate knowledge graph. Historical graph connectivity includes bridge concepts such as paralytic shellfish poisoning. This relationship should be interpreted as a literature-derived hypothesis rather than experimental evidence of a biological mechanism.,507,0.2295310611243766,Adamic–Adar,sxtb protoceratium_reticulatum sxt_gene dino_taxon taxon_gene_association paralytic_shellfish_poisoning toxin
sxtu,SXT_GENE,protoceratium_reticulatum,DINO_TAXON,taxon_gene_association,0.203425858030592,404,0.2295310611243766,507,0.0384615384615384,512,1,paralytic_shellfish_poisoning,TOXIN,dino_pre2016,unvalidated_candidate,1,protoceratium_reticulatum|||sxtu,Not observed post-2015,The relationship between sxtu and protoceratium reticulatum was identified as a candidate missing link in the pre-2016 dinoflagellate knowledge graph. Historical graph connectivity includes bridge concepts such as paralytic shellfish poisoning. This relationship should be interpreted as a literature-derived hypothesis rather than experimental evidence of a biological mechanism.,507,0.2295310611243766,Adamic–Adar,sxtu protoceratium_reticulatum sxt_gene dino_taxon taxon_gene_association paralytic_shellfish_poisoning toxin
sxtu,SXT_GENE,protoceratium,DINO_TAXON,taxon_gene_association,0.1989313413748371,411,0.2295310611243766,507,0.0384615384615384,512,1,paralytic_shellfish_poisoning,TOXIN,dino_pre2016,unvalidated_candidate,1,protoceratium|||sxtu,Not observed post-2015,The relationship between sxtu and protoceratium was identified as a candidate missing link in the pre-2016 dinoflagellate knowledge graph. Historical graph connectivity includes bridge concepts such as paralytic shellfish poisoning. This relationship should be interpreted as a literature-derived hypothesis rather than experimental evidence of a biological mechanism.,507,0.2295310611243766,Adamic–Adar,sxtu protoceratium sxt_gene dino_taxon taxon_gene_association paralytic_shellfish_poisoning toxin
planktothrix,CYANO_TAXON,alexandrium_affine,DINO_TAXON,cross_taxa_association,0.1818173924128813,426,0.2288618685391548,514,0.0526315789473684,507,1,alexandrium,DINO_TAXON,dino_pre2016,unvalidated_candidate,1,alexandrium_affine|||planktothrix,Not observed post-2015,The relationship between planktothrix and alexandrium affine was identified as a candidate missing link in the pre-2016 dinoflagellate knowledge graph. Historical graph connectivity includes bridge concepts such as alexandrium. This relationship should be interpreted as a literature-derived hypothesis rather than experimental evidence of a biological mechanism.,514,0.2288618685391548,Adamic–Adar,planktothrix alexandrium_affine cyano_taxon dino_taxon cross_taxa_association alexandrium dino_taxon
